row_id,user,target,prefix_length,history_group,interest_diversity,semantic_gap,best_history_image_similarity,best_history_text_similarity,gap_quartile,gap_group,diversity_group
0,0,5458,1,1,,0.6444996297359467,0.6008504629135132,0.2941628396511078,2,Q2,Single-history
1,5,18349,10,>=6,0.7385724484920502,0.7655665278434753,0.322820246219635,0.21233677864074707,3,Q3,Medium
2,8,798,4,4-5,0.7327245473861694,0.6969982087612152,0.22388914227485657,0.32277992367744446,2,Q2,Medium
3,21,16785,1,1,,0.8588598668575287,0.10396245121955872,0.15043455362319946,4,Q4-high,Single-history
4,28,18103,5,4-5,0.7729601413011551,0.602933257818222,0.19679772853851318,0.44713398814201355,1,Q1-low,Medium
5,31,800,3,2-3,0.8499497026205063,0.7083321809768677,0.23855964839458466,0.30494487285614014,3,Q3,High
6,54,16989,6,>=6,0.7739009857177734,0.6576162278652191,0.29713714122772217,0.3536953926086426,2,Q2,Medium
7,55,10102,4,4-5,0.8046560138463974,0.7712428420782089,0.14300161600112915,0.25019603967666626,4,Q4-high,High
8,56,14613,2,2-3,0.4827902913093567,0.7767634689807892,0.23467811942100525,0.2203761339187622,4,Q4-high,Low
9,80,7551,3,2-3,0.8976720869541168,0.6778416931629181,0.28860121965408325,0.330547571182251,2,Q2,High
10,99,1431,5,4-5,0.7578007876873016,0.5232726335525513,0.3596437871456146,0.5059982538223267,1,Q1-low,Medium
11,122,18060,5,4-5,0.8587511777877808,0.7028710842132568,0.4926987886428833,0.24823643267154694,3,Q3,High
12,150,5838,2,2-3,0.8238232731819153,0.6641375124454498,0.3118438124656677,0.3418671488761902,2,Q2,High
13,164,8,3,2-3,0.8433482795953751,0.7757207155227661,0.2586714029312134,0.21568123996257782,4,Q4-high,High
14,165,8,5,4-5,0.7509518563747406,0.6990699172019958,0.25600603222846985,0.31216108798980713,3,Q3,Medium
15,167,8,5,4-5,0.8103789538145065,0.7008493840694427,0.14039383828639984,0.3388397991657257,3,Q3,High
16,168,18315,2,2-3,0.7499581575393677,0.5621066689491272,0.3795318603515625,0.4524837136268616,1,Q1-low,Medium
17,169,18131,10,>=6,0.6379521787166595,0.48877638578414917,0.45871639251708984,0.5243504047393799,1,Q1-low,Low
18,171,18315,10,>=6,0.6950688362121582,0.2797471880912781,0.23712781071662903,0.8410340547561646,1,Q1-low,Low
19,172,8,7,>=6,0.8405608385801315,0.6484386324882507,0.2635993957519531,0.3735518455505371,2,Q2,High
20,173,18347,10,>=6,0.6136608123779297,0.7988155484199524,0.38660702109336853,0.15482880175113678,4,Q4-high,Low
21,174,8,6,>=6,0.7806679457426071,0.5428109467029572,0.2742598354816437,0.5029213428497314,1,Q1-low,Medium
22,175,18277,2,2-3,0.8053649514913559,0.8205044269561768,0.27990981936454773,0.15439200401306152,4,Q4-high,High
23,176,18277,10,>=6,0.7696914225816727,0.624257892370224,0.22985655069351196,0.4122135043144226,2,Q2,Medium
24,177,8,6,>=6,0.794009655714035,0.6402938365936279,0.16536280512809753,0.4082919955253601,2,Q2,High
25,178,8,10,>=6,0.7602677047252655,0.561964362859726,0.3014024496078491,0.4721938967704773,1,Q1-low,Medium
26,184,14630,10,>=6,0.7462372183799744,0.542336642742157,0.4348266124725342,0.46337252855300903,1,Q1-low,Medium
27,188,16043,3,2-3,0.8548684269189835,0.7772498577833176,0.1573435366153717,0.23910179734230042,4,Q4-high,High
28,195,6753,10,>=6,0.728827953338623,0.3585391640663147,0.5148109793663025,0.673123300075531,1,Q1-low,Medium
29,196,17024,3,2-3,0.6614960134029388,0.5490775108337402,0.11061400175094604,0.535999596118927,1,Q1-low,Low
30,213,11,3,2-3,0.5804304778575897,0.8012452721595764,0.07031284272670746,0.23086519539356232,4,Q4-high,Low
31,217,12,2,2-3,0.8628479242324829,0.7982996106147766,0.19904294610023499,0.2023647427558899,4,Q4-high,High
32,226,17943,3,2-3,0.6346378028392792,0.8916196227073669,0.20288440585136414,0.08475437015295029,4,Q4-high,Low
33,229,7621,5,4-5,0.8046540319919586,0.6737720370292664,0.20272411406040192,0.3571039140224457,2,Q2,High
34,269,15737,4,4-5,0.7456954717636108,0.730853259563446,0.3002869486808777,0.261361688375473,3,Q3,Medium
35,277,18179,2,2-3,0.6506223380565643,0.6775668561458588,0.18926812708377838,0.35572439432144165,2,Q2,Low
36,289,1736,3,2-3,0.5454227924346924,0.8528582155704498,0.33222275972366333,0.10087154805660248,4,Q4-high,Low
37,303,14464,6,>=6,0.6886842548847198,0.5680587589740753,0.2308669239282608,0.48220980167388916,1,Q1-low,Low
38,315,7129,4,4-5,0.6583558320999146,0.6443724036216736,0.1470339596271515,0.40777599811553955,2,Q2,Low
39,321,10682,2,2-3,0.697751373052597,0.8026012927293777,0.1030757799744606,0.22097943723201752,4,Q4-high,Low
40,347,14009,3,2-3,0.7567617148160934,0.6866730451583862,0.32820266485214233,0.3096080422401428,2,Q2,Medium
41,383,12643,1,1,,0.49316948652267456,0.290093332529068,0.5610147714614868,1,Q1-low,Single-history
42,406,15569,3,2-3,0.8477531224489212,0.7379234433174133,0.23274222016334534,0.2694101333618164,3,Q3,High
43,408,13719,10,>=6,0.7847583293914795,0.47033578157424927,0.42322736978530884,0.5562734603881836,1,Q1-low,High
44,414,17566,2,2-3,0.8389395028352737,0.6725113093852997,0.29587727785110474,0.3353915214538574,2,Q2,High
45,416,18194,2,2-3,0.6649512648582458,0.8914186805486679,0.12385839223861694,0.10476204752922058,4,Q4-high,Low
46,421,17961,10,>=6,0.7728641331195831,0.7026534080505371,0.19823631644248962,0.322124183177948,3,Q3,Medium
47,450,8854,4,4-5,0.7497948408126831,0.5990691781044006,0.32158908247947693,0.4207662343978882,1,Q1-low,Medium
48,475,17335,3,2-3,0.7322015464305878,0.5384271740913391,0.5108372569084167,0.4492567181587219,1,Q1-low,Medium
49,476,18030,7,>=6,0.7931834608316422,0.6744961142539978,0.328105092048645,0.3248535692691803,2,Q2,High
50,480,10293,2,2-3,0.8592754155397415,0.725117564201355,0.20912151038646698,0.2913226783275604,3,Q3,High
51,484,13676,9,>=6,0.7613459378480911,0.486341655254364,0.48651620745658875,0.520443856716156,1,Q1-low,Medium
52,493,6200,2,2-3,0.7141265273094177,0.5756125152111053,0.5641441941261292,0.38944828510284424,1,Q1-low,Medium
53,508,4080,6,>=6,0.7758539319038391,0.6682926118373871,0.25500619411468506,0.3508826494216919,2,Q2,Medium
54,542,1429,2,2-3,0.8710069805383682,0.8121438324451447,0.23149216175079346,0.17694716155529022,4,Q4-high,High
55,555,4208,6,>=6,0.8087184876203537,0.7484290301799774,0.2080925852060318,0.26244056224823,3,Q3,High
56,571,18320,10,>=6,0.7690814733505249,0.6911671757698059,0.3015345335006714,0.3106573820114136,2,Q2,Medium
57,573,18227,3,2-3,0.7054559886455536,0.7360598146915436,0.21099039912223816,0.277177631855011,3,Q3,Medium
58,586,18320,7,>=6,0.8213106989860535,0.6349863708019257,0.23576122522354126,0.3973267078399658,2,Q2,High
59,611,7159,8,>=6,0.759455531835556,0.6621638238430023,0.19819262623786926,0.3727470636367798,2,Q2,Medium
60,617,18261,3,2-3,0.6971148550510406,0.6609076261520386,0.312340646982193,0.34578028321266174,2,Q2,Low
61,621,18274,10,>=6,0.8088760226964951,0.720103919506073,0.2697661519050598,0.2824285626411438,3,Q3,High
62,625,2943,2,2-3,0.6378576755523682,0.7679168730974197,0.1292400360107422,0.2577939033508301,3,Q3,Low
63,642,18250,5,4-5,0.8016851246356964,0.7049228250980377,0.1453787088394165,0.3325017988681793,3,Q3,High
64,658,18274,6,>=6,0.7521789222955704,0.7509844750165939,0.1615961790084839,0.2708703577518463,3,Q3,Medium
65,660,18307,3,2-3,0.7898504734039307,0.8126100599765778,0.12428547441959381,0.20316606760025024,4,Q4-high,High
66,670,2424,2,2-3,0.8894814252853394,0.8620818555355072,0.09117472171783447,0.14960400760173798,4,Q4-high,High
67,698,4462,2,2-3,0.7500171661376953,0.6269620656967163,0.381603866815567,0.37089645862579346,2,Q2,Medium
68,700,17980,2,2-3,0.6943567097187042,0.7491694390773773,0.2521865963935852,0.25049152970314026,3,Q3,Low
69,701,8366,4,4-5,0.7734011560678482,0.6442858874797821,0.36574113368988037,0.3532073497772217,2,Q2,Medium
70,704,15305,3,2-3,0.6136364936828613,0.8386840373277664,0.1424289047718048,0.16603772342205048,4,Q4-high,Low
71,719,16458,7,>=6,0.4419182538986206,0.7681164145469666,0.23411992192268372,0.23132449388504028,3,Q3,Low
72,724,18307,3,2-3,0.8181822448968887,0.7333511114120483,0.24220287799835205,0.27276039123535156,3,Q3,High
73,730,13476,2,2-3,0.7395868599414825,0.7540683746337891,0.19261102378368378,0.25926175713539124,3,Q3,Medium
74,736,11979,4,4-5,0.7689530700445175,0.7154334783554077,0.4078022241592407,0.2537575960159302,3,Q3,Medium
75,737,18306,10,>=6,0.7267910242080688,0.6302410364151001,0.33231574296951294,0.37911975383758545,2,Q2,Medium
76,738,12035,2,2-3,0.8238605260848999,0.7360179722309113,0.3527655601501465,0.2417861521244049,3,Q3,High
77,754,607,4,4-5,0.7002381384372711,0.7752676904201508,0.15663039684295654,0.24175778031349182,4,Q4-high,Medium
78,755,845,2,2-3,0.7591685652732849,0.7812048196792603,0.2280709147453308,0.21647624671459198,4,Q4-high,Medium
79,757,2045,3,2-3,0.5872965753078461,0.35307812690734863,0.851569414138794,0.5957599878311157,1,Q1-low,Low
80,767,12901,5,4-5,0.7767657935619354,0.7341339588165283,0.2466391623020172,0.2706727683544159,3,Q3,Medium
81,816,17881,6,>=6,0.6804050207138062,0.47485673427581787,0.3169812560081482,0.5771837830543518,1,Q1-low,Low
82,836,13323,2,2-3,0.7427987456321716,0.7162854075431824,0.4382385313510895,0.24508358538150787,3,Q3,Medium
83,852,1869,10,>=6,0.7790660411119461,0.10684013366699219,0.809424638748169,0.9140936136245728,1,Q1-low,Medium
84,855,7522,6,>=6,0.5976482927799225,0.581919938325882,0.25947752594947815,0.4577307105064392,1,Q1-low,Low
85,869,18285,4,4-5,0.7530909031629562,0.7365030944347382,0.22886531054973602,0.2721548080444336,3,Q3,Medium
86,873,514,6,>=6,0.7716641277074814,0.33592939376831055,0.4085179567337036,0.7279587388038635,1,Q1-low,Medium
87,874,7572,2,2-3,0.7352783679962158,0.699420839548111,0.14649561047554016,0.33910006284713745,3,Q3,Medium
88,916,1451,2,2-3,0.5331096351146698,0.8260822296142578,0.15932026505470276,0.17756712436676025,4,Q4-high,Low
89,945,17943,5,4-5,0.7213080525398254,0.6309328079223633,0.28607696294784546,0.38981473445892334,2,Q2,Medium
90,954,47,2,2-3,0.5473031103610992,0.7452782094478607,0.24612221121788025,0.25687167048454285,3,Q3,Low
91,958,5969,2,2-3,0.7238340973854065,0.635247528553009,0.34748589992523193,0.36906909942626953,2,Q2,Medium
92,1001,13086,1,1,,0.8358113169670105,0.17418338358402252,0.16168999671936035,4,Q4-high,Single-history
93,1008,50,2,2-3,0.8897692933678627,0.7461776733398438,0.0871477872133255,0.29549098014831543,3,Q3,High
94,1021,51,3,2-3,0.7351740598678589,0.8113540410995483,0.19467094540596008,0.18713971972465515,4,Q4-high,Medium
95,1029,18356,9,>=6,0.7989856600761414,0.7428864240646362,0.10028771311044693,0.2963200509548187,3,Q3,High
96,1040,16920,2,2-3,0.8990394175052643,0.7204316258430481,0.20822180807590485,0.2974050045013428,3,Q3,High
97,1088,58,2,2-3,0.6609082818031311,0.5753448009490967,0.4936676323413849,0.4074020981788635,1,Q1-low,Low
98,1107,11876,3,2-3,0.4450864791870117,0.7782490253448486,0.1705051064491272,0.2345624417066574,4,Q4-high,Low
99,1111,18290,4,4-5,0.7812490910291672,0.7427086234092712,0.196976900100708,0.27236998081207275,3,Q3,Medium
100,1112,18330,2,2-3,0.5299259722232819,0.4631045460700989,0.31819653511047363,0.5915701985359192,1,Q1-low,Low
101,1140,1270,2,2-3,0.8835947513580322,0.7743983119726181,0.16320928931236267,0.241199791431427,4,Q4-high,High
102,1147,9419,2,2-3,0.612805187702179,0.8032621741294861,0.11715211719274521,0.21663424372673035,4,Q4-high,Low
103,1150,18287,10,>=6,0.8596628904342651,0.6397009789943695,0.25263267755508423,0.38721561431884766,2,Q2,High
104,1152,18091,2,2-3,0.7426744401454926,0.8160055875778198,0.24017226696014404,0.16994993388652802,4,Q4-high,Medium
105,1154,9402,4,4-5,0.7837542295455933,0.7373916804790497,0.14247597754001617,0.29264140129089355,3,Q3,Medium
106,1158,17943,3,2-3,0.7525025606155396,0.8296249061822891,0.21631088852882385,0.15889114141464233,4,Q4-high,Medium
107,1159,18347,4,4-5,0.8805217072367668,0.8067768216133118,0.16983237862586975,0.19907087087631226,4,Q4-high,High
108,1178,1784,2,2-3,0.8665745854377747,0.7202179431915283,0.1508198082447052,0.3120226263999939,3,Q3,High
109,1188,17714,2,2-3,0.7623851895332336,0.6966144144535065,0.3332158625125885,0.2959280014038086,2,Q2,Medium
110,1194,17090,2,2-3,0.7483423948287964,0.6586763858795166,0.13603529334068298,0.3926457166671753,2,Q2,Medium
111,1197,18309,8,>=6,0.8106240928173065,0.6280817687511444,0.2616974115371704,0.3994734287261963,2,Q2,High
112,1207,16414,3,2-3,0.8872738257050514,0.7750878036022186,0.2217988222837448,0.22569052875041962,4,Q4-high,High
113,1211,64,4,4-5,0.4831673502922058,0.8657868653535843,0.3376612961292267,0.08335109055042267,4,Q4-high,Low
114,1238,17086,3,2-3,0.5954189598560333,0.7253598868846893,0.2797865867614746,0.2733534872531891,3,Q3,Low
115,1242,11385,3,2-3,0.8024231791496277,0.6946702897548676,0.10833767056465149,0.3545777201652527,2,Q2,High
116,1255,5718,2,2-3,0.5775219202041626,0.8127861618995667,0.3275507986545563,0.15212959051132202,4,Q4-high,Low
117,1273,7199,2,2-3,0.4656239151954651,0.6300793886184692,0.25883209705352783,0.3976927399635315,2,Q2,Low
118,1293,18261,4,4-5,0.9099205359816551,0.7537213116884232,0.2582250237464905,0.24329209327697754,3,Q3,High
119,1298,18272,3,2-3,0.8464072793722153,0.7898336350917816,0.36275219917297363,0.17201991379261017,4,Q4-high,High
120,1300,17494,4,4-5,0.7632122486829758,0.6419539451599121,0.319185733795166,0.36776113510131836,2,Q2,Medium
121,1304,18280,3,2-3,0.8129922151565552,0.664494514465332,0.12805411219596863,0.3873682916164398,2,Q2,High
122,1308,7145,2,2-3,0.6667746305465698,0.7415258288383484,0.3206804692745209,0.2429225742816925,3,Q3,Low
123,1315,18347,4,4-5,0.7452913224697113,0.7713557928800583,0.2457396388053894,0.2243703454732895,4,Q4-high,Medium
124,1331,18290,3,2-3,0.7310853898525238,0.7527978122234344,0.2636374831199646,0.243093341588974,3,Q3,Medium
125,1357,18307,5,4-5,0.7952587604522705,0.7666616141796112,0.35944318771362305,0.20181217789649963,3,Q3,High
126,1361,18207,2,2-3,0.829857125878334,0.8362758606672287,0.05377567559480667,0.1912112534046173,4,Q4-high,High
127,1366,10154,5,4-5,0.7847623527050018,0.6995120048522949,0.24306616187095642,0.31484344601631165,3,Q3,High
128,1378,2470,4,4-5,0.7259852886199951,0.7754023969173431,0.4107603132724762,0.17805691063404083,4,Q4-high,Medium
129,1389,7643,4,4-5,0.7256788611412048,0.7844311594963074,0.20736375451087952,0.2176201045513153,4,Q4-high,Medium
130,1394,17077,3,2-3,0.724040150642395,0.7584149092435837,0.2627229690551758,0.23630061745643616,3,Q3,Medium
131,1404,18346,2,2-3,0.7478736042976379,0.7364553511142731,0.2020949423313141,0.27890706062316895,3,Q3,Medium
132,1407,18271,5,4-5,0.8334455639123917,0.6843526661396027,0.21067145466804504,0.3418913185596466,2,Q2,High
133,1414,18304,3,2-3,0.6153005063533783,0.4521719217300415,0.31398090720176697,0.6062898635864258,1,Q1-low,Low
134,1421,17409,3,2-3,0.8282313793897629,0.8133056610822678,0.11466886103153229,0.20470070838928223,4,Q4-high,High
135,1430,10084,2,2-3,0.6906710565090179,0.8272697925567627,0.18249738216400146,0.17028841376304626,4,Q4-high,Low
136,1440,18346,1,1,,0.7997696101665497,0.19507083296775818,0.20152027904987335,4,Q4-high,Single-history
137,1463,1710,9,>=6,0.7936733067035675,0.6595690250396729,0.16978101432323456,0.3830934762954712,2,Q2,High
138,1482,11166,5,4-5,0.7063009142875671,0.6177032291889191,0.17736677825450897,0.433529257774353,2,Q2,Medium
139,1502,17137,3,2-3,0.5135277509689331,0.7774026989936829,0.23482173681259155,0.21954119205474854,4,Q4-high,Low
140,1513,254,4,4-5,0.5539715588092804,0.7157507538795471,0.28683334589004517,0.2836032211780548,3,Q3,Low
141,1514,16042,2,2-3,0.8386833965778351,0.7564397603273392,0.13207454979419708,0.27143165469169617,3,Q3,High
142,1527,4755,2,2-3,0.7762600183486938,0.722413957118988,0.10070163756608963,0.3218071460723877,3,Q3,Medium
143,1530,18287,6,>=6,0.8078965842723846,0.5986892879009247,0.4553348124027252,0.38780468702316284,1,Q1-low,High
144,1542,6290,3,2-3,0.6147499978542328,0.6974694430828094,0.3417077362537384,0.2927362620830536,2,Q2,Low
145,1543,6900,4,4-5,0.8277434557676315,0.5187823474407196,0.29206547141075134,0.5285056829452515,1,Q1-low,High
146,1555,6355,7,>=6,0.6518384218215942,0.5984888076782227,0.481564462184906,0.3814978301525116,1,Q1-low,Low
147,1573,17566,4,4-5,0.8261880278587341,0.6528318822383881,0.28073829412460327,0.3637755513191223,2,Q2,High
148,1579,18030,4,4-5,0.43910783529281616,0.7720142900943756,0.20505715906620026,0.23371782898902893,4,Q4-high,Low
149,1619,4638,3,2-3,0.82514388859272,0.7651759684085846,0.21229711174964905,0.2404557466506958,3,Q3,High
150,1625,16793,10,>=6,0.7628725469112396,0.7178326547145844,0.28030359745025635,0.2826332747936249,3,Q3,Medium
151,1646,2727,2,2-3,0.7543569207191467,0.6111624240875244,0.49202194809913635,0.363041490316391,2,Q2,Medium
152,1657,8794,4,4-5,0.7251367270946503,0.548992395401001,0.35680586099624634,0.474558025598526,1,Q1-low,Medium
153,1658,17962,3,2-3,0.6711163818836212,0.6212940514087677,0.2309834063053131,0.4156365990638733,2,Q2,Low
154,1673,15257,10,>=6,0.4645668864250183,0.4238256812095642,0.475138783454895,0.6014331579208374,1,Q1-low,Low
155,1697,18237,10,>=6,0.703274130821228,0.7423278987407684,0.14342042803764343,0.2862350046634674,3,Q3,Medium
156,1706,3086,5,4-5,0.72990682721138,0.6707052290439606,0.2993289530277252,0.3367862105369568,2,Q2,Medium
157,1709,3743,2,2-3,0.8294671326875687,0.8316988945007324,0.1962115466594696,0.16132348775863647,4,Q4-high,High
158,1776,101,3,2-3,0.4256226420402527,0.6243900060653687,0.3606390953063965,0.37935271859169006,2,Q2,Low
159,1790,18272,10,>=6,0.7918821722269058,0.6077596843242645,0.23320844769477844,0.43199828267097473,1,Q1-low,High
160,1791,101,5,4-5,0.6468981206417084,0.5587553679943085,0.22187849879264832,0.4960861802101135,1,Q1-low,Low
161,1811,12401,1,1,,0.4668976664543152,0.548585832118988,0.5292314291000366,1,Q1-low,Single-history
162,1825,6669,6,>=6,0.7961161583662033,0.6926963329315186,0.3038884103298187,0.30815747380256653,2,Q2,High
163,1836,9935,2,2-3,0.8744184970855713,0.9130439758300781,0.0790461078286171,0.08893349766731262,4,Q4-high,High
164,1858,12327,2,2-3,0.6602259874343872,0.7368939220905304,0.10281524062156677,0.3031787872314453,3,Q3,Low
165,1864,108,2,2-3,0.6187052428722382,0.8270871937274933,0.19173288345336914,0.1682077944278717,4,Q4-high,Low
166,1882,12872,7,>=6,0.4923878312110901,0.5360240936279297,0.46252575516700745,0.46433842182159424,1,Q1-low,Low
167,1885,6041,3,2-3,0.5868574380874634,0.7358736395835876,0.15719756484031677,0.29085856676101685,3,Q3,Low
168,1887,11230,3,2-3,0.7167268991470337,0.7873747646808624,0.23403191566467285,0.20727355778217316,4,Q4-high,Medium
169,1898,18288,6,>=6,0.6702903807163239,0.5652393698692322,0.6284688711166382,0.38633352518081665,1,Q1-low,Low
170,1900,604,4,4-5,0.763991579413414,0.5776027143001556,0.37849873304367065,0.433371901512146,1,Q1-low,Medium
171,1939,11149,3,2-3,0.8503768593072891,0.7855629920959473,0.15147128701210022,0.23017844557762146,4,Q4-high,High
172,1947,17844,1,1,,0.6254647970199585,0.5053207874298096,0.3418387770652771,2,Q2,Single-history
173,1960,9931,3,2-3,0.6742076575756073,0.7733292281627655,0.23322950303554535,0.22503109276294708,4,Q4-high,Low
174,1965,115,3,2-3,0.5583539307117462,0.45513999462127686,0.6698904037475586,0.5136023759841919,1,Q1-low,Low
175,1978,5515,5,4-5,0.6809892058372498,0.6285122036933899,0.4679780602455139,0.34736520051956177,2,Q2,Low
176,2003,11676,10,>=6,0.7569751739501953,0.34125274419784546,0.4252452552318573,0.7171227335929871,1,Q1-low,Medium
177,2021,121,3,2-3,0.6338082551956177,0.559302806854248,0.34127339720726013,0.4655531346797943,1,Q1-low,Low
178,2026,4236,3,2-3,0.6787427961826324,0.7212879657745361,0.21709507703781128,0.2941162884235382,3,Q3,Low
179,2040,18237,6,>=6,0.823942556977272,0.7103115618228912,0.13558858633041382,0.3282133936882019,3,Q3,High
180,2046,2321,3,2-3,0.8182516843080521,0.7927330732345581,0.19353407621383667,0.2107001394033432,4,Q4-high,High
181,2047,10985,4,4-5,0.8431276082992554,0.6329196095466614,0.22993817925453186,0.4013659358024597,2,Q2,High
182,2089,15543,2,2-3,0.6730200350284576,0.8687300980091095,0.24191051721572876,0.10360975563526154,4,Q4-high,Low
183,2090,7838,4,4-5,0.7551360726356506,0.7618444561958313,0.19152478873729706,0.2498132288455963,3,Q3,Medium
184,2112,7115,6,>=6,0.7338863611221313,0.6246472895145416,0.13342395424842834,0.4358348846435547,2,Q2,Medium
185,2136,4673,2,2-3,0.6684946417808533,0.3117949962615967,0.8059990406036377,0.6587564945220947,1,Q1-low,Low
186,2156,14449,2,2-3,0.7376803159713745,0.6260606944561005,0.29272058606147766,0.3942439556121826,2,Q2,Medium
187,2158,13983,3,2-3,0.8604221791028976,0.8383011221885681,0.3389110565185547,0.11739583313465118,4,Q4-high,High
188,2169,186,4,4-5,0.6534015834331512,0.719768762588501,0.2922481894493103,0.2772270143032074,3,Q3,Low
189,2202,804,3,2-3,0.7949568629264832,0.5951791703701019,0.08797359466552734,0.48403263092041016,1,Q1-low,High
190,2203,11599,2,2-3,0.8335257470607758,0.40271997451782227,0.14327743649482727,0.710780680179596,1,Q1-low,High
191,2226,18035,4,4-5,0.7182160913944244,0.6937374174594879,0.15249496698379517,0.3447045087814331,2,Q2,Medium
192,2245,18298,4,4-5,0.763607382774353,0.7218242585659027,0.28588053584098816,0.2762495279312134,3,Q3,Medium
193,2249,18131,1,1,,0.7932698279619217,0.1712837517261505,0.21559177339076996,4,Q4-high,Single-history
194,2269,139,5,4-5,0.7839293926954269,0.6708426475524902,0.20800893008708954,0.3594444692134857,2,Q2,Medium
195,2285,9624,1,1,,0.8043247163295746,0.09487882256507874,0.22087439894676208,4,Q4-high,Single-history
196,2298,10507,5,4-5,0.7409500777721405,0.5703498423099518,0.1270705759525299,0.5052950382232666,1,Q1-low,Medium
197,2302,2884,4,4-5,0.8152918070554733,0.6924363970756531,0.24763143062591553,0.32254666090011597,2,Q2,High
198,2307,18292,2,2-3,0.7384603917598724,0.5437009632587433,0.34590333700180054,0.48389795422554016,1,Q1-low,Medium
199,2334,1787,9,>=6,0.7253507077693939,0.35499560832977295,0.7045879364013672,0.6301084756851196,1,Q1-low,Medium
200,2346,147,2,2-3,0.7264163792133331,0.05590176582336426,0.820800244808197,0.9749226570129395,1,Q1-low,Medium
201,2347,147,9,>=6,0.7349599599838257,0.7624324560165405,0.14779973030090332,0.2600094974040985,3,Q3,Medium
202,2355,13716,2,2-3,0.2675735354423523,0.6402952671051025,0.16651445627212524,0.4080022871494293,2,Q2,Low
203,2372,379,3,2-3,0.7255091369152069,0.5789405405521393,0.287053644657135,0.45456090569496155,1,Q1-low,Medium
204,2376,5714,5,4-5,0.7394611239433289,0.6079987287521362,0.18861085176467896,0.4428488612174988,1,Q1-low,Medium
205,2391,10506,4,4-5,0.5612688958644867,0.4732601046562195,0.36379092931747437,0.5674771666526794,1,Q1-low,Low
206,2403,16646,2,2-3,0.7449370622634888,0.6666432619094849,0.3913249373435974,0.31886470317840576,2,Q2,Medium
207,2404,18272,5,4-5,0.8008861839771271,0.4696866273880005,0.22801177203655243,0.6058887839317322,1,Q1-low,High
208,2412,3114,6,>=6,0.8211166113615036,0.694136768579483,0.2067645937204361,0.3306378722190857,2,Q2,High
209,2422,6013,2,2-3,0.6340144574642181,0.5500011444091797,0.2862909436225891,0.4909258186817169,1,Q1-low,Low
210,2428,17715,3,2-3,0.6996095478534698,0.8503827005624771,0.17632916569709778,0.14293932914733887,4,Q4-high,Medium
211,2444,8791,3,2-3,0.8281488865613937,0.7682495415210724,0.3333192467689514,0.20635823905467987,3,Q3,High
212,2456,16478,9,>=6,0.7398473024368286,0.4807875156402588,0.542238175868988,0.5134560465812683,1,Q1-low,Medium
213,2465,11627,10,>=6,0.6985686719417572,0.42783939838409424,0.503639280796051,0.5892909169197083,1,Q1-low,Low
214,2470,18088,5,4-5,0.7858504801988602,0.7972531318664551,0.4226764142513275,0.14776447415351868,4,Q4-high,High
215,2497,7588,3,2-3,0.7015442252159119,0.6599594950675964,0.1554119884967804,0.38619762659072876,2,Q2,Medium
216,2505,16178,7,>=6,0.769022062420845,0.7477797269821167,0.09897318482398987,0.29053205251693726,3,Q3,Medium
217,2508,1412,1,1,,0.7524643838405609,0.29529592394828796,0.23559552431106567,3,Q3,Single-history
218,2511,7518,2,2-3,0.8295475989580154,0.6685291826725006,0.1971023976802826,0.3650628924369812,2,Q2,High
219,2546,12944,6,>=6,0.7410940229892731,0.7737361043691635,0.11396214365959167,0.254339337348938,4,Q4-high,Medium
220,2549,17179,3,2-3,0.6470429003238678,0.6793573200702667,0.13800448179244995,0.3663022518157959,2,Q2,Low
221,2555,1255,4,4-5,0.6663224399089813,0.7459303140640259,0.20939189195632935,0.2652391195297241,3,Q3,Low
222,2576,15523,4,4-5,0.7387970983982086,0.7659510523080826,0.48101335763931274,0.1723078340291977,3,Q3,Medium
223,2608,18280,5,4-5,0.7802731990814209,0.6561977863311768,0.12361657619476318,0.39884859323501587,2,Q2,Medium
224,2615,719,2,2-3,0.8130221366882324,0.572936087846756,0.2508460581302643,0.47111839056015015,1,Q1-low,High
225,2622,13211,2,2-3,0.617940217256546,0.5726534426212311,0.2163267433643341,0.4801015257835388,1,Q1-low,Low
226,2641,5073,5,4-5,0.7831401824951172,0.6892351806163788,0.3514938950538635,0.30058252811431885,2,Q2,Medium
227,2643,9111,1,1,,0.8056226521730423,0.16580194234848022,0.20152118802070618,4,Q4-high,Single-history
228,2663,2701,2,2-3,0.9321098476648331,0.831306055188179,0.0864887461066246,0.18924523890018463,4,Q4-high,High
229,2664,17862,10,>=6,0.6371883749961853,0.6654539704322815,0.26756900548934937,0.3512902855873108,2,Q2,Low
230,2667,18131,9,>=6,0.79790960252285,0.7910844087600708,0.13224640488624573,0.22808289527893066,4,Q4-high,High
231,2677,183,5,4-5,0.6127082407474518,0.6875123083591461,0.15135139226913452,0.3527717590332031,2,Q2,Low
232,2708,2440,2,2-3,0.855858325958252,0.7269880473613739,0.24298834800720215,0.2805178463459015,3,Q3,High
233,2714,2889,2,2-3,0.7610092461109161,0.7462360858917236,0.17106205224990845,0.27443939447402954,3,Q3,Medium
234,2720,9107,2,2-3,0.9451636001467705,0.8316842615604401,0.16232463717460632,0.16981351375579834,4,Q4-high,High
235,2730,14579,4,4-5,0.790423110127449,0.6244937181472778,0.34975746273994446,0.3819434642791748,2,Q2,High
236,2775,4638,4,4-5,0.8868359327316284,0.6836991608142853,0.36962011456489563,0.3029710054397583,2,Q2,High
237,2777,17856,10,>=6,0.761499747633934,0.6770610809326172,0.1635233759880066,0.3627927899360657,2,Q2,Medium
238,2784,16266,2,2-3,0.8050717413425446,0.7283482551574707,0.2689208388328552,0.2723344564437866,3,Q3,High
239,2821,12212,2,2-3,0.729098379611969,0.592301607131958,0.19299860298633575,0.46137332916259766,1,Q1-low,Medium
240,2833,18337,5,4-5,0.7788211852312088,0.6712529063224792,0.12272071838378906,0.3802536725997925,2,Q2,Medium
241,2845,18134,2,2-3,0.9950556606054306,0.7924456894397736,0.29905885457992554,0.18467816710472107,4,Q4-high,High
242,2858,2179,3,2-3,0.7014320194721222,0.8176836371421814,0.14291158318519592,0.19216755032539368,4,Q4-high,Medium
243,2859,2770,4,4-5,0.7887928932905197,0.7614889442920685,0.4353311061859131,0.18930602073669434,3,Q3,High
244,2870,5260,2,2-3,0.86884605884552,0.8259059190750122,0.18486422300338745,0.17140153050422668,4,Q4-high,High
245,2885,8431,4,4-5,0.5809780657291412,0.7700105309486389,0.1416408270597458,0.2520766258239746,4,Q4-high,Low
246,2889,4313,2,2-3,0.6518525779247284,0.5631767213344574,0.28073927760124207,0.47584429383277893,1,Q1-low,Low
247,2898,5355,2,2-3,0.7388083338737488,0.7269303798675537,0.22525671124458313,0.2850228548049927,3,Q3,Medium
248,2903,951,6,>=6,0.7980082035064697,0.6361019015312195,0.13700556755065918,0.42062121629714966,2,Q2,High
249,2930,548,2,2-3,0.6678118705749512,0.5983681976795197,0.16142138838768005,0.46168437600135803,1,Q1-low,Low
250,2949,2424,2,2-3,0.8803420662879944,0.7895964235067368,0.1162537932395935,0.23394101858139038,4,Q4-high,High
251,2961,203,8,>=6,0.7566080093383789,0.5602714419364929,0.1621437668800354,0.509124755859375,1,Q1-low,Medium
252,2972,205,5,4-5,0.7754295319318771,0.7040019333362579,0.17981985211372375,0.32504260540008545,3,Q3,Medium
253,2975,16243,5,4-5,0.620846688747406,0.6840478479862213,0.34231945872306824,0.3093603253364563,2,Q2,Low
254,2981,18159,2,2-3,0.8968830481171608,0.7991318851709366,0.11181887984275818,0.22313040494918823,4,Q4-high,High
255,2984,6979,3,2-3,0.6702361106872559,0.5183724761009216,0.1724187433719635,0.5589296817779541,1,Q1-low,Low
256,2997,4527,10,>=6,0.7544987946748734,0.6114395558834076,0.294389009475708,0.4121032953262329,2,Q2,Medium
257,3004,17961,4,4-5,0.8225976228713989,0.760045975446701,0.3310512900352478,0.21717968583106995,3,Q3,High
258,3030,5593,10,>=6,0.7570363581180573,0.6650172472000122,0.5224519968032837,0.28811541199684143,2,Q2,Medium
259,3037,10168,3,2-3,0.7030628621578217,0.5036859214305878,0.47654691338539124,0.5012558698654175,1,Q1-low,Medium
260,3046,18200,6,>=6,0.8280398696660995,0.6635778844356537,0.3393864035606384,0.3356810212135315,2,Q2,High
261,3077,18334,10,>=6,0.683174341917038,0.7158489525318146,0.29439273476600647,0.28159061074256897,3,Q3,Low
262,3106,4930,6,>=6,0.7914101183414459,0.35154181718826294,0.6203523278236389,0.6554846167564392,1,Q1-low,High
263,3113,14081,2,2-3,0.8859378844499588,0.754561573266983,0.4352929890155792,0.1979747712612152,3,Q3,High
264,3128,8849,9,>=6,0.6409733593463898,0.2696170210838318,0.5316522121429443,0.780065655708313,1,Q1-low,Low
265,3145,16958,2,2-3,0.8740426301956177,0.487651526927948,0.4476870894432068,0.5285137891769409,1,Q1-low,High
266,3158,233,2,2-3,0.66254523396492,0.6393200159072876,0.07772425562143326,0.43141889572143555,2,Q2,Low
267,3195,6097,5,4-5,0.829668864607811,0.6369403898715973,0.3558031916618347,0.3648737072944641,2,Q2,High
268,3198,17779,2,2-3,0.7554747462272644,0.6882613003253937,0.1435709297657013,0.3537806272506714,2,Q2,Medium
269,3207,17605,2,2-3,0.7886929959058762,0.8110275566577911,0.15435363352298737,0.19762715697288513,4,Q4-high,High
270,3250,11854,8,>=6,0.7226673662662506,0.6186604201793671,0.18405026197433472,0.4306619167327881,2,Q2,Medium
271,3262,15370,2,2-3,0.5162870585918427,0.49815696477890015,0.37734255194664,0.5329681634902954,1,Q1-low,Low
272,3288,16014,2,2-3,0.6575386226177216,0.6735134422779083,0.21376031637191772,0.35466811060905457,2,Q2,Low
273,3301,15745,2,2-3,0.5174678862094879,0.7269804179668427,0.13978402316570282,0.3063284754753113,3,Q3,Low
274,3321,17098,1,1,,0.8097744584083557,0.18861247599124908,0.1906287968158722,4,Q4-high,Single-history
275,3329,14823,10,>=6,0.6791579127311707,0.7302108108997345,0.2327013611793518,0.27906113862991333,3,Q3,Low
276,3330,13721,3,2-3,0.7814393639564514,0.6155787110328674,0.23574772477149963,0.4215896725654602,2,Q2,Medium
277,3331,12873,9,>=6,0.6742088794708252,0.5392088890075684,0.3863755464553833,0.47939497232437134,1,Q1-low,Low
278,3334,17699,3,2-3,0.5624076128005981,0.7140683829784393,0.2746681571006775,0.28874748945236206,3,Q3,Low
279,3343,11332,2,2-3,0.6921378672122955,0.6453817486763,0.267323762178421,0.3764418959617615,2,Q2,Low
280,3363,13605,5,4-5,0.8391813486814499,0.802533820271492,0.20363417267799377,0.19592416286468506,4,Q4-high,High
281,3364,18083,3,2-3,0.6171442270278931,0.7198508381843567,0.4879353642463684,0.22820259630680084,3,Q3,Low
282,3366,11572,4,4-5,0.7467625737190247,0.4357656240463257,0.26992952823638916,0.6378105878829956,1,Q1-low,Medium
283,3374,10073,1,1,,0.7105258703231812,0.1439891755580902,0.3258453607559204,3,Q3,Single-history
284,3381,14970,3,2-3,0.8256874084472656,0.5787636935710907,0.38866502046585083,0.42937910556793213,1,Q1-low,High
285,3389,7037,10,>=6,0.6549176871776581,0.49223172664642334,0.25188177824020386,0.5717398524284363,1,Q1-low,Low
286,3391,17951,2,2-3,0.5925187170505524,0.651608020067215,0.38315966725349426,0.33970004320144653,2,Q2,Low
287,3392,5053,6,>=6,0.7436445355415344,0.49583905935287476,0.33768630027770996,0.5457795858383179,1,Q1-low,Medium
288,3393,6337,2,2-3,0.7141574025154114,0.5870316624641418,0.38027212023735046,0.4211423695087433,1,Q1-low,Medium
289,3402,2120,2,2-3,0.668892115354538,0.6594243347644806,0.2720468044281006,0.3577078878879547,2,Q2,Low
290,3406,14864,2,2-3,0.7813385874032974,0.7760709673166275,0.27218884229660034,0.21186406910419464,4,Q4-high,Medium
291,3448,17787,10,>=6,0.6676993072032928,0.5579499006271362,0.3218500018119812,0.4721001088619232,1,Q1-low,Low
292,3453,8500,9,>=6,0.7616957277059555,0.682312399148941,0.191195547580719,0.34931057691574097,2,Q2,Medium
293,3463,15457,3,2-3,0.8051776140928268,0.6976695656776428,0.40487587451934814,0.27669405937194824,2,Q2,High
294,3477,17443,2,2-3,0.4031786322593689,0.753069743514061,0.21902376413345337,0.25390687584877014,3,Q3,Low
295,3484,5294,2,2-3,0.2938656806945801,0.898375928401947,0.3475382924079895,0.04014550894498825,4,Q4-high,Low
296,3492,4801,2,2-3,0.6134816706180573,0.6792269647121429,0.22867411375045776,0.3437977731227875,2,Q2,Low
297,3552,4211,10,>=6,0.7431974112987518,0.5504929423332214,0.4073540270328522,0.46004530787467957,1,Q1-low,Medium
298,3553,4223,2,2-3,0.5372970700263977,0.8148389756679535,0.16345016658306122,0.19058872759342194,4,Q4-high,Low
299,3556,8726,2,2-3,0.7690479159355164,0.6149361431598663,0.2709582448005676,0.4135902523994446,2,Q2,Medium
300,3576,5100,4,4-5,0.5587011873722076,0.5089037418365479,0.2413685917854309,0.5535281896591187,1,Q1-low,Low
301,3580,18274,10,>=6,0.7934100478887558,0.6519341468811035,0.520156741142273,0.30504313111305237,2,Q2,High
302,3589,15493,5,4-5,0.7571590393781662,0.5120655000209808,0.21058203279972076,0.5572726130485535,1,Q1-low,Medium
303,3616,17951,10,>=6,0.7087529003620148,0.5757293105125427,0.15197600424289703,0.49234434962272644,1,Q1-low,Medium
304,3652,9918,2,2-3,0.7312429845333099,0.5841053128242493,0.1841244399547577,0.4738372564315796,1,Q1-low,Medium
305,3653,18200,2,2-3,0.6567457020282745,0.7257199585437775,0.35516148805618286,0.25405967235565186,3,Q3,Low
306,3656,5170,2,2-3,0.8471827507019043,0.6342793703079224,0.23848409950733185,0.3975297510623932,2,Q2,High
307,3697,18014,5,4-5,0.7395984530448914,0.6544807255268097,0.20026469230651855,0.38183289766311646,2,Q2,Medium
308,3703,16193,2,2-3,0.654037356376648,0.8740726709365845,0.0710192397236824,0.13965435326099396,4,Q4-high,Low
309,3771,260,2,2-3,0.562107503414154,0.500545084476471,0.14012257754802704,0.5892879962921143,1,Q1-low,Low
310,3774,17477,4,4-5,0.6652337610721588,0.7349638640880585,0.22362485527992249,0.2753889560699463,3,Q3,Low
311,3783,7607,2,2-3,0.8439178019762039,0.7159497439861298,0.3394339084625244,0.2702043354511261,3,Q3,High
312,3785,8120,3,2-3,0.6175623834133148,0.5810633897781372,0.3264691233634949,0.44205349683761597,1,Q1-low,Low
313,3819,16369,4,4-5,0.7114277184009552,0.4989262819290161,0.5198272466659546,0.4963853061199188,1,Q1-low,Medium
314,3823,17814,3,2-3,0.690534234046936,0.4748927354812622,0.340760737657547,0.5711938738822937,1,Q1-low,Low
315,3828,3042,2,2-3,0.7162014842033386,0.7654001116752625,0.09038617461919785,0.27065330743789673,3,Q3,Medium
316,3860,14357,3,2-3,0.6990626752376556,0.29345232248306274,0.5982913970947266,0.7336117029190063,1,Q1-low,Medium
317,3862,7747,2,2-3,0.882049635052681,0.701298862695694,0.19064342975616455,0.325715571641922,3,Q3,High
318,3863,5444,3,2-3,0.6331126987934113,0.5393742918968201,0.4812331199645996,0.4554738402366638,1,Q1-low,Low
319,3895,2587,6,>=6,0.7245192229747772,0.7037222683429718,0.15463116765022278,0.33168935775756836,3,Q3,Medium
320,3936,5680,5,4-5,0.7599575519561768,0.6630629301071167,0.16473330557346344,0.37998801469802856,2,Q2,Medium
321,3940,2453,2,2-3,0.6619413197040558,0.6083382666110992,0.2642136216163635,0.42352375388145447,1,Q1-low,Low
322,3954,9516,2,2-3,0.5911613702774048,0.5431716740131378,0.5285829305648804,0.43888968229293823,1,Q1-low,Low
323,3988,11969,3,2-3,0.8339421600103378,0.6186950504779816,0.3588576316833496,0.38691675662994385,2,Q2,High
324,4001,9516,2,2-3,0.5823716521263123,0.5882475972175598,0.536384105682373,0.3805944621562958,1,Q1-low,Low
325,4004,15311,3,2-3,0.6235710680484772,0.6482901275157928,0.3215285539627075,0.35925519466400146,2,Q2,Low
326,4024,1880,2,2-3,0.7635862827301025,0.5735713839530945,0.24654942750930786,0.47139841318130493,1,Q1-low,Medium
327,4039,587,2,2-3,0.7437603771686554,0.7441118657588959,0.25830888748168945,0.2552829384803772,3,Q3,Medium
328,4041,16234,1,1,,0.528040736913681,0.1677052080631256,0.5480227470397949,1,Q1-low,Single-history
329,4070,14500,9,>=6,0.6917707622051239,0.6661896705627441,0.3376385569572449,0.3328532576560974,2,Q2,Low
330,4082,5170,4,4-5,0.647547721862793,0.5832573175430298,0.38482168316841125,0.42472290992736816,1,Q1-low,Low
331,4083,2799,2,2-3,0.6937560737133026,0.5809648633003235,0.30598801374435425,0.4472968876361847,1,Q1-low,Low
332,4088,17462,9,>=6,0.6576265394687653,0.5714931190013885,0.22446313500404358,0.47951778769493103,1,Q1-low,Low
333,4107,8155,1,1,,0.8270128965377808,0.08302582055330276,0.1954774111509323,4,Q4-high,Single-history
334,4109,13126,3,2-3,0.6702933013439178,0.5921719968318939,0.23181939125061035,0.451830118894577,1,Q1-low,Low
335,4116,251,4,4-5,0.696800023317337,0.7868815511465073,0.1825663149356842,0.22075647115707397,4,Q4-high,Low
336,4117,2404,2,2-3,0.6555269956588745,0.7721508741378784,0.16957201063632965,0.24241840839385986,4,Q4-high,Low
337,4132,18150,4,4-5,0.763250395655632,0.7229966223239899,0.11654868721961975,0.31711703538894653,3,Q3,Medium
338,4217,1009,3,2-3,0.5335998237133026,0.8084534704685211,0.1875651776790619,0.19254186749458313,4,Q4-high,Low
339,4223,11135,1,1,,0.6921961307525635,0.15108546614646912,0.34698349237442017,2,Q2,Single-history
340,4224,5213,1,1,,0.5562865138053894,0.3010634779930115,0.479375958442688,1,Q1-low,Single-history
341,4229,2947,3,2-3,0.762094721198082,0.7317917943000793,0.23344489932060242,0.2768990397453308,3,Q3,Medium
342,4233,17331,2,2-3,0.7398838698863983,0.3414740562438965,0.4410054683685303,0.712906002998352,1,Q1-low,Medium
343,4237,18133,3,2-3,0.7286937236785889,0.6404273509979248,0.20080742239952087,0.3992639482021332,2,Q2,Medium
344,4257,13506,2,2-3,0.7421315610408783,0.6889275014400482,0.2586413025856018,0.3241803050041199,2,Q2,Medium
345,4275,8120,3,2-3,0.8152862787246704,0.5929853320121765,0.10360361635684967,0.48286741971969604,1,Q1-low,High
346,4277,14960,5,4-5,0.824797660112381,0.771289050579071,0.32251662015914917,0.2052595317363739,4,Q4-high,High
347,4279,5583,8,>=6,0.7947187125682831,0.7987407445907593,0.11042017489671707,0.2239690124988556,4,Q4-high,High
348,4286,12782,4,4-5,0.7247120440006256,0.6674974262714386,0.39726245403289795,0.31631261110305786,2,Q2,Medium
349,4290,16494,2,2-3,0.8375687748193741,0.8131013363599777,0.25549912452697754,0.16974854469299316,4,Q4-high,High
350,4310,13506,3,2-3,0.7195198237895966,0.769286721944809,0.46445077657699585,0.17227889597415924,3,Q3,Medium
351,4328,17853,1,1,,0.7345039546489716,0.18246212601661682,0.28625452518463135,3,Q3,Single-history
352,4335,18274,4,4-5,0.7741586118936539,0.38376080989837646,0.3787955641746521,0.6756000518798828,1,Q1-low,Medium
353,4340,2884,2,2-3,0.8434007167816162,0.766768679022789,0.08069409430027008,0.27136561274528503,3,Q3,High
354,4372,9615,9,>=6,0.7614937126636505,0.7727884650230408,0.09773388504981995,0.25958094000816345,4,Q4-high,Medium
355,4426,270,2,2-3,0.7069712281227112,0.6652418076992035,0.21396252512931824,0.36495712399482727,2,Q2,Medium
356,4521,278,9,>=6,0.8085317611694336,0.5410988032817841,0.30447617173194885,0.4975074529647827,1,Q1-low,High
357,4542,9034,3,2-3,0.8564800918102264,0.700169712305069,0.16407248377799988,0.3337697386741638,3,Q3,High
358,4549,14448,6,>=6,0.6195885837078094,0.6454616785049438,0.32135993242263794,0.3628329038619995,2,Q2,Low
359,4550,11542,2,2-3,0.6898355782032013,0.765213131904602,0.45622873306274414,0.1794264018535614,3,Q3,Low
360,4594,15021,6,>=6,0.7754548490047455,0.6397150754928589,0.20575237274169922,0.3989180326461792,2,Q2,Medium
361,4618,17477,4,4-5,0.715585321187973,0.7168079018592834,0.3747904598712921,0.26029250025749207,3,Q3,Medium
362,4690,17828,1,1,,0.8731407672166824,0.1981886625289917,0.10902687907218933,4,Q4-high,Single-history
363,4696,17862,6,>=6,0.7898218184709549,0.7351146638393402,0.25915560126304626,0.266317754983902,3,Q3,High
364,4712,8500,2,2-3,0.627244621515274,0.5812267065048218,0.1979551613330841,0.47397780418395996,1,Q1-low,Low
365,4715,17101,5,4-5,0.6783781349658966,0.5308154225349426,0.22999177873134613,0.5289827585220337,1,Q1-low,Low
366,4727,12207,3,2-3,0.5166915953159332,0.5411415100097656,0.30074772238731384,0.4983861744403839,1,Q1-low,Low
367,4737,15672,3,2-3,0.79446841776371,0.6113646626472473,0.4369571805000305,0.3765548765659332,2,Q2,High
368,4744,16265,4,4-5,0.7158505618572235,0.7747864574193954,0.20802320539951324,0.22951112687587738,4,Q4-high,Medium
369,4747,7994,2,2-3,0.8765632659196854,0.7174378931522369,0.23130589723587036,0.29537615180015564,3,Q3,High
370,4751,6234,5,4-5,0.7701272070407867,0.4692484736442566,0.40553799271583557,0.5620549321174622,1,Q1-low,Medium
371,4761,1568,4,4-5,0.723712682723999,0.5531409382820129,0.12256493419408798,0.5279325842857361,1,Q1-low,Medium
372,4765,18288,2,2-3,0.6046330630779266,0.7391162514686584,0.32166898250579834,0.24568742513656616,3,Q3,Low
373,4773,18315,3,2-3,0.8497965186834335,0.8273955732584,0.5075981616973877,0.08885598927736282,4,Q4-high,High
374,4794,18214,7,>=6,0.7887914478778839,0.6874215602874756,0.22629152238368988,0.33415013551712036,2,Q2,High
375,4801,6825,4,4-5,0.7814207524061203,0.3879646062850952,0.43925052881240845,0.6552315950393677,1,Q1-low,Medium
376,4850,14134,2,2-3,0.7555385828018188,0.6675562858581543,0.16217917203903198,0.37500983476638794,2,Q2,Medium
377,4855,303,2,2-3,0.7621145248413086,0.8069111406803131,0.08384188264608383,0.2204006016254425,4,Q4-high,Medium
378,4869,18293,2,2-3,0.7436768710613251,0.7712405920028687,0.29343003034591675,0.212591752409935,4,Q4-high,Medium
379,4888,13729,2,2-3,0.7913761138916016,0.41015875339508057,0.4687958359718323,0.62010258436203,1,Q1-low,High
380,4903,18307,4,4-5,0.8036264777183533,0.8056761920452118,0.24368396401405334,0.18198375403881073,4,Q4-high,High
381,4907,10732,2,2-3,0.6469119489192963,0.7508487403392792,0.18358159065246582,0.265543669462204,3,Q3,Low
382,4925,17332,7,>=6,0.8195792138576508,0.4174242615699768,0.5914753079414368,0.5803508162498474,1,Q1-low,High
383,4932,17479,3,2-3,0.8376830071210861,0.8793255239725113,0.28294599056243896,0.08010660111904144,4,Q4-high,High
384,4962,18287,2,2-3,0.9672309793531895,0.7625775337219238,0.29219958186149597,0.22372817993164062,3,Q3,High
385,4981,18131,9,>=6,0.7892467677593231,0.6150696277618408,0.18306094408035278,0.435397744178772,2,Q2,High
386,4984,1898,2,2-3,0.6390087306499481,0.7963820397853851,0.17486858367919922,0.21080529689788818,4,Q4-high,Low
387,4996,18303,6,>=6,0.7204138338565826,0.6991493999958038,0.16416284441947937,0.33502253890037537,3,Q3,Medium
388,5003,18344,7,>=6,0.7534960359334946,0.6061078310012817,0.1767868995666504,0.44816845655441284,1,Q1-low,Medium
389,5015,11173,2,2-3,0.6185881793498993,0.8176126629114151,0.2681843638420105,0.1609380692243576,4,Q4-high,Low
390,5040,16802,2,2-3,0.8092219829559326,0.5293816924095154,0.5763356685638428,0.4441889524459839,1,Q1-low,High
391,5043,12445,3,2-3,0.5850752890110016,0.6541643142700195,0.3583730459213257,0.3427013158798218,2,Q2,Low
392,5058,5227,2,2-3,0.7933953553438187,0.7717867344617844,0.2400009036064148,0.22526635229587555,4,Q4-high,High
393,5087,323,3,2-3,0.6547633409500122,0.7257176041603088,0.16000327467918396,0.30285218358039856,3,Q3,Low
394,5088,18274,5,4-5,0.784718245267868,0.41938185691833496,0.22914668917655945,0.6684859991073608,1,Q1-low,High
395,5090,9804,4,4-5,0.7612518519163132,0.6728946268558502,0.2087114453315735,0.35670384764671326,2,Q2,Medium
396,5091,16665,2,2-3,0.7520793974399567,0.671338677406311,0.11223089694976807,0.3827689290046692,2,Q2,Medium
397,5112,14982,4,4-5,0.7695138305425644,0.7384559810161591,0.3189820349216461,0.24718451499938965,3,Q3,Medium
398,5119,18306,4,4-5,0.8370818942785263,0.6023527383804321,0.46655696630477905,0.3804198205471039,1,Q1-low,High
399,5154,18334,2,2-3,0.6932509541511536,0.7485669255256653,0.4895402491092682,0.19190630316734314,3,Q3,Low
400,5156,10477,2,2-3,0.8100627660751343,0.7025887668132782,0.39939600229263306,0.2719150185585022,3,Q3,High
401,5182,1203,2,2-3,0.6452831029891968,0.6676998138427734,0.3421803414821625,0.3298301696777344,2,Q2,Low
402,5192,4324,2,2-3,0.8430896103382111,0.6713956892490387,0.22361579537391663,0.3548514246940613,2,Q2,High
403,5195,17560,6,>=6,0.7354077696800232,0.4441094994544983,0.4838200807571411,0.5739080905914307,1,Q1-low,Medium
404,5203,5920,10,>=6,0.7553133070468903,0.48557037115097046,0.15864358842372894,0.6033761501312256,1,Q1-low,Medium
405,5217,11453,2,2-3,0.7843425422906876,0.8309620320796967,0.13276579976081848,0.17810600996017456,4,Q4-high,High
406,5223,14897,1,1,,0.8122230470180511,0.07960435003042221,0.21482011675834656,4,Q4-high,Single-history
407,5233,2279,5,4-5,0.7961273640394211,0.7818937748670578,0.2453400194644928,0.21129778027534485,4,Q4-high,High
408,5248,18290,7,>=6,0.8030259758234024,0.409091055393219,0.4445491135120392,0.6274989247322083,1,Q1-low,High
409,5258,7361,4,4-5,0.6497474610805511,0.7487247884273529,0.2978518307209015,0.2396310567855835,3,Q3,Low
410,5264,18346,4,4-5,0.8033796548843384,0.6326865553855896,0.2618812322616577,0.39367151260375977,2,Q2,High
411,5266,18280,3,2-3,0.6291545629501343,0.7333320379257202,0.13702470064163208,0.2990787625312805,3,Q3,Low
412,5271,13681,3,2-3,0.8009253293275833,0.7430741488933563,0.3574385643005371,0.23179765045642853,3,Q3,High
413,5292,13480,1,1,,0.8388708084821701,0.15848851203918457,0.16178935766220093,4,Q4-high,Single-history
414,5311,2494,3,2-3,0.6990659832954407,0.8556781113147736,0.1344306766986847,0.14679469168186188,4,Q4-high,Medium
415,5328,17243,2,2-3,0.8317062705755234,0.42220038175582886,0.5069925785064697,0.5955013632774353,1,Q1-low,High
416,5331,12853,1,1,,0.6398599743843079,0.11686299741268158,0.4209592938423157,2,Q2,Single-history
417,5348,16609,2,2-3,0.8625451624393463,0.7369780242443085,0.106135793030262,0.30224353075027466,3,Q3,High
418,5354,15991,2,2-3,0.6841561794281006,0.4199554920196533,0.48737549781799316,0.6032117605209351,1,Q1-low,Low
419,5377,18322,3,2-3,0.6982752084732056,0.6707373857498169,0.22914206981658936,0.35429275035858154,2,Q2,Low
420,5386,9356,5,4-5,0.7695358246564865,0.6789320707321167,0.1653408259153366,0.3599996864795685,2,Q2,Medium
421,5391,7114,2,2-3,0.948198277503252,0.7063223123550415,0.2512398362159729,0.3042871654033661,3,Q3,High
422,5398,18291,10,>=6,0.8238485455513,0.5506888329982758,0.29161757230758667,0.48873457312583923,1,Q1-low,High
423,5402,354,2,2-3,0.7353135943412781,0.7745424807071686,0.31419241428375244,0.20327377319335938,4,Q4-high,Medium
424,5416,17596,6,>=6,0.7403743863105774,0.6918291747570038,0.10536821186542511,0.3588714599609375,2,Q2,Medium
425,5419,13400,8,>=6,0.778930738568306,0.5397270321846008,0.3961622714996338,0.4763006269931793,1,Q1-low,Medium
426,5420,16151,1,1,,0.7124931514263153,0.22143115103244781,0.3040257692337036,3,Q3,Single-history
427,5430,2632,2,2-3,0.8141134232282639,0.7344740629196167,0.1568470448255539,0.29269564151763916,3,Q3,High
428,5431,18133,3,2-3,0.6624228954315186,0.6559060215950012,0.12539193034172058,0.39876946806907654,2,Q2,Low
429,5523,11068,2,2-3,0.6825501620769501,0.7647033631801605,0.17565013468265533,0.2502082586288452,3,Q3,Low
430,5560,18307,2,2-3,0.8530464172363281,0.8111091554164886,0.2451012134552002,0.17483824491500854,4,Q4-high,High
431,5585,7809,2,2-3,0.8640459328889847,0.8252298086881638,0.207802414894104,0.166512131690979,4,Q4-high,High
432,5592,18285,8,>=6,0.6996760368347168,0.5899518728256226,0.23764991760253906,0.45314764976501465,1,Q1-low,Medium
433,5613,3522,6,>=6,0.7992857396602631,0.7395166754722595,0.22487521171569824,0.26938536763191223,3,Q3,High
434,5627,6138,3,2-3,0.7485590875148773,0.7221716344356537,0.27588731050491333,0.27831363677978516,3,Q3,Medium
435,5630,18307,4,4-5,0.8224482536315918,0.7715319693088531,0.1371435523033142,0.2512991428375244,4,Q4-high,High
436,5636,10465,3,2-3,0.8246162682771683,0.6811130046844482,0.1755800098180771,0.3547137379646301,2,Q2,High
437,5654,17798,3,2-3,0.7072121500968933,0.6935457587242126,0.16618342697620392,0.3415219485759735,2,Q2,Medium
438,5685,16546,4,4-5,0.6114007532596588,0.6247470080852509,0.20192095637321472,0.41858598589897156,2,Q2,Low
439,5696,16456,2,2-3,0.7306816577911377,0.6265908181667328,0.4215971827507019,0.36136215925216675,2,Q2,Medium
440,5740,11986,5,4-5,0.7624687403440475,0.7110586762428284,0.1576271653175354,0.3217698633670807,3,Q3,Medium
441,5757,6276,5,4-5,0.7868209779262543,0.6431467235088348,0.2787979245185852,0.37636712193489075,2,Q2,High
442,5765,12632,8,>=6,0.7077478468418121,0.5283052325248718,0.19931481778621674,0.5397897362709045,1,Q1-low,Medium
443,5810,6647,8,>=6,0.737038642168045,0.5012616515159607,0.633897066116333,0.4649486243724823,1,Q1-low,Medium
444,5839,17235,2,2-3,0.6542069017887115,0.8138994872570038,0.26063281297683716,0.16746743023395538,4,Q4-high,Low
445,5891,17339,3,2-3,0.8273106068372726,0.7434238791465759,0.3758900463581085,0.22674764692783356,3,Q3,High
446,5897,2376,4,4-5,0.8197930455207825,0.6059436500072479,0.3546932637691498,0.40389710664749146,1,Q1-low,High
447,5912,18310,1,1,,0.8719267547130585,0.27391481399536133,0.09161285310983658,4,Q4-high,Single-history
448,5935,14409,2,2-3,0.7416051626205444,0.7682064175605774,0.2417478859424591,0.22930499911308289,3,Q3,Medium
449,5945,17254,5,4-5,0.6495724320411682,0.6983098685741425,0.32742494344711304,0.29525643587112427,3,Q3,Low
450,5967,9627,4,4-5,0.6092374324798584,0.7725761383771896,0.1307411789894104,0.25159454345703125,4,Q4-high,Low
451,5970,15566,3,2-3,0.6233799159526825,0.6464342772960663,0.20618292689323425,0.3904114067554474,2,Q2,Low
452,5980,3713,2,2-3,0.9149373099207878,0.7523328363895416,0.3567560911178589,0.22039493918418884,3,Q3,High
453,5986,6169,2,2-3,0.9009809792041779,0.695724606513977,0.08596718311309814,0.35885244607925415,2,Q2,High
454,6037,17335,5,4-5,0.7664306461811066,0.6131682097911835,0.3305336833000183,0.4009063243865967,2,Q2,Medium
455,6059,400,3,2-3,0.8468334376811981,0.8112188428640366,0.19322305917739868,0.18767067790031433,4,Q4-high,High
456,6079,16802,3,2-3,0.5908251702785492,0.5671745240688324,0.3986647129058838,0.44136562943458557,1,Q1-low,Low
457,6081,14476,2,2-3,0.5831328928470612,0.6976813673973083,0.30753380060195923,0.30101484060287476,2,Q2,Low
458,6088,11633,4,4-5,0.7645404189825058,0.5211436152458191,0.2477208524942398,0.5366402864456177,1,Q1-low,Medium
459,6091,6993,4,4-5,0.8553818464279175,0.7348041832447052,0.16449442505836487,0.2903711795806885,3,Q3,High
460,6119,8559,1,1,,0.6983075737953186,0.22095125913619995,0.32187768816947937,3,Q3,Single-history
461,6121,11858,4,4-5,0.7056569755077362,0.6734573245048523,0.18628747761249542,0.3616064786911011,2,Q2,Medium
462,6131,5521,4,4-5,0.5986653864383698,0.686444491147995,0.1510373055934906,0.3541850447654724,2,Q2,Low
463,6134,16326,4,4-5,0.7709078788757324,0.8121368885040283,0.2804156541824341,0.16472497582435608,4,Q4-high,Medium
464,6159,4461,7,>=6,0.7453731000423431,0.5790707468986511,0.2654631733894348,0.4597957730293274,1,Q1-low,Medium
465,6171,18095,3,2-3,0.7889444828033447,0.34967976808547974,0.7867647409439087,0.616209089756012,1,Q1-low,High
466,6174,8030,5,4-5,0.8155086934566498,0.5062945485115051,0.4352542459964752,0.5083182454109192,1,Q1-low,High
467,6176,17880,4,4-5,0.6297474205493927,0.7728730142116547,0.31925472617149353,0.2040950357913971,4,Q4-high,Low
468,6178,3513,3,2-3,0.4819716215133667,0.6371038556098938,0.32648518681526184,0.3719988763332367,2,Q2,Low
469,6180,409,10,>=6,0.7259890735149384,0.4145561456680298,0.6465820670127869,0.5701593160629272,1,Q1-low,Medium
470,6192,2712,3,2-3,0.68354132771492,0.5168659090995789,0.4536583125591278,0.4905030429363251,1,Q1-low,Low
471,6201,9019,2,2-3,0.6135143637657166,0.6169081926345825,0.20081153512001038,0.42866188287734985,2,Q2,Low
472,6223,17425,2,2-3,0.5133154988288879,0.34058332443237305,0.29411494731903076,0.7507420778274536,1,Q1-low,Low
473,6263,17137,5,4-5,0.655991405248642,0.618302047252655,0.48576614260673523,0.3556808829307556,2,Q2,Low
474,6279,18132,8,>=6,0.7254171371459961,0.6494989991188049,0.3005666732788086,0.3629845678806305,2,Q2,Medium
475,6287,3391,2,2-3,0.8405981361865997,0.5873105525970459,0.21885108947753906,0.46114903688430786,1,Q1-low,High
476,6298,420,2,2-3,0.5498933494091034,0.44454771280288696,0.8354533314704895,0.48545199632644653,1,Q1-low,Low
477,6299,420,2,2-3,0.5299668312072754,0.4263737201690674,0.6599352955818176,0.5520489811897278,1,Q1-low,Low
478,6366,14956,2,2-3,0.9138629958033562,0.7180923223495483,0.27435094118118286,0.28379687666893005,3,Q3,High
479,6395,16802,5,4-5,0.6841139197349548,0.6013759970664978,0.13829058408737183,0.4637073576450348,1,Q1-low,Low
480,6476,2026,5,4-5,0.5271426141262054,0.41165417432785034,0.576808512210846,0.5912301540374756,1,Q1-low,Low
481,6490,5685,4,4-5,0.6928330957889557,0.7091593444347382,0.20577897131443024,0.31210607290267944,3,Q3,Low
482,6497,16949,5,4-5,0.6837731301784515,0.5408085882663727,0.21708902716636658,0.5197169780731201,1,Q1-low,Low
483,6525,18356,7,>=6,0.8299339115619659,0.3906252384185791,0.5731278657913208,0.6184364557266235,1,Q1-low,High
484,6530,2185,4,4-5,0.8097554594278336,0.45485562086105347,0.769364595413208,0.48908931016921997,1,Q1-low,High
485,6539,17711,2,2-3,0.7538934499025345,0.611080527305603,0.25048309564590454,0.4235285520553589,2,Q2,Medium
486,6555,9516,2,2-3,0.8205173313617706,0.5958515405654907,0.42007148265838623,0.40016770362854004,1,Q1-low,High
487,6577,17718,5,4-5,0.7309704422950745,0.8046392649412155,0.2035452425479889,0.1933145970106125,4,Q4-high,Medium
488,6584,12476,4,4-5,0.8325144052505493,0.7376702725887299,0.21116051077842712,0.2751220166683197,3,Q3,High
489,6592,449,3,2-3,0.771181583404541,0.721336841583252,0.18959824740886688,0.30092939734458923,3,Q3,Medium
490,6606,9635,1,1,,0.6148005127906799,0.27268627285957336,0.41332775354385376,2,Q2,Single-history
491,6639,8286,2,2-3,0.7490621507167816,0.7104256749153137,0.3900785446166992,0.26444825530052185,3,Q3,Medium
492,6663,7775,3,2-3,0.7031657993793488,0.8379798084497452,0.18566426634788513,0.15610916912555695,4,Q4-high,Medium
493,6668,17183,3,2-3,0.860675260424614,0.6856468021869659,0.10020913183689117,0.3678892254829407,2,Q2,High
494,6671,2372,1,1,,0.785475492477417,0.1854199916124344,0.22180064022541046,4,Q4-high,Single-history
495,6675,14984,3,2-3,0.7313461303710938,0.6320328712463379,0.3400964140892029,0.3749348223209381,2,Q2,Medium
496,6676,18050,3,2-3,0.7613157480955124,0.8099484443664551,0.15828627347946167,0.19799286127090454,4,Q4-high,Medium
497,6691,4929,2,2-3,0.7937091141939163,0.5461021065711975,0.57725590467453,0.4230583906173706,1,Q1-low,High
498,6780,1723,2,2-3,0.4407299757003784,0.7163037955760956,0.187737375497818,0.307685911655426,3,Q3,Low
499,6799,16096,4,4-5,0.7441757321357727,0.21155595779418945,0.7855300903320312,0.7891724705696106,1,Q1-low,Medium
500,6800,13508,3,2-3,0.767257034778595,0.8032635897397995,0.22229509055614471,0.19034674763679504,4,Q4-high,Medium
501,6831,460,2,2-3,0.8136023432016373,0.7125680446624756,0.1454525589942932,0.322926789522171,3,Q3,High
502,6852,1227,10,>=6,0.7410793602466583,0.5144558548927307,0.4647026062011719,0.49075451493263245,1,Q1-low,Medium
503,6875,467,4,4-5,0.7279089987277985,0.7729577422142029,0.4100901484489441,0.18128028512001038,4,Q4-high,Medium
504,6900,16413,7,>=6,0.6456807851791382,0.4409332275390625,0.4687279462814331,0.5816514492034912,1,Q1-low,Low
505,6909,17042,7,>=6,0.7877209037542343,0.6941980421543121,0.33159011602401733,0.2993549108505249,2,Q2,High
506,6923,4244,6,>=6,0.714998722076416,0.6462614238262177,0.31560149788856506,0.36327284574508667,2,Q2,Medium
507,6927,15763,2,2-3,0.6522977948188782,0.6166469156742096,0.24751514196395874,0.4173125624656677,2,Q2,Low
508,6938,17627,2,2-3,0.6634671986103058,0.5513400137424469,0.25430846214294434,0.4972478747367859,1,Q1-low,Low
509,6960,11650,2,2-3,0.8722994774580002,0.7735746949911118,0.06230418384075165,0.2674555778503418,4,Q4-high,High
510,6966,18334,4,4-5,0.8327428847551346,0.6824356913566589,0.5000143647193909,0.2719517946243286,2,Q2,High
511,6969,18159,4,4-5,0.8374147862195969,0.6130782961845398,0.20327600836753845,0.43283313512802124,2,Q2,High
512,6972,2670,4,4-5,0.6862352788448334,0.6206888556480408,0.25317054986953735,0.4108462929725647,2,Q2,Low
513,6990,18104,10,>=6,0.7304063439369202,0.5262526571750641,0.3626781702041626,0.5015146136283875,1,Q1-low,Medium
514,7022,5911,3,2-3,0.7589800208806992,0.7425410151481628,0.1721445620059967,0.2787875831127167,3,Q3,Medium
515,7032,3675,2,2-3,0.43532711267471313,0.7560737282037735,0.2240040898323059,0.24890682101249695,3,Q3,Low
516,7037,1910,2,2-3,0.7575997114181519,0.7787834107875824,0.09187201410531998,0.25355273485183716,4,Q4-high,Medium
517,7045,3316,3,2-3,0.7643600255250931,0.6122332215309143,0.2923831641674042,0.41161268949508667,2,Q2,Medium
518,7069,18253,2,2-3,0.7537852823734283,0.7053053975105286,0.1298973113298416,0.3358939290046692,3,Q3,Medium
519,7076,13152,3,2-3,0.6399004459381104,0.7994340658187866,0.37735921144485474,0.15636762976646423,4,Q4-high,Low
520,7089,7049,2,2-3,0.5073644518852234,0.3274434804916382,0.7093983888626099,0.6633460521697998,1,Q1-low,Low
521,7092,487,2,2-3,0.7012360692024231,0.7276078164577484,0.14558333158493042,0.3040943741798401,3,Q3,Medium
522,7094,18214,2,2-3,0.46387290954589844,0.7856158316135406,0.4102602005004883,0.16541515290737152,4,Q4-high,Low
523,7103,488,3,2-3,0.7528117448091507,0.8114391416311264,0.11117228865623474,0.2079080045223236,4,Q4-high,Medium
524,7107,18356,2,2-3,0.6478235721588135,0.7753226161003113,0.1793825924396515,0.23600107431411743,4,Q4-high,Low
525,7116,4497,3,2-3,0.8412584513425827,0.4913179874420166,0.29064494371414185,0.563191294670105,1,Q1-low,High
526,7128,490,2,2-3,0.5970677137374878,0.8443299233913422,0.21310687065124512,0.14131087064743042,4,Q4-high,Low
527,7132,3114,3,2-3,0.8488256484270096,0.8214461803436279,0.2646366059780121,0.15703310072422028,4,Q4-high,High
528,7134,17494,6,>=6,0.5168226659297943,0.7193774878978729,0.25998350977897644,0.2857822775840759,3,Q3,Low
529,7137,18131,8,>=6,0.7837904989719391,0.48877638578414917,0.45871639251708984,0.5243504047393799,1,Q1-low,Medium
530,7139,18320,2,2-3,0.0525781512260437,0.9829743225127459,0.20723676681518555,-0.03052709251642227,4,Q4-high,Low
531,7140,18137,8,>=6,0.7142624258995056,0.7472261190414429,0.1898335963487625,0.2685089409351349,3,Q3,Medium
532,7141,18356,6,>=6,0.77512988448143,0.7378551661968231,0.15335741639137268,0.28934168815612793,3,Q3,Medium
533,7147,17862,3,2-3,0.8897829875349998,0.5822570025920868,0.3157876133918762,0.44323182106018066,1,Q1-low,High
534,7151,18137,2,2-3,0.8613756000995636,0.8688273429870605,0.17354491353034973,0.12057960033416748,4,Q4-high,High
535,7152,18356,4,4-5,0.7525184601545334,0.721318393945694,0.37191274762153625,0.2553738057613373,3,Q3,Medium
536,7160,18355,5,4-5,0.841714084148407,0.5866323113441467,0.3902326226234436,0.4191514551639557,1,Q1-low,High
537,7209,16332,2,2-3,0.8361745029687881,0.8461710512638092,0.2348615825176239,0.13357079029083252,4,Q4-high,High
538,7214,15658,2,2-3,0.6353430151939392,0.8753659427165985,0.17447632551193237,0.11217349022626877,4,Q4-high,Low
539,7222,16784,2,2-3,0.8028404414653778,0.8265553414821625,0.2266015112400055,0.16015544533729553,4,Q4-high,High
540,7247,18289,1,1,,0.6627853810787201,0.18312430381774902,0.37573719024658203,2,Q2,Single-history
541,7264,3771,3,2-3,0.6553728878498077,0.3882673978805542,0.5175519585609436,0.6352777481079102,1,Q1-low,Low
542,7401,2372,2,2-3,0.7081781625747681,0.8420344591140747,0.1602325737476349,0.1573987901210785,4,Q4-high,Medium
543,7402,9999,2,2-3,0.8065232783555984,0.6825149059295654,0.22909364104270935,0.33958297967910767,2,Q2,High
544,7404,8595,2,2-3,0.6537942290306091,0.7126571536064148,0.17149493098258972,0.3163048326969147,3,Q3,Low
545,7415,3657,1,1,,0.7846258580684662,0.267622709274292,0.20231200754642487,4,Q4-high,Single-history
546,7432,12964,4,4-5,0.5924515426158905,0.6881319284439087,0.2571715712547302,0.3255422115325928,2,Q2,Low
547,7451,7327,2,2-3,0.21390599012374878,0.7445824146270752,0.22342322766780853,0.2634161710739136,3,Q3,Low
548,7470,17252,6,>=6,0.8100357800722122,0.6738794445991516,0.20299401879310608,0.35690218210220337,2,Q2,High
549,7475,516,2,2-3,0.7463853061199188,0.6501996219158173,0.46954065561294556,0.31986528635025024,2,Q2,Medium
550,7515,10992,2,2-3,0.7254138290882111,0.6644773185253143,0.26348379254341125,0.3535323739051819,2,Q2,Medium
551,7554,15545,3,2-3,0.31382566690444946,0.6736296117305756,0.1437339186668396,0.37202948331832886,2,Q2,Low
552,7596,11813,2,2-3,0.684795081615448,0.8039824962615967,0.2607209086418152,0.17984163761138916,4,Q4-high,Low
553,7613,11633,3,2-3,0.5987558364868164,0.6775762438774109,0.38832637667655945,0.30594807863235474,2,Q2,Low
554,7620,5795,3,2-3,0.6592032015323639,0.36852413415908813,0.3221992254257202,0.7087950110435486,1,Q1-low,Low
555,7640,18226,3,2-3,0.7156034708023071,0.4400273561477661,0.580599308013916,0.5548160076141357,1,Q1-low,Medium
556,7641,2843,2,2-3,0.7184964418411255,0.8141807615756989,0.24912624061107635,0.16999247670173645,4,Q4-high,Medium
557,7695,678,2,2-3,0.45225751399993896,0.4857461452484131,0.09197042882442474,0.6198247075080872,1,Q1-low,Low
558,7706,5171,3,2-3,0.6758067607879639,0.5768082737922668,0.52088862657547,0.39876747131347656,1,Q1-low,Low
559,7728,18200,2,2-3,0.7355386018753052,0.735828161239624,0.11850939691066742,0.3005874454975128,3,Q3,Medium
560,7734,14318,1,1,,0.7467675507068634,0.19318309426307678,0.26824477314949036,3,Q3,Single-history
561,7756,17947,4,4-5,0.6791299879550934,0.6427900493144989,0.3024542033672333,0.37089887261390686,2,Q2,Low
562,7759,18150,7,>=6,0.6729727685451508,0.6124249398708344,0.12678825855255127,0.45277172327041626,2,Q2,Low
563,7770,18292,2,2-3,0.9105280265212059,0.7088821530342102,0.39435210824012756,0.26530927419662476,3,Q3,High
564,7777,3020,2,2-3,0.367720365524292,0.7292594909667969,0.38905054330825806,0.2411629855632782,3,Q3,Low
565,7784,18004,1,1,,0.7585919499397278,0.2133713960647583,0.2484172135591507,3,Q3,Single-history
566,7790,11979,4,4-5,0.7166352868080139,0.6518589854240417,0.2826480567455292,0.36451423168182373,2,Q2,Medium
567,7805,6483,3,2-3,0.8385279327630997,0.7640326023101807,0.20940858125686646,0.24260708689689636,3,Q3,High
568,7809,15679,2,2-3,0.6116463243961334,0.567777544260025,0.4026939272880554,0.43960458040237427,1,Q1-low,Low
569,7813,16298,4,4-5,0.5500799417495728,0.526663601398468,0.42198115587234497,0.48617517948150635,1,Q1-low,Low
570,7817,3349,3,2-3,0.7404035329818726,0.6086107790470123,0.3169803023338318,0.40999144315719604,1,Q1-low,Medium
571,7862,8699,9,>=6,0.6201485395431519,0.3952988386154175,0.2803458571434021,0.685789942741394,1,Q1-low,Low
572,7874,8443,1,1,,0.6598574817180634,0.23799258470535278,0.3656800091266632,2,Q2,Single-history
573,7890,11573,7,>=6,0.5457539260387421,0.5150414109230042,0.2465478926897049,0.5445612668991089,1,Q1-low,Low
574,7891,18174,1,1,,0.8280194699764252,0.21540257334709167,0.16112500429153442,4,Q4-high,Single-history
575,7903,12339,6,>=6,0.6781547665596008,0.7543787360191345,0.249888613820076,0.24455443024635315,3,Q3,Low
576,7917,6550,4,4-5,0.7621083706617355,0.7345539331436157,0.21705392003059387,0.2775440812110901,3,Q3,Medium
577,7927,18275,1,1,,0.6825096011161804,0.44707438349723816,0.28509438037872314,2,Q2,Single-history
578,7950,18226,1,1,,0.6407131254673004,0.3277735710144043,0.367165207862854,2,Q2,Single-history
579,7975,4085,2,2-3,0.48201483488082886,0.7030965387821198,0.296741247177124,0.2969440221786499,3,Q3,Low
580,7982,554,3,2-3,0.6805579364299774,0.8267131149768829,0.15533718466758728,0.1777743101119995,4,Q4-high,Low
581,7988,11010,2,2-3,0.7464303970336914,0.7332450151443481,0.3562297224998474,0.24438628554344177,3,Q3,Medium
582,8004,18219,2,2-3,0.6078069508075714,0.5312431156635284,0.2781132459640503,0.5164178013801575,1,Q1-low,Low
583,8016,9914,5,4-5,0.7578932791948318,0.7048031091690063,0.20398451387882233,0.3179999887943268,3,Q3,Medium
584,8022,11781,2,2-3,0.7277122437953949,0.7511576116085052,0.07292630523443222,0.29282140731811523,3,Q3,Medium
585,8043,16666,2,2-3,0.6586208343505859,0.8293971568346024,0.15897542238235474,0.17350968718528748,4,Q4-high,Low
586,8045,16091,2,2-3,0.7408471405506134,0.7290958762168884,0.28346574306488037,0.26776373386383057,3,Q3,Medium
587,8059,3304,3,2-3,0.7520212382078171,0.7031724452972412,0.2456175684928894,0.30963003635406494,3,Q3,Medium
588,8063,18200,3,2-3,0.5860083997249603,0.7822158187627792,0.14295174181461334,0.23649227619171143,4,Q4-high,Low
589,8080,18295,2,2-3,0.6785207390785217,0.6374081075191498,0.22135797142982483,0.39790037274360657,2,Q2,Low
590,8088,18352,2,2-3,0.7580229341983795,0.7197533845901489,0.2701161503791809,0.2827792167663574,3,Q3,Medium
591,8115,5188,2,2-3,0.8017293363809586,0.6286894679069519,0.2066992074251175,0.41246333718299866,2,Q2,High
592,8122,12038,2,2-3,0.607214093208313,0.6092765927314758,0.3298676609992981,0.4059373140335083,1,Q1-low,Low
593,8131,6608,10,>=6,0.7455175518989563,0.5925123691558838,0.11321713030338287,0.48105525970458984,1,Q1-low,Medium
594,8159,8177,4,4-5,0.6601691246032715,0.4947656989097595,0.30396217107772827,0.5555523633956909,1,Q1-low,Low
595,8168,17425,4,4-5,0.5411781370639801,0.5083168745040894,0.3543335199356079,0.5260205268859863,1,Q1-low,Low
596,8197,17839,2,2-3,0.7936879545450211,0.7347742021083832,0.3408133387565613,0.24632889032363892,3,Q3,High
597,8200,569,2,2-3,0.6425608992576599,0.42929190397262573,0.4338093400001526,0.6049327850341797,1,Q1-low,Low
598,8234,9500,3,2-3,0.5186703205108643,0.5488910973072052,0.5088114738464355,0.4366832673549652,1,Q1-low,Low
599,8246,16714,2,2-3,0.5934323072433472,0.6914094388484955,0.1759078949689865,0.34176120162010193,2,Q2,Low
600,8250,9993,2,2-3,0.8038229644298553,0.7499456405639648,0.208968386054039,0.2603258490562439,3,Q3,High
601,8255,7440,6,>=6,0.6711188852787018,0.6320321559906006,0.1598401963710785,0.41999977827072144,2,Q2,Low
602,8278,8355,3,2-3,0.7856582552194595,0.8446228206157684,0.17284102737903595,0.15101121366024017,4,Q4-high,High
603,8332,4780,4,4-5,0.6729496419429779,0.6515917181968689,0.1268358826637268,0.4038013815879822,2,Q2,Low
604,8349,14967,2,2-3,0.5003883838653564,0.6290580332279205,0.44271522760391235,0.35299864411354065,2,Q2,Low
605,8374,2616,2,2-3,0.6344443261623383,0.790766254067421,0.17769840359687805,0.217117577791214,4,Q4-high,Low
606,8432,13899,3,2-3,0.5934974849224091,0.6194947361946106,0.33869388699531555,0.39095810055732727,2,Q2,Low
607,8443,1939,3,2-3,0.8429001122713089,0.7962031811475754,0.19646881520748138,0.20562881231307983,4,Q4-high,High
608,8490,738,4,4-5,0.6617400944232941,0.683452308177948,0.2391449213027954,0.33589839935302734,2,Q2,Low
609,8506,18307,4,4-5,0.8499375581741333,0.8369995355606079,0.1629972755908966,0.16300125420093536,4,Q4-high,High
610,8507,8535,1,1,,0.5978249311447144,0.3115965723991394,0.424819678068161,1,Q1-low,Single-history
611,8513,17805,2,2-3,0.9090134501457214,0.8092499226331711,0.0722876638174057,0.22036567330360413,4,Q4-high,High
612,8522,4879,3,2-3,0.749673455953598,0.7432097792625427,0.2976563572883606,0.24657368659973145,3,Q3,Medium
613,8529,3422,2,2-3,0.9556781128048897,0.7137953042984009,0.18857434391975403,0.3106122612953186,3,Q3,High
614,8534,3141,3,2-3,0.8355150669813156,0.7901422530412674,0.20136964321136475,0.21197976171970367,4,Q4-high,High
615,8543,18287,4,4-5,0.8931699693202972,0.6219867765903473,0.4425734281539917,0.36187314987182617,2,Q2,High
616,8545,18088,2,2-3,0.7548638731241226,0.7707066833972931,0.21108540892601013,0.2338452935218811,4,Q4-high,Medium
617,8558,17323,5,4-5,0.741099089384079,0.7281918227672577,0.2471923828125,0.2779621183872223,3,Q3,Medium
618,8572,10688,3,2-3,0.7332417666912079,0.6177096366882324,0.09898921847343445,0.45311564207077026,2,Q2,Medium
619,8597,601,2,2-3,0.8258019536733627,0.6884047389030457,0.22235709428787231,0.33390480279922485,2,Q2,High
620,8615,10219,2,2-3,0.5758935809135437,0.8277080953121185,0.08057692646980286,0.19522064924240112,4,Q4-high,Low
621,8639,17275,3,2-3,0.6458868980407715,0.5964082777500153,0.3015284538269043,0.42910754680633545,1,Q1-low,Low
622,8640,3681,3,2-3,0.8273549526929855,0.5640353262424469,0.25615936517715454,0.48091599345207214,1,Q1-low,High
623,8658,18199,2,2-3,0.5197742879390717,0.681393951177597,0.25246524810791016,0.33514124155044556,2,Q2,Low
624,8662,17824,10,>=6,0.7932410538196564,0.7877838760614395,0.22860826551914215,0.20811808109283447,4,Q4-high,High
625,8665,2056,2,2-3,0.8116848021745682,0.7628593146800995,0.1493149995803833,0.2590970993041992,3,Q3,High
626,8714,17962,2,2-3,0.40244394540786743,0.8256857395172119,0.23593828082084656,0.15890824794769287,4,Q4-high,Low
627,8716,6488,4,4-5,0.8215947896242142,0.46443605422973633,0.34471243619918823,0.5832768082618713,1,Q1-low,High
628,8719,1100,2,2-3,0.8242633789777756,0.6614522933959961,0.4023403525352478,0.32259950041770935,2,Q2,High
629,8723,2887,3,2-3,0.8137849122285843,0.7456069886684418,0.234991192817688,0.2592434585094452,3,Q3,High
630,8730,1773,2,2-3,0.6768936514854431,0.5198605954647064,0.2973628044128418,0.5258335471153259,1,Q1-low,Low
631,8735,18168,2,2-3,0.8332885950803757,0.7422881722450256,0.17576444149017334,0.2781986594200134,3,Q3,High
632,8738,12462,2,2-3,0.8571317046880722,0.5168065428733826,0.5574498176574707,0.4646293520927429,1,Q1-low,High
633,8755,11541,2,2-3,0.8183717727661133,0.41512787342071533,0.6206852197647095,0.5759188532829285,1,Q1-low,High
634,8776,14891,2,2-3,0.7432892322540283,0.5470604300498962,0.14315354824066162,0.5303860902786255,1,Q1-low,Medium
635,8787,17943,5,4-5,0.7497727870941162,0.7847831547260284,0.21133802831172943,0.2161865383386612,4,Q4-high,Medium
636,8795,13586,8,>=6,0.6634859144687653,0.5205763876438141,0.33233487606048584,0.5161957740783691,1,Q1-low,Low
637,8813,15717,3,2-3,0.8494327217340469,0.6698278188705444,0.1534857153892517,0.3743438124656677,2,Q2,High
638,8815,4149,2,2-3,0.8288891315460205,0.6859137117862701,0.1748434603214264,0.34889698028564453,2,Q2,High
639,8818,18307,4,4-5,0.8140265494585037,0.5721678733825684,0.48469477891921997,0.41361644864082336,1,Q1-low,High
640,8820,18307,4,4-5,0.6026569604873657,0.7604006081819534,0.15389443933963776,0.26102563738822937,3,Q3,Low
641,8829,17453,2,2-3,0.7286063432693481,0.7262593805789948,0.4146871268749237,0.23850397765636444,3,Q3,Medium
642,8832,10752,5,4-5,0.8421341925859451,0.8240679651498795,0.1593542993068695,0.180076465010643,4,Q4-high,High
643,8860,8155,5,4-5,0.7965661734342575,0.8015386909246445,0.23008112609386444,0.1905563473701477,4,Q4-high,High
644,8866,17530,2,2-3,0.7211686372756958,0.7892584353685379,0.21615169942378998,0.20938903093338013,4,Q4-high,Medium
645,8877,1609,2,2-3,0.8261761665344238,0.7973539233207703,0.15569968521595,0.21438266336917877,4,Q4-high,High
646,8897,8535,2,2-3,0.8252555131912231,0.784980446100235,0.3567296862602234,0.17959201335906982,4,Q4-high,High
647,8931,9118,3,2-3,0.5070370733737946,0.6372556686401367,0.2507721483707428,0.390737384557724,2,Q2,Low
648,8944,18319,10,>=6,0.7933473438024521,0.7199141681194305,0.13375236093997955,0.31666919589042664,3,Q3,High
649,8964,18030,6,>=6,0.8180129677057266,0.6660793125629425,0.3922271132469177,0.31934404373168945,2,Q2,High
650,8969,15570,8,>=6,0.8182120323181152,0.8356928825378418,0.1403706669807434,0.1702912300825119,4,Q4-high,High
651,8974,11060,2,2-3,0.8325280398130417,0.6808759570121765,0.27133870124816895,0.3310703635215759,2,Q2,High
652,8975,18195,4,4-5,0.818501353263855,0.6613548994064331,0.16197696328163147,0.38281214237213135,2,Q2,High
653,8976,18324,3,2-3,0.49164456129074097,0.712326318025589,0.196476012468338,0.31047308444976807,3,Q3,Low
654,9000,18325,2,2-3,0.9328207299113274,0.5483065545558929,0.3187163174152374,0.48493772745132446,1,Q1-low,High
655,9003,14652,4,4-5,0.6711167395114899,0.5130748152732849,0.44912445545196533,0.49637535214424133,1,Q1-low,Low
656,9014,1934,3,2-3,0.5415502488613129,0.5401743650436401,0.43825221061706543,0.4652189612388611,1,Q1-low,Low
657,9019,18068,1,1,,0.7945554554462433,0.26898056268692017,0.18956053256988525,4,Q4-high,Single-history
658,9027,7168,2,2-3,0.7619010210037231,0.7807426303625107,0.1841103732585907,0.22804410755634308,4,Q4-high,Medium
659,9044,17825,3,2-3,0.781547024846077,0.8027290403842926,0.21555115282535553,0.19270090758800507,4,Q4-high,Medium
660,9045,1929,2,2-3,0.794144943356514,0.8414752930402756,0.10332567244768143,0.17232444882392883,4,Q4-high,High
661,9100,2998,9,>=6,0.7357020080089569,0.4589173197746277,0.4141252636909485,0.5728220343589783,1,Q1-low,Medium
662,9122,18319,5,4-5,0.7626660764217377,0.8133338987827301,0.2310120165348053,0.17557960748672485,4,Q4-high,Medium
663,9126,15258,10,>=6,0.7190622985363007,0.6733830571174622,0.1353113204240799,0.3744433522224426,2,Q2,Medium
664,9131,15755,1,1,,0.6760531663894653,0.47173240780830383,0.2870004177093506,2,Q2,Single-history
665,9185,5318,4,4-5,0.49515289068222046,0.5555479228496552,0.21189919114112854,0.5025902986526489,1,Q1-low,Low
666,9204,653,5,4-5,0.829638659954071,0.6430067121982574,0.23265549540519714,0.3880777060985565,2,Q2,High
667,9207,653,3,2-3,0.6725986003875732,0.6829942464828491,0.28683802485466003,0.3245477080345154,2,Q2,Low
668,9229,18145,2,2-3,0.8235901445150375,0.6504952907562256,0.3880429267883301,0.3398701548576355,2,Q2,High
669,9263,661,5,4-5,0.8513311445713043,0.6993175148963928,0.31891685724258423,0.2961238920688629,3,Q3,High
670,9280,14827,2,2-3,0.8113527745008469,0.764435276389122,0.06888584792613983,0.27723443508148193,3,Q3,High
671,9307,665,3,2-3,0.7745312452316284,0.6277662515640259,0.24235405027866364,0.40470367670059204,2,Q2,Medium
672,9359,17513,4,4-5,0.7441966235637665,0.5909435749053955,0.7057347297668457,0.3348868489265442,1,Q1-low,Medium
673,9365,10110,1,1,,0.6881861090660095,0.34133633971214294,0.30443328619003296,2,Q2,Single-history
674,9372,719,6,>=6,0.7729006558656693,0.5656041204929352,0.30222052335739136,0.4674396812915802,1,Q1-low,Medium
675,9381,7089,2,2-3,0.8237290382385254,0.6772168874740601,0.312765508890152,0.32528749108314514,2,Q2,High
676,9403,14592,10,>=6,0.7873359471559525,0.3650778532028198,0.6048592329025269,0.6424378156661987,1,Q1-low,High
677,9416,13514,3,2-3,0.5760589838027954,0.7632285356521606,0.3651539385318756,0.2046758234500885,3,Q3,Low
678,9433,1402,3,2-3,0.5794207155704498,0.5110068023204803,0.4531696140766144,0.49794909358024597,1,Q1-low,Low
679,9519,13795,4,4-5,0.7694351822137833,0.6898082196712494,0.5040915608406067,0.2617168426513672,2,Q2,Medium
680,9530,9635,3,2-3,0.7467483282089233,0.5868529379367828,0.16201412677764893,0.4759303033351898,1,Q1-low,Medium
681,9544,13210,6,>=6,0.659772127866745,0.4200214147567749,0.2942203879356384,0.6514180898666382,1,Q1-low,Low
682,9591,15250,2,2-3,0.6542806625366211,0.7688752263784409,0.20922118425369263,0.23660066723823547,3,Q3,Low
683,9599,10930,4,4-5,0.7971869111061096,0.7747995108366013,0.19061647355556488,0.2338464856147766,4,Q4-high,High
684,9616,689,2,2-3,0.5953668653964996,0.6412235498428345,0.054750025272369385,0.43478304147720337,2,Q2,Low
685,9624,1578,2,2-3,0.7839659452438354,0.7629992067813873,0.13459071516990662,0.2626033127307892,3,Q3,High
686,9646,11397,2,2-3,0.750995546579361,0.8064718991518021,0.11734246462583542,0.21257451176643372,4,Q4-high,Medium
687,9724,7551,3,2-3,0.7274998724460602,0.7420090138912201,0.2458445429801941,0.26102760434150696,3,Q3,Medium
688,9728,4901,6,>=6,0.7299101054668427,0.7599392980337143,0.15416903793811798,0.26153361797332764,3,Q3,Medium
689,9735,3118,8,>=6,0.6340091228485107,0.6648641228675842,0.2934412658214569,0.3455595374107361,2,Q2,Low
690,9751,12340,3,2-3,0.7427987158298492,0.856580913066864,0.27921754121780396,0.1094694584608078,4,Q4-high,Medium
691,9776,18112,2,2-3,0.8833932355046272,0.8450370728969574,0.08604954183101654,0.17219127714633942,4,Q4-high,High
692,9777,14986,3,2-3,0.6654811799526215,0.7461862862110138,0.18906331062316895,0.2700013220310211,3,Q3,Low
693,9797,2363,2,2-3,0.13402295112609863,0.2784486413002014,0.8073108196258545,0.700111448764801,1,Q1-low,Low
694,9799,18287,6,>=6,0.485278844833374,0.4531921148300171,0.4895462691783905,0.561123251914978,1,Q1-low,Low
695,9811,3389,4,4-5,0.7947650402784348,0.7283255159854889,0.2172815352678299,0.2852727174758911,3,Q3,High
696,9817,708,2,2-3,0.8859641402959824,0.8560999631881714,0.10816234350204468,0.1528344601392746,4,Q4-high,High
697,9825,12446,2,2-3,0.9466173313558102,0.5244172513484955,0.29854416847229004,0.5198423862457275,1,Q1-low,High
698,9886,15403,3,2-3,0.8787164464592934,0.7757184654474258,0.14108839631080627,0.24507981538772583,4,Q4-high,High
699,9888,18137,5,4-5,0.6871430277824402,0.7254453301429749,0.3104088306427002,0.2655911147594452,3,Q3,Low
700,9896,14617,5,4-5,0.6766340136528015,0.7676396071910858,0.223906010389328,0.23447397351264954,3,Q3,Low
701,9903,12570,4,4-5,0.5313924849033356,0.7483387291431427,0.24719150364398956,0.25277870893478394,3,Q3,Low
702,9941,15854,2,2-3,0.48530876636505127,0.44784796237945557,0.45197632908821106,0.5771960020065308,1,Q1-low,Low
703,9945,6750,1,1,,0.3897287845611572,0.2612454891204834,0.6975276470184326,1,Q1-low,Single-history
704,9947,1354,2,2-3,0.9335293173789978,0.7668376117944717,0.12970620393753052,0.259026437997818,3,Q3,High
705,9951,8921,9,>=6,0.7408293187618256,0.5930517911911011,0.37990546226501465,0.4137088656425476,1,Q1-low,Medium
706,9970,727,4,4-5,0.6614658832550049,0.4024394750595093,0.6799544095993042,0.5769620537757874,1,Q1-low,Low
707,9974,16789,2,2-3,0.5435242056846619,0.6527620255947113,0.13656282424926758,0.399906724691391,2,Q2,Low
708,9994,12429,1,1,,0.817531406879425,0.1404290795326233,0.19297847151756287,4,Q4-high,Single-history
709,10011,2853,3,2-3,0.6648259162902832,0.12723702192306519,0.6916800737380981,0.9180337190628052,1,Q1-low,Low
710,10014,17437,2,2-3,0.7700507640838623,0.7846199721097946,0.1999366283416748,0.21924087405204773,4,Q4-high,Medium
711,10033,12690,3,2-3,0.7972963005304337,0.7097311913967133,0.07122758030891418,0.3450291156768799,3,Q3,High
712,10123,738,4,4-5,0.8288030028343201,0.7474953234195709,0.253593385219574,0.25223249197006226,3,Q3,High
713,10125,17388,4,4-5,0.5082680284976959,0.3559076189994812,0.6477968692779541,0.643166184425354,1,Q1-low,Low
714,10146,18258,7,>=6,0.7412586212158203,0.4797213673591614,0.19212058186531067,0.6023181676864624,1,Q1-low,Medium
715,10154,8999,2,2-3,0.4441319704055786,0.4961801767349243,0.5388005971908569,0.49507462978363037,1,Q1-low,Low
716,10156,743,2,2-3,0.8625580370426178,0.7473605871200562,0.2913914620876312,0.2429513782262802,3,Q3,High
717,10207,18272,2,2-3,0.6365340352058411,0.6285922527313232,0.24216143786907196,0.40371930599212646,2,Q2,Low
718,10242,18200,3,2-3,0.768206313252449,0.5629372298717499,0.2449454814195633,0.4850921034812927,1,Q1-low,Medium
719,10274,14687,3,2-3,0.88259606808424,0.6295838952064514,0.20375892519950867,0.4120803773403168,2,Q2,High
720,10281,11385,2,2-3,0.4736154079437256,0.8920595198869705,0.07785937190055847,0.11546075344085693,4,Q4-high,Low
721,10323,4874,2,2-3,0.871988445520401,0.732251912355423,0.07161533832550049,0.31678128242492676,3,Q3,High
722,10349,14706,2,2-3,0.7410003542900085,0.47410672903060913,0.2100897580385208,0.6048441529273987,1,Q1-low,Medium
723,10350,762,2,2-3,0.937979057431221,0.784903958439827,0.10207979381084442,0.243350088596344,4,Q4-high,High
724,10362,763,3,2-3,0.645740419626236,0.6282413005828857,0.3535274863243103,0.37631648778915405,2,Q2,Low
725,10372,6353,2,2-3,0.8609445244073868,0.837642103433609,0.09067650139331818,0.1802782416343689,4,Q4-high,High
726,10374,5750,3,2-3,0.7399998009204865,0.501244992017746,0.47181272506713867,0.5054905414581299,1,Q1-low,Medium
727,10384,17891,1,1,,0.7142218351364136,0.17056232690811157,0.31458213925361633,3,Q3,Single-history
728,10386,18320,10,>=6,0.6076673269271851,0.7003332376480103,0.38084831833839417,0.27937138080596924,3,Q3,Low
729,10387,18320,3,2-3,0.741903692483902,0.8698553442955017,0.3997344374656677,0.06274721026420593,4,Q4-high,Medium
730,10388,18316,4,4-5,0.8487451523542404,0.4373907446861267,0.563348114490509,0.5624245405197144,1,Q1-low,High
731,10414,8991,4,4-5,0.8619439154863358,0.8156255036592484,0.21468904614448547,0.1767958551645279,4,Q4-high,High
732,10418,1227,3,2-3,0.5993342101573944,0.8572742640972137,0.16285334527492523,0.13769382238388062,4,Q4-high,Low
733,10421,16178,3,2-3,0.7413200438022614,0.8400688469409943,0.13895249366760254,0.16517581045627594,4,Q4-high,Medium
734,10447,7919,2,2-3,0.765822023153305,0.6767186522483826,0.15247686207294464,0.3659824728965759,2,Q2,Medium
735,10464,10788,2,2-3,0.6372798979282379,0.6244294941425323,0.15995681285858154,0.4294739365577698,2,Q2,Low
736,10480,17883,2,2-3,0.8602306991815567,0.820895254611969,0.21364033222198486,0.17047084867954254,4,Q4-high,High
737,10486,12577,3,2-3,0.3769450783729553,0.7011634409427643,0.18678948283195496,0.3268483281135559,3,Q3,Low
738,10491,17068,2,2-3,0.8432522118091583,0.7886242866516113,0.24959930777549744,0.20181980729103088,4,Q4-high,High
739,10505,16803,3,2-3,0.768018364906311,0.5441474914550781,0.361041784286499,0.4795551598072052,1,Q1-low,Medium
740,10516,14467,3,2-3,0.6177563965320587,0.7272334396839142,0.19051282107830048,0.29333001375198364,3,Q3,Low
741,10522,14568,2,2-3,0.7954807728528976,0.7191911935806274,0.2330898940563202,0.29273852705955505,3,Q3,High
742,10530,1245,2,2-3,0.8348250091075897,0.7417775690555573,0.1848391592502594,0.2765682339668274,3,Q3,High
743,10570,9186,3,2-3,0.7020595669746399,0.4964252710342407,0.1902148723602295,0.5819146633148193,1,Q1-low,Medium
744,10572,9621,2,2-3,0.6812310516834259,0.7664450258016586,0.1801241636276245,0.24691267311573029,3,Q3,Low
745,10589,4698,2,2-3,0.5109368860721588,0.6875662505626678,0.22975192964076996,0.3331041932106018,2,Q2,Low
746,10604,3204,2,2-3,0.783348873257637,0.7518762648105621,0.13338470458984375,0.276808500289917,3,Q3,Medium
747,10605,17566,2,2-3,0.8405894637107849,0.7032653391361237,0.12027038633823395,0.34085071086883545,3,Q3,High
748,10624,18216,3,2-3,0.6975365579128265,0.48024624586105347,0.46755170822143555,0.5328042507171631,1,Q1-low,Low
749,10640,3178,5,4-5,0.4779757261276245,0.5879309773445129,0.23015904426574707,0.45754650235176086,1,Q1-low,Low
750,10647,3114,5,4-5,0.7141489088535309,0.723390132188797,0.19747225940227509,0.2963942587375641,3,Q3,Medium
751,10651,7381,1,1,,0.7540767788887024,0.22908338904380798,0.2501331865787506,3,Q3,Single-history
752,10654,8143,3,2-3,0.7289724349975586,0.6234651207923889,0.2947102189064026,0.3969910144805908,2,Q2,Medium
753,10656,8657,3,2-3,0.5827662646770477,0.7641939371824265,0.251129686832428,0.23197513818740845,3,Q3,Low
754,10659,18278,4,4-5,0.750132367014885,0.6117629110813141,0.26027387380599976,0.42022788524627686,2,Q2,Medium
755,10664,2061,3,2-3,0.7021825313568115,0.7399014830589294,0.23019498586654663,0.26757439970970154,3,Q3,Medium
756,10666,14393,5,4-5,0.5923306345939636,0.5406258702278137,0.4162614941596985,0.47015225887298584,1,Q1-low,Low
757,10669,4294,2,2-3,0.8367527276277542,0.8631781041622162,0.1269262433052063,0.1392958015203476,4,Q4-high,High
758,10682,16043,4,4-5,0.6700564920902252,0.6617471873760223,0.27708908915519714,0.353543758392334,2,Q2,Low
759,10709,13451,2,2-3,0.7610462754964828,0.7151467800140381,0.4810815453529358,0.23579613864421844,3,Q3,Medium
760,10740,3485,2,2-3,0.6620734333992004,0.6606403589248657,0.21216191351413727,0.37115907669067383,2,Q2,Low
761,10744,5106,3,2-3,0.8259010314941406,0.6903320550918579,0.2001168578863144,0.3370557427406311,2,Q2,High
762,10766,926,2,2-3,0.8472824245691299,0.7225841581821442,0.2130705863237381,0.29350215196609497,3,Q3,High
763,10808,5027,2,2-3,0.5838967263698578,0.6855419278144836,0.3631129264831543,0.3022943437099457,2,Q2,Low
764,10823,804,3,2-3,0.7103124856948853,0.4940258860588074,0.4402819871902466,0.5223971009254456,1,Q1-low,Medium
765,10838,11213,2,2-3,0.8214441239833832,0.7491165399551392,0.28227734565734863,0.2430349737405777,3,Q3,High
766,10843,7375,3,2-3,0.6050188839435577,0.624001681804657,0.33653274178504944,0.3858647048473358,2,Q2,Low
767,10854,3076,6,>=6,0.7408230602741241,0.805887445807457,0.29128366708755493,0.16981977224349976,4,Q4-high,Medium
768,10861,13527,2,2-3,0.7346639931201935,0.8079339861869812,0.1680762618780136,0.198063462972641,4,Q4-high,Medium
769,10864,17085,6,>=6,0.8076676577329636,0.6346031129360199,0.1568862646818161,0.417524516582489,2,Q2,High
770,10880,18307,2,2-3,0.7008317708969116,0.7712372243404388,0.1921408474445343,0.23791825771331787,4,Q4-high,Medium
771,10881,18307,8,>=6,0.8160538822412491,0.5562015175819397,0.46560949087142944,0.438345730304718,1,Q1-low,High
772,10883,18244,4,4-5,0.8055004328489304,0.5893088281154633,0.27489104866981506,0.4446411728858948,1,Q1-low,High
773,10884,18307,2,2-3,0.8579117655754089,0.7617312371730804,0.2520233392715454,0.2348301112651825,3,Q3,High
774,10887,18227,2,2-3,0.7565919607877731,0.7681152373552322,0.2865981459617615,0.21820642054080963,3,Q3,Medium
775,10888,18133,3,2-3,0.8549692332744598,0.6681467890739441,0.13639691472053528,0.38071727752685547,2,Q2,High
776,10891,10047,7,>=6,0.800081729888916,0.5916742086410522,0.2646973729133606,0.44423288106918335,1,Q1-low,High
777,10893,8955,10,>=6,0.7671880125999451,0.6536462604999542,0.1296384036540985,0.4005325436592102,2,Q2,Medium
778,10900,15948,2,2-3,0.6517675817012787,0.7179382145404816,0.1050868034362793,0.3263055086135864,3,Q3,Low
779,10907,18307,4,4-5,0.7460427284240723,0.7058120965957642,0.12456800788640976,0.3365928530693054,3,Q3,Medium
780,10910,16674,4,4-5,0.8056183010339737,0.5028658509254456,0.3600119352340698,0.5314146876335144,1,Q1-low,High
781,10928,18258,5,4-5,0.7980971038341522,0.6201474368572235,0.23863136768341064,0.41515785455703735,2,Q2,High
782,10934,14851,2,2-3,0.8281645476818085,0.7466696202754974,0.16675418615341187,0.27497443556785583,3,Q3,High
783,10935,17435,2,2-3,0.8200117349624634,0.6520830392837524,0.2435850352048874,0.3739999532699585,2,Q2,High
784,10944,2508,2,2-3,0.6312499642372131,0.6406048536300659,0.29186445474624634,0.3762778043746948,2,Q2,Low
785,10993,17917,6,>=6,0.7475148737430573,0.7169468700885773,0.276025652885437,0.28481000661849976,3,Q3,Medium
786,10994,17007,2,2-3,0.8583532571792603,0.7080845832824707,0.26967573165893555,0.29747533798217773,3,Q3,High
787,10995,17437,2,2-3,0.7828473746776581,0.631472110748291,0.07471609115600586,0.44198083877563477,2,Q2,Medium
788,11022,18287,6,>=6,0.7166842818260193,0.5882156789302826,0.28237849473953247,0.44413578510284424,1,Q1-low,Medium
789,11031,1784,2,2-3,0.7568109035491943,0.8129575252532959,0.06824316084384918,0.21674230694770813,4,Q4-high,Medium
790,11064,15569,3,2-3,0.7085760235786438,0.6522123515605927,0.3501597046852112,0.3471946120262146,2,Q2,Medium
791,11089,4826,2,2-3,0.875600278377533,0.6394360363483429,0.22104012966156006,0.39544492959976196,2,Q2,High
792,11092,11276,3,2-3,0.7794595509767532,0.806750476360321,0.17145270109176636,0.1986987292766571,4,Q4-high,Medium
793,11128,12387,1,1,,0.8150560110807419,0.3224698305130005,0.15056252479553223,4,Q4-high,Single-history
794,11138,16359,1,1,,0.8201852589845657,0.24627631902694702,0.16319933533668518,4,Q4-high,Single-history
795,11142,17086,5,4-5,0.6998242139816284,0.6774498224258423,0.40389591455459595,0.30221372842788696,2,Q2,Medium
796,11149,5370,1,1,,0.8195256590843201,0.2537131905555725,0.1621646285057068,4,Q4-high,Single-history
797,11158,839,2,2-3,0.6676760315895081,0.7332169115543365,0.15397673845291138,0.2949846684932709,3,Q3,Low
798,11162,2434,2,2-3,0.8557049334049225,0.29249048233032227,0.6424564719200134,0.7237727642059326,1,Q1-low,High
799,11177,3216,1,1,,0.6213648021221161,0.32449066638946533,0.39217132329940796,2,Q2,Single-history
800,11186,845,2,2-3,0.7329404354095459,0.7886290997266769,0.16617552936077118,0.22266973555088043,4,Q4-high,Medium
801,11199,12613,4,4-5,0.8207835406064987,0.7076996564865112,0.14613942801952362,0.32884055376052856,3,Q3,High
802,11232,18318,2,2-3,0.8470687866210938,0.8606725931167603,0.12735387682914734,0.14232078194618225,4,Q4-high,High
803,11268,17280,1,1,,0.8249378800392151,0.2340151071548462,0.1603238582611084,4,Q4-high,Single-history
804,11274,16665,3,2-3,0.8338842839002609,0.5545928180217743,0.5321529507637024,0.42372071743011475,1,Q1-low,High
805,11306,4799,3,2-3,0.7709178328514099,0.7089708745479584,0.20619751513004303,0.312237024307251,3,Q3,Medium
806,11331,2083,6,>=6,0.7359497845172882,0.7116247117519379,0.18058902025222778,0.3153218626976013,3,Q3,Medium
807,11335,10668,3,2-3,0.7010957300662994,0.5412451028823853,0.13628560304641724,0.5393722057342529,1,Q1-low,Medium
808,11338,6388,2,2-3,0.5227808058261871,0.7125832438468933,0.2356216162443161,0.30036553740501404,3,Q3,Low
809,11343,3969,8,>=6,0.6357424855232239,0.708950400352478,0.15225926041603088,0.32574716210365295,3,Q3,Low
810,11361,5006,3,2-3,0.7817226648330688,0.6663989722728729,0.11595754325389862,0.3880118727684021,2,Q2,Medium
811,11404,18318,2,2-3,0.6634133756160736,0.6031691133975983,0.2875184714794159,0.4241589605808258,1,Q1-low,Low
812,11452,15117,5,4-5,0.7714169770479202,0.6320685148239136,0.2640238106250763,0.39390838146209717,2,Q2,Medium
813,11483,10718,2,2-3,0.8111566007137299,0.6482350528240204,0.11775515228509903,0.4102674126625061,2,Q2,High
814,11484,3287,3,2-3,0.6703988611698151,0.5364617705345154,0.12506821751594543,0.5481557250022888,1,Q1-low,Low
815,11498,5026,3,2-3,0.6793725192546844,0.7031704485416412,0.29452723264694214,0.2974051237106323,3,Q3,Low
816,11512,13876,2,2-3,0.735832154750824,0.7433497309684753,0.12788772583007812,0.2888408899307251,3,Q3,Medium
817,11528,2289,2,2-3,0.7561271339654922,0.7759975045919418,0.1487932950258255,0.24280478060245514,4,Q4-high,Medium
818,11576,8125,4,4-5,0.7644829005002975,0.6099663972854614,0.20922619104385376,0.4352354407310486,2,Q2,Medium
819,11598,18334,4,4-5,0.8351892232894897,0.7218424677848816,0.20638449490070343,0.29610079526901245,3,Q3,High
820,11603,1939,6,>=6,0.7297678887844086,0.49360203742980957,0.6142507791519165,0.4794347286224365,1,Q1-low,Medium
821,11629,17954,10,>=6,0.6793963015079498,0.504520982503891,0.17908653616905212,0.5745771527290344,1,Q1-low,Low
822,11632,16103,4,4-5,0.6682344377040863,0.5542068779468536,0.1871688961982727,0.5104491710662842,1,Q1-low,Low
823,11646,17943,6,>=6,0.8135102391242981,0.7503868788480759,0.29377952218055725,0.23857152462005615,3,Q3,High
824,11656,18064,6,>=6,0.7504833340644836,0.7187182009220123,0.4080961346626282,0.24957820773124695,3,Q3,Medium
825,11681,18326,7,>=6,0.8238180875778198,0.7952931523323059,0.25593820214271545,0.19189898669719696,4,Q4-high,High
826,11704,889,2,2-3,0.9373267590999603,0.7880302369594574,0.21543584764003754,0.21110323071479797,4,Q4-high,High
827,11722,18307,2,2-3,0.8758317530155182,0.8310684114694595,0.12712834775447845,0.17938239872455597,4,Q4-high,High
828,11757,3718,5,4-5,0.6990434527397156,0.3992053270339966,0.3141637146472931,0.6724523305892944,1,Q1-low,Low
829,11763,8267,1,1,,0.6368518471717834,0.37277597188949585,0.36074119806289673,2,Q2,Single-history
830,11814,9853,2,2-3,0.8468009233474731,0.7485331296920776,0.18785333633422852,0.2673702538013458,3,Q3,High
831,11818,14423,3,2-3,0.6261682510375977,0.7801775634288788,0.1702071726322174,0.23222625255584717,4,Q4-high,Low
832,11848,10233,4,4-5,0.7878747433423996,0.44598716497421265,0.7393722534179688,0.5076729655265808,1,Q1-low,High
833,11863,12901,3,2-3,0.8545492738485336,0.7308932840824127,0.20410706102848053,0.2853566110134125,3,Q3,High
834,11874,918,2,2-3,0.7637548744678497,0.8006568998098373,0.2862703204154968,0.17761129140853882,4,Q4-high,Medium
835,11927,18298,4,4-5,0.8090857714414597,0.5906353890895844,0.32247394323349,0.4310872554779053,1,Q1-low,High
836,11931,1007,3,2-3,0.4990001320838928,0.8652656823396683,0.0647076815366745,0.15224097669124603,4,Q4-high,Low
837,11932,927,2,2-3,0.7396076619625092,0.7194586098194122,0.2990018427371979,0.27592629194259644,3,Q3,Medium
838,11944,15354,6,>=6,0.7277954518795013,0.6146960258483887,0.3848227858543396,0.38542425632476807,2,Q2,Medium
839,11953,14850,4,4-5,0.708932101726532,0.6236980557441711,0.22606118023395538,0.41386210918426514,2,Q2,Medium
840,11956,17407,7,>=6,0.6859053671360016,0.4882735013961792,0.47441691160202026,0.5210538506507874,1,Q1-low,Low
841,12035,3181,2,2-3,0.7570372819900513,0.7687905579805374,0.407094806432724,0.18723809719085693,3,Q3,Medium
842,12045,16332,7,>=6,0.7237783670425415,0.7440910041332245,0.22520604729652405,0.2635847330093384,3,Q3,Medium
843,12075,18268,3,2-3,0.7847621440887451,0.8075035065412521,0.2776559889316559,0.17120660841464996,4,Q4-high,High
844,12091,10468,2,2-3,0.786083310842514,0.8348720222711563,0.1534888744354248,0.16803774237632751,4,Q4-high,High
845,12099,11941,2,2-3,0.7265888452529907,0.6098873615264893,0.07978208363056183,0.46769529581069946,2,Q2,Medium
846,12125,18273,2,2-3,0.9229818731546402,0.7202365696430206,0.2232547253370285,0.2938905954360962,3,Q3,High
847,12129,16914,2,2-3,0.4510014057159424,0.6854422390460968,0.2819979786872864,0.3226976990699768,2,Q2,Low
848,12137,17943,3,2-3,0.7415505945682526,0.8102698773145676,0.1304260939359665,0.20455613732337952,4,Q4-high,Medium
849,12147,6706,5,4-5,0.420954167842865,0.38929158449172974,0.7942764163017273,0.564816415309906,1,Q1-low,Low
850,12195,12528,2,2-3,0.8625957518815994,0.7292863130569458,0.3205212950706482,0.2582617998123169,3,Q3,High
851,12202,18307,2,2-3,0.8802807107567787,0.8540772795677185,0.1611465960741043,0.1421167403459549,4,Q4-high,High
852,12224,9118,10,>=6,0.6254196166992188,0.6941113770008087,0.29216280579566956,0.3093200922012329,2,Q2,Low
853,12226,18236,1,1,,0.7511520385742188,0.20162051916122437,0.2606548070907593,3,Q3,Single-history
854,12232,1651,2,2-3,0.8204857110977173,0.7057420611381531,0.10805993527173996,0.3408074378967285,3,Q3,High
855,12265,14751,2,2-3,0.8329969793558121,0.8249262422323227,0.07544499635696411,0.1999809443950653,4,Q4-high,High
856,12270,6879,9,>=6,0.7484104037284851,0.5893258154392242,0.15252169966697693,0.4752122759819031,1,Q1-low,Medium
857,12294,15705,3,2-3,0.7453151047229767,0.6213002502918243,0.20043286681175232,0.4232664704322815,2,Q2,Medium
858,12306,16791,4,4-5,0.827648475766182,0.6969901919364929,0.20946860313415527,0.32639509439468384,2,Q2,High
859,12314,5163,2,2-3,0.8069927245378494,0.7687684297561646,0.15183696150779724,0.2510802149772644,3,Q3,High
860,12340,16791,4,4-5,0.6943617165088654,0.6979086399078369,0.289466917514801,0.3052474558353424,2,Q2,Low
861,12342,5119,2,2-3,0.7794407308101654,0.7594814598560333,0.38966578245162964,0.20323172211647034,3,Q3,Medium
862,12355,1118,3,2-3,0.604554295539856,0.6747927665710449,0.39858269691467285,0.30686336755752563,2,Q2,Low
863,12375,13373,3,2-3,0.6426100730895996,0.6196192502975464,0.3184152841567993,0.3958721160888672,2,Q2,Low
864,12409,9866,3,2-3,0.7178469300270081,0.6380375027656555,0.43629151582717896,0.3433802127838135,2,Q2,Medium
865,12410,18307,5,4-5,0.7251420617103577,0.8127630949020386,0.0972219705581665,0.20974063873291016,4,Q4-high,Medium
866,12443,18333,2,2-3,0.5917962193489075,0.6467409133911133,0.3078708052635193,0.3646061420440674,2,Q2,Low
867,12451,9405,3,2-3,0.828598365187645,0.7804021835327148,0.2565521001815796,0.21035924553871155,4,Q4-high,High
868,12455,18320,3,2-3,0.6943283975124359,0.8090250492095947,0.3049802780151367,0.1624736189842224,4,Q4-high,Low
869,12484,18298,4,4-5,0.4930517077445984,0.42132341861724854,0.25678128004074097,0.6591503620147705,1,Q1-low,Low
870,12498,18315,7,>=6,0.6996331512928009,0.4912770986557007,0.33443716168403625,0.5522943735122681,1,Q1-low,Medium
871,12525,18276,6,>=6,0.718057781457901,0.7202504277229309,0.2861557602882385,0.27814802527427673,3,Q3,Medium
872,12526,17086,2,2-3,0.7952812612056732,0.8217460811138153,0.13195690512657166,0.18982815742492676,4,Q4-high,High
873,12528,18287,3,2-3,0.5629611909389496,0.7277446091175079,0.07166863977909088,0.32240206003189087,3,Q3,Low
874,12532,18307,5,4-5,0.7376645803451538,0.7732062935829163,0.11028376966714859,0.2559211850166321,4,Q4-high,Medium
875,12536,18277,2,2-3,0.7514537423849106,0.8504503518342972,0.1944441795349121,0.1383260190486908,4,Q4-high,Medium
876,12538,18258,4,4-5,0.6944820582866669,0.565038800239563,0.18714886903762817,0.496914267539978,1,Q1-low,Low
877,12541,18334,8,>=6,0.8556096404790878,0.6845255196094513,0.16548028588294983,0.3529730439186096,2,Q2,High
878,12567,6751,2,2-3,0.7552608102560043,0.7251271903514862,0.5464702248573303,0.20697343349456787,3,Q3,Medium
879,12604,13362,4,4-5,0.6494440138339996,0.4064236283302307,0.3200109601020813,0.6619676947593689,1,Q1-low,Low
880,12614,13884,3,2-3,0.6319359242916107,0.6259717345237732,0.36586809158325195,0.3760682940483093,2,Q2,Low
881,12615,10459,3,2-3,0.7650409489870071,0.6373327970504761,0.3303319811820984,0.37075096368789673,2,Q2,Medium
882,12616,13654,4,4-5,0.5399351119995117,0.5172432959079742,0.2674054503440857,0.5365945100784302,1,Q1-low,Low
883,12637,7962,1,1,,0.8907508328557014,0.17280834913253784,0.09335936605930328,4,Q4-high,Single-history
884,12643,2881,2,2-3,0.7978123873472214,0.7702660858631134,0.14669091999530792,0.25049465894699097,4,Q4-high,High
885,12644,13316,3,2-3,0.6807805597782135,0.42517638206481934,0.5151998996734619,0.5897295475006104,1,Q1-low,Low
886,12655,9233,3,2-3,0.7997908592224121,0.6514535546302795,0.2062244415283203,0.3841269314289093,2,Q2,High
887,12662,18195,7,>=6,0.7966062426567078,0.5622127950191498,0.20771950483322144,0.4953041076660156,1,Q1-low,High
888,12666,13237,2,2-3,0.7819833755493164,0.7682429999113083,0.20642799139022827,0.23808923363685608,3,Q3,Medium
889,12667,15439,1,1,,0.740288496017456,0.46263355016708374,0.2089809775352478,3,Q3,Single-history
890,12670,4768,2,2-3,0.7163054347038269,0.4148268699645996,0.412577360868454,0.6283220648765564,1,Q1-low,Medium
891,12677,8479,3,2-3,0.8364361077547073,0.6458521485328674,0.30134016275405884,0.3673497438430786,2,Q2,High
892,12692,14484,2,2-3,0.9210703521966934,0.8770105987787247,0.11972691118717194,0.12380501627922058,4,Q4-high,High
893,12733,7560,2,2-3,0.6561892926692963,0.7455506324768066,0.1426384449005127,0.2824020981788635,3,Q3,Low
894,12749,18216,3,2-3,0.6716649234294891,0.6804889738559723,0.4530918002128601,0.286115825176239,2,Q2,Low
895,12760,13395,3,2-3,0.7223033308982849,0.7700405269861221,0.13229507207870483,0.2543755769729614,4,Q4-high,Medium
896,12764,2489,5,4-5,0.7128778398036957,0.4978785514831543,0.14992275834083557,0.5901710987091064,1,Q1-low,Medium
897,12801,18307,4,4-5,0.8498035669326782,0.8084511458873749,0.17314037680625916,0.19615095853805542,4,Q4-high,High
898,12811,16435,2,2-3,0.6424726247787476,0.7316416501998901,0.23785103857517242,0.2759851813316345,3,Q3,Low
899,12831,15705,1,1,,0.8051649779081345,0.23974642157554626,0.18360716104507446,4,Q4-high,Single-history
900,12840,1088,9,>=6,0.8182373642921448,0.5528847873210907,0.33111870288848877,0.47611433267593384,1,Q1-low,High
901,12853,15758,2,2-3,0.7340292632579803,0.622119814157486,0.11647126078605652,0.4432324171066284,2,Q2,Medium
902,12866,14860,4,4-5,0.7197051346302032,0.6425319314002991,0.16497117280960083,0.40559226274490356,2,Q2,Medium
903,12873,17473,2,2-3,0.6797612905502319,0.6356261372566223,0.38419583439826965,0.3594183325767517,2,Q2,Low
904,12874,8413,2,2-3,0.4953921437263489,0.7337195575237274,0.3830336630344391,0.23709213733673096,3,Q3,Low
905,12892,4219,2,2-3,0.7998006790876389,0.6201057434082031,0.18831849098205566,0.4277881979942322,2,Q2,High
906,12901,4128,2,2-3,1.0359585136175156,0.6598902642726898,0.1860635131597519,0.37862128019332886,2,Q2,High
907,12915,9229,6,>=6,0.8191922605037689,0.7339629232883453,0.2334400713443756,0.27418631315231323,3,Q3,High
908,12921,4097,3,2-3,0.8154972642660141,0.1611849069595337,0.8738903999328613,0.8300462365150452,1,Q1-low,High
909,12941,3276,3,2-3,0.6093693673610687,0.4120631217956543,0.30684882402420044,0.6582088470458984,1,Q1-low,Low
910,12946,14677,2,2-3,0.8246970772743225,0.751784548163414,0.1059638112783432,0.2837783694267273,3,Q3,High
911,12999,16033,2,2-3,0.6517395079135895,0.6004176735877991,0.31125766038894653,0.42166346311569214,1,Q1-low,Low
912,13002,18252,2,2-3,0.7793106287717819,0.7524121403694153,0.17824965715408325,0.2649224102497101,3,Q3,Medium
913,13033,17880,2,2-3,0.6724491119384766,0.6826459765434265,0.14438344538211823,0.3605966567993164,2,Q2,Low
914,13112,17025,4,4-5,0.7213006019592285,0.683780312538147,0.4241296052932739,0.2892422080039978,2,Q2,Medium
915,13113,2817,6,>=6,0.7525591850280762,0.6120166778564453,0.28316575288772583,0.4141877293586731,2,Q2,Medium
916,13134,5687,2,2-3,0.6839258074760437,0.6809994280338287,0.08477653563022614,0.37755656242370605,2,Q2,Low
917,13145,17303,2,2-3,0.8474402725696564,0.5280342996120453,0.5398496389389038,0.45499467849731445,1,Q1-low,High
918,13176,1081,3,2-3,0.7475503981113434,0.8017006069421768,0.1527804434299469,0.20967912673950195,4,Q4-high,Medium
919,13189,2990,3,2-3,0.5388829708099365,0.6666116714477539,0.3374443054199219,0.33237433433532715,2,Q2,Low
920,13240,13396,2,2-3,0.6461873948574066,0.3410705327987671,0.22129669785499573,0.768337607383728,1,Q1-low,Low
921,13244,18051,2,2-3,0.9846170572564006,0.7704170644283295,0.15010251104831696,0.24945303797721863,4,Q4-high,High
922,13268,16106,2,2-3,0.8513059318065643,0.612101137638092,0.4904528260231018,0.3622603714466095,2,Q2,High
923,13303,11651,3,2-3,0.7050179541110992,0.6436551511287689,0.21993064880371094,0.3904483914375305,2,Q2,Medium
924,13304,17020,2,2-3,0.8023898303508759,0.7705206871032715,0.17636963725090027,0.24275673925876617,4,Q4-high,High
925,13317,9299,2,2-3,0.5895492434501648,0.6682905554771423,0.18732024729251862,0.36780673265457153,2,Q2,Low
926,13333,18237,3,2-3,0.8826140239834785,0.7898954451084137,0.37833794951438904,0.16804620623588562,4,Q4-high,High
927,13342,16614,1,1,,0.8040198385715485,0.3833844065666199,0.14912910759449005,4,Q4-high,Single-history
928,13358,3694,3,2-3,0.7611318975687027,0.7719753682613373,0.41574180126190186,0.18109533190727234,4,Q4-high,Medium
929,13376,9009,3,2-3,0.8564435690641403,0.7760673463344574,0.1225668340921402,0.2492741048336029,4,Q4-high,High
930,13387,15195,2,2-3,0.7153056859970093,0.7883860766887665,0.17758172750473022,0.22012196481227875,4,Q4-high,Medium
931,13395,4304,1,1,,0.9360171630978584,0.07047062367200851,0.062360893934965134,4,Q4-high,Single-history
932,13398,6048,2,2-3,0.6562249064445496,0.6975047886371613,0.18636590242385864,0.3315275311470032,2,Q2,Low
933,13399,6995,4,4-5,0.7503388673067093,0.5830570459365845,0.6007845401763916,0.3709825277328491,1,Q1-low,Medium
934,13423,15311,5,4-5,0.64204341173172,0.4596036672592163,0.5680575370788574,0.5334810018539429,1,Q1-low,Low
935,13439,8476,3,2-3,0.8695505410432816,0.5908524692058563,0.16414037346839905,0.47039932012557983,1,Q1-low,High
936,13489,14582,6,>=6,0.8273526579141617,0.6739349961280823,0.2543542683124542,0.3439926505088806,2,Q2,High
937,13504,17545,4,4-5,0.839679554104805,0.7385753691196442,0.22952699661254883,0.2693990468978882,3,Q3,High
938,13518,14883,2,2-3,0.3121899366378784,0.6190008521080017,0.46756303310394287,0.35935819149017334,2,Q2,Low
939,13530,7663,4,4-5,0.6822858452796936,0.8029898703098297,0.21833102405071259,0.19167989492416382,4,Q4-high,Low
940,13562,1133,5,4-5,0.6984013319015503,0.5425607562065125,0.3883885443210602,0.4747018814086914,1,Q1-low,Low
941,13623,8756,4,4-5,0.6448328495025635,0.6333414018154144,0.35101863741874695,0.37056857347488403,2,Q2,Low
942,13660,9687,2,2-3,0.8658568412065506,0.5466295480728149,0.13433046638965607,0.5331304669380188,1,Q1-low,High
943,13709,2632,4,4-5,0.8123172521591187,0.7926225364208221,0.11816896498203278,0.22967958450317383,4,Q4-high,High
944,13722,3359,5,4-5,0.7347019016742706,0.7450514733791351,0.14268270134925842,0.2830149829387665,3,Q3,Medium
945,13746,14423,2,2-3,0.9198314249515533,0.75016088783741,0.2071298062801361,0.2605164349079132,3,Q3,High
946,13819,7991,4,4-5,0.7161657512187958,0.8791252672672272,0.07280190289020538,0.1328929364681244,4,Q4-high,Medium
947,13883,18246,2,2-3,0.742672860622406,0.7463963329792023,0.1461138129234314,0.2804761230945587,3,Q3,Medium
948,13886,18209,3,2-3,0.7493591606616974,0.6224173307418823,0.24908219277858734,0.40970778465270996,2,Q2,Medium
949,13910,5037,2,2-3,0.7215973734855652,0.7462995946407318,0.3455390930175781,0.2307407259941101,3,Q3,Medium
950,13934,1304,10,>=6,0.6746774613857269,0.7322990298271179,0.21620593965053558,0.2805747389793396,3,Q3,Low
951,13935,17714,10,>=6,0.6223655641078949,0.5041398406028748,0.33590343594551086,0.5358493328094482,1,Q1-low,Low
952,13944,5765,2,2-3,0.845595508813858,0.7661343812942505,0.22429049015045166,0.23625940084457397,3,Q3,High
953,14048,13369,2,2-3,0.5848499536514282,0.41218453645706177,0.27832359075546265,0.6651884317398071,1,Q1-low,Low
954,14054,7500,2,2-3,0.381041944026947,0.7278478741645813,0.2068423330783844,0.2884795665740967,3,Q3,Low
955,14090,17285,2,2-3,0.6501716375350952,0.6855315864086151,0.2747044563293457,0.3244094252586365,2,Q2,Low
956,14136,15413,3,2-3,0.7895244508981705,0.688638836145401,0.3642585277557373,0.298136830329895,2,Q2,High
957,14204,10536,1,1,,0.9552255757153034,0.2991192042827606,-0.018811769783496857,4,Q4-high,Single-history
958,14251,14934,2,2-3,0.8037509769201279,0.7423365414142609,0.26143985986709595,0.25671935081481934,3,Q3,High
959,14254,18305,2,2-3,0.6533575057983398,0.5432381629943848,0.22806602716445923,0.5139358043670654,1,Q1-low,Low
960,14270,17756,2,2-3,0.6451141834259033,0.7132508754730225,0.40201127529144287,0.2579335570335388,3,Q3,Low
961,14273,17385,3,2-3,0.5271419584751129,0.5611793696880341,0.27660316228866577,0.4793750047683716,1,Q1-low,Low
962,14296,1706,2,2-3,0.8510134369134903,0.49860477447509766,0.32592353224754333,0.5452631711959839,1,Q1-low,High
963,14331,18139,3,2-3,0.4795517921447754,0.3230127692222595,0.46470907330513,0.7300567626953125,1,Q1-low,Low
964,14342,16123,3,2-3,0.5974054336547852,0.7926790118217468,0.28403550386428833,0.18814235925674438,4,Q4-high,Low
965,14347,5895,2,2-3,0.7714717835187912,0.7798792719841003,0.3484830856323242,0.18803012371063232,4,Q4-high,Medium
966,14366,5425,6,>=6,0.5755768418312073,0.5956180095672607,0.10912798345088959,0.47819551825523376,1,Q1-low,Low
967,14393,1551,3,2-3,0.7464340329170227,0.5703969895839691,0.18488897383213043,0.4907815158367157,1,Q1-low,Medium
968,14404,9606,7,>=6,0.7862071245908737,0.6765418946743011,0.17809823155403137,0.3597980737686157,2,Q2,High
969,14438,12047,6,>=6,0.8053944259881973,0.5640776753425598,0.24620506167411804,0.4833516478538513,1,Q1-low,High
970,14454,5605,4,4-5,0.7354539036750793,0.5739597678184509,0.3987697958946228,0.43285781145095825,1,Q1-low,Medium
971,14468,17235,6,>=6,0.8115292489528656,0.760116383433342,0.19181323051452637,0.25190120935440063,3,Q3,High
972,14479,11554,3,2-3,0.7074228227138519,0.5165446698665619,0.5066127777099609,0.4776659607887268,1,Q1-low,Medium
973,14594,18208,3,2-3,0.6711164712905884,0.5673825442790985,0.17504377663135529,0.49701085686683655,1,Q1-low,Low
974,14625,6599,4,4-5,0.5730739533901215,0.7440866231918335,0.1978836953639984,0.2704208195209503,3,Q3,Low
975,14674,17616,1,1,,0.6731856763362885,0.2232351303100586,0.3527091145515442,2,Q2,Single-history
976,14682,16270,5,4-5,0.8396655470132828,0.7185185253620148,0.22262510657310486,0.2961955666542053,3,Q3,High
977,14683,5968,2,2-3,0.811822921037674,0.7753962278366089,0.2595471143722534,0.21586793661117554,4,Q4-high,High
978,14694,8301,3,2-3,0.8571760505437851,0.7329650521278381,0.1503673642873764,0.29620182514190674,3,Q3,High
979,14714,18274,9,>=6,0.6929285228252411,0.44943690299987793,0.4877781867980957,0.5662592649459839,1,Q1-low,Low
980,14732,17177,2,2-3,0.6669421195983887,0.7662234008312225,0.18416862189769745,0.24617859721183777,3,Q3,Low
981,14738,18148,2,2-3,0.6327257752418518,0.6686184406280518,0.08652091771364212,0.3925967216491699,2,Q2,Low
982,14742,8972,2,2-3,0.6054864227771759,0.4865652322769165,0.3850609362125397,0.5455281734466553,1,Q1-low,Low
983,14749,12497,2,2-3,0.7883661389350891,0.665915459394455,0.21670503914356232,0.36342939734458923,2,Q2,High
984,14772,17586,2,2-3,0.822986289858818,0.7369911074638367,0.2643924355506897,0.26266300678253174,3,Q3,High
985,14786,18232,3,2-3,0.7727386504411697,0.7768518179655075,0.14503315091133118,0.24267694354057312,4,Q4-high,Medium
986,14787,17086,4,4-5,0.7562231868505478,0.7820426672697067,0.38125401735305786,0.17713315784931183,4,Q4-high,Medium
987,14790,7329,2,2-3,0.8073556423187256,0.6694392263889313,0.18421050906181335,0.3671483099460602,2,Q2,High
988,14791,11551,2,2-3,0.7612034678459167,0.6985467672348022,0.3060944676399231,0.3002929091453552,3,Q3,Medium
989,14800,17699,2,2-3,0.784081369638443,0.8028921484947205,0.1787036955356598,0.20170888304710388,4,Q4-high,High
990,14804,6369,4,4-5,0.730889081954956,0.7723006159067154,0.09715968370437622,0.260334312915802,4,Q4-high,Medium
991,14852,18279,3,2-3,0.9590929448604584,0.6968148350715637,0.24357719719409943,0.3180871605873108,2,Q2,High
992,14876,16200,3,2-3,0.7532239109277725,0.5683678090572357,0.28644824028015137,0.4679281711578369,1,Q1-low,Medium
993,14899,18218,5,4-5,0.7166131734848022,0.7892359495162964,0.156228706240654,0.22439788281917572,4,Q4-high,Medium
994,14929,2083,2,2-3,0.9281776174902916,0.606348842382431,0.28144752979278564,0.4217020869255066,1,Q1-low,High
995,14934,1280,2,2-3,0.3457373380661011,0.7425146996974945,0.2594531178474426,0.2569933533668518,3,Q3,Low
996,14959,11567,4,4-5,0.8005947321653366,0.6752872467041016,0.3539103865623474,0.317413330078125,2,Q2,High
997,14994,7324,4,4-5,0.5923140943050385,0.7534320205450058,0.17824843525886536,0.2636478543281555,3,Q3,Low
998,15000,15269,2,2-3,0.8829006850719452,0.6900806725025177,0.14486001431941986,0.3511841595172882,2,Q2,High
999,15038,18280,3,2-3,0.857627272605896,0.7726857960224152,0.18615412712097168,0.23760423064231873,4,Q4-high,High
1000,15046,10128,5,4-5,0.800165131688118,0.5865843892097473,0.1522497534751892,0.47870707511901855,1,Q1-low,High
1001,15048,7797,2,2-3,0.7987006902694702,0.8278398811817169,0.06258998066186905,0.19955265522003174,4,Q4-high,High
1002,15103,2139,2,2-3,0.8423190414905548,0.8009919971227646,0.15130969882011414,0.21093258261680603,4,Q4-high,High
1003,15124,12508,8,>=6,0.701149970293045,0.5299336016178131,0.12234378606081009,0.5569970607757568,1,Q1-low,Medium
1004,15154,15349,2,2-3,0.8849648907780647,0.5824619829654694,0.16047444939613342,0.48180389404296875,1,Q1-low,High
1005,15157,13506,1,1,,0.9309757798910141,0.2196516990661621,0.03136734664440155,4,Q4-high,Single-history
1006,15193,18349,4,4-5,0.7140056192874908,0.8170628547668457,0.267109751701355,0.16189399361610413,4,Q4-high,Medium
1007,15200,13419,1,1,,0.6284396648406982,0.24990718066692352,0.4019736051559448,2,Q2,Single-history
1008,15213,1313,2,2-3,0.890112429857254,0.8278779536485672,0.3061572313308716,0.1386132538318634,4,Q4-high,High
1009,15225,4530,3,2-3,0.7564405351877213,0.6757315397262573,0.3470327854156494,0.3185773491859436,2,Q2,Medium
1010,15236,9572,3,2-3,0.43985551595687866,0.8317048847675323,0.11685798317193985,0.18115440011024475,4,Q4-high,Low
1011,15280,5574,3,2-3,0.6559222638607025,0.5789209604263306,0.4040599465370178,0.42533376812934875,1,Q1-low,Low
1012,15285,3496,4,4-5,0.679442822933197,0.7445423007011414,0.20836666226387024,0.26723045110702515,3,Q3,Low
1013,15301,15305,3,2-3,0.6545187532901764,0.6377973258495331,0.26130107045173645,0.38742804527282715,2,Q2,Low
1014,15302,11494,2,2-3,0.8000623285770416,0.3746739625930786,0.2651165723800659,0.7153783440589905,1,Q1-low,High
1015,15317,17194,4,4-5,0.7628782987594604,0.5782477557659149,0.32854849100112915,0.4450531601905823,1,Q1-low,Medium
1016,15344,12651,3,2-3,0.7084465622901917,0.4978458881378174,0.22747153043746948,0.5708247423171997,1,Q1-low,Medium
1017,15355,18307,2,2-3,0.7785550951957703,0.6967610716819763,0.1542857587337494,0.34047722816467285,2,Q2,Medium
1018,15364,1616,2,2-3,0.7778036892414093,0.6652810871601105,0.20534519851207733,0.3670623302459717,2,Q2,Medium
1019,15390,1344,2,2-3,0.8221985399723053,0.7502506971359253,0.13561111688613892,0.27828383445739746,3,Q3,High
1020,15400,18079,2,2-3,0.8169035613536835,0.7091690003871918,0.3930865526199341,0.26526710391044617,3,Q3,High
1021,15435,2184,3,2-3,0.515773743391037,0.7976529002189636,0.11270651966333389,0.22475725412368774,4,Q4-high,Low
1022,15459,14632,5,4-5,0.7353890538215637,0.522689700126648,0.3682838976383209,0.5045669078826904,1,Q1-low,Medium
1023,15466,16243,4,4-5,0.7214759588241577,0.756363108754158,0.17179250717163086,0.26159799098968506,3,Q3,Medium
1024,15479,17262,6,>=6,0.7735099941492081,0.8038314431905746,0.24187475442886353,0.1847420036792755,4,Q4-high,Medium
1025,15499,16628,2,2-3,0.8577252924442291,0.7285982370376587,0.3702085614204407,0.24670004844665527,3,Q3,High
1026,15510,5032,2,2-3,0.6865541338920593,0.45503199100494385,0.1196988970041275,0.6512852311134338,1,Q1-low,Low
1027,15532,7551,1,1,,0.6981653571128845,0.21334633231163025,0.3239567279815674,2,Q2,Single-history
1028,15543,12564,2,2-3,0.8877853527665138,0.7123903930187225,0.5450891256332397,0.2232397347688675,3,Q3,High
1029,15546,4997,4,4-5,0.7446675896644592,0.8327400982379913,0.12370529025793076,0.178148552775383,4,Q4-high,Medium
1030,15558,17998,2,2-3,0.797893226146698,0.8308816701173782,0.11733315140008926,0.18206462264060974,4,Q4-high,High
1031,15572,8902,1,1,,0.6583797037601471,0.31112349033355713,0.34924450516700745,2,Q2,Single-history
1032,15614,18325,4,4-5,0.7830660194158554,0.656502902507782,0.17458520829677582,0.38572508096694946,2,Q2,Medium
1033,15621,12104,2,2-3,0.5017056167125702,0.7276755571365356,0.3781577944755554,0.2458660751581192,3,Q3,Low
1034,15682,15312,6,>=6,0.6270395219326019,0.5331257581710815,0.10235749185085297,0.5580034255981445,1,Q1-low,Low
1035,15690,14153,3,2-3,0.6983145177364349,0.6999822556972504,0.234062060713768,0.31650665402412415,3,Q3,Low
1036,15717,2276,7,>=6,0.7628452479839325,0.43206852674484253,0.3894692361354828,0.6125470399856567,1,Q1-low,Medium
1037,15728,9034,3,2-3,0.8192464709281921,0.7083204984664917,0.21247261762619019,0.31148120760917664,3,Q3,High
1038,15761,14153,2,2-3,0.4272352457046509,0.7890738397836685,0.31174516677856445,0.18572139739990234,4,Q4-high,Low
1039,15772,5739,3,2-3,0.6989524960517883,0.752839595079422,0.2973873019218445,0.2346036732196808,3,Q3,Low
1040,15795,6325,2,2-3,0.7780231237411499,0.7709305882453918,0.12002222239971161,0.256331205368042,4,Q4-high,Medium
1041,15806,6163,10,>=6,0.7582481205463409,0.27807456254959106,0.4647218585014343,0.7862262725830078,1,Q1-low,Medium
1042,15808,7479,8,>=6,0.7199490368366241,0.6757192313671112,0.23831865191459656,0.34577131271362305,2,Q2,Medium
1043,15822,15536,1,1,,0.8100814074277878,0.190964475274086,0.18965710699558258,4,Q4-high,Single-history
1044,15823,17696,2,2-3,0.8264098167419434,0.8984834924340248,0.13694129884243011,0.09266030788421631,4,Q4-high,High
1045,15827,7000,4,4-5,0.7542058229446411,0.5072683691978455,0.4444954991340637,0.5047906637191772,1,Q1-low,Medium
1046,15855,10828,2,2-3,0.9063016921281815,0.76771479845047,0.283993661403656,0.21935808658599854,3,Q3,High
1047,15864,3614,3,2-3,0.7577556520700455,0.6798897087574005,0.5298917293548584,0.26766493916511536,2,Q2,Medium
1048,15912,2093,3,2-3,0.8132386952638626,0.5706344246864319,0.1811433732509613,0.491421103477478,1,Q1-low,High
1049,15935,11500,2,2-3,0.8113856166601181,0.7106592357158661,0.23748217523097992,0.3023054003715515,3,Q3,High
1050,15971,13943,2,2-3,0.639907956123352,0.7459120452404022,0.3556470572948456,0.22869817912578583,3,Q3,Low
1051,15981,6327,4,4-5,0.7394026815891266,0.7156748473644257,0.2636045813560486,0.2895053029060364,3,Q3,Medium
1052,15985,17264,3,2-3,0.7238356173038483,0.806090846657753,0.1778629869222641,0.19792068004608154,4,Q4-high,Medium
1053,16030,4158,4,4-5,0.753700852394104,0.7922007739543915,0.2953721880912781,0.18590599298477173,4,Q4-high,Medium
1054,16054,8999,2,2-3,0.9023841619491577,0.7728889584541321,0.2413291186094284,0.2235565036535263,4,Q4-high,High
1055,16055,3747,2,2-3,0.5933696627616882,0.8626993000507355,0.2778925895690918,0.10215272009372711,4,Q4-high,Low
1056,16085,17824,6,>=6,0.7306761741638184,0.704395979642868,0.23997128009796143,0.309512197971344,3,Q3,Medium
1057,16099,3541,2,2-3,0.6648367941379547,0.8169660568237305,0.17904958128929138,0.18403002619743347,4,Q4-high,Low
1058,16105,14565,5,4-5,0.7770489007234573,0.46050047874450684,0.13435983657836914,0.6407843828201294,1,Q1-low,Medium
1059,16174,18098,3,2-3,0.7619975358247757,0.6919798851013184,0.3082762360572815,0.3079560697078705,2,Q2,Medium
1060,16205,17886,2,2-3,0.756040409207344,0.6023131310939789,0.2783506512641907,0.42752090096473694,1,Q1-low,Medium
1061,16220,14565,1,1,,0.7937031835317612,0.35460010170936584,0.16922098398208618,4,Q4-high,Single-history
1062,16288,18195,2,2-3,0.7824505269527435,0.7332421541213989,0.2739981412887573,0.264947772026062,3,Q3,Medium
1063,16325,16394,5,4-5,0.7114304006099701,0.8237164616584778,0.28134554624557495,0.15001803636550903,4,Q4-high,Medium
1064,16411,10478,2,2-3,0.7656934559345245,0.614774614572525,0.43068426847457886,0.3738606572151184,2,Q2,Medium
1065,16421,1739,3,2-3,0.7760633826255798,0.7486145794391632,0.21012291312217712,0.2617010474205017,3,Q3,Medium
1066,16433,2198,2,2-3,0.7339730560779572,0.7714703977108002,0.08890772610902786,0.2634350657463074,4,Q4-high,Medium
1067,16449,10682,3,2-3,0.6629891693592072,0.6798473596572876,0.18567903339862823,0.35377103090286255,2,Q2,Low
1068,16472,5992,2,2-3,0.5552052557468414,0.6990563869476318,0.2590208351612091,0.3114243149757385,3,Q3,Low
1069,16499,15640,2,2-3,0.5815470218658447,0.7570238560438156,0.46442365646362305,0.18761426210403442,3,Q3,Low
1070,16501,11986,4,4-5,0.742128998041153,0.6609194874763489,0.13784343004226685,0.3893897533416748,2,Q2,Medium
1071,16533,11467,1,1,,0.5192077457904816,0.21317359805107117,0.5476968884468079,1,Q1-low,Single-history
1072,16535,6848,2,2-3,0.7676528245210648,0.599558562040329,0.31245529651641846,0.42243796586990356,1,Q1-low,Medium
1073,16544,17149,2,2-3,0.7532219886779785,0.6478826403617859,0.40408164262771606,0.3391262888908386,2,Q2,Medium
1074,16548,1486,3,2-3,0.6901050508022308,0.6149878203868866,0.4072389304637909,0.37945547699928284,2,Q2,Low
1075,16554,16707,2,2-3,0.7982294261455536,0.6912588775157928,0.37129342555999756,0.29310303926467896,2,Q2,High
1076,16636,9949,2,2-3,0.5596282780170441,0.6078378260135651,0.30433568358421326,0.41411879658699036,1,Q1-low,Low
1077,16666,18185,5,4-5,0.8212366551160812,0.7135707139968872,0.18229976296424866,0.31246164441108704,3,Q3,High
1078,16672,11904,3,2-3,0.8262119293212891,0.573357343673706,0.2506597638130188,0.47063836455345154,1,Q1-low,High
1079,16675,18072,2,2-3,0.6484000980854034,0.891876295208931,0.27382826805114746,0.06669756025075912,4,Q4-high,Low
1080,16718,18309,3,2-3,0.6581274271011353,0.7733211070299149,0.19425687193870544,0.23478437960147858,4,Q4-high,Low
1081,16746,17960,1,1,,0.7980795502662659,0.34781134128570557,0.16544772684574127,4,Q4-high,Single-history
1082,16750,13181,2,2-3,0.6540925800800323,0.49115675687789917,0.4775592088699341,0.5166642665863037,1,Q1-low,Low
1083,16843,18014,2,2-3,0.7174257040023804,0.7067866623401642,0.2983819246292114,0.2919211983680725,3,Q3,Medium
1084,16850,14407,8,>=6,0.7411586940288544,0.6893431544303894,0.25049158930778503,0.3256981372833252,2,Q2,Medium
1085,16851,13782,2,2-3,0.8137961626052856,0.44950830936431885,0.6804357767105103,0.5180056691169739,1,Q1-low,High
1086,16869,1529,2,2-3,0.7546699643135071,0.7004786133766174,0.1106397733092308,0.34674176573753357,3,Q3,Medium
1087,16876,15991,3,2-3,0.7372288405895233,0.7371591627597809,0.2285396158695221,0.2714161276817322,3,Q3,Medium
1088,16919,18330,3,2-3,0.5730091333389282,0.4702669382095337,0.2778579592704773,0.59270179271698,1,Q1-low,Low
1089,16920,17940,2,2-3,0.7160167694091797,0.6227255463600159,0.5667913556098938,0.3298951983451843,2,Q2,Medium
1090,16923,17090,5,4-5,0.8024132996797562,0.6697912812232971,0.2903030216693878,0.34018510580062866,2,Q2,High
1091,16956,18335,3,2-3,0.8201653957366943,0.6283080875873566,0.11667951196432114,0.43544501066207886,2,Q2,High
1092,16974,16799,2,2-3,0.7060102224349976,0.5604704320430756,0.28978443145751953,0.47696587443351746,1,Q1-low,Medium
1093,16980,10153,3,2-3,0.8239963501691818,0.5349155962467194,0.34233689308166504,0.49577128887176514,1,Q1-low,High
1094,17008,17099,3,2-3,0.5997357368469238,0.649642676115036,0.30175715684890747,0.3625073730945587,2,Q2,Low
1095,17020,8139,4,4-5,0.7826001644134521,0.48289722204208374,0.44165536761283875,0.5359646081924438,1,Q1-low,Medium
1096,17026,16018,2,2-3,0.8544396758079529,0.7641036361455917,0.13078761100769043,0.26217353343963623,3,Q3,High
1097,17047,14207,3,2-3,0.6893315017223358,0.7551699280738831,0.15819896757602692,0.26648783683776855,3,Q3,Low
1098,17057,10204,2,2-3,0.878802701830864,0.694050669670105,0.4195341467857361,0.27755311131477356,2,Q2,High
1099,17060,18307,5,4-5,0.7168785929679871,0.8240409046411514,0.21638581156730652,0.1658524125814438,4,Q4-high,Medium
1100,17071,1553,2,2-3,0.8494943231344223,0.783256322145462,0.18615256249904633,0.22439146041870117,4,Q4-high,High
1101,17087,9450,5,4-5,0.6778548657894135,0.7005410194396973,0.35106194019317627,0.28655824065208435,3,Q3,Low
1102,17101,2093,9,>=6,0.7492187321186066,0.48523133993148804,0.4007875323295593,0.5432639718055725,1,Q1-low,Medium
1103,17121,16953,5,4-5,0.7018558382987976,0.6454746723175049,0.24993610382080078,0.3806726038455963,2,Q2,Medium
1104,17124,10673,2,2-3,0.7751128822565079,0.5812404155731201,0.2446393370628357,0.46228963136672974,1,Q1-low,Medium
1105,17152,17085,2,2-3,0.8648166954517365,0.7401846349239349,0.23760472238063812,0.2653680145740509,3,Q3,High
1106,17183,17209,3,2-3,0.7883183807134628,0.82081338763237,0.09038296341896057,0.20138750970363617,4,Q4-high,High
1107,17202,13844,5,4-5,0.7212290465831757,0.6267178058624268,0.39670857787132263,0.3674255907535553,2,Q2,Medium
1108,17212,6427,3,2-3,0.826372504234314,0.8062586188316345,0.306679368019104,0.16550686955451965,4,Q4-high,High
1109,17220,3558,1,1,,0.7242870628833771,0.3174917697906494,0.2652682363986969,3,Q3,Single-history
1110,17224,15436,4,4-5,0.7918631583452225,0.7350144982337952,0.333360493183136,0.24789172410964966,3,Q3,High
1111,17267,17891,2,2-3,0.9102237150073051,0.8082699775695801,0.15497227013111115,0.20091944932937622,4,Q4-high,High
1112,17276,12421,2,2-3,0.82930988073349,0.6970750391483307,0.3004515469074249,0.3035432994365692,2,Q2,High
1113,17300,15345,4,4-5,0.7377095222473145,0.7358179092407227,0.15848273038864136,0.29060691595077515,3,Q3,Medium
1114,17372,1600,2,2-3,0.7459304928779602,0.7424373626708984,0.34500211477279663,0.235702782869339,3,Q3,Medium
1115,17457,11561,2,2-3,0.5003431439399719,0.788124144077301,0.20240381360054016,0.21424385905265808,4,Q4-high,Low
1116,17495,13746,4,4-5,0.7542241662740707,0.6732972264289856,0.20818762481212616,0.35633158683776855,2,Q2,Medium
1117,17519,7728,2,2-3,0.7107830941677094,0.6383326649665833,0.23486681282520294,0.3933674395084381,2,Q2,Medium
1118,17524,5858,2,2-3,0.5345117747783661,0.796094998717308,0.20772382616996765,0.20295028388500214,4,Q4-high,Low
1119,17598,12390,2,2-3,0.6060027778148651,0.8089534640312195,0.13715484738349915,0.20451945066452026,4,Q4-high,Low
1120,17631,16332,2,2-3,0.7549609988927841,0.8662218749523163,0.13433653116226196,0.13363853096961975,4,Q4-high,Medium
1121,17671,18277,2,2-3,0.8783290535211563,0.8682850897312164,0.2066453993320465,0.11298228055238724,4,Q4-high,High
1122,17672,17085,3,2-3,0.7955649644136429,0.7464420795440674,0.11382336169481277,0.28849154710769653,3,Q3,High
1123,17673,18277,4,4-5,0.8371827453374863,0.7964828610420227,0.23205171525478363,0.1963835060596466,4,Q4-high,High
1124,17677,18232,4,4-5,0.773309662938118,0.7133805751800537,0.1604938805103302,0.3181508183479309,3,Q3,Medium
1125,17682,17566,3,2-3,0.7878680229187012,0.6460174918174744,0.25640153884887695,0.3783777356147766,2,Q2,High
1126,17684,18307,2,2-3,0.8399206101894379,0.7940924167633057,0.36203569173812866,0.16687554121017456,4,Q4-high,High
1127,17687,18334,2,2-3,0.9025015980005264,0.7757929265499115,0.46182090044021606,0.16480359435081482,4,Q4-high,High
1128,17726,14458,4,4-5,0.8366759568452835,0.6953146159648895,0.26822713017463684,0.3137999475002289,2,Q2,High
1129,17759,6715,7,>=6,0.8395493775606155,0.7911328077316284,0.15221816301345825,0.22302943468093872,4,Q4-high,High
1130,17762,14127,3,2-3,0.7412454783916473,0.8246454000473022,0.15110094845294952,0.18141800165176392,4,Q4-high,Medium
1131,17766,12513,4,4-5,0.7437975704669952,0.7142390608787537,0.1252749115228653,0.3258824348449707,3,Q3,Medium
1132,17802,15592,3,2-3,0.7170827090740204,0.801625207066536,0.14921835064888,0.21066389977931976,4,Q4-high,Medium
1133,17838,2113,2,2-3,0.8991763144731522,0.8798164427280426,0.2395087629556656,0.09035225212574005,4,Q4-high,High
1134,17873,12848,2,2-3,0.7158607244491577,0.6651033163070679,0.1662990003824234,0.3770460784435272,2,Q2,Medium
1135,17893,1670,2,2-3,0.9368083849549294,0.7617373317480087,0.187320277094841,0.25099825859069824,3,Q3,High
1136,17953,17564,1,1,,0.7842400521039963,0.10599673539400101,0.24320074915885925,4,Q4-high,Single-history
1137,17991,2971,2,2-3,0.7587501406669617,0.6693656146526337,0.22073760628700256,0.3581085801124573,2,Q2,Medium
1138,17995,16729,2,2-3,0.7556059658527374,0.6801718175411224,0.295887291431427,0.3258133828639984,2,Q2,Medium
1139,18018,1690,3,2-3,0.6389525830745697,0.3056495189666748,0.6169106960296631,0.713710367679596,1,Q1-low,Low
1140,18024,13448,4,4-5,0.5518376529216766,0.7141448259353638,0.19349205493927002,0.3089459538459778,3,Q3,Low
1141,18025,14224,3,2-3,0.7790271788835526,0.6433579325675964,0.13615110516548157,0.41176480054855347,2,Q2,Medium
1142,18031,2858,5,4-5,0.7646036595106125,0.6229956448078156,0.45895102620124817,0.3565176725387573,2,Q2,Medium
1143,18039,15079,2,2-3,0.5840752422809601,0.48714709281921387,0.519524097442627,0.5111851096153259,1,Q1-low,Low
1144,18047,14827,2,2-3,0.798088014125824,0.8278510868549347,0.13875363767147064,0.18049772083759308,4,Q4-high,High
1145,18057,3421,4,4-5,0.7996691465377808,0.6852119565010071,0.10974548757076263,0.366048663854599,2,Q2,High
1146,18064,1696,2,2-3,0.6757602393627167,0.5438696444034576,0.2022816389799118,0.5195925235748291,1,Q1-low,Low
1147,18077,18315,2,2-3,0.8189982026815414,0.6152852475643158,0.2858951687812805,0.40941962599754333,2,Q2,High
1148,18125,12726,2,2-3,0.8661789000034332,0.780266523361206,0.2515278458595276,0.21178486943244934,4,Q4-high,High
1149,18177,15989,2,2-3,0.6243936121463776,0.47343456745147705,0.41654229164123535,0.5540712475776672,1,Q1-low,Low
1150,18224,1800,2,2-3,0.7547399997711182,0.7575680315494537,0.1319151669740677,0.2700611650943756,3,Q3,Medium
1151,18236,16635,3,2-3,0.8906243965029716,0.6031922101974487,0.25812822580337524,0.4314776659011841,1,Q1-low,High
1152,18246,10517,2,2-3,0.7849082052707672,0.6523318588733673,0.2690378427505493,0.36732572317123413,2,Q2,High
1153,18247,18064,1,1,,0.8643585592508316,0.24003350734710693,0.10954341292381287,4,Q4-high,Single-history
1154,18341,17227,2,2-3,0.7041096091270447,0.8230505585670471,0.1986706554889679,0.17151913046836853,4,Q4-high,Medium
1155,18343,4770,4,4-5,0.6737221777439117,0.5232862532138824,0.34940773248672485,0.5085402131080627,1,Q1-low,Low
1156,18350,10576,2,2-3,0.6915563642978668,0.4276277422904968,0.2278178632259369,0.6585108637809753,1,Q1-low,Low
1157,18365,6783,2,2-3,0.7119052410125732,0.6318133175373077,0.18078461289405823,0.4150371849536896,2,Q2,Medium
1158,18395,7385,2,2-3,0.6207304894924164,0.8794364631175995,0.15454980731010437,0.11206696927547455,4,Q4-high,Low
1159,18461,5369,2,2-3,0.6255359947681427,0.5455194115638733,0.13454370200634003,0.5344647765159607,1,Q1-low,Low
1160,18470,17742,1,1,,0.8348282724618912,0.21931473910808563,0.15163597464561462,4,Q4-high,Single-history
1161,18593,12414,2,2-3,0.8168501853942871,0.7153664231300354,0.16589629650115967,0.31431788206100464,3,Q3,High
1162,18602,17453,3,2-3,0.8286569565534592,0.5320484340190887,0.3446883261203766,0.4987673759460449,1,Q1-low,High
1163,18645,5465,2,2-3,0.743494302034378,0.7185617089271545,0.3760067820549011,0.25779616832733154,3,Q3,Medium
1164,18685,14450,2,2-3,0.8540754318237305,0.8151566982269287,0.2261618673801422,0.17451366782188416,4,Q4-high,High
1165,18703,15523,2,2-3,0.9419001489877701,0.8176473528146744,0.29909008741378784,0.15316829085350037,4,Q4-high,High
1166,18711,6350,4,4-5,0.6916188895702362,0.7057260572910309,0.1508731245994568,0.3301241397857666,3,Q3,Low
1167,18712,7664,2,2-3,0.8294146656990051,0.8527486771345139,0.24978159368038177,0.12161876261234283,4,Q4-high,High
1168,18724,2743,3,2-3,0.7945454865694046,0.7470227777957916,0.13190028071403503,0.2832464575767517,3,Q3,High
1169,18778,10204,3,2-3,0.7321268022060394,0.5760930180549622,0.2665490508079529,0.4632464647293091,1,Q1-low,Medium
1170,18792,17714,3,2-3,0.7550714761018753,0.76091568171978,0.13529285788536072,0.26503217220306396,3,Q3,Medium
1171,18845,3209,1,1,,0.8862983286380768,0.39324793219566345,0.04381510987877846,4,Q4-high,Single-history
1172,19003,10422,2,2-3,0.6651465892791748,0.7783661782741547,0.15097197890281677,0.23929926753044128,4,Q4-high,Low
1173,19089,5555,2,2-3,0.8552504181861877,0.6747457385063171,0.22017277777194977,0.35152459144592285,2,Q2,High
1174,19112,1884,3,2-3,0.884688101708889,0.7714858055114746,0.36095452308654785,0.19540411233901978,4,Q4-high,High
1175,19133,18326,1,1,,0.8205563575029373,0.21807847917079926,0.16978493332862854,4,Q4-high,Single-history
1176,19139,18112,1,1,,0.897846594452858,0.167523592710495,0.08581086248159409,4,Q4-high,Single-history
1177,19140,1866,2,2-3,0.8419808149337769,0.6951978504657745,0.2604091167449951,0.31590038537979126,2,Q2,High
1178,19156,17724,3,2-3,0.39138853549957275,0.6218846142292023,0.10519330948591232,0.4463459253311157,2,Q2,Low
1179,19182,17521,3,2-3,0.581136018037796,0.20415866374969482,0.6868892908096313,0.8230793476104736,1,Q1-low,Low
1180,19205,14676,3,2-3,0.6768382489681244,0.638213574886322,0.2861785888671875,0.3806883692741394,2,Q2,Low
1181,19224,9447,4,4-5,0.8681244552135468,0.5837936699390411,0.3448677062988281,0.43404096364974976,1,Q1-low,High
1182,19257,12210,3,2-3,0.7344935834407806,0.5561047196388245,0.18311509490013123,0.5090903043746948,1,Q1-low,Medium
1183,19262,18150,3,2-3,0.7426917850971222,0.7944634854793549,0.15837405622005463,0.21732711791992188,4,Q4-high,Medium
1184,19263,11705,1,1,,0.7234155833721161,0.20600274205207825,0.2942298352718353,3,Q3,Single-history
1185,19276,1885,4,4-5,0.7366014420986176,0.542418509721756,0.12163148075342178,0.5415689945220947,1,Q1-low,Medium
1186,19311,5602,1,1,,0.8168834447860718,0.11717594414949417,0.19960170984268188,4,Q4-high,Single-history
1187,19318,18209,4,4-5,0.9009924605488777,0.668872743844986,0.18278875946998596,0.36821186542510986,2,Q2,High
1188,19354,6295,7,>=6,0.7572630941867828,0.55623459815979,0.37191635370254517,0.46172764897346497,1,Q1-low,Medium
1189,19377,16132,2,2-3,0.5868111848831177,0.670255571603775,0.38583213090896606,0.3157224655151367,2,Q2,Low
1190,19408,4834,2,2-3,0.7039137482643127,0.6875162720680237,0.3190685212612152,0.3108375370502472,2,Q2,Medium
1191,19415,17473,2,2-3,0.6650963425636292,0.432264506816864,0.6363574266433716,0.5505800247192383,1,Q1-low,Low
1192,19484,18261,5,4-5,0.8309162110090256,0.7865419089794159,0.08461642265319824,0.24566851556301117,4,Q4-high,High
1193,19490,18023,3,2-3,0.9243975058197975,0.7560857087373734,0.058169953525066376,0.29035037755966187,3,Q3,High
1194,19525,12093,2,2-3,0.7490982115268707,0.7407888472080231,0.28140175342559814,0.2536635100841522,3,Q3,Medium
1195,19541,18305,2,2-3,0.7873333841562271,0.6096766889095306,0.2685062885284424,0.4207775592803955,2,Q2,High
1196,19575,2062,3,2-3,0.6421116292476654,0.6904852092266083,0.1333254873752594,0.3535621166229248,2,Q2,Low
1197,19634,9633,2,2-3,0.5255414247512817,0.7679091095924377,0.20743633806705475,0.23825453221797943,3,Q3,Low
1198,19663,15607,2,2-3,0.47190552949905396,0.4107014536857605,0.573177695274353,0.5933287143707275,1,Q1-low,Low
1199,19683,7946,2,2-3,0.6547847092151642,0.5601502358913422,0.5733516812324524,0.4064742624759674,1,Q1-low,Low
1200,19720,9142,2,2-3,0.6891268789768219,0.7444290518760681,0.274533748626709,0.2508302330970764,3,Q3,Low
1201,19732,18337,2,2-3,0.8285063803195953,0.6725517809391022,0.12347545474767685,0.37844139337539673,2,Q2,High
1202,19854,15569,2,2-3,0.7841221392154694,0.4341849088668823,0.2733262777328491,0.63893723487854,1,Q1-low,High
1203,19858,15500,2,2-3,0.8929767161607742,0.5855744481086731,0.24508054554462433,0.45676177740097046,1,Q1-low,High
1204,19859,6979,3,2-3,0.6631554365158081,0.5866927206516266,0.10130046308040619,0.4913089871406555,1,Q1-low,Low
1205,19896,9866,3,2-3,0.6638571918010712,0.7170723080635071,0.43016526103019714,0.24611829221248627,3,Q3,Low
1206,19919,5686,4,4-5,0.7391739785671234,0.6602383852005005,0.19843170046806335,0.37509405612945557,2,Q2,Medium
1207,19943,15782,1,1,,0.5417932868003845,0.24518565833568573,0.5114619731903076,1,Q1-low,Single-history
1208,19947,17227,2,2-3,0.8076993525028229,0.8429956883192062,0.13607890903949738,0.16223566234111786,4,Q4-high,High
1209,19948,18307,8,>=6,0.6822091639041901,0.7910479605197906,0.17975084483623505,0.21625232696533203,4,Q4-high,Low
1210,19983,17075,6,>=6,0.8184525370597839,0.583693265914917,0.20275665819644928,0.46969422698020935,1,Q1-low,High
1211,20033,2029,4,4-5,0.7069981396198273,0.3826991319656372,0.5472131967544556,0.6348227262496948,1,Q1-low,Medium
1212,20038,18315,3,2-3,0.7710908055305481,0.4912770986557007,0.33443713188171387,0.5522943735122681,1,Q1-low,Medium
1213,20043,6335,2,2-3,0.8873869776725769,0.6677215695381165,0.15917164087295532,0.3755550980567932,2,Q2,High
1214,20047,2030,2,2-3,0.7491492033004761,0.8081687986850739,0.09613952785730362,0.21575410664081573,4,Q4-high,Medium
1215,20051,18307,10,>=6,0.7451439201831818,0.8491254150867462,0.11631529033184052,0.1595144122838974,4,Q4-high,Medium
1216,20056,6970,3,2-3,0.6562540233135223,0.7607457190752029,0.2638245224952698,0.23311170935630798,3,Q3,Low
1217,20075,16720,2,2-3,0.8619471192359924,0.8670901656150818,0.040235232561826706,0.1560784876346588,4,Q4-high,High
1218,20085,8761,3,2-3,0.45374220609664917,0.5974019169807434,0.34074729681015015,0.4180607795715332,1,Q1-low,Low
1219,20106,13980,2,2-3,0.9072750061750412,0.7868794202804565,0.21469220519065857,0.21272766590118408,4,Q4-high,High
1220,20107,15253,2,2-3,0.8477337062358856,0.7238824963569641,0.16096389293670654,0.30490589141845703,3,Q3,High
1221,20166,2045,4,4-5,0.5788967609405518,0.35307812690734863,0.851569414138794,0.5957599878311157,1,Q1-low,Low
1222,20186,11187,3,2-3,0.6605492532253265,0.7375437021255493,0.2886764407157898,0.2559012472629547,3,Q3,Low
1223,20190,10107,2,2-3,0.8275193423032761,0.6044430136680603,0.19451716542243958,0.44581693410873413,1,Q1-low,High
1224,20217,17523,3,2-3,0.6465270817279816,0.7534271478652954,0.22857624292373657,0.2510719895362854,3,Q3,Low
1225,20219,18195,10,>=6,0.7728826999664307,0.5208705961704254,0.2441268265247345,0.5378800630569458,1,Q1-low,Medium
1226,20277,3637,1,1,,0.8075167834758759,0.2594383955001831,0.17574442923069,4,Q4-high,Single-history
1227,20278,9740,2,2-3,0.9770940020680428,0.692935973405838,0.4915508031845093,0.26094233989715576,2,Q2,High
1228,20332,2075,4,4-5,0.8358113169670105,0.57694873213768,0.30665042996406555,0.45215147733688354,1,Q1-low,High
1229,20352,12477,2,2-3,0.5628479719161987,0.7336550354957581,0.15047460794448853,0.2953125238418579,3,Q3,Low
1230,20369,5489,6,>=6,0.7218147814273834,0.5574040710926056,0.22204923629760742,0.49773260951042175,1,Q1-low,Medium
1231,20387,7000,2,2-3,0.6673571467399597,0.6365856230258942,0.13286328315734863,0.42105215787887573,2,Q2,Low
1232,20412,3451,2,2-3,0.8158679604530334,0.8347500860691071,0.20686441659927368,0.15484628081321716,4,Q4-high,High
1233,20421,16985,2,2-3,0.7390351891517639,0.7649893015623093,0.1627594232559204,0.253073513507843,3,Q3,Medium
1234,20453,15222,3,2-3,0.8106067627668381,0.6815973520278931,0.3423107862472534,0.3124256134033203,2,Q2,High
1235,20466,18179,2,2-3,0.5704061985015869,0.5962416529655457,0.2716919481754303,0.43677493929862976,1,Q1-low,Low
1236,20467,17640,1,1,,0.7645229250192642,0.1895887553691864,0.24694915115833282,3,Q3,Single-history
1237,20484,4206,2,2-3,0.8327753990888596,0.8575074672698975,0.0939648449420929,0.15462446212768555,4,Q4-high,High
1238,20592,17799,2,2-3,0.7176744341850281,0.5916929244995117,0.19094431400299072,0.4626477360725403,1,Q1-low,Medium
1239,20630,5831,1,1,,0.5377022325992584,0.2819311022758484,0.5073894262313843,1,Q1-low,Single-history
1240,20651,4713,2,2-3,0.8427122682332993,0.21590495109558105,0.845136284828186,0.7688347101211548,1,Q1-low,High
1241,20693,10067,3,2-3,0.8372737616300583,0.6488063335418701,0.2662064731121063,0.3724404573440552,2,Q2,High
1242,20744,17090,3,2-3,0.4846761226654053,0.7057935893535614,0.23477217555046082,0.30906495451927185,3,Q3,Low
1243,20748,18274,3,2-3,0.688581258058548,0.7509845048189163,0.1615961790084839,0.2708703279495239,3,Q3,Low
1244,20772,18254,2,2-3,0.750738188624382,0.6943626701831818,0.2547226846218109,0.31836599111557007,2,Q2,Medium
1245,20783,2142,2,2-3,0.7627911120653152,0.5475656390190125,0.25359949469566345,0.5021430850028992,1,Q1-low,Medium
1246,20831,18307,3,2-3,0.818560317158699,0.7021256685256958,0.5646083950996399,0.23119080066680908,3,Q3,High
1247,20841,14676,3,2-3,0.5201953947544098,0.699457198381424,0.14394506812095642,0.33969223499298096,3,Q3,Low
1248,20847,11418,3,2-3,0.841874435544014,0.7677643597126007,0.16965413093566895,0.24788102507591248,3,Q3,High
1249,20851,14188,2,2-3,0.8284550905227661,0.7048555612564087,0.1555231511592865,0.3300497531890869,3,Q3,High
1250,20853,15782,2,2-3,0.8513718396425247,0.6050046384334564,0.09927241504192352,0.4689261019229889,1,Q1-low,High
1251,20854,9326,3,2-3,0.8821470737457275,0.7806038707494736,0.18778876960277557,0.22729796171188354,4,Q4-high,High
1252,20872,16200,4,4-5,0.7506648451089859,0.5733309090137482,0.4320955276489258,0.42531248927116394,1,Q1-low,Medium
1253,20887,10977,1,1,,0.5663471817970276,0.20159462094306946,0.49166736006736755,1,Q1-low,Single-history
1254,20904,17393,2,2-3,0.581224113702774,0.628569096326828,0.16338852047920227,0.42344149947166443,2,Q2,Low
1255,20922,5220,1,1,,0.6678676605224609,0.18486341834068298,0.3689495921134949,2,Q2,Single-history
1256,20937,2173,2,2-3,0.6103095412254333,0.8080865144729614,0.27094125747680664,0.17215654253959656,4,Q4-high,Low
1257,20938,18334,2,2-3,0.7367481589317322,0.833978146314621,0.12241184711456299,0.17692434787750244,4,Q4-high,Medium
1258,20958,3469,1,1,,0.8807797655463219,0.3023459017276764,0.07343881577253342,4,Q4-high,Single-history
1259,20995,4453,2,2-3,0.782759040594101,0.7688980996608734,0.29553258419036865,0.21499422192573547,3,Q3,Medium
1260,21004,15673,2,2-3,0.7200060188770294,0.6327621042728424,0.11326801776885986,0.43073034286499023,2,Q2,Medium
1261,21038,10138,4,4-5,0.6595194637775421,0.40568578243255615,0.6847426295280457,0.5717071294784546,1,Q1-low,Low
1262,21047,16702,3,2-3,0.4482824206352234,0.6446552574634552,0.10206042230129242,0.4186658263206482,2,Q2,Low
1263,21102,18205,2,2-3,0.9299510419368744,0.791315495967865,0.07966378331184387,0.2409396767616272,4,Q4-high,High
1264,21113,2284,5,4-5,0.8328944891691208,0.6979430317878723,0.20539122819900513,0.3262234032154083,2,Q2,High
1265,21122,16791,3,2-3,0.7568688839673996,0.7462239861488342,0.2348838746547699,0.25849902629852295,3,Q3,Medium
1266,21145,5951,2,2-3,0.4898015856742859,0.6708614230155945,0.1882513463497162,0.36436039209365845,2,Q2,Low
1267,21156,11280,3,2-3,0.8214482665061951,0.8731392174959183,0.08486530184745789,0.1373596489429474,4,Q4-high,High
1268,21165,14552,3,2-3,0.7868679016828537,0.6687426269054413,0.234574556350708,0.3554280698299408,2,Q2,High
1269,21184,17376,2,2-3,0.6164476573467255,0.643953263759613,0.14472657442092896,0.4088767468929291,2,Q2,Low
1270,21194,17662,3,2-3,0.6007027328014374,0.6007477343082428,0.18222494423389435,0.4535090923309326,1,Q1-low,Low
1271,21203,17071,2,2-3,0.5465777218341827,0.5162761509418488,0.31492453813552856,0.5259236693382263,1,Q1-low,Low
1272,21204,15508,4,4-5,0.6707832515239716,0.7008511126041412,0.3088913559913635,0.296713262796402,3,Q3,Low
1273,21227,6318,3,2-3,0.6876906156539917,0.6984019875526428,0.1382969170808792,0.3424232602119446,3,Q3,Low
1274,21350,6924,3,2-3,0.7625132203102112,0.6340016424655914,0.14575527608394623,0.42105913162231445,2,Q2,Medium
1275,21383,2295,6,>=6,0.7178150117397308,0.7094844579696655,0.4679793119430542,0.24614956974983215,3,Q3,Medium
1276,21533,15709,1,1,,0.7710317075252533,0.19458341598510742,0.23756451904773712,4,Q4-high,Single-history
1277,21589,17979,2,2-3,0.7597207874059677,0.8007708042860031,0.11096683144569397,0.22129477560520172,4,Q4-high,Medium
1278,21598,2275,2,2-3,0.8612248599529266,0.6455701887607574,0.3478667438030243,0.3560705780982971,2,Q2,High
1279,21600,11465,2,2-3,0.4497976303100586,0.8010135591030121,0.48374176025390625,0.12779761850833893,4,Q4-high,Low
1280,21602,14752,2,2-3,0.6742870509624481,0.6994808316230774,0.18036675453186035,0.330557256937027,3,Q3,Low
1281,21701,11507,4,4-5,0.8254531621932983,0.6601163744926453,0.21467041969299316,0.37118691205978394,2,Q2,High
1282,21715,8212,1,1,,0.9120094925165176,0.13169848918914795,0.07706350833177567,4,Q4-high,Single-history
1283,21772,18287,3,2-3,0.7711779624223709,0.6592173278331757,0.25358402729034424,0.36258232593536377,2,Q2,Medium
1284,21777,18334,2,2-3,0.742180585861206,0.7774396240711212,0.15956991910934448,0.23830798268318176,4,Q4-high,Medium
1285,21797,18298,4,4-5,0.8130813241004944,0.5633781552314758,0.3316860496997833,0.4628557860851288,1,Q1-low,High
1286,21804,5605,2,2-3,0.8588107973337173,0.5560564398765564,0.38700851798057556,0.4581773281097412,1,Q1-low,High
1287,21811,2308,2,2-3,0.7820989787578583,0.7657377272844315,0.1927575170993805,0.24463845789432526,3,Q3,Medium
1288,21823,13267,2,2-3,0.803344115614891,0.6294353902339935,0.19598010182380676,0.4142107367515564,2,Q2,High
1289,21878,17494,2,2-3,0.8708129376173019,0.7164390981197357,0.23913511633872986,0.2946673333644867,3,Q3,High
1290,21909,10284,3,2-3,0.8094913363456726,0.5362644791603088,0.49263453483581543,0.4565107226371765,1,Q1-low,High
1291,21923,18287,3,2-3,0.7799821496009827,0.6219867765903473,0.4425733983516693,0.36187317967414856,2,Q2,Medium
1292,21927,18307,5,4-5,0.7594033181667328,0.8056761920452118,0.24368396401405334,0.18198375403881073,4,Q4-high,Medium
1293,21941,7191,2,2-3,0.7104764580726624,0.7381744384765625,0.2898494601249695,0.2548195719718933,3,Q3,Medium
1294,21944,5503,2,2-3,0.6340836882591248,0.712423712015152,0.17734165489673615,0.3151349127292633,3,Q3,Low
1295,21963,16074,2,2-3,0.7451974749565125,0.7595785409212112,0.13659384846687317,0.26637834310531616,3,Q3,Medium
1296,21982,16948,1,1,,0.7180062830448151,0.15697667002677917,0.313247948884964,3,Q3,Single-history
1297,22031,7573,2,2-3,0.6636117696762085,0.5759798586368561,0.24704812467098236,0.4682631492614746,1,Q1-low,Low
1298,22045,16809,4,4-5,0.8223214596509933,0.6049371361732483,0.14917439222335815,0.4565349817276001,1,Q1-low,High
1299,22050,3741,2,2-3,0.700585663318634,0.7689162790775299,0.17018947005271912,0.24630726873874664,3,Q3,Medium
1300,22059,17824,3,2-3,0.6335296630859375,0.5503869950771332,0.27609983086586,0.49299126863479614,1,Q1-low,Low
1301,22068,14576,2,2-3,0.9019361957907677,0.8248401582241058,0.14201894402503967,0.1834450662136078,4,Q4-high,High
1302,22072,17588,7,>=6,0.7168852984905243,0.8140414357185364,0.4133949875831604,0.12909945845603943,4,Q4-high,Medium
1303,22085,13576,2,2-3,0.6057864427566528,0.6560993194580078,0.40484362840652466,0.3286649286746979,2,Q2,Low
1304,22180,6169,4,4-5,0.818383514881134,0.7875304669141769,0.1608700007200241,0.2253694087266922,4,Q4-high,High
1305,22219,5706,4,4-5,0.7280841767787933,0.1628321409225464,0.7531100511550903,0.8581823110580444,1,Q1-low,Medium
1306,22224,15249,2,2-3,0.8317238390445709,0.6657815873622894,0.22251810133457184,0.36214348673820496,2,Q2,High
1307,22357,11536,3,2-3,0.5884298384189606,0.6645433902740479,0.18706251680850983,0.372555136680603,2,Q2,Low
1308,22362,18281,3,2-3,0.8720272332429886,0.8476767838001251,0.2666497528553009,0.12374156713485718,4,Q4-high,High
1309,22386,4277,2,2-3,0.8236560523509979,0.7098241150379181,0.14122545719146729,0.32741349935531616,3,Q3,High
1310,22399,18254,1,1,,0.6572333574295044,0.3291609287261963,0.34616804122924805,2,Q2,Single-history
1311,22549,18281,3,2-3,0.8084888011217117,0.7508652210235596,0.20584189891815186,0.2599579989910126,3,Q3,High
1312,22556,15601,2,2-3,0.8726252615451813,0.7805405855178833,0.2051221877336502,0.22304370999336243,4,Q4-high,High
1313,22562,15334,1,1,,0.5575460493564606,0.6138061285018921,0.39961591362953186,1,Q1-low,Single-history
1314,22613,17352,3,2-3,0.7862096577882767,0.6466893553733826,0.25621742010116577,0.37758395075798035,2,Q2,High
1315,22630,18320,5,4-5,0.7507952451705933,0.7509851157665253,0.37433409690856934,0.21768507361412048,3,Q3,Medium
1316,22638,2483,2,2-3,0.7671385258436203,0.4418841004371643,0.4208041727542877,0.5924438238143921,1,Q1-low,Medium
1317,22732,7713,3,2-3,0.8539864867925644,0.6610341668128967,0.22074544429779053,0.36852091550827026,2,Q2,High
1318,22746,13014,2,2-3,0.6885559558868408,0.8875777721405029,0.22870145738124847,0.08335241675376892,4,Q4-high,Low
1319,22749,17816,2,2-3,0.7115443646907806,0.6913436651229858,0.18975606560707092,0.33838140964508057,2,Q2,Medium
1320,22774,15721,2,2-3,0.48672544956207275,0.557790070772171,0.1335020661354065,0.519386887550354,1,Q1-low,Low
1321,22805,15545,1,1,,0.544762134552002,0.3264249563217163,0.4874410927295685,1,Q1-low,Single-history
1322,22839,14074,2,2-3,0.8000793159008026,0.59135502576828,0.5188339352607727,0.3810977041721344,1,Q1-low,High
1323,22910,2537,2,2-3,0.8079921007156372,0.8028471320867538,0.11317569017410278,0.2181471586227417,4,Q4-high,High
1324,22927,11209,2,2-3,0.7711637318134308,0.6096709370613098,0.28208786249160767,0.4173893332481384,2,Q2,Medium
1325,22932,13312,2,2-3,0.8868628665804863,0.6058345139026642,0.10868127644062042,0.46553653478622437,1,Q1-low,High
1326,22955,18145,2,2-3,0.6236155927181244,0.5256811678409576,0.3430943489074707,0.5071249604225159,1,Q1-low,Low
1327,22960,7215,2,2-3,0.6398835480213165,0.6066766381263733,0.4203639626502991,0.3865632116794586,1,Q1-low,Low
1328,22967,18298,2,2-3,0.7208806872367859,0.47732841968536377,0.28649234771728516,0.5817164182662964,1,Q1-low,Medium
1329,22968,14125,1,1,,0.7208250463008881,0.2082364559173584,0.2969095706939697,3,Q3,Single-history
1330,22974,18278,4,4-5,0.770536482334137,0.7624335587024689,0.2974022328853607,0.22260749340057373,3,Q3,Medium
1331,22996,2562,3,2-3,0.6721705198287964,0.5730501115322113,0.18996205925941467,0.4861968159675598,1,Q1-low,Low
1332,23009,13091,2,2-3,0.5573582351207733,0.5694474875926971,0.29922282695770264,0.4633849561214447,1,Q1-low,Low
1333,23099,11865,2,2-3,0.5737771093845367,0.8005739152431488,0.17147424817085266,0.20641404390335083,4,Q4-high,Low
1334,23111,17316,2,2-3,0.48249053955078125,0.6195831298828125,0.25385332107543945,0.4120577573776245,2,Q2,Low
1335,23112,2573,2,2-3,1.0056318398565054,0.7925056517124176,0.12491711229085922,0.22813865542411804,4,Q4-high,High
1336,23118,2575,3,2-3,0.707117885351181,0.6648747324943542,0.33666276931762695,0.33474087715148926,2,Q2,Medium
1337,23124,13432,2,2-3,0.8577897697687149,0.7196981012821198,0.2974233329296112,0.2760215401649475,3,Q3,High
1338,23179,9679,2,2-3,0.48172372579574585,0.9582237303256989,0.24120473861694336,-0.008080849424004555,4,Q4-high,Low
1339,23180,7134,2,2-3,0.8725141137838364,0.669335126876831,0.10312272608280182,0.38755038380622864,2,Q2,High
1340,23211,8352,3,2-3,0.7388454675674438,0.6500540673732758,0.2047978639602661,0.3862329423427582,2,Q2,Medium
1341,23236,17474,1,1,,0.6431249678134918,0.5197815895080566,0.31614840030670166,2,Q2,Single-history
1342,23250,18069,2,2-3,0.6924438774585724,0.617173820734024,0.3537355661392212,0.39009883999824524,2,Q2,Low
1343,23256,13780,1,1,,0.6691416800022125,0.08553335815668106,0.39218953251838684,2,Q2,Single-history
1344,23285,18274,2,2-3,0.3406357169151306,0.7943504005670547,0.24923814833164215,0.19475245475769043,4,Q4-high,Low
1345,23304,3248,2,2-3,0.8683035522699356,0.7028514742851257,0.2913249135017395,0.29860442876815796,3,Q3,High
1346,23327,2600,2,2-3,0.5564027726650238,0.6516765058040619,0.1429167091846466,0.399675190448761,2,Q2,Low
1347,23346,3436,7,>=6,0.5352312624454498,0.23975235223770142,0.7429918646812439,0.7645615935325623,1,Q1-low,Low
1348,23378,14814,1,1,,0.7780390381813049,0.19222286343574524,0.22939547896385193,4,Q4-high,Single-history
1349,23393,2612,3,2-3,0.808376356959343,0.5821450650691986,0.11749082058668137,0.49294593930244446,1,Q1-low,High
1350,23420,12608,2,2-3,0.7515782713890076,0.7366752028465271,0.21112890541553497,0.2763737738132477,3,Q3,Medium
1351,23426,15519,3,2-3,0.779655858874321,0.7666615843772888,0.3106662929058075,0.2140064239501953,3,Q3,Medium
1352,23476,11411,1,1,,0.8454520553350449,0.29766637086868286,0.11876833438873291,4,Q4-high,Single-history
1353,23519,18084,1,1,,0.8266442567110062,0.3011248707771301,0.14141345024108887,4,Q4-high,Single-history
1354,23525,15334,2,2-3,0.4000670909881592,0.6420840919017792,0.17895859479904175,0.4026552140712738,2,Q2,Low
1355,23544,12949,2,2-3,0.7340348958969116,0.8401057422161102,0.47947943210601807,0.0799979493021965,4,Q4-high,Medium
1356,23602,3783,3,2-3,0.6287353038787842,0.7516824752092361,0.12508276104927063,0.27912622690200806,3,Q3,Low
1357,23769,17270,3,2-3,0.7103046476840973,0.5844878256320953,0.3989192843437195,0.41966038942337036,1,Q1-low,Medium
1358,23805,3782,2,2-3,0.7485994696617126,0.8016689270734787,0.2882732152938843,0.17584553360939026,4,Q4-high,Medium
1359,23824,18012,4,4-5,0.6931359469890594,0.7075045108795166,0.17929649353027344,0.3207952380180359,3,Q3,Low
1360,23847,9061,6,>=6,0.6936049163341522,0.3755822777748108,0.37745344638824463,0.6861587166786194,1,Q1-low,Low
1361,23849,17941,2,2-3,0.8096889406442642,0.76204052567482,0.3556439280509949,0.20853835344314575,3,Q3,High
1362,23857,10274,3,2-3,0.576833963394165,0.7567583173513412,0.3641200661659241,0.21302208304405212,3,Q3,Low
1363,23875,8813,5,4-5,0.7118213772773743,0.7232976257801056,0.4154973328113556,0.2420036345720291,3,Q3,Medium
1364,23893,17085,2,2-3,0.6517375111579895,0.6207397282123566,0.17646659910678864,0.429958701133728,2,Q2,Low
1365,23904,18244,3,2-3,0.7724343091249466,0.7469567060470581,0.16581006348133087,0.27485162019729614,3,Q3,Medium
1366,23911,4017,2,2-3,0.6443101763725281,0.6897279024124146,0.10777764022350311,0.36089569330215454,2,Q2,Low
1367,23921,18307,5,4-5,0.545886904001236,0.7755860388278961,0.19520092010498047,0.23171722888946533,4,Q4-high,Low
1368,23925,18334,2,2-3,0.8869270980358124,0.784168541431427,0.25873228907585144,0.2051062434911728,4,Q4-high,High
1369,23945,7661,3,2-3,0.680628627538681,0.4711343050003052,0.2397298812866211,0.6011496782302856,1,Q1-low,Low
1370,23972,15190,3,2-3,0.49539583921432495,0.45000308752059937,0.3080730736255646,0.610477864742279,1,Q1-low,Low
1371,23999,4380,2,2-3,0.5131698846817017,0.8141819983720779,0.15017956495285034,0.19472761452198029,4,Q4-high,Low
1372,24003,2971,3,2-3,0.8249249011278152,0.6487654745578766,0.17086933553218842,0.3963257968425751,2,Q2,High
1373,24050,6108,2,2-3,0.6501578986644745,0.7573622465133667,0.3439090847969055,0.21731990575790405,3,Q3,Low
1374,24072,6330,3,2-3,0.7379878759384155,0.6664939820766449,0.17618538439273834,0.372836172580719,2,Q2,Medium
1375,24092,14883,1,1,,0.7329707145690918,0.32083436846733093,0.2535780072212219,3,Q3,Single-history
1376,24155,2770,2,2-3,0.5248812139034271,0.8029292672872543,0.10926413536071777,0.21902239322662354,4,Q4-high,Low
1377,24243,18244,2,2-3,0.5495020747184753,0.6129012107849121,0.32710832357406616,0.40209639072418213,2,Q2,Low
1378,24274,3994,2,2-3,0.8824483454227448,0.6240177154541016,0.4598570466041565,0.35501354932785034,2,Q2,High
1379,24335,17539,2,2-3,0.782958984375,0.7494124174118042,0.3398861587047577,0.22826294600963593,3,Q3,Medium
1380,24355,17025,5,4-5,0.8052304238080978,0.6839728653430939,0.38343358039855957,0.299175500869751,2,Q2,High
1381,24362,9678,3,2-3,0.8424375802278519,0.7662918120622635,0.18623828887939453,0.2455756664276123,3,Q3,High
1382,24407,12340,2,2-3,0.6816956400871277,0.8765468150377274,0.18638481199741364,0.1077202782034874,4,Q4-high,Low
1383,24515,18324,5,4-5,0.6168611943721771,0.48237985372543335,0.4515520930290222,0.5341371297836304,1,Q1-low,Low
1384,24518,15607,4,4-5,0.635987251996994,0.3868233561515808,0.4646400809288025,0.6503108143806458,1,Q1-low,Low
1385,24572,16096,2,2-3,0.10170555114746094,0.8717089742422104,0.0977444052696228,0.13592767715454102,4,Q4-high,Low
1386,24580,2853,2,2-3,0.6624286472797394,0.7641613334417343,0.10593143105506897,0.26831546425819397,3,Q3,Low
1387,24605,13239,2,2-3,0.7545204609632492,0.6872229278087616,0.31814414262771606,0.3114352822303772,2,Q2,Medium
1388,24757,17146,2,2-3,0.6418561637401581,0.6505038142204285,0.14884380996227264,0.39965927600860596,2,Q2,Low
1389,24760,13540,2,2-3,0.8356844633817673,0.8490116745233536,0.11788562685251236,0.1592639982700348,4,Q4-high,High
1390,24761,7440,2,2-3,0.8888340070843697,0.7785120159387589,0.2640489935874939,0.21084772050380707,4,Q4-high,High
1391,24784,9372,2,2-3,0.46981799602508545,0.7612917423248291,0.21800680458545685,0.24388360977172852,3,Q3,Low
1392,24831,5236,3,2-3,0.8028797060251236,0.7198776006698608,0.371578574180603,0.2572583556175232,3,Q3,High
1393,24845,12334,3,2-3,0.7243624329566956,0.3842505216598511,0.3960834741592407,0.6706659197807312,1,Q1-low,Medium
1394,24872,3582,2,2-3,0.7778406888246536,0.8143708556890488,0.34677618741989136,0.1453423798084259,4,Q4-high,Medium
1395,24929,17021,2,2-3,0.7224921584129333,0.8086656630039215,0.22878548502922058,0.18197154998779297,4,Q4-high,Medium
1396,24952,18164,10,>=6,0.7253254055976868,0.822310671210289,0.20756015181541443,0.17022162675857544,4,Q4-high,Medium
1397,24957,17943,6,>=6,0.7666530162096024,0.7630252987146378,0.2669408917427063,0.22948315739631653,3,Q3,Medium
1398,24962,18307,4,4-5,0.7126104235649109,0.8410360366106033,0.18157896399497986,0.15331020951271057,4,Q4-high,Medium
1399,24964,18209,3,2-3,0.7710612267255783,0.7095842659473419,0.09247417002916336,0.3399011194705963,3,Q3,Medium
1400,24966,18276,4,4-5,0.7333668172359467,0.592100977897644,0.29756617546081543,0.4354822039604187,1,Q1-low,Medium
1401,24967,17085,3,2-3,0.60670205950737,0.6985940635204315,0.2772523760795593,0.30744433403015137,3,Q3,Low
1402,25115,10314,2,2-3,0.11392021179199219,0.7207702100276947,0.1834391951560974,0.3031774163246155,3,Q3,Low
1403,25207,7530,2,2-3,0.6213477253913879,0.6788733601570129,0.30745652318000793,0.32454416155815125,2,Q2,Low
1404,25242,15579,1,1,,0.9295444265007973,0.12967044115066528,0.05565185472369194,4,Q4-high,Single-history
1405,25318,14174,2,2-3,0.7526430189609528,0.5587987005710602,0.2558109760284424,0.4875488877296448,1,Q1-low,Medium
1406,25321,17385,2,2-3,0.6726177334785461,0.7094780504703522,0.24364891648292542,0.30224019289016724,3,Q3,Low
1407,25324,15042,3,2-3,0.6877297461032867,0.5216915905475616,0.23223668336868286,0.5398263335227966,1,Q1-low,Low
1408,25355,13195,2,2-3,0.9201289862394333,0.6153248846530914,0.275277316570282,0.4120245575904846,2,Q2,High
1409,25356,11261,4,4-5,0.8121107369661331,0.6224967539310455,0.2696702480316162,0.40446150302886963,2,Q2,High
1410,25379,11732,3,2-3,0.770120158791542,0.580145001411438,0.16932904720306396,0.4824864864349365,1,Q1-low,Medium
1411,25382,14176,1,1,,0.6825392842292786,0.2307838350534439,0.3391299247741699,2,Q2,Single-history
1412,25395,8525,1,1,,0.6809170246124268,0.12139801681041718,0.36850422620773315,2,Q2,Single-history
1413,25399,11922,6,>=6,0.7244166731834412,0.4618028998374939,0.41451799869537354,0.5691168308258057,1,Q1-low,Medium
1414,25403,16300,2,2-3,0.3849598169326782,0.7792854309082031,0.15680082142353058,0.23669300973415375,4,Q4-high,Low
1415,25544,17862,2,2-3,0.8011215180158615,0.8069541901350021,0.24323409795761108,0.18049873411655426,4,Q4-high,High
1416,25580,7349,2,2-3,0.6750301718711853,0.3534476161003113,0.54271000623703,0.672512948513031,1,Q1-low,Low
1417,25586,18320,2,2-3,0.8310060799121857,0.7509851157665253,0.37433409690856934,0.2176850587129593,3,Q3,High
1418,25591,18273,3,2-3,0.5942260026931763,0.2306656837463379,0.4555809497833252,0.8477726578712463,1,Q1-low,Low
1419,25604,8796,2,2-3,0.7209984958171844,0.7596112489700317,0.16964417695999146,0.25807487964630127,3,Q3,Medium
1420,25605,17566,4,4-5,0.8057050257921219,0.7062391042709351,0.0922432616353035,0.34414029121398926,3,Q3,High
1421,25669,8999,3,2-3,0.7265653908252716,0.6451634764671326,0.38637518882751465,0.34695184230804443,2,Q2,Medium
1422,25670,18069,2,2-3,0.6317445933818817,0.6844259798526764,0.21013227105140686,0.3419344425201416,2,Q2,Low
1423,25695,14523,2,2-3,0.3197891116142273,0.5337968170642853,0.28337740898132324,0.5119096040725708,1,Q1-low,Low
1424,25703,4735,1,1,,0.6258504688739777,0.31128111481666565,0.3898666501045227,2,Q2,Single-history
1425,25710,3102,2,2-3,0.7930866479873657,0.7770307660102844,0.20800787210464478,0.22670957446098328,4,Q4-high,High
1426,25727,9308,2,2-3,0.654028981924057,0.917576976120472,0.14035558700561523,0.0679398849606514,4,Q4-high,Low
1427,25744,18088,2,2-3,0.8575527966022491,0.8539215624332428,0.238650843501091,0.12293532490730286,4,Q4-high,High
1428,25758,17090,2,2-3,0.8419530391693115,0.6832431554794312,0.1422663927078247,0.3603794276714325,2,Q2,High
1429,25778,17961,3,2-3,0.7280981540679932,0.7263207733631134,0.28496912121772766,0.27085673809051514,3,Q3,Medium
1430,25790,5883,2,2-3,0.7702883780002594,0.8277766704559326,0.16078758239746094,0.1750822514295578,4,Q4-high,Medium
1431,25813,17009,2,2-3,0.8025315254926682,0.6979131400585175,0.3317386209964752,0.2946739196777344,2,Q2,High
1432,25877,18280,3,2-3,0.8517514318227768,0.6479068696498871,0.2663137912750244,0.37353795766830444,2,Q2,High
1433,25891,18315,3,2-3,0.783868670463562,0.6716374754905701,0.3462938070297241,0.3238796889781952,2,Q2,Medium
1434,25894,9355,2,2-3,0.5113498568534851,0.7649011164903641,0.1717301905155182,0.25094103813171387,3,Q3,Low
1435,25973,16129,2,2-3,0.9134839251637459,0.6309244632720947,0.19795051217079163,0.4118568003177643,2,Q2,High
1436,25992,3209,2,2-3,0.9738979004323483,0.40781211853027344,0.8204127550125122,0.5351316928863525,1,Q1-low,High
1437,26010,12691,2,2-3,0.8563238680362701,0.793667659163475,0.16967087984085083,0.2154977023601532,4,Q4-high,High
1438,26016,3212,2,2-3,0.8228527456521988,0.7641758918762207,0.11084602773189545,0.26706862449645996,3,Q3,High
1439,26020,18130,2,2-3,0.9136978089809418,0.7576392292976379,0.2228735387325287,0.2472325712442398,3,Q3,High
1440,26021,18278,4,4-5,0.7561821341514587,0.6439315974712372,0.3119412064552307,0.36710020899772644,2,Q2,Medium
1441,26046,10985,3,2-3,0.7456336319446564,0.7724086344242096,0.3312377333641052,0.2016797661781311,4,Q4-high,Medium
1442,26071,3234,2,2-3,0.9434242285788059,0.7150066792964935,0.1321924328804016,0.3231935501098633,3,Q3,High
1443,26126,9595,3,2-3,0.6050191223621368,0.4683479070663452,0.3983326554298401,0.5649819374084473,1,Q1-low,Low
1444,26153,10165,2,2-3,0.4534491300582886,0.6318882703781128,0.33129793405532837,0.3773151636123657,2,Q2,Low
1445,26204,15215,1,1,,0.8702296912670135,0.12837624549865723,0.13011881709098816,4,Q4-high,Single-history
1446,26218,6921,2,2-3,0.7143411040306091,0.7424519658088684,0.20276889204978943,0.27124279737472534,3,Q3,Medium
1447,26223,9124,3,2-3,0.377788245677948,0.6736515164375305,0.17395779490470886,0.36444616317749023,2,Q2,Low
1448,26280,7774,2,2-3,0.3880994915962219,0.7994781732559204,0.21934831142425537,0.19581520557403564,4,Q4-high,Low
1449,26307,17325,2,2-3,0.8173388242721558,0.6184211671352386,0.3025122880935669,0.40134546160697937,2,Q2,High
1450,26309,12262,2,2-3,0.38729262351989746,0.725261002779007,0.20749899744987488,0.2915489971637726,3,Q3,Low
1451,26324,18316,2,2-3,0.9276033043861389,0.7696271240711212,0.2472505122423172,0.22615346312522888,4,Q4-high,High
1452,26383,18307,4,4-5,0.7618652582168579,0.7661245316267014,0.25526320934295654,0.22852852940559387,3,Q3,Medium
1453,26405,17441,2,2-3,0.9965195534750819,0.6325733959674835,0.5433433651924133,0.32344740629196167,2,Q2,High
1454,26410,11168,3,2-3,0.6051184833049774,0.726734459400177,0.27259644865989685,0.27343282103538513,3,Q3,Low
1455,26464,16729,4,4-5,0.6947518885135651,0.6106929779052734,0.13238701224327087,0.4535370171070099,2,Q2,Low
1456,26622,15587,2,2-3,0.8488205969333649,0.5649117827415466,0.08122798800468445,0.5235532522201538,1,Q1-low,High
1457,26625,3536,2,2-3,0.6020212769508362,0.7390163838863373,0.31570693850517273,0.24730277061462402,3,Q3,Low
1458,26648,3413,2,2-3,0.5952404141426086,0.817220076918602,0.22899597883224487,0.171225905418396,4,Q4-high,Low
1459,26714,12040,2,2-3,0.7982823401689529,0.710778534412384,0.18275725841522217,0.3158375322818756,3,Q3,High
1460,26724,14679,2,2-3,0.7423511743545532,0.6641611456871033,0.2742634415626526,0.35123270750045776,2,Q2,Medium
1461,26748,17634,2,2-3,0.6870651543140411,0.70998215675354,0.4315004348754883,0.2546471953392029,3,Q3,Low
1462,26769,6075,2,2-3,0.766809418797493,0.7616108059883118,0.435235857963562,0.1891775280237198,3,Q3,Medium
1463,26770,16149,1,1,,0.830972284078598,0.19792531430721283,0.16180330514907837,4,Q4-high,Single-history
1464,26775,17802,2,2-3,0.6346612572669983,0.7577847242355347,0.2093559205532074,0.2504301071166992,3,Q3,Low
1465,26778,17219,1,1,,0.8348821252584457,0.11448228359222412,0.1777767688035965,4,Q4-high,Single-history
1466,26789,17900,2,2-3,0.7470156252384186,0.8153875023126602,0.29305529594421387,0.15750178694725037,4,Q4-high,Medium
1467,26856,18045,2,2-3,0.7869840711355209,0.7069614231586456,0.27051854133605957,0.2986685633659363,3,Q3,High
1468,26882,6936,2,2-3,0.7030720710754395,0.6644177436828613,0.31592294573783875,0.34049707651138306,2,Q2,Medium
1469,26912,11202,3,2-3,0.802039310336113,0.4347320795059204,0.26752549409866333,0.6397034525871277,1,Q1-low,High
1470,26920,18279,5,4-5,0.76591856777668,0.6191926598548889,0.22378112375736237,0.42006388306617737,2,Q2,Medium
1471,26922,18298,2,2-3,0.7514132410287857,0.5581395626068115,0.06773123145103455,0.535392701625824,1,Q1-low,Medium
1472,26986,5207,3,2-3,0.7629979252815247,0.6925005316734314,0.19049805402755737,0.336749792098999,2,Q2,Medium
1473,27080,15199,1,1,,0.5904637575149536,0.45632660388946533,0.39783865213394165,1,Q1-low,Single-history
1474,27108,14355,1,1,,0.2364826202392578,0.6953437328338623,0.7805607318878174,1,Q1-low,Single-history
1475,27180,18313,1,1,,0.7755693644285202,0.1427953839302063,0.24483944475650787,4,Q4-high,Single-history
1476,27203,18010,2,2-3,0.767145186662674,0.7207426130771637,0.3628801107406616,0.2583516836166382,3,Q3,Medium
1477,27225,9002,1,1,,0.8478308916091919,0.06351729482412338,0.17433205246925354,4,Q4-high,Single-history
1478,27228,18214,2,2-3,0.7114069163799286,0.7113911509513855,0.33914899826049805,0.2759737968444824,3,Q3,Medium
1479,27260,18244,2,2-3,0.864903911948204,0.759864553809166,0.267130583524704,0.23338666558265686,3,Q3,High
1480,27278,4517,3,2-3,0.7232751548290253,0.7341592609882355,0.34111741185188293,0.24702155590057373,3,Q3,Medium
1481,27292,15859,2,2-3,0.8209013938903809,0.6169857680797577,0.15517635643482208,0.4399736821651459,2,Q2,High
1482,27340,3972,1,1,,0.516636997461319,0.3266483545303345,0.5225416421890259,1,Q1-low,Single-history
1483,27348,4173,4,4-5,0.6267842054367065,0.5917158126831055,0.3396623730659485,0.42543962597846985,1,Q1-low,Low
1484,27438,7289,2,2-3,0.7371752560138702,0.8028301149606705,0.3184783458709717,0.1668427586555481,4,Q4-high,Medium
1485,27554,11804,2,2-3,0.7044205665588379,0.7253583669662476,0.388502836227417,0.2461763322353363,3,Q3,Medium
1486,27606,7919,3,2-3,0.671697348356247,0.4844818711280823,0.160954087972641,0.6041591167449951,1,Q1-low,Low
1487,27645,14076,3,2-3,0.7905370146036148,0.6572742462158203,0.15907637774944305,0.38863810896873474,2,Q2,High
1488,27664,10739,2,2-3,0.7926445156335831,0.7722343802452087,0.2004176378250122,0.23460261523723602,4,Q4-high,High
1489,27696,9738,2,2-3,0.7827934920787811,0.7541508227586746,0.11451693624258041,0.27868223190307617,3,Q3,Medium
1490,27777,14318,2,2-3,0.8038184344768524,0.7682238668203354,0.378580242395401,0.19507509469985962,3,Q3,High
1491,27794,15318,2,2-3,0.7986104339361191,0.618850588798523,0.21307048201560974,0.4231691360473633,2,Q2,High
1492,27945,14590,5,4-5,0.5656692087650299,0.30138975381851196,0.5230070352554321,0.7425110340118408,1,Q1-low,Low
1493,27976,7753,3,2-3,0.5226980447769165,0.4876210689544678,0.4036521911621094,0.5395605564117432,1,Q1-low,Low
1494,27987,3887,2,2-3,0.7494733035564423,0.6671651601791382,0.25068119168281555,0.3533732295036316,2,Q2,Medium
1495,27990,15436,3,2-3,0.7535363584756851,0.6923857927322388,0.265710711479187,0.3180900812149048,2,Q2,Medium
1496,28012,9956,3,2-3,0.7416779100894928,0.6981025040149689,0.3141044080257416,0.2988457679748535,2,Q2,Medium
1497,28023,6041,2,2-3,0.6380502283573151,0.885387510061264,0.36810776591300964,0.05123867094516754,4,Q4-high,Low
1498,28092,13680,2,2-3,0.5869183838367462,0.742115318775177,0.11922727525234222,0.2925490140914917,3,Q3,Low
1499,28105,3952,3,2-3,0.6554044485092163,0.48632264137268066,0.28525280952453613,0.5707834959030151,1,Q1-low,Low
1500,28148,18311,2,2-3,0.7398555278778076,0.638154149055481,0.3569033741950989,0.3630814552307129,2,Q2,Medium
1501,28166,18334,3,2-3,0.7779346853494644,0.7792159914970398,0.32649528980255127,0.19435617327690125,4,Q4-high,Medium
1502,28233,16055,4,4-5,0.8649903684854507,0.509187638759613,0.49980485439300537,0.48856422305107117,1,Q1-low,High
1503,28253,17751,2,2-3,0.9192588105797768,0.6214852929115295,0.3507475256919861,0.38545650243759155,2,Q2,High
1504,28261,11102,3,2-3,0.7044283449649811,0.7440204322338104,0.2757471203804016,0.2510376572608948,3,Q3,Medium
1505,28281,18326,7,>=6,0.7722132503986359,0.7922673523426056,0.23604267835617065,0.20065513253211975,4,Q4-high,Medium
1506,28317,9450,3,2-3,0.7137103378772736,0.8282436728477478,0.21648529171943665,0.16057409346103668,4,Q4-high,Medium
1507,28331,4052,2,2-3,0.5614553689956665,0.6503385901451111,0.210110604763031,0.3845491111278534,2,Q2,Low
1508,28421,18296,2,2-3,0.5815777778625488,0.5421777665615082,0.09191596508026123,0.5492987632751465,1,Q1-low,Low
1509,28447,17849,2,2-3,0.7075676321983337,0.900547981262207,0.21679359674453735,0.07011662423610687,4,Q4-high,Medium
1510,28450,17666,2,2-3,0.691004753112793,0.329778254032135,0.2963851988315582,0.7636808753013611,1,Q1-low,Low
1511,28517,15275,2,2-3,0.6252377927303314,0.5927683711051941,0.24792081117630005,0.4470593333244324,1,Q1-low,Low
1512,28520,4125,2,2-3,0.6861488223075867,0.6509152948856354,0.27009662985801697,0.36883169412612915,2,Q2,Low
1513,28526,18236,2,2-3,0.8388969302177429,0.877080038189888,0.18998537957668304,0.10615359991788864,4,Q4-high,High
1514,28537,12270,2,2-3,0.8070218712091446,0.2844957709312439,0.6280759572982788,0.7373613119125366,1,Q1-low,High
1515,28554,18331,2,2-3,0.6119396984577179,0.6380235850811005,0.3392731845378876,0.36765220761299133,2,Q2,Low
1516,28582,4120,2,2-3,0.5561326146125793,0.5870943963527679,0.32562780380249023,0.4347250461578369,1,Q1-low,Low
1517,28619,10644,3,2-3,0.6751174926757812,0.8490362018346786,0.24940282106399536,0.12635403871536255,4,Q4-high,Low
1518,28643,17825,2,2-3,0.79574054479599,0.8862577229738235,0.38531729578971863,0.04584851488471031,4,Q4-high,High
1519,28712,17430,2,2-3,0.8023828417062759,0.535638689994812,0.3334304690361023,0.4970940053462982,1,Q1-low,High
1520,28931,17813,2,2-3,0.24873381853103638,0.060619235038757324,0.6969038248062134,1.0,1,Q1-low,Low
1521,28992,16178,2,2-3,0.8362807780504227,0.7831769287586212,0.10636003315448761,0.24443882703781128,4,Q4-high,High
1522,28997,18279,3,2-3,0.79692143201828,0.7963816821575165,0.16195914149284363,0.2140330970287323,4,Q4-high,High
1523,29050,18243,1,1,,0.8265937119722366,0.12064370512962341,0.18659694492816925,4,Q4-high,Single-history
1524,29093,5033,2,2-3,0.7399710118770599,0.690125048160553,0.061976585537195206,0.37184953689575195,2,Q2,Medium
1525,29140,13368,2,2-3,0.5172463953495026,0.6355815827846527,0.22457900643348694,0.3993782699108124,2,Q2,Low
1526,29169,18030,2,2-3,0.8731849193572998,0.7720353901386261,0.2519487142562866,0.22196857631206512,4,Q4-high,High
1527,29242,10920,2,2-3,0.10781151056289673,0.5777436792850494,0.3239561915397644,0.4468313455581665,1,Q1-low,Low
1528,29275,18333,1,1,,0.8091271221637726,0.3321247100830078,0.15555992722511292,4,Q4-high,Single-history
1529,29282,16043,2,2-3,0.49545979499816895,0.7046236395835876,0.2867925465106964,0.29752230644226074,3,Q3,Low
1530,29296,11969,3,2-3,0.7446752488613129,0.7810575664043427,0.17010654509067535,0.23115141689777374,4,Q4-high,Medium
1531,29311,18313,10,>=6,0.7659933865070343,0.6895507276058197,0.1810576617717743,0.342797189950943,2,Q2,Medium
1532,29350,18331,2,2-3,0.593635767698288,0.5457621812820435,0.3770584464073181,0.47353264689445496,1,Q1-low,Low
1533,29353,10884,3,2-3,0.6980768144130707,0.7498248219490051,0.21882782876491547,0.25801199674606323,3,Q3,Low
1534,29371,7926,2,2-3,0.5226449966430664,0.7639643251895905,0.34610146284103394,0.20851922035217285,3,Q3,Low
1535,29373,18290,2,2-3,0.8554601669311523,0.9054299965500832,0.08860650658607483,0.0960608720779419,4,Q4-high,High
1536,29486,4441,2,2-3,0.8408708721399307,0.8459514826536179,0.1383635699748993,0.15796975791454315,4,Q4-high,High
1537,29491,13557,1,1,,0.6795176863670349,0.1950415074825287,0.3518425226211548,2,Q2,Single-history
1538,29543,17805,3,2-3,0.7194837033748627,0.7379030287265778,0.19604788720607758,0.2786092162132263,3,Q3,Medium
1539,29584,7349,1,1,,0.9958962351083755,0.20153386890888214,-0.04525375738739967,4,Q4-high,Single-history
1540,29596,7674,2,2-3,0.9314953982830048,0.7561400234699249,0.13254627585411072,0.27168840169906616,3,Q3,High
1541,29720,13495,3,2-3,0.8349934220314026,0.6851917803287506,0.2637583017349243,0.32757067680358887,2,Q2,High
1542,29759,12523,3,2-3,0.6020081341266632,0.848685547709465,0.14620503783226013,0.15259180963039398,4,Q4-high,Low
1543,29781,17588,2,2-3,0.7802296876907349,0.8401040136814117,0.23165759444236755,0.14195558428764343,4,Q4-high,Medium
1544,29783,18276,6,>=6,0.685477614402771,0.5748843550682068,0.2618825435638428,0.46592390537261963,1,Q1-low,Low
1545,29791,18307,3,2-3,0.805404782295227,0.8013921231031418,0.09023980796337128,0.22569990158081055,4,Q4-high,High
1546,29842,18334,3,2-3,0.41186970472335815,0.7482565343379974,0.15613067150115967,0.2756466567516327,3,Q3,Low
1547,29843,14145,2,2-3,0.38137590885162354,0.511043131351471,0.44564342498779297,0.4997851848602295,1,Q1-low,Low
1548,29847,16349,2,2-3,0.7410889565944672,0.6668509244918823,0.12495382130146027,0.38519787788391113,2,Q2,Medium
1549,29874,6337,2,2-3,0.6739680171012878,0.48595643043518066,0.48719269037246704,0.5207563042640686,1,Q1-low,Low
1550,29892,11596,3,2-3,0.7914353460073471,0.7322731614112854,0.22941172122955322,0.27730560302734375,3,Q3,High
1551,29895,15709,4,4-5,0.7360374629497528,0.7901441156864166,0.1592584103345871,0.22250525653362274,4,Q4-high,Medium
1552,29918,17003,1,1,,0.7042473256587982,0.2906654477119446,0.2970244884490967,3,Q3,Single-history
1553,29941,18265,3,2-3,0.7899906635284424,0.48008298873901367,0.14581802487373352,0.6134417653083801,1,Q1-low,High
1554,30073,18288,1,1,,0.6583380103111267,0.4531974196434021,0.3137781023979187,2,Q2,Single-history
1555,30103,8135,2,2-3,0.8593829572200775,0.7131557464599609,0.16167691349983215,0.3181360960006714,3,Q3,High
1556,30154,4868,2,2-3,0.6554264724254608,0.7757550477981567,0.32398515939712524,0.19930988550186157,4,Q4-high,Low
1557,30345,16068,2,2-3,0.5436572134494781,0.5970031321048737,0.23629075288772583,0.44467341899871826,1,Q1-low,Low
1558,30444,17090,8,>=6,0.7356114089488983,0.43298226594924927,0.3111886978149414,0.6309750080108643,1,Q1-low,Medium
1559,30451,18309,3,2-3,0.8363244533538818,0.6180870831012726,0.1788952350616455,0.4326673150062561,2,Q2,High
1560,30454,18276,6,>=6,0.6839914917945862,0.5716206133365631,0.3386211693286896,0.4508189260959625,1,Q1-low,Low
1561,30455,18280,4,4-5,0.7535289525985718,0.6223039031028748,0.1170407384634018,0.442859947681427,2,Q2,Medium
1562,30577,11570,2,2-3,0.7798272371292114,0.6675748229026794,0.4626401364803314,0.29987144470214844,2,Q2,Medium
1563,30704,5186,2,2-3,0.6538140773773193,0.599526584148407,0.23928743600845337,0.44076988101005554,1,Q1-low,Low
1564,30725,14604,2,2-3,0.34087520837783813,0.6643972396850586,0.36295849084854126,0.32876384258270264,2,Q2,Low
1565,30886,9383,2,2-3,0.73812335729599,0.659231573343277,0.34638094902038574,0.33936530351638794,2,Q2,Medium
1566,30946,5305,3,2-3,0.7780414968729019,0.5225212872028351,0.31281578540802,0.5186444520950317,1,Q1-low,Medium
1567,30957,18261,3,2-3,0.7758448868989944,0.6589052081108093,0.22543048858642578,0.3700108826160431,2,Q2,Medium
1568,30974,15606,2,2-3,0.5394754111766815,0.48239678144454956,0.625457227230072,0.49063971638679504,1,Q1-low,Low
1569,30976,18347,5,4-5,0.7338358163833618,0.8251184374094009,0.06948909163475037,0.20122967660427094,4,Q4-high,Medium
1570,31077,11144,2,2-3,0.6767238974571228,0.6206659972667694,0.32039743661880493,0.3940681219100952,2,Q2,Low
1571,31079,18355,2,2-3,0.8167327046394348,0.5887129008769989,0.21804407238960266,0.4595978558063507,1,Q1-low,High
1572,31135,8813,2,2-3,0.7044054567813873,0.7077799141407013,0.2543877363204956,0.3016781806945801,3,Q3,Medium
1573,31287,18290,3,2-3,0.45824259519577026,0.7801520973443985,0.12164586782455444,0.24439841508865356,4,Q4-high,Low
1574,31303,6345,3,2-3,0.7378939092159271,0.7231265604496002,0.23098674416542053,0.2883451282978058,3,Q3,Medium
1575,31313,17991,2,2-3,0.7694415152072906,0.7123789191246033,0.25521320104599,0.2957230508327484,3,Q3,Medium
1576,31364,18255,2,2-3,0.5621740221977234,0.562050461769104,0.4402787685394287,0.43736720085144043,1,Q1-low,Low
1577,31386,10110,3,2-3,0.7484539449214935,0.7311257421970367,0.22847694158554077,0.2789735794067383,3,Q3,Medium
1578,31431,17566,2,2-3,0.7977269440889359,0.6760699450969696,0.12108183652162552,0.37464213371276855,2,Q2,High
1579,31445,18307,3,2-3,0.7296440303325653,0.7333511114120483,0.24220287799835205,0.27276039123535156,3,Q3,Medium
1580,31487,5686,2,2-3,0.7899542450904846,0.8951121717691422,0.17336009442806244,0.0877697616815567,4,Q4-high,High
1581,31545,18307,5,4-5,0.8170541524887085,0.8194208741188049,0.23515498638153076,0.16693516075611115,4,Q4-high,High
1582,31669,18044,2,2-3,0.7350939810276031,0.6926813721656799,0.1767244189977646,0.33996719121932983,2,Q2,Medium
1583,31686,9968,2,2-3,0.7034528851509094,0.7720802128314972,0.15784768760204315,0.24543780088424683,4,Q4-high,Medium
1584,31688,10251,2,2-3,0.6517085433006287,0.7557118535041809,0.21669915318489075,0.2511853873729706,3,Q3,Low
1585,31762,14841,1,1,,0.6738070845603943,0.21182821691036224,0.3547841012477875,2,Q2,Single-history
1586,31773,8308,3,2-3,0.7637661248445511,0.7704873979091644,0.2236013412475586,0.23099039494991302,4,Q4-high,Medium
1587,31774,5868,2,2-3,0.6718742251396179,0.6486254632472992,0.1784760057926178,0.39459916949272156,2,Q2,Low
1588,31778,11023,2,2-3,0.8912917748093605,0.6895734965801239,0.17444880306720734,0.3444209396839142,2,Q2,High
1589,31803,18250,6,>=6,0.5705666840076447,0.5891616344451904,0.0875987559556961,0.49164825677871704,1,Q1-low,Low
1590,31818,18307,3,2-3,0.8142814189195633,0.7663255482912064,0.19719356298446655,0.2427946776151657,3,Q3,High
1591,31864,14601,2,2-3,0.5102204382419586,0.7335862815380096,0.26558834314346313,0.26662003993988037,3,Q3,Low
1592,31910,10152,2,2-3,0.6351371705532074,0.5982648134231567,0.4930080771446228,0.37891697883605957,1,Q1-low,Low
1593,31936,13064,1,1,,0.9251906722784042,0.1416451632976532,0.05810036137700081,4,Q4-high,Single-history
1594,32040,18289,3,2-3,0.614497184753418,0.49620747566223145,0.3009661138057709,0.5544991493225098,1,Q1-low,Low
1595,32082,11615,2,2-3,0.7690440565347672,0.6705813407897949,0.252115398645401,0.3487444519996643,2,Q2,Medium
1596,32154,18349,3,2-3,0.7636458426713943,0.8410270810127258,0.26675525307655334,0.13202734291553497,4,Q4-high,Medium
1597,32518,18334,2,2-3,0.7281236350536346,0.7158489227294922,0.2943927049636841,0.28159064054489136,3,Q3,Medium
1598,32556,13328,2,2-3,0.8723595291376114,0.4347548484802246,0.3496832847595215,0.6191356182098389,1,Q1-low,High
1599,32631,17566,3,2-3,0.7401000559329987,0.6853678822517395,0.12688325345516205,0.361569344997406,2,Q2,Medium
1600,32635,13448,1,1,,0.6727620363235474,0.130100816488266,0.3765222430229187,2,Q2,Single-history
1601,32673,18261,2,2-3,0.898492231965065,0.7079136967658997,0.2952425479888916,0.29129722714424133,3,Q3,High
1602,32681,18272,3,2-3,0.807153657078743,0.7601976990699768,0.23989413678646088,0.23977932333946228,3,Q3,High
1603,32704,15563,2,2-3,0.6699800789356232,0.5370491147041321,0.5329613089561462,0.44544827938079834,1,Q1-low,Low
1604,32746,17266,1,1,,0.48537737131118774,0.19793730974197388,0.5937939882278442,1,Q1-low,Single-history
1605,32750,18281,2,2-3,0.9473228976130486,0.8185277283191681,0.21958458423614502,0.17194418609142303,4,Q4-high,High
1606,32818,18307,4,4-5,0.6765434443950653,0.733351081609726,0.24220287799835205,0.27276042103767395,3,Q3,Low
1607,32856,18231,3,2-3,0.6661516726016998,0.7219083905220032,0.25151264667510986,0.28473636507987976,3,Q3,Low
1608,32858,17437,1,1,,0.906699001789093,0.06771554797887802,0.09969735890626907,4,Q4-high,Single-history
1609,32884,13348,2,2-3,0.5223335027694702,0.8590138703584671,0.09776780754327774,0.15179070830345154,4,Q4-high,Low
1610,32912,15063,2,2-3,0.5163667798042297,0.8362662196159363,0.20920801162719727,0.15236520767211914,4,Q4-high,Low
1611,32938,16049,2,2-3,0.26229578256607056,0.727477490901947,0.23390226066112518,0.28217756748199463,3,Q3,Low
1612,32954,10861,1,1,,0.6683686971664429,0.3482879400253296,0.327467143535614,2,Q2,Single-history
1613,32996,18334,3,2-3,0.784752830862999,0.7589650452136993,0.17676180601119995,0.25710323452949524,3,Q3,High
1614,33081,17441,1,1,,0.36159050464630127,0.6120328903198242,0.645003616809845,1,Q1-low,Single-history
1615,33116,18315,2,2-3,0.6185595393180847,0.7423151433467865,0.2785152196884155,0.2524772584438324,3,Q3,Low
1616,33155,9944,3,2-3,0.7309044897556305,0.7262329459190369,0.16376054286956787,0.30126869678497314,3,Q3,Medium
1617,33156,18274,5,4-5,0.7752089500427246,0.6461887061595917,0.24439343810081482,0.3811657428741455,2,Q2,Medium
1618,33159,18307,2,2-3,0.8520177453756332,0.8039779961109161,0.22303040325641632,0.18926988542079926,4,Q4-high,High
1619,33166,18307,2,2-3,0.8067157566547394,0.626593828201294,0.22692567110061646,0.41002631187438965,2,Q2,High
1620,33184,11226,2,2-3,0.49442553520202637,0.5014531910419464,0.14746728539466858,0.586316704750061,1,Q1-low,Low
1621,33275,7091,2,2-3,0.7387793660163879,0.7002902030944824,0.42830967903137207,0.26755982637405396,3,Q3,Medium
1622,33432,17188,2,2-3,0.7070287466049194,0.8317557275295258,0.19529546797275543,0.16148146986961365,4,Q4-high,Medium
1623,33482,18177,3,2-3,0.7350603342056274,0.7581403851509094,0.24803251028060913,0.24031639099121094,3,Q3,Medium
1624,33502,12335,2,2-3,0.9932339992374182,0.8845358937978745,0.13964319229125977,0.1094193235039711,4,Q4-high,High
1625,33611,18307,5,4-5,0.8381524831056595,0.7275071144104004,0.3139738440513611,0.26212263107299805,3,Q3,High
1626,33614,18334,3,2-3,0.8393828719854355,0.7717282474040985,0.366739422082901,0.1936548352241516,4,Q4-high,High
1627,33655,16935,1,1,,0.822581872344017,0.0647474154829979,0.2055858075618744,4,Q4-high,Single-history
1628,33659,18309,3,2-3,0.7607924491167068,0.7826111018657684,0.23673440515995026,0.2125525176525116,4,Q4-high,Medium
1629,33690,18307,2,2-3,0.8738320916891098,0.8239423930644989,0.21810923516750336,0.16554468870162964,4,Q4-high,High
1630,33786,18287,3,2-3,0.9078584015369415,0.6219867765903473,0.4425734281539917,0.36187317967414856,2,Q2,High
1631,33851,17477,2,2-3,0.667662650346756,0.8075348883867264,0.43675118684768677,0.13139358162879944,4,Q4-high,Low
1632,33913,13873,3,2-3,0.8147885799407959,0.6456761062145233,0.2917853593826294,0.3699585199356079,2,Q2,High
1633,34025,18290,2,2-3,0.6078989207744598,0.7538929879665375,0.271297812461853,0.2398093044757843,3,Q3,Low
1634,34085,14757,1,1,,0.8346312344074249,0.13449949026107788,0.17308607697486877,4,Q4-high,Single-history
1635,34141,18187,2,2-3,0.6196979582309723,0.692435085773468,0.29614022374153137,0.31042107939720154,2,Q2,Low
1636,34248,17464,2,2-3,0.6222146451473236,0.7265584766864777,0.18920046091079712,0.29450178146362305,3,Q3,Low
1637,34252,18334,2,2-3,0.8436073213815689,0.6845254600048065,0.16548027098178864,0.3529731035232544,2,Q2,High
1638,34273,18278,4,4-5,0.5736462771892548,0.7896175384521484,0.22011511027812958,0.20794929563999176,4,Q4-high,Low
1639,34295,17303,1,1,,0.5961292088031769,0.27908027172088623,0.43506839871406555,1,Q1-low,Single-history
1640,34360,16157,2,2-3,0.5349339842796326,0.6159310638904572,0.2891785502433777,0.4077915549278259,2,Q2,Low
1641,34404,18290,3,2-3,0.7740802764892578,0.8256007879972458,0.15684470534324646,0.17878782749176025,4,Q4-high,Medium
1642,34423,17090,5,4-5,0.7444690465927124,0.43298226594924927,0.3111886978149414,0.6309750080108643,1,Q1-low,Medium
1643,34424,18261,3,2-3,0.6697131395339966,0.5721745193004608,0.23119117319583893,0.47698402404785156,1,Q1-low,Low
1644,34432,14400,2,2-3,0.7845518440008163,0.8333543390035629,0.20133039355278015,0.1579744666814804,4,Q4-high,High
1645,34482,18252,2,2-3,0.7882560938596725,0.5366930961608887,0.2960176169872284,0.5051292181015015,1,Q1-low,High
1646,34491,18315,3,2-3,0.8455028384923935,0.2797471880912781,0.23712781071662903,0.8410340547561646,1,Q1-low,High
1647,34604,18315,3,2-3,0.7839904874563217,0.732416421175003,0.18870291113853455,0.28730374574661255,3,Q3,High
1648,34626,18326,5,4-5,0.6258261203765869,0.7844318151473999,0.1795828938484192,0.22456449270248413,4,Q4-high,Low
1649,34804,12274,1,1,,0.8264312446117401,0.31405097246170044,0.13844819366931915,4,Q4-high,Single-history
1650,34836,17261,2,2-3,0.5901921689510345,0.5876422822475433,0.18583887815475464,0.4689874053001404,1,Q1-low,Low
1651,34837,18190,3,2-3,0.5152334868907928,0.49447721242904663,0.28205376863479614,0.5613900423049927,1,Q1-low,Low
1652,34949,16948,2,2-3,0.4169784188270569,0.5471512377262115,0.4845355153083801,0.44492706656455994,1,Q1-low,Low
1653,34968,10130,2,2-3,0.8223619610071182,0.7683237195014954,0.13916686177253723,0.2548036277294159,3,Q3,High
1654,34979,10153,2,2-3,0.8449462205171585,0.7963191121816635,0.15416979789733887,0.2160586565732956,4,Q4-high,High
1655,34989,18352,1,1,,0.7502311766147614,0.2468884289264679,0.25048890709877014,3,Q3,Single-history
1656,35016,18195,2,2-3,0.8594548255205154,0.6052992641925812,0.20750993490219116,0.44149842858314514,1,Q1-low,High
1657,35022,18307,2,2-3,0.8518972247838974,0.8934997245669365,0.16450586915016174,0.0919988751411438,4,Q4-high,High
1658,35031,18307,3,2-3,0.7709333151578903,0.8333233147859573,0.15852542221546173,0.1687145084142685,4,Q4-high,Medium
1659,35033,18258,3,2-3,0.8452166467905045,0.7421016991138458,0.22788210213184357,0.26540234684944153,3,Q3,High
1660,35044,18352,1,1,,0.8972091823816299,0.180497944355011,0.08336403220891953,4,Q4-high,Single-history
1661,35058,18298,2,2-3,0.8378769010305405,0.5906353890895844,0.32247394323349,0.4310872554779053,1,Q1-low,High
1662,35059,18309,2,2-3,0.32544833421707153,0.8626424074172974,0.23640578985214233,0.11259554326534271,4,Q4-high,Low
1663,35068,18356,3,2-3,0.24420052766799927,0.7565073370933533,0.09949246048927307,0.27949270606040955,3,Q3,Low
1664,35087,18346,4,4-5,0.772707924246788,0.6853161156177521,0.3652154207229614,0.30205100774765015,2,Q2,Medium
1665,35089,16492,2,2-3,0.7088399827480316,0.7440345883369446,0.22094938158988953,0.2647194266319275,3,Q3,Medium
1666,35094,12924,2,2-3,0.7105414569377899,0.7154184877872467,0.1359439492225647,0.32174092531204224,3,Q3,Medium
1667,35098,18209,2,2-3,0.7546718269586563,0.6714802384376526,0.23064835369586945,0.3529875874519348,2,Q2,Medium
1668,35103,18334,2,2-3,0.7636759430170059,0.7792160212993622,0.3264952600002289,0.19435615837574005,4,Q4-high,Medium
1669,35104,18334,2,2-3,0.8513981252908707,0.6845254600048065,0.16548027098178864,0.3529731035232544,2,Q2,High
1670,35110,18307,3,2-3,0.7255735397338867,0.7690979838371277,0.17925375699996948,0.24381408095359802,3,Q3,Medium
1671,35122,18309,2,2-3,0.900828629732132,0.8496157079935074,0.10803849250078201,0.1609707474708557,4,Q4-high,High
1672,35133,15755,2,2-3,0.5762691497802734,0.5893345773220062,0.26461148262023926,0.4471789002418518,1,Q1-low,Low
1673,35214,18341,3,2-3,0.7152014672756195,0.6489184200763702,0.21443045139312744,0.38524436950683594,2,Q2,Medium
1674,35218,18334,3,2-3,0.5251437425613403,0.7430405020713806,0.13785183429718018,0.2867364287376404,3,Q3,Low
1675,35227,11501,2,2-3,0.6826031506061554,0.7699700444936752,0.14640159904956818,0.2509370446205139,4,Q4-high,Low
1676,35252,17943,2,2-3,0.7587620615959167,0.8756650388240814,0.29134565591812134,0.08258228749036789,4,Q4-high,Medium
1677,35256,17588,2,2-3,0.8212929368019104,0.8560019433498383,0.09171800315380096,0.15706807374954224,4,Q4-high,High
1678,35262,18276,2,2-3,0.7550220638513565,0.7723838984966278,0.48274245858192444,0.16383449733257294,4,Q4-high,Medium
1679,35280,18327,2,2-3,0.5703279972076416,0.700271487236023,0.21903946995735168,0.319900780916214,3,Q3,Low
1680,35296,17588,3,2-3,0.7018865048885345,0.7401148080825806,0.17037555575370789,0.2822626233100891,3,Q3,Medium
1681,35391,18307,2,2-3,0.7838324010372162,0.7697701454162598,0.37682807445526123,0.1935802847146988,4,Q4-high,Medium
1682,35419,18287,2,2-3,0.7838414162397385,0.5937389433383942,0.30622783303260803,0.4312693476676941,1,Q1-low,Medium
1683,35446,18290,2,2-3,0.7706276029348373,0.6749553382396698,0.23251797258853912,0.3481763005256653,2,Q2,Medium
1684,35458,18356,2,2-3,0.4516332149505615,0.8470631539821625,0.06705126911401749,0.1744082272052765,4,Q4-high,Low
1685,35470,18352,1,1,,0.7502311766147614,0.2468884289264679,0.25048890709877014,3,Q3,Single-history
1686,35515,17090,2,2-3,0.8374336659908295,0.8369072526693344,0.23063093423843384,0.14620819687843323,4,Q4-high,High
1687,35526,18146,6,>=6,0.6645111441612244,0.5914985537528992,0.14493629336357117,0.47439274191856384,1,Q1-low,Low
1688,35529,18134,3,2-3,0.8249113708734512,0.838725671172142,0.19140031933784485,0.15374282002449036,4,Q4-high,High
1689,35572,18356,2,2-3,0.467082679271698,0.7837188243865967,0.15218444168567657,0.2323053479194641,4,Q4-high,Low
1690,35575,18280,4,4-5,0.5468966066837311,0.6898246109485626,0.15887290239334106,0.34800100326538086,2,Q2,Low
1691,35579,18237,1,1,,0.8808234483003616,0.3451889753341675,0.06267344206571579,4,Q4-high,Single-history
1692,35588,18248,2,2-3,0.8239791393280029,0.5837540626525879,0.1364772766828537,0.4861881136894226,1,Q1-low,High
