row_id,user,target,history_length,past_target_cosine,future_target_cosine,delta_future_minus_past,future_better,rank_Anchor-only,rank_Past-only,rank_Future-only,rank_Past+Future,rank_FIR-MIC without future bridge,rank_Per-item + transition/association,rank_FIR-MIC full
0,0,5458,1,0.9248154759407043,0.8796465992927551,-0.04516887664794922,0,141,45,34,44,118,25,25
1,5,18349,10,0.9080386161804199,0.6453549265861511,-0.2626836895942688,0,1260,631,712,656,1282,1253,1253
2,8,798,4,0.9092277884483337,0.8873975276947021,-0.021830260753631592,0,693,425,577,440,782,784,784
3,21,16785,1,0.8387500643730164,0.8911775350570679,0.052427470684051514,1,897,423,161,369,996,868,868
4,28,18103,5,0.9168184399604797,0.9309465885162354,0.014128148555755615,1,314,622,304,571,300,215,215
5,31,800,3,0.912516176700592,0.9174637794494629,0.00494760274887085,1,108,413,281,388,99,73,73
6,54,16989,6,0.9748021364212036,0.928841769695282,-0.04596036672592163,0,344,306,356,313,273,240,240
7,55,10102,4,0.8417689800262451,0.8429138660430908,0.0011448860168457031,1,877,1252,1261,1271,936,1128,1128
8,56,14613,2,0.8633111119270325,0.9493550062179565,0.08604389429092407,1,624,1058,723,1029,699,723,723
9,80,7551,3,0.9306555390357971,0.9203642010688782,-0.010291337966918945,0,342,502,463,493,354,303,303
10,99,1431,5,0.9503605961799622,0.9077029228210449,-0.042657673358917236,0,46,794,831,812,40,43,43
11,122,18060,5,0.9244136810302734,0.8645694851875305,-0.05984419584274292,0,256,550,822,591,202,233,233
12,150,5838,2,0.8839153051376343,0.9321203231811523,0.048205018043518066,1,130,915,775,917,151,167,167
13,164,8,3,0.9046278595924377,0.878800630569458,-0.025827229022979736,0,804,79,45,73,708,477,477
14,165,8,5,0.8826800584793091,0.8967195153236389,0.014039456844329834,1,577,79,31,62,510,278,278
15,167,8,5,0.9330611824989319,0.8970227837562561,-0.03603839874267578,0,479,45,31,41,458,229,229
16,168,18315,2,0.9078521728515625,0.9060690402984619,-0.001783132553100586,0,5,425,540,441,6,8,8
17,169,18131,10,0.911948561668396,0.5724091529846191,-0.33953940868377686,0,20,328,1288,487,24,56,56
18,171,18315,10,0.9426826238632202,0.669547438621521,-0.2731351852416992,0,2,237,328,191,1,2,2
19,172,8,7,0.9054164886474609,0.8792094588279724,-0.026207029819488525,0,177,49,66,46,154,83,83
20,173,18347,10,0.8573688864707947,0.7010166049003601,-0.15635228157043457,0,1247,1307,509,1295,1250,1203,1203
21,174,8,6,0.9374953508377075,0.893638014793396,-0.04385733604431152,0,45,37,63,37,49,21,21
22,175,18277,2,0.8916888236999512,0.8792264461517334,-0.012462377548217773,0,788,104,93,100,783,562,562
23,176,18277,10,0.937792956829071,0.6596351265907288,-0.2781578302383423,0,115,42,41,22,115,81,81
24,177,8,6,0.9125176072120667,0.8934838175773621,-0.01903378963470459,0,142,86,64,86,126,71,71
25,178,8,10,0.9257591366767883,0.5787290930747986,-0.34703004360198975,0,158,58,871,58,138,172,172
26,184,14630,10,0.9513667225837708,0.7235108613967896,-0.2278558611869812,0,122,790,243,659,103,87,87
27,188,16043,3,0.8705459833145142,0.8971196413040161,0.026573657989501953,1,1008,460,168,392,954,786,786
28,195,6753,10,0.917224645614624,0.7261040806770325,-0.19112056493759155,0,12,1150,227,1046,14,15,15
29,196,17024,3,0.9268961548805237,0.920473575592041,-0.006422579288482666,0,91,992,1243,1083,99,139,139
30,213,11,3,0.8988965749740601,0.8725539445877075,-0.02634263038635254,0,617,71,215,83,517,417,417
31,217,12,2,0.8691529035568237,0.9094438552856445,0.0402909517288208,1,642,316,232,303,580,451,451
32,226,17943,3,0.8543068766593933,0.8141568899154663,-0.040149986743927,0,1299,57,106,63,1311,1267,1267
33,229,7621,5,0.9379487037658691,0.927743673324585,-0.01020503044128418,0,325,168,91,144,293,191,191
34,269,15737,4,0.9023491740226746,0.8934178352355957,-0.008931338787078857,0,859,330,243,311,861,770,770
35,277,18179,2,0.8767576217651367,0.9393234848976135,0.0625658631324768,1,320,1122,755,1083,328,327,327
36,289,1736,3,0.8359246253967285,0.8590940833091736,0.02316945791244507,1,1300,62,11,39,1287,1111,1111
37,303,14464,6,0.934955358505249,0.8894917964935303,-0.04546356201171875,0,241,848,840,855,268,278,278
38,315,7129,4,0.9521521329879761,0.9294132590293884,-0.022738873958587646,0,300,524,665,536,262,240,240
39,321,10682,2,0.8703920841217041,0.9288485050201416,0.0584564208984375,1,940,565,189,458,966,843,843
40,347,14009,3,0.8638076186180115,0.8777348399162292,0.013927221298217773,1,364,1307,1304,1312,372,600,600
41,383,12643,1,0.9608989953994751,0.9374781847000122,-0.02342081069946289,0,1,271,983,358,1,1,1
42,406,15569,3,0.907392680644989,0.8887189626693726,-0.018673717975616455,0,356,520,765,556,304,329,329
43,408,13719,10,0.9152749180793762,0.7048489451408386,-0.2104259729385376,0,39,676,146,551,39,33,33
44,414,17566,2,0.8724709153175354,0.9193955063819885,0.046924591064453125,1,77,1085,1249,1142,48,77,77
45,416,18194,2,0.8386008739471436,0.916777491569519,0.07817661762237549,1,1098,856,297,749,1161,1096,1096
46,421,17961,10,0.8950923085212708,0.7197820544242859,-0.17531025409698486,0,845,1061,137,922,767,594,594
47,450,8854,4,0.9489161968231201,0.8966726660728455,-0.05224353075027466,0,50,152,615,192,44,36,36
48,475,17335,3,0.9363541603088379,0.8896108269691467,-0.04674333333969116,0,139,230,667,282,133,94,94
49,476,18030,7,0.9233283996582031,0.8150670528411865,-0.1082613468170166,0,698,291,505,323,695,688,688
50,480,10293,2,0.9139783978462219,0.9168705940246582,0.0028921961784362793,1,551,256,300,265,558,438,438
51,484,13676,9,0.9490968585014343,0.8557760715484619,-0.09332078695297241,0,95,620,952,664,99,105,105
52,493,6200,2,0.9134215116500854,0.9597421288490295,0.04632061719894409,1,162,833,828,829,160,165,165
53,508,4080,6,0.9168810248374939,0.8891881704330444,-0.027692854404449463,0,529,1060,835,1038,508,541,541
54,542,1429,2,0.959595263004303,0.8531320095062256,-0.10646325349807739,0,1030,6,11,6,840,437,437
55,555,4208,6,0.8519849181175232,0.8203264474868774,-0.03165847063064575,0,996,1218,1113,1205,958,1092,1092
56,571,18320,10,0.9199911952018738,0.6552942395210266,-0.26469695568084717,0,861,165,166,107,810,691,691
57,573,18227,3,0.9426281452178955,0.8948302865028381,-0.04779785871505737,0,553,441,969,517,448,515,515
58,586,18320,7,0.9078099131584167,0.8862457871437073,-0.021564126014709473,0,267,121,100,118,322,208,208
59,611,7159,8,0.9553475975990295,0.883650004863739,-0.07169759273529053,0,359,220,305,225,287,220,220
60,617,18261,3,0.8790866136550903,0.8883348703384399,0.00924825668334961,1,113,815,1010,849,70,99,99
61,621,18274,10,0.8968867063522339,0.6663689613342285,-0.23051774501800537,0,853,1159,823,1202,831,912,912
62,625,2943,2,0.9071202874183655,0.9426249861717224,0.035504698753356934,1,637,788,558,740,615,582,582
63,642,18250,5,0.937366247177124,0.8755717277526855,-0.06179451942443848,0,489,801,1041,843,425,530,530
64,658,18274,6,0.868508517742157,0.8763607144355774,0.00785219669342041,1,622,1263,972,1236,610,697,697
65,660,18307,3,0.9075535535812378,0.8802452683448792,-0.027308285236358643,0,1098,158,215,163,1131,1063,1063
66,670,2424,2,0.8121985197067261,0.8634607195854187,0.05126219987869263,1,1100,713,582,692,1053,1053,1053
67,698,4462,2,0.9261162877082825,0.912636399269104,-0.013479888439178467,0,87,614,1199,711,93,144,144
68,700,17980,2,0.8479273319244385,0.894636869430542,0.046709537506103516,1,824,1046,757,1025,875,928,928
69,701,8366,4,0.9249622225761414,0.8922314047813416,-0.032730817794799805,0,343,63,140,70,322,226,226
70,704,15305,3,0.8734477758407593,0.9090554118156433,0.03560763597488403,1,1236,888,641,861,1211,1230,1230
71,719,16458,7,0.8795825839042664,0.8191092014312744,-0.06047338247299194,0,1138,960,1025,991,1048,1125,1125
72,724,18307,3,0.8923424482345581,0.880431592464447,-0.011910855770111084,0,612,191,213,190,620,497,497
73,730,13476,2,0.8560728430747986,0.9436572790145874,0.08758443593978882,1,627,1062,700,1031,583,596,596
74,736,11979,4,0.917229413986206,0.9361184239387512,0.018889009952545166,1,539,84,100,82,494,350,350
75,737,18306,10,0.9372198581695557,0.718676745891571,-0.21854311227798462,0,503,960,398,882,393,351,351
76,738,12035,2,0.8978282809257507,0.9217726588249207,0.023944377899169922,1,667,832,1164,909,680,834,834
77,754,607,4,0.8485652208328247,0.8794264793395996,0.030861258506774902,1,1160,402,148,336,1144,1054,1054
78,755,845,2,0.8739398717880249,0.9201568961143494,0.04621702432632446,1,790,1055,875,1056,782,842,842
79,757,2045,3,0.967477560043335,0.8878416419029236,-0.07963591814041138,0,10,30,406,44,12,6,6
80,767,12901,5,0.8900260329246521,0.8586253523826599,-0.03140068054199219,0,1086,719,658,708,1139,1153,1153
81,816,17881,6,0.9371873736381531,0.8600407838821411,-0.07714658975601196,0,10,639,1162,729,11,13,13
82,836,13323,2,0.8505907654762268,0.9016360640525818,0.05104529857635498,1,367,857,627,825,433,434,434
83,852,1869,10,0.9541157484054565,0.6752492189407349,-0.2788665294647217,0,2,414,476,386,2,2,2
84,855,7522,6,0.9471025466918945,0.8890536427497864,-0.058048903942108154,0,25,115,466,154,20,16,16
85,869,18285,4,0.9174962043762207,0.8834627270698547,-0.03403347730636597,0,500,207,264,207,470,396,396
86,873,514,6,0.9363490343093872,0.8785676956176758,-0.057781338691711426,0,1,101,217,115,1,1,1
87,874,7572,2,0.9418404698371887,0.9188402891159058,-0.02300018072128296,0,436,144,404,172,367,310,310
88,916,1451,2,0.8542734980583191,0.8918576240539551,0.037584125995635986,1,1055,177,69,144,1062,870,870
89,945,17943,5,0.9341466426849365,0.8225186467170715,-0.11162799596786499,0,89,15,81,16,105,62,62
90,954,47,2,0.943697452545166,0.9332274794578552,-0.010469973087310791,0,511,267,398,282,645,593,593
91,958,5969,2,0.9204947352409363,0.8987909555435181,-0.021703779697418213,0,174,232,728,277,133,134,134
92,1001,13086,1,0.889308512210846,0.8530574440956116,-0.036251068115234375,0,661,122,65,104,542,334,334
93,1008,50,2,0.9297199249267578,0.8924710750579834,-0.037248849868774414,0,290,75,175,79,287,202,202
94,1021,51,3,0.9092496633529663,0.935677707195282,0.026428043842315674,1,1223,708,328,615,1206,1182,1182
95,1029,18356,9,0.8953573703765869,0.8037711977958679,-0.091586172580719,0,748,973,1196,1015,719,866,866
96,1040,16920,2,0.9373274445533752,0.9406372904777527,0.0033098459243774414,1,259,408,417,412,260,241,241
97,1088,58,2,0.916942298412323,0.8820728659629822,-0.03486943244934082,0,77,94,278,113,123,69,69
98,1107,11876,3,0.8154327273368835,0.9102199077606201,0.09478718042373657,1,934,1061,917,1069,754,835,835
99,1111,18290,4,0.863145649433136,0.8894679546356201,0.02632230520248413,1,570,783,802,786,497,539,539
100,1112,18330,2,0.9691979289054871,0.9487943053245544,-0.020403623580932617,0,29,272,760,330,29,22,22
101,1140,1270,2,0.8339312076568604,0.9033770561218262,0.06944584846496582,1,651,803,408,743,802,730,730
102,1147,9419,2,0.9416850805282593,0.9254372715950012,-0.016247808933258057,0,722,171,172,169,613,477,477
103,1150,18287,10,0.8593147993087769,0.754510223865509,-0.10480457544326782,0,242,1286,49,1204,219,134,134
104,1152,18091,2,0.8554022908210754,0.869120180606842,0.013717889785766602,1,1088,222,144,205,1038,883,883
105,1154,9402,4,0.8930856585502625,0.8879553079605103,-0.005130350589752197,0,984,102,47,84,986,688,688
106,1158,17943,3,0.8285254240036011,0.8142937421798706,-0.014231681823730469,0,1279,67,104,62,1287,1252,1252
107,1159,18347,4,0.8746957182884216,0.9139289855957031,0.039233267307281494,1,1123,1257,985,1235,1121,1195,1195
108,1178,1784,2,0.8905128836631775,0.9001981616020203,0.009685277938842773,1,272,536,469,516,291,271,271
109,1188,17714,2,0.92870032787323,0.9287127256393433,1.239776611328125e-05,1,162,305,343,309,150,125,125
110,1194,17090,2,0.8784928321838379,0.9142394065856934,0.03574657440185547,1,52,1298,1301,1299,43,77,77
111,1197,18309,8,0.9166064262390137,0.8364835977554321,-0.08012282848358154,0,228,383,668,410,258,257,257
112,1207,16414,3,0.9306286573410034,0.9438101053237915,0.013181447982788086,1,653,552,302,504,567,499,499
113,1211,64,4,0.8014429211616516,0.8637767434120178,0.06233382225036621,1,1326,1160,386,1096,1330,1330,1330
114,1238,17086,3,0.8722788691520691,0.8731875419616699,0.0009086728096008301,1,697,741,741,740,633,642,642
115,1242,11385,3,0.9046517014503479,0.8816826939582825,-0.02296900749206543,0,324,59,18,49,292,104,104
116,1255,5718,2,0.854493260383606,0.8837556838989258,0.029262423515319824,1,1150,387,333,366,1142,1092,1092
117,1273,7199,2,0.9127441048622131,0.940599799156189,0.02785569429397583,1,128,807,1019,853,109,149,149
118,1293,18261,4,0.9001691937446594,0.8844767212867737,-0.015692472457885742,0,747,858,961,877,656,762,762
119,1298,18272,3,0.9251344799995422,0.9256474375724792,0.0005129575729370117,1,1110,389,198,340,988,846,846
120,1300,17494,4,0.9253267645835876,0.9120519161224365,-0.013274848461151123,0,150,349,320,337,123,98,98
121,1304,18280,3,0.887170135974884,0.8621083498001099,-0.02506178617477417,0,166,25,69,26,147,85,85
122,1308,7145,2,0.84281325340271,0.905424952507019,0.06261169910430908,1,760,769,342,701,827,755,755
123,1315,18347,4,0.8428527116775513,0.9136843085289001,0.07083159685134888,1,1054,1331,983,1320,959,1033,1033
124,1331,18290,3,0.8920478820800781,0.9006972908973694,0.00864940881729126,1,911,875,709,857,764,753,753
125,1357,18307,5,0.8614267110824585,0.8381529450416565,-0.023273766040802002,0,1202,528,509,516,1210,1217,1217
126,1361,18207,2,0.9317783713340759,0.9353887438774109,0.003610372543334961,1,1053,446,356,435,959,931,931
127,1366,10154,5,0.9059042930603027,0.8717239499092102,-0.03418034315109253,0,745,616,634,603,723,738,738
128,1378,2470,4,0.9234123229980469,0.892535388469696,-0.03087693452835083,0,1143,193,331,209,1144,1109,1109
129,1389,7643,4,0.861809492111206,0.8912981152534485,0.02948862314224243,1,766,1177,1210,1195,771,947,947
130,1394,17077,3,0.8594570755958557,0.8997163772583008,0.04025930166244507,1,629,690,316,622,657,547,547
131,1404,18346,2,0.8592554926872253,0.9158185720443726,0.05656307935714722,1,170,833,894,856,161,195,195
132,1407,18271,5,0.8629710674285889,0.8210874795913696,-0.04188358783721924,0,638,406,508,421,679,663,663
133,1414,18304,3,0.947357177734375,0.943686842918396,-0.003670334815979004,0,24,1098,1058,1104,22,14,14
134,1421,17409,3,0.8955629467964172,0.872898519039154,-0.022664427757263184,0,1054,1165,1253,1190,1134,1221,1221
135,1430,10084,2,0.8343924880027771,0.8987986445426941,0.06440615653991699,1,1031,760,474,720,897,870,870
136,1440,18346,1,0.8359443545341492,0.8947294354438782,0.058785080909729004,1,324,930,1124,965,249,324,324
137,1463,1710,9,0.9328604936599731,0.858879029750824,-0.07398146390914917,0,597,415,564,433,569,561,561
138,1482,11166,5,0.9491251111030579,0.8869743943214417,-0.06215071678161621,0,159,593,931,639,154,161,161
139,1502,17137,3,0.8338592052459717,0.8783895373344421,0.04453033208847046,1,647,1203,1241,1220,669,832,832
140,1513,254,4,0.8855729699134827,0.90030837059021,0.014735400676727295,1,407,1020,1139,1048,401,516,516
141,1514,16042,2,0.9226401448249817,0.9305820465087891,0.007941901683807373,1,567,255,216,243,676,543,543
142,1527,4755,2,0.8245019316673279,0.8663497567176819,0.041847825050354004,1,283,1269,1268,1277,315,448,448
143,1530,18287,6,0.8608123660087585,0.792053759098053,-0.06875860691070557,0,113,1310,1339,1322,82,182,182
144,1542,6290,3,0.8720903992652893,0.8836440443992615,0.011553645133972168,1,494,766,1022,809,555,632,632
145,1543,6900,4,0.9518722295761108,0.8916170597076416,-0.06025516986846924,0,43,641,1069,710,57,75,75
146,1555,6355,7,0.9197784066200256,0.7922232747077942,-0.12755513191223145,0,243,470,946,527,284,333,333
147,1573,17566,4,0.8931241631507874,0.8799625039100647,-0.013161659240722656,0,163,1286,1254,1293,127,173,173
148,1579,18030,4,0.8288952112197876,0.8909610509872437,0.062065839767456055,1,930,705,298,629,883,803,803
149,1619,4638,3,0.8460841774940491,0.8889784216880798,0.04289424419403076,1,786,1145,884,1122,849,930,930
150,1625,16793,10,0.909882128238678,0.6599674820899963,-0.24991464614868164,0,500,650,599,651,403,398,398
151,1646,2727,2,0.9144019484519958,0.9061495661735535,-0.008252382278442383,0,158,1049,1305,1115,151,274,274
152,1657,8794,4,0.9411373138427734,0.9234038591384888,-0.017733454704284668,0,69,599,813,628,58,55,55
153,1658,17962,3,0.9210279583930969,0.8919849991798401,-0.029042959213256836,0,214,320,475,332,226,173,173
154,1673,15257,10,0.9519704580307007,0.7274637818336487,-0.224506676197052,0,40,194,113,144,40,37,37
155,1697,18237,10,0.8833360075950623,0.530268132686615,-0.35306787490844727,0,1002,54,1183,71,956,1083,1083
156,1706,3086,5,0.9125283360481262,0.8478290438652039,-0.06469929218292236,0,253,1007,1280,1111,242,375,375
157,1709,3743,2,0.8832568526268005,0.8753175139427185,-0.007939338684082031,0,1215,58,40,56,1253,1091,1091
158,1776,101,3,0.8675670027732849,0.8690448999404907,0.0014778971672058105,1,242,724,1086,795,254,304,304
159,1790,18272,10,0.9638790488243103,0.6819664239883423,-0.281912624835968,0,139,225,235,170,130,105,105
160,1791,101,5,0.8831586837768555,0.8631623983383179,-0.019996285438537598,0,108,1006,818,996,152,161,161
161,1811,12401,1,0.9358444809913635,0.9539974927902222,0.018153011798858643,1,8,550,901,597,13,9,9
162,1825,6669,6,0.9492865800857544,0.9147335290908813,-0.03455305099487305,0,761,196,168,190,733,582,582
163,1836,9935,2,0.9363949298858643,0.8999308943748474,-0.036464035511016846,0,1176,118,158,122,1092,921,921
164,1858,12327,2,0.8434616327285767,0.8657004833221436,0.022238850593566895,1,598,1318,1337,1324,595,890,890
165,1864,108,2,0.8554159998893738,0.8798604607582092,0.02444446086883545,1,1236,279,184,255,1229,1181,1181
166,1882,12872,7,0.9534351229667664,0.8629459738731384,-0.09048914909362793,0,127,148,435,172,116,109,109
167,1885,6041,3,0.8708736300468445,0.9025183320045471,0.03164470195770264,1,939,196,54,154,1051,891,891
168,1887,11230,3,0.8574410676956177,0.8898859620094299,0.032444894313812256,1,1148,1281,1107,1270,1126,1223,1223
169,1898,18288,6,0.9187241792678833,0.8733810782432556,-0.045343101024627686,0,212,1131,1151,1152,208,260,260
170,1900,604,4,0.9357655048370361,0.9078928828239441,-0.02787262201309204,0,113,668,852,700,98,105,105
171,1939,11149,3,0.8623348474502563,0.8642434477806091,0.0019086003303527832,1,1037,514,482,489,1066,1051,1051
172,1947,17844,1,0.888131320476532,0.9377995133399963,0.049668192863464355,1,329,826,451,777,306,262,262
173,1960,9931,3,0.870809018611908,0.8574909567832947,-0.013318061828613281,0,1035,279,331,263,1074,1036,1036
174,1965,115,3,0.9309594631195068,0.8549684882164001,-0.07599097490310669,0,44,478,1315,653,56,118,118
175,1978,5515,5,0.9143030643463135,0.841587483882904,-0.07271558046340942,0,499,558,1036,616,530,595,595
176,2003,11676,10,0.9434317946434021,0.6339868307113647,-0.30944496393203735,0,5,1004,1262,1149,5,5,5
177,2021,121,3,0.9228500723838806,0.8786827325820923,-0.04416733980178833,0,124,859,1267,967,126,209,209
178,2026,4236,3,0.87753826379776,0.8692654967308044,-0.008272767066955566,0,508,1245,1296,1274,441,556,556
179,2040,18237,6,0.8879388570785522,0.8613409399986267,-0.026597917079925537,0,523,53,57,54,599,324,324
180,2046,2321,3,0.8349955677986145,0.8390622138977051,0.004066646099090576,1,676,681,646,666,640,639,639
181,2047,10985,4,0.9702388048171997,0.9223327040672302,-0.04790610074996948,0,127,171,190,176,99,52,52
182,2089,15543,2,0.9037678241729736,0.9256734848022461,0.02190566062927246,1,1191,311,271,300,1112,1021,1021
183,2090,7838,4,0.8643405437469482,0.8821269273757935,0.017786383628845215,1,565,818,526,763,475,454,454
184,2112,7115,6,0.9281678795814514,0.8934248089790344,-0.03474307060241699,0,66,86,107,87,91,56,56
185,2136,4673,2,0.9454123377799988,0.9087361097335815,-0.036676228046417236,0,2,425,1212,539,2,3,3
186,2156,14449,2,0.949542760848999,0.9257117509841919,-0.02383100986480713,0,108,326,600,356,99,95,95
187,2158,13983,3,0.9325348138809204,0.8816958069801331,-0.050839006900787354,0,1203,71,79,73,1182,989,989
188,2169,186,4,0.9048990607261658,0.8988730311393738,-0.006026029586791992,0,540,522,517,515,585,555,555
189,2202,804,3,0.9487740993499756,0.927014172077179,-0.02175992727279663,0,30,410,412,406,31,21,21
190,2203,11599,2,0.9510374665260315,0.9515859484672546,0.0005484819412231445,1,2,474,639,494,2,2,2
191,2226,18035,4,0.912726640701294,0.8864176869392395,-0.026308953762054443,0,389,297,313,299,368,308,308
192,2245,18298,4,0.915438711643219,0.9416823983192444,0.02624368667602539,1,348,1094,850,1068,256,303,303
193,2249,18131,1,0.8006269335746765,0.8685534596443176,0.06792652606964111,1,320,617,677,623,336,344,344
194,2269,139,5,0.9392198324203491,0.9056753516197205,-0.03354448080062866,0,387,1096,984,1090,358,434,434
195,2285,9624,1,0.7437926530838013,0.8582618832588196,0.11446923017501831,1,650,1334,1343,1343,703,1009,1009
196,2298,10507,5,0.9343547224998474,0.9425966739654541,0.00824195146560669,1,13,545,266,491,12,12,12
197,2302,2884,4,0.9208855628967285,0.9237831234931946,0.0028975605964660645,1,568,747,579,722,487,456,456
198,2307,18292,2,0.9413325190544128,0.947457492351532,0.006124973297119141,1,72,834,1027,890,64,74,74
199,2334,1787,9,0.9384965300559998,0.8204529285430908,-0.11804360151290894,0,10,407,1056,493,9,10,10
200,2346,147,2,0.9707095623016357,0.9186590313911438,-0.05205053091049194,0,1,43,255,66,1,1,1
201,2347,147,9,0.9126268029212952,0.8907343149185181,-0.0218924880027771,0,1069,410,268,377,1082,1037,1037
202,2355,13716,2,0.8994009494781494,0.9001750349998474,0.000774085521697998,1,25,719,1218,809,26,41,41
203,2372,379,3,0.8863776326179504,0.9262540936470032,0.039876461029052734,1,20,730,700,725,21,22,22
204,2376,5714,5,0.967494785785675,0.8890250325202942,-0.07846975326538086,0,231,591,1028,675,208,255,255
205,2391,10506,4,0.9564974904060364,0.9185299277305603,-0.037967562675476074,0,4,305,755,359,4,5,5
206,2403,16646,2,0.865816056728363,0.9248374700546265,0.05902141332626343,1,235,1288,1292,1292,307,418,418
207,2404,18272,5,0.9676326513290405,0.9241693615913391,-0.043463289737701416,0,6,137,170,143,6,5,5
208,2412,3114,6,0.9239570498466492,0.8462191224098206,-0.07773792743682861,0,367,459,887,525,331,363,363
209,2422,6013,2,0.9086693525314331,0.9368349313735962,0.028165578842163086,1,8,600,600,599,9,8,8
210,2428,17715,3,0.9145128130912781,0.9087974429130554,-0.005715370178222656,0,1258,615,815,648,1248,1272,1272
211,2444,8791,3,0.896591067314148,0.8943561315536499,-0.002234935760498047,0,866,1106,1070,1101,762,895,895
212,2456,16478,9,0.9267552495002747,0.8265289068222046,-0.10022634267807007,0,129,933,1135,976,107,142,142
213,2465,11627,10,0.8311389088630676,0.6297454833984375,-0.20139342546463013,0,30,354,380,308,35,38,38
214,2470,18088,5,0.8574569821357727,0.8240545392036438,-0.033402442932128906,0,1306,347,352,339,1309,1311,1311
215,2497,7588,3,0.9480592608451843,0.8754855990409851,-0.07257366180419922,0,233,35,203,40,170,126,126
216,2505,16178,7,0.9221005439758301,0.8882660865783691,-0.03383445739746094,0,841,5,11,4,778,307,307
217,2508,1412,1,0.8868998885154724,0.9375184178352356,0.050618529319763184,1,207,603,979,677,126,165,165
218,2511,7518,2,0.9113599061965942,0.9057061672210693,-0.005653738975524902,0,13,281,456,306,16,15,15
219,2546,12944,6,0.9215678572654724,0.892421543598175,-0.029146313667297363,0,1114,377,361,373,1096,1066,1066
220,2549,17179,3,0.9286572337150574,0.9342784285545349,0.005621194839477539,1,347,920,705,897,333,327,327
221,2555,1255,4,0.8788025379180908,0.895690381526947,0.0168878436088562,1,955,305,125,259,976,847,847
222,2576,15523,4,0.9252660274505615,0.9147279262542725,-0.010538101196289062,0,1188,263,190,247,1151,1091,1091
223,2608,18280,5,0.897900402545929,0.863338828086853,-0.03456157445907593,0,279,73,75,70,307,131,131
224,2615,719,2,0.9442416429519653,0.9169961810112,-0.02724546194076538,0,21,130,407,152,20,14,14
225,2622,13211,2,0.9004760384559631,0.9213234186172485,0.0208473801612854,1,19,847,1088,902,25,35,35
226,2641,5073,5,0.9189783930778503,0.8779155611991882,-0.04106283187866211,0,532,222,287,221,515,422,422
227,2643,9111,1,0.8877313137054443,0.8712788224220276,-0.016452491283416748,0,684,310,381,315,752,661,661
228,2663,2701,2,0.8119850158691406,0.8763746023178101,0.06438958644866943,1,751,1267,1115,1259,741,866,866
229,2664,17862,10,0.9190807938575745,0.6521672606468201,-0.2669135332107544,0,269,753,939,813,272,368,368
230,2667,18131,9,0.8914521932601929,0.8436849117279053,-0.0477672815322876,0,1269,523,522,518,1235,1242,1242
231,2677,183,5,0.9131633639335632,0.8876175284385681,-0.025545835494995117,0,402,590,555,583,543,507,507
232,2708,2440,2,0.8162112236022949,0.8764479160308838,0.06023669242858887,1,236,1260,1338,1302,219,423,423
233,2714,2889,2,0.9090217351913452,0.9251960515975952,0.01617431640625,1,318,634,924,674,231,276,276
234,2720,9107,2,0.8725963830947876,0.9086810350418091,0.036084651947021484,1,1219,859,686,821,1271,1287,1287
235,2730,14579,4,0.8729018568992615,0.8806764483451843,0.0077745914459228516,1,220,958,590,906,188,167,167
236,2775,4638,4,0.8982633352279663,0.8693447113037109,-0.02891862392425537,0,383,728,1056,786,356,441,441
237,2777,17856,10,0.9525753855705261,0.6940004825592041,-0.258574903011322,0,491,500,380,425,461,380,380
238,2784,16266,2,0.8934436440467834,0.9401261210441589,0.04668247699737549,1,484,898,659,867,424,417,417
239,2821,12212,2,0.9417451620101929,0.9169409275054932,-0.024804234504699707,0,22,453,1191,553,19,33,33
240,2833,18337,5,0.9179969429969788,0.8670448660850525,-0.05095207691192627,0,164,349,591,375,143,143,143
241,2845,18134,2,0.8613024950027466,0.8980929255485535,0.036790430545806885,1,1046,1207,1268,1222,1123,1242,1242
242,2858,2179,3,0.9077509641647339,0.9016966819763184,-0.006054282188415527,0,680,403,490,413,525,503,503
243,2859,2770,4,0.8936643004417419,0.887117326259613,-0.006546974182128906,0,878,458,545,479,796,786,786
244,2870,5260,2,0.8615188598632812,0.9195912480354309,0.05807238817214966,1,956,910,668,871,1006,1007,1007
245,2885,8431,4,0.9043827652931213,0.8825203776359558,-0.021862387657165527,0,1001,161,177,151,1059,964,964
246,2889,4313,2,0.9189397692680359,0.9213396906852722,0.002399921417236328,1,63,568,858,616,92,98,98
247,2898,5355,2,0.9140585064888,0.9548514485359192,0.04079294204711914,1,520,921,621,889,415,387,387
248,2903,951,6,0.8863362669944763,0.8685750365257263,-0.01776123046875,0,323,1248,1063,1231,325,392,392
249,2930,548,2,0.9179484248161316,0.9530705809593201,0.03512215614318848,1,33,861,1001,893,28,62,62
250,2949,2424,2,0.891106367111206,0.8637150526046753,-0.02739131450653076,0,782,339,581,368,774,776,776
251,2961,203,8,0.964526891708374,0.8560450673103333,-0.10848182439804077,0,48,180,556,209,45,34,34
252,2972,205,5,0.8958977460861206,0.8748987317085266,-0.020999014377593994,0,666,70,97,72,646,419,419
253,2975,16243,5,0.9048703908920288,0.8940167427062988,-0.01085364818572998,0,576,966,777,955,597,628,628
254,2981,18159,2,0.936569333076477,0.9215622544288635,-0.015007078647613525,0,638,248,455,269,624,577,577
255,2984,6979,3,0.9666483402252197,0.9190316796302795,-0.047616660594940186,0,15,226,409,243,15,12,12
256,2997,4527,10,0.9409646987915039,0.6846628189086914,-0.2563018798828125,0,421,372,274,307,385,312,312
257,3004,17961,4,0.8936530947685242,0.8563017249107361,-0.037351369857788086,0,917,1043,1234,1085,804,977,977
258,3030,5593,10,0.9180439710617065,0.6650490164756775,-0.25299495458602905,0,610,338,363,296,577,500,500
259,3037,10168,3,0.9440040588378906,0.885280430316925,-0.058723628520965576,0,56,487,1280,628,56,88,88
260,3046,18200,6,0.9217895269393921,0.8759604096412659,-0.04582911729812622,0,435,736,722,730,391,383,383
261,3077,18334,10,0.9165236949920654,0.5904125571250916,-0.3261111378669739,0,1011,326,1148,426,1010,1088,1088
262,3106,4930,6,0.9314079880714417,0.8438866138458252,-0.08752137422561646,0,9,871,1221,945,9,11,11
263,3113,14081,2,0.8538122773170471,0.8942864537239075,0.04047417640686035,1,669,1223,1244,1241,635,837,837
264,3128,8849,9,0.9716821312904358,0.8834626078605652,-0.0882195234298706,0,6,463,874,527,6,4,4
265,3145,16958,2,0.9701180458068848,0.9533154964447021,-0.016802549362182617,0,65,569,1081,644,58,66,66
266,3158,233,2,0.9068436622619629,0.9284678101539612,0.02162414789199829,1,109,435,572,446,106,80,80
267,3195,6097,5,0.9626510739326477,0.9124044179916382,-0.05024665594100952,0,323,178,213,184,305,204,204
268,3198,17779,2,0.9433234930038452,0.9432563185691833,-6.717443466186523e-05,0,375,239,344,249,369,286,286
269,3207,17605,2,0.8884022235870361,0.9265033602714539,0.038101136684417725,1,1166,615,310,558,1202,1177,1177
270,3250,11854,8,0.9636127948760986,0.9061221480369568,-0.057490646839141846,0,221,64,78,60,218,94,94
271,3262,15370,2,0.956335186958313,0.9275814890861511,-0.028753697872161865,0,48,185,923,251,44,50,50
272,3288,16014,2,0.9051049947738647,0.9448879957199097,0.03978300094604492,1,419,1059,927,1052,383,438,438
273,3301,15745,2,0.8881195187568665,0.9376941323280334,0.04957461357116699,1,611,571,319,517,565,504,504
274,3321,17098,1,0.8228554129600525,0.893882155418396,0.0710267424583435,1,632,952,569,893,681,663,663
275,3329,14823,10,0.9303672313690186,0.6905859112739563,-0.23978132009506226,0,1042,555,266,461,889,805,805
276,3330,13721,3,0.9259985685348511,0.9205605983734131,-0.005437970161437988,0,144,819,789,815,155,152,152
277,3331,12873,9,0.9486139416694641,0.8399015665054321,-0.10871237516403198,0,190,764,1131,843,175,232,232
278,3334,17699,3,0.9096470475196838,0.8663708567619324,-0.043276190757751465,0,277,107,151,115,234,181,181
279,3343,11332,2,0.9201310873031616,0.9266380667686462,0.006506979465484619,1,269,649,834,663,261,278,278
280,3363,13605,5,0.8976742625236511,0.8878231644630432,-0.00985109806060791,0,1232,480,289,432,1220,1200,1200
281,3364,18083,3,0.8786454200744629,0.8642668128013611,-0.014378607273101807,0,786,171,125,149,784,633,633
282,3366,11572,4,0.9293200969696045,0.8751822113990784,-0.05413788557052612,0,13,374,814,415,18,15,15
283,3374,10073,1,0.902655839920044,0.8745590448379517,-0.028096795082092285,0,226,52,71,52,253,116,116
284,3381,14970,3,0.9439946413040161,0.9192376136779785,-0.024757027626037598,0,70,886,1030,904,67,71,71
285,3389,7037,10,0.9623281955718994,0.6524825096130371,-0.3098456859588623,0,92,433,982,497,90,126,126
286,3391,17951,2,0.9087951183319092,0.9064384698867798,-0.0023566484451293945,0,334,120,175,120,340,250,250
287,3392,5053,6,0.9038214087486267,0.8153241872787476,-0.08849722146987915,0,51,936,1247,1010,81,147,147
288,3393,6337,2,0.9310069680213928,0.9263423085212708,-0.00466465950012207,0,215,278,740,336,198,194,194
289,3402,2120,2,0.8913399577140808,0.9138904213905334,0.022550463676452637,1,390,1124,1149,1136,355,428,428
290,3406,14864,2,0.9196403622627258,0.9019830822944641,-0.01765727996826172,0,1016,140,145,138,1003,841,841
291,3448,17787,10,0.9414050579071045,0.5813760757446289,-0.3600289821624756,0,182,31,928,37,163,230,230
292,3453,8500,9,0.901482105255127,0.8646684288978577,-0.03681367635726929,0,758,1117,824,1080,728,757,757
293,3463,15457,3,0.9441848397254944,0.8936964273452759,-0.050488412380218506,0,711,470,902,544,601,664,664
294,3477,17443,2,0.8866786956787109,0.8793331384658813,-0.00734555721282959,0,665,530,981,598,580,634,634
295,3484,5294,2,0.8312090635299683,0.9071028828620911,0.0758938193321228,1,1315,906,451,854,1331,1329,1329
296,3492,4801,2,0.9228036403656006,0.9386730790138245,0.015869438648223877,1,257,605,883,651,218,238,238
297,3552,4211,10,0.9325552582740784,0.7363516688346863,-0.1962035894393921,0,226,798,74,603,210,120,120
298,3553,4223,2,0.8788948059082031,0.8921345472335815,0.013239741325378418,1,1046,253,145,226,1096,994,994
299,3556,8726,2,0.9174355268478394,0.9285027384757996,0.011067211627960205,1,159,603,750,611,172,156,156
300,3576,5100,4,0.9780610203742981,0.9090524911880493,-0.06900852918624878,0,59,113,544,147,59,45,45
301,3580,18274,10,0.8974608182907104,0.6699336171150208,-0.2275272011756897,0,929,1279,821,1292,956,986,986
302,3589,15493,5,0.9697940945625305,0.9211204051971436,-0.04867368936538696,0,27,293,530,312,25,25,25
303,3616,17951,10,0.9271342754364014,0.5974485278129578,-0.3296857476234436,0,234,125,961,133,261,331,331
304,3652,9918,2,0.9184902906417847,0.9538080096244812,0.03531771898269653,1,97,927,761,913,99,99,99
305,3653,18200,2,0.8874545097351074,0.9237809181213379,0.03632640838623047,1,705,993,668,950,664,693,693
306,3656,5170,2,0.9223933815956116,0.9349849820137024,0.01259160041809082,1,341,150,196,149,357,229,229
307,3697,18014,5,0.9583230018615723,0.9192767143249512,-0.039046287536621094,0,425,423,394,414,389,318,318
308,3703,16193,2,0.8914392590522766,0.9321289658546448,0.040689706802368164,1,1163,353,268,329,1194,1145,1145
309,3771,260,2,0.9451935887336731,0.925605297088623,-0.01958829164505005,0,23,30,368,50,25,8,8
310,3774,17477,4,0.8903831243515015,0.9132493734359741,0.022866249084472656,1,905,92,22,65,918,589,589
311,3783,7607,2,0.8603527545928955,0.9206509590148926,0.06029820442199707,1,542,1132,1027,1132,565,651,651
312,3785,8120,3,0.8903783559799194,0.8729111552238464,-0.017467200756072998,0,134,1126,1316,1195,131,248,248
313,3819,16369,4,0.9491185545921326,0.8823564052581787,-0.06676214933395386,0,111,683,1273,828,97,175,175
314,3823,17814,3,0.9219141006469727,0.8969756960868835,-0.02493840456008911,0,34,839,1032,874,42,37,37
315,3828,3042,2,0.8729606866836548,0.9180209636688232,0.04506027698516846,1,770,337,165,271,729,588,588
316,3860,14357,3,0.9306243658065796,0.8776089549064636,-0.05301541090011597,0,2,851,1300,970,2,2,2
317,3862,7747,2,0.9171983003616333,0.9389029741287231,0.021704673767089844,1,470,421,238,365,518,403,403
318,3863,5444,3,0.9751538634300232,0.9198487401008606,-0.0553051233291626,0,90,197,530,226,76,44,44
319,3895,2587,6,0.9144499897956848,0.8422766923904419,-0.07217329740524292,0,522,1063,1267,1118,465,602,602
320,3936,5680,5,0.9161791801452637,0.8968921303749084,-0.019287049770355225,0,491,701,537,664,527,488,488
321,3940,2453,2,0.9438156485557556,0.9526852369308472,0.008869588375091553,1,61,455,442,446,62,45,45
322,3954,9516,2,0.9380618333816528,0.9579868912696838,0.019925057888031006,1,44,763,792,759,46,47,47
323,3988,11969,3,0.9097078442573547,0.8877609372138977,-0.02194690704345703,0,305,390,489,396,296,249,249
324,4001,9516,2,0.9407911896705627,0.9575738906860352,0.016782701015472412,1,191,608,793,628,194,195,195
325,4004,15311,3,0.9133601784706116,0.8732359409332275,-0.04012423753738403,0,536,865,1256,960,528,670,670
326,4024,1880,2,0.9318414330482483,0.9359431266784668,0.004101693630218506,1,33,370,638,403,45,39,39
327,4039,587,2,0.9046694040298462,0.9297773241996765,0.025107920169830322,1,758,699,723,697,616,628,628
328,4041,16234,1,0.9034209847450256,0.9466337561607361,0.04321277141571045,1,5,1120,1240,1145,5,25,25
329,4070,14500,9,0.8912829160690308,0.8623209595680237,-0.02896195650100708,0,607,1096,772,1058,638,675,675
330,4082,5170,4,0.9654513001441956,0.9127926826477051,-0.05265861749649048,0,176,109,238,115,158,100,100
331,4083,2799,2,0.9062281847000122,0.9417120814323425,0.03548389673233032,1,101,301,216,270,117,62,62
332,4088,17462,9,0.9305142164230347,0.8396996259689331,-0.09081459045410156,0,238,718,1003,773,231,277,277
333,4107,8155,1,0.8352734446525574,0.8528822660446167,0.017608821392059326,1,597,191,77,156,765,593,593
334,4109,13126,3,0.9313057661056519,0.9089912176132202,-0.02231454849243164,0,163,653,776,668,189,190,190
335,4116,251,4,0.8326254487037659,0.8509090542793274,0.018283605575561523,1,952,292,169,249,893,735,735
336,4117,2404,2,0.8836214542388916,0.9069162011146545,0.02329474687576294,1,671,531,393,512,809,723,723
337,4132,18150,4,0.8838438987731934,0.8870342373847961,0.003190338611602783,1,504,1201,1132,1202,505,621,621
338,4217,1009,3,0.8834216594696045,0.8772432208061218,-0.006178438663482666,0,1013,580,1021,645,1001,1101,1101
339,4223,11135,1,0.9265865683555603,0.9171785712242126,-0.009407997131347656,0,350,282,312,264,316,243,243
340,4224,5213,1,0.9539971351623535,0.9136600494384766,-0.04033708572387695,0,28,179,914,242,26,34,34
341,4229,2947,3,0.8634158372879028,0.8917135000228882,0.02829766273498535,1,776,1126,996,1112,680,775,775
342,4233,17331,2,0.9423608183860779,0.9238114953041077,-0.018549323081970215,0,4,626,1089,706,5,5,5
343,4237,18133,3,0.9030839204788208,0.9012256860733032,-0.0018582344055175781,0,203,908,887,903,277,301,301
344,4257,13506,2,0.9119114875793457,0.9562621116638184,0.044350624084472656,1,485,952,863,953,465,491,491
345,4275,8120,3,0.9001508951187134,0.872748613357544,-0.027402281761169434,0,56,1218,1317,1249,62,113,113
346,4277,14960,5,0.9061119556427002,0.8706722855567932,-0.03543967008590698,0,1227,619,703,632,1141,1149,1149
347,4279,5583,8,0.9138264060020447,0.8045057654380798,-0.10932064056396484,0,1180,82,313,105,1236,1202,1202
348,4286,12782,4,0.922473669052124,0.9009620547294617,-0.021511614322662354,0,682,137,146,138,645,436,436
349,4290,16494,2,0.881035566329956,0.9116575121879578,0.03062194585800171,1,1116,902,722,875,1085,1112,1112
350,4310,13506,3,0.9067580103874207,0.9277125000953674,0.020954489707946777,1,1188,1114,941,1090,1189,1232,1232
351,4328,17853,1,0.8661880493164062,0.9044151306152344,0.038227081298828125,1,308,996,1196,1045,259,366,366
352,4335,18274,4,0.9438463449478149,0.8936796188354492,-0.05016672611236572,0,8,576,1062,647,8,8,8
353,4340,2884,2,0.9078304767608643,0.9385552406311035,0.030724763870239258,1,602,710,721,712,541,560,560
354,4372,9615,9,0.9239319562911987,0.916915774345398,-0.007016181945800781,0,1242,347,157,306,1254,1203,1203
355,4426,270,2,0.9333113431930542,0.9137803912162781,-0.019530951976776123,0,155,431,1086,518,130,183,183
356,4521,278,9,0.9553150534629822,0.8585691452026367,-0.09674590826034546,0,93,439,810,502,91,89,89
357,4542,9034,3,0.9206786751747131,0.890792191028595,-0.029886484146118164,0,461,959,1260,1037,411,556,556
358,4549,14448,6,0.9159730672836304,0.8473799824714661,-0.0685930848121643,0,474,1014,1216,1065,473,559,559
359,4550,11542,2,0.852905809879303,0.9334242343902588,0.08051842451095581,1,868,1081,828,1066,805,852,852
360,4594,15021,6,0.9074578285217285,0.8579437732696533,-0.049514055252075195,0,310,1199,1201,1205,319,439,439
361,4618,17477,4,0.8791436553001404,0.9146155118942261,0.03547185659408569,1,920,87,22,60,901,591,591
362,4690,17828,1,0.9233291745185852,0.878768265247345,-0.044560909271240234,0,1031,41,32,39,741,494,494
363,4696,17862,6,0.9261124134063721,0.8795846700668335,-0.046527743339538574,0,921,847,865,848,888,963,963
364,4712,8500,2,0.9501296281814575,0.9352995753288269,-0.014830052852630615,0,133,444,800,489,127,127,127
365,4715,17101,5,0.9060388803482056,0.8486257791519165,-0.05741310119628906,0,61,1141,1198,1167,134,210,210
366,4727,12207,3,0.9837723970413208,0.9107997417449951,-0.07297265529632568,0,71,150,664,193,75,61,61
367,4737,15672,3,0.91408771276474,0.912755012512207,-0.001332700252532959,0,258,406,345,395,280,189,189
368,4744,16265,4,0.8678169250488281,0.8746193647384644,0.0068024396896362305,1,919,1274,1224,1279,1008,1172,1172
369,4747,7994,2,0.8758429884910583,0.9068516492843628,0.031008660793304443,1,453,475,494,466,468,456,456
370,4751,6234,5,0.9204764366149902,0.8630857467651367,-0.057390689849853516,0,43,1095,1183,1121,46,49,49
371,4761,1568,4,0.9831982851028442,0.9268615245819092,-0.05633676052093506,0,13,189,329,205,13,12,12
372,4765,18288,2,0.9181466698646545,0.9308925867080688,0.012745916843414307,1,580,875,1236,969,441,582,582
373,4773,18315,3,0.8302916288375854,0.8910516500473022,0.0607600212097168,1,1054,1041,473,956,963,925,925
374,4794,18214,7,0.9117568731307983,0.8036079406738281,-0.10814893245697021,0,740,1217,1128,1206,755,906,906
375,4801,6825,4,0.9455323219299316,0.9175744652748108,-0.02795785665512085,0,6,791,875,796,6,6,6
376,4850,14134,2,0.8857846260070801,0.907234787940979,0.021450161933898926,1,79,1155,1305,1201,76,133,133
377,4855,303,2,0.8373240232467651,0.9053239226341248,0.06799989938735962,1,530,1276,1118,1254,422,538,538
378,4869,18293,2,0.8636624217033386,0.8706667423248291,0.0070043206214904785,1,688,85,122,84,750,543,543
379,4888,13729,2,0.9404562711715698,0.9054474830627441,-0.035008788108825684,0,8,319,952,385,9,9,9
380,4903,18307,4,0.860402524471283,0.8771430253982544,0.016740500926971436,1,1186,638,221,553,1176,1094,1094
381,4907,10732,2,0.8455719947814941,0.9030550122261047,0.057483017444610596,1,804,1051,544,992,923,917,917
382,4925,17332,7,0.8747560977935791,0.8158131837844849,-0.05894291400909424,0,12,1150,988,1138,18,26,26
383,4932,17479,3,0.8796399235725403,0.8968234062194824,0.01718348264694214,1,1308,881,686,842,1319,1323,1323
384,4962,18287,2,0.825467050075531,0.8752644658088684,0.0497974157333374,1,582,1313,1336,1324,544,864,864
385,4981,18131,9,0.9062216877937317,0.843291699886322,-0.06292998790740967,0,96,360,525,381,105,97,97
386,4984,1898,2,0.873992383480072,0.9016924500465393,0.027700066566467285,1,838,261,260,246,865,792,792
387,4996,18303,6,0.9342641234397888,0.8987048864364624,-0.035559237003326416,0,472,204,208,199,397,285,285
388,5003,18344,7,0.9303997755050659,0.8061347603797913,-0.12426501512527466,0,55,776,1101,831,48,54,54
389,5015,11173,2,0.9245907664299011,0.9504076242446899,0.02581685781478882,1,1084,643,503,616,1042,1041,1041
390,5040,16802,2,0.9319332838058472,0.9258924722671509,-0.006040811538696289,0,119,619,1256,746,107,148,148
391,5043,12445,3,0.8787212371826172,0.9205062985420227,0.04178506135940552,1,227,919,811,896,245,277,277
392,5058,5227,2,0.8679139018058777,0.949684739112854,0.08177083730697632,1,761,1156,848,1116,744,820,820
393,5087,323,3,0.881208598613739,0.8994643092155457,0.01825571060180664,1,656,1013,724,971,668,695,695
394,5088,18274,5,0.908347487449646,0.8433712124824524,-0.0649762749671936,0,12,992,1223,1063,14,14,14
395,5090,9804,4,0.9340894818305969,0.9297090172767639,-0.004380464553833008,0,163,722,643,708,156,148,148
396,5091,16665,2,0.9174813628196716,0.9330043196678162,0.015522956848144531,1,175,526,524,508,215,201,201
397,5112,14982,4,0.8730800151824951,0.8943777084350586,0.021297693252563477,1,526,1301,1290,1305,422,594,594
398,5119,18306,4,0.9346135258674622,0.9119389653205872,-0.022674560546875,0,231,967,1109,1011,210,240,240
399,5154,18334,2,0.8913766741752625,0.9080219864845276,0.016645312309265137,1,734,288,263,278,635,534,534
400,5156,10477,2,0.8540493845939636,0.903745710849762,0.04969632625579834,1,297,1076,1166,1096,276,359,359
401,5182,1203,2,0.9292719960212708,0.9287645816802979,-0.0005074143409729004,0,191,145,363,169,235,205,205
402,5192,4324,2,0.9248497486114502,0.9072669148445129,-0.017582833766937256,0,114,213,372,225,108,98,98
403,5195,17560,6,0.9334864020347595,0.9046748876571655,-0.028811514377593994,0,10,1124,915,1097,10,12,12
404,5203,5920,10,0.9211671948432922,0.6223835349082947,-0.29878365993499756,0,15,718,1164,851,16,15,15
405,5217,11453,2,0.8913227915763855,0.8960494995117188,0.004726707935333252,1,719,548,980,594,621,703,703
406,5223,14897,1,0.7915377020835876,0.9086501002311707,0.11711239814758301,1,222,935,418,844,194,171,171
407,5233,2279,5,0.9248093366622925,0.8819644451141357,-0.04284489154815674,0,1189,881,902,886,1188,1254,1254
408,5248,18290,7,0.9209052920341492,0.7961609959602356,-0.12474429607391357,0,16,587,961,639,16,15,15
409,5258,7361,4,0.8692423701286316,0.9108731150627136,0.04163074493408203,1,921,578,197,495,975,804,804
410,5264,18346,4,0.9189780354499817,0.886231005191803,-0.03274703025817871,0,97,431,919,490,90,90,90
411,5266,18280,3,0.7941213846206665,0.8614293932914734,0.06730800867080688,1,436,274,68,194,419,232,232
412,5271,13681,3,0.9169972538948059,0.8852652907371521,-0.03173196315765381,0,643,30,20,26,649,327,327
413,5292,13480,1,0.8507016897201538,0.9315568804740906,0.08085519075393677,1,884,1155,722,1105,826,864,864
414,5311,2494,3,0.8340832591056824,0.8760187029838562,0.04193544387817383,1,1212,457,93,347,1186,1065,1065
415,5328,17243,2,0.9158356189727783,0.9045428037643433,-0.011292815208435059,0,22,1119,1318,1178,23,36,36
416,5331,12853,1,0.9321662187576294,0.95699143409729,0.024825215339660645,1,96,818,1069,875,102,140,140
417,5348,16609,2,0.9183939099311829,0.8937906622886658,-0.02460324764251709,0,525,64,52,61,446,266,266
418,5354,15991,2,0.945408284664154,0.9145179390907288,-0.030890345573425293,0,22,383,1160,504,23,30,30
419,5377,18322,3,0.9445608854293823,0.8974734544754028,-0.04708743095397949,0,505,189,520,223,467,434,434
420,5386,9356,5,0.9243388772010803,0.887158215045929,-0.03718066215515137,0,220,325,392,323,277,227,227
421,5391,7114,2,0.9173784852027893,0.9385093450546265,0.021130859851837158,1,123,551,526,542,134,124,124
422,5398,18291,10,0.950279951095581,0.7203312516212463,-0.22994869947433472,0,181,863,374,809,163,108,108
423,5402,354,2,0.9093631505966187,0.9092717170715332,-9.143352508544922e-05,0,858,253,278,252,938,866,866
424,5416,17596,6,0.8765501379966736,0.8635485172271729,-0.013001620769500732,0,516,1052,774,1012,494,520,520
425,5419,13400,8,0.8992490768432617,0.9227331280708313,0.02348405122756958,1,155,1168,426,1087,171,130,130
426,5420,16151,1,0.894651472568512,0.9151259660720825,0.020474493503570557,1,467,643,417,587,419,341,341
427,5430,2632,2,0.8838438391685486,0.8951022624969482,0.011258423328399658,1,599,374,811,435,687,750,750
428,5431,18133,3,0.892550528049469,0.9011412262916565,0.0085906982421875,1,364,960,885,952,411,437,437
429,5523,11068,2,0.9378180503845215,0.9183775782585144,-0.01944047212600708,0,592,366,855,429,546,594,594
430,5560,18307,2,0.8301692605018616,0.8866506218910217,0.056481361389160156,1,1208,740,291,669,1233,1204,1204
431,5585,7809,2,0.8865019679069519,0.8971008658409119,0.010598897933959961,1,1189,781,1052,829,1210,1260,1260
432,5592,18285,8,0.9270904660224915,0.8795025944709778,-0.04758787155151367,0,267,105,131,102,276,170,170
433,5613,3522,6,0.9244949817657471,0.8819276094436646,-0.04256737232208252,0,822,49,72,52,828,555,555
434,5627,6138,3,0.9162299633026123,0.9091179370880127,-0.007112026214599609,0,299,642,726,655,225,227,227
435,5630,18307,4,0.8729784488677979,0.8770296573638916,0.00405120849609375,1,939,504,219,441,930,799,799
436,5636,10465,3,0.9507465958595276,0.9222826957702637,-0.028463900089263916,0,72,556,738,580,59,60,60
437,5654,17798,3,0.9692569375038147,0.8909798860549927,-0.07827705144882202,0,241,124,444,151,173,157,157
438,5685,16546,4,0.926551342010498,0.9324262738227844,0.005874931812286377,1,247,630,571,610,227,197,197
439,5696,16456,2,0.9427953958511353,0.9418628811836243,-0.0009325146675109863,0,213,737,933,773,200,226,226
440,5740,11986,5,0.9109669923782349,0.9214029312133789,0.010435938835144043,1,552,329,127,283,601,394,394
441,5757,6276,5,0.9388426542282104,0.8713393211364746,-0.06750333309173584,0,397,1130,1249,1171,387,548,548
442,5765,12632,8,0.8987281322479248,0.8549465537071228,-0.043781578540802,0,116,418,419,408,105,92,92
443,5810,6647,8,0.9272613525390625,0.8296185731887817,-0.09764277935028076,0,129,736,1187,851,127,170,170
444,5839,17235,2,0.8507682085037231,0.9013524651527405,0.050584256649017334,1,781,623,492,595,663,634,634
445,5891,17339,3,0.8646360039710999,0.8782817721366882,0.013645768165588379,1,1000,1334,1325,1335,1003,1212,1212
446,5897,2376,4,0.9221285581588745,0.8675097227096558,-0.05461883544921875,0,71,870,1272,961,73,110,110
447,5912,18310,1,0.7861449122428894,0.7427375316619873,-0.0434073805809021,0,1257,2,3,2,1280,1028,1028
448,5935,14409,2,0.9128628373146057,0.891063928604126,-0.021798908710479736,0,678,348,946,429,549,623,623
449,5945,17254,5,0.8591586351394653,0.8539987206459045,-0.005159914493560791,0,747,1281,1166,1285,784,961,961
450,5967,9627,4,0.8265316486358643,0.8757450580596924,0.049213409423828125,1,564,1216,1093,1210,541,654,654
451,5970,15566,3,0.9061378240585327,0.8443870544433594,-0.06175076961517334,0,99,50,266,63,108,80,80
452,5980,3713,2,0.9107126593589783,0.9330611228942871,0.022348463535308838,1,422,671,749,671,379,405,405
453,5986,6169,2,0.9252849817276001,0.9122528433799744,-0.013032138347625732,0,76,189,244,195,80,57,57
454,6037,17335,5,0.889561116695404,0.8522986173629761,-0.03726249933242798,0,340,882,846,892,383,396,396
455,6059,400,3,0.8941413760185242,0.8972960710525513,0.0031546950340270996,1,1055,660,608,646,994,983,983
456,6079,16802,3,0.9471954107284546,0.8981207609176636,-0.049074649810791016,0,110,543,1249,678,105,133,133
457,6081,14476,2,0.9018681049346924,0.9257861375808716,0.0239180326461792,1,555,728,842,749,569,619,619
458,6088,11633,4,0.9407532811164856,0.8951862454414368,-0.04556703567504883,0,64,565,971,617,57,66,66
459,6091,6993,4,0.9625137448310852,0.9026233553886414,-0.05989038944244385,0,752,448,933,517,688,761,761
460,6119,8559,1,0.9007356762886047,0.8902487754821777,-0.010486900806427002,0,117,186,281,197,87,56,56
461,6121,11858,4,0.950061023235321,0.9271148443222046,-0.022946178913116455,0,141,631,953,687,101,122,122
462,6131,5521,4,0.9057679176330566,0.9063345193862915,0.0005666017532348633,1,205,696,682,700,181,186,186
463,6134,16326,4,0.8619332909584045,0.8669117093086243,0.0049784183502197266,1,1212,147,57,130,1219,1130,1130
464,6159,4461,7,0.8995851278305054,0.7360995411872864,-0.163485586643219,0,236,1279,1312,1292,229,374,374
465,6171,18095,3,0.9630122184753418,0.8713910579681396,-0.09162116050720215,0,7,101,518,134,7,7,7
466,6174,8030,5,0.9309411644935608,0.8771553039550781,-0.053785860538482666,0,98,738,810,753,108,107,107
467,6176,17880,4,0.8205359578132629,0.8464375138282776,0.02590155601501465,1,1169,463,150,390,1198,1120,1120
468,6178,3513,3,0.9448632001876831,0.9098966121673584,-0.03496658802032471,0,349,755,1172,834,309,395,395
469,6180,409,10,0.9063249826431274,0.7732251286506653,-0.13309985399246216,0,52,1192,42,1044,53,17,17
470,6192,2712,3,0.9217972159385681,0.8979334831237793,-0.02386373281478882,0,102,843,1091,901,111,132,132
471,6201,9019,2,0.9215583801269531,0.9437414407730103,0.02218306064605713,1,215,569,881,611,220,230,230
472,6223,17425,2,0.9852490425109863,0.9278832077980042,-0.05736583471298218,0,1,117,946,181,1,1,1
473,6263,17137,5,0.8660725951194763,0.8154049515724182,-0.050667643547058105,0,489,1320,1320,1322,509,715,715
474,6279,18132,8,0.9274141192436218,0.881668746471405,-0.0457453727722168,0,757,468,348,430,741,663,663
475,6287,3391,2,0.9312947988510132,0.9059954881668091,-0.0252993106842041,0,16,275,492,288,17,17,17
476,6298,420,2,0.9625075459480286,0.9244630336761475,-0.038044512271881104,0,39,64,726,75,49,44,44
477,6299,420,2,0.9708783030509949,0.9243233799934387,-0.04655492305755615,0,31,94,725,132,42,36,36
478,6366,14956,2,0.8289831280708313,0.9338784217834473,0.10489529371261597,1,218,1320,1284,1316,297,429,429
479,6395,16802,5,0.9146929979324341,0.875563383102417,-0.03912961483001709,0,124,1082,1145,1104,131,189,189
480,6476,2026,5,0.9763407111167908,0.8295773863792419,-0.14676332473754883,0,33,27,1093,53,27,26,26
481,6490,5685,4,0.8411713242530823,0.8425815105438232,0.0014101862907409668,1,454,149,112,138,544,342,342
482,6497,16949,5,0.9490945935249329,0.9020814299583435,-0.047013163566589355,0,56,585,755,616,52,52,52
483,6525,18356,7,0.9260740280151367,0.8039537072181702,-0.12212032079696655,0,10,701,941,740,9,9,9
484,6530,2185,4,0.9244687557220459,0.8477229475975037,-0.07674580812454224,0,58,215,703,255,55,47,47
485,6539,17711,2,0.9358932375907898,0.9178942441940308,-0.017998993396759033,0,93,483,1167,600,62,109,109
486,6555,9516,2,0.935419499874115,0.957565188407898,0.02214568853378296,1,184,923,793,903,181,188,188
487,6577,17718,5,0.8050318360328674,0.8338078856468201,0.028776049613952637,1,1314,1173,413,1097,1324,1327,1327
488,6584,12476,4,0.8684380650520325,0.9134533405303955,0.04501527547836304,1,292,1308,1010,1291,263,331,331
489,6592,449,3,0.8823983669281006,0.8899554014205933,0.007557034492492676,1,724,407,258,359,757,695,695
490,6606,9635,1,0.9035014510154724,0.8838418126106262,-0.01965963840484619,0,171,93,712,114,171,169,169
491,6639,8286,2,0.9044371247291565,0.8855352997779846,-0.018901824951171875,0,533,23,31,24,494,257,257
492,6663,7775,3,0.8436007499694824,0.8877273797988892,0.04412662982940674,1,1110,911,620,866,1147,1148,1148
493,6668,17183,3,0.8821882009506226,0.9115145206451416,0.029326319694519043,1,154,932,434,858,207,177,177
494,6671,2372,1,0.8384346961975098,0.8563528060913086,0.017918109893798828,1,373,470,391,448,362,325,325
495,6675,14984,3,0.8835119605064392,0.8396358489990234,-0.04387611150741577,0,135,37,48,38,133,62,62
496,6676,18050,3,0.8864009380340576,0.8971753120422363,0.010774374008178711,1,1114,1277,1118,1270,1145,1227,1227
497,6691,4929,2,0.9476531147956848,0.9143873453140259,-0.033265769481658936,0,111,212,492,244,105,85,85
498,6780,1723,2,0.849864661693573,0.8992346525192261,0.049369990825653076,1,528,743,821,758,451,483,483
499,6799,16096,4,0.9627220630645752,0.8715662956237793,-0.0911557674407959,0,2,24,204,29,2,2,2
500,6800,13508,3,0.8686397075653076,0.8637160658836365,-0.004923641681671143,0,1173,176,74,152,1084,866,866
501,6831,460,2,0.8987979292869568,0.9233062863349915,0.024508357048034668,1,336,595,514,573,393,344,344
502,6852,1227,10,0.929480254650116,0.7193905711174011,-0.21008968353271484,0,228,757,152,610,278,211,211
503,6875,467,4,0.880397617816925,0.8515512347221375,-0.028846383094787598,0,943,346,414,345,1035,978,978
504,6900,16413,7,0.9139993786811829,0.8688105940818787,-0.0451887845993042,0,48,114,213,122,63,30,30
505,6909,17042,7,0.9237661957740784,0.8086315393447876,-0.11513465642929077,0,328,858,1109,925,237,308,308
506,6923,4244,6,0.9040586948394775,0.8739469647407532,-0.030111730098724365,0,652,376,377,369,636,559,559
507,6927,15763,2,0.9364315867424011,0.9365918040275574,0.00016021728515625,1,201,904,1223,981,173,236,236
508,6938,17627,2,0.9298082590103149,0.8778301477432251,-0.051978111267089844,0,36,46,1298,117,29,58,58
509,6960,11650,2,0.8908994197845459,0.8902006149291992,-0.0006988048553466797,0,583,114,61,103,563,317,317
510,6966,18334,4,0.9287972450256348,0.8915444016456604,-0.037252843379974365,0,510,128,254,142,533,448,448
511,6969,18159,4,0.9407610893249512,0.9042295813560486,-0.03653150796890259,0,155,325,426,340,134,95,95
512,6972,2670,4,0.8726571202278137,0.8585339784622192,-0.014123141765594482,0,343,26,111,33,397,258,258
513,6990,18104,10,0.9577804207801819,0.7505300641059875,-0.20725035667419434,0,31,556,66,410,27,23,23
514,7022,5911,3,0.8855108022689819,0.8653427958488464,-0.020168006420135498,0,478,58,104,59,413,233,233
515,7032,3675,2,0.8993561863899231,0.9400269985198975,0.040670812129974365,1,772,876,1172,972,768,897,897
516,7037,1910,2,0.8916639089584351,0.9264249205589294,0.034761011600494385,1,909,1163,1021,1148,865,971,971
517,7045,3316,3,0.9647380113601685,0.9114463925361633,-0.05329161882400513,0,138,344,973,426,122,128,128
518,7069,18253,2,0.9300163984298706,0.9317853450775146,0.001768946647644043,1,148,475,903,528,128,146,146
519,7076,13152,3,0.9001546502113342,0.8887078166007996,-0.011446833610534668,0,1134,442,532,459,1162,1159,1159
520,7089,7049,2,0.9694811105728149,0.9155969023704529,-0.05388420820236206,0,9,65,469,87,9,8,8
521,7092,487,2,0.8841059803962708,0.8976471424102783,0.013541162014007568,1,740,247,213,233,804,687,687
522,7094,18214,2,0.913052499294281,0.9310789704322815,0.01802647113800049,1,1031,983,1158,1017,948,1070,1070
523,7103,488,3,0.8429984450340271,0.8804969191551208,0.03749847412109375,1,1096,1084,522,1025,1146,1165,1165
524,7107,18356,2,0.8726018667221069,0.9199051260948181,0.04730325937271118,1,663,869,877,875,656,743,743
525,7116,4497,3,0.9127734303474426,0.8985850214958191,-0.014188408851623535,0,11,438,365,426,11,9,9
526,7128,490,2,0.8030559420585632,0.892895519733429,0.08983957767486572,1,1237,1084,852,1069,1262,1276,1276
527,7132,3114,3,0.8551859855651855,0.923474907875061,0.06828892230987549,1,1039,956,266,802,916,784,784
528,7134,17494,6,0.932563304901123,0.877693772315979,-0.05486953258514404,0,622,323,527,346,534,506,506
529,7137,18131,8,0.9345276951789856,0.8219310641288757,-0.11259663105010986,0,21,220,724,254,22,21,21
530,7139,18320,2,0.8772183060646057,0.8960028886795044,0.01878458261489868,1,1319,184,168,177,1328,1286,1286
531,7140,18137,8,0.8806192874908447,0.7557668089866638,-0.12485247850418091,0,1100,150,928,217,1135,1185,1185
532,7141,18356,6,0.8942775726318359,0.8538492321968079,-0.040428340435028076,0,472,994,1030,1008,496,592,592
533,7147,17862,3,0.8898537158966064,0.9143351316452026,0.02448141574859619,1,140,931,776,915,130,131,131
534,7151,18137,2,0.893225371837616,0.8568355441093445,-0.036389827728271484,0,1285,124,257,138,1269,1223,1223
535,7152,18356,4,0.8818033933639526,0.894828200340271,0.01302480697631836,1,717,910,858,905,684,753,753
536,7160,18355,5,0.9249857664108276,0.8912976384162903,-0.033688127994537354,0,70,1004,874,988,72,92,92
537,7209,16332,2,0.8186624646186829,0.8905880451202393,0.0719255805015564,1,1279,510,83,388,1284,1225,1225
538,7214,15658,2,0.8556156158447266,0.902162492275238,0.046546876430511475,1,1292,785,351,702,1297,1285,1285
539,7222,16784,2,0.8877002000808716,0.9164632558822632,0.0287630558013916,1,930,983,992,997,820,929,929
540,7247,18289,1,0.9012879729270935,0.9245480895042419,0.023260116577148438,1,135,606,339,546,130,86,86
541,7264,3771,3,0.943570613861084,0.8884233832359314,-0.05514723062515259,0,5,257,1119,358,5,4,4
542,7401,2372,2,0.826737642288208,0.8802528977394104,0.05351525545120239,1,1100,689,334,608,1110,1070,1070
543,7402,9999,2,0.9122136831283569,0.8818989992141724,-0.03031468391418457,0,487,225,378,249,476,410,410
544,7404,8595,2,0.9047567844390869,0.9431375861167908,0.03838080167770386,1,428,893,806,887,472,506,506
545,7415,3657,1,0.9191527366638184,0.9065183401107788,-0.01263439655303955,0,357,236,197,222,374,265,265
546,7432,12964,4,0.8980326652526855,0.8881866335868835,-0.009846031665802002,0,549,163,449,178,523,509,509
547,7451,7327,2,0.914181649684906,0.9196399450302124,0.0054582953453063965,1,243,133,161,133,216,130,130
548,7470,17252,6,0.8950183391571045,0.8357999920845032,-0.05921834707260132,0,501,1186,1254,1204,473,633,633
549,7475,516,2,0.9024980664253235,0.9135925769805908,0.011094510555267334,1,505,320,723,373,494,508,508
550,7515,10992,2,0.911159098148346,0.9341251850128174,0.022966086864471436,1,388,999,975,998,388,465,465
551,7554,15545,3,0.8922793865203857,0.9209626913070679,0.02868330478668213,1,253,1046,1220,1096,237,333,333
552,7596,11813,2,0.8823750615119934,0.9287059307098389,0.04633086919784546,1,1149,690,320,602,1047,978,978
553,7613,11633,3,0.8880372643470764,0.8968037366867065,0.008766472339630127,1,571,1096,1049,1112,553,657,657
554,7620,5795,3,0.9495202898979187,0.8587960004806519,-0.09072428941726685,0,3,399,1309,597,2,3,3
555,7640,18226,3,0.9565382599830627,0.90040123462677,-0.056137025356292725,0,30,801,1272,914,24,42,42
556,7641,2843,2,0.8390213251113892,0.9199261665344238,0.08090484142303467,1,1095,1319,1096,1317,1077,1166,1166
557,7695,678,2,0.9644373059272766,0.9413455724716187,-0.02309173345565796,0,22,85,891,151,20,18,18
558,7706,5171,3,0.9448627829551697,0.9375637173652649,-0.007299065589904785,0,291,323,513,329,274,219,219
559,7728,18200,2,0.8988277912139893,0.9236961603164673,0.024868369102478027,1,506,652,672,650,575,575,575
560,7734,14318,1,0.9054332971572876,0.9125899076461792,0.0071566104888916016,1,304,642,736,653,276,301,301
561,7756,17947,4,0.9526658654212952,0.9229328632354736,-0.029733002185821533,0,391,287,418,308,363,282,282
562,7759,18150,7,0.9361647367477417,0.8033918738365173,-0.13277286291122437,0,224,695,1061,761,180,224,224
563,7770,18292,2,0.8861473798751831,0.9474987983703613,0.06135141849517822,1,224,1056,1030,1054,213,282,282
564,7777,3020,2,0.8997959494590759,0.9337338805198669,0.033937931060791016,1,760,628,487,602,676,621,621
565,7784,18004,1,0.8484839797019958,0.8715443015098572,0.023060321807861328,1,749,1106,1232,1148,796,962,962
566,7790,11979,4,0.9397259950637817,0.9364595413208008,-0.003266453742980957,0,457,156,99,130,464,280,280
567,7805,6483,3,0.9402609467506409,0.903450071811676,-0.036810874938964844,0,944,224,295,227,932,854,854
568,7809,15679,2,0.9209061861038208,0.920703649520874,-0.00020253658294677734,0,128,107,249,112,133,72,72
569,7813,16298,4,0.9220917224884033,0.8998271822929382,-0.022264540195465088,0,87,607,653,616,97,82,82
570,7817,3349,3,0.8857967257499695,0.8727899193763733,-0.013006806373596191,0,182,1141,1283,1186,199,330,330
571,7862,8699,9,0.9580128192901611,0.8496812582015991,-0.10833156108856201,0,22,508,1010,586,23,26,26
572,7874,8443,1,0.9105295538902283,0.935451865196228,0.024922311305999756,1,269,570,356,516,220,165,165
573,7890,11573,7,0.9587783813476562,0.8381521105766296,-0.12062627077102661,0,120,507,912,568,104,119,119
574,7891,18174,1,0.8750293850898743,0.8973247408866882,0.022295355796813965,1,980,884,1009,912,965,1047,1047
575,7903,12339,6,0.8874558806419373,0.8646085858345032,-0.022847294807434082,0,1034,852,632,811,1161,1175,1175
576,7917,6550,4,0.9481098651885986,0.9010499715805054,-0.04705989360809326,0,900,74,113,76,806,639,639
577,7927,18275,1,0.8873884677886963,0.9275299906730652,0.040141522884368896,1,347,922,1066,958,405,462,462
578,7950,18226,1,0.8396819829940796,0.9395139217376709,0.09983193874359131,1,9,1093,1120,1108,7,13,13
579,7975,4085,2,0.8579061627388,0.9202190041542053,0.06231284141540527,1,463,666,439,638,424,374,374
580,7982,554,3,0.9106329679489136,0.8859303593635559,-0.024702608585357666,0,1046,76,341,101,1070,1015,1015
581,7988,11010,2,0.8861864805221558,0.9132786989212036,0.02709221839904785,1,897,885,668,848,851,884,884
582,8004,18219,2,0.9359398484230042,0.9447920322418213,0.008852183818817139,1,16,668,908,700,14,12,12
583,8016,9914,5,0.923714280128479,0.9114990234375,-0.012215256690979004,0,702,410,221,377,671,592,592
584,8022,11781,2,0.8740449547767639,0.8454923033714294,-0.028552651405334473,0,622,8,8,8,589,285,285
585,8043,16666,2,0.8257045745849609,0.8991057276725769,0.07340115308761597,1,984,1076,394,994,882,848,848
586,8045,16091,2,0.8836333155632019,0.9197958707809448,0.03616255521774292,1,384,981,1046,995,358,430,430
587,8059,3304,3,0.9249448776245117,0.8932305574417114,-0.03171432018280029,0,457,395,733,442,427,416,416
588,8063,18200,3,0.8760384917259216,0.9108655452728271,0.03482705354690552,1,827,1009,570,948,810,810,810
589,8080,18295,2,0.9148445725440979,0.9451670050621033,0.03032243251800537,1,201,855,973,875,187,207,207
590,8088,18352,2,0.8970140218734741,0.9068520069122314,0.009837985038757324,1,298,452,598,462,236,238,238
591,8115,5188,2,0.9511638879776001,0.9393252730369568,-0.01183861494064331,0,142,520,842,557,156,166,166
592,8122,12038,2,0.9151793718338013,0.9364721179008484,0.02129274606704712,1,187,1135,1300,1181,173,243,243
593,8131,6608,10,0.8783899545669556,0.578956663608551,-0.29943329095840454,0,338,974,1314,1156,352,523,523
594,8159,8177,4,0.9629499316215515,0.9198552966117859,-0.043094635009765625,0,43,613,1051,691,40,40,40
595,8168,17425,4,0.9765179753303528,0.9093253016471863,-0.0671926736831665,0,116,81,800,119,102,95,95
596,8197,17839,2,0.9298591017723083,0.9509786367416382,0.021119534969329834,1,733,541,402,509,659,603,603
597,8200,569,2,0.9097246527671814,0.9224025011062622,0.01267784833908081,1,15,613,1024,691,20,26,26
598,8234,9500,3,0.9034906625747681,0.8677827715873718,-0.03570789098739624,0,175,1013,1315,1131,189,342,342
599,8246,16714,2,0.903923511505127,0.9363352060317993,0.03241169452667236,1,448,1161,1099,1162,424,516,516
600,8250,9993,2,0.9372525811195374,0.9589456915855408,0.021693110466003418,1,620,1035,1065,1040,509,598,598
601,8255,7440,6,0.9284031391143799,0.8269374370574951,-0.10146570205688477,0,251,578,1250,708,232,330,330
602,8278,8355,3,0.895952582359314,0.9028689861297607,0.006916403770446777,1,1271,585,508,575,1252,1235,1235
603,8332,4780,4,0.8738853335380554,0.8683034777641296,-0.005581855773925781,0,554,818,626,781,631,621,621
604,8349,14967,2,0.9056270122528076,0.9421336054801941,0.036506593227386475,1,304,680,887,716,305,338,338
605,8374,2616,2,0.8443867564201355,0.8773760795593262,0.032989323139190674,1,1082,478,488,478,1094,1097,1097
606,8432,13899,3,0.9344874024391174,0.9150007367134094,-0.019486665725708008,0,388,650,856,683,378,397,397
607,8443,1939,3,0.9154430627822876,0.9155598878860474,0.00011682510375976562,1,1109,1173,1159,1177,1066,1193,1193
608,8490,738,4,0.9214262366294861,0.9151994585990906,-0.006226778030395508,0,506,491,307,453,455,371,371
609,8506,18307,4,0.8517463207244873,0.8774731755256653,0.02572685480117798,1,1243,598,218,513,1265,1256,1256
610,8507,8535,1,0.9511173367500305,0.8505388498306274,-0.10057848691940308,0,73,8,325,13,84,44,44
611,8513,17805,2,0.9189479351043701,0.9029093384742737,-0.016038596630096436,0,1011,132,98,126,991,787,787
612,8522,4879,3,0.9038872122764587,0.9041340351104736,0.0002468228340148926,1,602,596,507,581,684,649,649
613,8529,3422,2,0.8674202561378479,0.8641604781150818,-0.0032597780227661133,0,604,45,34,45,692,377,377
614,8534,3141,3,0.9060484766960144,0.9025160670280457,-0.00353240966796875,0,1030,307,182,271,1055,871,871
615,8543,18287,4,0.7962683439254761,0.8444129228591919,0.04814457893371582,1,92,1330,1331,1331,109,216,216
616,8545,18088,2,0.8528535962104797,0.8776437640190125,0.024790167808532715,1,936,287,130,251,950,817,817
617,8558,17323,5,0.9006064534187317,0.8692674040794373,-0.031339049339294434,0,1010,171,201,167,959,857,857
618,8572,10688,3,0.8565943241119385,0.8725844025611877,0.015990078449249268,1,141,1332,1326,1333,168,324,324
619,8597,601,2,0.880386233329773,0.9174869060516357,0.03710067272186279,1,275,798,616,780,282,292,292
620,8615,10219,2,0.7810322642326355,0.8866085410118103,0.1055762767791748,1,954,1337,1331,1336,939,1144,1144
621,8639,17275,3,0.9214487671852112,0.8655343651771545,-0.05591440200805664,0,291,154,649,197,290,261,261
622,8640,3681,3,0.9364286661148071,0.8340458273887634,-0.1023828387260437,0,28,11,113,16,29,12,12
623,8658,18199,2,0.8778119087219238,0.9537734985351562,0.07596158981323242,1,323,937,812,939,333,360,360
624,8662,17824,10,0.9460575580596924,0.7092997431755066,-0.2367578148841858,0,1182,660,296,577,1129,1032,1032
625,8665,2056,2,0.9062594771385193,0.9084165692329407,0.0021570920944213867,1,463,197,118,179,500,320,320
626,8714,17962,2,0.867011547088623,0.9217654466629028,0.054753899574279785,1,818,466,327,436,766,676,676
627,8716,6488,4,0.9434106349945068,0.9305722713470459,-0.012838363647460938,0,7,702,689,705,4,6,6
628,8719,1100,2,0.8638162612915039,0.8659024238586426,0.002086162567138672,1,57,757,1185,841,56,105,105
629,8723,2887,3,0.9246953129768372,0.8983462452888489,-0.02634906768798828,0,521,221,167,215,457,329,329
630,8730,1773,2,0.9403906464576721,0.9181030988693237,-0.02228754758834839,0,7,188,519,227,7,7,7
631,8735,18168,2,0.8992359638214111,0.903380274772644,0.00414431095123291,1,489,440,361,425,417,346,346
632,8738,12462,2,0.9268832206726074,0.904887318611145,-0.021995902061462402,0,10,591,1256,694,9,10,10
633,8755,11541,2,0.9305792450904846,0.8778185844421387,-0.05276066064834595,0,2,234,1001,293,2,2,2
634,8776,14891,2,0.9172853231430054,0.9294901490211487,0.01220482587814331,1,9,523,879,581,8,12,12
635,8787,17943,5,0.9102813005447388,0.8224024176597595,-0.08787888288497925,0,1138,25,81,28,1082,823,823
636,8795,13586,8,0.9506149291992188,0.830008864402771,-0.12060606479644775,0,91,63,651,98,88,76,76
637,8813,15717,3,0.9414247274398804,0.8804093599319458,-0.06101536750793457,0,141,43,127,53,141,77,77
638,8815,4149,2,0.9316698312759399,0.9207335114479065,-0.010936319828033447,0,71,405,671,451,67,62,62
639,8818,18307,4,0.929141104221344,0.8769643902778625,-0.052176713943481445,0,45,135,221,140,47,31,31
640,8820,18307,4,0.7913897633552551,0.8778918981552124,0.08650213479995728,1,512,356,217,319,582,440,440
641,8829,17453,2,0.9050639867782593,0.9191917181015015,0.014127731323242188,1,650,633,807,667,566,599,599
642,8832,10752,5,0.8840828537940979,0.8646716475486755,-0.019411206245422363,0,1299,157,87,142,1311,1271,1271
643,8860,8155,5,0.8985862731933594,0.858751654624939,-0.03983461856842041,0,1289,114,131,118,1273,1204,1204
644,8866,17530,2,0.8864701390266418,0.9354705810546875,0.049000442028045654,1,532,1109,1033,1096,652,754,754
645,8877,1609,2,0.917695939540863,0.9207678437232971,0.003071904182434082,1,979,178,124,166,967,801,801
646,8897,8535,2,0.8745004534721375,0.8780031800270081,0.0035027265548706055,1,1157,304,248,285,1200,1140,1140
647,8931,9118,3,0.9177042841911316,0.9158106446266174,-0.0018936395645141602,0,254,213,212,211,289,178,178
648,8944,18319,10,0.8714677095413208,0.5366043448448181,-0.3348633646965027,0,993,24,1129,30,1022,1088,1088
649,8964,18030,6,0.9023795127868652,0.8677985072135925,-0.034581005573272705,0,458,385,419,389,480,445,445
650,8969,15570,8,0.9013419151306152,0.8413460850715637,-0.059995830059051514,0,1312,802,865,819,1316,1321,1321
651,8974,11060,2,0.8551279306411743,0.8802429437637329,0.025115013122558594,1,281,1128,1168,1135,351,466,466
652,8975,18195,4,0.8836947083473206,0.8780322670936584,-0.005662441253662109,0,159,877,767,873,183,205,205
653,8976,18324,3,0.8927056193351746,0.9292460083961487,0.03654038906097412,1,258,1000,828,981,263,278,278
654,9000,18325,2,0.9398872256278992,0.9301043152809143,-0.009782910346984863,0,74,582,1100,688,70,89,89
655,9003,14652,4,0.9484943151473999,0.8942278623580933,-0.05426645278930664,0,128,704,1103,774,125,157,157
656,9014,1934,3,0.97027587890625,0.917140543460846,-0.05313533544540405,0,82,223,756,280,79,75,75
657,9019,18068,1,0.8963912725448608,0.9008655548095703,0.004474282264709473,1,301,376,621,405,396,383,383
658,9027,7168,2,0.7820219993591309,0.8950623273849487,0.11304032802581787,1,732,1340,1155,1330,681,798,798
659,9044,17825,3,0.8753846287727356,0.9193392992019653,0.043954670429229736,1,1208,709,228,612,1214,1154,1154
660,9045,1929,2,0.8574421405792236,0.8849162459373474,0.02747410535812378,1,1177,185,111,159,1190,1103,1103
661,9100,2998,9,0.8960311412811279,0.8209413290023804,-0.07508981227874756,0,48,1284,1272,1285,43,59,59
662,9122,18319,5,0.8804597854614258,0.8439235091209412,-0.03653627634048462,0,1294,47,66,45,1283,1157,1157
663,9126,15258,10,0.8683227300643921,0.5257391333580017,-0.3425835967063904,0,670,5,901,4,699,776,776
664,9131,15755,1,0.8838648200035095,0.9408214092254639,0.056956589221954346,1,44,670,593,671,33,36,36
665,9185,5318,4,0.9069099426269531,0.8391909599304199,-0.0677189826965332,0,15,48,98,50,13,9,9
666,9204,653,5,0.8982003331184387,0.8913410305976868,-0.006859302520751953,0,267,918,689,876,268,274,274
667,9207,653,3,0.9196760058403015,0.9071291089057922,-0.012546896934509277,0,675,643,768,660,637,659,659
668,9229,18145,2,0.9220358729362488,0.9312933683395386,0.009257495403289795,1,139,323,431,333,169,134,134
669,9263,661,5,0.881269633769989,0.8828164339065552,0.0015468001365661621,1,694,656,346,592,839,772,772
670,9280,14827,2,0.8984512686729431,0.8834642171859741,-0.014987051486968994,0,306,450,950,518,242,302,302
671,9307,665,3,0.9420997500419617,0.9155136942863464,-0.026586055755615234,0,59,478,651,486,46,42,42
672,9359,17513,4,0.9447522163391113,0.9294865727424622,-0.01526564359664917,0,337,622,551,613,325,295,295
673,9365,10110,1,0.8960927724838257,0.8785611987113953,-0.01753157377243042,0,157,288,632,323,160,162,162
674,9372,719,6,0.924903154373169,0.905312180519104,-0.01959097385406494,0,96,320,289,315,111,69,69
675,9381,7089,2,0.9230451583862305,0.9372423887252808,0.014197230339050293,1,206,1029,1177,1053,178,239,239
676,9403,14592,10,0.9504224061965942,0.6730614304542542,-0.2773609757423401,0,6,255,256,206,6,5,5
677,9416,13514,3,0.8915513753890991,0.8681832551956177,-0.023368120193481445,0,959,77,171,87,890,729,729
678,9433,1402,3,0.9308678507804871,0.939647912979126,0.008780062198638916,1,13,1001,1104,1026,12,14,14
679,9519,13795,4,0.9279404878616333,0.8918734192848206,-0.036067068576812744,0,740,164,135,161,592,443,443
680,9530,9635,3,0.9384182691574097,0.8965238332748413,-0.04189443588256836,0,27,305,449,316,22,20,20
681,9544,13210,6,0.941802978515625,0.9129127860069275,-0.02889019250869751,0,3,423,358,404,3,3,3
682,9591,15250,2,0.8724563717842102,0.910490095615387,0.03803372383117676,1,716,487,300,445,744,644,644
683,9599,10930,4,0.8856736421585083,0.8860751390457153,0.00040149688720703125,1,1058,966,783,935,1031,1075,1075
684,9616,689,2,0.8887515068054199,0.9287630319595337,0.04001152515411377,1,355,478,278,420,407,332,332
685,9624,1578,2,0.8641818761825562,0.8997754454612732,0.03559356927871704,1,791,884,667,849,800,824,824
686,9646,11397,2,0.8562341332435608,0.8730663061141968,0.016832172870635986,1,605,114,90,105,550,374,374
687,9724,7551,3,0.9260581731796265,0.9209797382354736,-0.005078434944152832,0,717,553,462,531,704,696,696
688,9728,4901,6,0.885840117931366,0.9335655570030212,0.04772543907165527,1,1019,229,91,189,863,590,590
689,9735,3118,8,0.8967675566673279,0.8622982501983643,-0.03446930646896362,0,749,1181,1049,1183,753,881,881
690,9751,12340,3,0.8619197607040405,0.9051065444946289,0.04318678379058838,1,1323,1133,494,1073,1325,1332,1332
691,9776,18112,2,0.8959257006645203,0.9071250557899475,0.011199355125427246,1,1205,223,162,209,1194,1097,1097
692,9777,14986,3,0.8786881566047668,0.9048959612846375,0.026207804679870605,1,644,319,129,265,728,502,502
693,9797,2363,2,0.9764493107795715,0.8546030521392822,-0.1218462586402893,0,3,2,1342,7,3,3,3
694,9799,18287,6,0.9384233355522156,0.7903924584388733,-0.14803087711334229,0,13,70,1339,143,13,14,14
695,9811,3389,4,0.9288972616195679,0.9058091044425964,-0.023088157176971436,0,976,310,361,309,985,944,944
696,9817,708,2,0.8934502601623535,0.9007121324539185,0.007261872291564941,1,1201,244,200,227,1169,1058,1058
697,9825,12446,2,0.9391655325889587,0.9450628757476807,0.005897343158721924,1,14,455,602,476,13,14,14
698,9886,15403,3,0.8975146412849426,0.9218255877494812,0.024310946464538574,1,931,1286,1112,1276,844,986,986
699,9888,18137,5,0.8747702836990356,0.8156867623329163,-0.059083521366119385,0,994,214,399,235,952,875,875
700,9896,14617,5,0.8852949142456055,0.8443015217781067,-0.04099339246749878,0,885,464,755,513,857,889,889
701,9903,12570,4,0.8328587412834167,0.890636682510376,0.05777794122695923,1,678,1308,1171,1307,605,735,735
702,9941,15854,2,0.9524640440940857,0.9036513566970825,-0.048812687397003174,0,18,252,1334,424,17,32,32
703,9945,6750,1,0.9291145205497742,0.9361208081245422,0.007006287574768066,1,5,15,483,21,5,4,4
704,9947,1354,2,0.9282744526863098,0.9219047427177429,-0.0063697099685668945,0,450,203,301,217,490,388,388
705,9951,8921,9,0.9589117765426636,0.8942055106163025,-0.06470626592636108,0,356,432,556,443,308,262,262
706,9970,727,4,0.9356077313423157,0.8780353665351868,-0.057572364807128906,0,28,1030,1308,1103,26,38,38
707,9974,16789,2,0.8910524845123291,0.9133975505828857,0.02234506607055664,1,277,230,574,246,268,250,250
708,9994,12429,1,0.7580202221870422,0.8761685490608215,0.1181483268737793,1,843,237,130,181,710,528,528
709,10011,2853,3,0.9603036642074585,0.8184928894042969,-0.14181077480316162,0,1,18,1341,89,1,1,1
710,10014,17437,2,0.8732277750968933,0.9077215790748596,0.03449380397796631,1,1070,657,578,637,1101,1115,1115
711,10033,12690,3,0.910244345664978,0.9212619662284851,0.01101762056350708,1,353,883,951,888,313,347,347
712,10123,738,4,0.8698487877845764,0.9162459969520569,0.04639720916748047,1,581,992,308,870,571,476,476
713,10125,17388,4,0.9475641846656799,0.8556614518165588,-0.0919027328491211,0,16,241,1334,435,19,24,24
714,10146,18258,7,0.9495530128479004,0.8698207139968872,-0.07973229885101318,0,7,268,362,271,6,4,4
715,10154,8999,2,0.9597172737121582,0.9330819249153137,-0.026635348796844482,0,46,435,1239,565,38,54,54
716,10156,743,2,0.9291386604309082,0.9306522011756897,0.0015135407447814941,1,761,618,858,656,710,775,775
717,10207,18272,2,0.959810197353363,0.9361494183540344,-0.023660778999328613,0,27,104,235,125,17,16,16
718,10242,18200,3,0.9352025985717773,0.9097455143928528,-0.02545708417892456,0,115,310,583,334,141,100,100
719,10274,14687,3,0.8892003297805786,0.9217393398284912,0.0325390100479126,1,130,986,454,905,139,103,103
720,10281,11385,2,0.8014308214187622,0.8744648098945618,0.07303398847579956,1,1269,210,57,131,1209,1031,1031
721,10323,4874,2,0.92864590883255,0.9042401313781738,-0.02440577745437622,0,431,125,163,131,388,245,245
722,10349,14706,2,0.9669981598854065,0.8876979947090149,-0.0793001651763916,0,7,45,210,64,7,6,6
723,10350,762,2,0.913979709148407,0.9295743703842163,0.015594661235809326,1,806,504,451,491,855,812,812
724,10362,763,3,0.900532066822052,0.8784160017967224,-0.02211606502532959,0,82,17,101,23,73,42,42
725,10372,6353,2,0.9176329374313354,0.9149435758590698,-0.002689361572265625,0,1017,585,887,634,1019,1098,1098
726,10374,5750,3,0.9479097723960876,0.8904988765716553,-0.05741089582443237,0,51,658,1214,777,45,60,60
727,10384,17891,1,0.893196702003479,0.9041615724563599,0.01096487045288086,1,89,223,912,291,83,97,97
728,10386,18320,10,0.9296464323997498,0.6547444462776184,-0.27490198612213135,0,940,104,166,72,1003,826,826
729,10387,18320,3,0.885823130607605,0.8823243379592896,-0.0034987926483154297,0,1124,117,154,120,1151,1014,1014
730,10388,18316,4,0.9131009578704834,0.8780156970024109,-0.03508526086807251,0,8,124,269,147,7,7,7
731,10414,8991,4,0.8974477648735046,0.8896157145500183,-0.007832050323486328,0,1252,1037,975,1029,1233,1279,1279
732,10418,1227,3,0.8705176115036011,0.8984521627426147,0.027934551239013672,1,1090,827,931,848,1152,1222,1222
733,10421,16178,3,0.8424292802810669,0.8110066652297974,-0.03142261505126953,0,1255,32,32,31,1240,1047,1047
734,10447,7919,2,0.8760610222816467,0.9363289475440979,0.06026792526245117,1,300,1069,932,1055,332,396,396
735,10464,10788,2,0.9488449692726135,0.954185962677002,0.005340993404388428,1,112,629,953,676,125,143,143
736,10480,17883,2,0.9075005650520325,0.9059798717498779,-0.001520693302154541,0,1078,355,579,387,1140,1134,1134
737,10486,12577,3,0.8735638856887817,0.9108744859695435,0.03731060028076172,1,402,562,594,578,436,420,420
738,10491,17068,2,0.9170334339141846,0.9178329110145569,0.0007994771003723145,1,986,307,273,303,914,814,814
739,10505,16803,3,0.9601415395736694,0.918804407119751,-0.04133713245391846,0,43,291,715,338,40,35,35
740,10516,14467,3,0.8382965922355652,0.8548948764801025,0.016598284244537354,1,587,330,271,312,751,668,668
741,10522,14568,2,0.9230138063430786,0.9355993866920471,0.012585580348968506,1,484,762,845,780,471,516,516
742,10530,1245,2,0.813256561756134,0.8931084275245667,0.07985186576843262,1,728,404,32,269,821,487,487
743,10570,9186,3,0.9093483090400696,0.868090808391571,-0.041257500648498535,0,21,263,641,303,32,35,35
744,10572,9621,2,0.9321592450141907,0.9380739331245422,0.0059146881103515625,1,531,674,931,718,373,422,422
745,10589,4698,2,0.8708240389823914,0.8834508657455444,0.012626826763153076,1,153,322,398,333,178,157,157
746,10604,3204,2,0.9279164671897888,0.8587238192558289,-0.06919264793395996,0,360,6,11,6,319,139,139
747,10605,17566,2,0.8605645298957825,0.9189789295196533,0.05841439962387085,1,238,1309,1251,1305,232,353,353
748,10624,18216,3,0.9388959407806396,0.8945077657699585,-0.04438817501068115,0,24,195,706,246,23,18,18
749,10640,3178,5,0.7695475816726685,0.8303383588790894,0.0607907772064209,1,36,4,3,2,55,25,25
750,10647,3114,5,0.9065786004066467,0.9206715822219849,0.014092981815338135,1,690,644,207,542,579,470,470
751,10651,7381,1,0.8639070987701416,0.9256959557533264,0.061788856983184814,1,110,893,987,917,108,127,127
752,10654,8143,3,0.9394457340240479,0.9155902862548828,-0.02385544776916504,0,43,84,140,91,36,22,22
753,10656,8657,3,0.8815984129905701,0.918052077293396,0.03645366430282593,1,513,788,543,737,420,389,389
754,10659,18278,4,0.9200637340545654,0.8911083340644836,-0.028955399990081787,0,119,161,179,163,118,81,81
755,10664,2061,3,0.9028120040893555,0.9027683138847351,-4.369020462036133e-05,0,705,450,340,427,671,572,572
756,10666,14393,5,0.8703003525733948,0.8300582766532898,-0.04024207592010498,0,79,943,1243,1017,92,134,134
757,10669,4294,2,0.8677569031715393,0.9036718606948853,0.03591495752334595,1,1228,903,784,890,1237,1254,1254
758,10682,16043,4,0.9069667458534241,0.882464587688446,-0.024502158164978027,0,248,228,269,227,289,230,230
759,10709,13451,2,0.8982419967651367,0.933895468711853,0.03565347194671631,1,665,766,737,760,636,646,646
760,10740,3485,2,0.8844032883644104,0.9109781384468079,0.02657485008239746,1,184,873,948,889,261,312,312
761,10744,5106,3,0.9076317548751831,0.8912391662597656,-0.01639258861541748,0,630,567,559,556,692,696,696
762,10766,926,2,0.9095092415809631,0.9115095734596252,0.0020003318786621094,1,145,151,290,166,149,109,109
763,10808,5027,2,0.9122717976570129,0.8895897269248962,-0.0226820707321167,0,457,69,65,69,402,219,219
764,10823,804,3,0.9463826417922974,0.9270728826522827,-0.01930975914001465,0,16,320,412,332,17,12,12
765,10838,11213,2,0.9165955781936646,0.9626092314720154,0.04601365327835083,1,683,1008,774,971,654,682,682
766,10843,7375,3,0.9031335115432739,0.8890306949615479,-0.014102816581726074,0,259,763,1228,902,317,429,429
767,10854,3076,6,0.864375114440918,0.816716194152832,-0.04765892028808594,0,1270,1310,1307,1312,1238,1309,1309
768,10861,13527,2,0.8487978577613831,0.8777220845222473,0.028924226760864258,1,982,860,873,872,878,931,931
769,10864,17085,6,0.9060208797454834,0.8991039991378784,-0.0069168806076049805,0,118,698,420,644,123,101,101
770,10880,18307,2,0.8905502557754517,0.8867943286895752,-0.003755927085876465,0,311,185,288,193,320,260,260
771,10881,18307,8,0.9171728491783142,0.85117107629776,-0.0660017728805542,0,89,151,212,155,110,72,72
772,10883,18244,4,0.9103599190711975,0.8857879042625427,-0.024572014808654785,0,26,129,133,129,25,23,23
773,10884,18307,2,0.9100232720375061,0.8865818977355957,-0.0234413743019104,0,430,210,288,220,384,327,327
774,10887,18227,2,0.8631657361984253,0.9195978045463562,0.05643206834793091,1,562,1063,936,1041,564,626,626
775,10888,18133,3,0.9281291365623474,0.9014523029327393,-0.026676833629608154,0,165,551,885,586,153,172,172
776,10891,10047,7,0.900608479976654,0.840420126914978,-0.060188353061676025,0,152,39,79,41,161,91,91
777,10893,8955,10,0.9578561782836914,0.6997567415237427,-0.25809943675994873,0,251,314,245,234,197,166,166
778,10900,15948,2,0.911002516746521,0.8830934166908264,-0.02790910005569458,0,260,162,397,188,229,201,201
779,10907,18307,4,0.879499614238739,0.8774405121803284,-0.0020591020584106445,0,396,359,215,323,483,377,377
780,10910,16674,4,0.9223693013191223,0.8949578404426575,-0.027411460876464844,0,74,1006,1079,1033,63,78,78
781,10928,18258,5,0.9214380979537964,0.8723832964897156,-0.04905480146408081,0,58,257,717,305,55,57,57
782,10934,14851,2,0.9462108016014099,0.9253036379814148,-0.020907163619995117,0,508,113,316,135,464,381,381
783,10935,17435,2,0.9048369526863098,0.9379485249519348,0.033111572265625,1,428,1164,883,1135,399,450,450
784,10944,2508,2,0.8718770146369934,0.9032745957374573,0.03139758110046387,1,290,600,332,532,359,283,283
785,10993,17917,6,0.9246145486831665,0.9105597138404846,-0.014054834842681885,0,560,472,377,457,552,488,488
786,10994,17007,2,0.8980624675750732,0.9307841658592224,0.03272169828414917,1,268,1121,1267,1147,262,391,391
787,10995,17437,2,0.9433640837669373,0.9080331921577454,-0.035330891609191895,0,45,166,568,206,50,46,46
788,11022,18287,6,0.8562217950820923,0.791574239730835,-0.06464755535125732,0,88,1329,1338,1332,83,161,161
789,11031,1784,2,0.8581859469413757,0.9000145196914673,0.04182857275009155,1,644,484,473,481,742,701,701
790,11064,15569,3,0.8929328918457031,0.889507532119751,-0.0034253597259521484,0,227,653,756,668,244,264,264
791,11089,4826,2,0.9361050724983215,0.886044979095459,-0.05006009340286255,0,28,113,222,126,35,23,23
792,11092,11276,3,0.8883887529373169,0.8756281137466431,-0.012760639190673828,0,992,633,746,647,895,932,932
793,11128,12387,1,0.8770156502723694,0.9387784004211426,0.06176275014877319,1,674,844,988,862,713,793,793
794,11138,16359,1,0.8685758113861084,0.9004518389701843,0.03187602758407593,1,766,277,320,274,713,611,611
795,11142,17086,5,0.8907105922698975,0.8463136553764343,-0.044396936893463135,0,541,649,797,674,523,575,575
796,11149,5370,1,0.8479740023612976,0.9209396839141846,0.07296568155288696,1,1096,918,751,903,1109,1151,1151
797,11158,839,2,0.9130417704582214,0.9112740755081177,-0.0017676949501037598,0,242,762,1213,858,176,265,265
798,11162,2434,2,0.9430682063102722,0.8861849904060364,-0.05688321590423584,0,6,160,933,221,6,6,6
799,11177,3216,1,0.9084314703941345,0.8924136757850647,-0.016017794609069824,0,112,327,501,328,102,74,74
800,11186,845,2,0.8901323080062866,0.9182704091072083,0.02813810110092163,1,551,759,907,790,434,481,481
801,11199,12613,4,0.8777899742126465,0.9006014466285706,0.022811472415924072,1,455,684,256,591,472,392,392
802,11232,18318,2,0.8576765060424805,0.884840726852417,0.027164220809936523,1,1091,600,543,586,1093,1117,1117
803,11268,17280,1,0.8394266366958618,0.8974053263664246,0.057978689670562744,1,534,691,1056,744,557,660,660
804,11274,16665,3,0.9466919302940369,0.9098367691040039,-0.03685516119003296,0,115,343,584,375,102,89,89
805,11306,4799,3,0.917365312576294,0.9038242101669312,-0.013541102409362793,0,572,784,919,809,495,541,541
806,11331,2083,6,0.9205021262168884,0.8714586496353149,-0.049043476581573486,0,606,1046,1230,1099,533,703,703
807,11335,10668,3,0.9298241138458252,0.9022000432014465,-0.027624070644378662,0,18,202,252,209,25,12,12
808,11338,6388,2,0.8236395120620728,0.8407933712005615,0.01715385913848877,1,706,3,6,2,674,244,244
809,11343,3969,8,0.8677005767822266,0.8194765448570251,-0.048224031925201416,0,643,1144,1186,1159,720,878,878
810,11361,5006,3,0.930020272731781,0.9153257608413696,-0.014694511890411377,0,44,813,951,837,43,46,46
811,11404,18318,2,0.8878528475761414,0.8845354914665222,-0.0033173561096191406,0,73,320,548,343,80,78,78
812,11452,15117,5,0.9391646981239319,0.8911057710647583,-0.048058927059173584,0,426,138,214,141,390,276,276
813,11483,10718,2,0.9396530389785767,0.940576434135437,0.0009233951568603516,1,61,472,772,519,62,62,62
814,11484,3287,3,0.9532625675201416,0.9175959229469299,-0.03566664457321167,0,76,616,1066,675,78,80,80
815,11498,5026,3,0.9264758229255676,0.9227017164230347,-0.003774106502532959,0,256,532,809,566,188,221,221
816,11512,13876,2,0.9444153904914856,0.921866774559021,-0.0225486159324646,0,333,294,422,312,283,254,254
817,11528,2289,2,0.9097263216972351,0.8843739628791809,-0.0253523588180542,0,639,104,136,112,546,387,387
818,11576,8125,4,0.9313997030258179,0.9266082644462585,-0.004791438579559326,0,84,386,258,351,69,50,50
819,11598,18334,4,0.9055726528167725,0.8913259506225586,-0.014246702194213867,0,499,372,256,344,584,469,469
820,11603,1939,6,0.9384878873825073,0.870612621307373,-0.06787526607513428,0,118,862,1191,937,115,160,160
821,11629,17954,10,0.969978392124176,0.7111112475395203,-0.25886714458465576,0,48,834,628,848,41,46,46
822,11632,16103,4,0.913432776927948,0.863689124584198,-0.04974365234375,0,77,20,40,21,127,9,9
823,11646,17943,6,0.8439960479736328,0.8417066335678101,-0.002289414405822754,0,1008,44,58,44,1021,773,773
824,11656,18064,6,0.9339001178741455,0.8717994093894958,-0.06210070848464966,0,827,391,626,423,738,737,737
825,11681,18326,7,0.8916525840759277,0.8247912526130676,-0.06686133146286011,0,1172,831,676,810,1082,1080,1080
826,11704,889,2,0.9469476938247681,0.9526367783546448,0.005689084529876709,1,897,646,999,707,727,813,813
827,11722,18307,2,0.8301567435264587,0.8867178559303284,0.05656111240386963,1,800,621,291,546,756,664,664
828,11757,3718,5,0.9315963387489319,0.9117372035980225,-0.019859135150909424,0,7,152,196,150,8,1,1
829,11763,8267,1,0.8520248532295227,0.9326449036598206,0.08062005043029785,1,74,1067,1076,1095,85,121,121
830,11814,9853,2,0.879471480846405,0.9074035286903381,0.027932047843933105,1,698,510,415,494,594,546,546
831,11818,14423,3,0.8623942732810974,0.9235237836837769,0.06112951040267944,1,1034,951,363,863,971,883,883
832,11848,10233,4,0.9063310027122498,0.878610372543335,-0.027720630168914795,0,41,921,1088,959,38,50,50
833,11863,12901,3,0.8784662485122681,0.8937004208564758,0.015234172344207764,1,681,746,445,694,706,664,664
834,11874,918,2,0.8069814443588257,0.8823310136795044,0.07534956932067871,1,1052,1338,1321,1341,1084,1239,1239
835,11927,18298,4,0.9335653185844421,0.9417750835418701,0.008209764957427979,1,61,978,848,962,55,57,57
836,11931,1007,3,0.8174326419830322,0.8997982740402222,0.08236563205718994,1,1254,1241,279,1166,1274,1256,1256
837,11932,927,2,0.8712323904037476,0.9156825542449951,0.04445016384124756,1,556,726,588,706,589,596,596
838,11944,15354,6,0.903253972530365,0.8374766707420349,-0.06577730178833008,0,329,1086,1235,1117,331,461,461
839,11953,14850,4,0.9343919157981873,0.9276843667030334,-0.006707549095153809,0,167,862,887,868,150,155,155
840,11956,17407,7,0.978132426738739,0.8403586149215698,-0.1377738118171692,0,104,280,759,333,91,91,91
841,12035,3181,2,0.8377504944801331,0.8827142119407654,0.044963717460632324,1,1059,839,645,804,1111,1141,1141
842,12045,16332,7,0.906772255897522,0.8605434894561768,-0.046228766441345215,0,1017,89,106,91,1003,829,829
843,12075,18268,3,0.8952837586402893,0.8833558559417725,-0.011927902698516846,0,850,317,443,331,936,872,872
844,12091,10468,2,0.8663614988327026,0.9166051745414734,0.05024367570877075,1,1144,1209,1271,1232,1171,1270,1270
845,12099,11941,2,0.9019884467124939,0.9187765717506409,0.016788125038146973,1,26,727,852,741,46,51,51
846,12125,18273,2,0.8622090816497803,0.9491362571716309,0.08692717552185059,1,126,735,535,708,105,93,93
847,12129,16914,2,0.8661125302314758,0.8973734974861145,0.03126096725463867,1,79,726,1229,844,92,139,139
848,12137,17943,3,0.8696461915969849,0.8149883151054382,-0.05465787649154663,0,495,14,105,19,612,419,419
849,12147,6706,5,0.9478309750556946,0.8442773818969727,-0.10355359315872192,0,37,43,777,58,47,25,25
850,12195,12528,2,0.838558554649353,0.9306037425994873,0.09204518795013428,1,551,1242,715,1208,582,589,589
851,12202,18307,2,0.8262439370155334,0.887436032295227,0.061192095279693604,1,1280,965,286,838,1289,1280,1280
852,12224,9118,10,0.916259765625,0.6173664331436157,-0.2988933324813843,0,906,303,947,357,833,887,887
853,12226,18236,1,0.820873498916626,0.8531184792518616,0.032244980335235596,1,626,143,170,135,695,542,542
854,12232,1651,2,0.8920077085494995,0.944996178150177,0.05298846960067749,1,128,968,1210,1028,130,195,195
855,12265,14751,2,0.8631991744041443,0.892096757888794,0.028897583484649658,1,840,602,522,575,881,872,872
856,12270,6879,9,0.9377666711807251,0.8476006984710693,-0.09016597270965576,0,136,653,936,697,167,186,186
857,12294,15705,3,0.915802001953125,0.8636655807495117,-0.05213642120361328,0,39,173,585,216,54,52,52
858,12306,16791,4,0.914880633354187,0.8953329920768738,-0.019547641277313232,0,484,735,937,772,439,478,478
859,12314,5163,2,0.9112221598625183,0.9209784865379333,0.009756326675415039,1,535,532,464,519,498,463,463
860,12340,16791,4,0.8937584757804871,0.895906925201416,0.002148449420928955,1,644,1048,925,1051,644,721,721
861,12342,5119,2,0.9212520718574524,0.9396411180496216,0.01838904619216919,1,710,682,786,702,583,614,614
862,12355,1118,3,0.8985676169395447,0.8655511140823364,-0.03301650285720825,0,624,40,108,43,692,508,508
863,12375,13373,3,0.900441586971283,0.8921751976013184,-0.0082663893699646,0,316,505,825,539,327,343,343
864,12409,9866,3,0.9350213408470154,0.9181749224662781,-0.016846418380737305,0,307,335,536,347,256,236,236
865,12410,18307,5,0.8509958386421204,0.8382245898246765,-0.012771248817443848,0,869,530,505,522,801,755,755
866,12443,18333,2,0.8763313293457031,0.8974154591560364,0.021084129810333252,1,103,976,1260,1055,137,222,222
867,12451,9405,3,0.9224981069564819,0.9092198610305786,-0.01327824592590332,0,510,383,334,371,509,446,446
868,12455,18320,3,0.9040480852127075,0.88251131772995,-0.02153676748275757,0,971,154,162,154,1042,891,891
869,12484,18298,4,0.9656264185905457,0.9420791268348694,-0.02354729175567627,0,3,615,845,659,3,4,4
870,12498,18315,7,0.9141544103622437,0.8250459432601929,-0.08910846710205078,0,19,440,536,450,17,15,15
871,12525,18276,6,0.9014655351638794,0.8721537590026855,-0.029311776161193848,0,827,77,116,86,827,631,631
872,12526,17086,2,0.8308174014091492,0.9000987410545349,0.06928133964538574,1,966,900,630,860,865,857,857
873,12528,18287,3,0.8292473554611206,0.8440123796463013,0.014765024185180664,1,187,1286,1333,1302,168,336,336
874,12532,18307,5,0.8691136837005615,0.8380159139633179,-0.031097769737243652,0,988,532,508,523,984,944,944
875,12536,18277,2,0.8378317356109619,0.8790576457977295,0.04122591018676758,1,850,133,89,123,774,536,536
876,12538,18258,4,0.963019847869873,0.8976561427116394,-0.06536370515823364,0,22,183,592,218,20,19,19
877,12541,18334,8,0.9114605784416199,0.8350781202316284,-0.07638245820999146,0,448,345,545,360,521,484,484
878,12567,6751,2,0.8581030368804932,0.8670205473899841,0.008917510509490967,1,811,168,134,162,913,762,762
879,12604,13362,4,0.9389727711677551,0.8954914212226868,-0.04348134994506836,0,21,924,1141,972,30,37,37
880,12614,13884,3,0.9665514826774597,0.9208154082298279,-0.045736074447631836,0,298,554,1045,637,226,246,246
881,12615,10459,3,0.9187862277030945,0.8923314809799194,-0.02645474672317505,0,336,1041,1207,1079,336,441,441
882,12616,13654,4,0.9508039355278015,0.9040331840515137,-0.04677075147628784,0,96,333,927,397,84,91,91
883,12637,7962,1,0.8289912939071655,0.9379565119743347,0.10896521806716919,1,959,943,953,952,1004,1046,1046
884,12643,2881,2,0.8774739503860474,0.8346149325370789,-0.042859017848968506,0,920,5,23,6,989,658,658
885,12644,13316,3,0.970270037651062,0.9066871404647827,-0.0635828971862793,0,4,380,1234,549,3,5,5
886,12655,9233,3,0.8895690441131592,0.9081072807312012,0.018538236618041992,1,107,1161,1101,1152,121,172,172
887,12662,18195,7,0.8921833038330078,0.8484801054000854,-0.04370319843292236,0,55,740,440,683,60,58,58
888,12666,13237,2,0.9054438471794128,0.9092638492584229,0.0038200020790100098,1,488,262,320,272,512,447,447
889,12667,15439,1,0.8773725032806396,0.8473837971687317,-0.02998870611190796,0,253,61,79,60,172,105,105
890,12670,4768,2,0.9411659240722656,0.9012096524238586,-0.03995627164840698,0,9,226,780,277,10,11,11
891,12677,8479,3,0.9129045009613037,0.8918048739433289,-0.021099627017974854,0,170,1025,1200,1088,188,255,255
892,12692,14484,2,0.9424824118614197,0.9217153787612915,-0.020767033100128174,0,1182,148,288,170,1128,1061,1061
893,12733,7560,2,0.9261974692344666,0.9082019329071045,-0.01799553632736206,0,216,177,148,172,246,185,185
894,12749,18216,3,0.8374363780021667,0.8943516612052917,0.056915283203125,1,485,1271,713,1242,493,483,483
895,12760,13395,3,0.9308946132659912,0.8956378698348999,-0.03525674343109131,0,1002,113,98,106,923,690,690
896,12764,2489,5,0.9700570702552795,0.9341663122177124,-0.03589075803756714,0,1,507,539,513,1,1,1
897,12801,18307,4,0.9032511115074158,0.876612663269043,-0.026638448238372803,0,1040,258,222,247,1009,890,890
898,12811,16435,2,0.9038553833961487,0.9239233732223511,0.020067989826202393,1,406,551,540,544,476,462,462
899,12831,15705,1,0.871566116809845,0.8709156513214111,-0.0006504654884338379,0,434,413,476,417,354,332,332
900,12840,1088,9,0.911679208278656,0.8614196181297302,-0.05025959014892578,0,92,682,619,671,109,94,94
901,12853,15758,2,0.8705594539642334,0.9218071699142456,0.05124771595001221,1,33,1152,1244,1171,33,53,53
902,12866,14860,4,0.9112061858177185,0.8700509071350098,-0.04115527868270874,0,107,171,182,171,174,128,128
903,12873,17473,2,0.944778561592102,0.9012879133224487,-0.04349064826965332,0,257,262,1104,355,181,230,230
904,12874,8413,2,0.845987856388092,0.8742688894271851,0.028281033039093018,1,643,1114,1296,1157,572,746,746
905,12892,4219,2,0.9278393983840942,0.8819034695625305,-0.04593592882156372,0,67,239,934,306,70,92,92
906,12901,4128,2,0.8864197134971619,0.8917072415351868,0.005287528038024902,1,63,740,974,770,73,84,84
907,12915,9229,6,0.8826119303703308,0.8685969114303589,-0.014015018939971924,0,826,1180,1008,1160,761,846,846
908,12921,4097,3,0.9581848382949829,0.8867858648300171,-0.07139897346496582,0,2,183,579,206,2,1,1
909,12941,3276,3,0.9625282883644104,0.8713200092315674,-0.09120827913284302,0,2,23,153,33,3,2,2
910,12946,14677,2,0.8868778944015503,0.9540503621101379,0.06717246770858765,1,338,1217,1168,1215,416,541,541
911,12999,16033,2,0.9393364787101746,0.8929271101951599,-0.04640936851501465,0,63,42,181,57,63,47,47
912,13002,18252,2,0.9027661085128784,0.9196581244468689,0.01689201593399048,1,412,765,844,786,367,406,406
913,13033,17880,2,0.8420804738998413,0.8703784942626953,0.028298020362854004,1,563,108,89,99,685,489,489
914,13112,17025,4,0.8985098600387573,0.8814892172813416,-0.01702064275741577,0,556,186,123,166,602,438,438
915,13113,2817,6,0.9557182788848877,0.8712906837463379,-0.0844275951385498,0,150,233,631,278,111,118,118
916,13134,5687,2,0.9216066002845764,0.9273545742034912,0.005747973918914795,1,58,485,744,516,50,46,46
917,13145,17303,2,0.9661648273468018,0.94316565990448,-0.022999167442321777,0,59,272,524,299,55,42,42
918,13176,1081,3,0.8471980690956116,0.8585180044174194,0.011319935321807861,1,879,160,90,147,1053,809,809
919,13189,2990,3,0.879967987537384,0.9048193693161011,0.02485138177871704,1,262,470,722,504,228,229,229
920,13240,13396,2,0.9528590440750122,0.8443173766136169,-0.10854166746139526,0,1,3,7,4,1,1,1
921,13244,18051,2,0.9038280844688416,0.9226998686790466,0.018871784210205078,1,649,376,237,348,652,513,513
922,13268,16106,2,0.8751026391983032,0.8780548572540283,0.0029522180557250977,1,107,336,701,358,125,132,132
923,13303,11651,3,0.9197721481323242,0.9115158319473267,-0.008256316184997559,0,166,906,1070,951,163,211,211
924,13304,17020,2,0.8383084535598755,0.8879081010818481,0.049599647521972656,1,986,1292,1252,1293,962,1116,1116
925,13317,9299,2,0.9098873734474182,0.9391306042671204,0.02924323081970215,1,445,693,433,648,493,442,442
926,13333,18237,3,0.8495840430259705,0.842731237411499,-0.0068528056144714355,0,957,105,58,92,972,715,715
927,13342,16614,1,0.8015756607055664,0.9070308208465576,0.10545516014099121,1,403,1075,1170,1107,319,421,421
928,13358,3694,3,0.8976616263389587,0.9071466326713562,0.009485006332397461,1,1011,1000,799,969,1031,1092,1092
929,13376,9009,3,0.9125933051109314,0.9097944498062134,-0.0027988553047180176,0,788,693,656,687,737,757,757
930,13387,15195,2,0.8894473314285278,0.8949097990989685,0.005462467670440674,1,808,210,132,184,821,686,686
931,13395,4304,1,0.8357186913490295,0.9016087651252747,0.06589007377624512,1,1190,860,617,816,1075,1085,1085
932,13398,6048,2,0.913417637348175,0.9364573955535889,0.02303975820541382,1,190,764,1025,817,149,197,197
933,13399,6995,4,0.9466617703437805,0.9183662533760071,-0.028295516967773438,0,59,498,653,521,39,39,39
934,13423,15311,5,0.9760127663612366,0.8358741402626038,-0.1401386260986328,0,9,63,1236,135,5,7,7
935,13439,8476,3,0.9292014837265015,0.9050424098968506,-0.02415907382965088,0,20,280,330,285,19,17,17
936,13489,14582,6,0.8752456307411194,0.8240557312965393,-0.05118989944458008,0,343,715,885,734,299,339,339
937,13504,17545,4,0.8295692205429077,0.875508725643158,0.045939505100250244,1,749,1313,1210,1311,827,991,991
938,13518,14883,2,0.9403961896896362,0.9240727424621582,-0.016323447227478027,0,80,50,134,56,72,44,44
939,13530,7663,4,0.8725895285606384,0.8934836387634277,0.020894110202789307,1,1083,964,733,939,1051,1099,1099
940,13562,1133,5,0.9164353013038635,0.9283306002616882,0.011895298957824707,1,103,934,375,826,136,116,116
941,13623,8756,4,0.9272712469100952,0.8799221515655518,-0.04734909534454346,0,127,425,955,492,105,118,118
942,13660,9687,2,0.866434633731842,0.9057459831237793,0.039311349391937256,1,21,454,797,484,21,20,20
943,13709,2632,4,0.8649642467498779,0.871451199054718,0.006486952304840088,1,986,931,774,905,1045,1069,1069
944,13722,3359,5,0.9466179013252258,0.91769939661026,-0.02891850471496582,0,887,270,213,249,824,668,668
945,13746,14423,2,0.9297102689743042,0.925668478012085,-0.004041790962219238,0,622,378,583,418,525,512,512
946,13819,7991,4,0.7646503448486328,0.8437097668647766,0.0790594220161438,1,1256,619,105,479,1268,1180,1180
947,13883,18246,2,0.8584809303283691,0.8945639133453369,0.03608298301696777,1,808,834,992,878,804,908,908
948,13886,18209,3,0.9252241849899292,0.9049453735351562,-0.02027881145477295,0,215,549,887,593,187,213,213
949,13910,5037,2,0.9104219079017639,0.9399285912513733,0.029506683349609375,1,705,1036,1130,1073,662,766,766
950,13934,1304,10,0.9006602168083191,0.684782862663269,-0.21587735414505005,0,565,1220,830,1249,488,567,567
951,13935,17714,10,0.9358711838722229,0.670518159866333,-0.2653530240058899,0,23,171,392,137,28,23,23
952,13944,5765,2,0.9078197479248047,0.9239919185638428,0.016172170639038086,1,872,524,633,530,791,783,783
953,14048,13369,2,0.9509445428848267,0.9338747262954712,-0.01706981658935547,0,4,622,1149,703,4,9,9
954,14054,7500,2,0.9332759380340576,0.9521327614784241,0.018856823444366455,1,99,568,924,620,94,111,111
955,14090,17285,2,0.8625311851501465,0.8753985166549683,0.012867331504821777,1,243,1296,1339,1315,196,406,406
956,14136,15413,3,0.9081392884254456,0.8992165327072144,-0.008922755718231201,0,199,1158,1202,1174,161,224,224
957,14204,10536,1,0.85359787940979,0.7936592698097229,-0.05993860960006714,0,1297,31,52,30,1315,1250,1250
958,14251,14934,2,0.9396020174026489,0.9272029399871826,-0.012399077415466309,0,384,257,438,284,324,275,275
959,14254,18305,2,0.9632714986801147,0.9641003608703613,0.000828862190246582,1,5,602,1028,666,7,12,12
960,14270,17756,2,0.90950608253479,0.9334716796875,0.02396559715270996,1,646,1229,1275,1241,538,672,672
961,14273,17385,3,0.9564255475997925,0.9012246131896973,-0.055200934410095215,0,68,193,954,282,62,53,53
962,14296,1706,2,0.9239339232444763,0.9109751582145691,-0.012958765029907227,0,13,549,1223,647,11,13,13
963,14331,18139,3,0.9697195887565613,0.894048273563385,-0.07567131519317627,0,1,61,370,77,1,1,1
964,14342,16123,3,0.8826250433921814,0.9120546579360962,0.029429614543914795,1,1072,1243,1178,1236,971,1118,1118
965,14347,5895,2,0.8807271718978882,0.9134505391120911,0.03272336721420288,1,1135,916,678,892,1141,1174,1174
966,14366,5425,6,0.9343482255935669,0.9031949639320374,-0.03115326166152954,0,242,299,424,300,239,193,193
967,14393,1551,3,0.9427459836006165,0.903006374835968,-0.03973960876464844,0,39,237,522,271,37,35,35
968,14404,9606,7,0.9422877430915833,0.8794819712638855,-0.06280577182769775,0,682,330,269,308,673,581,581
969,14438,12047,6,0.9098153710365295,0.8813061118125916,-0.02850925922393799,0,111,232,257,228,114,89,89
970,14454,5605,4,0.9401907920837402,0.8796353936195374,-0.06055539846420288,0,149,929,1315,1047,126,187,187
971,14468,17235,6,0.8979877233505249,0.8857729434967041,-0.0122147798538208,0,1140,537,351,495,1133,1091,1091
972,14479,11554,3,0.9339705109596252,0.9048003554344177,-0.02917015552520752,0,85,97,329,116,81,58,58
973,14594,18208,3,0.9677488803863525,0.9241588115692139,-0.04359006881713867,0,64,430,797,474,60,45,45
974,14625,6599,4,0.8810029625892639,0.9145108461380005,0.03350788354873657,1,767,508,229,461,776,675,675
975,14674,17616,1,0.8555600643157959,0.856230616569519,0.0006705522537231445,1,110,413,529,423,94,77,77
976,14682,16270,5,0.9189988970756531,0.8956776857376099,-0.023321211338043213,0,743,512,414,497,648,591,591
977,14683,5968,2,0.8826318979263306,0.9152346849441528,0.032602787017822266,1,658,727,746,733,561,589,589
978,14694,8301,3,0.9037520885467529,0.899285614490509,-0.0044664740562438965,0,760,714,636,699,769,791,791
979,14714,18274,9,0.9101409912109375,0.806268036365509,-0.10387295484542847,0,17,1043,1250,1084,17,22,22
980,14732,17177,2,0.8281579613685608,0.8585459589958191,0.0303879976272583,1,663,846,1067,894,585,687,687
981,14738,18148,2,0.916167140007019,0.9226371049880981,0.0064699649810791016,1,62,309,341,308,67,59,59
982,14742,8972,2,0.9613738656044006,0.9280248880386353,-0.03334897756576538,0,2,146,215,159,1,1,1
983,14749,12497,2,0.8909492492675781,0.9245195984840393,0.03357034921646118,1,155,259,118,209,156,100,100
984,14772,17586,2,0.8792275190353394,0.8538386821746826,-0.02538883686065674,0,568,22,44,22,630,371,371
985,14786,18232,3,0.905263364315033,0.9088978171348572,0.0036344528198242188,1,971,1166,1175,1193,931,1067,1067
986,14787,17086,4,0.8689239621162415,0.8700259327888489,0.0011019706726074219,1,675,715,716,708,646,690,690
987,14790,7329,2,0.8808722496032715,0.921671986579895,0.040799736976623535,1,91,587,441,552,82,69,69
988,14791,11551,2,0.8669341802597046,0.9488126635551453,0.08187848329544067,1,186,1221,1135,1209,166,225,225
989,14800,17699,2,0.9576680064201355,0.8951795101165771,-0.06248849630355835,0,1074,47,82,47,1007,768,768
990,14804,6369,4,0.8968925476074219,0.9258469939231873,0.02895444631576538,1,1020,1048,403,958,1066,1043,1043
991,14852,18279,3,0.8341604471206665,0.8596163988113403,0.025455951690673828,1,479,266,118,237,485,335,335
992,14876,16200,3,0.9355401396751404,0.9087537527084351,-0.026786386966705322,0,64,753,1141,826,54,72,72
993,14899,18218,5,0.8765335083007812,0.8444715142250061,-0.032061994075775146,0,928,955,1088,982,964,1037,1037
994,14929,2083,2,0.9273150563240051,0.9568294882774353,0.029514431953430176,1,171,1155,1084,1151,167,208,208
995,14934,1280,2,0.8938721418380737,0.8854446411132812,-0.00842750072479248,0,179,56,157,62,172,104,104
996,14959,11567,4,0.9385107159614563,0.8966031670570374,-0.041907548904418945,0,195,225,348,231,186,140,140
997,14994,7324,4,0.9005587697029114,0.8484162092208862,-0.052142560482025146,0,506,28,81,31,398,206,206
998,15000,15269,2,0.914368748664856,0.9302349090576172,0.01586616039276123,1,112,767,791,766,93,109,109
999,15038,18280,3,0.8729358911514282,0.8607553243637085,-0.012180566787719727,0,730,70,69,68,676,449,449
1000,15046,10128,5,0.948468804359436,0.8462709188461304,-0.10219788551330566,0,83,155,575,189,89,82,82
1001,15048,7797,2,0.8363028168678284,0.8770022392272949,0.04069942235946655,1,934,102,77,90,946,686,686
1002,15103,2139,2,0.9189415574073792,0.9356902837753296,0.01674872636795044,1,329,509,691,537,267,291,291
1003,15124,12508,8,0.8856605887413025,0.8488776087760925,-0.03678297996520996,0,24,1077,860,1048,29,37,37
1004,15154,15349,2,0.8961727023124695,0.8289337158203125,-0.06723898649215698,0,20,3,14,4,30,7,7
1005,15157,13506,1,0.7558080554008484,0.9478274583816528,0.19201940298080444,1,1236,1268,762,1269,1224,1250,1250
1006,15193,18349,4,0.8911186456680298,0.8739576935768127,-0.01716095209121704,0,1292,631,764,658,1286,1305,1305
1007,15200,13419,1,0.9265328645706177,0.9568461179733276,0.03031325340270996,1,102,1021,1274,1085,99,146,146
1008,15213,1313,2,0.8725085258483887,0.8462331891059875,-0.026275336742401123,0,1284,17,15,14,1273,1036,1036
1009,15225,4530,3,0.9186254739761353,0.9023385047912598,-0.01628696918487549,0,549,811,874,818,496,524,524
1010,15236,9572,3,0.8113479614257812,0.8014715313911438,-0.009876430034637451,0,1139,9,4,7,1188,916,916
1011,15280,5574,3,0.9611098766326904,0.8955082893371582,-0.06560158729553223,0,165,399,1146,507,126,150,150
1012,15285,3496,4,0.8626435995101929,0.8773518800735474,0.014708280563354492,1,886,1240,955,1219,866,962,962
1013,15301,15305,3,0.9112412929534912,0.9092913866043091,-0.001949906349182129,0,338,679,640,677,354,346,346
1014,15302,11494,2,0.9110103845596313,0.9101659655570984,-0.000844419002532959,0,2,186,229,183,2,2,2
1015,15317,17194,4,0.8947034478187561,0.9022829532623291,0.007579505443572998,1,36,1063,908,1044,41,42,42
1016,15344,12651,3,0.9447503089904785,0.9206854701042175,-0.024064838886260986,0,5,829,1009,858,5,6,6
1017,15355,18307,2,0.8971565365791321,0.8864759802818298,-0.010680556297302246,0,99,263,289,264,85,67,67
1018,15364,1616,2,0.8864075541496277,0.9061363339424133,0.019728779792785645,1,116,842,902,856,133,155,155
1019,15390,1344,2,0.8378901481628418,0.9150583148002625,0.07716816663742065,1,197,1319,1306,1316,262,426,426
1020,15400,18079,2,0.8643723726272583,0.9114286303520203,0.04705625772476196,1,721,1043,677,1002,799,824,824
1021,15435,2184,3,0.8578897714614868,0.8577955961227417,-9.417533874511719e-05,0,488,448,570,451,502,497,497
1022,15459,14632,5,0.9542970061302185,0.8808971643447876,-0.07339984178543091,0,23,51,290,65,23,19,19
1023,15466,16243,4,0.9025363922119141,0.9099727272987366,0.00743633508682251,1,496,1022,821,999,539,568,568
1024,15479,17262,6,0.9042753577232361,0.901878833770752,-0.002396523952484131,0,1237,63,40,54,1270,1172,1172
1025,15499,16628,2,0.9086551070213318,0.9420908093452454,0.033435702323913574,1,211,749,795,762,158,204,204
1026,15510,5032,2,0.9465628266334534,0.931135356426239,-0.015427470207214355,0,3,71,628,98,3,2,2
1027,15532,7551,1,0.8825101256370544,0.9113720655441284,0.028861939907073975,1,405,443,657,476,507,494,494
1028,15543,12564,2,0.8985270261764526,0.8648760318756104,-0.033650994300842285,0,329,131,243,143,396,303,303
1029,15546,4997,4,0.896504282951355,0.9124086499214172,0.015904366970062256,1,1120,620,296,549,1092,1047,1047
1030,15558,17998,2,0.9089109301567078,0.9366912245750427,0.02778029441833496,1,969,542,549,541,879,854,854
1031,15572,8902,1,0.8495861291885376,0.8788809180259705,0.02929478883743286,1,29,65,222,62,37,29,29
1032,15614,18325,4,0.9040187001228333,0.8965286016464233,-0.007490098476409912,0,146,1137,1128,1133,143,191,191
1033,15621,12104,2,0.899506151676178,0.9271575212478638,0.02765136957168579,1,546,522,835,577,447,503,503
1034,15682,15312,6,0.9489011168479919,0.9097480773925781,-0.03915303945541382,0,5,20,55,22,6,5,5
1035,15690,14153,3,0.8698766231536865,0.8836044073104858,0.013727784156799316,1,324,1133,952,1108,250,280,280
1036,15717,2276,7,0.9363557696342468,0.7857891917228699,-0.15056657791137695,0,22,1177,1268,1210,24,32,32
1037,15728,9034,3,0.8795257210731506,0.8915796875953674,0.012053966522216797,1,151,1206,1258,1223,175,284,284
1038,15761,14153,2,0.7826553583145142,0.9073700904846191,0.12471473217010498,1,356,1089,927,1095,329,378,378
1039,15772,5739,3,0.801724374294281,0.825768768787384,0.024044394493103027,1,701,1340,1342,1342,615,993,993
1040,15795,6325,2,0.8466122150421143,0.9210713505744934,0.07445913553237915,1,849,469,196,408,832,706,706
1041,15806,6163,10,0.934721827507019,0.6372337937355042,-0.2974880337715149,0,2,343,756,352,1,1,1
1042,15808,7479,8,0.9087026715278625,0.8913826942443848,-0.017319977283477783,0,271,928,508,853,236,215,215
1043,15822,15536,1,0.8862302899360657,0.9299626350402832,0.04373234510421753,1,617,688,595,676,780,785,785
1044,15823,17696,2,0.870960533618927,0.8849474787712097,0.013986945152282715,1,1252,91,73,81,1283,1195,1195
1045,15827,7000,4,0.9341602325439453,0.8949230909347534,-0.039237141609191895,0,15,255,429,276,19,17,17
1046,15855,10828,2,0.883295476436615,0.9012321829795837,0.01793670654296875,1,355,251,211,242,350,274,274
1047,15864,3614,3,0.8605471849441528,0.8729380369186401,0.012390851974487305,1,332,497,244,435,374,300,300
1048,15912,2093,3,0.9688773155212402,0.9353685975074768,-0.03350871801376343,0,10,311,563,342,8,6,6
1049,15935,11500,2,0.9121688604354858,0.928342342376709,0.016173481941223145,1,217,879,1061,914,205,260,260
1050,15971,13943,2,0.9231252670288086,0.9470640420913696,0.023938775062561035,1,754,461,416,435,771,719,719
1051,15981,6327,4,0.9192075729370117,0.9363308548927307,0.017123281955718994,1,385,675,440,633,326,274,274
1052,15985,17264,3,0.8616159558296204,0.8978479504585266,0.03623199462890625,1,944,1152,1066,1144,928,1020,1020
1053,16030,4158,4,0.8850316405296326,0.8489673137664795,-0.036064326763153076,0,1172,352,670,390,1172,1212,1212
1054,16054,8999,2,0.8736489415168762,0.9354379773139954,0.06178903579711914,1,595,1286,1227,1292,665,877,877
1055,16055,3747,2,0.8873056173324585,0.9145160913467407,0.027210474014282227,1,1073,632,648,626,1091,1108,1108
1056,16085,17824,6,0.9402986764907837,0.9197852611541748,-0.020513415336608887,0,451,611,504,595,399,389,389
1057,16099,3541,2,0.8959885835647583,0.9090851545333862,0.01309657096862793,1,771,348,409,355,822,745,745
1058,16105,14565,5,0.9168381094932556,0.8791897296905518,-0.03764837980270386,0,8,445,566,467,9,9,9
1059,16174,18098,3,0.8991900086402893,0.8803881406784058,-0.018801867961883545,0,364,516,675,536,311,302,302
1060,16205,17886,2,0.9424003958702087,0.9207320809364319,-0.021668314933776855,0,107,281,524,300,92,66,66
1061,16220,14565,1,0.8268002271652222,0.9027149677276611,0.07591474056243896,1,573,929,479,861,524,493,493
1062,16288,18195,2,0.8770895004272461,0.906739354133606,0.029649853706359863,1,479,576,721,596,462,496,496
1063,16325,16394,5,0.8822662234306335,0.881851315498352,-0.00041490793228149414,0,1283,1164,1082,1152,1283,1313,1313
1064,16411,10478,2,0.9281231760978699,0.8983328938484192,-0.029790282249450684,0,123,209,986,265,115,135,135
1065,16421,1739,3,0.9058905243873596,0.8877925276756287,-0.018097996711730957,0,451,565,682,580,437,474,474
1066,16433,2198,2,0.8913046717643738,0.9155226945877075,0.02421802282333374,1,731,490,507,489,791,769,769
1067,16449,10682,3,0.9425763487815857,0.9133759140968323,-0.029200434684753418,0,267,180,199,181,370,230,230
1068,16472,5992,2,0.9173035025596619,0.9245396852493286,0.007236182689666748,1,386,234,297,239,400,314,314
1069,16499,15640,2,0.8644946217536926,0.9024602174758911,0.037965595722198486,1,1046,1173,1090,1174,1026,1136,1136
1070,16501,11986,4,0.9408309459686279,0.9221084117889404,-0.0187225341796875,0,209,112,139,116,191,103,103
1071,16533,11467,1,0.9263483285903931,0.8733495473861694,-0.05299878120422363,0,1,104,435,144,1,1,1
1072,16535,6848,2,0.9314754009246826,0.9376500844955444,0.006174683570861816,1,58,346,329,341,74,54,54
1073,16544,17149,2,0.9010453224182129,0.9300549626350403,0.029009640216827393,1,217,1026,1046,1033,229,288,288
1074,16548,1486,3,0.9232346415519714,0.9120835661888123,-0.01115107536315918,0,341,705,725,705,328,323,323
1075,16554,16707,2,0.9228200912475586,0.9240716695785522,0.0012515783309936523,1,151,487,904,546,111,135,135
1076,16636,9949,2,0.9405741691589355,0.9146402478218079,-0.025933921337127686,0,82,141,369,162,78,60,60
1077,16666,18185,5,0.9143821001052856,0.8542296290397644,-0.06015247106552124,0,716,866,1056,899,762,894,894
1078,16672,11904,3,0.9420216083526611,0.9332268238067627,-0.008794784545898438,0,112,912,973,930,103,111,111
1079,16675,18072,2,0.9192891716957092,0.8770332336425781,-0.042255938053131104,0,1178,50,49,46,1222,1021,1021
1080,16718,18309,3,0.8685810565948486,0.9057918190956116,0.03721076250076294,1,791,229,261,216,755,636,636
1081,16746,17960,1,0.8396347165107727,0.8809763193130493,0.04134160280227661,1,622,500,315,473,584,499,499
1082,16750,13181,2,0.9715304374694824,0.9207348823547363,-0.050795555114746094,0,18,244,1095,345,16,14,14
1083,16843,18014,2,0.9240195155143738,0.9443725943565369,0.020353078842163086,1,562,474,505,472,503,444,444
1084,16850,14407,8,0.9473971724510193,0.8966071009635925,-0.05079007148742676,0,836,225,173,200,771,624,624
1085,16851,13782,2,0.9240476489067078,0.9199623465538025,-0.0040853023529052734,0,11,567,1077,635,11,13,13
1086,16869,1529,2,0.9073746204376221,0.9221702814102173,0.014795660972595215,1,521,735,868,759,503,543,543
1087,16876,15991,3,0.8805798888206482,0.8891819715499878,0.0086020827293396,1,603,983,1173,1027,534,690,690
1088,16919,18330,3,0.9568039178848267,0.9208598136901855,-0.03594410419464111,0,35,225,857,298,31,23,23
1089,16920,17940,2,0.9451611042022705,0.930469810962677,-0.014691293239593506,0,230,73,385,94,208,148,148
1090,16923,17090,5,0.8853990435600281,0.8491186499595642,-0.03628039360046387,0,166,1280,1278,1286,135,230,230
1091,16956,18335,3,0.9203372597694397,0.9273126125335693,0.006975352764129639,1,151,969,965,975,149,160,160
1092,16974,16799,2,0.9588953852653503,0.941742479801178,-0.017152905464172363,0,122,657,1078,715,99,128,128
1093,16980,10153,3,0.9323354363441467,0.8947402834892273,-0.037595152854919434,0,27,708,1031,764,16,26,26
1094,17008,17099,3,0.9126604199409485,0.9175575375556946,0.004897117614746094,1,507,608,393,562,501,409,409
1095,17020,8139,4,0.9068403840065002,0.8933730721473694,-0.01346731185913086,0,40,818,892,833,44,44,44
1096,17026,16018,2,0.866055428981781,0.9178603887557983,0.051804959774017334,1,468,1122,1106,1136,436,560,560
1097,17047,14207,3,0.8931952118873596,0.8731623291969299,-0.020032882690429688,0,397,72,54,64,384,267,267
1098,17057,10204,2,0.8919353485107422,0.9326042532920837,0.04066890478134155,1,338,945,1010,959,278,331,331
1099,17060,18307,5,0.859387218952179,0.8383016586303711,-0.02108556032180786,0,1132,553,503,532,1021,975,975
1100,17071,1553,2,0.9138280153274536,0.9138590693473816,3.1054019927978516e-05,1,838,316,469,334,861,824,824
1101,17087,9450,5,0.9183930158615112,0.8886425495147705,-0.029750466346740723,0,419,289,243,281,460,400,400
1102,17101,2093,9,0.9521875381469727,0.8749087452888489,-0.07727879285812378,0,17,573,763,605,14,17,17
1103,17121,16953,5,0.9198858737945557,0.8739980459213257,-0.04588782787322998,0,513,80,269,93,471,364,364
1104,17124,10673,2,0.935165524482727,0.9521324038505554,0.01696687936782837,1,164,1112,1242,1147,153,221,221
1105,17152,17085,2,0.8734273910522461,0.91018146276474,0.036754071712493896,1,327,749,740,747,359,385,385
1106,17183,17209,3,0.9328461289405823,0.9296045899391174,-0.0032415390014648438,0,1217,582,366,535,1196,1179,1179
1107,17202,13844,5,0.9427928328514099,0.8766117095947266,-0.06618112325668335,0,164,85,164,87,130,75,75
1108,17212,6427,3,0.8430920243263245,0.7881316542625427,-0.05496037006378174,0,1078,1,1,1,1033,530,530
1109,17220,3558,1,0.8458909392356873,0.9205227494239807,0.07463181018829346,1,131,460,880,509,118,144,144
1110,17224,15436,4,0.9089511632919312,0.8791553974151611,-0.02979576587677002,0,524,923,1117,967,461,557,557
1111,17267,17891,2,0.9105095267295837,0.9288394451141357,0.018329918384552002,1,979,653,669,661,992,999,999
1112,17276,12421,2,0.9076875448226929,0.9270117878913879,0.01932424306869507,1,254,547,584,545,203,202,202
1113,17300,15345,4,0.9380833506584167,0.8895875811576843,-0.04849576950073242,0,546,119,280,137,468,355,355
1114,17372,1600,2,0.8924530744552612,0.9199076890945435,0.027454614639282227,1,796,388,234,343,874,743,743
1115,17457,11561,2,0.8883112668991089,0.9416582584381104,0.053346991539001465,1,510,741,962,768,357,410,410
1116,17495,13746,4,0.9110011458396912,0.9168590903282166,0.005857944488525391,1,266,1209,999,1183,255,304,304
1117,17519,7728,2,0.9014521837234497,0.8943005204200745,-0.007151663303375244,0,61,259,357,264,54,49,49
1118,17524,5858,2,0.8545371890068054,0.8764190673828125,0.02188187837600708,1,767,1083,1113,1101,812,916,916
1119,17598,12390,2,0.8299777507781982,0.8829102516174316,0.0529325008392334,1,496,1120,1130,1125,408,504,504
1120,17631,16332,2,0.8923100233078003,0.8905411958694458,-0.0017688274383544922,0,1217,163,83,142,1173,1003,1003
1121,17671,18277,2,0.770387589931488,0.8794271349906921,0.1090395450592041,1,973,520,89,401,954,743,743
1122,17672,17085,3,0.9043182730674744,0.8827536702156067,-0.021564602851867676,0,299,706,866,729,379,442,442
1123,17673,18277,4,0.8394104838371277,0.8749784827232361,0.0355679988861084,1,1006,250,75,201,972,751,751
1124,17677,18232,4,0.9225148558616638,0.9093784093856812,-0.013136446475982666,0,461,1031,1094,1045,489,613,613
1125,17682,17566,3,0.8712259531021118,0.9040351510047913,0.03280919790267944,1,124,1233,1155,1224,123,186,186
1126,17684,18307,2,0.8786957859992981,0.8875414133071899,0.008845627307891846,1,1030,317,287,308,1040,998,998
1127,17687,18334,2,0.8471801280975342,0.9091758131980896,0.06199568510055542,1,643,499,262,449,571,476,476
1128,17726,14458,4,0.943730890750885,0.8711593747138977,-0.0725715160369873,0,469,47,143,57,387,259,259
1129,17759,6715,7,0.8938983678817749,0.7926040887832642,-0.10129427909851074,0,1166,231,406,250,1192,1162,1162
1130,17762,14127,3,0.9116542935371399,0.9206129312515259,0.008958637714385986,1,1246,1169,1023,1157,1261,1300,1300
1131,17766,12513,4,0.9171692132949829,0.9134809374809265,-0.0036882758140563965,0,151,785,739,787,128,144,144
1132,17802,15592,3,0.9520696401596069,0.8936309814453125,-0.058438658714294434,0,910,44,83,49,727,512,512
1133,17838,2113,2,0.7697060704231262,0.838016152381897,0.06831008195877075,1,1303,1323,1116,1319,1309,1336,1336
1134,17873,12848,2,0.9551205039024353,0.9370666146278381,-0.018053889274597168,0,121,323,582,355,124,121,121
1135,17893,1670,2,0.846356987953186,0.9154397249221802,0.06908273696899414,1,524,1219,1099,1206,621,732,732
1136,17953,17564,1,0.8270847797393799,0.8946154713630676,0.06753069162368774,1,670,755,568,735,643,631,631
1137,17991,2971,2,0.8870669007301331,0.9344082474708557,0.047341346740722656,1,506,1009,644,970,474,459,459
1138,17995,16729,2,0.9144566059112549,0.951079785823822,0.03662317991256714,1,317,856,919,880,338,378,378
1139,18018,1690,3,0.9055907726287842,0.8907486200332642,-0.01484215259552002,0,2,709,1065,771,8,5,5
1140,18024,13448,4,0.919468343257904,0.902047872543335,-0.017420470714569092,0,744,849,1078,908,700,813,813
1141,18025,14224,3,0.9526963829994202,0.8922739028930664,-0.06042248010635376,0,79,179,450,203,69,60,60
1142,18031,2858,5,0.929840087890625,0.8859591484069824,-0.04388093948364258,0,463,450,558,445,437,397,397
1143,18039,15079,2,0.9433515667915344,0.9203097224235535,-0.023041844367980957,0,40,391,1123,490,41,51,51
1144,18047,14827,2,0.8691067695617676,0.8828243613243103,0.013717591762542725,1,956,859,963,883,914,996,996
1145,18057,3421,4,0.9143235087394714,0.9335518479347229,0.019228339195251465,1,419,858,643,827,442,438,438
1146,18064,1696,2,0.9680043458938599,0.926635205745697,-0.04136914014816284,0,18,260,793,319,24,19,19
1147,18077,18315,2,0.817242443561554,0.9064009785652161,0.08915853500366211,1,32,1147,531,1082,38,32,32
1148,18125,12726,2,0.8775319457054138,0.9052429795265198,0.027711033821105957,1,916,1129,1102,1129,876,994,994
1149,18177,15989,2,0.9602515697479248,0.9253754019737244,-0.03487616777420044,0,34,569,1194,677,35,58,58
1150,18224,1800,2,0.8791062235832214,0.9068158268928528,0.027709603309631348,1,372,135,85,121,316,184,184
1151,18236,16635,3,0.9322588443756104,0.8923692107200623,-0.039889633655548096,0,18,550,830,593,19,24,24
1152,18246,10517,2,0.9385433793067932,0.8923428654670715,-0.04620051383972168,0,268,44,260,56,267,176,176
1153,18247,18064,1,0.8129393458366394,0.890679657459259,0.07774031162261963,1,1156,1127,795,1098,1206,1244,1244
1154,18341,17227,2,0.8488874435424805,0.9202897548675537,0.07140231132507324,1,1088,1319,1308,1319,1059,1200,1200
1155,18343,4770,4,0.9064459204673767,0.889432966709137,-0.017012953758239746,0,21,757,742,754,29,25,25
1156,18350,10576,2,0.9470968842506409,0.9154624938964844,-0.031634390354156494,0,4,438,1083,533,4,3,3
1157,18365,6783,2,0.9264630675315857,0.9390596151351929,0.012596547603607178,1,190,713,1068,786,173,207,207
1158,18395,7385,2,0.8875094056129456,0.8928192257881165,0.0053098201751708984,1,1109,220,175,208,1154,1057,1057
1159,18461,5369,2,0.9664249420166016,0.9448078274726868,-0.021617114543914795,0,18,151,482,196,13,13,13
1160,18470,17742,1,0.8690821528434753,0.9486801624298096,0.07959800958633423,1,826,958,573,909,829,809,809
1161,18593,12414,2,0.925894558429718,0.9118455052375793,-0.014049053192138672,0,280,146,145,144,321,221,221
1162,18602,17453,3,0.9226385354995728,0.8983981609344482,-0.02424037456512451,0,48,559,803,595,45,50,50
1163,18645,5465,2,0.9025360345840454,0.9478266835212708,0.04529064893722534,1,350,1033,1227,1075,264,384,384
1164,18685,14450,2,0.9256871938705444,0.9169012308120728,-0.00878596305847168,0,1021,158,187,152,954,780,780
1165,18703,15523,2,0.9118064641952515,0.9243951439857483,0.012588679790496826,1,840,317,231,302,755,686,686
1166,18711,6350,4,0.8869202136993408,0.8884131908416748,0.0014929771423339844,1,339,163,167,163,322,228,228
1167,18712,7664,2,0.886066198348999,0.9557352662086487,0.06966906785964966,1,1061,780,429,716,1084,1055,1055
1168,18724,2743,3,0.9088048934936523,0.8822323083877563,-0.026572585105895996,0,394,204,328,212,309,246,246
1169,18778,10204,3,0.899113118648529,0.9250812530517578,0.02596813440322876,1,55,1113,761,1084,59,62,62
1170,18792,17714,3,0.9344700574874878,0.9174383282661438,-0.017031729221343994,0,771,335,284,324,642,544,544
1171,18845,3209,1,0.8560227155685425,0.8960668444633484,0.04004412889480591,1,1207,1108,820,1095,1159,1197,1197
1172,19003,10422,2,0.86127108335495,0.8819341063499451,0.020663022994995117,1,718,90,43,82,735,505,505
1173,19089,5555,2,0.8981826305389404,0.9358375668525696,0.03765493631362915,1,207,1144,1155,1151,212,273,273
1174,19112,1884,3,0.8701844215393066,0.8965449929237366,0.02636057138442993,1,964,872,537,806,890,864,864
1175,19133,18326,1,0.9352606534957886,0.9040666222572327,-0.031194031238555908,0,602,146,605,183,538,512,512
1176,19139,18112,1,0.8263310194015503,0.8791437149047852,0.05281269550323486,1,1226,279,149,242,1221,1165,1165
1177,19140,1866,2,0.9200553894042969,0.8955549597740173,-0.02450042963027954,0,526,43,41,42,574,357,357
1178,19156,17724,3,0.8731000423431396,0.8588724732398987,-0.014227569103240967,0,166,643,1027,697,218,255,255
1179,19182,17521,3,0.9637729525566101,0.920848548412323,-0.04292440414428711,0,1,105,459,135,1,1,1
1180,19205,14676,3,0.9715874195098877,0.8914275169372559,-0.08015990257263184,0,293,48,108,53,269,130,130
1181,19224,9447,4,0.878065824508667,0.8625844120979309,-0.015481412410736084,0,99,834,931,856,95,112,112
1182,19257,12210,3,0.8988723158836365,0.8366696238517761,-0.06220269203186035,0,38,274,1045,354,44,41,41
1183,19262,18150,3,0.8922948837280273,0.8996497988700867,0.007354915142059326,1,679,911,1073,955,635,758,758
1184,19263,11705,1,0.8586825728416443,0.902409553527832,0.043726980686187744,1,162,689,1293,840,180,267,267
1185,19276,1885,4,0.9391142129898071,0.8964416980743408,-0.04267251491546631,0,45,1047,1246,1111,39,61,61
1186,19311,5602,1,0.8443071246147156,0.8936924338340759,0.04938530921936035,1,504,747,1065,805,528,631,631
1187,19318,18209,4,0.9287041425704956,0.9126539826393127,-0.01605015993118286,0,295,698,683,707,251,251,251
1188,19354,6295,7,0.9382822513580322,0.8115014433860779,-0.12678080797195435,0,101,892,1110,942,82,97,97
1189,19377,16132,2,0.905194103717804,0.9312875270843506,0.02609342336654663,1,337,434,401,404,329,296,296
1190,19408,4834,2,0.9194393157958984,0.9372740387916565,0.017834722995758057,1,178,533,684,556,165,196,196
1191,19415,17473,2,0.9507553577423096,0.9012917876243591,-0.04946357011795044,0,33,131,1100,204,37,39,39
1192,19484,18261,5,0.8412503004074097,0.9232478737831116,0.0819975733757019,1,1178,1307,333,1261,1148,1090,1090
1193,19490,18023,3,0.9013293981552124,0.8907091617584229,-0.01062023639678955,0,246,667,755,681,214,228,228
1194,19525,12093,2,0.8673407435417175,0.9045036435127258,0.0371628999710083,1,752,870,538,812,919,929,929
1195,19541,18305,2,0.9644772410392761,0.9640617370605469,-0.00041550397872924805,0,184,828,1030,871,158,192,192
1196,19575,2062,3,0.8284696936607361,0.8572083711624146,0.028738677501678467,1,563,1340,1311,1340,600,851,851
1197,19634,9633,2,0.844795286655426,0.910195529460907,0.06540024280548096,1,769,495,224,433,806,711,711
1198,19663,15607,2,0.9504963755607605,0.9026899933815002,-0.047806382179260254,0,13,116,970,175,15,17,17
1199,19683,7946,2,0.909487247467041,0.8993008732795715,-0.010186374187469482,0,148,1069,1330,1165,136,265,265
1200,19720,9142,2,0.8561668395996094,0.8982465863227844,0.04207974672317505,1,522,1147,983,1137,473,560,560
1201,19732,18337,2,0.8959919214248657,0.8974539041519165,0.0014619827270507812,1,98,532,689,551,100,105,105
1202,19854,15569,2,0.9512097239494324,0.9124851226806641,-0.03872460126876831,0,8,214,716,261,9,9,9
1203,19858,15500,2,0.9516724944114685,0.9616798162460327,0.010007321834564209,1,117,708,693,700,116,113,113
1204,19859,6979,3,0.9437223672866821,0.9192039966583252,-0.024518370628356934,0,18,295,409,299,14,16,16
1205,19896,9866,3,0.9182124733924866,0.9180136919021606,-0.00019878149032592773,0,682,520,546,511,660,626,626
1206,19919,5686,4,0.9233564734458923,0.8539924025535583,-0.06936407089233398,0,78,18,90,22,75,47,47
1207,19943,15782,1,0.9434527158737183,0.8851531744003296,-0.05829954147338867,0,31,135,1109,213,29,29,29
1208,19947,17227,2,0.8612890243530273,0.920154869556427,0.05886584520339966,1,1049,1288,1309,1293,938,1138,1138
1209,19948,18307,8,0.8631926774978638,0.8514828085899353,-0.011709868907928467,0,1260,548,214,462,1216,1155,1155
1210,19983,17075,6,0.9352478384971619,0.893319308757782,-0.04192852973937988,0,59,629,881,661,54,53,53
1211,20033,2029,4,0.9628934860229492,0.8762254118919373,-0.08666807413101196,0,5,119,646,157,4,3,3
1212,20038,18315,3,0.9139647483825684,0.8919057250022888,-0.02205902338027954,0,3,308,467,322,3,3,3
1213,20043,6335,2,0.9293859004974365,0.9438006281852722,0.014414727687835693,1,78,628,652,630,72,68,68
1214,20047,2030,2,0.866204559803009,0.8817111849784851,0.015506625175476074,1,728,224,206,216,842,698,698
1215,20051,18307,10,0.8441596031188965,0.5816497802734375,-0.262509822845459,0,1337,795,1089,920,1335,1336,1336
1216,20056,6970,3,0.8887926340103149,0.8855417966842651,-0.0032508373260498047,0,1023,609,765,632,924,983,983
1217,20075,16720,2,0.8048932552337646,0.927539587020874,0.12264633178710938,1,1093,1277,1183,1268,1057,1198,1198
1218,20085,8761,3,0.9073268175125122,0.9037896394729614,-0.0035371780395507812,0,230,253,488,267,205,171,171
1219,20106,13980,2,0.9411801099777222,0.9264016151428223,-0.014778494834899902,0,828,181,256,186,808,728,728
1220,20107,15253,2,0.9185792207717896,0.9113854169845581,-0.007193803787231445,0,213,109,123,110,189,119,119
1221,20166,2045,4,0.9523615837097168,0.8942363858222961,-0.058125197887420654,0,3,88,316,104,1,2,2
1222,20186,11187,3,0.8215327858924866,0.8618923425674438,0.040359556674957275,1,499,902,667,872,467,471,471
1223,20190,10107,2,0.8954620957374573,0.91371089220047,0.018248796463012695,1,87,698,748,704,122,110,110
1224,20217,17523,3,0.9065439701080322,0.9242556691169739,0.01771169900894165,1,563,604,358,558,577,495,495
1225,20219,18195,10,0.9233919382095337,0.6659616231918335,-0.2574303150177002,0,66,571,456,539,61,51,51
1226,20277,3637,1,0.839941143989563,0.8983564376831055,0.05841529369354248,1,890,695,547,673,835,817,817
1227,20278,9740,2,0.9237095713615417,0.9281598925590515,0.004450321197509766,1,72,498,869,552,71,82,82
1228,20332,2075,4,0.9194450378417969,0.8840175271034241,-0.0354275107383728,0,32,437,549,444,32,36,36
1229,20352,12477,2,0.8615124225616455,0.8904659748077393,0.02895355224609375,1,696,1303,1322,1314,673,902,902
1230,20369,5489,6,0.9203490614891052,0.8476256728172302,-0.072723388671875,0,43,1088,1258,1132,43,61,61
1231,20387,7000,2,0.9285483360290527,0.924130380153656,-0.0044179558753967285,0,9,320,311,316,10,7,7
1232,20412,3451,2,0.8772339224815369,0.9378543496131897,0.06062042713165283,1,1145,1134,977,1122,1171,1215,1215
1233,20421,16985,2,0.8680333495140076,0.8417187333106995,-0.026314616203308105,0,509,9,16,9,357,152,152
1234,20453,15222,3,0.917729914188385,0.914478600025177,-0.003251314163208008,0,339,711,667,699,401,385,385
1235,20466,18179,2,0.904588520526886,0.939031720161438,0.034443199634552,1,144,692,773,698,152,152,152
1236,20467,17640,1,0.8834253549575806,0.9220540523529053,0.03862869739532471,1,593,471,291,435,557,448,448
1237,20484,4206,2,0.8220992684364319,0.9489539265632629,0.12685465812683105,1,1117,1241,1127,1232,1044,1130,1130
1238,20592,17799,2,0.8895265460014343,0.9304052591323853,0.04087871313095093,1,120,1044,899,1030,138,145,145
1239,20630,5831,1,0.9426320791244507,0.888215959072113,-0.054416120052337646,0,69,124,827,179,72,50,50
1240,20651,4713,2,0.8931683301925659,0.8702327609062195,-0.022935569286346436,0,1,427,1135,518,1,1,1
1241,20693,10067,3,0.9330093264579773,0.9068291783332825,-0.026180148124694824,0,131,677,909,711,124,149,149
1242,20744,17090,3,0.8763695359230042,0.8915548920631409,0.015185356140136719,1,409,1261,1277,1267,323,453,453
1243,20748,18274,3,0.8697441220283508,0.8765847682952881,0.006840646266937256,1,579,1278,1270,1281,524,705,705
1244,20772,18254,2,0.9226384162902832,0.9578890204429626,0.03525060415267944,1,345,676,595,653,298,286,286
1245,20783,2142,2,0.9337010383605957,0.9282792806625366,-0.005421757698059082,0,17,361,383,366,16,14,14
1246,20831,18307,3,0.9003118872642517,0.8795604109764099,-0.020751476287841797,0,434,252,218,237,462,345,345
1247,20841,14676,3,0.8746552467346191,0.890697717666626,0.016042470932006836,1,642,126,108,108,599,432,432
1248,20847,11418,3,0.8889951705932617,0.886483907699585,-0.002511262893676758,0,810,403,255,378,778,663,663
1249,20851,14188,2,0.9256548285484314,0.8873009085655212,-0.038353919982910156,0,495,45,56,48,557,330,330
1250,20853,15782,2,0.9326434135437012,0.8990612030029297,-0.033582210540771484,0,70,415,1017,505,65,73,73
1251,20854,9326,3,0.9076287150382996,0.8943027257919312,-0.013325989246368408,0,1132,1004,1080,1023,1100,1194,1194
1252,20872,16200,4,0.9093644618988037,0.889706015586853,-0.019658446311950684,0,108,1099,1221,1128,100,137,137
1253,20887,10977,1,0.9243878126144409,0.9372642040252686,0.012876391410827637,1,18,746,838,761,25,39,39
1254,20904,17393,2,0.9462883472442627,0.9269769787788391,-0.019311368465423584,0,203,233,430,265,164,129,129
1255,20922,5220,1,0.9347196221351624,0.9163986444473267,-0.018320977687835693,0,346,335,556,364,316,300,300
1256,20937,2173,2,0.8798770904541016,0.929555356502533,0.049678266048431396,1,965,1052,823,1020,937,975,975
1257,20938,18334,2,0.9301669001579285,0.9073104858398438,-0.022856414318084717,0,1096,199,273,205,1109,1061,1061
1258,20958,3469,1,0.787018358707428,0.8599933981895447,0.0729750394821167,1,900,434,168,360,844,686,686
1259,20995,4453,2,0.8671611547470093,0.9107363224029541,0.043575167655944824,1,689,1255,1315,1278,707,934,934
1260,21004,15673,2,0.9583849906921387,0.942462682723999,-0.01592230796813965,0,164,464,932,530,140,171,171
1261,21038,10138,4,0.9660025238990784,0.8860114216804504,-0.07999110221862793,0,19,577,1279,716,18,26,26
1262,21047,16702,3,0.9026894569396973,0.8902845978736877,-0.012404859066009521,0,137,761,1206,840,124,167,167
1263,21102,18205,2,0.9221201539039612,0.9318956732749939,0.009775519371032715,1,832,453,372,442,722,662,662
1264,21113,2284,5,0.9103074073791504,0.8785300254821777,-0.031777381896972656,0,319,630,589,614,288,271,271
1265,21122,16791,3,0.8814595937728882,0.8966569900512695,0.015197396278381348,1,446,1129,1008,1124,319,373,373
1266,21145,5951,2,0.8352806568145752,0.924321174621582,0.08904051780700684,1,226,609,396,578,225,185,185
1267,21156,11280,3,0.8699893951416016,0.8885492086410522,0.018559813499450684,1,1237,217,143,201,1177,1090,1090
1268,21165,14552,3,0.915973961353302,0.9049644470214844,-0.011009514331817627,0,395,776,760,779,418,436,436
1269,21184,17376,2,0.9370429515838623,0.9480282664299011,0.010985314846038818,1,359,583,583,584,333,299,299
1270,21194,17662,3,0.9223116040229797,0.8965833783149719,-0.025728225708007812,0,306,592,891,635,337,354,354
1271,21203,17071,2,0.9563125371932983,0.9277260303497314,-0.028586506843566895,0,45,253,902,315,48,46,46
1272,21204,15508,4,0.8749914765357971,0.8753534555435181,0.00036197900772094727,1,725,108,85,100,705,528,528
1273,21227,6318,3,0.92105633020401,0.9395890831947327,0.018532752990722656,1,640,777,416,705,613,551,551
1274,21350,6924,3,0.9331046342849731,0.8926740884780884,-0.040430545806884766,0,58,151,566,196,56,50,50
1275,21383,2295,6,0.9325315952301025,0.8782668113708496,-0.05426478385925293,0,995,850,939,863,832,900,900
1276,21533,15709,1,0.8812413811683655,0.8594028949737549,-0.021838486194610596,0,676,169,321,179,834,768,768
1277,21589,17979,2,0.8366489410400391,0.8850278854370117,0.048378944396972656,1,1146,1092,579,1040,1185,1210,1210
1278,21598,2275,2,0.9626749753952026,0.9670780897140503,0.004403114318847656,1,73,669,1113,750,48,59,59
1279,21600,11465,2,0.873269259929657,0.8738910555839539,0.000621795654296875,1,395,323,541,342,440,438,438
1280,21602,14752,2,0.8125436305999756,0.8854946494102478,0.07295101881027222,1,174,1253,1213,1253,215,316,316
1281,21701,11507,4,0.9100066423416138,0.8878365159034729,-0.02217012643814087,0,139,496,564,508,119,102,102
1282,21715,8212,1,0.858303427696228,0.9229415655136108,0.06463813781738281,1,1229,1220,1163,1216,1064,1143,1143
1283,21772,18287,3,0.840294361114502,0.8452938199043274,0.0049994587898254395,1,316,1334,1331,1335,331,565,565
1284,21777,18334,2,0.8337648510932922,0.9087207317352295,0.07495588064193726,1,506,321,255,303,476,398,398
1285,21797,18298,4,0.9570695161819458,0.9417320489883423,-0.015337467193603516,0,32,905,840,896,24,27,27
1286,21804,5605,2,0.9159508347511292,0.9174506664276123,0.0014998316764831543,1,93,999,1319,1092,90,117,117
1287,21811,2308,2,0.8574593663215637,0.9257931709289551,0.06833380460739136,1,699,1003,804,981,784,834,834
1288,21823,13267,2,0.931789755821228,0.9177660942077637,-0.014023661613464355,0,50,476,947,545,40,54,54
1289,21878,17494,2,0.9376093149185181,0.9312601685523987,-0.006349146366119385,0,226,240,317,252,205,177,177
1290,21909,10284,3,0.8856406211853027,0.9132205247879028,0.027579903602600098,1,43,1215,1060,1209,43,47,47
1291,21923,18287,3,0.9000202417373657,0.8446096181869507,-0.05541062355041504,0,119,896,1333,1063,105,212,212
1292,21927,18307,5,0.889313817024231,0.8380600810050964,-0.05125373601913452,0,1125,343,508,361,1052,1013,1013
1293,21941,7191,2,0.8978801965713501,0.9418671131134033,0.04398691654205322,1,438,1102,1118,1112,550,656,656
1294,21944,5503,2,0.8900660872459412,0.9194767475128174,0.02941066026687622,1,423,984,1000,990,390,443,443
1295,21963,16074,2,0.8610568642616272,0.8891516923904419,0.028094828128814697,1,652,357,227,322,661,510,510
1296,21982,16948,1,0.8979772329330444,0.9432768225669861,0.04529958963394165,1,356,928,1207,992,310,395,395
1297,22031,7573,2,0.9298790693283081,0.9133995175361633,-0.016479551792144775,0,65,520,881,575,62,65,65
1298,22045,16809,4,0.8903712630271912,0.8824103474617004,-0.007960915565490723,0,211,1250,1073,1240,213,263,263
1299,22050,3741,2,0.9121809005737305,0.9231550097465515,0.010974109172821045,1,694,250,239,232,723,634,634
1300,22059,17824,3,0.9580911993980408,0.9429715871810913,-0.015119612216949463,0,11,343,439,355,10,10,10
1301,22068,14576,2,0.8700606822967529,0.9252039194107056,0.05514323711395264,1,645,664,679,668,581,598,598
1302,22072,17588,7,0.8610162138938904,0.8188303112983704,-0.04218590259552002,0,1300,352,378,354,1256,1243,1243
1303,22085,13576,2,0.8874815702438354,0.9253742098808289,0.03789263963699341,1,332,1217,1298,1247,337,472,472
1304,22180,6169,4,0.8999656438827515,0.8803747892379761,-0.01959085464477539,0,828,334,395,334,832,771,771
1305,22219,5706,4,0.9138134121894836,0.8851946592330933,-0.02861875295639038,0,1,228,427,247,1,1,1
1306,22224,15249,2,0.9027537107467651,0.9177913665771484,0.0150376558303833,1,210,1059,1224,1097,181,240,240
1307,22357,11536,3,0.9313843250274658,0.9207161664962769,-0.010668158531188965,0,214,787,1092,835,215,263,263
1308,22362,18281,3,0.8226122856140137,0.8400933146476746,0.01748102903366089,1,845,173,40,142,891,671,671
1309,22386,4277,2,0.8919270038604736,0.9167346954345703,0.02480769157409668,1,260,948,1104,974,267,334,334
1310,22399,18254,1,0.920996367931366,0.9407449960708618,0.01974862813949585,1,89,339,627,375,80,77,77
1311,22549,18281,3,0.8588114976882935,0.8409785628318787,-0.017832934856414795,0,772,75,40,65,694,421,421
1312,22556,15601,2,0.9172767996788025,0.9086745977401733,-0.00860220193862915,0,962,55,85,59,940,676,676
1313,22562,15334,1,0.9445024132728577,0.9378525018692017,-0.006649911403656006,0,80,417,1143,524,79,83,83
1314,22613,17352,3,0.9451296329498291,0.9348301291465759,-0.010299503803253174,0,298,986,913,984,413,459,459
1315,22630,18320,5,0.9214674830436707,0.8567571043968201,-0.06471037864685059,0,1171,141,276,151,1196,1156,1156
1316,22638,2483,2,0.9488714337348938,0.9323616623878479,-0.0165097713470459,0,6,213,220,209,8,5,5
1317,22732,7713,3,0.895948588848114,0.8899117112159729,-0.006036877632141113,0,364,916,1045,951,323,373,373
1318,22746,13014,2,0.863679051399231,0.9119747281074524,0.048295676708221436,1,1299,724,325,647,1280,1279,1279
1319,22749,17816,2,0.9534766674041748,0.9215284585952759,-0.031948208808898926,0,464,99,183,109,385,259,259
1320,22774,15721,2,0.9556602835655212,0.9165840744972229,-0.03907620906829834,0,65,124,717,164,67,65,65
1321,22805,15545,1,0.9188277125358582,0.9435036778450012,0.024675965309143066,1,59,975,1233,1041,54,108,108
1322,22839,14074,2,0.9365306496620178,0.949988067150116,0.013457417488098145,1,65,552,783,583,44,46,46
1323,22910,2537,2,0.9335260391235352,0.9534640908241272,0.01993805170059204,1,1057,401,527,405,1059,1068,1068
1324,22927,11209,2,0.8911697268486023,0.9363695979118347,0.04519987106323242,1,303,1033,617,979,263,248,248
1325,22932,13312,2,0.9078237414360046,0.9365453720092773,0.028721630573272705,1,93,1175,1287,1204,98,141,141
1326,22955,18145,2,0.9298768639564514,0.93117755651474,0.0013006925582885742,1,77,325,428,332,78,54,54
1327,22960,7215,2,0.8760553598403931,0.9075367450714111,0.031481385231018066,1,380,1316,1329,1321,341,523,523
1328,22967,18298,2,0.956486165523529,0.9576902985572815,0.0012041330337524414,1,5,661,1035,732,5,6,6
1329,22968,14125,1,0.8265988230705261,0.9375901818275452,0.11099135875701904,1,460,1314,1200,1326,458,574,574
1330,22974,18278,4,0.9484930634498596,0.889131486415863,-0.05936157703399658,0,936,67,184,77,847,701,701
1331,22996,2562,3,0.9277507066726685,0.8896523118019104,-0.03809839487075806,0,90,180,242,187,91,32,32
1332,23009,13091,2,0.9410380721092224,0.9382054805755615,-0.0028325915336608887,0,111,94,414,112,93,64,64
1333,23099,11865,2,0.8436072468757629,0.8888347744941711,0.0452275276184082,1,992,278,193,249,914,785,785
1334,23111,17316,2,0.9096786975860596,0.9298418760299683,0.02016317844390869,1,168,638,728,651,169,166,166
1335,23112,2573,2,0.899727463722229,0.9264819025993347,0.026754438877105713,1,704,919,1007,938,549,616,616
1336,23118,2575,3,0.8756918907165527,0.8774347901344299,0.0017428994178771973,1,441,1145,1007,1140,430,492,492
1337,23124,13432,2,0.8791869878768921,0.918753981590271,0.039566993713378906,1,458,1115,1054,1115,408,490,490
1338,23179,9679,2,0.8049721717834473,0.8894059658050537,0.08443379402160645,1,1336,885,303,775,1329,1328,1328
1339,23180,7134,2,0.8871536254882812,0.8712040781974792,-0.015949547290802002,0,236,544,1110,634,220,281,281
1340,23211,8352,3,0.9489412903785706,0.9124218821525574,-0.036519408226013184,0,282,636,997,693,239,260,260
1341,23236,17474,1,0.9153732657432556,0.9207470417022705,0.005373775959014893,1,221,578,1004,642,179,197,197
1342,23250,18069,2,0.9299250245094299,0.9361684322357178,0.006243407726287842,1,232,442,671,471,212,182,182
1343,23256,13780,1,0.9016309380531311,0.9233165383338928,0.02168560028076172,1,150,595,712,608,162,172,172
1344,23285,18274,2,0.7882071137428284,0.9124041795730591,0.12419706583023071,1,440,1189,1203,1195,442,572,572
1345,23304,3248,2,0.9285447001457214,0.9327995181083679,0.004254817962646484,1,459,333,385,337,414,332,332
1346,23327,2600,2,0.9478892683982849,0.9579528570175171,0.010063588619232178,1,225,604,730,622,236,224,224
1347,23346,3436,7,0.9655887484550476,0.8737151026725769,-0.0918736457824707,0,4,91,261,113,4,4,4
1348,23378,14814,1,0.8845735192298889,0.8972059488296509,0.012632429599761963,1,279,335,519,344,279,262,262
1349,23393,2612,3,0.9287577271461487,0.9067705273628235,-0.021987199783325195,0,13,456,744,499,13,14,14
1350,23420,12608,2,0.9003247618675232,0.9199020266532898,0.0195772647857666,1,632,822,1005,857,502,572,572
1351,23426,15519,3,0.8386827707290649,0.9002203345298767,0.06153756380081177,1,1037,1296,1120,1286,1006,1128,1128
1352,23476,11411,1,0.7826753854751587,0.8974171280860901,0.1147417426109314,1,921,1222,513,1153,910,875,875
1353,23519,18084,1,0.8685089945793152,0.8504781126976013,-0.018030881881713867,0,1305,87,177,95,1304,1292,1292
1354,23525,15334,2,0.9344707727432251,0.9502336978912354,0.015762925148010254,1,150,963,1074,987,139,185,185
1355,23544,12949,2,0.8572943210601807,0.9161316156387329,0.058837294578552246,1,1185,861,536,834,1157,1171,1171
1356,23602,3783,3,0.8907249569892883,0.8727210760116577,-0.018003880977630615,0,645,23,24,21,712,484,484
1357,23769,17270,3,0.923436164855957,0.8785762786865234,-0.044859886169433594,0,79,217,470,240,84,55,55
1358,23805,3782,2,0.8909057378768921,0.867676317691803,-0.02322942018508911,0,1045,76,38,60,1047,856,856
1359,23824,18012,4,0.8852519989013672,0.8871415257453918,0.0018895268440246582,1,434,966,1065,990,406,501,501
1360,23847,9061,6,0.9505974650382996,0.9027475118637085,-0.047849953174591064,0,2,759,935,787,2,2,2
1361,23849,17941,2,0.9043700098991394,0.9351834058761597,0.030813395977020264,1,451,641,1013,704,460,541,541
1362,23857,10274,3,0.8923918008804321,0.8897231817245483,-0.002668619155883789,0,541,290,252,279,454,359,359
1363,23875,8813,5,0.9319337606430054,0.8642140030860901,-0.06771975755691528,0,680,16,30,17,578,361,361
1364,23893,17085,2,0.9277255535125732,0.9103498458862305,-0.017375707626342773,0,97,193,741,254,129,129,129
1365,23904,18244,3,0.9273257255554199,0.9036995768547058,-0.02362614870071411,0,696,142,53,121,609,372,372
1366,23911,4017,2,0.8746240139007568,0.9342849254608154,0.059660911560058594,1,139,851,721,839,117,127,127
1367,23921,18307,5,0.8854248523712158,0.8376656770706177,-0.047759175300598145,0,1094,335,511,355,1086,1056,1056
1368,23925,18334,2,0.9093554019927979,0.9078369140625,-0.0015184879302978516,0,570,192,270,205,448,379,379
1369,23945,7661,3,0.9333310723304749,0.913762092590332,-0.019568979740142822,0,5,424,515,438,10,8,8
1370,23972,15190,3,0.9794291853904724,0.8921754360198975,-0.08725374937057495,0,21,26,785,41,19,13,13
1371,23999,4380,2,0.850534975528717,0.9309370517730713,0.08040207624435425,1,1085,795,546,764,1045,1059,1059
1372,24003,2971,3,0.9226880669593811,0.9162769913673401,-0.006411075592041016,0,178,522,618,539,168,141,141
1373,24050,6108,2,0.9220700860023499,0.9028186202049255,-0.019251465797424316,0,761,161,477,179,654,622,622
1374,24072,6330,3,0.9191259145736694,0.9053520560264587,-0.013773858547210693,0,320,86,39,71,362,174,174
1375,24092,14883,1,0.8393657803535461,0.8866556882858276,0.047289907932281494,1,361,241,207,214,260,200,200
1376,24155,2770,2,0.9002131819725037,0.9142203330993652,0.014007151126861572,1,1033,425,462,433,951,949,949
1377,24243,18244,2,0.9329844117164612,0.9078044295310974,-0.02517998218536377,0,22,90,95,89,19,14,14
1378,24274,3994,2,0.9209309816360474,0.9463505744934082,0.02541959285736084,1,167,719,613,694,181,167,167
1379,24335,17539,2,0.8920546174049377,0.9292061924934387,0.03715157508850098,1,720,974,811,949,684,714,714
1380,24355,17025,5,0.9420562982559204,0.8720259070396423,-0.07003039121627808,0,353,96,152,102,355,249,249
1381,24362,9678,3,0.8841696977615356,0.8933979272842407,0.009228229522705078,1,900,660,483,633,912,880,880
1382,24407,12340,2,0.8304012417793274,0.920543372631073,0.0901421308517456,1,1254,1254,549,1234,1288,1295,1295
1383,24515,18324,5,0.9623697996139526,0.9229611754417419,-0.03940862417221069,0,56,528,615,530,51,41,41
1384,24518,15607,4,0.9582807421684265,0.8874655365943909,-0.07081520557403564,0,10,176,770,237,10,8,8
1385,24572,16096,2,0.758972704410553,0.8942137360572815,0.13524103164672852,1,1214,1095,168,936,1216,1153,1153
1386,24580,2853,2,0.794584333896637,0.8582574725151062,0.06367313861846924,1,613,1328,1341,1329,644,954,954
1387,24605,13239,2,0.8778638243675232,0.9031132459640503,0.0252494215965271,1,336,848,976,879,327,371,371
1388,24757,17146,2,0.9349889159202576,0.9364697337150574,0.0014808177947998047,1,257,882,1061,912,247,289,289
1389,24760,13540,2,0.8533234596252441,0.9268884062767029,0.07356494665145874,1,690,1111,948,1079,632,696,696
1390,24761,7440,2,0.8714732527732849,0.9366327524185181,0.06515949964523315,1,541,791,678,769,704,717,717
1391,24784,9372,2,0.8308083415031433,0.9218330979347229,0.09102475643157959,1,755,1330,1190,1331,689,803,803
1392,24831,5236,3,0.8566417098045349,0.8669657111167908,0.01032400131225586,1,920,1322,1262,1317,944,1130,1130
1393,24845,12334,3,0.9388862252235413,0.8670029044151306,-0.07188332080841064,0,4,18,38,18,4,1,1
1394,24872,3582,2,0.8669126629829407,0.8896852135658264,0.022772550582885742,1,1061,255,162,224,1062,884,884
1395,24929,17021,2,0.8995387554168701,0.8986135125160217,-0.0009252429008483887,0,962,212,268,218,820,685,685
1396,24952,18164,10,0.8538343906402588,0.6136299967765808,-0.24020439386367798,0,1330,616,725,636,1326,1308,1308
1397,24957,17943,6,0.8963080644607544,0.8409074544906616,-0.05540060997009277,0,998,33,62,37,1070,810,810
1398,24962,18307,4,0.8174222707748413,0.8766936659812927,0.059271395206451416,1,1129,466,218,405,1065,957,957
1399,24964,18209,3,0.9020145535469055,0.9043923020362854,0.002377748489379883,1,451,832,890,857,385,439,439
1400,24966,18276,4,0.9164572954177856,0.880319356918335,-0.036137938499450684,0,95,63,73,65,109,67,67
1401,24967,17085,3,0.9068896770477295,0.882209837436676,-0.024679839611053467,0,410,581,871,632,409,439,439
1402,25115,10314,2,0.890316903591156,0.9117516279220581,0.0214347243309021,1,456,823,1088,871,394,440,440
1403,25207,7530,2,0.8930962085723877,0.9127117991447449,0.019615590572357178,1,109,550,640,563,95,96,96
1404,25242,15579,1,0.8664228320121765,0.896406352519989,0.0299835205078125,1,840,619,1034,692,738,822,822
1405,25318,14174,2,0.9683564901351929,0.95490562915802,-0.013450860977172852,0,92,728,1115,783,76,98,98
1406,25321,17385,2,0.9048283696174622,0.941385805606842,0.03655743598937988,1,584,643,640,640,524,508,508
1407,25324,15042,3,0.927993655204773,0.8739870190620422,-0.05400663614273071,0,41,965,1301,1074,48,79,79
1408,25355,13195,2,0.9300821423530579,0.8988515138626099,-0.031230628490447998,0,150,133,498,161,130,116,116
1409,25356,11261,4,0.9086316227912903,0.8993830680847168,-0.009248554706573486,0,156,1111,1182,1131,137,195,195
1410,25379,11732,3,0.9150298833847046,0.8752705454826355,-0.03975933790206909,0,33,64,189,70,39,15,15
1411,25382,14176,1,0.9188897609710693,0.9360007047653198,0.01711094379425049,1,74,502,603,515,60,57,57
1412,25395,8525,1,0.9458696842193604,0.8915767669677734,-0.054292917251586914,0,262,63,192,73,283,158,158
1413,25399,11922,6,0.9419934153556824,0.8756518363952637,-0.0663415789604187,0,59,761,994,801,52,56,56
1414,25403,16300,2,0.8860979676246643,0.8985596895217896,0.012461721897125244,1,532,59,64,55,421,240,240
1415,25544,17862,2,0.8871620893478394,0.9280228018760681,0.04086071252822876,1,1006,872,910,893,983,1051,1051
1416,25580,7349,2,0.9619728326797485,0.904502272605896,-0.05747056007385254,0,2,125,728,170,2,2,2
1417,25586,18320,2,0.905701220035553,0.8951780200004578,-0.010523200035095215,0,495,50,171,55,609,456,456
1418,25591,18273,3,0.9798513650894165,0.9404415488243103,-0.0394098162651062,0,1,230,394,250,1,1,1
1419,25604,8796,2,0.8417614698410034,0.9086855053901672,0.06692403554916382,1,771,1031,982,1049,778,872,872
1420,25605,17566,4,0.8830255270004272,0.8799919486045837,-0.003033578395843506,0,242,1270,1258,1277,194,304,304
1421,25669,8999,3,0.9063442349433899,0.9032673835754395,-0.0030768513679504395,0,240,1249,1245,1258,242,354,354
1422,25670,18069,2,0.933967649936676,0.9352176189422607,0.0012499690055847168,1,175,437,676,468,162,151,151
1423,25695,14523,2,0.8510749936103821,0.9017071723937988,0.05063217878341675,1,3,752,1214,835,6,15,15
1424,25703,4735,1,0.9071585536003113,0.9021592140197754,-0.004999339580535889,0,36,469,868,531,29,39,39
1425,25710,3102,2,0.9026689529418945,0.9149316549301147,0.012262701988220215,1,896,236,177,219,888,733,733
1426,25727,9308,2,0.7774279117584229,0.8686760067939758,0.09124809503555298,1,1334,932,231,809,1335,1334,1334
1427,25744,18088,2,0.9048336148262024,0.8782775402069092,-0.026556074619293213,0,1257,113,125,116,1233,1143,1143
1428,25758,17090,2,0.8762560486793518,0.9137580990791321,0.03750205039978027,1,64,1320,1303,1322,55,116,116
1429,25778,17961,3,0.8831257820129395,0.8849960565567017,0.001870274543762207,1,559,944,1050,973,485,573,573
1430,25790,5883,2,0.853290855884552,0.9185479283332825,0.06525707244873047,1,1026,695,428,657,945,871,871
1431,25813,17009,2,0.9178318977355957,0.9003240466117859,-0.017507851123809814,0,338,116,356,139,291,250,250
1432,25877,18280,3,0.9061606526374817,0.8600429892539978,-0.04611766338348389,0,348,54,69,53,347,180,180
1433,25891,18315,3,0.892303466796875,0.8910672664642334,-0.0012362003326416016,0,331,547,476,530,309,256,256
1434,25894,9355,2,0.84214848279953,0.8938716053962708,0.05172312259674072,1,936,276,224,227,939,831,831
1435,25973,16129,2,0.9555767178535461,0.9306765794754028,-0.02490013837814331,0,110,263,468,284,101,84,84
1436,25992,3209,2,0.9118825197219849,0.916258692741394,0.00437617301940918,1,2,394,666,431,2,1,1
1437,26010,12691,2,0.8866056203842163,0.8751782774925232,-0.011427342891693115,0,885,27,17,22,871,503,503
1438,26016,3212,2,0.8624269962310791,0.8911354541778564,0.028708457946777344,1,705,1290,1311,1297,831,1043,1043
1439,26020,18130,2,0.9092246294021606,0.9279395937919617,0.018714964389801025,1,557,111,140,111,491,336,336
1440,26021,18278,4,0.9257240295410156,0.8915663361549377,-0.03415769338607788,0,98,138,177,149,113,73,73
1441,26046,10985,3,0.9243803024291992,0.9014918804168701,-0.0228884220123291,0,1058,289,377,297,950,886,886
1442,26071,3234,2,0.909600019454956,0.9059399962425232,-0.0036600232124328613,0,128,219,196,210,169,119,119
1443,26126,9595,3,0.9534544944763184,0.887644350528717,-0.06581014394760132,0,28,391,1258,531,25,40,40
1444,26153,10165,2,0.8599740266799927,0.9205719828605652,0.06059795618057251,1,143,1061,1085,1085,160,207,207
1445,26204,15215,1,0.8262835144996643,0.9481351971626282,0.12185168266296387,1,810,1159,805,1103,867,909,909
1446,26218,6921,2,0.8670514822006226,0.9184219837188721,0.05137050151824951,1,640,832,441,777,511,453,453
1447,26223,9124,3,0.898396909236908,0.8628233075141907,-0.035573601722717285,0,300,14,70,18,225,59,59
1448,26280,7774,2,0.8223145008087158,0.8862373232841492,0.06392282247543335,1,960,243,78,198,922,710,710
1449,26307,17325,2,0.9450358748435974,0.9528866410255432,0.0078507661819458,1,172,814,919,829,155,165,165
1450,26309,12262,2,0.9243524074554443,0.949383556842804,0.02503114938735962,1,399,643,982,685,275,327,327
1451,26324,18316,2,0.907223641872406,0.8970546722412109,-0.010168969631195068,0,770,251,246,247,751,636,636
1452,26383,18307,4,0.8949437737464905,0.8772351741790771,-0.01770859956741333,0,1016,239,220,226,946,831,831
1453,26405,17441,2,0.8376966118812561,0.9279817342758179,0.09028512239456177,1,299,1291,1269,1290,324,415,415
1454,26410,11168,3,0.8907067775726318,0.8819155693054199,-0.008791208267211914,0,959,617,835,656,948,1020,1020
1455,26464,16729,4,0.9520401954650879,0.9243394732475281,-0.027700722217559814,0,182,746,890,774,168,175,175
1456,26622,15587,2,0.9417875409126282,0.9317081570625305,-0.010079383850097656,0,6,487,850,544,7,6,6
1457,26625,3536,2,0.8435882925987244,0.8927640318870544,0.04917573928833008,1,428,1148,999,1136,415,467,467
1458,26648,3413,2,0.8247443437576294,0.9270431399345398,0.1022987961769104,1,1090,1149,474,1085,1072,1067,1067
1459,26714,12040,2,0.8689411282539368,0.9164451956748962,0.04750406742095947,1,588,1166,1227,1206,539,709,709
1460,26724,14679,2,0.9614781141281128,0.951301097869873,-0.010177016258239746,0,299,432,612,459,267,235,235
1461,26748,17634,2,0.8935843110084534,0.9205968379974365,0.027012526988983154,1,546,782,805,786,585,621,621
1462,26769,6075,2,0.8176432251930237,0.9070923328399658,0.08944910764694214,1,778,1164,649,1100,919,961,961
1463,26770,16149,1,0.7892237901687622,0.8775758147239685,0.0883520245552063,1,455,508,371,468,432,369,369
1464,26775,17802,2,0.8876484036445618,0.8813246488571167,-0.006323754787445068,0,794,403,579,429,728,717,717
1465,26778,17219,1,0.8868378400802612,0.9558582305908203,0.06902039051055908,1,787,1190,953,1181,745,808,808
1466,26789,17900,2,0.8710656762123108,0.9009134769439697,0.029847800731658936,1,1154,718,620,709,1124,1145,1145
1467,26856,18045,2,0.8852627873420715,0.897778332233429,0.012515544891357422,1,716,643,730,660,711,747,747
1468,26882,6936,2,0.967635452747345,0.9140300154685974,-0.05360543727874756,0,46,73,153,84,45,28,28
1469,26912,11202,3,0.8724134564399719,0.8829558491706848,0.01054239273071289,1,6,1174,1233,1186,6,9,9
1470,26920,18279,5,0.9048330783843994,0.85056072473526,-0.054272353649139404,0,153,78,145,88,146,105,105
1471,26922,18298,2,0.9449695348739624,0.9576906561851501,0.012721121311187744,1,4,593,1038,659,4,4,4
1472,26986,5207,3,0.956521213054657,0.928113579750061,-0.028407633304595947,0,434,491,649,509,374,367,367
1473,27080,15199,1,0.8575578927993774,0.9161613583564758,0.05860346555709839,1,167,1202,1340,1271,179,351,351
1474,27108,14355,1,0.9678824543952942,0.9290883541107178,-0.038794100284576416,0,1,284,794,342,1,1,1
1475,27180,18313,1,0.8801311254501343,0.8744239211082458,-0.005707204341888428,0,285,326,267,305,304,246,246
1476,27203,18010,2,0.9083696603775024,0.936166524887085,0.02779686450958252,1,547,611,430,570,490,440,440
1477,27225,9002,1,0.8978748321533203,0.9578208327293396,0.05994600057601929,1,688,676,1094,751,670,814,814
1478,27228,18214,2,0.8966580033302307,0.9313684701919556,0.034710466861724854,1,493,916,1151,976,425,530,530
1479,27260,18244,2,0.9162611365318298,0.9075520634651184,-0.008709073066711426,0,758,128,93,120,716,459,459
1480,27278,4517,3,0.8832077980041504,0.8598586320877075,-0.02334916591644287,0,1024,134,76,118,1083,903,903
1481,27292,15859,2,0.9326871037483215,0.9210443496704102,-0.011642754077911377,0,203,73,446,95,217,194,194
1482,27340,3972,1,0.9276142120361328,0.9009315967559814,-0.026682615280151367,0,49,8,269,9,48,28,28
1483,27348,4173,4,0.9404209852218628,0.8990848660469055,-0.041336119174957275,0,313,272,626,302,313,301,301
1484,27438,7289,2,0.9215417504310608,0.9499843120574951,0.028442561626434326,1,392,279,702,328,493,517,517
1485,27554,11804,2,0.8994042873382568,0.9418462514877319,0.0424419641494751,1,961,777,731,778,894,933,933
1486,27606,7919,3,0.9749197363853455,0.8936538696289062,-0.08126586675643921,0,20,275,1175,374,14,17,17
1487,27645,14076,3,0.9559926390647888,0.9151558876037598,-0.04083675146102905,0,41,181,235,187,34,30,30
1488,27664,10739,2,0.8872728943824768,0.8999305367469788,0.012657642364501953,1,929,427,463,422,894,868,868
1489,27696,9738,2,0.9109654426574707,0.9087644219398499,-0.0022010207176208496,0,418,403,700,437,398,399,399
1490,27777,14318,2,0.9355652332305908,0.9322860836982727,-0.0032791495323181152,0,1017,546,624,552,1021,1022,1022
1491,27794,15318,2,0.9466539621353149,0.9309345483779907,-0.01571941375732422,0,132,406,1180,504,114,157,157
1492,27945,14590,5,0.9734277129173279,0.8667080402374268,-0.10671967267990112,0,2,175,923,236,2,2,2
1493,27976,7753,3,0.959904134273529,0.8893647193908691,-0.07053941488265991,0,41,159,975,230,41,44,44
1494,27987,3887,2,0.8460951447486877,0.9012776613235474,0.05518251657485962,1,126,863,663,829,134,129,129
1495,27990,15436,3,0.9053678512573242,0.8876864314079285,-0.017681419849395752,0,612,912,1100,957,635,764,764
1496,28012,9956,3,0.8934345841407776,0.8890529870986938,-0.00438159704208374,0,482,1088,1190,1129,469,588,588
1497,28023,6041,2,0.8876199722290039,0.9054052233695984,0.017785251140594482,1,1079,190,104,171,1038,884,884
1498,28092,13680,2,0.9101949334144592,0.9337631464004517,0.02356821298599243,1,411,551,519,541,390,361,361
1499,28105,3952,3,0.9411270618438721,0.8686443567276001,-0.07248270511627197,0,31,709,1336,905,36,75,75
1500,28148,18311,2,0.9115732908248901,0.926030695438385,0.014457404613494873,1,314,780,1007,835,291,333,333
1501,28166,18334,3,0.8862492442131042,0.8962741494178772,0.01002490520477295,1,765,206,238,208,657,558,558
1502,28233,16055,4,0.8700743913650513,0.8827856779098511,0.012711286544799805,1,95,1223,1223,1228,96,170,170
1503,28253,17751,2,0.942823052406311,0.9329118132591248,-0.00991123914718628,0,96,274,504,304,87,77,77
1504,28261,11102,3,0.9191200137138367,0.8994154334068298,-0.019704580307006836,0,560,452,571,467,511,504,504
1505,28281,18326,7,0.9083242416381836,0.8236148953437805,-0.08470934629440308,0,1232,709,676,699,1189,1204,1204
1506,28317,9450,3,0.9127353429794312,0.8889879584312439,-0.023747384548187256,0,817,225,326,228,740,655,655
1507,28331,4052,2,0.8784753084182739,0.9430527091026306,0.06457740068435669,1,260,1078,896,1071,245,265,265
1508,28421,18296,2,0.9402921795845032,0.9412341117858887,0.000941932201385498,1,54,1018,1262,1077,53,93,93
1509,28447,17849,2,0.7664076685905457,0.8385160565376282,0.07210838794708252,1,1326,513,121,406,1339,1323,1323
1510,28450,17666,2,0.9595348238945007,0.9467688798904419,-0.012765944004058838,0,3,716,1171,806,3,4,4
1511,28517,15275,2,0.8919928669929504,0.930243730545044,0.038250863552093506,1,160,860,755,864,189,176,176
1512,28520,4125,2,0.9062020182609558,0.9007163047790527,-0.005485713481903076,0,31,228,508,249,57,43,43
1513,28526,18236,2,0.8488615155220032,0.8888087272644043,0.03994721174240112,1,1209,334,122,275,1211,1066,1066
1514,28537,12270,2,0.9573470950126648,0.8880593180656433,-0.06928777694702148,0,1,89,485,129,1,1,1
1515,28554,18331,2,0.8877677321434021,0.9323812127113342,0.04461348056793213,1,220,1214,1239,1232,222,305,305
1516,28582,4120,2,0.9415265321731567,0.9306625127792358,-0.010864019393920898,0,244,509,1141,612,221,279,279
1517,28619,10644,3,0.8337604999542236,0.8313260674476624,-0.0024344325065612793,0,1314,291,200,259,1317,1312,1312
1518,28643,17825,2,0.897807776927948,0.9351338148117065,0.037326037883758545,1,1266,466,231,403,1214,1142,1142
1519,28712,17430,2,0.9317381978034973,0.9216516613960266,-0.010086536407470703,0,69,545,1008,609,70,73,73
1520,28931,17813,2,0.9939557313919067,0.8907825350761414,-0.10317319631576538,0,1,28,932,54,1,1,1
1521,28992,16178,2,0.8123551607131958,0.8331210017204285,0.020765841007232666,1,915,8,19,9,902,499,499
1522,28997,18279,3,0.8740659952163696,0.8584877252578735,-0.015578269958496094,0,964,66,119,65,884,674,674
1523,29050,18243,1,0.8332249522209167,0.9189637303352356,0.08573877811431885,1,844,1267,968,1242,756,843,843
1524,29093,5033,2,0.9179332852363586,0.9442912340164185,0.026357948780059814,1,89,496,771,528,87,97,97
1525,29140,13368,2,0.874413251876831,0.8850280046463013,0.010614752769470215,1,293,59,42,48,361,137,137
1526,29169,18030,2,0.9079700112342834,0.9110714197158813,0.0031014084815979004,1,688,354,275,333,660,524,524
1527,29242,10920,2,0.9297146797180176,0.8975948691368103,-0.032119810581207275,0,25,119,330,142,26,25,25
1528,29275,18333,1,0.836902379989624,0.906391441822052,0.06948906183242798,1,291,934,1114,980,322,389,389
1529,29282,16043,2,0.8385637402534485,0.9092895984649658,0.07072585821151733,1,527,481,190,438,559,389,389
1530,29296,11969,3,0.8487306833267212,0.8887389898300171,0.0400083065032959,1,892,882,477,817,846,835,835
1531,29311,18313,10,0.9138484597206116,0.6544858813285828,-0.2593625783920288,0,503,266,259,199,463,379,379
1532,29350,18331,2,0.9303025007247925,0.9316146373748779,0.0013121366500854492,1,126,914,1241,985,129,236,236
1533,29353,10884,3,0.8558282256126404,0.8713683485984802,0.015540122985839844,1,652,56,36,51,735,537,537
1534,29371,7926,2,0.8701553344726562,0.8962759971618652,0.026120662689208984,1,686,245,297,241,742,652,652
1535,29373,18290,2,0.8349127769470215,0.9136244654655457,0.07871168851852417,1,1153,1184,844,1149,1185,1211,1211
1536,29486,4441,2,0.8902644515037537,0.9279435873031616,0.03767913579940796,1,1201,908,1048,936,1162,1221,1221
1537,29491,13557,1,0.8680194616317749,0.9238466024398804,0.05582714080810547,1,287,914,512,867,301,272,272
1538,29543,17805,3,0.9106634855270386,0.8982474207878113,-0.012416064739227295,0,914,95,59,85,904,642,642
1539,29584,7349,1,0.8891811370849609,0.8853718042373657,-0.003809332847595215,0,1336,662,889,696,1318,1330,1330
1540,29596,7674,2,0.9254886507987976,0.9322768449783325,0.006788194179534912,1,349,597,859,642,296,307,307
1541,29720,13495,3,0.8995426297187805,0.9021802544593811,0.002637624740600586,1,473,655,445,605,478,417,417
1542,29759,12523,3,0.8233181238174438,0.8712896704673767,0.04797154664993286,1,1247,1058,488,992,1289,1303,1303
1543,29781,17588,2,0.9070003628730774,0.9136589169502258,0.0066585540771484375,1,1100,173,135,163,1050,933,933
1544,29783,18276,6,0.9353317618370056,0.8715189695358276,-0.06381279230117798,0,17,44,116,55,19,17,17
1545,29791,18307,3,0.8993117809295654,0.879987895488739,-0.019323885440826416,0,576,117,214,124,575,467,467
1546,29842,18334,3,0.8903648257255554,0.8956859111785889,0.005321085453033447,1,782,397,238,352,782,626,626
1547,29843,14145,2,0.9064967036247253,0.8935054540634155,-0.012991249561309814,0,36,19,427,31,45,26,26
1548,29847,16349,2,0.9170660972595215,0.9043529033660889,-0.012713193893432617,0,75,257,563,294,66,60,60
1549,29874,6337,2,0.9694617390632629,0.925646185874939,-0.043815553188323975,0,48,139,750,186,48,42,42
1550,29892,11596,3,0.905095100402832,0.9345856308937073,0.029490530490875244,1,802,1106,714,1063,806,851,851
1551,29895,15709,4,0.9137152433395386,0.8977968692779541,-0.015918374061584473,0,1075,181,113,164,1027,806,806
1552,29918,17003,1,0.846074104309082,0.898442804813385,0.05236870050430298,1,102,740,1006,782,94,104,104
1553,29941,18265,3,0.9496229290962219,0.9191020727157593,-0.030520856380462646,0,5,279,445,297,5,4,4
1554,30073,18288,1,0.8841263055801392,0.9360604286193848,0.051934123039245605,1,292,533,1112,651,228,291,291
1555,30103,8135,2,0.8963939547538757,0.9148078560829163,0.018413901329040527,1,200,861,1060,903,180,239,239
1556,30154,4868,2,0.8863298892974854,0.8660484552383423,-0.020281434059143066,0,401,18,18,16,328,143,143
1557,30345,16068,2,0.8989632725715637,0.9147164225578308,0.01575314998626709,1,192,1030,1261,1104,215,301,301
1558,30444,17090,8,0.9057053327560425,0.8906527757644653,-0.015052556991577148,0,16,1203,848,1163,15,13,13
1559,30451,18309,3,0.8908187747001648,0.9056740403175354,0.014855265617370605,1,51,323,267,305,64,59,59
1560,30454,18276,6,0.8795842528343201,0.87288898229599,-0.006695270538330078,0,50,80,115,80,60,48,48
1561,30455,18280,4,0.8881883025169373,0.8702577948570251,-0.01793050765991211,0,43,57,65,53,38,23,23
1562,30577,11570,2,0.9123750329017639,0.9107639789581299,-0.0016110539436340332,0,248,880,1196,949,207,305,305
1563,30704,5186,2,0.9581906199455261,0.9113296270370483,-0.04686099290847778,0,41,215,1001,293,32,31,31
1564,30725,14604,2,0.912459135055542,0.919701874256134,0.007242739200592041,1,291,284,619,320,248,246,246
1565,30886,9383,2,0.8984321355819702,0.9327162504196167,0.034284114837646484,1,423,1260,1284,1279,379,540,540
1566,30946,5305,3,0.9269618391990662,0.8641688823699951,-0.06279295682907104,0,18,51,130,60,15,15,15
1567,30957,18261,3,0.8967143893241882,0.8874668478965759,-0.009247541427612305,0,393,1017,1017,1022,324,378,378
1568,30974,15606,2,0.9540148377418518,0.8866369724273682,-0.06737786531448364,0,65,80,990,140,68,72,72
1569,30976,18347,5,0.8692920207977295,0.8637417554855347,-0.005550265312194824,0,1167,1333,1190,1327,1193,1265,1265
1570,31077,11144,2,0.936915397644043,0.9625018239021301,0.025586426258087158,1,230,813,781,816,235,234,234
1571,31079,18355,2,0.895966649055481,0.9297307133674622,0.0337640643119812,1,42,975,1050,989,45,65,65
1572,31135,8813,2,0.8771663904190063,0.8781806826591492,0.0010142922401428223,1,641,16,21,14,632,314,314
1573,31287,18290,3,0.8496980667114258,0.9015103578567505,0.05181229114532471,1,1018,1147,694,1091,1060,1076,1076
1574,31303,6345,3,0.8908166885375977,0.892174482345581,0.0013577938079833984,1,794,863,853,860,793,853,853
1575,31313,17991,2,0.9294106960296631,0.9321666359901428,0.0027559399604797363,1,336,277,234,263,314,265,265
1576,31364,18255,2,0.824913740158081,0.9058290123939514,0.08091527223587036,1,141,1114,694,1080,164,160,160
1577,31386,10110,3,0.9161556959152222,0.8843029141426086,-0.031852781772613525,0,685,282,499,310,736,665,665
1578,31431,17566,2,0.8598667979240417,0.919182538986206,0.05931574106216431,1,52,1230,1251,1237,43,81,81
1579,31445,18307,3,0.9118301272392273,0.8801287412643433,-0.03170138597488403,0,650,209,214,201,634,499,499
1580,31487,5686,2,0.8418867588043213,0.8638526201248169,0.021965861320495605,1,1312,194,90,167,1294,1255,1255
1581,31545,18307,5,0.8684079051017761,0.8390899896621704,-0.029317915439605713,0,1274,534,498,519,1271,1262,1262
1582,31669,18044,2,0.8745368719100952,0.8679681420326233,-0.006568729877471924,0,170,116,100,113,237,123,123
1583,31686,9968,2,0.8456899523735046,0.8779065608978271,0.03221660852432251,1,901,652,519,630,852,822,822
1584,31688,10251,2,0.8549010157585144,0.9078748226165771,0.052973806858062744,1,1001,816,337,738,1023,1000,1000
1585,31762,14841,1,0.9386510252952576,0.9034674167633057,-0.035183608531951904,0,387,278,623,321,347,336,336
1586,31773,8308,3,0.8887727856636047,0.879524827003479,-0.009247958660125732,0,1014,796,837,798,1069,1140,1140
1587,31774,5868,2,0.9492940902709961,0.940628707408905,-0.008665382862091064,0,319,95,279,110,281,199,199
1588,31778,11023,2,0.9056722521781921,0.9443798065185547,0.03870755434036255,1,93,572,1022,650,79,91,91
1589,31803,18250,6,0.930780827999115,0.8907992243766785,-0.03998160362243652,0,36,718,845,737,24,30,30
1590,31818,18307,3,0.8970337510108948,0.8793997764587402,-0.01763397455215454,0,795,185,217,185,769,634,634
1591,31864,14601,2,0.8522475361824036,0.9068943858146667,0.054646849632263184,1,687,978,895,980,679,737,737
1592,31910,10152,2,0.9313629269599915,0.8981887102127075,-0.033174216747283936,0,306,162,1195,247,309,412,412
1593,31936,13064,1,0.8281002640724182,0.9407030940055847,0.1126028299331665,1,1138,1268,1150,1260,1163,1221,1221
1594,32040,18289,3,0.9515700340270996,0.9173183441162109,-0.03425168991088867,0,47,301,476,318,43,18,18
1595,32082,11615,2,0.9423124194145203,0.9380571246147156,-0.0042552947998046875,0,95,301,633,332,62,65,65
1596,32154,18349,3,0.8829712271690369,0.9039275050163269,0.02095627784729004,1,1194,487,420,478,1199,1185,1185
1597,32518,18334,2,0.9324984550476074,0.9080691337585449,-0.0244293212890625,0,250,147,266,162,198,151,151
1598,32556,13328,2,0.929900586605072,0.9085428714752197,-0.021357715129852295,0,4,490,1061,574,4,5,5
1599,32631,17566,3,0.8601430654525757,0.9037442207336426,0.043601155281066895,1,153,1299,1156,1286,155,204,204
1600,32635,13448,1,0.9156558513641357,0.9283068776130676,0.012651026248931885,1,304,342,1031,447,393,485,485
1601,32673,18261,2,0.8405165672302246,0.9007216095924377,0.060205042362213135,1,167,966,1146,1004,117,170,170
1602,32681,18272,3,0.8683254718780518,0.9253923892974854,0.057066917419433594,1,867,446,202,391,821,677,677
1603,32704,15563,2,0.9254394769668579,0.9422371983528137,0.01679772138595581,1,148,225,329,231,149,79,79
1604,32746,17266,1,0.9505559802055359,0.9593747854232788,0.00881880521774292,1,2,563,1062,636,2,3,3
1605,32750,18281,2,0.9033980369567871,0.8480782508850098,-0.055319786071777344,0,547,42,62,43,513,322,322
1606,32818,18307,4,0.8803306221961975,0.877132773399353,-0.0031978487968444824,0,416,289,219,271,414,335,335
1607,32856,18231,3,0.840692400932312,0.860129177570343,0.019436776638031006,1,701,717,343,637,619,578,578
1608,32858,17437,1,0.7822265028953552,0.9039937257766724,0.12176722288131714,1,1221,1183,302,1075,1275,1253,1253
1609,32884,13348,2,0.8314449191093445,0.9398539662361145,0.10840904712677002,1,1015,1085,742,1046,915,930,930
1610,32912,15063,2,0.8267677426338196,0.9196582436561584,0.09289050102233887,1,1144,1099,356,1023,1122,1077,1077
1611,32938,16049,2,0.8669842481613159,0.8885309100151062,0.021546661853790283,1,570,497,999,555,492,582,582
1612,32954,10861,1,0.8967071175575256,0.9076583981513977,0.01095128059387207,1,198,227,266,223,232,178,178
1613,32996,18334,3,0.8886383175849915,0.8954586982727051,0.006820380687713623,1,832,453,241,403,815,657,657
1614,33081,17441,1,0.9818508625030518,0.917086660861969,-0.06476420164108276,0,1,140,1316,251,1,5,5
1615,33116,18315,2,0.87186199426651,0.906303882598877,0.03444188833236694,1,451,303,530,331,322,300,300
1616,33155,9944,3,0.8020254373550415,0.8775291442871094,0.07550370693206787,1,244,1294,989,1282,254,319,319
1617,33156,18274,5,0.9042268991470337,0.8439948558807373,-0.06023204326629639,0,176,1032,1221,1095,182,268,268
1618,33159,18307,2,0.8854182362556458,0.8865945935249329,0.0011763572692871094,1,856,219,293,229,896,805,805
1619,33166,18307,2,0.9274566173553467,0.8864604234695435,-0.04099619388580322,0,48,54,285,65,63,42,42
1620,33184,11226,2,0.9169285297393799,0.8671837449073792,-0.04974478483200073,0,5,18,90,22,6,5,5
1621,33275,7091,2,0.903377890586853,0.9427266120910645,0.039348721504211426,1,722,946,592,894,735,728,728
1622,33432,17188,2,0.8739202618598938,0.8531062006950378,-0.020814061164855957,0,1105,16,28,18,1045,755,755
1623,33482,18177,3,0.9000675082206726,0.8880676627159119,-0.011999845504760742,0,713,213,313,222,633,552,552
1624,33502,12335,2,0.882360577583313,0.9347853064537048,0.052424728870391846,1,1283,884,811,879,1273,1296,1296
1625,33611,18307,5,0.872664213180542,0.8384957313537598,-0.03416848182678223,0,520,343,499,363,548,494,494
1626,33614,18334,3,0.8956179618835449,0.8960486054420471,0.00043064355850219727,1,862,250,239,246,823,719,719
1627,33655,16935,1,0.8070045113563538,0.8289885520935059,0.0219840407371521,1,832,136,9,76,811,445,445
1628,33659,18309,3,0.9224541783332825,0.9058713912963867,-0.016582787036895752,0,1052,354,270,341,984,865,865
1629,33690,18307,2,0.8664810061454773,0.8862366080284119,0.01975560188293457,1,1200,433,289,407,1217,1192,1192
1630,33786,18287,3,0.880601167678833,0.8437738418579102,-0.03682732582092285,0,134,1087,1333,1183,131,243,243
1631,33851,17477,2,0.9259527325630188,0.8993523120880127,-0.026600420475006104,0,1223,60,45,58,1129,930,930
1632,33913,13873,3,0.9125353097915649,0.9194391965866089,0.006903886795043945,1,238,1292,1302,1294,242,386,386
1633,34025,18290,2,0.9031639695167542,0.9130941033363342,0.009930133819580078,1,581,795,855,805,543,587,587
1634,34085,14757,1,0.8457772135734558,0.8221816420555115,-0.023595571517944336,0,929,65,5,37,962,637,637
1635,34141,18187,2,0.9370442032814026,0.9399001598358154,0.002855956554412842,1,574,175,308,173,462,390,390
1636,34248,17464,2,0.9057379364967346,0.93031245470047,0.02457451820373535,1,375,558,647,580,307,282,282
1637,34252,18334,2,0.9298194646835327,0.9079788327217102,-0.02184063196182251,0,90,136,269,145,87,65,65
1638,34273,18278,4,0.9271795749664307,0.8911722302436829,-0.0360073447227478,0,1112,139,181,142,1014,878,878
1639,34295,17303,1,0.9562432765960693,0.9194533228874207,-0.03678995370864868,0,92,216,655,242,70,45,45
1640,34360,16157,2,0.9451936483383179,0.9340834021568298,-0.011110246181488037,0,288,54,289,60,227,149,149
1641,34404,18290,3,0.8806130290031433,0.901729941368103,0.021116912364959717,1,1148,927,696,900,1135,1162,1162
1642,34423,17090,5,0.9063798189163208,0.8493907451629639,-0.056989073753356934,0,12,1210,1277,1232,13,13,13
1643,34424,18261,3,0.8966014385223389,0.8880202174186707,-0.008581221103668213,0,54,941,1000,956,49,58,58
1644,34432,14400,2,0.8360827565193176,0.8778587579727173,0.04177600145339966,1,1091,791,469,730,1102,1075,1075
1645,34482,18252,2,0.9308647513389587,0.9198853373527527,-0.010979413986206055,0,37,432,835,474,37,38,38
1646,34491,18315,3,0.9489489793777466,0.8930464386940002,-0.05590254068374634,0,1,202,464,231,1,1,1
1647,34604,18315,3,0.8966031670570374,0.8920813202857971,-0.004521846771240234,0,632,596,470,568,550,488,488
1648,34626,18326,5,0.8765488266944885,0.8893575072288513,0.012808680534362793,1,1013,831,539,779,1035,1012,1012
1649,34804,12274,1,0.8663565516471863,0.8921069502830505,0.025750398635864258,1,1048,664,980,725,899,969,969
1650,34836,17261,2,0.9676728844642639,0.9375314116477966,-0.030141472816467285,0,19,238,664,276,13,18,18
1651,34837,18190,3,0.957227349281311,0.9191672801971436,-0.03806006908416748,0,46,322,880,377,43,27,27
1652,34949,16948,2,0.9180693030357361,0.9435937404632568,0.025524437427520752,1,111,911,1248,1006,118,205,205
1653,34968,10130,2,0.9319223165512085,0.922903835773468,-0.009018480777740479,0,501,204,227,202,415,313,313
1654,34979,10153,2,0.8429508805274963,0.9079374074935913,0.06498652696609497,1,454,1254,1162,1243,431,553,553
1655,34989,18352,1,0.9097490906715393,0.8883633613586426,-0.02138572931289673,0,44,161,683,214,41,45,45
1656,35016,18195,2,0.9244605898857117,0.9059184789657593,-0.018542110919952393,0,20,262,726,315,20,19,19
1657,35022,18307,2,0.8263269662857056,0.8866362571716309,0.06030929088592529,1,1319,339,288,308,1305,1300,1300
1658,35031,18307,3,0.8685354590415955,0.880549967288971,0.012014508247375488,1,793,417,214,360,831,687,687
1659,35033,18258,3,0.907795250415802,0.89287269115448,-0.014922559261322021,0,629,564,724,583,601,615,615
1660,35044,18352,1,0.8083429336547852,0.8861788511276245,0.07783591747283936,1,1016,862,688,843,965,976,976
1661,35058,18298,2,0.912243664264679,0.9575684666633606,0.04532480239868164,1,34,1098,1035,1103,23,35,35
1662,35059,18309,2,0.7359342575073242,0.9104978442192078,0.17456358671188354,1,1233,1000,382,929,1170,1162,1162
1663,35068,18356,3,0.7715643644332886,0.9010578989982605,0.12949353456497192,1,492,972,838,1003,465,511,511
1664,35087,18346,4,0.9096550345420837,0.8862542510032654,-0.02340078353881836,0,274,626,924,681,212,219,219
1665,35089,16492,2,0.9561357498168945,0.9417861104011536,-0.014349639415740967,0,334,144,318,165,287,231,231
1666,35094,12924,2,0.8411915302276611,0.924492359161377,0.08330082893371582,1,335,1308,1217,1301,382,502,502
1667,35098,18209,2,0.9239264130592346,0.9332783818244934,0.009351968765258789,1,139,556,782,589,117,121,121
1668,35103,18334,2,0.7875304222106934,0.9095632433891296,0.12203282117843628,1,580,622,256,534,473,366,366
1669,35104,18334,2,0.9033896327018738,0.9086935520172119,0.005303919315338135,1,103,102,261,117,94,61,61
1670,35110,18307,3,0.8499443531036377,0.8807324767112732,0.030788123607635498,1,478,152,213,141,490,378,378
1671,35122,18309,2,0.9101408123970032,0.908800482749939,-0.001340329647064209,0,1186,351,391,353,1172,1164,1164
1672,35133,15755,2,0.9220025539398193,0.9488544464111328,0.026851892471313477,1,268,633,735,661,263,259,259
1673,35214,18341,3,0.9528784155845642,0.9122701287269592,-0.04060828685760498,0,58,352,627,396,53,56,56
1674,35218,18334,3,0.9201657772064209,0.8947227597236633,-0.02544301748275757,0,518,147,241,143,455,367,367
1675,35227,11501,2,0.847255289554596,0.9260013103485107,0.0787460207939148,1,752,1274,1287,1282,741,970,970
1676,35252,17943,2,0.7895790338516235,0.8396994471549988,0.050120413303375244,1,1308,86,50,62,1304,1233,1233
1677,35256,17588,2,0.8235061764717102,0.9143349528312683,0.0908287763595581,1,1206,612,135,501,1140,986,986
1678,35262,18276,2,0.9126379489898682,0.8809414505958557,-0.03169649839401245,0,516,59,96,65,531,365,365
1679,35280,18327,2,0.9122836589813232,0.9379478693008423,0.025664210319519043,1,89,507,733,540,94,103,103
1680,35296,17588,3,0.9132172465324402,0.8914120197296143,-0.021805226802825928,0,688,213,189,202,613,436,436
1681,35391,18307,2,0.8954347968101501,0.8868839740753174,-0.008550822734832764,0,955,176,287,179,951,858,858
1682,35419,18287,2,0.8134516477584839,0.8749553561210632,0.061503708362579346,1,29,1315,1336,1320,32,61,61
1683,35446,18290,2,0.8569809198379517,0.9139992594718933,0.05701833963394165,1,52,168,844,206,57,66,66
1684,35458,18356,2,0.7945321202278137,0.9204286336898804,0.12589651346206665,1,439,904,875,913,425,490,490
1685,35470,18352,1,0.9097490906715393,0.8883633613586426,-0.02138572931289673,0,44,161,683,214,41,45,45
1686,35515,17090,2,0.8136712312698364,0.9146121740341187,0.10094094276428223,1,707,1332,1301,1328,546,757,757
1687,35526,18146,6,0.9108096957206726,0.8600702285766602,-0.05073946714401245,0,39,962,1204,1025,35,47,47
1688,35529,18134,3,0.864855945110321,0.8838919401168823,0.01903599500656128,1,1224,1222,1183,1213,1194,1255,1255
1689,35572,18356,2,0.830635666847229,0.9198648929595947,0.08922922611236572,1,253,1009,876,995,286,338,338
1690,35575,18280,4,0.9488946199417114,0.8712087869644165,-0.07768583297729492,0,216,28,65,33,207,96,96
1691,35579,18237,1,0.8471425771713257,0.8077481985092163,-0.039394378662109375,0,882,99,171,106,921,749,749
1692,35588,18248,2,0.9797946810722351,0.942930281162262,-0.036864399909973145,0,8,254,706,301,7,5,5
