row_id,user,target,rank,history_length,predicted_stay,target_stay_similarity,target_score
0,0,5458,25,1,0.38476380705833435,0.04536588117480278,1.6705940961837769
1,5,18349,1253,10,0.3899112045764923,0.03749062865972519,-1.2294822931289673
2,8,798,784,4,0.38098394870758057,0.03643171861767769,-0.22383549809455872
3,21,16785,868,1,0.38423943519592285,0.03709305077791214,-0.3228001892566681
4,28,18103,215,5,0.38195741176605225,0.036396533250808716,0.7562862038612366
5,31,800,73,3,0.38267937302589417,0.04265396296977997,1.3721176385879517
6,54,16989,240,6,0.38115736842155457,0.03921189159154892,0.7801012396812439
7,55,10102,1128,4,0.3813851773738861,0.033864229917526245,-0.7051055431365967
8,56,14613,723,2,0.38127845525741577,0.03380011394619942,-0.15343229472637177
9,80,7551,303,3,0.38102132081985474,0.037115756422281265,0.38992148637771606
10,99,1431,43,5,0.38130977749824524,0.037068143486976624,1.8111155033111572
11,122,18060,233,5,0.38154137134552,0.038340240716934204,0.7108688354492188
12,150,5838,167,2,0.38129642605781555,0.03575368970632553,0.9503161907196045
13,164,8,477,3,0.3809698224067688,0.04041780158877373,0.22647951543331146
14,165,8,278,5,0.3814692497253418,0.03880436345934868,0.6778618097305298
15,167,8,229,5,0.3815065920352936,0.042440786957740784,0.7297057509422302
16,168,18315,8,2,0.3813454210758209,0.04002856835722923,2.6298460960388184
17,169,18131,56,10,0.3880431652069092,0.03996356204152107,1.5654551982879639
18,171,18315,2,10,0.38721218705177307,0.0391324944794178,3.280379295349121
19,172,8,83,7,0.38367563486099243,0.03992508351802826,1.3271123170852661
20,173,18347,1203,10,0.38783568143844604,0.033822331577539444,-1.1293835639953613
21,174,8,21,6,0.3813222646713257,0.042730025947093964,1.9672329425811768
22,175,18277,562,2,0.3814548850059509,0.04272037744522095,0.10645416378974915
23,176,18277,81,10,0.38892096281051636,0.042972587049007416,1.4577478170394897
24,177,8,71,6,0.38109198212623596,0.04160119593143463,1.3205828666687012
25,178,8,172,10,0.38796964287757874,0.04131489619612694,0.9576504826545715
26,184,14630,87,10,0.3890855312347412,0.03703385591506958,1.4245773553848267
27,188,16043,786,3,0.38077130913734436,0.03630270063877106,-0.22938169538974762
28,195,6753,15,10,0.3864375650882721,0.03379262238740921,2.651989459991455
29,196,17024,139,3,0.3816491663455963,0.03341517597436905,0.9594094753265381
30,213,11,417,3,0.382224440574646,0.041059140115976334,0.35290783643722534
31,217,12,451,2,0.3812275230884552,0.036984607577323914,0.2020116150379181
32,226,17943,1267,3,0.3824599087238312,0.04436924308538437,-1.1517890691757202
33,229,7621,191,5,0.3809908628463745,0.039444804191589355,0.931465744972229
34,269,15737,770,4,0.38095495104789734,0.037562403827905655,-0.19466063380241394
35,277,18179,327,2,0.3812530040740967,0.035919010639190674,0.511520504951477
36,289,1736,1111,3,0.38132357597351074,0.03929862007498741,-0.750495195388794
37,303,14464,278,6,0.3817732036113739,0.03475691005587578,0.6375049352645874
38,315,7129,240,4,0.3810369670391083,0.036609359085559845,0.7985793948173523
39,321,10682,843,2,0.3808283507823944,0.03567887842655182,-0.3623373508453369
40,347,14009,600,3,0.3813343048095703,0.0332971066236496,0.024096596986055374
41,383,12643,1,1,0.3835226893424988,0.038569800555706024,4.427223205566406
42,406,15569,329,3,0.3824004828929901,0.04117907956242561,0.5753432512283325
43,408,13719,33,10,0.3873535692691803,0.03745335340499878,2.1610426902770996
44,414,17566,77,2,0.3810500502586365,0.032848455011844635,1.3357155323028564
45,416,18194,1096,2,0.38104405999183655,0.03513418883085251,-0.7707597017288208
46,421,17961,594,10,0.3887522220611572,0.0363989919424057,0.12187200784683228
47,450,8854,36,4,0.38133957982063293,0.037828415632247925,1.7883328199386597
48,475,17335,94,3,0.3811407685279846,0.03792938217520714,1.1179134845733643
49,476,18030,688,7,0.3827669322490692,0.03849456459283829,-0.07712490111589432
50,480,10293,438,2,0.38036108016967773,0.03755762055516243,0.27345985174179077
51,484,13676,105,9,0.3819412291049957,0.03717556595802307,1.299508810043335
52,493,6200,165,2,0.381177693605423,0.03450652211904526,0.9585889577865601
53,508,4080,541,6,0.3814447224140167,0.03489658981561661,0.10875408351421356
54,542,1429,437,2,0.3821336328983307,0.052196599543094635,0.35560235381126404
55,555,4208,1092,6,0.3813330829143524,0.03414054214954376,-0.6595185399055481
56,571,18320,691,10,0.3896443247795105,0.04070480912923813,-0.007209122180938721
57,573,18227,515,3,0.3821237087249756,0.039834313094615936,0.19219768047332764
58,586,18320,208,7,0.3834410011768341,0.03792860358953476,0.8039212226867676
59,611,7159,220,8,0.3816601037979126,0.038424860686063766,0.7101215124130249
60,617,18261,99,3,0.38213279843330383,0.037521250545978546,1.3000470399856567
61,621,18274,912,10,0.3890765309333801,0.0349942147731781,-0.3962286412715912
62,625,2943,582,2,0.380428284406662,0.0359342060983181,0.05927543342113495
63,642,18250,530,5,0.38126611709594727,0.03572069853544235,0.11308161169290543
64,658,18274,697,6,0.3816160559654236,0.03365547955036163,-0.1309126615524292
65,660,18307,1063,3,0.3804318606853485,0.038688138127326965,-0.5732283592224121
66,670,2424,1053,2,0.3817773163318634,0.037734515964984894,-0.6640773415565491
67,698,4462,144,2,0.3809812068939209,0.036953020840883255,0.9947206974029541
68,700,17980,928,2,0.380531907081604,0.034410260617733,-0.3956981897354126
69,701,8366,226,4,0.3812216520309448,0.03899335861206055,0.6788652539253235
70,704,15305,1230,3,0.38170456886291504,0.03485827147960663,-0.9988402128219604
71,719,16458,1125,7,0.3851092755794525,0.033203091472387314,-0.8151500225067139
72,724,18307,497,3,0.3807074725627899,0.03756602853536606,0.15733718872070312
73,730,13476,596,2,0.38113775849342346,0.03271292895078659,0.02521149069070816
74,736,11979,350,4,0.38096874952316284,0.03662273660302162,0.5867594480514526
75,737,18306,351,10,0.3885057270526886,0.03616589307785034,0.48549115657806396
76,738,12035,834,2,0.381176620721817,0.034753937274217606,-0.23958095908164978
77,754,607,1054,4,0.38171103596687317,0.03647240251302719,-0.6015975475311279
78,755,845,842,2,0.38063785433769226,0.03404129296541214,-0.32190945744514465
79,757,2045,6,3,0.3820147216320038,0.04149644449353218,2.6535942554473877
80,767,12901,1153,5,0.3813217878341675,0.03625178709626198,-0.8132269382476807
81,816,17881,13,6,0.38128983974456787,0.03682944178581238,2.5293467044830322
82,836,13323,434,2,0.38160982728004456,0.03780094534158707,0.2987489104270935
83,852,1869,2,10,0.3895687162876129,0.038870979100465775,3.9635987281799316
84,855,7522,16,6,0.3829021453857422,0.03957679122686386,2.5622618198394775
85,869,18285,396,4,0.3812029957771301,0.038988322019577026,0.46830233931541443
86,873,514,1,6,0.3815509080886841,0.04001515358686447,3.529848337173462
87,874,7572,310,2,0.38062402606010437,0.03893115371465683,0.6890813112258911
88,916,1451,870,2,0.38107728958129883,0.038308221846818924,-0.3566494882106781
89,945,17943,62,5,0.3821244239807129,0.04715124890208244,1.6467944383621216
90,954,47,593,2,0.38093364238739014,0.039194248616695404,-0.001766979694366455
91,958,5969,134,2,0.3807591199874878,0.03754260390996933,0.9836744666099548
92,1001,13086,334,1,0.38510099053382874,0.04444989562034607,0.5186383724212646
93,1008,50,202,2,0.38129183650016785,0.04148557037115097,0.7592964172363281
94,1021,51,1182,3,0.38085129857063293,0.03495582938194275,-0.9296032190322876
95,1029,18356,866,9,0.3816318213939667,0.0363163948059082,-0.33920496702194214
96,1040,16920,241,2,0.3814941644668579,0.040222227573394775,0.742290198802948
97,1088,58,69,2,0.3808038532733917,0.04019530862569809,1.1946492195129395
98,1107,11876,835,3,0.38298940658569336,0.03249029442667961,-0.2790891230106354
99,1111,18290,539,4,0.3826453983783722,0.0371728241443634,0.14808166027069092
100,1112,18330,22,2,0.38042715191841125,0.03701868653297424,1.6044952869415283
101,1140,1270,730,2,0.38103508949279785,0.033741243183612823,-0.12414009124040604
102,1147,9419,477,2,0.3812795579433441,0.041620686650276184,0.35330045223236084
103,1150,18287,134,10,0.3885357081890106,0.03420387953519821,1.1091947555541992
104,1152,18091,883,2,0.3809857666492462,0.039227619767189026,-0.37301120162010193
105,1154,9402,688,4,0.3816501200199127,0.04035672917962074,-0.08816961944103241
106,1158,17943,1252,3,0.3814828395843506,0.038958385586738586,-1.067018985748291
107,1159,18347,1195,4,0.3811587691307068,0.035185735672712326,-0.8942855000495911
108,1178,1784,271,2,0.38082894682884216,0.03818480297923088,0.6173732280731201
109,1188,17714,125,2,0.3810270428657532,0.03941163420677185,1.1081874370574951
110,1194,17090,77,2,0.380265474319458,0.03348745033144951,1.3918218612670898
111,1197,18309,257,8,0.3815574645996094,0.03799142315983772,0.6195218563079834
112,1207,16414,499,3,0.38100892305374146,0.036803312599658966,0.16874085366725922
113,1211,64,1330,4,0.38169002532958984,0.033809974789619446,-1.6360901594161987
114,1238,17086,642,3,0.38052403926849365,0.03474735468626022,-0.012159869074821472
115,1242,11385,104,3,0.3813628852367401,0.042450278997421265,1.0420526266098022
116,1255,5718,1092,2,0.3814823627471924,0.03842086344957352,-0.7611571550369263
117,1273,7199,149,2,0.381978303194046,0.03847351297736168,1.0118268728256226
118,1293,18261,762,4,0.3811623752117157,0.035230014473199844,-0.1839098483324051
119,1298,18272,846,3,0.3810417950153351,0.038435518741607666,-0.3134233057498932
120,1300,17494,98,4,0.38151535391807556,0.038117505609989166,1.2894256114959717
121,1304,18280,85,3,0.380565881729126,0.038633059710264206,1.3385846614837646
122,1308,7145,755,2,0.3811905086040497,0.036220040172338486,-0.16723810136318207
123,1315,18347,1033,4,0.3817042112350464,0.032830674201250076,-0.6451502442359924
124,1331,18290,753,3,0.38138794898986816,0.03715789318084717,-0.2466334104537964
125,1357,18307,1217,5,0.38178443908691406,0.036353420466184616,-0.926546573638916
126,1361,18207,931,2,0.38060373067855835,0.038576968014240265,-0.39222410321235657
127,1366,10154,738,5,0.3811478614807129,0.03675799071788788,-0.17897182703018188
128,1378,2470,1109,4,0.38132885098457336,0.03923796862363815,-0.7406166195869446
129,1389,7643,947,4,0.38206079602241516,0.03488929569721222,-0.5095797777175903
130,1394,17077,547,3,0.3808993697166443,0.03533511981368065,0.05689860135316849
131,1404,18346,195,2,0.3819085657596588,0.036028750240802765,0.9243432879447937
132,1407,18271,663,5,0.3810447156429291,0.037097830325365067,-0.029113642871379852
133,1414,18304,14,3,0.38108545541763306,0.03454991430044174,1.7395203113555908
134,1421,17409,1221,3,0.3806324005126953,0.035005293786525726,-1.0595104694366455
135,1430,10084,870,2,0.3809015154838562,0.03430018946528435,-0.31905025243759155
136,1440,18346,324,1,0.38424789905548096,0.03596518933773041,0.5502197742462158
137,1463,1710,561,9,0.3818148076534271,0.038832131773233414,0.09711754322052002
138,1482,11166,161,5,0.38220709562301636,0.03579390421509743,0.8544189929962158
139,1502,17137,832,3,0.38230228424072266,0.033638808876276016,-0.3191959857940674
140,1513,254,516,4,0.3820396363735199,0.03532344847917557,0.20004209876060486
141,1514,16042,543,2,0.38034704327583313,0.03845633193850517,0.1842174082994461
142,1527,4755,448,2,0.3807187080383301,0.03429434075951576,0.306456983089447
143,1530,18287,182,6,0.381514310836792,0.03400851786136627,0.8192865252494812
144,1542,6290,632,3,0.38187241554260254,0.03520410507917404,0.040243297815322876
145,1543,6900,75,4,0.38053256273269653,0.03685521334409714,1.2810953855514526
146,1555,6355,333,7,0.38291075825691223,0.03767403960227966,0.41794973611831665
147,1573,17566,173,4,0.38075801730155945,0.033072568476200104,0.7561049461364746
148,1579,18030,803,4,0.3824550211429596,0.034926533699035645,-0.2288351058959961
149,1619,4638,930,3,0.38175222277641296,0.036042146384716034,-0.433676540851593
150,1625,16793,398,10,0.3909168839454651,0.03836832940578461,0.31364601850509644
151,1646,2727,274,2,0.3806982934474945,0.035425279289484024,0.6227725148200989
152,1657,8794,55,4,0.3811711072921753,0.03535255789756775,1.378731608390808
153,1658,17962,173,3,0.3814481496810913,0.038338519632816315,0.8643912076950073
154,1673,15257,37,10,0.38860300183296204,0.038154393434524536,2.4079949855804443
155,1697,18237,1083,10,0.3891266882419586,0.04127495735883713,-0.8239020109176636
156,1706,3086,375,5,0.3822813034057617,0.035250257700681686,0.29924315214157104
157,1709,3743,1091,2,0.38012245297431946,0.03997870907187462,-0.6980220079421997
158,1776,101,304,3,0.38252297043800354,0.035236455500125885,0.7159134149551392
159,1790,18272,105,10,0.3879964053630829,0.03999173268675804,1.1449732780456543
160,1791,101,161,5,0.3814955949783325,0.03496837615966797,1.0120378732681274
161,1811,12401,9,1,0.38245174288749695,0.03561146557331085,2.0609793663024902
162,1825,6669,582,6,0.3810696303844452,0.03954671323299408,0.09299472719430923
163,1836,9935,921,2,0.3830487132072449,0.047604240477085114,-0.46662232279777527
164,1858,12327,890,2,0.380330890417099,0.032469626516103745,-0.44026511907577515
165,1864,108,1181,2,0.38115426898002625,0.03885606303811073,-0.9308441877365112
166,1882,12872,109,7,0.384398490190506,0.038583122193813324,1.3428184986114502
167,1885,6041,891,3,0.38068780303001404,0.03659778833389282,-0.3417564332485199
168,1887,11230,1223,3,0.38113343715667725,0.03431598097085953,-0.9997375011444092
169,1898,18288,260,6,0.3824947476387024,0.034039802849292755,0.7309880256652832
170,1900,604,105,4,0.38071033358573914,0.037232451140880585,1.1012393236160278
171,1939,11149,1051,3,0.3807602524757385,0.0353395938873291,-0.6072092652320862
172,1947,17844,262,1,0.38279157876968384,0.03522429242730141,0.7257479429244995
173,1960,9931,1036,3,0.38122281432151794,0.037106603384017944,-0.6218461394309998
174,1965,115,118,3,0.3816324472427368,0.03553357720375061,1.1617755889892578
175,1978,5515,595,5,0.3815833032131195,0.03576084226369858,0.038927752524614334
176,2003,11676,5,10,0.3879489600658417,0.03630540519952774,2.3372766971588135
177,2021,121,209,3,0.38083788752555847,0.035063304007053375,0.9161993861198425
178,2026,4236,556,3,0.3813919723033905,0.03443733602762222,0.11495937407016754
179,2040,18237,324,6,0.38141128420829773,0.04167734459042549,0.4490031898021698
180,2046,2321,639,3,0.3816906809806824,0.03822297602891922,-0.0907217264175415
181,2047,10985,52,4,0.3817819356918335,0.04376785457134247,1.3906283378601074
182,2089,15543,1021,2,0.38093653321266174,0.037918850779533386,-0.6298770308494568
183,2090,7838,454,4,0.3812169134616852,0.03621147200465202,0.26402708888053894
184,2112,7115,56,6,0.3812670111656189,0.04156765714287758,1.7079789638519287
185,2136,4673,3,2,0.3808382451534271,0.037154991179704666,3.0822794437408447
186,2156,14449,95,2,0.38064226508140564,0.03872648626565933,1.2532589435577393
187,2158,13983,989,3,0.38078776001930237,0.04178822040557861,-0.5462052226066589
188,2169,186,555,4,0.3816370964050293,0.03727186098694801,0.0682632103562355
189,2202,804,21,3,0.38104990124702454,0.03854453191161156,1.7598916292190552
190,2203,11599,2,2,0.38019654154777527,0.03662477061152458,4.190184116363525
191,2226,18035,308,4,0.38103964924812317,0.039473675191402435,0.5620993375778198
192,2245,18298,303,4,0.3813630938529968,0.03429698199033737,0.5700479745864868
193,2249,18131,344,1,0.38531407713890076,0.03708910942077637,0.4200699031352997
194,2269,139,434,5,0.38119664788246155,0.034823108464479446,0.3651082217693329
195,2285,9624,1009,1,0.3848305940628052,0.03215496242046356,-0.6097525358200073
196,2298,10507,12,5,0.3819850981235504,0.03985491394996643,2.383129119873047
197,2302,2884,456,4,0.38109520077705383,0.03763585165143013,0.3405613899230957
198,2307,18292,74,2,0.3802066445350647,0.03513069823384285,1.2264494895935059
199,2334,1787,10,9,0.3828790783882141,0.03735797107219696,2.749173879623413
200,2346,147,1,2,0.38144996762275696,0.04246219992637634,7.419013023376465
201,2347,147,1037,9,0.38180267810821533,0.038332682102918625,-0.524054229259491
202,2355,13716,41,2,0.38115206360816956,0.0369580015540123,1.567610740661621
203,2372,379,22,3,0.38360369205474854,0.04087556526064873,1.8712217807769775
204,2376,5714,255,5,0.3815918266773224,0.036979347467422485,0.5921347141265869
205,2391,10506,5,4,0.38167744874954224,0.03727811947464943,2.989405393600464
206,2403,16646,418,2,0.38094836473464966,0.034164298325777054,0.33012691140174866
207,2404,18272,5,5,0.382081538438797,0.04134880006313324,3.7859385013580322
208,2412,3114,363,6,0.3815598487854004,0.03849645331501961,0.3779374063014984
209,2422,6013,8,2,0.38109952211380005,0.03708156198263168,2.273880958557129
210,2428,17715,1272,3,0.38209840655326843,0.039859987795352936,-1.274269938468933
211,2444,8791,895,3,0.38090482354164124,0.03518838435411453,-0.435078889131546
212,2456,16478,142,9,0.3821927607059479,0.03556999936699867,0.9471826553344727
213,2465,11627,38,10,0.3866560459136963,0.03492164611816406,2.0380842685699463
214,2470,18088,1311,5,0.3813599944114685,0.03795655816793442,-1.3275234699249268
215,2497,7588,126,3,0.38163551688194275,0.042018745094537735,1.1727908849716187
216,2505,16178,307,7,0.38295140862464905,0.04758630692958832,0.4956153631210327
217,2508,1412,165,1,0.3831477761268616,0.034484636038541794,0.8314816951751709
218,2511,7518,15,2,0.38252925872802734,0.04333019256591797,2.3199892044067383
219,2546,12944,1066,6,0.3811142146587372,0.039619069546461105,-0.6164000034332275
220,2549,17179,327,3,0.38097772002220154,0.03546445816755295,0.47910088300704956
221,2555,1255,847,4,0.3808688521385193,0.03725022077560425,-0.32758453488349915
222,2576,15523,1091,4,0.3805132508277893,0.03771514445543289,-0.6610521674156189
223,2608,18280,131,5,0.3812086582183838,0.04075657203793526,0.975696861743927
224,2615,719,14,2,0.3808756470680237,0.03903154283761978,2.097707509994507
225,2622,13211,35,2,0.3816978931427002,0.03809183090925217,1.5555956363677979
226,2641,5073,422,5,0.38154342770576477,0.039891913533210754,0.36182889342308044
227,2643,9111,661,1,0.3841708302497864,0.04104398563504219,-0.1075582206249237
228,2663,2701,866,2,0.3805629014968872,0.03323214501142502,-0.3509399890899658
229,2664,17862,368,10,0.38628020882606506,0.03624951094388962,0.5067490935325623
230,2667,18131,1242,9,0.3816775381565094,0.038945332169532776,-1.044613003730774
231,2677,183,507,5,0.3817274272441864,0.03769424557685852,0.2770029902458191
232,2708,2440,423,2,0.38221099972724915,0.034108102321624756,0.21824871003627777
233,2714,2889,276,2,0.3812100887298584,0.03651713207364082,0.6546374559402466
234,2720,9107,1287,2,0.3807603716850281,0.036538299173116684,-1.1934690475463867
235,2730,14579,167,4,0.3809208571910858,0.035583026707172394,0.8140320181846619
236,2775,4638,441,4,0.38070860505104065,0.0360930860042572,0.30626654624938965
237,2777,17856,380,10,0.392343133687973,0.03897446393966675,0.38431888818740845
238,2784,16266,417,2,0.3812641203403473,0.037432484328746796,0.328100323677063
239,2821,12212,33,2,0.3813047409057617,0.0379704050719738,1.935075283050537
240,2833,18337,143,5,0.3821130692958832,0.03952217102050781,1.0859150886535645
241,2845,18134,1242,2,0.3807031810283661,0.03456610441207886,-1.0315207242965698
242,2858,2179,503,3,0.382381796836853,0.040351517498493195,0.18800723552703857
243,2859,2770,786,4,0.3817044198513031,0.03888511657714844,-0.2457035630941391
244,2870,5260,1007,2,0.38079583644866943,0.03432208672165871,-0.5730088353157043
245,2885,8431,964,4,0.3812674283981323,0.040206581354141235,-0.47598645091056824
246,2889,4313,98,2,0.3804909586906433,0.03633706271648407,1.2272818088531494
247,2898,5355,387,2,0.3808903396129608,0.03639476001262665,0.43058788776397705
248,2903,951,392,6,0.38127583265304565,0.03502862900495529,0.41214102506637573
249,2930,548,62,2,0.3812260031700134,0.036229368299245834,1.389634132385254
250,2949,2424,776,2,0.38102686405181885,0.040391705930233,-0.22057613730430603
251,2961,203,34,8,0.3819374740123749,0.04041174799203873,1.5755741596221924
252,2972,205,419,5,0.3814620077610016,0.03928246349096298,0.31394240260124207
253,2975,16243,628,5,0.38207799196243286,0.03483721986413002,-0.05358915030956268
254,2981,18159,577,2,0.3806840777397156,0.03832663595676422,0.08514074981212616
255,2984,6979,12,3,0.38129907846450806,0.03971542790532112,2.0715484619140625
256,2997,4527,312,10,0.3879404366016388,0.03821653872728348,0.5971576571464539
257,3004,17961,977,4,0.381023108959198,0.03597699850797653,-0.46981334686279297
258,3030,5593,500,10,0.390411913394928,0.038552384823560715,0.1412927657365799
259,3037,10168,88,3,0.3815321922302246,0.03699120506644249,1.4161180257797241
260,3046,18200,383,6,0.3813309073448181,0.03668279945850372,0.2695011794567108
261,3077,18334,1088,10,0.3873842656612396,0.03898796811699867,-0.7335776090621948
262,3106,4930,11,6,0.3816300332546234,0.035150688141584396,1.9483311176300049
263,3113,14081,837,2,0.38110557198524475,0.03540666773915291,-0.3169994354248047
264,3128,8849,4,9,0.3826065957546234,0.035679787397384644,2.2626564502716064
265,3145,16958,66,2,0.3802396357059479,0.035707514733076096,1.492308259010315
266,3158,233,80,2,0.38133108615875244,0.03684964030981064,1.3985509872436523
267,3195,6097,204,5,0.381504088640213,0.03978191316127777,0.7579112648963928
268,3198,17779,286,2,0.3806517720222473,0.03815498948097229,0.700605034828186
269,3207,17605,1177,2,0.38109758496284485,0.03764764219522476,-0.9307979345321655
270,3250,11854,94,8,0.38120922446250916,0.04061933979392052,1.2440681457519531
271,3262,15370,50,2,0.38117262721061707,0.037820201367139816,1.6162078380584717
272,3288,16014,438,2,0.38081520795822144,0.034986257553100586,0.35493600368499756
273,3301,15745,504,2,0.3806438446044922,0.03507530316710472,0.34098345041275024
274,3321,17098,663,1,0.3841853737831116,0.03701521456241608,-0.08062949031591415
275,3329,14823,805,10,0.38974905014038086,0.03725762665271759,-0.23143109679222107
276,3330,13721,152,3,0.38080206513404846,0.03576302528381348,0.922438383102417
277,3331,12873,232,9,0.38199105858802795,0.03657398372888565,0.8708204030990601
278,3334,17699,181,3,0.38143253326416016,0.042097531259059906,1.0208302736282349
279,3343,11332,278,2,0.3804159164428711,0.03562318906188011,0.7629281878471375
280,3363,13605,1200,5,0.38173311948776245,0.037547141313552856,-0.8407412767410278
281,3364,18083,633,3,0.3810025453567505,0.03935819864273071,0.016885697841644287
282,3366,11572,15,4,0.3808950185775757,0.0372953861951828,1.9806716442108154
283,3374,10073,116,1,0.38290074467658997,0.0408177524805069,1.3383392095565796
284,3381,14970,71,3,0.3806908428668976,0.03615887463092804,1.2292962074279785
285,3389,7037,126,10,0.3875836730003357,0.03686069697141647,1.2473688125610352
286,3391,17951,250,2,0.38063743710517883,0.03901510313153267,0.8845386505126953
287,3392,5053,147,6,0.38153114914894104,0.03561678156256676,0.995003879070282
288,3393,6337,194,2,0.38058575987815857,0.035916075110435486,0.9529868364334106
289,3402,2120,428,2,0.3804135024547577,0.03453334420919418,0.39067503809928894
290,3406,14864,841,2,0.3808337450027466,0.04124359041452408,-0.2778463363647461
291,3448,17787,230,10,0.38884082436561584,0.04184165969491005,1.0247042179107666
292,3453,8500,757,9,0.38199931383132935,0.03561774641275406,-0.13761186599731445
293,3463,15457,664,3,0.38046133518218994,0.03685596212744713,-0.029891759157180786
294,3477,17443,634,2,0.38123446702957153,0.03774383291602135,0.06013931334018707
295,3484,5294,1329,2,0.3812173902988434,0.03465009480714798,-1.6137974262237549
296,3492,4801,238,2,0.3811333477497101,0.03678908944129944,0.775667667388916
297,3552,4211,120,10,0.389321893453598,0.03717140853404999,1.2190580368041992
298,3553,4223,994,2,0.3807869851589203,0.03958898037672043,-0.5748336315155029
299,3556,8726,156,2,0.3808751106262207,0.03680117800831795,0.9640179872512817
300,3576,5100,45,4,0.3812926709651947,0.03947486728429794,1.6878068447113037
301,3580,18274,986,10,0.38750752806663513,0.0340140163898468,-0.5797978043556213
302,3589,15493,25,5,0.3813917636871338,0.036739692091941833,1.6857829093933105
303,3616,17951,331,10,0.38880273699760437,0.039047837257385254,0.6970796585083008
304,3652,9918,99,2,0.38056522607803345,0.034832872450351715,1.2181363105773926
305,3653,18200,693,2,0.38025134801864624,0.03493773564696312,-0.09626200795173645
306,3656,5170,229,2,0.3800615072250366,0.036855071783065796,0.7577914595603943
307,3697,18014,318,5,0.38145965337753296,0.03861032426357269,0.6841266751289368
308,3703,16193,1145,2,0.382823646068573,0.04138917475938797,-0.8049084544181824
309,3771,260,8,2,0.3811776041984558,0.03839125484228134,1.8138728141784668
310,3774,17477,589,4,0.3811558783054352,0.0393868088722229,0.06267251074314117
311,3783,7607,651,2,0.38137415051460266,0.03448479250073433,-0.002610977739095688
312,3785,8120,248,3,0.3813179135322571,0.033397652208805084,0.7226144075393677
313,3819,16369,175,4,0.38135647773742676,0.035833731293678284,0.9468152523040771
314,3823,17814,37,3,0.38105982542037964,0.03600364923477173,1.4184703826904297
315,3828,3042,588,2,0.3804100751876831,0.03562840819358826,0.066358283162117
316,3860,14357,2,3,0.3811546564102173,0.03564833849668503,2.3952817916870117
317,3862,7747,403,2,0.3802680969238281,0.03712944686412811,0.36524853110313416
318,3863,5444,44,3,0.3810635507106781,0.03884247690439224,1.3747713565826416
319,3895,2587,602,6,0.38165560364723206,0.035150572657585144,0.14181701838970184
320,3936,5680,488,5,0.38152605295181274,0.03567388281226158,0.20893041789531708
321,3940,2453,45,2,0.3812229335308075,0.03959111124277115,1.497808814048767
322,3954,9516,47,2,0.38083359599113464,0.0371236577630043,1.4178839921951294
323,3988,11969,249,3,0.380703866481781,0.03675725311040878,0.6862403750419617
324,4001,9516,195,2,0.38100335001945496,0.0361616276204586,0.8513798713684082
325,4004,15311,670,3,0.38132619857788086,0.03472578153014183,-0.00258009135723114
326,4024,1880,39,2,0.38103926181793213,0.037835728377103806,1.5629172325134277
327,4039,587,628,2,0.3812461495399475,0.038273006677627563,0.12503549456596375
328,4041,16234,25,1,0.38368359208106995,0.03665284067392349,1.8191373348236084
329,4070,14500,675,9,0.38217151165008545,0.03557497635483742,-0.08214350044727325
330,4082,5170,100,4,0.3813851773738861,0.04065651446580887,1.2657803297042847
331,4083,2799,62,2,0.38121989369392395,0.037064023315906525,1.3611340522766113
332,4088,17462,277,9,0.38241633772850037,0.03575024753808975,0.7530928254127502
333,4107,8155,593,1,0.3848624527454376,0.04152769222855568,0.13911259174346924
334,4109,13126,190,3,0.3808894157409668,0.03651314228773117,0.7905517220497131
335,4116,251,735,4,0.3815453052520752,0.036880455911159515,-0.20751549303531647
336,4117,2404,723,2,0.3812774121761322,0.03893867880105972,-0.12808692455291748
337,4132,18150,621,4,0.38098374009132385,0.03472799435257912,0.010397756472229958
338,4217,1009,1101,3,0.3822063207626343,0.03560348227620125,-0.7624098658561707
339,4223,11135,243,1,0.38348329067230225,0.03929537534713745,0.7149291634559631
340,4224,5213,34,1,0.38259226083755493,0.03820112347602844,1.5988863706588745
341,4229,2947,775,3,0.38200756907463074,0.0365452766418457,-0.17654795944690704
342,4233,17331,5,2,0.38069525361061096,0.0376996248960495,2.8128414154052734
343,4237,18133,301,3,0.38101840019226074,0.03669755905866623,0.7043164968490601
344,4257,13506,491,2,0.3807137906551361,0.034290559589862823,0.2813431918621063
345,4275,8120,113,3,0.3808216452598572,0.03466843068599701,1.0477159023284912
346,4277,14960,1149,5,0.3817686140537262,0.03902750462293625,-0.831191897392273
347,4279,5583,1202,8,0.3816286027431488,0.0421811118721962,-0.948354959487915
348,4286,12782,436,4,0.38050416111946106,0.03861013799905777,0.30101442337036133
349,4290,16494,1112,2,0.38037338852882385,0.035792022943496704,-0.707536518573761
350,4310,13506,1232,3,0.38081687688827515,0.033912405371665955,-1.0139871835708618
351,4328,17853,366,1,0.3846837282180786,0.03811849653720856,0.5840003490447998
352,4335,18274,8,4,0.38080358505249023,0.036323197185993195,3.218414783477783
353,4340,2884,560,2,0.38108029961586,0.03659150376915932,0.1987970918416977
354,4372,9615,1203,9,0.38155433535575867,0.038550060242414474,-0.9465211629867554
355,4426,270,183,2,0.38055530190467834,0.03681730479001999,0.8204042911529541
356,4521,278,89,9,0.3817496597766876,0.038605399429798126,1.132785439491272
357,4542,9034,556,3,0.38151004910469055,0.037245895713567734,0.09753629565238953
358,4549,14448,559,6,0.38162919878959656,0.03574305400252342,0.16440969705581665
359,4550,11542,852,2,0.38158759474754333,0.03410402312874794,-0.35528576374053955
360,4594,15021,439,6,0.3815288245677948,0.03525736927986145,0.31251099705696106
361,4618,17477,591,4,0.3806372284889221,0.03795214369893074,0.08167773485183716
362,4690,17828,494,1,0.3839339017868042,0.04445204138755798,0.2786042392253876
363,4696,17862,963,6,0.3812772035598755,0.0359182134270668,-0.4840319752693176
364,4712,8500,127,2,0.3811388313770294,0.03905089199542999,1.1317989826202393
365,4715,17101,210,5,0.3815155327320099,0.03536643087863922,0.9518875479698181
366,4727,12207,61,3,0.3815450668334961,0.039492107927799225,1.4378405809402466
367,4737,15672,189,3,0.38059404492378235,0.03628820180892944,0.8693352937698364
368,4744,16265,1172,4,0.38134998083114624,0.033863574266433716,-0.8653916716575623
369,4747,7994,456,2,0.38105395436286926,0.03591988608241081,0.23276996612548828
370,4751,6234,49,5,0.3813169300556183,0.035621192306280136,1.3297297954559326
371,4761,1568,12,4,0.38097354769706726,0.040692370384931564,2.3061373233795166
372,4765,18288,582,2,0.38137099146842957,0.036489758640527725,0.16333037614822388
373,4773,18315,925,3,0.38140907883644104,0.03430815041065216,-0.4209723174571991
374,4794,18214,906,7,0.38250526785850525,0.03462842106819153,-0.32776015996932983
375,4801,6825,6,4,0.3807730972766876,0.03580792248249054,2.872429847717285
376,4850,14134,133,2,0.38087138533592224,0.03448914736509323,1.001508116722107
377,4855,303,538,2,0.38132110238075256,0.03483352065086365,0.11223626136779785
378,4869,18293,543,2,0.38147222995758057,0.03954029828310013,0.09967081248760223
379,4888,13729,9,2,0.3807899057865143,0.03803141787648201,2.734959602355957
380,4903,18307,1094,4,0.3808947503566742,0.03664406016469002,-0.7605998516082764
381,4907,10732,917,2,0.38035157322883606,0.03407793119549751,-0.4804736375808716
382,4925,17332,26,7,0.3836713135242462,0.035766102373600006,1.8578341007232666
383,4932,17479,1323,3,0.3821781575679779,0.038995787501335144,-1.5721005201339722
384,4962,18287,864,2,0.38130971789360046,0.03456766903400421,-0.3017423450946808
385,4981,18131,97,9,0.38160309195518494,0.03787097707390785,1.1028730869293213
386,4984,1898,792,2,0.38065484166145325,0.03674823045730591,-0.2833937406539917
387,4996,18303,285,6,0.3819485902786255,0.040685322135686874,0.8038814067840576
388,5003,18344,54,7,0.3830473721027374,0.035880282521247864,1.4969271421432495
389,5015,11173,1041,2,0.38073956966400146,0.037134185433387756,-0.6690201163291931
390,5040,16802,148,2,0.3809759020805359,0.03484058380126953,1.0459305047988892
391,5043,12445,277,3,0.3822534382343292,0.03580674156546593,0.6810033321380615
392,5058,5227,820,2,0.3815403878688812,0.0350453145802021,-0.2798539400100708
393,5087,323,695,3,0.3810839056968689,0.035280562937259674,-0.09783367812633514
394,5088,18274,14,5,0.3817732036113739,0.03507157415151596,2.6822304725646973
395,5090,9804,148,4,0.38104313611984253,0.036747850477695465,0.9609212875366211
396,5091,16665,201,2,0.3814329206943512,0.03847826272249222,0.8240951895713806
397,5112,14982,594,4,0.3814888298511505,0.032673537731170654,0.04053719341754913
398,5119,18306,240,4,0.3813236355781555,0.03544992208480835,0.6040613055229187
399,5154,18334,534,2,0.38286516070365906,0.04233875498175621,0.17009682953357697
400,5156,10477,359,2,0.3816574513912201,0.036746807396411896,0.41810452938079834
401,5182,1203,205,2,0.38178572058677673,0.038937248289585114,0.8578848242759705
402,5192,4324,98,2,0.3814160227775574,0.040157414972782135,1.3103630542755127
403,5195,17560,12,6,0.38102900981903076,0.03541380539536476,1.9946147203445435
404,5203,5920,15,10,0.39082327485084534,0.03670744597911835,2.201284646987915
405,5217,11453,703,2,0.38223570585250854,0.0397614948451519,-0.10552890598773956
406,5223,14897,171,1,0.3859834671020508,0.037901945412158966,0.9579187035560608
407,5233,2279,1254,5,0.3813677728176117,0.03554239869117737,-1.0673655271530151
408,5248,18290,15,7,0.3829213082790375,0.03667759150266647,2.5819358825683594
409,5258,7361,804,4,0.38176819682121277,0.03594638407230377,-0.24818098545074463
410,5264,18346,90,4,0.3815559446811676,0.036674320697784424,1.2217105627059937
411,5266,18280,232,3,0.38169407844543457,0.03533324599266052,0.7244086861610413
412,5271,13681,327,3,0.381447970867157,0.04233746975660324,0.46423429250717163
413,5292,13480,864,1,0.38445040583610535,0.03710085153579712,-0.4202975928783417
414,5311,2494,1065,3,0.38164106011390686,0.037549473345279694,-0.6933637857437134
415,5328,17243,36,2,0.3805815577507019,0.03570324182510376,1.799004077911377
416,5331,12853,140,1,0.38204285502433777,0.034605972468853,1.1682062149047852
417,5348,16609,266,2,0.38149070739746094,0.04411507770419121,0.718181848526001
418,5354,15991,30,2,0.3804117441177368,0.03622547537088394,1.71079421043396
419,5377,18322,434,3,0.3809429109096527,0.03772170841693878,0.40845638513565063
420,5386,9356,227,5,0.38222694396972656,0.04130047932267189,0.7585943937301636
421,5391,7114,124,2,0.381369411945343,0.03846625238656998,1.1702595949172974
422,5398,18291,108,10,0.3917168378829956,0.03715909272432327,1.1254639625549316
423,5402,354,866,2,0.3815995752811432,0.04075048863887787,-0.3288508355617523
424,5416,17596,520,6,0.381597101688385,0.036179766058921814,0.17231041193008423
425,5419,13400,130,8,0.38244426250457764,0.0353548526763916,1.0128871202468872
426,5420,16151,341,1,0.3819909989833832,0.03603620082139969,0.7189472913742065
427,5430,2632,750,2,0.3819180428981781,0.03743525594472885,-0.17788594961166382
428,5431,18133,437,3,0.38134297728538513,0.03523370623588562,0.28553852438926697
429,5523,11068,594,2,0.3809067904949188,0.03827892243862152,0.06692206114530563
430,5560,18307,1204,2,0.380350798368454,0.03449258580803871,-0.8523678779602051
431,5585,7809,1260,2,0.38136035203933716,0.037709593772888184,-1.1470063924789429
432,5592,18285,170,8,0.38135001063346863,0.03799552470445633,0.8487334251403809
433,5613,3522,555,6,0.3813222646713257,0.0427626296877861,0.06278780847787857
434,5627,6138,227,3,0.381022572517395,0.03629985451698303,0.7321776747703552
435,5630,18307,799,4,0.38074570894241333,0.03730207309126854,-0.2523263096809387
436,5636,10465,60,3,0.38081008195877075,0.03766985237598419,1.6529337167739868
437,5654,17798,157,3,0.38103047013282776,0.04111776873469353,1.026389241218567
438,5685,16546,197,4,0.38142129778862,0.035219356417655945,0.8604835867881775
439,5696,16456,226,2,0.3803802728652954,0.036324068903923035,0.9089400768280029
440,5740,11986,394,5,0.3825518786907196,0.038149747997522354,0.2562915086746216
441,5757,6276,548,5,0.38140416145324707,0.03513404354453087,0.13671846687793732
442,5765,12632,92,8,0.38120195269584656,0.03665841370820999,1.3005772829055786
443,5810,6647,170,8,0.3818940818309784,0.03652699291706085,0.9547077417373657
444,5839,17235,634,2,0.3823956251144409,0.03892935812473297,-0.062301263213157654
445,5891,17339,1212,3,0.38082411885261536,0.032910965383052826,-0.945357084274292
446,5897,2376,110,4,0.38125094771385193,0.03692056983709335,1.0653181076049805
447,5912,18310,1028,1,0.38290584087371826,0.043313346803188324,-0.6342560052871704
448,5935,14409,623,2,0.380422979593277,0.036748576909303665,0.04982505738735199
449,5945,17254,961,5,0.38272395730018616,0.033213451504707336,-0.45074793696403503
450,5967,9627,654,4,0.38230013847351074,0.0345076248049736,-0.060407206416130066
451,5970,15566,80,3,0.38140425086021423,0.04111224785447121,1.3386197090148926
452,5980,3713,405,2,0.38138309121131897,0.03748078644275665,0.3372158408164978
453,5986,6169,57,2,0.38046956062316895,0.038999222218990326,1.5108866691589355
454,6037,17335,396,5,0.3815544843673706,0.035315051674842834,0.46573391556739807
455,6059,400,983,3,0.38108348846435547,0.0362895131111145,-0.5530401468276978
456,6079,16802,133,3,0.3821274936199188,0.03729862719774246,1.1109752655029297
457,6081,14476,619,2,0.38107043504714966,0.03593174368143082,0.02972271479666233
458,6088,11633,66,4,0.38101404905319214,0.03608584403991699,1.5017883777618408
459,6091,6993,761,4,0.381298691034317,0.03760014474391937,-0.18415991961956024
460,6119,8559,56,1,0.38335123658180237,0.0389908105134964,1.462385892868042
461,6121,11858,122,4,0.3815520405769348,0.036996029317379,1.2435463666915894
462,6131,5521,186,4,0.3818807601928711,0.036437276750802994,0.9142622351646423
463,6134,16326,1130,4,0.38076725602149963,0.03850431740283966,-0.727908194065094
464,6159,4461,374,7,0.3830642104148865,0.03381819650530815,0.4633476734161377
465,6171,18095,7,3,0.38098645210266113,0.04095187038183212,2.9515209197998047
466,6174,8030,107,5,0.3811732530593872,0.03678503632545471,1.133814811706543
467,6176,17880,1120,4,0.38104337453842163,0.03676043450832367,-0.7757120728492737
468,6178,3513,395,3,0.381348192691803,0.03547743335366249,0.4487074017524719
469,6180,409,17,10,0.39025458693504333,0.034733545035123825,1.9410979747772217
470,6192,2712,132,3,0.3810228407382965,0.035282738506793976,1.0507969856262207
471,6201,9019,230,2,0.38125455379486084,0.03582492098212242,0.7204505205154419
472,6223,17425,1,2,0.38186541199684143,0.040477901697158813,2.912836790084839
473,6263,17137,715,5,0.38174861669540405,0.03351535275578499,-0.14135998487472534
474,6279,18132,663,8,0.3815002739429474,0.03695055469870567,0.007970735430717468
475,6287,3391,17,2,0.38111424446105957,0.040652427822351456,1.9880225658416748
476,6298,420,44,2,0.381468266248703,0.03842379152774811,1.7401593923568726
477,6299,420,36,2,0.3816545307636261,0.039837297052145004,1.8678193092346191
478,6366,14956,429,2,0.3818478286266327,0.034420229494571686,0.33060312271118164
479,6395,16802,189,5,0.3813185393810272,0.03486411273479462,0.9057183265686035
480,6476,2026,26,5,0.3835073709487915,0.040061093866825104,1.9361916780471802
481,6490,5685,342,4,0.38155436515808105,0.03905642405152321,0.4850013256072998
482,6497,16949,52,5,0.3816637098789215,0.03713188320398331,1.375616192817688
483,6525,18356,9,7,0.3828946053981781,0.03739932179450989,2.2976760864257812
484,6530,2185,47,4,0.3808540403842926,0.039546899497509,1.450862169265747
485,6539,17711,109,2,0.3807419240474701,0.03611887991428375,1.3279105424880981
486,6555,9516,188,2,0.38045257329940796,0.03619549423456192,0.8889758586883545
487,6577,17718,1327,5,0.381608784198761,0.0337253138422966,-1.4707452058792114
488,6584,12476,331,4,0.3815437853336334,0.03265360742807388,0.5094783306121826
489,6592,449,695,3,0.3812105357646942,0.036513105034828186,-0.03258221969008446
490,6606,9635,169,1,0.38384944200515747,0.03801871836185455,0.9046467542648315
491,6639,8286,257,2,0.3812892436981201,0.042592283338308334,0.6872544288635254
492,6663,7775,1148,3,0.3822289705276489,0.03620849549770355,-0.785038948059082
493,6668,17183,177,3,0.38086971640586853,0.036372847855091095,0.8771320581436157
494,6671,2372,325,1,0.3854557275772095,0.041641175746917725,0.5703724026679993
495,6675,14984,62,3,0.38095328211784363,0.04207209497690201,1.352513313293457
496,6676,18050,1227,3,0.38080498576164246,0.03380754962563515,-1.0132472515106201
497,6691,4929,85,2,0.3803074061870575,0.03882225602865219,1.346519112586975
498,6780,1723,483,2,0.3819570541381836,0.035577669739723206,0.2656404972076416
499,6799,16096,2,4,0.3814805746078491,0.041996896266937256,3.993557929992676
500,6800,13508,866,3,0.38069888949394226,0.03897343948483467,-0.3579585552215576
501,6831,460,344,2,0.38017815351486206,0.035504382103681564,0.4679604172706604
502,6852,1227,211,10,0.38863274455070496,0.0363619290292263,0.9586543440818787
503,6875,467,978,4,0.38164854049682617,0.03965827077627182,-0.5263307094573975
504,6900,16413,30,7,0.38368773460388184,0.037379190325737,1.6659613847732544
505,6909,17042,308,7,0.3832584321498871,0.03731999546289444,0.5025050044059753
506,6923,4244,559,6,0.3812776207923889,0.0377010814845562,0.10369839519262314
507,6927,15763,236,2,0.38072746992111206,0.03548138216137886,0.766758382320404
508,6938,17627,58,2,0.3818196952342987,0.03706091642379761,1.6304256916046143
509,6960,11650,317,2,0.38136544823646545,0.04169825464487076,0.522780179977417
510,6966,18334,448,4,0.3809550404548645,0.038408782333135605,0.29435986280441284
511,6969,18159,95,4,0.38179829716682434,0.04060908406972885,1.1730948686599731
512,6972,2670,258,4,0.3814859092235565,0.03851175308227539,0.7240907549858093
513,6990,18104,23,10,0.3880040943622589,0.038331300020217896,2.3188674449920654
514,7022,5911,233,3,0.38078612089157104,0.038647107779979706,0.5989556312561035
515,7032,3675,897,2,0.3813561201095581,0.03365562856197357,-0.45211008191108704
516,7037,1910,971,2,0.38059568405151367,0.0353519506752491,-0.48515933752059937
517,7045,3316,128,3,0.38133326172828674,0.03828347474336624,1.083926796913147
518,7069,18253,146,2,0.38194459676742554,0.03934582322835922,1.0237091779708862
519,7076,13152,1159,3,0.3820105195045471,0.03925155848264694,-0.8145217299461365
520,7089,7049,8,2,0.38280293345451355,0.042801328003406525,3.149207353591919
521,7092,487,687,2,0.3804442286491394,0.0374373123049736,-0.03705260530114174
522,7094,18214,1070,2,0.38055726885795593,0.034497976303100586,-0.769399106502533
523,7103,488,1165,3,0.3813079297542572,0.033978648483753204,-0.8433891534805298
524,7107,18356,743,2,0.38109755516052246,0.034658607095479965,-0.2030690759420395
525,7116,4497,9,3,0.38090020418167114,0.03835541382431984,2.6404809951782227
526,7128,490,1276,2,0.3822166323661804,0.035262979567050934,-1.246657133102417
527,7132,3114,784,3,0.3820263743400574,0.036268189549446106,-0.19565364718437195
528,7134,17494,506,6,0.3818799555301666,0.04061676561832428,0.20551687479019165
529,7137,18131,21,8,0.3823074400424957,0.04092706739902496,2.1693949699401855
530,7139,18320,1286,2,0.3831809163093567,0.0429018959403038,-1.389364242553711
531,7140,18137,1185,8,0.38203778862953186,0.03932974860072136,-0.8767533302307129
532,7141,18356,592,6,0.3814874291419983,0.03550414741039276,0.10014986991882324
533,7147,17862,131,3,0.3809041678905487,0.03397715091705322,1.0366270542144775
534,7151,18137,1223,2,0.380256325006485,0.03991609439253807,-1.0104316473007202
535,7152,18356,753,4,0.3816521465778351,0.03615259751677513,-0.20246931910514832
536,7160,18355,92,5,0.3807474374771118,0.03506392613053322,1.20754873752594
537,7209,16332,1225,2,0.3807981610298157,0.035787370055913925,-0.9658288955688477
538,7214,15658,1285,2,0.38075563311576843,0.03611692041158676,-1.3004025220870972
539,7222,16784,929,2,0.3810167610645294,0.03635604307055473,-0.5234204530715942
540,7247,18289,86,1,0.3833574652671814,0.03787148743867874,1.1684789657592773
541,7264,3771,4,3,0.38109713792800903,0.03602898493409157,2.0858452320098877
542,7401,2372,1070,2,0.38167378306388855,0.038171689957380295,-0.725534975528717
543,7402,9999,410,2,0.380696177482605,0.04023589938879013,0.39896515011787415
544,7404,8595,506,2,0.380977988243103,0.035487525165081024,0.21103300154209137
545,7415,3657,265,1,0.38498494029045105,0.04245911166071892,0.7270526885986328
546,7432,12964,509,4,0.3815833628177643,0.03596959635615349,0.30555659532546997
547,7451,7327,130,2,0.38202419877052307,0.041989780962467194,1.1546920537948608
548,7470,17252,633,6,0.38120216131210327,0.03503399342298508,-0.03984728455543518
549,7475,516,508,2,0.3806475102901459,0.03510928899049759,0.22952067852020264
550,7515,10992,465,2,0.38028231263160706,0.034245189279317856,0.3194432556629181
551,7554,15545,333,3,0.38232019543647766,0.03307589143514633,0.5326215028762817
552,7596,11813,978,2,0.3804178237915039,0.035506121814250946,-0.5393310785293579
553,7613,11633,657,3,0.3815101981163025,0.03405926749110222,-0.04370935261249542
554,7620,5795,3,3,0.38160911202430725,0.037404704838991165,2.703774929046631
555,7640,18226,42,3,0.38135069608688354,0.036082133650779724,1.5567948818206787
556,7641,2843,1166,2,0.3805905878543854,0.03177311643958092,-0.9165744185447693
557,7695,678,18,2,0.38109689950942993,0.036899395287036896,1.8267614841461182
558,7706,5171,219,3,0.38105645775794983,0.03546813130378723,0.7676538228988647
559,7728,18200,575,2,0.3814462125301361,0.038112688809633255,0.20916816592216492
560,7734,14318,301,1,0.3825489580631256,0.037232764065265656,0.6689857840538025
561,7756,17947,282,4,0.3811933398246765,0.039258673787117004,0.6086462736129761
562,7759,18150,224,7,0.38272836804389954,0.03756633400917053,0.9171559810638428
563,7770,18292,282,2,0.3818315863609314,0.03727656602859497,0.7488548159599304
564,7777,3020,621,2,0.38110414147377014,0.03621620312333107,0.04183860123157501
565,7784,18004,962,1,0.38275429606437683,0.03485383093357086,-0.423643559217453
566,7790,11979,280,4,0.38097459077835083,0.038545385003089905,0.6295769214630127
567,7805,6483,854,3,0.3819195628166199,0.041118208318948746,-0.2768530249595642
568,7809,15679,72,2,0.38059696555137634,0.03757280856370926,1.3240283727645874
569,7813,16298,82,4,0.3809206783771515,0.03712650388479233,1.2282333374023438
570,7817,3349,330,3,0.38120201230049133,0.03482736274600029,0.5992334485054016
571,7862,8699,26,9,0.3827962577342987,0.037124503403902054,1.7164530754089355
572,7874,8443,165,1,0.3826088607311249,0.036366336047649384,0.9860023260116577
573,7890,11573,119,7,0.383743554353714,0.03629138320684433,1.149301290512085
574,7891,18174,1047,1,0.3841637372970581,0.03862839192152023,-0.7203807234764099
575,7903,12339,1175,6,0.3812194764614105,0.03632218390703201,-0.9094054102897644
576,7917,6550,639,4,0.38087543845176697,0.04099711775779724,0.03398001194000244
577,7927,18275,462,1,0.3847041428089142,0.038850702345371246,0.4392707645893097
578,7950,18226,13,1,0.38635867834091187,0.03839513286948204,1.8563567399978638
579,7975,4085,374,2,0.3816305100917816,0.03554622828960419,0.5013778209686279
580,7982,554,1015,3,0.3806839883327484,0.03678368777036667,-0.5634885430335999
581,7988,11010,884,2,0.38046950101852417,0.03607528656721115,-0.34940826892852783
582,8004,18219,12,2,0.3810397982597351,0.0372852087020874,1.8562445640563965
583,8016,9914,592,5,0.3815981447696686,0.03899546340107918,0.11919970065355301
584,8022,11781,285,2,0.3805401027202606,0.04318275302648544,0.7810477018356323
585,8043,16666,848,2,0.38090208172798157,0.035320159047842026,-0.39452648162841797
586,8045,16091,430,2,0.38124337792396545,0.035667575895786285,0.3661462664604187
587,8059,3304,416,3,0.3810068368911743,0.03646766394376755,0.3534717857837677
588,8063,18200,810,3,0.3815566301345825,0.0353846400976181,-0.2793649435043335
589,8080,18295,207,2,0.3811262249946594,0.03601508215069771,0.7402322292327881
590,8088,18352,238,2,0.381143182516098,0.03742387145757675,0.6753888726234436
591,8115,5188,166,2,0.3799329400062561,0.03596486523747444,0.8463054299354553
592,8122,12038,243,2,0.3808889389038086,0.0343402624130249,0.701403021812439
593,8131,6608,523,10,0.38805973529815674,0.03560622036457062,0.2596478760242462
594,8159,8177,40,4,0.3815422058105469,0.03657745569944382,1.5237791538238525
595,8168,17425,95,4,0.3816871643066406,0.037722814828157425,1.267338752746582
596,8197,17839,603,2,0.3807120621204376,0.03746544569730759,0.055779196321964264
597,8200,569,26,2,0.38075658679008484,0.03491923213005066,1.4846510887145996
598,8234,9500,342,3,0.38179293274879456,0.03419216722249985,0.6475106477737427
599,8246,16714,516,2,0.3804892599582672,0.034677162766456604,0.34765321016311646
600,8250,9993,598,2,0.3806402087211609,0.03614211454987526,0.01566566526889801
601,8255,7440,330,6,0.381790429353714,0.03768100216984749,0.6627144813537598
602,8278,8355,1235,3,0.3817802369594574,0.03717793896794319,-1.0555329322814941
603,8332,4780,621,4,0.3808503746986389,0.036159366369247437,0.06108181178569794
604,8349,14967,338,2,0.38112151622772217,0.03454815596342087,0.6008664965629578
605,8374,2616,1097,2,0.381354957818985,0.037227779626846313,-0.672998309135437
606,8432,13899,397,3,0.3814326822757721,0.03604399412870407,0.45157739520072937
607,8443,1939,1193,3,0.38099589943885803,0.034973736852407455,-0.8706436157226562
608,8490,738,371,4,0.3808695077896118,0.037354566156864166,0.49132540822029114
609,8506,18307,1256,4,0.3812083601951599,0.03653185814619064,-1.067395567893982
610,8507,8535,44,1,0.3839503228664398,0.04389922320842743,1.6246026754379272
611,8513,17805,787,2,0.381012886762619,0.04146698862314224,-0.22287379205226898
612,8522,4879,649,3,0.38171011209487915,0.038781698793172836,-0.05001417547464371
613,8529,3422,377,2,0.380380779504776,0.040001824498176575,0.4470602869987488
614,8534,3141,871,3,0.38117846846580505,0.03874034434556961,-0.3866025507450104
615,8543,18287,216,4,0.38196220993995667,0.03305615484714508,0.8776618838310242
616,8545,18088,817,2,0.3811871111392975,0.039129890501499176,-0.21533434092998505
617,8558,17323,857,5,0.381499320268631,0.038262709975242615,-0.29013192653656006
618,8572,10688,324,3,0.3811093866825104,0.032653551548719406,0.6250654458999634
619,8597,601,292,2,0.38120272755622864,0.036863744258880615,0.6143157482147217
620,8615,10219,1144,2,0.38191503286361694,0.03202253580093384,-0.8418791890144348
621,8639,17275,261,3,0.3809603750705719,0.0376124382019043,0.7576265335083008
622,8640,3681,12,3,0.38178449869155884,0.04533768072724342,2.4502410888671875
623,8658,18199,360,2,0.3817133903503418,0.03384994715452194,0.5850254893302917
624,8662,17824,1032,10,0.3891146779060364,0.03776131942868233,-0.6375688910484314
625,8665,2056,320,2,0.381878525018692,0.04292804002761841,0.5163448452949524
626,8714,17962,676,2,0.38267046213150024,0.03962843865156174,-0.012432023882865906
627,8716,6488,6,4,0.38162848353385925,0.03830425441265106,2.3723337650299072
628,8719,1100,105,2,0.38175269961357117,0.0393742099404335,1.3028404712677002
629,8723,2887,329,3,0.3809361159801483,0.040902696549892426,0.4585692584514618
630,8730,1773,7,2,0.38196879625320435,0.04160739853978157,3.7264323234558105
631,8735,18168,346,2,0.38072705268859863,0.03905900940299034,0.4450872242450714
632,8738,12462,10,2,0.3805530369281769,0.035651009529829025,2.0343849658966064
633,8755,11541,2,2,0.3811866343021393,0.03942669928073883,2.8342037200927734
634,8776,14891,12,2,0.3816618025302887,0.03804823011159897,2.6184072494506836
635,8787,17943,823,5,0.381974995136261,0.045376576483249664,-0.3114367425441742
636,8795,13586,76,8,0.3826025128364563,0.03952314704656601,1.5197144746780396
637,8813,15717,77,3,0.3812099099159241,0.041555680334568024,1.2823786735534668
638,8815,4149,62,2,0.38150280714035034,0.040451548993587494,1.3726842403411865
639,8818,18307,31,4,0.381679892539978,0.043033353984355927,1.8453553915023804
640,8820,18307,440,4,0.3828912079334259,0.032806966453790665,0.2233281284570694
641,8829,17453,599,2,0.38125190138816833,0.03763217106461525,0.0045174360275268555
642,8832,10752,1271,5,0.38109540939331055,0.03938651457428932,-1.0524064302444458
643,8860,8155,1204,5,0.3813308775424957,0.03994625061750412,-0.9524644613265991
644,8866,17530,754,2,0.3811689019203186,0.03611699119210243,-0.18409529328346252
645,8877,1609,801,2,0.38063347339630127,0.039639610797166824,-0.205962672829628
646,8897,8535,1140,2,0.3815515637397766,0.04115033149719238,-0.8566015958786011
647,8931,9118,178,3,0.3809583783149719,0.03726586326956749,0.8768416047096252
648,8944,18319,1088,10,0.38675951957702637,0.03839845210313797,-0.806327223777771
649,8964,18030,445,6,0.38137009739875793,0.038422610610723495,0.2445213794708252
650,8969,15570,1321,8,0.3820390999317169,0.03683578222990036,-1.6176353693008423
651,8974,11060,466,2,0.38019657135009766,0.033666517585515976,0.30716559290885925
652,8975,18195,205,4,0.380923867225647,0.03640495985746384,0.7925086617469788
653,8976,18324,278,3,0.38222530484199524,0.03662339970469475,0.7346343398094177
654,9000,18325,89,2,0.3809530735015869,0.037292953580617905,1.310954213142395
655,9003,14652,157,4,0.380952924489975,0.03626056760549545,1.011590600013733
656,9014,1934,75,3,0.38264426589012146,0.04104459285736084,1.7052685022354126
657,9019,18068,383,1,0.385354608297348,0.040674664080142975,0.39806824922561646
658,9027,7168,798,2,0.38155215978622437,0.03309634327888489,-0.25376400351524353
659,9044,17825,1154,3,0.38135620951652527,0.0348740816116333,-0.73809814453125
660,9045,1929,1103,2,0.3808766007423401,0.0385708287358284,-0.7190895676612854
661,9100,2998,59,9,0.381814569234848,0.03477467596530914,1.376773476600647
662,9122,18319,1157,5,0.38129329681396484,0.04072095453739166,-0.7996798157691956
663,9126,15258,776,10,0.3877875804901123,0.04133374243974686,-0.20007894933223724
664,9131,15755,36,1,0.38639241456985474,0.04115673527121544,1.7096158266067505
665,9185,5318,9,4,0.38179126381874084,0.04567406326532364,2.5316355228424072
666,9204,653,274,5,0.38221120834350586,0.038095343858003616,0.6032513976097107
667,9207,653,659,3,0.38102754950523376,0.03555542975664139,-0.04023737460374832
668,9229,18145,134,2,0.38047417998313904,0.03700042515993118,1.0454013347625732
669,9263,661,772,5,0.3820163905620575,0.03785156458616257,-0.2271503210067749
670,9280,14827,302,2,0.3816996216773987,0.03988995403051376,0.5894038081169128
671,9307,665,42,3,0.38123610615730286,0.03828553110361099,1.6205482482910156
672,9359,17513,295,4,0.3807433843612671,0.03729724884033203,0.6657804250717163
673,9365,10110,162,1,0.3845861852169037,0.04112464189529419,0.9763140082359314
674,9372,719,69,6,0.38138246536254883,0.03646068274974823,1.2966151237487793
675,9381,7089,239,2,0.3808656334877014,0.03654402494430542,0.6436129212379456
676,9403,14592,5,10,0.38998177647590637,0.040853261947631836,3.1447675228118896
677,9416,13514,729,3,0.38136547803878784,0.03957745432853699,-0.09455707669258118
678,9433,1402,14,3,0.38151562213897705,0.035257160663604736,2.139993190765381
679,9519,13795,443,4,0.38121628761291504,0.04107338562607765,0.32462915778160095
680,9530,9635,20,3,0.3812052011489868,0.039777304977178574,2.1000027656555176
681,9544,13210,3,6,0.3811650276184082,0.039803992956876755,2.7473559379577637
682,9591,15250,644,2,0.38101378083229065,0.037233300507068634,-0.014758474193513393
683,9599,10930,1075,4,0.380962610244751,0.03646140918135643,-0.6821117997169495
684,9616,689,332,2,0.380466490983963,0.03552486374974251,0.6792870163917542
685,9624,1578,824,2,0.3808427155017853,0.0362861230969429,-0.30266672372817993
686,9646,11397,374,2,0.3811686038970947,0.03932119533419609,0.47264358401298523
687,9724,7551,696,3,0.38149192929267883,0.03790642321109772,-0.05645120143890381
688,9728,4901,590,6,0.3823226988315582,0.036637648940086365,0.01228421926498413
689,9735,3118,881,8,0.3820829391479492,0.03366924077272415,-0.352031409740448
690,9751,12340,1332,3,0.38113099336624146,0.034460291266441345,-1.6769905090332031
691,9776,18112,1097,2,0.38022297620773315,0.03774291276931763,-0.6487361192703247
692,9777,14986,502,3,0.38126659393310547,0.03693656623363495,0.10939446836709976
693,9797,2363,3,2,0.3833712041378021,0.03981591761112213,3.869621515274048
694,9799,18287,14,6,0.3839225172996521,0.03663807734847069,2.478875160217285
695,9811,3389,944,4,0.3803368806838989,0.03637570142745972,-0.39084452390670776
696,9817,708,1058,2,0.3807145357131958,0.038282252848148346,-0.6098887920379639
697,9825,12446,14,2,0.3818229138851166,0.0407843217253685,2.2081522941589355
698,9886,15403,986,3,0.3813929259777069,0.033584240823984146,-0.44690829515457153
699,9888,18137,875,5,0.3813577890396118,0.039361372590065,-0.359185129404068
700,9896,14617,889,5,0.381743460893631,0.037456002086400986,-0.4405485987663269
701,9903,12570,735,4,0.38193556666374207,0.03214917704463005,-0.23328253626823425
702,9941,15854,32,2,0.3819464445114136,0.036797575652599335,1.6332975625991821
703,9945,6750,4,1,0.3839759826660156,0.03764568641781807,2.8654911518096924
704,9947,1354,388,2,0.3812938332557678,0.03994721919298172,0.29972630739212036
705,9951,8921,262,9,0.381632000207901,0.0367295928299427,0.6686035394668579
706,9970,727,38,4,0.3812165856361389,0.03556913882493973,1.5366472005844116
707,9974,16789,250,2,0.38078245520591736,0.035059161484241486,0.7597236633300781
708,9994,12429,528,1,0.3850346505641937,0.03416524454951286,0.15100236237049103
709,10011,2853,1,3,0.382406622171402,0.036776646971702576,4.878386497497559
710,10014,17437,1115,2,0.3809353709220886,0.035547468811273575,-0.719425618648529
711,10033,12690,347,3,0.38242900371551514,0.0388362817466259,0.657600998878479
712,10123,738,476,4,0.3807208240032196,0.034298237413167953,0.17617644369602203
713,10125,17388,24,4,0.38184893131256104,0.035405874252319336,1.8280987739562988
714,10146,18258,4,7,0.38269075751304626,0.03787703067064285,2.7878828048706055
715,10154,8999,54,2,0.3812871277332306,0.036745406687259674,1.443422794342041
716,10156,743,775,2,0.38043439388275146,0.03670254349708557,-0.20743680000305176
717,10207,18272,16,2,0.3818986713886261,0.042195167392492294,2.328697443008423
718,10242,18200,100,3,0.3808743953704834,0.037003375589847565,1.146693468093872
719,10274,14687,103,3,0.38077759742736816,0.035809412598609924,1.1009573936462402
720,10281,11385,1031,2,0.38161981105804443,0.03668231889605522,-0.6181375980377197
721,10323,4874,245,2,0.38137081265449524,0.042282603681087494,0.6597065329551697
722,10349,14706,6,2,0.382816880941391,0.04779099300503731,2.980125904083252
723,10350,762,812,2,0.3805771768093109,0.03719433397054672,-0.2728348970413208
724,10362,763,42,3,0.38147401809692383,0.03906797245144844,1.817652940750122
725,10372,6353,1098,2,0.3806324601173401,0.03699420392513275,-0.7283216118812561
726,10374,5750,60,3,0.38086092472076416,0.03560671582818031,1.3918315172195435
727,10384,17891,97,1,0.3836473822593689,0.036494821310043335,1.1731173992156982
728,10386,18320,826,10,0.3873983323574066,0.04135045036673546,-0.2906075716018677
729,10387,18320,1014,3,0.3812130391597748,0.03789356350898743,-0.6662631034851074
730,10388,18316,7,4,0.3810654282569885,0.03894921764731407,3.1203503608703613
731,10414,8991,1279,4,0.3807905912399292,0.03625788167119026,-1.1488920450210571
732,10418,1227,1222,3,0.3823269009590149,0.03553413599729538,-0.9513815641403198
733,10421,16178,1047,3,0.3812314569950104,0.041836485266685486,-0.6603435277938843
734,10447,7919,396,2,0.381477028131485,0.03548600897192955,0.42485612630844116
735,10464,10788,143,2,0.3810461759567261,0.036867424845695496,1.2010014057159424
736,10480,17883,1134,2,0.3813946843147278,0.03908536583185196,-0.8258691430091858
737,10486,12577,420,3,0.38225212693214417,0.03537510335445404,0.2583138346672058
738,10491,17068,814,2,0.38100722432136536,0.03957168757915497,-0.2547708749771118
739,10505,16803,35,3,0.3814089596271515,0.03908136487007141,1.584564208984375
740,10516,14467,668,3,0.38145408034324646,0.03644655644893646,-0.024942845106124878
741,10522,14568,516,2,0.3810785412788391,0.037688955664634705,0.2891892194747925
742,10530,1245,487,2,0.3806970417499542,0.036059461534023285,0.20933333039283752
743,10570,9186,35,3,0.38241931796073914,0.04047749564051628,2.1457393169403076
744,10572,9621,422,2,0.38100725412368774,0.0376998633146286,0.38870304822921753
745,10589,4698,157,2,0.38296014070510864,0.04226606339216232,1.032853603363037
746,10604,3204,139,2,0.3812621235847473,0.04686462879180908,1.1219313144683838
747,10605,17566,353,2,0.38066279888153076,0.03323303535580635,0.5084114670753479
748,10624,18216,18,3,0.3820856511592865,0.038959622383117676,1.963323950767517
749,10640,3178,25,5,0.3836612403392792,0.03939099982380867,2.0132896900177
750,10647,3114,470,5,0.3818075358867645,0.03770500794053078,0.28339821100234985
751,10651,7381,127,1,0.3848430812358856,0.03724140301346779,1.1661038398742676
752,10654,8143,22,3,0.38112837076187134,0.03878629952669144,2.001171112060547
753,10656,8657,389,3,0.3818100690841675,0.03606901690363884,0.37958788871765137
754,10659,18278,81,4,0.3805080056190491,0.038409918546676636,1.2135497331619263
755,10664,2061,572,3,0.3810443580150604,0.03742538392543793,0.0834057554602623
756,10666,14393,134,5,0.38304489850997925,0.036188751459121704,1.123475432395935
757,10669,4294,1254,2,0.3808198869228363,0.03573983162641525,-1.1477171182632446
758,10682,16043,230,4,0.38083305954933167,0.03833383694291115,0.6831700801849365
759,10709,13451,646,2,0.38073453307151794,0.035225238651037216,-0.02984531968832016
760,10740,3485,312,2,0.3811720907688141,0.037117745727300644,0.6015232801437378
761,10744,5106,696,3,0.3811037540435791,0.03750576078891754,0.004683725535869598
762,10766,926,109,2,0.3816348612308502,0.03962329030036926,1.265593409538269
763,10808,5027,219,2,0.3812803328037262,0.04259831830859184,0.8056755065917969
764,10823,804,12,3,0.3809734284877777,0.03729753941297531,2.2381510734558105
765,10838,11213,682,2,0.3807317018508911,0.03563571721315384,-0.055146485567092896
766,10843,7375,429,3,0.3816608190536499,0.03457684814929962,0.32539117336273193
767,10854,3076,1309,6,0.3817096948623657,0.03415361046791077,-1.418717861175537
768,10861,13527,931,2,0.381085604429245,0.03705032914876938,-0.42440202832221985
769,10864,17085,101,6,0.38136422634124756,0.03758912906050682,1.2323200702667236
770,10880,18307,260,2,0.38164612650871277,0.040591612458229065,0.6630985736846924
771,10881,18307,72,8,0.38162675499916077,0.0393252894282341,1.4206970930099487
772,10883,18244,23,4,0.38141894340515137,0.041487693786621094,2.306002140045166
773,10884,18307,327,2,0.3812262713909149,0.04160077124834061,0.5820047855377197
774,10887,18227,626,2,0.3810523450374603,0.0356610044836998,0.06747526675462723
775,10888,18133,172,3,0.3807617723941803,0.0360504686832428,0.9594865441322327
776,10891,10047,91,7,0.38257312774658203,0.04086492210626602,1.295511245727539
777,10893,8955,166,10,0.38860246539115906,0.03851566091179848,0.922183632850647
778,10900,15948,201,2,0.38121989369392395,0.040732596069574356,0.852347195148468
779,10907,18307,377,4,0.38109734654426575,0.03728292137384415,0.4983328580856323
780,10910,16674,78,4,0.3807862401008606,0.03526950255036354,1.235746145248413
781,10928,18258,57,5,0.38162779808044434,0.0356777161359787,1.5425785779953003
782,10934,14851,381,2,0.380646675825119,0.0390336811542511,0.43795257806777954
783,10935,17435,450,2,0.38018089532852173,0.03441111370921135,0.3331834673881531
784,10944,2508,283,2,0.38068732619285583,0.03707470744848251,0.673413097858429
785,10993,17917,488,6,0.38176098465919495,0.03786378353834152,0.13510872423648834
786,10994,17007,391,2,0.380984365940094,0.03576909005641937,0.4054657816886902
787,10995,17437,46,2,0.3814981281757355,0.040408164262771606,1.6800023317337036
788,11022,18287,161,6,0.3808528482913971,0.03324350714683533,0.8633094429969788
789,11031,1784,701,2,0.38187554478645325,0.0383174791932106,-0.047035232186317444
790,11064,15569,264,3,0.38171225786209106,0.038143403828144073,0.6577473282814026
791,11089,4826,23,2,0.3823098838329315,0.0456375852227211,1.8749240636825562
792,11092,11276,932,3,0.38183653354644775,0.03924175351858139,-0.4642883539199829
793,11128,12387,793,1,0.3860265910625458,0.03894855082035065,-0.16847024857997894
794,11138,16359,611,1,0.38534578680992126,0.04083218425512314,0.0594964399933815
795,11142,17086,575,5,0.3814804255962372,0.03672121465206146,0.011526040732860565
796,11149,5370,1151,1,0.3844311833381653,0.036301009356975555,-0.8210288882255554
797,11158,839,265,2,0.381325364112854,0.03766949474811554,0.792490541934967
798,11162,2434,6,2,0.38148170709609985,0.04018138721585274,3.449496269226074
799,11177,3216,74,1,0.38317468762397766,0.03827302157878876,1.1917530298233032
800,11186,845,481,2,0.3806569278240204,0.034721847623586655,0.24654796719551086
801,11199,12613,392,4,0.3807133138179779,0.035205353051424026,0.40161457657814026
802,11232,18318,1117,2,0.38140273094177246,0.03847372531890869,-0.794925332069397
803,11268,17280,660,1,0.3838897943496704,0.03503823280334473,-0.04794097691774368
804,11274,16665,89,3,0.3806436061859131,0.03748958930373192,1.2333710193634033
805,11306,4799,541,3,0.3811050057411194,0.03541739284992218,0.16308951377868652
806,11331,2083,703,6,0.38191407918930054,0.034212760627269745,-0.10458697378635406
807,11335,10668,12,3,0.3817262351512909,0.04030676186084747,1.9450604915618896
808,11338,6388,244,2,0.3808228671550751,0.040729399770498276,0.6430165767669678
809,11343,3969,878,8,0.38213568925857544,0.03537382557988167,-0.38005056977272034
810,11361,5006,46,3,0.38148167729377747,0.03757227957248688,1.6109225749969482
811,11404,18318,78,2,0.38213008642196655,0.04035089164972305,1.4954888820648193
812,11452,15117,276,5,0.38115763664245605,0.03872814029455185,0.5272036790847778
813,11483,10718,62,2,0.3815770447254181,0.0399513877928257,1.3735140562057495
814,11484,3287,80,3,0.38135531544685364,0.03560765087604523,1.2719172239303589
815,11498,5026,221,3,0.3816366195678711,0.035831253975629807,0.8932449221611023
816,11512,13876,254,2,0.38121989369392395,0.040982164442539215,0.7218008637428284
817,11528,2289,387,2,0.3815198540687561,0.04269884526729584,0.47112929821014404
818,11576,8125,50,4,0.3816870152950287,0.040310412645339966,1.6190167665481567
819,11598,18334,469,4,0.38050946593284607,0.03708591312170029,0.22295597195625305
820,11603,1939,160,6,0.3814743757247925,0.03515799716114998,1.0327832698822021
821,11629,17954,46,10,0.3892452120780945,0.03609704226255417,1.5534474849700928
822,11632,16103,9,4,0.38089776039123535,0.04235187917947769,1.6066099405288696
823,11646,17943,773,6,0.38120055198669434,0.03824924677610397,-0.21778470277786255
824,11656,18064,737,6,0.38173428177833557,0.03807719051837921,-0.20973321795463562
825,11681,18326,1080,7,0.38288599252700806,0.03589699789881706,-0.7527270317077637
826,11704,889,813,2,0.3808436989784241,0.03616056591272354,-0.2769942581653595
827,11722,18307,664,2,0.38125890493392944,0.036181412637233734,-0.10618472099304199
828,11757,3718,1,5,0.381728857755661,0.037953272461891174,2.3252482414245605
829,11763,8267,121,1,0.38338711857795715,0.033377163112163544,1.1422371864318848
830,11814,9853,546,2,0.3812444806098938,0.03791098669171333,0.10210274904966354
831,11818,14423,883,3,0.38173815608024597,0.03523404151201248,-0.39762550592422485
832,11848,10233,50,4,0.3810274302959442,0.035325273871421814,1.5155742168426514
833,11863,12901,664,3,0.38067787885665894,0.036261189728975296,-0.06220318377017975
834,11874,918,1239,2,0.3808033764362335,0.03101395070552826,-1.0949811935424805
835,11927,18298,57,4,0.38141289353370667,0.03537251427769661,1.441172480583191
836,11931,1007,1256,3,0.38145342469215393,0.033196523785591125,-1.1678428649902344
837,11932,927,596,2,0.38131484389305115,0.035715021193027496,0.10059138387441635
838,11944,15354,461,6,0.3816177546977997,0.035830773413181305,0.2314211130142212
839,11953,14850,155,4,0.3819904029369354,0.036316704005002975,1.0566962957382202
840,11956,17407,91,7,0.38323190808296204,0.037038229405879974,1.2674211263656616
841,12035,3181,1141,2,0.3811184763908386,0.035702165216207504,-0.8455592393875122
842,12045,16332,829,7,0.382719486951828,0.0399896539747715,-0.3234713077545166
843,12075,18268,872,3,0.3817629814147949,0.039139773696660995,-0.374401718378067
844,12091,10468,1270,2,0.38144001364707947,0.0347926989197731,-1.2484221458435059
845,12099,11941,51,2,0.381320059299469,0.038534946739673615,1.6045403480529785
846,12125,18273,93,2,0.38149207830429077,0.033703647553920746,1.2611336708068848
847,12129,16914,139,2,0.3819620609283447,0.03611379861831665,1.0345321893692017
848,12137,17943,419,3,0.38172900676727295,0.04216446354985237,0.2932875156402588
849,12147,6706,25,5,0.38379669189453125,0.03967344015836716,1.820946455001831
850,12195,12528,589,2,0.3813750743865967,0.033091191202402115,-0.002742478158324957
851,12202,18307,1280,2,0.38002684712409973,0.03409520164132118,-1.2300701141357422
852,12224,9118,887,10,0.38706308603286743,0.03687416762113571,-0.4396941661834717
853,12226,18236,542,1,0.3825148046016693,0.03618258237838745,0.21176370978355408
854,12232,1651,195,2,0.3815144896507263,0.03446488082408905,0.8309829235076904
855,12265,14751,872,2,0.38131988048553467,0.03758712112903595,-0.3042227327823639
856,12270,6879,186,9,0.3820438086986542,0.036416005343198776,0.8380401134490967
857,12294,15705,52,3,0.38152357935905457,0.03887903690338135,1.5270675420761108
858,12306,16791,478,4,0.3816542327404022,0.036677565425634384,0.2367813140153885
859,12314,5163,463,2,0.3807164132595062,0.03809792548418045,0.20041371881961823
860,12340,16791,721,4,0.381339967250824,0.03488799184560776,-0.1093098372220993
861,12342,5119,614,2,0.38103652000427246,0.036816418170928955,0.04370974004268646
862,12355,1118,508,3,0.3814481794834137,0.040249235928058624,0.31768250465393066
863,12375,13373,343,3,0.3817853629589081,0.03555526211857796,0.49287015199661255
864,12409,9866,236,3,0.3825189769268036,0.03940673545002937,0.7381207346916199
865,12410,18307,755,5,0.3822116255760193,0.03969769552350044,-0.2511937618255615
866,12443,18333,222,2,0.3809727728366852,0.03423914313316345,0.7179455757141113
867,12451,9405,446,3,0.3813035786151886,0.03907085210084915,0.3121587932109833
868,12455,18320,891,3,0.38253405690193176,0.04286949336528778,-0.4319850206375122
869,12484,18298,4,4,0.3812839090824127,0.037317171692848206,3.7596449851989746
870,12498,18315,15,7,0.3822023570537567,0.03858700394630432,2.432511568069458
871,12525,18276,631,6,0.3812491297721863,0.039670173078775406,0.002175271511077881
872,12526,17086,857,2,0.3811875283718109,0.033671144396066666,-0.34749165177345276
873,12528,18287,336,3,0.38181811571121216,0.03523033484816551,0.5075606107711792
874,12532,18307,944,5,0.3810078501701355,0.036678723990917206,-0.4737829267978668
875,12536,18277,536,2,0.38175469636917114,0.038440290838479996,0.08573547005653381
876,12538,18258,19,4,0.3808251619338989,0.03877249360084534,2.1321656703948975
877,12541,18334,484,8,0.38228079676628113,0.03986509516835213,0.20946569740772247
878,12567,6751,762,2,0.38066956400871277,0.03898162022233009,-0.18179914355278015
879,12604,13362,37,4,0.38082441687583923,0.035471249371767044,1.3862714767456055
880,12614,13884,246,3,0.38131991028785706,0.036949194967746735,0.781128466129303
881,12615,10459,441,3,0.38100770115852356,0.03570086508989334,0.28110626339912415
882,12616,13654,91,4,0.3816249668598175,0.03665480017662048,1.2396430969238281
883,12637,7962,1046,1,0.3866458535194397,0.03842134028673172,-0.7354962825775146
884,12643,2881,658,2,0.3807990849018097,0.04317132383584976,0.02193649671971798
885,12644,13316,5,3,0.380872517824173,0.036401860415935516,3.0280823707580566
886,12655,9233,172,3,0.38096296787261963,0.03464542329311371,0.785789966583252
887,12662,18195,58,7,0.3828035891056061,0.03657088801264763,1.6223480701446533
888,12666,13237,447,2,0.38204172253608704,0.04053225740790367,0.2022012621164322
889,12667,15439,105,1,0.3860938847064972,0.04542544484138489,1.166162371635437
890,12670,4768,11,2,0.3830663561820984,0.04417645186185837,2.749037742614746
891,12677,8479,255,3,0.3810318410396576,0.034652337431907654,0.6267884969711304
892,12692,14484,1061,2,0.3810919523239136,0.04054009169340134,-0.6630344390869141
893,12733,7560,185,2,0.3818472623825073,0.044102638959884644,1.0554428100585938
894,12749,18216,483,3,0.3807855546474457,0.03248272091150284,0.22088448703289032
895,12760,13395,690,3,0.38077110052108765,0.04089608043432236,-0.04987660050392151
896,12764,2489,1,5,0.38157740235328674,0.03813384100794792,2.871089220046997
897,12801,18307,890,4,0.38108929991722107,0.040178876370191574,-0.3833391070365906
898,12811,16435,462,2,0.381439208984375,0.03967594355344772,0.34221741557121277
899,12831,15705,332,1,0.38393521308898926,0.03976614028215408,0.6740844249725342
900,12840,1088,94,9,0.3821488320827484,0.03632086515426636,1.0936226844787598
901,12853,15758,53,2,0.3814464807510376,0.03558353707194328,1.5568019151687622
902,12866,14860,128,4,0.3823905885219574,0.04269431158900261,1.193160891532898
903,12873,17473,230,2,0.38064509630203247,0.037452783435583115,0.796434760093689
904,12874,8413,746,2,0.38113027811050415,0.03459067642688751,-0.13305558264255524
905,12892,4219,92,2,0.3807716369628906,0.03830451890826225,1.4681404829025269
906,12901,4128,84,2,0.3806096017360687,0.036438629031181335,1.3686630725860596
907,12915,9229,846,6,0.38147178292274475,0.03530692681670189,-0.3280296325683594
908,12921,4097,1,3,0.38140639662742615,0.04066017270088196,4.812077522277832
909,12941,3276,2,3,0.38248544931411743,0.04567571356892586,3.410158157348633
910,12946,14677,541,2,0.3811666667461395,0.034730054438114166,0.06042058765888214
911,12999,16033,47,2,0.3818182051181793,0.04267559200525284,1.7125881910324097
912,13002,18252,406,2,0.3804354667663574,0.03551822155714035,0.40327492356300354
913,13033,17880,489,2,0.3806133270263672,0.037270527333021164,0.24935564398765564
914,13112,17025,438,4,0.38158097863197327,0.040325358510017395,0.30997130274772644
915,13113,2817,118,6,0.38148823380470276,0.04042987897992134,1.2174586057662964
916,13134,5687,46,2,0.38065317273139954,0.03620970621705055,1.6542959213256836
917,13145,17303,42,2,0.38092511892318726,0.039371076971292496,1.8301374912261963
918,13176,1081,809,3,0.38086044788360596,0.037453144788742065,-0.2912173867225647
919,13189,2990,229,3,0.3820825219154358,0.035157211124897,0.6126729846000671
920,13240,13396,1,2,0.38226521015167236,0.05305245891213417,5.990319728851318
921,13244,18051,513,2,0.38076817989349365,0.03829244524240494,0.21781544387340546
922,13268,16106,132,2,0.3816096782684326,0.0374683178961277,1.00288724899292
923,13303,11651,211,3,0.38099417090415955,0.035192400217056274,0.7482057809829712
924,13304,17020,1116,2,0.3807763457298279,0.03400155529379845,-0.7372336983680725
925,13317,9299,442,2,0.3808270990848541,0.03717371076345444,0.3625708222389221
926,13333,18237,715,3,0.3812101185321808,0.039167121052742004,-0.15884743630886078
927,13342,16614,421,1,0.38505107164382935,0.03467821329832077,0.3070124387741089
928,13358,3694,1092,3,0.38109102845191956,0.035251788794994354,-0.6618823409080505
929,13376,9009,757,3,0.3816744089126587,0.03826742619276047,-0.1429939717054367
930,13387,15195,686,2,0.38150790333747864,0.04173851013183594,-0.09336802363395691
931,13395,4304,1085,1,0.38601914048194885,0.039805036038160324,-0.8533503413200378
932,13398,6048,197,2,0.3814619183540344,0.03709375113248825,0.9265910387039185
933,13399,6995,39,4,0.38101640343666077,0.037951692938804626,1.6792124509811401
934,13423,15311,7,5,0.3826714754104614,0.03787139058113098,2.4288928508758545
935,13439,8476,17,3,0.3811608552932739,0.03971938043832779,2.599686622619629
936,13489,14582,339,6,0.3811979293823242,0.03765842691063881,0.45559120178222656
937,13504,17545,991,4,0.3814464509487152,0.03396908566355705,-0.48618462681770325
938,13518,14883,44,2,0.3815516531467438,0.041432298719882965,1.5932683944702148
939,13530,7663,1099,4,0.3814777433872223,0.03486654534935951,-0.6991465091705322
940,13562,1133,116,5,0.3814693093299866,0.03556795418262482,1.1907284259796143
941,13623,8756,118,4,0.3815249800682068,0.0382830947637558,1.2514727115631104
942,13660,9687,20,2,0.3811015188694,0.03386838734149933,2.4248201847076416
943,13709,2632,1069,4,0.3810247778892517,0.03649543970823288,-0.7033054232597351
944,13722,3359,668,5,0.38083788752555847,0.038208819925785065,-0.05301670730113983
945,13746,14423,512,2,0.38059350848197937,0.03775037080049515,0.2055296152830124
946,13819,7991,1180,4,0.38206130266189575,0.03483756631612778,-0.9140531420707703
947,13883,18246,908,2,0.3807583153247833,0.03387302905321121,-0.38325804471969604
948,13886,18209,213,3,0.38155579566955566,0.03713567554950714,0.8540321588516235
949,13910,5037,766,2,0.3808867335319519,0.03487424924969673,-0.21605896949768066
950,13934,1304,567,10,0.38962072134017944,0.03494463860988617,0.20130285620689392
951,13935,17714,23,10,0.3883950114250183,0.037641219794750214,2.2645273208618164
952,13944,5765,783,2,0.3807450532913208,0.03596070781350136,-0.2534847855567932
953,14048,13369,9,2,0.3805863559246063,0.03641282021999359,1.8403511047363281
954,14054,7500,111,2,0.38205820322036743,0.03780166059732437,1.1444951295852661
955,14090,17285,406,2,0.3805982768535614,0.03320305794477463,0.36318761110305786
956,14136,15413,224,3,0.3807277977466583,0.03497796133160591,0.6808008551597595
957,14204,10536,1250,1,0.3844917118549347,0.04456935077905655,-1.0916252136230469
958,14251,14934,275,2,0.38230523467063904,0.042115285992622375,0.6483962535858154
959,14254,18305,12,2,0.3812558650970459,0.037467360496520996,1.7018799781799316
960,14270,17756,672,2,0.3808797001838684,0.03523929417133331,-0.09170985221862793
961,14273,17385,53,3,0.3820789158344269,0.037933312356472015,1.410240650177002
962,14296,1706,13,2,0.381294846534729,0.036901332437992096,2.0767581462860107
963,14331,18139,1,3,0.38136860728263855,0.04110555350780487,3.3530900478363037
964,14342,16123,1118,3,0.38179701566696167,0.03499487042427063,-0.7696230411529541
965,14347,5895,1174,2,0.38018396496772766,0.03479021042585373,-0.8598996996879578
966,14366,5425,193,6,0.38220152258872986,0.036961112171411514,0.8398429155349731
967,14393,1551,35,3,0.38108375668525696,0.03804824501276016,2.066638708114624
968,14404,9606,581,7,0.3831346035003662,0.03818130120635033,0.0725579634308815
969,14438,12047,89,6,0.3814322054386139,0.03824267163872719,1.4172725677490234
970,14454,5605,187,4,0.3817324936389923,0.03565472736954689,0.8539950847625732
971,14468,17235,1091,6,0.38112422823905945,0.03621663898229599,-0.7398239970207214
972,14479,11554,58,3,0.38121259212493896,0.03788337856531143,1.5980336666107178
973,14594,18208,45,3,0.38144078850746155,0.03788401931524277,1.4192672967910767
974,14625,6599,675,4,0.381367564201355,0.03580913692712784,-0.05666647106409073
975,14674,17616,77,1,0.3834124803543091,0.03873514011502266,1.281105637550354
976,14682,16270,591,5,0.3818158805370331,0.03805463761091232,0.11299829930067062
977,14683,5968,589,2,0.38129207491874695,0.03656873106956482,0.033976927399635315
978,14694,8301,791,3,0.3810335397720337,0.03611363470554352,-0.19275474548339844
979,14714,18274,22,9,0.38173702359199524,0.03522109612822533,2.1119189262390137
980,14732,17177,687,2,0.3820781409740448,0.038553476333618164,-0.012072846293449402
981,14738,18148,59,2,0.3827087879180908,0.04345114529132843,1.4979872703552246
982,14742,8972,1,2,0.3808264434337616,0.04129479080438614,3.482023239135742
983,14749,12497,100,2,0.3818817734718323,0.03971131891012192,1.3623250722885132
984,14772,17586,371,2,0.38151058554649353,0.0431072935461998,0.43684911727905273
985,14786,18232,1067,3,0.3811226785182953,0.03378063440322876,-0.621809720993042
986,14787,17086,690,4,0.3815920948982239,0.03555138409137726,-0.10513459146022797
987,14790,7329,69,2,0.3817274570465088,0.0386514812707901,1.4556642770767212
988,14791,11551,225,2,0.3820733428001404,0.03522040694952011,0.7668417096138
989,14800,17699,768,2,0.3812454640865326,0.045676518231630325,-0.16681694984436035
990,14804,6369,1043,4,0.380992591381073,0.034622035920619965,-0.6192147135734558
991,14852,18279,335,3,0.3805982172489166,0.036221943795681,0.4489283561706543
992,14876,16200,72,3,0.38099101185798645,0.03605097904801369,1.449233889579773
993,14899,18218,1037,5,0.38203975558280945,0.035611774772405624,-0.6795721054077148
994,14929,2083,208,2,0.3801126182079315,0.03425448387861252,0.8149446845054626
995,14934,1280,104,2,0.38203686475753784,0.04141291230916977,1.1765679121017456
996,14959,11567,140,4,0.38111695647239685,0.039107345044612885,0.9709610342979431
997,14994,7324,206,4,0.38217923045158386,0.043416570872068405,0.7379758954048157
998,15000,15269,109,2,0.38068532943725586,0.036818698048591614,1.251618504524231
999,15038,18280,449,3,0.38148367404937744,0.0395728200674057,0.30369335412979126
1000,15046,10128,82,5,0.3814507722854614,0.04059085622429848,1.3989472389221191
1001,15048,7797,686,2,0.3815736770629883,0.03871605545282364,-0.08666353672742844
1002,15103,2139,291,2,0.38145291805267334,0.038688965141773224,0.6636391282081604
1003,15124,12508,37,8,0.3816690444946289,0.03552013635635376,1.9344851970672607
1004,15154,15349,7,2,0.3811762034893036,0.04633393883705139,2.4791221618652344
1005,15157,13506,1250,1,0.38480955362319946,0.029914813116192818,-1.108966588973999
1006,15193,18349,1305,4,0.3807879388332367,0.03667977452278137,-1.3338661193847656
1007,15200,13419,146,1,0.3828437924385071,0.03463544324040413,1.0702253580093384
1008,15213,1313,1036,2,0.3811935484409332,0.043771255761384964,-0.5717018842697144
1009,15225,4530,524,3,0.38126853108406067,0.03699611872434616,0.2486790120601654
1010,15236,9572,916,3,0.38226714730262756,0.04296089708805084,-0.3709797263145447
1011,15280,5574,150,3,0.38158342242240906,0.03753630816936493,1.0590718984603882
1012,15285,3496,962,4,0.3808361291885376,0.034066665917634964,-0.5654022693634033
1013,15301,15305,346,3,0.3812466859817505,0.03637252375483513,0.4165995419025421
1014,15302,11494,2,2,0.3820410370826721,0.040941473096609116,4.458667278289795
1015,15317,17194,42,4,0.3812052011489868,0.036028701812028885,1.5402836799621582
1016,15344,12651,6,3,0.3809322416782379,0.03668363019824028,1.8452787399291992
1017,15355,18307,67,2,0.3809746503829956,0.04031038284301758,1.5152487754821777
1018,15364,1616,155,2,0.38100355863571167,0.03707660734653473,0.9563087224960327
1019,15390,1344,426,2,0.3812052607536316,0.034309402108192444,0.2746775448322296
1020,15400,18079,824,2,0.3807528614997864,0.035220563411712646,-0.29162800312042236
1021,15435,2184,497,3,0.3819977045059204,0.03868768364191055,0.22397996485233307
1022,15459,14632,19,5,0.3815676271915436,0.03938928619027138,2.2301528453826904
1023,15466,16243,568,4,0.3809926509857178,0.0349465049803257,0.05594490468502045
1024,15479,17262,1172,6,0.3811989426612854,0.04042688012123108,-0.8906883001327515
1025,15499,16628,204,2,0.38145679235458374,0.0378057062625885,1.0117281675338745
1026,15510,5032,2,2,0.3809555768966675,0.036996398121118546,3.4740328788757324
1027,15532,7551,494,1,0.381877601146698,0.03427746891975403,0.2314775586128235
1028,15543,12564,303,2,0.38156530261039734,0.04215431958436966,0.5227261781692505
1029,15546,4997,1047,4,0.3813593089580536,0.03838895261287689,-0.636017918586731
1030,15558,17998,854,2,0.3812975287437439,0.03766097128391266,-0.3528112471103668
1031,15572,8902,29,1,0.3845067024230957,0.03817852586507797,1.9486258029937744
1032,15614,18325,191,4,0.38076236844062805,0.03517197445034981,0.8349300026893616
1033,15621,12104,503,2,0.3810631036758423,0.03502248227596283,0.25403714179992676
1034,15682,15312,5,6,0.38189998269081116,0.04231629893183708,3.17500901222229
1035,15690,14153,280,3,0.38115695118904114,0.03524963930249214,0.6000655889511108
1036,15717,2276,32,7,0.3832170367240906,0.03475792333483696,1.5507230758666992
1037,15728,9034,284,3,0.38119104504585266,0.03434107080101967,0.6300113201141357
1038,15761,14153,378,2,0.38371285796165466,0.03397670015692711,0.345236599445343
1039,15772,5739,993,3,0.3811691105365753,0.031044509261846542,-0.5319018959999084
1040,15795,6325,706,2,0.3811582326889038,0.034763436764478683,-0.062125056982040405
1041,15806,6163,1,10,0.38943836092948914,0.03914628177881241,4.276172637939453
1042,15808,7479,215,8,0.38155171275138855,0.035413626581430435,0.7267259359359741
1043,15822,15536,785,1,0.38233014941215515,0.034879349172115326,-0.35067692399024963
1044,15823,17696,1195,2,0.38045939803123474,0.03888161852955818,-0.9598694443702698
1045,15827,7000,17,4,0.3811322748661041,0.038919009268283844,2.7169666290283203
1046,15855,10828,274,2,0.3820745050907135,0.04025616869330406,0.6447911262512207
1047,15864,3614,300,3,0.38092470169067383,0.03680283576250076,0.6266973614692688
1048,15912,2093,6,3,0.3819619119167328,0.03995920717716217,2.5978550910949707
1049,15935,11500,260,2,0.3813168704509735,0.03737621009349823,0.5359298586845398
1050,15971,13943,719,2,0.38081595301628113,0.03678891807794571,-0.04437166452407837
1051,15981,6327,274,4,0.380970299243927,0.03625977039337158,0.5478370189666748
1052,15985,17264,1020,3,0.3824097216129303,0.036279767751693726,-0.6129357814788818
1053,16030,4158,1212,4,0.381111741065979,0.03769383952021599,-0.996775209903717
1054,16054,8999,877,2,0.3807012438774109,0.032403863966464996,-0.3154468238353729
1055,16055,3747,1108,2,0.3815138638019562,0.03760529309511185,-0.7520954012870789
1056,16085,17824,389,6,0.38144490122795105,0.03638537600636482,0.3232150077819824
1057,16099,3541,745,2,0.38142552971839905,0.03886381536722183,-0.16562168300151825
1058,16105,14565,9,5,0.38107407093048096,0.03759720176458359,3.4227566719055176
1059,16174,18098,302,3,0.38189682364463806,0.03883844614028931,0.5179405212402344
1060,16205,17886,66,2,0.38063791394233704,0.0387001670897007,1.3580782413482666
1061,16220,14565,493,1,0.3836929202079773,0.03537902981042862,0.29292765259742737
1062,16288,18195,496,2,0.3811555802822113,0.036195941269397736,0.21105225384235382
1063,16325,16394,1313,5,0.38159966468811035,0.035232748836278915,-1.3589811325073242
1064,16411,10478,135,2,0.38167712092399597,0.03814816474914551,1.186286449432373
1065,16421,1739,474,3,0.38141781091690063,0.03758493438363075,0.22107763588428497
1066,16433,2198,769,2,0.38093113899230957,0.03701362758874893,-0.1694127917289734
1067,16449,10682,230,3,0.38078442215919495,0.03946121037006378,0.7948733568191528
1068,16472,5992,314,2,0.3814408779144287,0.03919050097465515,0.5523677468299866
1069,16499,15640,1136,2,0.380531907081604,0.03442682698369026,-0.8320948481559753
1070,16501,11986,103,4,0.3814809322357178,0.03964833542704582,1.1921887397766113
1071,16533,11467,1,1,0.3853101134300232,0.044859517365694046,3.1082661151885986
1072,16535,6848,54,2,0.3812812864780426,0.039057448506355286,1.4160878658294678
1073,16544,17149,288,2,0.38106486201286316,0.03707263991236687,0.7469269037246704
1074,16548,1486,323,3,0.3811531364917755,0.03575143963098526,0.4886152744293213
1075,16554,16707,135,2,0.3815162181854248,0.03809637576341629,1.0202983617782593
1076,16636,9949,60,2,0.38170942664146423,0.040522072464227676,1.5865843296051025
1077,16666,18185,894,5,0.38093286752700806,0.035695187747478485,-0.35982775688171387
1078,16672,11904,111,3,0.3812546133995056,0.0366586372256279,1.151854157447815
1079,16675,18072,1021,2,0.38315916061401367,0.04823554679751396,-0.6717203259468079
1080,16718,18309,636,3,0.3817920982837677,0.03486471623182297,-0.02579939365386963
1081,16746,17960,499,1,0.3839949667453766,0.03739876300096512,0.17038774490356445
1082,16750,13181,14,2,0.3809449374675751,0.038670942187309265,1.8725767135620117
1083,16843,18014,444,2,0.38062819838523865,0.03631436824798584,0.4382948875427246
1084,16850,14407,624,8,0.38175860047340393,0.038574524223804474,0.04980085790157318
1085,16851,13782,13,2,0.380676805973053,0.03603237867355347,2.286942481994629
1086,16869,1529,543,2,0.3807109594345093,0.035927142947912216,0.13644038140773773
1087,16876,15991,690,3,0.38142186403274536,0.035361990332603455,-0.12661521136760712
1088,16919,18330,23,3,0.38154080510139465,0.036112766712903976,1.7402927875518799
1089,16920,17940,148,2,0.3802911639213562,0.03709420934319496,1.03297758102417
1090,16923,17090,230,5,0.38088878989219666,0.03404311090707779,0.7487021088600159
1091,16956,18335,160,3,0.38211435079574585,0.037686899304389954,0.8744738101959229
1092,16974,16799,128,2,0.3803987503051758,0.03637320548295975,1.0967131853103638
1093,16980,10153,26,3,0.3810026943683624,0.03733702749013901,1.6026268005371094
1094,17008,17099,409,3,0.38112106919288635,0.036449603736400604,0.40766802430152893
1095,17020,8139,44,4,0.3815574049949646,0.03679604083299637,1.6739935874938965
1096,17026,16018,560,2,0.380886971950531,0.03377106785774231,0.1670260727405548
1097,17047,14207,267,3,0.38128456473350525,0.0404118187725544,0.6457692384719849
1098,17057,10204,331,2,0.3813208043575287,0.036324117332696915,0.5517722368240356
1099,17060,18307,975,5,0.3820652663707733,0.038005635142326355,-0.5826606750488281
1100,17071,1553,824,2,0.38083019852638245,0.038138728588819504,-0.24394011497497559
1101,17087,9450,400,5,0.3815684914588928,0.0391705259680748,0.4785505533218384
1102,17101,2093,17,9,0.3823707103729248,0.03783693537116051,2.4327898025512695
1103,17121,16953,364,5,0.3820084035396576,0.03771381080150604,0.5014704465866089
1104,17124,10673,221,2,0.38065871596336365,0.03481743857264519,0.8702644109725952
1105,17152,17085,385,2,0.3809758424758911,0.03576047718524933,0.3615490198135376
1106,17183,17209,1179,3,0.38088932633399963,0.037548474967479706,-0.8716391921043396
1107,17202,13844,75,5,0.3814038634300232,0.04177568480372429,1.2371991872787476
1108,17212,6427,530,3,0.3814758360385895,0.04672626405954361,0.11790475249290466
1109,17220,3558,144,1,0.3848545253276825,0.03544884920120239,1.059959053993225
1110,17224,15436,557,4,0.38093528151512146,0.036262787878513336,0.0641796812415123
1111,17267,17891,999,2,0.3808704614639282,0.037858959287405014,-0.5035595893859863
1112,17276,12421,202,2,0.3813672661781311,0.037770826369524,0.8819155693054199
1113,17300,15345,355,4,0.38100892305374146,0.039689548313617706,0.4495338797569275
1114,17372,1600,743,2,0.38083353638648987,0.03714820742607117,-0.10951350629329681
1115,17457,11561,410,2,0.38199326395988464,0.03555317968130112,0.35662931203842163
1116,17495,13746,304,4,0.3808264136314392,0.03435618802905083,0.5183311700820923
1117,17519,7728,49,2,0.38175565004348755,0.04037652909755707,1.6846187114715576
1118,17524,5858,916,2,0.38070929050445557,0.03576432913541794,-0.5563448071479797
1119,17598,12390,504,2,0.38125884532928467,0.03579413890838623,0.20348681509494781
1120,17631,16332,1003,2,0.3820570409297943,0.043504346162080765,-0.6113153696060181
1121,17671,18277,743,2,0.38162627816200256,0.034463196992874146,-0.16846700012683868
1122,17672,17085,442,3,0.38077834248542786,0.03732515498995781,0.2985130548477173
1123,17673,18277,751,4,0.3813636600971222,0.03666410222649574,-0.1574443280696869
1124,17677,18232,613,4,0.38076838850975037,0.03556428104639053,0.021553032100200653
1125,17682,17566,186,3,0.38115307688713074,0.03471947833895683,0.9445103406906128
1126,17684,18307,998,2,0.38071683049201965,0.03844820708036423,-0.4859621822834015
1127,17687,18334,476,2,0.3810298442840576,0.03491239994764328,0.19130969047546387
1128,17726,14458,259,4,0.3813351094722748,0.042389076203107834,0.6125242114067078
1129,17759,6715,1162,7,0.3824649453163147,0.04041196405887604,-0.8035919070243835
1130,17762,14127,1300,3,0.38070884346961975,0.03438303619623184,-1.3550772666931152
1131,17766,12513,144,4,0.38086533546447754,0.03637058287858963,0.9718741178512573
1132,17802,15592,512,3,0.3814842104911804,0.04347550868988037,0.19789385795593262
1133,17838,2113,1336,2,0.38044941425323486,0.03307665139436722,-1.571380376815796
1134,17873,12848,121,2,0.38081908226013184,0.03865966200828552,1.1136642694473267
1135,17893,1670,732,2,0.3815161883831024,0.03609820827841759,-0.1203230619430542
1136,17953,17564,631,1,0.384561151266098,0.03552938625216484,0.029710538685321808
1137,17991,2971,459,2,0.38098931312561035,0.03614126890897751,0.2857169806957245
1138,17995,16729,378,2,0.38080912828445435,0.03476235270500183,0.32271426916122437
1139,18018,1690,5,3,0.3815314769744873,0.03484237939119339,2.2196335792541504
1140,18024,13448,813,4,0.38113558292388916,0.035122066736221313,-0.20411080121994019
1141,18025,14224,60,3,0.38091400265693665,0.03979221731424332,1.5296573638916016
1142,18031,2858,397,5,0.38165751099586487,0.03671891614794731,0.3448966145515442
1143,18039,15079,51,2,0.3813615143299103,0.037835925817489624,1.572584867477417
1144,18047,14827,996,2,0.38062480092048645,0.03581482544541359,-0.6474692821502686
1145,18057,3421,438,4,0.3821555972099304,0.03765559941530228,0.38128936290740967
1146,18064,1696,19,2,0.3805260956287384,0.03867533057928085,1.6642215251922607
1147,18077,18315,32,2,0.3815464377403259,0.0346197783946991,1.7778116464614868
1148,18125,12726,994,2,0.3806954622268677,0.03542986884713173,-0.5720721483230591
1149,18177,15989,58,2,0.3806259036064148,0.0373917892575264,1.4456143379211426
1150,18224,1800,184,2,0.3804719150066376,0.03774190694093704,0.8896619081497192
1151,18236,16635,24,3,0.3805128037929535,0.037491731345653534,1.9583237171173096
1152,18246,10517,176,2,0.38074159622192383,0.04086886718869209,0.8852206468582153
1153,18247,18064,1244,1,0.38401830196380615,0.03532976284623146,-1.070175051689148
1154,18341,17227,1200,2,0.3810886740684509,0.034102872014045715,-1.0221433639526367
1155,18343,4770,25,4,0.3807271122932434,0.03643433377146721,1.5658398866653442
1156,18350,10576,3,2,0.3805750012397766,0.037639982998371124,2.3047564029693604
1157,18365,6783,207,2,0.3807882070541382,0.034985341131687164,0.9291439652442932
1158,18395,7385,1057,2,0.3817453682422638,0.04183391481637955,-0.7896560430526733
1159,18461,5369,13,2,0.3817461133003235,0.04052785038948059,2.0625178813934326
1160,18470,17742,809,1,0.38374537229537964,0.03487015515565872,-0.32468166947364807
1161,18593,12414,221,2,0.3818017840385437,0.04239453002810478,0.7812530398368835
1162,18602,17453,50,3,0.3816966414451599,0.03908389061689377,2.1135270595550537
1163,18645,5465,384,2,0.38221436738967896,0.03757382184267044,0.43530911207199097
1164,18685,14450,780,2,0.38050827383995056,0.03892558440566063,-0.27895063161849976
1165,18703,15523,686,2,0.38065484166145325,0.03826635330915451,-0.02657313644886017
1166,18711,6350,228,4,0.38131090998649597,0.037499405443668365,0.6899224519729614
1167,18712,7664,1055,2,0.3818611800670624,0.03654922917485237,-0.6135544776916504
1168,18724,2743,246,3,0.38065996766090393,0.037983670830726624,0.6907854676246643
1169,18778,10204,62,3,0.38097071647644043,0.03486017510294914,1.4724522829055786
1170,18792,17714,544,3,0.3810090720653534,0.03896433860063553,0.1388610154390335
1171,18845,3209,1197,1,0.38201430439949036,0.03430187702178955,-1.0253490209579468
1172,19003,10422,505,2,0.3803747594356537,0.038324542343616486,0.24309949576854706
1173,19089,5555,273,2,0.3808683753013611,0.035754431039094925,0.5792820453643799
1174,19112,1884,864,3,0.381491094827652,0.037571847438812256,-0.3048853576183319
1175,19133,18326,512,1,0.38495346903800964,0.042264971882104874,0.23479634523391724
1176,19139,18112,1165,1,0.38309770822525024,0.03606255352497101,-0.8843969702720642
1177,19140,1866,357,2,0.380923867225647,0.04245234280824661,0.5753147006034851
1178,19156,17724,255,3,0.3819912075996399,0.03675262629985809,0.8733389973640442
1179,19182,17521,1,3,0.38173040747642517,0.03874935954809189,2.980421543121338
1180,19205,14676,130,3,0.3827536106109619,0.04713667184114456,1.0604676008224487
1181,19224,9447,112,4,0.38114500045776367,0.03554757684469223,1.0306237936019897
1182,19257,12210,41,3,0.3810873031616211,0.03694377839565277,1.4990301132202148
1183,19262,18150,758,3,0.38175997138023376,0.036463167518377304,-0.25614678859710693
1184,19263,11705,267,1,0.3844280242919922,0.03479721397161484,0.5303930640220642
1185,19276,1885,61,4,0.381443589925766,0.03505387902259827,1.199803352355957
1186,19311,5602,631,1,0.3844589293003082,0.03722572326660156,0.02671719342470169
1187,19318,18209,251,4,0.38084885478019714,0.03723282366991043,0.6415308713912964
1188,19354,6295,97,7,0.3833056092262268,0.036217156797647476,1.1305429935455322
1189,19377,16132,296,2,0.38149166107177734,0.03776144981384277,0.7642927169799805
1190,19408,4834,196,2,0.382046103477478,0.03941182419657707,0.9717328548431396
1191,19415,17473,39,2,0.38078761100769043,0.03729327395558357,1.5374763011932373
1192,19484,18261,1090,5,0.38177230954170227,0.03376026451587677,-0.6161792874336243
1193,19490,18023,228,3,0.38130632042884827,0.038540035486221313,0.7403882145881653
1194,19525,12093,929,2,0.38012805581092834,0.03470827639102936,-0.48672056198120117
1195,19541,18305,192,2,0.3802063465118408,0.03533104062080383,0.9186694622039795
1196,19575,2062,851,3,0.38081419467926025,0.031602367758750916,-0.28238072991371155
1197,19634,9633,711,2,0.3809758722782135,0.03511027619242668,-0.060997940599918365
1198,19663,15607,17,2,0.38156580924987793,0.03925061970949173,1.8475686311721802
1199,19683,7946,265,2,0.3809577226638794,0.035463668406009674,0.6364002227783203
1200,19720,9142,560,2,0.3806525766849518,0.03395288437604904,0.12626837193965912
1201,19732,18337,105,2,0.3814290761947632,0.03921613097190857,1.2700401544570923
1202,19854,15569,9,2,0.3811466097831726,0.039141178131103516,2.6972455978393555
1203,19858,15500,113,2,0.3803814947605133,0.03684511035680771,1.222137212753296
1204,19859,6979,16,3,0.3813311457633972,0.038316357880830765,2.2269136905670166
1205,19896,9866,626,3,0.3818959891796112,0.03854357823729515,-0.0023415163159370422
1206,19919,5686,47,4,0.38165295124053955,0.044231392443180084,1.86319100856781
1207,19943,15782,29,1,0.383652925491333,0.039296120405197144,1.7152228355407715
1208,19947,17227,1138,2,0.3811217248439789,0.03329750895500183,-0.762741208076477
1209,19948,18307,1155,8,0.3818766474723816,0.03688861429691315,-0.8389022350311279
1210,19983,17075,53,6,0.3815188705921173,0.038234271109104156,1.7291762828826904
1211,20033,2029,3,4,0.38140738010406494,0.04019526019692421,2.8308682441711426
1212,20038,18315,3,3,0.38156336545944214,0.038550857454538345,2.8893589973449707
1213,20043,6335,68,2,0.38046565651893616,0.03646248206496239,1.287174940109253
1214,20047,2030,698,2,0.38226646184921265,0.040864042937755585,-0.06266079843044281
1215,20051,18307,1336,10,0.3860541582107544,0.03507044538855553,-1.985959529876709
1216,20056,6970,983,3,0.38179948925971985,0.03671932592988014,-0.5021010637283325
1217,20075,16720,1198,2,0.38293927907943726,0.03591693565249443,-0.9423877000808716
1218,20085,8761,171,3,0.3819560706615448,0.03660276532173157,0.9166489839553833
1219,20106,13980,728,2,0.38103756308555603,0.04014040529727936,-0.0957404226064682
1220,20107,15253,119,2,0.38020840287208557,0.03867136687040329,1.1745953559875488
1221,20166,2045,2,4,0.3810141086578369,0.04026497155427933,2.8116276264190674
1222,20186,11187,471,3,0.38189005851745605,0.03644531965255737,0.21294234693050385
1223,20190,10107,110,2,0.38102227449417114,0.037317387759685516,1.0851690769195557
1224,20217,17523,495,3,0.38196617364883423,0.039732299745082855,0.19289085268974304
1225,20219,18195,51,10,0.387717068195343,0.03699629008769989,1.669108510017395
1226,20277,3637,817,1,0.3833155632019043,0.035540662705898285,-0.2559564709663391
1227,20278,9740,82,2,0.3821347951889038,0.04040798544883728,1.3725602626800537
1228,20332,2075,36,4,0.3810640275478363,0.03907432407140732,1.7988166809082031
1229,20352,12477,902,2,0.3805531859397888,0.03315819799900055,-0.3882938623428345
1230,20369,5489,61,6,0.38117682933807373,0.03466796875,1.460227131843567
1231,20387,7000,7,2,0.38111022114753723,0.04043223708868027,2.526041269302368
1232,20412,3451,1215,2,0.38129526376724243,0.03555603697896004,-1.0938678979873657
1233,20421,16985,152,2,0.3808387219905853,0.04278980940580368,1.005908727645874
1234,20453,15222,385,3,0.38081493973731995,0.03632284700870514,0.32185763120651245
1235,20466,18179,152,2,0.3812773525714874,0.035826969891786575,1.040938138961792
1236,20467,17640,448,1,0.3833785951137543,0.03726282715797424,0.34294548630714417
1237,20484,4206,1130,2,0.38323143124580383,0.03663952648639679,-0.8125638961791992
1238,20592,17799,145,2,0.38093313574790955,0.035492341965436935,0.9215792417526245
1239,20630,5831,50,1,0.3842102885246277,0.040864259004592896,1.8600835800170898
1240,20651,4713,1,2,0.38079383969306946,0.037458837032318115,4.505593776702881
1241,20693,10067,149,3,0.38120970129966736,0.03716300427913666,0.9378286004066467
1242,20744,17090,453,3,0.3813718557357788,0.03403034061193466,0.25844937562942505
1243,20748,18274,705,3,0.38099074363708496,0.03321389853954315,-0.16508802771568298
1244,20772,18254,286,2,0.38139808177948,0.03741035982966423,0.6674097180366516
1245,20783,2142,14,2,0.38105297088623047,0.039898212999105453,2.0862784385681152
1246,20831,18307,345,3,0.38204827904701233,0.041515663266181946,0.5177952647209167
1247,20841,14676,432,3,0.3819422423839569,0.03728903457522392,0.3820357322692871
1248,20847,11418,663,3,0.3806496560573578,0.03793080896139145,-0.05326024442911148
1249,20851,14188,330,2,0.38088685274124146,0.04298689588904381,0.5106244087219238
1250,20853,15782,73,2,0.3810710310935974,0.03942827135324478,1.3403289318084717
1251,20854,9326,1194,3,0.38097548484802246,0.03644409030675888,-0.8934339284896851
1252,20872,16200,137,4,0.38107600808143616,0.036052923649549484,0.960490345954895
1253,20887,10977,39,1,0.3834450840950012,0.03823310509324074,1.517561435699463
1254,20904,17393,129,2,0.3806600272655487,0.03940907120704651,1.064798355102539
1255,20922,5220,300,1,0.381848007440567,0.037153832614421844,0.7790709137916565
1256,20937,2173,975,2,0.3805474042892456,0.03464611992239952,-0.5764413475990295
1257,20938,18334,1061,2,0.3819659650325775,0.04343147575855255,-0.6690635681152344
1258,20958,3469,686,1,0.384415864944458,0.036256708204746246,-0.13120634853839874
1259,20995,4453,934,2,0.3804243505001068,0.032635174691677094,-0.4666810631752014
1260,21004,15673,171,2,0.38084062933921814,0.037587910890579224,1.1521154642105103
1261,21038,10138,26,4,0.38145890831947327,0.03679637238383293,1.7018067836761475
1262,21047,16702,167,3,0.382124662399292,0.03512248769402504,1.0018014907836914
1263,21102,18205,662,2,0.3806656301021576,0.038410499691963196,-0.04619181156158447
1264,21113,2284,271,5,0.3813351094722748,0.0362902469933033,0.6195181012153625
1265,21122,16791,373,3,0.3808683753013611,0.03452416509389877,0.47817957401275635
1266,21145,5951,185,2,0.3823152482509613,0.034635789692401886,0.8901326656341553
1267,21156,11280,1090,3,0.3813411295413971,0.037140894681215286,-0.6781574487686157
1268,21165,14552,436,3,0.38097041845321655,0.035697516053915024,0.3365086317062378
1269,21184,17376,299,2,0.3804453909397125,0.03702381253242493,0.6143919825553894
1270,21194,17662,354,3,0.38134244084358215,0.03573702275753021,0.5422972440719604
1271,21203,17071,46,2,0.38099223375320435,0.03759223222732544,1.4608770608901978
1272,21204,15508,528,4,0.3809029757976532,0.03813733905553818,0.20771411061286926
1273,21227,6318,551,3,0.38133302330970764,0.035896770656108856,0.12791839241981506
1274,21350,6924,50,3,0.38115808367729187,0.0377073734998703,1.928613305091858
1275,21383,2295,900,6,0.38135746121406555,0.03590831533074379,-0.4137921929359436
1276,21533,15709,768,1,0.38287070393562317,0.03912480175495148,-0.14813609421253204
1277,21589,17979,1210,2,0.3804413378238678,0.03497709333896637,-0.9712886214256287
1278,21598,2275,59,2,0.3807174563407898,0.03556733578443527,1.4444785118103027
1279,21600,11465,438,2,0.381581574678421,0.03965230658650398,0.3583610951900482
1280,21602,14752,316,2,0.38169610500335693,0.03522758558392525,0.5604247450828552
1281,21701,11507,102,4,0.38109174370765686,0.03777514025568962,1.1104217767715454
1282,21715,8212,1143,1,0.38371559977531433,0.03561919927597046,-0.9310658574104309
1283,21772,18287,565,3,0.3808760344982147,0.03290335834026337,0.05884754657745361
1284,21777,18334,398,2,0.38155364990234375,0.03467019647359848,0.33645880222320557
1285,21797,18298,27,4,0.38060635328292847,0.036147259175777435,1.9470957517623901
1286,21804,5605,117,2,0.38110366463661194,0.03573957458138466,1.168340802192688
1287,21811,2308,834,2,0.3815042972564697,0.03575904294848442,-0.3285185694694519
1288,21823,13267,54,2,0.3807086646556854,0.036894820630550385,1.5333116054534912
1289,21878,17494,177,2,0.3804395794868469,0.038213297724723816,1.0171756744384766
1290,21909,10284,47,3,0.3810550272464752,0.033224307000637054,1.613698124885559
1291,21923,18287,212,3,0.3812079429626465,0.034847013652324677,0.85970139503479
1292,21927,18307,1013,5,0.3812157213687897,0.038616906851530075,-0.6229684948921204
1293,21941,7191,656,2,0.38133835792541504,0.03640786558389664,0.0029073357582092285
1294,21944,5503,443,2,0.3809899687767029,0.03644171357154846,0.3352263271808624
1295,21963,16074,510,2,0.38100606203079224,0.03779680281877518,0.13573120534420013
1296,21982,16948,395,1,0.38353511691093445,0.03562864661216736,0.5301420092582703
1297,22031,7573,65,2,0.3809662163257599,0.03892657905817032,1.393494725227356
1298,22045,16809,263,4,0.3808349370956421,0.03420513868331909,0.6441298723220825
1299,22050,3741,634,2,0.38159415125846863,0.040230169892311096,0.08076106011867523
1300,22059,17824,10,3,0.38187628984451294,0.03923947364091873,2.841068983078003
1301,22068,14576,598,2,0.3828950822353363,0.039713338017463684,0.1563054770231247
1302,22072,17588,1243,7,0.38447555899620056,0.03574318066239357,-1.0468025207519531
1303,22085,13576,472,2,0.3814326524734497,0.03463885560631752,0.23579593002796173
1304,22180,6169,771,4,0.38209283351898193,0.04142393544316292,-0.17327070236206055
1305,22219,5706,1,4,0.38084882497787476,0.037263303995132446,3.5781774520874023
1306,22224,15249,240,2,0.38082200288772583,0.03659118711948395,0.7757569551467896
1307,22357,11536,263,3,0.38129115104675293,0.03464232385158539,0.6037542819976807
1308,22362,18281,671,3,0.3816372752189636,0.03932621330022812,-0.0018430938944220543
1309,22386,4277,334,2,0.3807985484600067,0.03487350791692734,0.4775947630405426
1310,22399,18254,77,1,0.3830329179763794,0.0367155522108078,1.180043339729309
1311,22549,18281,421,3,0.3807094395160675,0.03994237631559372,0.3205263018608093
1312,22556,15601,676,2,0.38052940368652344,0.039690446108579636,-0.09067574143409729
1313,22562,15334,83,1,0.38331857323646545,0.03671517223119736,1.4155410528182983
1314,22613,17352,459,3,0.3809780478477478,0.03554423898458481,0.3559124767780304
1315,22630,18320,1156,5,0.3813457190990448,0.03980807960033417,-0.8753981590270996
1316,22638,2483,5,2,0.381562739610672,0.04242740571498871,2.565972089767456
1317,22732,7713,373,3,0.3811700642108917,0.036109428852796555,0.46914055943489075
1318,22746,13014,1279,2,0.3809399902820587,0.03664078563451767,-1.1935569047927856
1319,22749,17816,259,2,0.3807847201824188,0.041052114218473434,0.7766826152801514
1320,22774,15721,65,2,0.3810564875602722,0.039016250520944595,1.4792981147766113
1321,22805,15545,108,1,0.3837851583957672,0.03674925118684769,1.2925721406936646
1322,22839,14074,46,2,0.3812544047832489,0.03733678162097931,1.5589061975479126
1323,22910,2537,1068,2,0.3808106482028961,0.0360758975148201,-0.611687183380127
1324,22927,11209,248,2,0.3806057274341583,0.03434877097606659,0.6763664484024048
1325,22932,13312,141,2,0.38106921315193176,0.03559868410229683,0.9955843687057495
1326,22955,18145,54,2,0.38063445687294006,0.03777161240577698,1.374310851097107
1327,22960,7215,523,2,0.38067811727523804,0.03298027440905571,0.23245421051979065
1328,22967,18298,6,2,0.38131237030029297,0.038099102675914764,3.64937686920166
1329,22968,14125,574,1,0.3833359479904175,0.03145548701286316,0.049827300012111664
1330,22974,18278,701,4,0.3811224699020386,0.0403536856174469,-0.08316731452941895
1331,22996,2562,32,3,0.38090747594833374,0.039093486964702606,1.388574242591858
1332,23009,13091,64,2,0.38126736879348755,0.037931062281131744,1.3724184036254883
1333,23099,11865,785,2,0.3810754716396332,0.036399200558662415,-0.2123100310564041
1334,23111,17316,166,2,0.38152608275413513,0.03795425221323967,0.9864693284034729
1335,23112,2573,616,2,0.38119351863861084,0.03698821738362312,-0.013058602809906006
1336,23118,2575,492,3,0.38100749254226685,0.03479599952697754,0.29432711005210876
1337,23124,13432,490,2,0.3808857500553131,0.034527845680713654,0.1747153103351593
1338,23179,9679,1328,2,0.38124310970306396,0.034723229706287384,-1.5242375135421753
1339,23180,7134,281,2,0.3812142014503479,0.038309961557388306,0.6363123655319214
1340,23211,8352,260,3,0.38127803802490234,0.03735056146979332,0.7276180982589722
1341,23236,17474,197,1,0.3839251697063446,0.03751618415117264,0.8739427924156189
1342,23250,18069,182,2,0.3806184232234955,0.03666619211435318,0.9021352529525757
1343,23256,13780,172,1,0.3822517395019531,0.03568796068429947,0.9814515113830566
1344,23285,18274,572,2,0.38330838084220886,0.03543514385819435,0.15997295081615448
1345,23304,3248,332,2,0.38058674335479736,0.03802969306707382,0.5092111229896545
1346,23327,2600,224,2,0.3810003399848938,0.03794460743665695,0.9052824974060059
1347,23346,3436,4,7,0.38391226530075073,0.04052727296948433,3.0817999839782715
1348,23378,14814,262,1,0.38574734330177307,0.041361331939697266,0.5150372982025146
1349,23393,2612,14,3,0.3818272054195404,0.03895820677280426,2.248866081237793
1350,23420,12608,572,2,0.38120198249816895,0.03626098111271858,0.08160045742988586
1351,23426,15519,1128,3,0.38129404187202454,0.03311385214328766,-0.7763304114341736
1352,23476,11411,875,1,0.3838348686695099,0.03425965458154678,-0.3896784782409668
1353,23519,18084,1292,1,0.38228973746299744,0.03827502578496933,-1.398685336112976
1354,23525,15334,185,2,0.38055798411369324,0.03582034260034561,0.8265440464019775
1355,23544,12949,1171,2,0.38080137968063354,0.03376230597496033,-0.8879856467247009
1356,23602,3783,484,3,0.38147255778312683,0.040632300078868866,0.3159879446029663
1357,23769,17270,55,3,0.3812314569950104,0.03948096185922623,1.3082304000854492
1358,23805,3782,856,2,0.381376713514328,0.043996065855026245,-0.2871752381324768
1359,23824,18012,501,4,0.38206323981285095,0.037142906337976456,0.27081626653671265
1360,23847,9061,2,6,0.3815171718597412,0.03706816956400871,3.636701822280884
1361,23849,17941,541,2,0.381696492433548,0.03538292646408081,0.12210174649953842
1362,23857,10274,359,3,0.38130417466163635,0.03870045766234398,0.43054112792015076
1363,23875,8813,361,5,0.3815351724624634,0.04433366656303406,0.5508396625518799
1364,23893,17085,129,2,0.3812952935695648,0.037919122725725174,1.150509238243103
1365,23904,18244,372,3,0.3817859888076782,0.04242640361189842,0.4084165692329407
1366,23911,4017,127,2,0.3818083107471466,0.03633641451597214,1.1484688520431519
1367,23921,18307,1056,5,0.38181495666503906,0.040541358292102814,-0.6372734308242798
1368,23925,18334,379,2,0.3806198239326477,0.03848816454410553,0.5024643540382385
1369,23945,7661,8,3,0.3815208971500397,0.03927721455693245,2.014561176300049
1370,23972,15190,13,3,0.3823607861995697,0.03984382003545761,2.12515926361084
1371,23999,4380,1059,2,0.38196447491645813,0.03462755307555199,-0.6425588726997375
1372,24003,2971,141,3,0.3811814785003662,0.03619951382279396,0.9699311256408691
1373,24050,6108,622,2,0.3807581067085266,0.0386430062353611,0.07352130115032196
1374,24072,6330,174,3,0.38102248311042786,0.03999345004558563,0.9287536144256592
1375,24092,14883,200,1,0.38461628556251526,0.037322454154491425,0.7720927596092224
1376,24155,2770,949,2,0.3808729648590088,0.03733517974615097,-0.44451725482940674
1377,24243,18244,14,2,0.3818208873271942,0.04384515807032585,2.3010194301605225
1378,24274,3994,167,2,0.3811241388320923,0.03757909685373306,0.9214234352111816
1379,24335,17539,714,2,0.38039088249206543,0.03463461250066757,-0.11465058475732803
1380,24355,17025,249,5,0.3811779320240021,0.04241638630628586,0.7303612232208252
1381,24362,9678,880,3,0.38057059049606323,0.0351068452000618,-0.3647981286048889
1382,24407,12340,1295,2,0.3807908594608307,0.03296346962451935,-1.2615129947662354
1383,24515,18324,41,5,0.382466197013855,0.03716599568724632,1.6258971691131592
1384,24518,15607,8,4,0.38138654828071594,0.03880442678928375,2.138519525527954
1385,24572,16096,1153,2,0.3820076882839203,0.03309022635221481,-0.8088787794113159
1386,24580,2853,954,2,0.38119271397590637,0.03185625746846199,-0.527580976486206
1387,24605,13239,371,2,0.38068217039108276,0.03504543751478195,0.5683723092079163
1388,24757,17146,289,2,0.3804902732372284,0.03654168173670769,0.7347462177276611
1389,24760,13540,696,2,0.3814789354801178,0.03614339977502823,-0.13752472400665283
1390,24761,7440,717,2,0.3832275867462158,0.04123532027006149,-0.09361663460731506
1391,24784,9372,803,2,0.38114768266677856,0.03240753710269928,-0.30812013149261475
1392,24831,5236,1130,3,0.3810853660106659,0.03280889615416527,-0.7337697148323059
1393,24845,12334,1,3,0.3814244866371155,0.04397757723927498,3.539053440093994
1394,24872,3582,884,2,0.38140857219696045,0.039155684411525726,-0.40609273314476013
1395,24929,17021,685,2,0.38076871633529663,0.03802838921546936,-0.160235196352005
1396,24952,18164,1308,10,0.38878265023231506,0.038154806941747665,-1.5129773616790771
1397,24957,17943,810,6,0.38142699003219604,0.044697437435388565,-0.27565133571624756
1398,24962,18307,957,4,0.3821454644203186,0.033754922449588776,-0.5184119939804077
1399,24964,18209,439,3,0.38099467754364014,0.03415611758828163,0.2926459312438965
1400,24966,18276,67,4,0.38111603260040283,0.04134082794189453,1.5361850261688232
1401,24967,17085,439,3,0.38097986578941345,0.03667233884334564,0.28612595796585083
1402,25115,10314,440,2,0.38141345977783203,0.03671209514141083,0.5289664268493652
1403,25207,7530,96,2,0.38165849447250366,0.039053384214639664,1.1844929456710815
1404,25242,15579,822,1,0.3853285312652588,0.03953852131962776,-0.348704993724823
1405,25318,14174,98,2,0.3802926540374756,0.03569478169083595,1.1757073402404785
1406,25321,17385,508,2,0.3813525140285492,0.03621719777584076,0.12944655120372772
1407,25324,15042,79,3,0.3811948001384735,0.036363378167152405,1.2528643608093262
1408,25355,13195,116,2,0.38091805577278137,0.039185211062431335,1.1307238340377808
1409,25356,11261,195,4,0.38131824135780334,0.03612629696726799,0.8834213614463806
1410,25379,11732,15,3,0.3810103237628937,0.03940575569868088,1.8258622884750366
1411,25382,14176,57,1,0.38342007994651794,0.03804170712828636,1.482530951499939
1412,25395,8525,158,1,0.3831959366798401,0.041909851133823395,1.0791831016540527
1413,25399,11922,56,6,0.3817516565322876,0.03650179132819176,1.4501172304153442
1414,25403,16300,240,2,0.38145411014556885,0.04091242328286171,0.9238086938858032
1415,25544,17862,1051,2,0.3816145956516266,0.03698290139436722,-0.6016408801078796
1416,25580,7349,2,2,0.38196951150894165,0.04214555770158768,3.3059606552124023
1417,25586,18320,456,2,0.38099363446235657,0.03903242200613022,0.24230413138866425
1418,25591,18273,1,3,0.3810102641582489,0.03864654153585434,5.675837993621826
1419,25604,8796,872,2,0.38129743933677673,0.03288739547133446,-0.33685046434402466
1420,25605,17566,304,4,0.38093873858451843,0.03339642286300659,0.5389735102653503
1421,25669,8999,354,3,0.3809588849544525,0.03436422720551491,0.52496737241745
1422,25670,18069,151,2,0.3816806674003601,0.03986811637878418,1.0272783041000366
1423,25695,14523,15,2,0.383197546005249,0.03811074048280716,2.566368579864502
1424,25703,4735,39,1,0.383892685174942,0.03953501582145691,1.6088625192642212
1425,25710,3102,733,2,0.3806722164154053,0.03816060721874237,-0.135259211063385
1426,25727,9308,1334,2,0.38119062781333923,0.034620530903339386,-1.67431640625
1427,25744,18088,1143,2,0.38127902150154114,0.0426773726940155,-0.8338811993598938
1428,25758,17090,116,2,0.38054895401000977,0.03253187984228134,1.0208711624145508
1429,25778,17961,573,3,0.38113024830818176,0.035178110003471375,0.0733770951628685
1430,25790,5883,871,2,0.38158613443374634,0.035434968769550323,-0.39834555983543396
1431,25813,17009,250,2,0.3807351887226105,0.03824932128190994,0.6308107376098633
1432,25877,18280,180,3,0.3806198835372925,0.04107758775353432,0.8331064581871033
1433,25891,18315,256,3,0.38127008080482483,0.03672259673476219,0.6376782059669495
1434,25894,9355,831,2,0.3813124895095825,0.03575267270207405,-0.2470572292804718
1435,25973,16129,84,2,0.3812047243118286,0.04020380973815918,1.2553569078445435
1436,25992,3209,1,2,0.38297396898269653,0.043102771043777466,3.201605796813965
1437,26010,12691,503,2,0.3815098702907562,0.04343485087156296,0.224181666970253
1438,26016,3212,1043,2,0.3806672692298889,0.03451228886842728,-0.6273918151855469
1439,26020,18130,336,2,0.3805384337902069,0.037326328456401825,0.4209643006324768
1440,26021,18278,73,4,0.3809989094734192,0.03993836045265198,1.2854779958724976
1441,26046,10985,886,3,0.38112691044807434,0.03827190026640892,-0.38070982694625854
1442,26071,3234,119,2,0.38259583711624146,0.04446335881948471,1.1442406177520752
1443,26126,9595,40,3,0.3822440207004547,0.03896337002515793,1.9527007341384888
1444,26153,10165,207,2,0.3814544677734375,0.03377540782094002,0.9495260715484619
1445,26204,15215,909,1,0.3852943181991577,0.035757217556238174,-0.4366919994354248
1446,26218,6921,453,2,0.38064509630203247,0.035135235637426376,0.38392776250839233
1447,26223,9124,59,3,0.3812195360660553,0.040922410786151886,1.3584522008895874
1448,26280,7774,710,2,0.3813568651676178,0.03684214502573013,-0.12209105491638184
1449,26307,17325,165,2,0.38081610202789307,0.037750013172626495,1.005347490310669
1450,26309,12262,327,2,0.381868839263916,0.03670734912157059,0.6212741136550903
1451,26324,18316,636,2,0.38078808784484863,0.04023410752415657,0.012249864637851715
1452,26383,18307,831,4,0.38085758686065674,0.03829267621040344,-0.31354695558547974
1453,26405,17441,415,2,0.381766676902771,0.034701645374298096,0.34124547243118286
1454,26410,11168,1020,3,0.38174569606781006,0.036597445607185364,-0.4974728226661682
1455,26464,16729,175,4,0.38137421011924744,0.038053739815950394,0.9697439074516296
1456,26622,15587,6,2,0.3807128071784973,0.037367112934589386,3.100533962249756
1457,26625,3536,467,2,0.38115498423576355,0.035888127982616425,0.2727181613445282
1458,26648,3413,1067,2,0.38150539994239807,0.03430987149477005,-0.6339625120162964
1459,26714,12040,709,2,0.3808937668800354,0.03235890343785286,-0.10391304641962051
1460,26724,14679,235,2,0.38019636273384094,0.037156715989112854,0.8035332560539246
1461,26748,17634,621,2,0.38095155358314514,0.036361731588840485,0.013077400624752045
1462,26769,6075,961,2,0.38117191195487976,0.03432103246450424,-0.5103200078010559
1463,26770,16149,369,1,0.3855512738227844,0.037659645080566406,0.5218951106071472
1464,26775,17802,717,2,0.3803476393222809,0.03757776319980621,-0.13501016795635223
1465,26778,17219,808,1,0.38255664706230164,0.0340571291744709,-0.3257644772529602
1466,26789,17900,1145,2,0.38103681802749634,0.03697311133146286,-0.783532977104187
1467,26856,18045,747,2,0.3806147277355194,0.03691208362579346,-0.13593575358390808
1468,26882,6936,28,2,0.3830428719520569,0.047767821699380875,1.9134255647659302
1469,26912,11202,9,3,0.38121822476387024,0.035058483481407166,1.948054552078247
1470,26920,18279,105,5,0.38100337982177734,0.04061136767268181,1.2582635879516602
1471,26922,18298,4,2,0.3813309967517853,0.03716835752129555,2.9882590770721436
1472,26986,5207,367,3,0.38148176670074463,0.03945459797978401,0.5079454183578491
1473,27080,15199,351,1,0.38361769914627075,0.03247872367501259,0.4295281767845154
1474,27108,14355,1,1,0.3840833604335785,0.04086609557271004,3.213862657546997
1475,27180,18313,246,1,0.38267987966537476,0.03815563768148422,0.7024879455566406
1476,27203,18010,440,2,0.38086092472076416,0.03712867200374603,0.3153513967990875
1477,27225,9002,814,1,0.3841123580932617,0.0351422056555748,-0.2979584038257599
1478,27228,18214,530,2,0.38157862424850464,0.03520691767334938,0.1341361105442047
1479,27260,18244,459,2,0.38254550099372864,0.045441366732120514,0.26067107915878296
1480,27278,4517,903,3,0.3813869059085846,0.041240982711315155,-0.32131126523017883
1481,27292,15859,194,2,0.38033369183540344,0.036659013479948044,0.8288947343826294
1482,27340,3972,28,1,0.3826996982097626,0.03839985281229019,1.8553138971328735
1483,27348,4173,301,4,0.3810281455516815,0.036973074078559875,0.7557535767555237
1484,27438,7289,517,2,0.382237046957016,0.037645161151885986,0.13039925694465637
1485,27554,11804,933,2,0.3808513879776001,0.03444837033748627,-0.4225045144557953
1486,27606,7919,17,3,0.3813150227069855,0.037581369280815125,1.8007304668426514
1487,27645,14076,30,3,0.38244518637657166,0.044116031378507614,1.8947381973266602
1488,27664,10739,868,2,0.3809050917625427,0.03769379109144211,-0.25939851999282837
1489,27696,9738,399,2,0.38147786259651184,0.03850589692592621,0.32318881154060364
1490,27777,14318,1022,2,0.3810793459415436,0.03959213197231293,-0.6074523329734802
1491,27794,15318,157,2,0.38060256838798523,0.03518863767385483,0.8908720016479492
1492,27945,14590,2,5,0.3822636604309082,0.03856267035007477,2.98069167137146
1493,27976,7753,44,3,0.3822352886199951,0.04007807374000549,1.8570795059204102
1494,27987,3887,129,2,0.38169193267822266,0.03701306879520416,0.9895127415657043
1495,27990,15436,764,3,0.38050317764282227,0.03391554579138756,-0.24725815653800964
1496,28012,9956,588,3,0.3810997009277344,0.034086696803569794,0.005876647308468819
1497,28023,6041,884,2,0.3818521797657013,0.041581422090530396,-0.32742249965667725
1498,28092,13680,361,2,0.38211196660995483,0.04100263863801956,0.4787890613079071
1499,28105,3952,75,3,0.3817784786224365,0.03527228534221649,1.2895458936691284
1500,28148,18311,333,2,0.3804590702056885,0.03429115563631058,0.5809646844863892
1501,28166,18334,558,3,0.38157418370246887,0.036925431340932846,0.10819174349308014
1502,28233,16055,170,4,0.3813604712486267,0.03618892282247543,0.9624894857406616
1503,28253,17751,77,2,0.38136330246925354,0.039759427309036255,1.3605608940124512
1504,28261,11102,504,3,0.38168343901634216,0.03954588994383812,0.272161066532135
1505,28281,18326,1204,7,0.38247498869895935,0.03747263550758362,-0.9224014282226562
1506,28317,9450,655,3,0.38138648867607117,0.039130695164203644,-0.07598601281642914
1507,28331,4052,265,2,0.38128989934921265,0.03470943123102188,0.7917699217796326
1508,28421,18296,93,2,0.3806249499320984,0.03530069440603256,1.2385427951812744
1509,28447,17849,1323,2,0.38118234276771545,0.03543226048350334,-1.4666227102279663
1510,28450,17666,4,2,0.3805182874202728,0.03596612066030502,2.071211099624634
1511,28517,15275,176,2,0.38076356053352356,0.03560074046254158,0.8747348785400391
1512,28520,4125,43,2,0.3828817307949066,0.041920505464076996,1.4619414806365967
1513,28526,18236,1066,2,0.3809114098548889,0.037655118852853775,-0.7004572153091431
1514,28537,12270,1,2,0.3811163902282715,0.041849832981824875,3.9877030849456787
1515,28554,18331,305,2,0.38069358468055725,0.03402189165353775,0.6272976994514465
1516,28582,4120,279,2,0.38102707266807556,0.03605152294039726,0.740668773651123
1517,28619,10644,1312,3,0.3812946081161499,0.03789963200688362,-1.552506923675537
1518,28643,17825,1142,2,0.3806195855140686,0.036569684743881226,-0.8654268980026245
1519,28712,17430,73,2,0.381530225276947,0.03898157551884651,1.349076509475708
1520,28931,17813,1,2,0.3823523223400116,0.04283054172992706,4.72878360748291
1521,28992,16178,499,2,0.38038700819015503,0.03814059495925903,0.182076096534729
1522,28997,18279,674,3,0.38122978806495667,0.0384787917137146,-0.09325425326824188
1523,29050,18243,843,1,0.38390496373176575,0.035567328333854675,-0.3662296533584595
1524,29093,5033,97,2,0.38115963339805603,0.03587610647082329,1.3018397092819214
1525,29140,13368,137,2,0.3810953199863434,0.04028971493244171,1.0465317964553833
1526,29169,18030,524,2,0.3808791935443878,0.039689354598522186,0.15385782718658447
1527,29242,10920,25,2,0.3806184232234955,0.03985848277807236,1.9499973058700562
1528,29275,18333,389,1,0.38434985280036926,0.03545522689819336,0.42628875374794006
1529,29282,16043,389,2,0.38155418634414673,0.03594107925891876,0.37397733330726624
1530,29296,11969,835,3,0.3818911910057068,0.03552350029349327,-0.2371157556772232
1531,29311,18313,379,10,0.3902619183063507,0.0396990105509758,0.36530113220214844
1532,29350,18331,236,2,0.3804576098918915,0.034865107387304306,0.8667207956314087
1533,29353,10884,537,3,0.38145723938941956,0.038205958902835846,0.18366113305091858
1534,29371,7926,652,2,0.3816748857498169,0.038114696741104126,-0.007410332560539246
1535,29373,18290,1211,2,0.38117069005966187,0.03475871682167053,-1.001404047012329
1536,29486,4441,1221,2,0.3814724087715149,0.03630640357732773,-1.012231707572937
1537,29491,13557,272,1,0.3832332491874695,0.03517540544271469,0.7047955393791199
1538,29543,17805,642,3,0.38158711791038513,0.04045186564326286,-0.04987423121929169
1539,29584,7349,1330,1,0.38313040137290955,0.03813499957323074,-2.006500720977783
1540,29596,7674,307,2,0.3807327151298523,0.03710845112800598,0.5123400092124939
1541,29720,13495,417,3,0.3806871771812439,0.035382699221372604,0.32870763540267944
1542,29759,12523,1303,3,0.38185709714889526,0.034970298409461975,-1.2498544454574585
1543,29781,17588,933,2,0.380616158246994,0.03910598158836365,-0.4508238434791565
1544,29783,18276,17,6,0.38121849298477173,0.04331371188163757,2.271763563156128
1545,29791,18307,467,3,0.3809413015842438,0.038339193910360336,0.3144098222255707
1546,29842,18334,626,3,0.38169416785240173,0.0391748771071434,0.011229697614908218
1547,29843,14145,26,2,0.38157978653907776,0.038233064115047455,1.782008409500122
1548,29847,16349,60,2,0.38168269395828247,0.039686303585767746,1.6285395622253418
1549,29874,6337,42,2,0.3807353079319,0.03861679881811142,1.4913690090179443
1550,29892,11596,851,3,0.3812592923641205,0.034871116280555725,-0.30786022543907166
1551,29895,15709,806,4,0.3821042478084564,0.04113774746656418,-0.26166433095932007
1552,29918,17003,104,1,0.3840060830116272,0.03569779545068741,1.306311845779419
1553,29941,18265,4,3,0.3822053074836731,0.04102544113993645,3.3151016235351562
1554,30073,18288,291,1,0.38285595178604126,0.033621080219745636,0.6607165932655334
1555,30103,8135,239,2,0.3809216022491455,0.036276619881391525,0.746816098690033
1556,30154,4868,143,2,0.3815843462944031,0.04374503344297409,1.0175048112869263
1557,30345,16068,301,2,0.38087883591651917,0.03452852740883827,0.662891149520874
1558,30444,17090,13,8,0.38156482577323914,0.03451012447476387,2.9034509658813477
1559,30451,18309,59,3,0.38074198365211487,0.035738565027713776,1.5943024158477783
1560,30454,18276,48,6,0.3815250098705292,0.0389024093747139,1.7635691165924072
1561,30455,18280,23,4,0.3814360201358795,0.03977922722697258,2.148733615875244
1562,30577,11570,305,2,0.380710631608963,0.03635544329881668,0.5205916166305542
1563,30704,5186,31,2,0.3810931444168091,0.039184920489788055,1.686085820198059
1564,30725,14604,246,2,0.38150152564048767,0.03734630346298218,0.6396670341491699
1565,30886,9383,540,2,0.38087156414985657,0.03400455787777901,0.12909261882305145
1566,30946,5305,15,3,0.3816693425178528,0.04249938204884529,2.2768208980560303
1567,30957,18261,378,3,0.38027435541152954,0.034399643540382385,0.37851208448410034
1568,30974,15606,72,2,0.38145872950553894,0.03999821096658707,1.5156848430633545
1569,30976,18347,1265,5,0.3816062808036804,0.033118873834609985,-1.1501092910766602
1570,31077,11144,234,2,0.3807438611984253,0.036683179438114166,0.862057089805603
1571,31079,18355,65,2,0.38040223717689514,0.03417851775884628,1.4000537395477295
1572,31135,8813,314,2,0.380832701921463,0.04041989892721176,0.5181763768196106
1573,31287,18290,1076,3,0.3816639482975006,0.03572697937488556,-0.6625730991363525
1574,31303,6345,853,3,0.3814045190811157,0.03768157213926315,-0.3138973116874695
1575,31313,17991,265,2,0.38125142455101013,0.039905447512865067,0.6569414138793945
1576,31364,18255,160,2,0.38155052065849304,0.03417773172259331,0.9554116725921631
1577,31386,10110,665,3,0.38105279207229614,0.03825764358043671,-0.06331776082515717
1578,31431,17566,81,2,0.3811189532279968,0.03443825989961624,1.3662301301956177
1579,31445,18307,499,3,0.3806475102901459,0.03962536156177521,0.22722530364990234
1580,31487,5686,1255,2,0.38125115633010864,0.03988097608089447,-1.1714571714401245
1581,31545,18307,1262,5,0.3811069428920746,0.0368783101439476,-1.2044368982315063
1582,31669,18044,123,2,0.38095295429229736,0.041026521474123,1.097149133682251
1583,31686,9968,822,2,0.38084307312965393,0.03601934015750885,-0.2606797218322754
1584,31688,10251,1000,2,0.38031652569770813,0.03459455445408821,-0.5203179121017456
1585,31762,14841,336,1,0.38215795159339905,0.03827620670199394,0.7733678221702576
1586,31773,8308,1140,3,0.38121622800827026,0.0368642657995224,-0.7435399889945984
1587,31774,5868,199,2,0.3806242346763611,0.03813283517956734,0.8562254905700684
1588,31778,11023,91,2,0.3813669979572296,0.03396538272500038,1.0609334707260132
1589,31803,18250,30,6,0.38150784373283386,0.037866003811359406,1.8829658031463623
1590,31818,18307,634,3,0.38095003366470337,0.0380823016166687,-0.022196084260940552
1591,31864,14601,737,2,0.3813277781009674,0.03429548442363739,-0.15288221836090088
1592,31910,10152,412,2,0.38129252195358276,0.036751098930835724,0.539466381072998
1593,31936,13064,1221,1,0.38385868072509766,0.03342857211828232,-1.1971367597579956
1594,32040,18289,18,3,0.38151270151138306,0.03929981589317322,1.5954781770706177
1595,32082,11615,65,2,0.3812268078327179,0.03812362998723984,1.3602591753005981
1596,32154,18349,1185,3,0.3818264603614807,0.03670378774404526,-0.8716268539428711
1597,32518,18334,151,2,0.38132017850875854,0.041303131729364395,1.0913463830947876
1598,32556,13328,5,2,0.3806982934474945,0.038031045347452164,3.0999584197998047
1599,32631,17566,204,3,0.38067737221717834,0.03293502330780029,0.8664063215255737
1600,32635,13448,485,1,0.38313594460487366,0.03533848375082016,0.2907237410545349
1601,32673,18261,170,2,0.38237348198890686,0.03729957714676857,1.0207544565200806
1602,32681,18272,677,3,0.38124123215675354,0.03446340188384056,-0.02238643169403076
1603,32704,15563,79,2,0.3805907666683197,0.03635093569755554,1.256195306777954
1604,32746,17266,3,1,0.3830464780330658,0.036714695394039154,2.155665159225464
1605,32750,18281,322,2,0.38133475184440613,0.04496890306472778,0.5534026622772217
1606,32818,18307,335,4,0.381747841835022,0.03844602406024933,0.5302963852882385
1607,32856,18231,578,3,0.38101089000701904,0.03519054502248764,0.14546146988868713
1608,32858,17437,1253,1,0.38424816727638245,0.034216903150081635,-1.2176637649536133
1609,32884,13348,930,2,0.3829824924468994,0.03680482134222984,-0.4906582832336426
1610,32912,15063,1077,2,0.3807825446128845,0.033201757818460464,-0.761491596698761
1611,32938,16049,582,2,0.38246771693229675,0.03764209523797035,0.10880807042121887
1612,32954,10861,178,1,0.38277608156204224,0.03765132278203964,1.090699315071106
1613,32996,18334,657,3,0.38098087906837463,0.03735235705971718,-0.06858700513839722
1614,33081,17441,5,1,0.3826736807823181,0.03703666478395462,1.9968796968460083
1615,33116,18315,300,2,0.38130465149879456,0.035973429679870605,0.5715629458427429
1616,33155,9944,319,3,0.38189202547073364,0.0320352166891098,0.6041142344474792
1617,33156,18274,268,5,0.38129231333732605,0.03546937182545662,0.6036391854286194
1618,33159,18307,805,2,0.38066044449806213,0.03843454644083977,-0.23939990997314453
1619,33166,18307,42,2,0.3814379572868347,0.041503820568323135,1.6449790000915527
1620,33184,11226,5,2,0.3814927339553833,0.04320655018091202,2.9541406631469727
1621,33275,7091,728,2,0.3805842399597168,0.036121219396591187,-0.14679650962352753
1622,33432,17188,755,2,0.3807796537876129,0.04167831689119339,-0.17941701412200928
1623,33482,18177,552,3,0.38060227036476135,0.036692336201667786,0.15554030239582062
1624,33502,12335,1296,2,0.38197124004364014,0.03887055814266205,-1.3694132566452026
1625,33611,18307,494,5,0.38203808665275574,0.03762427717447281,0.15218357741832733
1626,33614,18334,719,3,0.38143858313560486,0.03864490985870361,-0.11028258502483368
1627,33655,16935,445,1,0.38437536358833313,0.041115064173936844,0.34859132766723633
1628,33659,18309,865,3,0.3812047839164734,0.03961845487356186,-0.3300427496433258
1629,33690,18307,1192,2,0.3805117905139923,0.03738287836313248,-0.8302197456359863
1630,33786,18287,243,3,0.3809337317943573,0.03410167619585991,0.6573848724365234
1631,33851,17477,930,2,0.3809601366519928,0.043310847133398056,-0.43311476707458496
1632,33913,13873,386,3,0.3808393180370331,0.03317749500274658,0.34679579734802246
1633,34025,18290,587,2,0.3804854452610016,0.03666537255048752,0.08510638773441315
1634,34085,14757,637,1,0.3844439685344696,0.04529210925102234,0.08152537792921066
1635,34141,18187,390,2,0.38040342926979065,0.037251051515340805,0.4457360506057739
1636,34248,17464,282,2,0.3818890154361725,0.039352208375930786,0.7957046627998352
1637,34252,18334,65,2,0.3817654252052307,0.041973695158958435,1.5019886493682861
1638,34273,18278,878,4,0.3813640773296356,0.040917832404375076,-0.375129759311676
1639,34295,17303,45,1,0.38381651043891907,0.04012395441532135,1.4976094961166382
1640,34360,16157,149,2,0.3804374039173126,0.03746062517166138,0.9650057554244995
1641,34404,18290,1162,3,0.38137343525886536,0.03683515638113022,-0.8817734718322754
1642,34423,17090,13,5,0.3809264302253723,0.03472132980823517,2.8696696758270264
1643,34424,18261,58,3,0.3809756934642792,0.03521472215652466,1.4078083038330078
1644,34432,14400,1075,2,0.38086238503456116,0.036704547703266144,-0.7242804169654846
1645,34482,18252,38,2,0.38107824325561523,0.038088902831077576,1.9063096046447754
1646,34491,18315,1,3,0.38075119256973267,0.03963536024093628,5.606248378753662
1647,34604,18315,488,3,0.3809219002723694,0.03691764175891876,0.21024663746356964
1648,34626,18326,1012,5,0.3821283280849457,0.0379813015460968,-0.5243812203407288
1649,34804,12274,969,1,0.3826466500759125,0.035274699330329895,-0.5186501145362854
1650,34836,17261,18,2,0.381706565618515,0.04096928983926773,2.0731313228607178
1651,34837,18190,27,3,0.3820911943912506,0.03696484863758087,1.547217607498169
1652,34949,16948,205,2,0.3812134265899658,0.033947981894016266,0.9421389698982239
1653,34968,10130,313,2,0.3811319172382355,0.040477119386196136,0.5874505043029785
1654,34979,10153,553,2,0.3810633420944214,0.03369076922535896,0.08633790165185928
1655,34989,18352,45,1,0.3863564133644104,0.0434601753950119,1.9222012758255005
1656,35016,18195,19,2,0.3812861442565918,0.03854969143867493,2.259243965148926
1657,35022,18307,1300,2,0.38150346279144287,0.03537482023239136,-1.1694363355636597
1658,35031,18307,687,3,0.38101163506507874,0.03749678283929825,-0.12789225578308105
1659,35033,18258,615,3,0.3808425962924957,0.03610201179981232,0.004623856395483017
1660,35044,18352,976,1,0.3855357766151428,0.036986883729696274,-0.5304999351501465
1661,35058,18298,35,2,0.38094082474708557,0.03549318015575409,1.6669155359268188
1662,35059,18309,1162,2,0.3840233087539673,0.031830038875341415,-0.8012059926986694
1663,35068,18356,511,3,0.3847716450691223,0.031936779618263245,0.14959798753261566
1664,35087,18346,219,4,0.38146060705184937,0.03632354363799095,0.7822044491767883
1665,35089,16492,231,2,0.38120320439338684,0.03955953195691109,0.6519537568092346
1666,35094,12924,502,2,0.3810282051563263,0.03294413164258003,0.14514143764972687
1667,35098,18209,121,2,0.38070017099380493,0.03672753646969795,1.0953621864318848
1668,35103,18334,366,2,0.3823402523994446,0.0327899269759655,0.3378450572490692
1669,35104,18334,61,2,0.3808535933494568,0.03754765912890434,1.4533634185791016
1670,35110,18307,378,3,0.3820793926715851,0.03624517470598221,0.42031484842300415
1671,35122,18309,1164,2,0.38045769929885864,0.03764671832323074,-0.806634783744812
1672,35133,15755,259,2,0.3813430070877075,0.03587822616100311,0.7640863060951233
1673,35214,18341,56,3,0.38132837414741516,0.03934268280863762,1.7268640995025635
1674,35218,18334,367,3,0.38209500908851624,0.040081121027469635,0.47645699977874756
1675,35227,11501,970,2,0.3816273808479309,0.03336368128657341,-0.4683937728404999
1676,35252,17943,1233,2,0.3816443979740143,0.03753258287906647,-0.9428845047950745
1677,35256,17588,986,2,0.3810538649559021,0.03438873961567879,-0.5178228616714478
1678,35262,18276,365,2,0.3811887204647064,0.04243867099285126,0.4278298020362854
1679,35280,18327,103,2,0.38219937682151794,0.039031319320201874,1.372255802154541
1680,35296,17588,436,3,0.3811323940753937,0.039845943450927734,0.27429404854774475
1681,35391,18307,858,2,0.38206198811531067,0.0411958321928978,-0.32647472620010376
1682,35419,18287,61,2,0.3815147280693054,0.034441106021404266,1.5151106119155884
1683,35446,18290,66,2,0.3824506402015686,0.033997923135757446,1.3582302331924438
1684,35458,18356,490,2,0.3833589255809784,0.03291548043489456,0.19588801264762878
1685,35470,18352,45,1,0.3863564133644104,0.0434601753950119,1.9222012758255005
1686,35515,17090,757,2,0.38153740763664246,0.03203238174319267,-0.2161460816860199
1687,35526,18146,47,6,0.3820612132549286,0.03600454702973366,1.9239405393600464
1688,35529,18134,1255,3,0.3810357451438904,0.03479745239019394,-1.2148890495300293
1689,35572,18356,338,2,0.382689505815506,0.03711600974202156,0.4850624203681946
1690,35575,18280,96,4,0.3814171552658081,0.04616592824459076,1.157092571258545
1691,35579,18237,749,1,0.3848459720611572,0.043483585119247437,-0.27201536297798157
1692,35588,18248,5,2,0.3814212679862976,0.04075203463435173,2.7671732902526855
