row_id,user,target,rank,history_length,predicted_stay,target_stay_similarity,target_score
0,17,22665,680,2,0.1374208778142929,0.03988730162382126,0.12717029452323914
1,29,22642,603,10,0.13638904690742493,0.04112562909722328,0.2767333686351776
2,31,22893,465,6,0.13744807243347168,0.042149100452661514,0.4401476979255676
3,45,23031,1036,2,0.14233806729316711,0.04593682289123535,-0.20523184537887573
4,53,7596,307,6,0.1395494043827057,0.048226069658994675,0.7245106101036072
5,55,21826,376,2,0.13905350863933563,0.04243437200784683,0.569574236869812
6,80,6054,1564,2,0.13773861527442932,0.0438779816031456,-0.7350656986236572
7,87,16756,139,3,0.1427725851535797,0.05710042268037796,0.8833898901939392
8,112,8,220,2,0.1405155062675476,0.049714356660842896,0.8980531096458435
9,152,22453,487,2,0.13790857791900635,0.04316762089729309,0.3589329719543457
10,161,9983,1108,4,0.1390170007944107,0.0414525531232357,-0.17749562859535217
11,183,23032,721,5,0.13572312891483307,0.043558597564697266,0.08175430446863174
12,205,2528,363,2,0.13847588002681732,0.040349557995796204,0.46817702054977417
13,226,41,653,3,0.1360115259885788,0.04345514252781868,0.3561546802520752
14,239,11170,38,2,0.14259380102157593,0.046758245676755905,1.4702281951904297
15,252,4668,32,2,0.1378307044506073,0.0454278439283371,1.446943998336792
16,291,6572,581,3,0.13799436390399933,0.051150597631931305,0.2542761266231537
17,323,1062,1759,2,0.13855624198913574,0.03746337816119194,-1.4237421751022339
18,335,4501,1373,3,0.13730017840862274,0.04552730917930603,-0.44118741154670715
19,352,19666,444,2,0.14162403345108032,0.04997701197862625,0.5130922794342041
20,367,21826,538,3,0.1466384381055832,0.03877445310354233,0.29947495460510254
21,396,22052,711,10,0.13700810074806213,0.048716578632593155,0.27834856510162354
22,407,22018,456,2,0.14078161120414734,0.04900889843702316,0.4472997188568115
23,420,23009,200,2,0.14088565111160278,0.046912580728530884,0.7813899517059326
24,427,21170,649,2,0.13891293108463287,0.04234453663229942,0.16102170944213867
25,442,7239,60,3,0.13577406108379364,0.050579845905303955,1.5255643129348755
26,444,21451,3,2,0.14121559262275696,0.05287254974246025,1.9632160663604736
27,452,2064,776,3,0.13802088797092438,0.046729035675525665,0.08937135338783264
28,453,19378,705,2,0.14040139317512512,0.04102855920791626,0.09442565590143204
29,464,4689,777,2,0.14575450122356415,0.04085562750697136,0.08075881004333496
30,488,21586,1107,3,0.13803115487098694,0.043490566313266754,-0.2951224446296692
31,501,19594,1,3,0.13797299563884735,0.04873404651880264,3.6881256103515625
32,504,2461,573,3,0.13938724994659424,0.04110187292098999,0.319257915019989
33,525,17654,1727,3,0.1371404230594635,0.0393545888364315,-1.1998239755630493
34,527,19870,626,3,0.13573679327964783,0.0386405885219574,0.1188325509428978
35,544,10495,34,2,0.13959063589572906,0.04154045507311821,1.2926819324493408
36,549,14862,11,1,0.15160906314849854,0.0660647600889206,1.2157597541809082
37,552,335,869,2,0.13688482344150543,0.04286138713359833,-0.08512966334819794
38,554,30,1354,3,0.13998432457447052,0.03758712857961655,-0.4194713830947876
39,557,3111,1306,5,0.14023363590240479,0.04735012724995613,-0.3312534689903259
40,567,23026,367,7,0.13581478595733643,0.04783162102103233,0.6627628207206726
41,570,22330,466,8,0.13855396211147308,0.04107353463768959,0.3608490824699402
42,574,31,1510,2,0.1394537091255188,0.044043220579624176,-0.6424710154533386
43,575,32,738,2,0.13754518330097198,0.041550587862730026,0.054651953279972076
44,581,9265,211,2,0.13795430958271027,0.03834659233689308,0.6718078255653381
45,593,16348,877,7,0.13634248077869415,0.043279632925987244,-0.01503688469529152
46,611,16050,1472,10,0.1368628591299057,0.0387624092400074,-0.6635109186172485
47,625,3518,1635,7,0.136252298951149,0.04199252277612686,-1.0123140811920166
48,630,20548,1264,2,0.1382426619529724,0.047909677028656006,-0.4189607799053192
49,637,36,124,3,0.13762471079826355,0.042840927839279175,1.0597527027130127
50,650,19094,1495,1,0.1442849189043045,0.05119573324918747,-0.7310295701026917
51,664,10306,232,2,0.13925166428089142,0.04132682830095291,0.6428828239440918
52,665,16079,66,1,0.142476886510849,0.047177642583847046,1.2750270366668701
53,669,3575,482,4,0.13770455121994019,0.04555685445666313,0.3806167542934418
54,749,22890,700,7,0.13638408482074738,0.04009827598929405,0.19277577102184296
55,778,6693,357,3,0.14416854083538055,0.0585210919380188,0.49188941717147827
56,839,15852,671,1,0.144853875041008,0.04888534173369408,0.16403841972351074
57,852,18811,1300,3,0.13851438462734222,0.042527541518211365,-0.43968796730041504
58,855,3420,840,4,0.13636019825935364,0.04524822533130646,0.06571908295154572
59,857,2150,943,9,0.13914884626865387,0.04618600010871887,-0.012880923226475716
60,867,21936,1468,1,0.1380939781665802,0.0380881242454052,-0.673998236656189
61,899,15381,1669,2,0.1373356580734253,0.038731396198272705,-0.8026830554008484
62,900,20703,809,3,0.1374802589416504,0.044101063162088394,0.020428746938705444
63,913,17450,1730,2,0.1425468772649765,0.04214274883270264,-1.104018211364746
64,929,50,676,2,0.1369084268808365,0.03752370551228523,0.12453147023916245
65,943,9665,1654,6,0.1390407830476761,0.04103556275367737,-1.020269513130188
66,947,22007,660,2,0.14059022068977356,0.042642153799533844,0.1608472466468811
67,948,21372,1096,5,0.1380039006471634,0.03856348991394043,-0.19436216354370117
68,963,18233,20,5,0.1366872638463974,0.03991546109318733,1.8223040103912354
69,980,21904,1097,10,0.1371816247701645,0.040327973663806915,-0.13344793021678925
70,1021,20072,1591,2,0.14186792075634003,0.038541339337825775,-0.83852618932724
71,1022,5390,270,8,0.13899418711662292,0.03952435031533241,0.8057166337966919
72,1042,16559,1749,2,0.138374924659729,0.03923363238573074,-1.3830528259277344
73,1045,21489,375,3,0.13624197244644165,0.04210519418120384,0.585688591003418
74,1084,7111,95,4,0.13536867499351501,0.04077058285474777,1.1484942436218262
75,1086,13086,622,3,0.13662712275981903,0.0410064235329628,0.12460730969905853
76,1093,17474,1421,4,0.13480354845523834,0.03849340230226517,-0.5880722999572754
77,1099,4944,1057,3,0.13515709340572357,0.040605563670396805,-0.19554667174816132
78,1100,20057,1062,2,0.13887862861156464,0.04285363852977753,-0.28140997886657715
79,1101,12982,287,10,0.13615645468235016,0.041302118450403214,0.7436600923538208
80,1109,7276,1125,8,0.1394508183002472,0.051869507879018784,-0.34865856170654297
81,1118,13004,1312,2,0.1448482871055603,0.05257619917392731,-0.3504807949066162
82,1132,7828,567,4,0.1353871375322342,0.0409761443734169,0.29757747054100037
83,1133,373,389,2,0.1380770355463028,0.0404963381588459,0.4564287066459656
84,1162,15423,408,2,0.14255023002624512,0.04371108114719391,0.4213573932647705
85,1172,5521,1478,3,0.1405058652162552,0.039208244532346725,-0.5737282633781433
86,1177,13059,1257,6,0.13766983151435852,0.04222521930932999,-0.4652489721775055
87,1184,8459,25,7,0.13621969521045685,0.04823044687509537,1.5571959018707275
88,1185,21451,310,5,0.13755998015403748,0.04830990731716156,0.6282702684402466
89,1196,67,468,2,0.1407938301563263,0.04969377815723419,0.4680493474006653
90,1202,11276,1218,2,0.1399763971567154,0.04405280947685242,-0.34536904096603394
91,1211,3016,1469,3,0.1397193968296051,0.036752842366695404,-0.5582719445228577
92,1217,22845,179,4,0.13620850443840027,0.04366859048604965,0.9280481934547424
93,1226,4083,412,7,0.13636210560798645,0.04249543324112892,0.4412292242050171
94,1230,10413,818,4,0.13700203597545624,0.04123305529356003,0.12409576773643494
95,1279,23008,1096,10,0.13619805872440338,0.04103919118642807,-0.1711953729391098
96,1281,20992,818,1,0.13879254460334778,0.03946312889456749,-0.06173195689916611
97,1284,9598,13,5,0.14389345049858093,0.04949988052248955,1.668607473373413
98,1304,13392,500,3,0.13740141689777374,0.04635975509881973,0.35453683137893677
99,1307,21983,442,3,0.13798248767852783,0.04242583364248276,0.46149224042892456
100,1326,5814,1379,2,0.14137554168701172,0.04414945840835571,-0.41886088252067566
101,1337,3515,752,3,0.14033231139183044,0.05247301608324051,0.12101677060127258
102,1369,22007,619,10,0.13736848533153534,0.041879259049892426,0.2661767601966858
103,1372,20668,1414,5,0.13750530779361725,0.047156088054180145,-0.4874013066291809
104,1373,18656,749,8,0.1387147754430771,0.044713012874126434,0.1848241239786148
105,1380,270,1113,3,0.13923785090446472,0.03915734589099884,-0.15509890019893646
106,1418,11812,1512,4,0.13975629210472107,0.041214197874069214,-0.5968062877655029
107,1432,10011,1586,2,0.14092987775802612,0.04219474643468857,-0.7006901502609253
108,1437,17496,921,3,0.1400008648633957,0.048254139721393585,0.09105081856250763
109,1445,628,1524,3,0.14347636699676514,0.03501860797405243,-0.5862434506416321
110,1454,15337,1501,2,0.14050720632076263,0.04142139479517937,-0.7735581398010254
111,1476,11968,1069,2,0.1437700241804123,0.04590904712677002,-0.3049483299255371
112,1481,19454,47,2,0.13759979605674744,0.04565221071243286,1.183462142944336
113,1501,1510,1705,2,0.1381588578224182,0.041287150233983994,-1.063110589981079
114,1517,2240,107,2,0.13927003741264343,0.04910149425268173,0.8740464448928833
115,1525,19093,408,2,0.1379590779542923,0.041379742324352264,0.5762189626693726
116,1574,5187,1330,4,0.13607650995254517,0.045213475823402405,-0.4052095115184784
117,1583,19186,2,2,0.13769198954105377,0.044433996081352234,1.8838417530059814
118,1601,16414,489,2,0.13843455910682678,0.0416279211640358,0.4850066304206848
119,1614,85,730,2,0.139308363199234,0.03943391516804695,0.05609392747282982
120,1617,85,459,5,0.13709291815757751,0.044966332614421844,0.37914374470710754
121,1624,21350,240,10,0.13684552907943726,0.05008219555020332,0.8454689979553223
122,1626,8303,1119,10,0.13755401968955994,0.04278362914919853,-0.30212366580963135
123,1639,16850,1444,3,0.13992764055728912,0.047651536762714386,-0.5394579172134399
124,1648,2282,56,2,0.14130094647407532,0.041357629001140594,1.2066915035247803
125,1723,1862,1054,3,0.13892635703086853,0.04509153962135315,-0.2587625980377197
126,1743,23032,957,8,0.13736289739608765,0.046107303351163864,-0.13363176584243774
127,1765,17957,207,4,0.13861393928527832,0.04809252545237541,0.7963746190071106
128,1766,22217,401,8,0.13817404210567474,0.04835420101881027,0.6840593218803406
129,1798,21218,145,3,0.13579106330871582,0.04426555708050728,0.8429158329963684
130,1818,13145,1557,1,0.13810765743255615,0.03547737002372742,-0.6953899264335632
131,1826,19653,238,1,0.13872575759887695,0.03946167230606079,0.8674827814102173
132,1829,3843,1466,3,0.1376258134841919,0.04508749768137932,-0.6354845762252808
133,1830,23014,19,5,0.1357376128435135,0.0419958122074604,2.4809718132019043
134,1846,18838,519,1,0.14210264384746552,0.04787076264619827,0.30923375487327576
135,1860,13318,1483,4,0.13517293334007263,0.038901831954717636,-0.5913668870925903
136,1885,13115,411,3,0.13696366548538208,0.04047350957989693,0.44219970703125
137,1890,9168,817,5,0.1372578889131546,0.04205646738409996,0.030578257516026497
138,1929,5599,1186,10,0.13615955412387848,0.044294845312833786,-0.361246258020401
139,1936,108,1154,3,0.14031504094600677,0.039465758949518204,-0.29225900769233704
140,1939,108,309,2,0.13915680348873138,0.0391438826918602,0.5497429370880127
141,1940,21981,293,4,0.13493739068508148,0.046010009944438934,0.5750467777252197
142,1951,20719,891,5,0.13636380434036255,0.04461146891117096,-0.07547639310359955
143,2002,3811,1581,2,0.1406201720237732,0.040002718567848206,-0.7731189727783203
144,2017,7390,1190,3,0.13628444075584412,0.04310028254985809,-0.2898227572441101
145,2023,7583,331,1,0.13875262439250946,0.041716597974300385,0.621894896030426
146,2028,712,96,8,0.13904395699501038,0.04271584004163742,1.327713131904602
147,2049,18465,1735,3,0.13756801187992096,0.05017850920557976,-1.2569799423217773
148,2063,21703,82,4,0.14204145967960358,0.05807217210531235,1.1963036060333252
149,2092,16740,1612,2,0.137583389878273,0.04256821423768997,-0.873787522315979
150,2097,13065,1107,4,0.1359233409166336,0.039518989622592926,-0.2147134244441986
151,2099,4650,1699,2,0.1397988498210907,0.040537916123867035,-1.0244715213775635
152,2102,6517,1592,2,0.13974310457706451,0.03950801491737366,-0.7775006890296936
153,2146,20781,1614,2,0.13874214887619019,0.0437370166182518,-0.7351306676864624
154,2215,3079,511,2,0.1462630033493042,0.04806551709771156,0.33016788959503174
155,2227,11051,979,3,0.13800400495529175,0.04188923165202141,-0.18887528777122498
156,2233,22792,874,2,0.1404247134923935,0.04902871698141098,-0.02560969814658165
157,2245,22478,1715,6,0.13990207016468048,0.04240090772509575,-1.0981371402740479
158,2247,22592,670,2,0.14239180088043213,0.05136387050151825,0.2054508626461029
159,2252,4026,907,2,0.1396118551492691,0.044060930609703064,-0.13467063009738922
160,2266,15149,361,2,0.14365988969802856,0.04493394121527672,0.5769912004470825
161,2269,2719,1564,10,0.13597780466079712,0.04413726180791855,-0.778386116027832
162,2291,9686,524,2,0.13824938237667084,0.0386139452457428,0.3951760530471802
163,2300,21919,1667,3,0.1387169510126114,0.04113640636205673,-0.8768158555030823
164,2305,22821,1402,5,0.13845263421535492,0.04137320816516876,-0.580705463886261
165,2318,20407,45,2,0.1400061845779419,0.0437588095664978,1.6166553497314453
166,2336,124,1131,2,0.14020848274230957,0.038996197283267975,-0.29253944754600525
167,2346,461,1147,2,0.13946771621704102,0.0377250611782074,-0.3374556005001068
168,2348,14020,1120,2,0.14067953824996948,0.040561579167842865,-0.2459861785173416
169,2364,128,1486,2,0.1395454853773117,0.04565369337797165,-0.6738307476043701
170,2367,6058,261,5,0.1419244110584259,0.04763983562588692,0.7448039054870605
171,2387,21399,712,2,0.13732759654521942,0.03969724103808403,0.11382555216550827
172,2423,134,1301,1,0.14702962338924408,0.04220416024327278,-0.3383585214614868
173,2449,741,495,3,0.13821588456630707,0.04625659063458443,0.27118638157844543
174,2478,16064,367,2,0.14071814715862274,0.03945986554026604,0.5512593984603882
175,2488,11596,1186,2,0.14573797583580017,0.04059755057096481,-0.2853274643421173
176,2494,21406,301,3,0.14047859609127045,0.04727444052696228,0.5984112620353699
177,2496,143,249,3,0.1402980089187622,0.04518108442425728,0.71287602186203
178,2526,17229,119,4,0.13928252458572388,0.051902107894420624,1.1697944402694702
179,2554,23007,665,4,0.13590273261070251,0.04238259419798851,0.26059475541114807
180,2584,22956,421,2,0.13820067048072815,0.04247947409749031,0.3501223623752594
181,2586,19865,299,4,0.13645929098129272,0.04665934294462204,0.7534281611442566
182,2591,21520,478,1,0.138945072889328,0.03852740675210953,0.2965160012245178
183,2599,19333,1222,3,0.1363234668970108,0.046318940818309784,-0.3055408000946045
184,2613,20525,1165,5,0.14125610888004303,0.0422685332596302,-0.2704418897628784
185,2619,153,1682,3,0.1474902629852295,0.04945429414510727,-0.7570587992668152
186,2639,22995,90,3,0.13782253861427307,0.04070793837308884,1.0841702222824097
187,2651,295,1591,4,0.13839814066886902,0.04366433992981911,-0.8360990285873413
188,2670,17953,1075,3,0.13559219241142273,0.03734157979488373,-0.23444661498069763
189,2673,15308,1243,4,0.1362820863723755,0.04405196011066437,-0.3559305965900421
190,2680,20055,351,2,0.14286820590496063,0.05169244110584259,0.48421019315719604
191,2701,6217,1706,2,0.14011944830417633,0.04348823428153992,-1.2971317768096924
192,2708,13558,1611,4,0.1370704472064972,0.044785670936107635,-0.739523708820343
193,2712,13216,404,2,0.14046712219715118,0.03806836158037186,0.4572620987892151
194,2760,14821,193,8,0.13885022699832916,0.04668675363063812,0.90835040807724
195,2765,20927,1585,5,0.139386385679245,0.05073817819356918,-0.7533392310142517
196,2780,17472,1536,2,0.13641735911369324,0.03929553180932999,-0.6479578614234924
197,2792,696,980,2,0.1404280811548233,0.04496890306472778,-0.1915406733751297
198,2802,20054,1325,3,0.1411234587430954,0.03987938165664673,-0.32976627349853516
199,2812,18065,394,5,0.1376108080148697,0.0453285314142704,0.4713365435600281
200,2825,14965,1573,8,0.1395443230867386,0.037153664976358414,-0.7504961490631104
201,2847,20872,349,2,0.13965235650539398,0.039130739867687225,0.5908640623092651
202,2854,17132,1535,9,0.13828717172145844,0.04399494081735611,-0.7702758312225342
203,2884,8264,1078,6,0.1380668729543686,0.04491231590509415,-0.22535526752471924
204,2909,14572,69,3,0.1367364376783371,0.048321422189474106,1.243868350982666
205,2913,21384,111,3,0.1356021612882614,0.0461641326546669,0.9603184461593628
206,2914,20848,46,2,0.1399633288383484,0.042944394052028656,1.2195956707000732
207,2931,23014,1501,4,0.13804523646831512,0.04251683130860329,-0.7344511151313782
208,2939,21319,324,8,0.13877177238464355,0.045029062777757645,0.5352193117141724
209,2949,22802,156,2,0.13679498434066772,0.04101763665676117,0.8762238025665283
210,2952,626,101,5,0.1376366913318634,0.04316351190209389,1.1646846532821655
211,2964,21758,1579,2,0.13718624413013458,0.03938714414834976,-0.6858416795730591
212,2990,712,1210,10,0.13885673880577087,0.038387179374694824,-0.36216500401496887
213,3069,1898,1081,2,0.14395497739315033,0.048309244215488434,-0.23305979371070862
214,3088,180,1426,4,0.1417468786239624,0.037535298615694046,-0.5748587846755981
215,3099,21101,1495,2,0.1378471553325653,0.04296714812517166,-0.5886127948760986
216,3103,5796,91,2,0.13869450986385345,0.04890109598636627,1.0789450407028198
217,3147,21115,538,3,0.14111138880252838,0.05305793508887291,0.30407965183258057
218,3164,20069,990,2,0.13701114058494568,0.04365568608045578,-0.08937004953622818
219,3173,4423,748,5,0.13664349913597107,0.043139439076185226,0.14593914151191711
220,3183,20635,1351,3,0.13624171912670135,0.04603266716003418,-0.5044340491294861
221,3200,14473,710,3,0.13840264081954956,0.051171883940696716,0.14201349020004272
222,3224,6171,8,2,0.1382385492324829,0.04503212496638298,3.2836127281188965
223,3230,4205,1363,2,0.14052966237068176,0.057789452373981476,-0.46174460649490356
224,3250,1145,220,2,0.13673801720142365,0.04362953454256058,0.7732566595077515
225,3274,7367,10,5,0.1372341811656952,0.05135141313076019,1.892893671989441
226,3287,21297,31,2,0.14303764700889587,0.040444083511829376,1.9626197814941406
227,3289,22998,982,6,0.14059804379940033,0.045025382190942764,-0.09993979334831238
228,3305,4581,301,2,0.13931608200073242,0.04938942566514015,0.5829123258590698
229,3370,3382,482,2,0.14160491526126862,0.04944759979844093,0.3399185836315155
230,3394,22217,1086,3,0.1369563788175583,0.04321552440524101,-0.15823601186275482
231,3413,8526,737,3,0.13726307451725006,0.043394818902015686,0.04324959218502045
232,3436,20596,1564,2,0.1412726789712906,0.04621098190546036,-0.817956268787384
233,3438,13856,846,3,0.14266441762447357,0.03966367989778519,0.03065618872642517
234,3453,21768,1399,2,0.13883410394191742,0.03661005198955536,-0.4304072856903076
235,3459,4431,274,4,0.14101918041706085,0.05612937733530998,0.7054276466369629
236,3464,6797,1175,2,0.14042414724826813,0.03924247622489929,-0.3408116102218628
237,3472,7196,42,4,0.1359129399061203,0.04055436700582504,1.5415928363800049
238,3473,20837,857,2,0.13695138692855835,0.03929438069462776,-0.08803119510412216
239,3486,2466,1379,2,0.1377176195383072,0.037726275622844696,-0.49258267879486084
240,3489,11179,320,3,0.140281081199646,0.03838605433702469,0.47109657526016235
241,3496,201,529,5,0.13755854964256287,0.04092709347605705,0.34206056594848633
242,3498,17014,1480,2,0.1371823400259018,0.03600074723362923,-0.5233885645866394
243,3503,17476,1258,3,0.14290574193000793,0.03606224060058594,-0.4087987542152405
244,3506,14490,373,3,0.13618677854537964,0.03973926603794098,0.6679390668869019
245,3507,21391,827,10,0.13758468627929688,0.04519045352935791,0.19089484214782715
246,3556,5459,4,1,0.13790500164031982,0.045664072036743164,1.9887299537658691
247,3569,203,493,6,0.1377948373556137,0.04340686276555061,0.43413442373275757
248,3576,953,444,3,0.13577169179916382,0.03866874799132347,0.4571872055530548
249,3597,4066,1188,2,0.14058560132980347,0.03828471526503563,-0.3304116129875183
250,3614,20924,4,2,0.1376877874135971,0.04580792784690857,1.8639214038848877
251,3661,22590,25,4,0.1359269767999649,0.04615350067615509,1.6937006711959839
252,3664,10666,1377,2,0.13795535266399384,0.046115338802337646,-0.47519075870513916
253,3666,22821,36,2,0.1394941210746765,0.04171888157725334,1.708101511001587
254,3680,213,844,2,0.13967876136302948,0.03642360121011734,0.01600705087184906
255,3696,6927,226,2,0.14289803802967072,0.046953730285167694,0.7793408036231995
256,3712,21442,98,4,0.13619829714298248,0.041311368346214294,1.090897560119629
257,3751,20283,1030,3,0.13608433306217194,0.03835180029273033,-0.24054476618766785
258,3752,1660,137,10,0.13808149099349976,0.040226809680461884,0.9193458557128906
259,3758,4408,732,4,0.13549016416072845,0.05153433978557587,0.027163684368133545
260,3785,4593,702,4,0.1413571834564209,0.04713320732116699,0.1344466507434845
261,3803,11897,189,3,0.13584351539611816,0.04325149953365326,0.8437122106552124
262,3812,20298,324,10,0.13634073734283447,0.04640473052859306,0.7171594500541687
263,3817,16990,141,2,0.14690442383289337,0.056803148239851,0.8404641151428223
264,3836,3466,1204,2,0.13738439977169037,0.03807218372821808,-0.35926708579063416
265,3838,8505,742,3,0.1380351334810257,0.0518348254263401,0.12277369946241379
266,3870,6110,1752,2,0.1403321772813797,0.046439092606306076,-1.2724783420562744
267,3877,226,153,2,0.14182773232460022,0.043433140963315964,0.9555719494819641
268,3890,21147,37,6,0.13755851984024048,0.04139207303524017,1.9699437618255615
269,3899,8178,384,2,0.14035779237747192,0.05226181820034981,0.49618226289749146
270,3906,3144,1073,3,0.1384882926940918,0.04496034234762192,-0.03307651728391647
271,3908,15848,961,10,0.13644154369831085,0.044259410351514816,-0.09381170570850372
272,3919,12220,696,2,0.1395527869462967,0.044342413544654846,0.17690716683864594
273,3921,6764,50,2,0.13773652911186218,0.04534865915775299,1.0892908573150635
274,3930,21884,538,2,0.13769258558750153,0.036340247839689255,0.38821685314178467
275,3934,234,1288,3,0.13771778345108032,0.03590129688382149,-0.4216526746749878
276,3982,3998,184,1,0.14644476771354675,0.051610250025987625,0.8181387186050415
277,3993,4446,1143,3,0.1360720545053482,0.039806067943573,-0.35332515835762024
278,3998,7799,1071,4,0.1366513967514038,0.04546121880412102,-0.19920696318149567
279,4023,9027,285,5,0.13605129718780518,0.044809482991695404,0.669795572757721
280,4067,7003,1206,4,0.134412482380867,0.04192499816417694,-0.3595743179321289
281,4069,6685,62,8,0.14504766464233398,0.03836836293339729,1.2524374723434448
282,4071,1333,1040,3,0.13551175594329834,0.04416376352310181,-0.22476236522197723
283,4094,4683,626,3,0.13783860206604004,0.03805472329258919,0.2390974462032318
284,4120,23012,678,3,0.13661789894104004,0.042758699506521225,0.12215210497379303
285,4149,763,152,7,0.13555707037448883,0.039568983018398285,0.9732790589332581
286,4206,4768,44,3,0.1398775577545166,0.05310879647731781,1.1511218547821045
287,4209,6059,457,3,0.1359575241804123,0.04338761046528816,0.4751800298690796
288,4233,8048,328,2,0.144430011510849,0.05495208874344826,0.5899823904037476
289,4241,22956,960,10,0.1373002976179123,0.039100710302591324,-0.013335388153791428
290,4262,15633,656,2,0.14032450318336487,0.04411419853568077,0.21303051710128784
291,4267,16835,922,10,0.13790012896060944,0.04227426275610924,-0.03102247416973114
292,4300,13718,1170,2,0.14002625644207,0.040652163326740265,-0.27928653359413147
293,4319,4539,270,6,0.13911323249340057,0.045385926961898804,0.6909446120262146
294,4357,23030,122,7,0.13631702959537506,0.04596929997205734,1.2454124689102173
295,4444,3931,949,2,0.14685720205307007,0.05006910860538483,-0.0675799623131752
296,4456,20989,693,2,0.14182502031326294,0.048455119132995605,0.14232155680656433
297,4477,2357,723,3,0.13574165105819702,0.038776494562625885,0.07246924936771393
298,4481,12440,2,3,0.1366203874349594,0.04664979502558708,3.244995355606079
299,4504,16633,84,2,0.140151247382164,0.050179243087768555,1.3069462776184082
300,4507,5202,1629,3,0.13579274713993073,0.03790400177240372,-0.8469194769859314
301,4517,14699,1772,2,0.14157734811306,0.03816160187125206,-1.6283810138702393
302,4547,22252,1452,4,0.13742797076702118,0.041437044739723206,-0.7461720108985901
303,4596,6565,530,2,0.13901108503341675,0.04278472065925598,0.2790972590446472
304,4600,20077,848,2,0.13846522569656372,0.03777560591697693,0.038359418511390686
305,4610,19155,732,2,0.1373618245124817,0.0406339168548584,0.17092390358448029
306,4613,10817,421,2,0.1362418532371521,0.0397338792681694,0.45169663429260254
307,4621,268,127,2,0.1416003406047821,0.044133320450782776,1.1714754104614258
308,4657,11134,1665,10,0.1362144649028778,0.03735058754682541,-0.9886419177055359
309,4676,12048,1681,3,0.1364338994026184,0.04529961198568344,-0.9795002937316895
310,4715,17142,1026,2,0.1371719092130661,0.04297620803117752,-0.16646116971969604
311,4736,12607,415,2,0.13775788247585297,0.04217077046632767,0.5175180435180664
312,4744,19352,602,2,0.13675886392593384,0.03619091212749481,0.21417005360126495
313,4748,284,1182,2,0.13918821513652802,0.03739650174975395,-0.4160442352294922
314,4767,17085,466,3,0.13653087615966797,0.04381575435400009,0.4916670322418213
315,4823,11171,14,2,0.13848905265331268,0.04545139893889427,2.343919515609741
316,4835,1504,17,3,0.141688734292984,0.058031536638736725,1.5364265441894531
317,4839,11420,982,2,0.138771191239357,0.04111342877149582,-0.1462668627500534
318,4849,21342,1520,2,0.1370864063501358,0.03793929144740105,-0.6328020095825195
319,4851,22952,9,2,0.13638485968112946,0.043534375727176666,1.4687981605529785
320,4860,16808,18,5,0.13705326616764069,0.040817033499479294,2.0035905838012695
321,4868,20919,71,2,0.1388111263513565,0.049847595393657684,1.6700562238693237
322,4876,570,571,1,0.13875262439250946,0.04055853933095932,0.22744107246398926
323,4879,19687,387,1,0.13828834891319275,0.039719246327877045,0.7583958506584167
324,4880,297,1304,3,0.1402263194322586,0.04062140733003616,-0.4488935172557831
325,4930,20891,585,4,0.1353789120912552,0.04066300392150879,0.29696473479270935
326,4952,305,316,2,0.13845697045326233,0.03989540785551071,0.6420053243637085
327,4956,22425,653,3,0.13610252737998962,0.03998474031686783,0.3247339725494385
328,4965,15856,137,2,0.1435769647359848,0.04249121993780136,0.7937763333320618
329,4972,12212,637,2,0.13907280564308167,0.03943825513124466,0.2319778949022293
330,4987,23014,1346,6,0.14161676168441772,0.0436292327940464,-0.44009318947792053
331,4990,4491,19,2,0.138721764087677,0.043079592287540436,1.3675625324249268
332,5011,1040,3,4,0.13506492972373962,0.04068769887089729,1.9456536769866943
333,5022,16616,1729,1,0.15025386214256287,0.050883956253528595,-0.8548004031181335
334,5037,22686,1280,1,0.13908614218235016,0.036362048238515854,-0.39415478706359863
335,5041,18786,640,2,0.1412193775177002,0.04007377848029137,0.16297811269760132
336,5048,5287,157,2,0.13927797973155975,0.042881958186626434,0.9563808441162109
337,5058,23029,847,5,0.13873542845249176,0.04255671799182892,0.008807361125946045
338,5090,314,268,2,0.13909167051315308,0.04353189840912819,0.7499020099639893
339,5094,5262,1186,2,0.14118345081806183,0.041292186826467514,-0.3544422686100006
340,5107,16607,402,2,0.14452770352363586,0.0504249706864357,0.4566897451877594
341,5125,2953,49,2,0.1364399790763855,0.03976007178425789,1.1711903810501099
342,5166,2022,39,5,0.13620354235172272,0.04453373700380325,1.37116539478302
343,5171,4539,460,4,0.13601623475551605,0.04453388229012489,0.4263063073158264
344,5172,10659,1736,1,0.1434255689382553,0.0362769216299057,-1.302512288093567
345,5180,12734,508,3,0.13724204897880554,0.04329635947942734,0.32907310128211975
346,5195,16859,239,4,0.1467544138431549,0.058886609971523285,0.7480580806732178
347,5269,14214,1141,3,0.13595592975616455,0.04256300628185272,-0.27959543466567993
348,5270,23032,451,2,0.1434551626443863,0.04772069305181503,0.4354722499847412
349,5273,3929,1333,7,0.13616622984409332,0.04302164912223816,-0.43592369556427
350,5288,4533,217,4,0.1389302760362625,0.04268142208456993,0.7960587739944458
351,5289,9866,351,2,0.1432463824748993,0.05498214438557625,0.5120464563369751
352,5298,21263,97,2,0.14981837570667267,0.055272433906793594,0.9747636318206787
353,5306,11733,804,6,0.13991737365722656,0.04842868447303772,0.025318920612335205
354,5335,15193,830,3,0.13762158155441284,0.04882531985640526,0.02952834963798523
355,5341,18920,632,2,0.13823814690113068,0.04203455150127411,0.15895862877368927
356,5347,22908,1455,3,0.14238859713077545,0.03987300023436546,-0.552391767501831
357,5348,17019,1522,5,0.13654501736164093,0.03991974890232086,-0.7890311479568481
358,5391,2046,1237,3,0.13951532542705536,0.037300124764442444,-0.41291218996047974
359,5429,18642,435,1,0.14193353056907654,0.043902747333049774,0.442134827375412
360,5431,21415,3,2,0.137383371591568,0.04276791214942932,1.4897092580795288
361,5433,21350,116,3,0.13720236718654633,0.0480315275490284,0.9639542698860168
362,5447,21121,87,4,0.13511523604393005,0.0433187261223793,1.2255882024765015
363,5453,21942,428,10,0.13706056773662567,0.04316309094429016,0.5444557666778564
364,5488,349,700,2,0.14438337087631226,0.03741133213043213,0.10700280964374542
365,5496,5485,908,3,0.1368960291147232,0.04439481347799301,-0.1150204986333847
366,5501,22928,1686,2,0.13640658557415009,0.03946255147457123,-0.7877129912376404
367,5533,23029,388,4,0.13560143113136292,0.047242868691682816,0.5885154008865356
368,5558,357,249,2,0.1384723037481308,0.042965829372406006,0.6800888180732727
369,5563,23003,81,2,0.1395578384399414,0.044050104916095734,1.1856616735458374
370,5569,359,1474,2,0.1385616511106491,0.04189155623316765,-0.7446578741073608
371,5572,831,249,2,0.14238493144512177,0.044064898043870926,0.69706130027771
372,5587,7310,391,2,0.13667938113212585,0.04153904691338539,0.6385894417762756
373,5591,12831,1470,2,0.1419123113155365,0.04211891442537308,-0.6370068192481995
374,5632,1570,1698,2,0.13927310705184937,0.03984375298023224,-1.1299995183944702
375,5636,11158,1133,2,0.14178438484668732,0.039721015840768814,-0.25608137249946594
376,5638,15975,1015,4,0.13678821921348572,0.04389277473092079,-0.05712074786424637
377,5644,3381,788,3,0.13586117327213287,0.04402271658182144,0.06747979670763016
378,5659,4885,1097,3,0.13652819395065308,0.04356034845113754,-0.2611343264579773
379,5680,5491,1191,7,0.13840670883655548,0.04012051969766617,-0.3135097622871399
380,5682,11701,17,3,0.1431870013475418,0.05599016696214676,1.2101294994354248
381,5690,23023,41,2,0.13765786588191986,0.0431424155831337,1.2271792888641357
382,5691,367,183,2,0.13894544541835785,0.0409538596868515,0.8296442031860352
383,5694,11047,402,2,0.14031396806240082,0.04178326204419136,0.413290798664093
384,5725,826,662,5,0.13812953233718872,0.042889367789030075,0.15902894735336304
385,5751,17113,1512,4,0.13811123371124268,0.041558850556612015,-0.6775926351547241
386,5770,17519,374,6,0.1411668062210083,0.04294325038790703,0.5360990762710571
387,5773,373,1232,3,0.1380022019147873,0.04359113797545433,-0.3952174186706543
388,5804,19030,430,2,0.14084681868553162,0.04033082351088524,0.45541322231292725
389,5820,15861,461,2,0.13894085586071014,0.04555267468094826,0.3722725510597229
390,5831,4767,693,3,0.14122842252254486,0.037503838539123535,0.15324708819389343
391,5843,3163,632,2,0.1391509622335434,0.04490191489458084,0.1811870038509369
392,5871,22809,42,5,0.13947035372257233,0.04436163604259491,1.6968988180160522
393,5879,10160,1458,2,0.13969457149505615,0.04600793868303299,-0.5735384225845337
394,5892,19034,1350,3,0.14238578081130981,0.037872347980737686,-0.41502586007118225
395,5957,2003,1184,2,0.13595636188983917,0.042427826672792435,-0.2679297626018524
396,5973,16592,204,2,0.1437753289937973,0.05434262007474899,0.7231037616729736
397,6000,1247,860,2,0.14062649011611938,0.057111307978630066,-0.03287380933761597
398,6033,14418,11,3,0.13605503737926483,0.043825261294841766,1.4477214813232422
399,6068,456,1725,3,0.13597817718982697,0.0380493588745594,-1.005051612854004
400,6096,22704,619,2,0.13819649815559387,0.04232935979962349,0.1962222158908844
401,6100,23014,32,4,0.13561204075813293,0.04145693778991699,2.243441104888916
402,6171,19227,163,2,0.1401461958885193,0.0507720485329628,0.8464041352272034
403,6177,396,200,2,0.14108934998512268,0.04468889907002449,0.7184301018714905
404,6196,22533,1018,2,0.1390315592288971,0.04525280371308327,-0.15411776304244995
405,6252,21452,856,7,0.13581709563732147,0.04572002589702606,-0.009366651996970177
406,6259,5815,965,1,0.14073079824447632,0.049198806285858154,-0.13245129585266113
407,6280,8586,973,4,0.13784316182136536,0.04150428622961044,-0.21810191869735718
408,6283,21396,1012,2,0.13774006068706512,0.037565190345048904,-0.21222974359989166
409,6284,22217,558,5,0.13592778146266937,0.04719177260994911,0.2965849041938782
410,6289,2370,563,2,0.13628952205181122,0.03951335698366165,0.322170615196228
411,6312,11927,902,2,0.13785697519779205,0.039482712745666504,-0.09742428362369537
412,6314,22299,666,2,0.14037927985191345,0.05078807473182678,0.1294569969177246
413,6360,20273,182,5,0.13629908859729767,0.04908902943134308,0.9903966188430786
414,6369,1274,1176,9,0.14164727926254272,0.046868372708559036,-0.4009183645248413
415,6404,5377,1433,2,0.13830934464931488,0.043047502636909485,-0.5153902173042297
416,6405,6219,1743,6,0.13907583057880402,0.04205349087715149,-1.5638868808746338
417,6407,3151,999,2,0.13717436790466309,0.0377606600522995,-0.23396901786327362
418,6440,4196,107,2,0.1377909928560257,0.04390686750411987,1.0424690246582031
419,6494,21436,1069,2,0.1394861936569214,0.05108906701207161,-0.23559460043907166
420,6509,14084,17,5,0.1359943300485611,0.0406610332429409,1.5987883806228638
421,6539,16804,1360,3,0.13623784482479095,0.04052216559648514,-0.5791170001029968
422,6554,8775,811,2,0.13987213373184204,0.035303130745887756,-0.058272961527109146
423,6595,21277,1412,2,0.13694168627262115,0.041049666702747345,-0.6033250093460083
424,6596,22347,211,5,0.13749070465564728,0.04438965767621994,0.7373361587524414
425,6619,22961,475,2,0.14033959805965424,0.04236048832535744,0.38941794633865356
426,6623,22657,1554,2,0.14137856662273407,0.04072510451078415,-0.9564114212989807
427,6631,1408,1613,3,0.1382058709859848,0.04009576886892319,-0.7986770868301392
428,6666,21757,398,3,0.13609462976455688,0.04358743131160736,0.4466933012008667
429,6669,4536,729,2,0.13872374594211578,0.042440831661224365,0.013864812441170216
430,6686,23031,944,4,0.14331653714179993,0.0442679338157177,-0.1403171718120575
431,6696,18186,701,2,0.14275400340557098,0.046847593039274216,0.10416190326213837
432,6697,21691,921,4,0.1376710683107376,0.04841863363981247,-0.08793796598911285
433,6706,670,1358,2,0.14211086928844452,0.05107706040143967,-0.4501570463180542
434,6717,4566,1353,7,0.13630002737045288,0.04099125415086746,-0.4575173854827881
435,6729,21141,872,4,0.14155058562755585,0.03915568068623543,-0.02380944788455963
436,6730,22000,1607,2,0.1379508078098297,0.044834770262241364,-0.7713421583175659
437,6739,22987,1360,8,0.13882137835025787,0.04582643136382103,-0.5709783434867859
438,6742,966,67,2,0.14464519917964935,0.05508798360824585,0.9603669047355652
439,6750,451,1606,2,0.13895292580127716,0.04369476065039635,-0.748762309551239
440,6760,12823,351,3,0.1358615756034851,0.041104648262262344,0.5709390044212341
441,6762,15814,1418,5,0.14272581040859222,0.03922636806964874,-0.5246852040290833
442,6766,4196,994,3,0.13903939723968506,0.04973294213414192,0.016924023628234863
443,6768,16613,252,2,0.14058688282966614,0.03973916918039322,0.708650529384613
444,6770,22970,413,3,0.1380005031824112,0.05242254585027695,0.44868195056915283
445,6787,21758,932,5,0.13803470134735107,0.04673905670642853,-0.05228090286254883
446,6804,21003,6,2,0.1398303508758545,0.046037621796131134,2.267808437347412
447,6820,458,1767,3,0.13950060307979584,0.038448210805654526,-1.6519337892532349
448,6838,22928,415,6,0.13963843882083893,0.038577884435653687,0.46428608894348145
449,6859,9462,502,2,0.13763216137886047,0.041693881154060364,0.3372751772403717
450,6874,18842,322,5,0.13757726550102234,0.04627707228064537,0.6366274952888489
451,6878,1894,506,4,0.1355063021183014,0.04139441251754761,0.30589553713798523
452,6946,861,819,4,0.14286114275455475,0.04590892791748047,0.0021602585911750793
453,6951,22861,138,2,0.1461685448884964,0.050665728747844696,0.8500077128410339
454,6967,20687,1600,2,0.14051729440689087,0.04490011930465698,-0.814059317111969
455,6979,8252,1291,5,0.14122606813907623,0.0399603508412838,-0.35580843687057495
456,6990,23020,1673,3,0.13843606412410736,0.04657423868775368,-1.0302979946136475
457,7025,14372,1779,4,0.13794644176959991,0.036599352955818176,-1.587557315826416
458,7042,23027,972,4,0.13853809237480164,0.041246019303798676,-0.160842627286911
459,7043,22961,270,2,0.141235813498497,0.0457962341606617,0.7480998635292053
460,7047,2760,1582,3,0.13808879256248474,0.03916178643703461,-0.8105401992797852
461,7062,3315,91,3,0.1362272948026657,0.0410294309258461,1.1992331743240356
462,7064,14238,298,2,0.1405087262392044,0.05147629976272583,0.7122871279716492
463,7092,13580,20,5,0.13792967796325684,0.04366699978709221,1.5217140913009644
464,7093,3163,1016,2,0.13836033642292023,0.04126694053411484,-0.1581689864397049
465,7094,483,1273,2,0.14031584560871124,0.041047945618629456,-0.325478196144104
466,7095,4507,4,3,0.1388951539993286,0.05036807060241699,1.684872031211853
467,7109,22682,370,8,0.1398630291223526,0.04737512394785881,0.5369555354118347
468,7110,21344,1191,2,0.1377938836812973,0.0428280308842659,-0.3491920232772827
469,7120,22892,812,7,0.13730452954769135,0.03939177840948105,0.09608112275600433
470,7139,486,601,2,0.14141805469989777,0.04529014229774475,0.35876309871673584
471,7150,20658,1232,2,0.13807259500026703,0.04141974449157715,-0.40050244331359863
472,7151,9694,157,2,0.13860784471035004,0.04432259500026703,0.8705062866210938
473,7153,21966,243,3,0.13542677462100983,0.04221884161233902,0.708283543586731
474,7166,17941,561,2,0.1378500759601593,0.04225920885801315,0.26993584632873535
475,7173,17099,312,4,0.13736604154109955,0.049072012305259705,0.6145777702331543
476,7176,5108,789,2,0.1368364691734314,0.04212003946304321,0.03437568247318268
477,7185,16344,31,9,0.14045584201812744,0.03949020802974701,1.4216060638427734
478,7187,22961,1196,3,0.13589788973331451,0.0430726520717144,-0.35307633876800537
479,7192,23025,1215,4,0.1350584179162979,0.03790764510631561,-0.3736155033111572
480,7214,622,400,3,0.13675957918167114,0.046563588082790375,0.5336977243423462
481,7250,22442,978,2,0.13891810178756714,0.046969447284936905,-0.16793003678321838
482,7260,22975,94,3,0.1370944082736969,0.04633202403783798,1.083263874053955
483,7261,10331,1627,2,0.13857711851596832,0.038420647382736206,-0.8507419228553772
484,7262,17216,1145,2,0.13827453553676605,0.04314557462930679,-0.13166844844818115
485,7263,19389,339,8,0.1378038227558136,0.04665292799472809,0.8311903476715088
486,7264,497,1112,2,0.1372498720884323,0.04166223108768463,-0.21355155110359192
487,7271,17645,798,5,0.1401214301586151,0.04445147514343262,0.07768222689628601
488,7276,4557,1154,3,0.13524582982063293,0.04210047051310539,-0.31849417090415955
489,7303,22984,701,4,0.13690251111984253,0.04066921025514603,0.13755647838115692
490,7309,22112,193,3,0.1375611126422882,0.04685059189796448,0.8335745930671692
491,7311,13257,1472,3,0.13573643565177917,0.03912828862667084,-0.5992205142974854
492,7312,12174,1494,2,0.14278379082679749,0.051879964768886566,-0.5720165967941284
493,7313,501,1524,2,0.13740256428718567,0.042631275951862335,-0.716385543346405
494,7318,21593,1702,4,0.13855384290218353,0.03607472777366638,-1.2175161838531494
495,7352,5297,561,3,0.1363782435655594,0.03814444690942764,0.3876727223396301
496,7356,7203,1580,4,0.13615520298480988,0.04115256667137146,-0.8249000906944275
497,7364,18630,773,2,0.13645285367965698,0.039551056921482086,0.09717167913913727
498,7432,20547,978,6,0.13916592299938202,0.0453634075820446,-0.08753819018602371
499,7453,18770,712,2,0.13721305131912231,0.041929371654987335,0.15862980484962463
500,7517,15006,1,2,0.14408370852470398,0.05930022895336151,1.9084525108337402
501,7524,19608,23,2,0.14267727732658386,0.05681395158171654,1.2745616436004639
502,7541,5986,1127,2,0.13756205141544342,0.036870624870061874,-0.24099169671535492
503,7557,22237,565,3,0.1367473304271698,0.043745219707489014,0.25226029753685
504,7576,21893,925,3,0.1381172090768814,0.04812327027320862,-0.12326978892087936
505,7601,19460,1388,2,0.13781143724918365,0.04546690732240677,-0.5209787487983704
506,7609,20393,1206,2,0.13769035041332245,0.041238486766815186,-0.1945185661315918
507,7628,6261,64,3,0.138927161693573,0.041963838040828705,1.1958540678024292
508,7638,22925,1336,3,0.14108048379421234,0.04535369575023651,-0.47740697860717773
509,7651,20792,340,3,0.13681820034980774,0.040952228009700775,0.5671469569206238
510,7657,13314,20,3,0.1369515061378479,0.04387778788805008,1.8461345434188843
511,7673,525,1019,2,0.13866207003593445,0.0384356714785099,-0.17060396075248718
512,7681,11990,540,2,0.14075054228305817,0.045149367302656174,0.28011205792427063
513,7682,10884,396,3,0.1366146057844162,0.03647424280643463,0.4233531951904297
514,7701,4599,1,2,0.14082792401313782,0.05213361233472824,1.7745122909545898
515,7702,19110,34,10,0.13741295039653778,0.048741403967142105,1.4859132766723633
516,7707,17029,719,3,0.13485439121723175,0.04147833585739136,0.1334923505783081
517,7717,531,746,3,0.13729164004325867,0.04214989393949509,0.07508665323257446
518,7719,9220,1223,5,0.13854436576366425,0.03959447890520096,-0.43508341908454895
519,7765,536,172,5,0.13981521129608154,0.045852962881326675,0.8526774644851685
520,7813,13800,1120,2,0.1412925124168396,0.0389968566596508,-0.16992564499378204
521,7816,922,27,1,0.1385321170091629,0.04692607372999191,1.7202486991882324
522,7850,2246,1134,3,0.13729798793792725,0.04346140846610069,-0.3220251202583313
523,7883,22996,1081,2,0.14357975125312805,0.04726807028055191,-0.23060977458953857
524,7892,18744,302,4,0.13489806652069092,0.044634684920310974,0.5665510892868042
525,7895,20027,3,3,0.13571394979953766,0.04196722060441971,2.8350319862365723
526,7916,6451,661,4,0.13506653904914856,0.04253004863858223,0.08066724985837936
527,7920,554,1572,2,0.14166022837162018,0.0419369675219059,-0.6527904868125916
528,7928,3719,850,1,0.14724183082580566,0.04204583168029785,-0.07975460588932037
529,7932,20472,536,3,0.13663926720619202,0.039561159908771515,0.3105546832084656
530,7960,21356,841,2,0.13691098988056183,0.04276640713214874,0.08426784723997116
531,7984,563,1502,2,0.1426156461238861,0.03567143902182579,-0.65092933177948
532,7999,22938,633,2,0.13951906561851501,0.039981909096241,0.24333980679512024
533,8025,23012,1427,2,0.1406213939189911,0.044849131256341934,-0.61436527967453
534,8032,8090,585,2,0.13911794126033783,0.04236823692917824,0.30963969230651855
535,8070,11984,1170,2,0.13696981966495514,0.03891915827989578,-0.24373316764831543
536,8075,20472,514,2,0.14004899561405182,0.04640992730855942,0.27833092212677
537,8092,22911,545,1,0.14668166637420654,0.06118965893983841,0.5063579678535461
538,8101,20768,1084,2,0.13984866440296173,0.040200892835855484,-0.2593576908111572
539,8111,20848,42,3,0.13679851591587067,0.042431384325027466,1.909367561340332
540,8118,14054,1032,3,0.13923408091068268,0.04807896912097931,-0.09262262284755707
541,8120,22645,1558,3,0.13635040819644928,0.04289890080690384,-0.720583438873291
542,8132,2283,1656,6,0.13891229033470154,0.0429827943444252,-1.1282678842544556
543,8135,23014,1342,9,0.13877780735492706,0.04297242313623428,-0.4751603603363037
544,8136,11369,718,5,0.13645495474338531,0.04519214481115341,0.05911701172590256
545,8141,18429,228,1,0.13860265910625458,0.046488210558891296,0.7251793742179871
546,8148,20231,305,2,0.13859109580516815,0.043716911226511,0.5475088357925415
547,8186,8354,1073,2,0.14848692715168,0.03856813162565231,-0.1797904372215271
548,8226,12656,71,2,0.1380973905324936,0.039268240332603455,1.1845799684524536
549,8247,21508,615,3,0.13675571978092194,0.045437660068273544,0.23368380963802338
550,8264,20985,470,2,0.14589829742908478,0.03618618845939636,0.43287283182144165
551,8282,589,461,5,0.1377159059047699,0.039474524557590485,0.41893470287323
552,8284,17142,529,7,0.13637346029281616,0.04294823855161667,0.3258908987045288
553,8287,8397,1547,2,0.13969635963439941,0.03747781738638878,-0.9666420817375183
554,8294,22638,13,10,0.13689623773097992,0.042169950902462006,1.7803144454956055
555,8330,6011,1147,3,0.14026063680648804,0.04031834751367569,-0.2549503445625305
556,8338,9185,1376,3,0.13545189797878265,0.04221455007791519,-0.44642847776412964
557,8366,6235,1398,4,0.13505806028842926,0.04363706335425377,-0.548923134803772
558,8389,21098,331,2,0.14189335703849792,0.03809291124343872,0.47765660285949707
559,8398,1266,52,2,0.1376790851354599,0.04521183669567108,1.3645353317260742
560,8414,15635,1153,7,0.1403592824935913,0.03692123293876648,-0.4433269798755646
561,8415,16409,374,2,0.1447911113500595,0.058112844824790955,0.4635331928730011
562,8423,8907,154,3,0.13616642355918884,0.03665896877646446,0.9335206151008606
563,8429,8970,236,2,0.1391407549381256,0.04229104518890381,0.8642916083335876
564,8440,2951,1462,3,0.1372433602809906,0.04567808657884598,-0.6903189420700073
565,8450,19333,940,2,0.140203595161438,0.04976925253868103,-0.11908870935440063
566,8498,22851,58,2,0.1371106207370758,0.04266434907913208,1.3611514568328857
567,8508,20768,977,2,0.1434060037136078,0.0460067018866539,-0.08823034167289734
568,8511,20888,550,2,0.14110834896564484,0.04817510396242142,0.2774343490600586
569,8577,7310,135,10,0.13650643825531006,0.0438990481197834,1.1706955432891846
570,8583,9039,1113,2,0.14590683579444885,0.04741289094090462,-0.2484639286994934
571,8629,16159,194,6,0.14026498794555664,0.03970617428421974,0.8375338912010193
572,8652,12607,1631,3,0.14258360862731934,0.04661722481250763,-0.7160422801971436
573,8684,17811,6,5,0.13786405324935913,0.04323777183890343,1.9134204387664795
574,8686,9302,362,2,0.13954691588878632,0.059067919850349426,0.5055793523788452
575,8707,628,1228,7,0.13731329143047333,0.036981187760829926,-0.44536733627319336
576,8711,23030,848,3,0.1363004744052887,0.04197860509157181,-0.12340277433395386
577,8745,632,1414,3,0.13694550096988678,0.04632468894124031,-0.5370839238166809
578,8770,10027,258,3,0.1361917406320572,0.0432458370923996,0.6916329860687256
579,8771,635,1221,2,0.1406429409980774,0.04875168204307556,-0.5214353203773499
580,8777,22273,1178,2,0.1408821940422058,0.05366581305861473,-0.3240533471107483
581,8793,20471,41,2,0.13680978119373322,0.04278324544429779,1.419649362564087
582,8805,9231,1549,2,0.14031103253364563,0.04576903209090233,-0.7253316640853882
583,8825,16607,686,2,0.13830512762069702,0.042559534311294556,0.20689494907855988
584,8834,21996,497,3,0.13878189027309418,0.03932124748826027,0.3322177529335022
585,8843,7077,1021,2,0.13892614841461182,0.04034462571144104,-0.19557148218154907
586,8899,23009,415,4,0.13955405354499817,0.045674555003643036,0.3713763356208801
587,8904,12639,810,3,0.13704147934913635,0.04063272103667259,-0.013979941606521606
588,8918,1629,258,2,0.1417529135942459,0.035570740699768066,0.6610941886901855
589,8961,8624,36,3,0.13668236136436462,0.04438554495573044,1.3247959613800049
590,9006,14115,1454,2,0.14195699989795685,0.03861059993505478,-0.4738168716430664
591,9014,6569,116,5,0.13778841495513916,0.04178581014275551,1.1087613105773926
592,9015,13400,154,3,0.13657911121845245,0.04028763994574547,1.0933345556259155
593,9019,16384,1753,2,0.14028412103652954,0.036387138068675995,-1.411113977432251
594,9029,22154,1243,5,0.13640950620174408,0.04685960337519646,-0.48223182559013367
595,9046,6535,769,4,0.1355956792831421,0.04622019827365875,0.1111856997013092
596,9059,16893,187,3,0.1401342749595642,0.05118848383426666,0.9601345062255859
597,9094,4491,24,5,0.1377106010913849,0.04026119410991669,1.4421848058700562
598,9095,21833,760,3,0.13507896661758423,0.03938846290111542,0.005872450768947601
599,9108,653,56,3,0.1367606520652771,0.04441959410905838,1.1769556999206543
600,9115,22446,962,3,0.1376248002052307,0.04030152037739754,-0.1967354714870453
601,9135,694,1414,2,0.14048244059085846,0.04807551950216293,-0.539876401424408
602,9195,21241,1015,1,0.14978434145450592,0.04098115861415863,-0.11999958753585815
603,9207,20180,92,3,0.13856489956378937,0.05065275728702545,1.0077970027923584
604,9225,21613,268,2,0.14233602583408356,0.04017532616853714,0.6087796688079834
605,9236,6797,1144,2,0.1435660868883133,0.037434257566928864,-0.1905052810907364
606,9251,18477,1732,2,0.14145749807357788,0.04676809906959534,-1.265716791152954
607,9257,22970,802,2,0.1415649801492691,0.04900417476892471,0.06331054866313934
608,9258,19494,589,5,0.13967987895011902,0.05037743225693703,0.21913132071495056
609,9294,8707,1403,2,0.1359696388244629,0.03918600082397461,-0.5500383973121643
610,9302,6191,538,2,0.14347627758979797,0.04945254325866699,0.27384060621261597
611,9315,675,1122,2,0.1418319195508957,0.03861165791749954,-0.10858887434005737
612,9324,675,16,3,0.13978832960128784,0.04218459129333496,1.759689211845398
613,9331,17519,271,2,0.13880093395709991,0.04162672907114029,0.6265184879302979
614,9357,20745,53,3,0.13981236517429352,0.05039939284324646,1.2326412200927734
615,9379,9495,1269,2,0.14099055528640747,0.03896636515855789,-0.36548733711242676
616,9397,680,672,2,0.1406073272228241,0.048973243683576584,0.24046096205711365
617,9398,7799,733,2,0.14722929894924164,0.049427758902311325,0.05246540904045105
618,9411,17237,123,2,0.13669639825820923,0.043702926486730576,1.0222764015197754
619,9415,22853,122,2,0.13695523142814636,0.04375460743904114,1.2097136974334717
620,9448,20143,1320,4,0.1419973224401474,0.05429886654019356,-0.4475131630897522
621,9458,2026,417,2,0.14479398727416992,0.05356858670711517,0.36264705657958984
622,9468,21350,30,2,0.14706072211265564,0.06281270831823349,1.2616939544677734
623,9483,22844,987,7,0.13620086014270782,0.046821512281894684,-0.21211671829223633
624,9512,10085,1116,2,0.13911697268486023,0.04822444170713425,-0.2210582196712494
625,9513,12401,223,2,0.14005567133426666,0.04081355407834053,0.8493314385414124
626,9544,23002,1566,4,0.13952462375164032,0.044962480664253235,-0.7620282173156738
627,9555,14053,752,1,0.14392651617527008,0.053170137107372284,0.19420503079891205
628,9562,15862,1557,3,0.13985338807106018,0.04272337257862091,-0.8035435676574707
629,9591,5987,945,9,0.13929609954357147,0.04252515733242035,-0.063482865691185
630,9604,21982,313,6,0.1445147544145584,0.05294742435216904,0.6515112519264221
631,9669,3956,1182,2,0.1429341435432434,0.04650655388832092,-0.2150357961654663
632,9697,712,4,2,0.146434023976326,0.059097498655319214,1.4879064559936523
633,9733,712,5,2,0.14477556943893433,0.0582566000521183,1.3809298276901245
634,9773,7373,441,3,0.13555492460727692,0.04226348176598549,0.4134685695171356
635,9814,21711,190,3,0.13652291893959045,0.042838290333747864,0.712294340133667
636,9828,22812,1719,2,0.1383882761001587,0.04333048686385155,-0.9356567859649658
637,9830,22739,73,3,0.13526587188243866,0.04055881127715111,1.440527319908142
638,9874,14417,573,2,0.1386883407831192,0.045344702899456024,0.2741450071334839
639,9883,18076,853,2,0.1369616687297821,0.03954089805483818,0.06310524046421051
640,9885,4907,1753,2,0.13885186612606049,0.035139523446559906,-1.0707664489746094
641,9917,2668,73,6,0.14358742535114288,0.0531495027244091,1.3368258476257324
642,9921,22889,456,3,0.1376684010028839,0.04150813817977905,0.3667808771133423
643,9928,720,1703,2,0.1406940519809723,0.04276354983448982,-1.103599190711975
644,9929,4725,432,2,0.1405806988477707,0.04657987877726555,0.403746634721756
645,9931,21491,663,2,0.1381281465291977,0.04737049713730812,0.240082249045372
646,9943,22998,1319,3,0.1374356895685196,0.04630865156650543,-0.5073922872543335
647,9969,4603,1504,2,0.13674740493297577,0.03874605521559715,-0.6147154569625854
648,9973,14084,1674,2,0.13857783377170563,0.03940817713737488,-1.0237056016921997
649,9993,9879,628,2,0.1455388218164444,0.054472409188747406,0.13157573342323303
650,10009,9313,683,4,0.1367042511701584,0.04223154857754707,0.1858455240726471
651,10028,6969,151,1,0.1433262676000595,0.038987189531326294,1.1871867179870605
652,10050,15381,1035,3,0.14114633202552795,0.05148214101791382,-0.10540925711393356
653,10106,21803,378,4,0.13737091422080994,0.04832110553979874,0.5239659547805786
654,10118,3611,8,3,0.1363469958305359,0.047312889248132706,1.9097914695739746
655,10156,3434,1,2,0.13761693239212036,0.04563349112868309,2.2051472663879395
656,10173,6235,1638,2,0.1420183777809143,0.04728059843182564,-0.9886361956596375
657,10186,7338,11,2,0.13697895407676697,0.043456993997097015,2.522221565246582
658,10216,7524,882,2,0.13907907903194427,0.04282602667808533,-0.012907259166240692
659,10239,2844,439,2,0.1371268481016159,0.04364371299743652,0.40539634227752686
660,10258,22552,17,4,0.13575707376003265,0.039565082639455795,1.4157497882843018
661,10275,16108,305,3,0.1474059671163559,0.05874469131231308,0.6132550239562988
662,10280,7809,500,2,0.14162401854991913,0.03888755291700363,0.34452375769615173
663,10307,10059,1292,2,0.13747723400592804,0.04320815950632095,-0.480771541595459
664,10315,741,1024,3,0.13801153004169464,0.04843279719352722,-0.18964558839797974
665,10327,14451,1416,3,0.14035335183143616,0.04347865656018257,-0.4841262996196747
666,10344,3083,202,2,0.13740865886211395,0.04106387123465538,0.867228090763092
667,10383,22133,376,4,0.13709720969200134,0.03954838961362839,0.4480762183666229
668,10390,23009,959,2,0.1378389298915863,0.036157067865133286,-0.04855738580226898
669,10430,1616,1307,1,0.1442849189043045,0.041741743683815,-0.34841886162757874
670,10440,12335,21,3,0.13721656799316406,0.045947566628456116,2.6592295169830322
671,10467,3718,527,5,0.13962778449058533,0.047965794801712036,0.327397882938385
672,10471,12192,337,3,0.13615837693214417,0.043581798672676086,0.6701350808143616
673,10481,8466,586,2,0.14088189601898193,0.05474165827035904,0.28474390506744385
674,10523,22773,144,3,0.13979306817054749,0.04501685872673988,0.9676517248153687
675,10526,11477,372,4,0.13760896027088165,0.049537092447280884,0.575411319732666
676,10550,16962,198,8,0.1408117562532425,0.04549156129360199,0.8841602206230164
677,10664,20477,2,6,0.13796204328536987,0.04047130048274994,2.9101126194000244
678,10680,18021,1659,4,0.13592004776000977,0.0389525406062603,-0.9717345237731934
679,10718,22052,1105,2,0.1431518793106079,0.04736023023724556,-0.2631974518299103
680,10725,767,1376,2,0.1395438313484192,0.03805672377347946,-0.49832335114479065
681,10734,2579,1211,5,0.14232662320137024,0.04182681441307068,-0.3851493299007416
682,10743,8637,1238,2,0.13964369893074036,0.03508962690830231,-0.30101507902145386
683,10746,9206,665,4,0.1365446001291275,0.041126422584056854,0.1558743715286255
684,10749,10049,945,3,0.13858339190483093,0.040999457240104675,-0.13860177993774414
685,10760,16404,711,2,0.1381700485944748,0.03986901789903641,0.16458480060100555
686,10782,22979,384,5,0.13754229247570038,0.04825375974178314,0.4263264238834381
687,10787,22807,686,5,0.14088444411754608,0.042549990117549896,0.221662238240242
688,10808,10068,1183,2,0.14269520342350006,0.03777005523443222,-0.2382972538471222
689,10830,8336,1680,2,0.13759934902191162,0.04265860095620155,-1.039135217666626
690,10835,3990,65,2,0.1387680619955063,0.04964451491832733,1.2186936140060425
691,10836,17962,420,2,0.13908793032169342,0.04305319860577583,0.40731513500213623
692,10846,782,1445,5,0.13712860643863678,0.04310648515820503,-0.5720707774162292
693,10848,19423,1131,2,0.14066432416439056,0.04124477133154869,-0.3202330470085144
694,10871,21691,36,4,0.14287789165973663,0.05325169116258621,1.2971954345703125
695,10918,17814,1117,2,0.14665837585926056,0.04539668932557106,-0.2500978112220764
696,10942,21366,1405,1,0.1422630101442337,0.040803443640470505,-0.6576367020606995
697,10949,14358,1273,3,0.1368551254272461,0.04726443812251091,-0.48585134744644165
698,10951,20348,1222,5,0.13742125034332275,0.04629475623369217,-0.3348610997200012
699,10960,11420,41,2,0.14310984313488007,0.04527267441153526,1.058423399925232
700,10966,4231,158,2,0.13665980100631714,0.042331088334321976,0.8565613031387329
701,10973,4645,19,3,0.1390639692544937,0.040463924407958984,1.4133590459823608
702,10985,22929,921,3,0.13587503135204315,0.04050865024328232,-0.09768804907798767
703,10991,12956,493,2,0.1431172639131546,0.05227930098772049,0.3242725729942322
704,11042,20979,1302,2,0.13787250220775604,0.041606757789850235,-0.3694271445274353
705,11045,16829,259,3,0.14208707213401794,0.054570820182561874,0.6644224524497986
706,11046,22076,1248,2,0.14142963290214539,0.04204174876213074,-0.34385448694229126
707,11054,22874,626,2,0.13738372921943665,0.037503525614738464,0.1757279634475708
708,11076,4643,119,2,0.13703002035617828,0.03948783874511719,0.9070035815238953
709,11077,14417,691,6,0.13850602507591248,0.04328560084104538,0.12264297902584076
710,11082,10900,1386,2,0.13828717172145844,0.04270889610052109,-0.5126315355300903
711,11100,12830,292,2,0.13731364905834198,0.04436627775430679,0.6306958198547363
712,11116,18339,342,4,0.1379733830690384,0.04169507324695587,0.5938631296157837
713,11125,805,707,5,0.1362399309873581,0.03764808177947998,0.20271286368370056
714,11126,805,120,3,0.13744230568408966,0.040676720440387726,1.0955049991607666
715,11128,16156,1083,3,0.13602495193481445,0.04376348853111267,-0.24637341499328613
716,11129,15001,402,3,0.13945479691028595,0.041552674025297165,0.47700971364974976
717,11132,20734,855,4,0.1365024447441101,0.044348567724227905,-0.05939069390296936
718,11153,22572,5,3,0.13737457990646362,0.043574120849370956,1.7834420204162598
719,11168,20913,594,2,0.14334072172641754,0.03833608701825142,0.2496778964996338
720,11181,22575,1572,1,0.13795292377471924,0.03543029725551605,-0.700476884841919
721,11190,1660,1465,5,0.13940851390361786,0.036879442632198334,-0.5478968620300293
722,11197,22922,1018,2,0.13948141038417816,0.043455254286527634,-0.26285243034362793
723,11199,17410,1370,2,0.13960818946361542,0.040146611630916595,-0.49674734473228455
724,11201,3484,813,4,0.1359204798936844,0.042436230927705765,0.017135053873062134
725,11204,17717,109,4,0.13614556193351746,0.0504918172955513,1.2821226119995117
726,11211,12306,1282,2,0.14361442625522614,0.052330803126096725,-0.42433860898017883
727,11284,2046,516,5,0.1364617496728897,0.04110249876976013,0.3694334030151367
728,11301,21337,110,5,0.13892726600170135,0.040664490312337875,1.0342940092086792
729,11316,22549,443,6,0.14193099737167358,0.04980164393782616,0.41191568970680237
730,11322,22965,50,5,0.13959842920303345,0.044958896934986115,1.1274234056472778
731,11324,23021,50,2,0.13849423825740814,0.0434623658657074,1.5378611087799072
732,11337,18244,535,10,0.13734620809555054,0.042537443339824677,0.5047369003295898
733,11364,23024,439,4,0.13484646379947662,0.041610684245824814,0.40389350056648254
734,11365,22964,48,2,0.14022916555404663,0.041880734264850616,1.8992576599121094
735,11376,16220,830,1,0.13902060687541962,0.04903462529182434,-0.005376122891902924
736,11392,21951,1469,5,0.14260993897914886,0.04495096206665039,-0.5601481199264526
737,11407,18272,11,2,0.14430201053619385,0.04968884587287903,1.3359522819519043
738,11418,10838,272,4,0.13536016643047333,0.04235336184501648,0.7433496713638306
739,11450,3637,465,2,0.13804183900356293,0.04517730325460434,0.43170249462127686
740,11460,9725,1224,2,0.13793380558490753,0.04298591613769531,-0.44986629486083984
741,11461,1402,22,8,0.1392667442560196,0.042945459485054016,1.7795953750610352
742,11482,6293,965,2,0.13836541771888733,0.03979279473423958,-0.13409967720508575
743,11505,22004,1158,2,0.13844498991966248,0.04615745320916176,-0.3386898636817932
744,11520,3369,190,4,0.1354181319475174,0.04091323912143707,0.90427565574646
745,11530,20302,1679,2,0.1411348581314087,0.04032735526561737,-0.943617045879364
746,11584,10780,631,3,0.1403910368680954,0.0444117933511734,0.2129833996295929
747,11598,13669,310,2,0.13746175169944763,0.042801383882761,0.5780516266822815
748,11604,4761,374,6,0.1373380720615387,0.044367410242557526,0.48510605096817017
749,11619,22835,447,3,0.1377854347229004,0.05022832751274109,0.46410971879959106
750,11620,22688,1041,3,0.1381993293762207,0.03703330457210541,-0.1803356111049652
751,11626,2060,119,7,0.1373501718044281,0.04423333331942558,1.0062544345855713
752,11636,866,1135,7,0.1352640688419342,0.041788019239902496,-0.15715807676315308
753,11641,21411,761,3,0.13858015835285187,0.03962820768356323,0.07772091031074524
754,11643,868,2,2,0.13712285459041595,0.043564699590206146,2.0986647605895996
755,11698,875,543,2,0.13723021745681763,0.04082188010215759,0.38154837489128113
756,11702,9775,1577,2,0.14511792361736298,0.03744812309741974,-0.5815284252166748
757,11710,22896,596,9,0.13900935649871826,0.04496699571609497,0.3891265392303467
758,11757,23008,554,2,0.13992148637771606,0.04177992045879364,0.43226414918899536
759,11758,22929,1526,3,0.13703273236751556,0.044232986867427826,-0.7192202210426331
760,11815,889,1182,4,0.13934072852134705,0.04414208233356476,-0.23116661608219147
761,11829,21350,1681,6,0.13820631802082062,0.042621344327926636,-0.9602164030075073
762,11867,22414,1206,10,0.13669255375862122,0.04213910549879074,-0.3971494436264038
763,11877,16189,1466,3,0.13597600162029266,0.047025810927152634,-0.5547633767127991
764,11883,19222,210,2,0.1386570930480957,0.04358302056789398,0.7915360927581787
765,11891,6019,932,2,0.1392459124326706,0.04745902121067047,-0.11912985146045685
766,11899,22645,810,3,0.136269211769104,0.04266323149204254,0.005323960445821285
767,11901,15883,1380,2,0.13937753438949585,0.04227924346923828,-0.46238577365875244
768,11918,16348,641,2,0.14001664519309998,0.04186277091503143,0.13097327947616577
769,11930,22329,50,2,0.13976022601127625,0.049531929194927216,1.0858737230300903
770,11957,15869,78,2,0.13671360909938812,0.04362130165100098,1.4813772439956665
771,11962,9376,742,2,0.13792547583580017,0.04525238275527954,0.22112548351287842
772,12053,5138,472,2,0.13921613991260529,0.04718925058841705,0.355258584022522
773,12084,22594,364,3,0.1369321346282959,0.03849748522043228,0.5084837675094604
774,12095,15826,199,3,0.13663780689239502,0.041369713842868805,0.7891575694084167
775,12161,18367,130,2,0.13963206112384796,0.04209185764193535,1.072427749633789
776,12172,11479,117,2,0.13679365813732147,0.04638277739286423,0.9690884947776794
777,12189,12118,1135,4,0.1361236721277237,0.04125644639134407,-0.2830553650856018
778,12203,6636,3,3,0.14145728945732117,0.04205722361803055,1.7597854137420654
779,12208,1901,1388,2,0.14629830420017242,0.04076756536960602,-0.4233548641204834
780,12266,2817,213,1,0.13813652098178864,0.04350994527339935,0.688628077507019
781,12274,12740,592,1,0.14360174536705017,0.059071704745292664,0.28277549147605896
782,12276,15826,1299,3,0.13623517751693726,0.03752569854259491,-0.41945680975914
783,12292,21992,972,3,0.13813601434230804,0.04664038121700287,-0.11503671109676361
784,12319,3793,53,2,0.13664329051971436,0.041436225175857544,1.2170716524124146
785,12320,10591,38,2,0.13714797794818878,0.04411403089761734,1.2847598791122437
786,12324,2055,1073,2,0.14300084114074707,0.03946271538734436,-0.22375856339931488
787,12329,21624,7,3,0.1387006938457489,0.046549297869205475,1.8207366466522217
788,12337,22183,1084,3,0.13767960667610168,0.03918663039803505,-0.32101970911026
789,12340,4813,180,2,0.14374014735221863,0.04685654491186142,0.783635139465332
790,12361,17859,228,2,0.13850712776184082,0.04716697335243225,0.7252746820449829
791,12401,2178,1538,3,0.13998138904571533,0.038824841380119324,-0.688507080078125
792,12432,966,397,2,0.13662944734096527,0.0389644056558609,0.3803929388523102
793,12434,966,206,3,0.14242517948150635,0.05250751972198486,0.73664790391922
794,12466,21826,387,2,0.14039672911167145,0.04219317436218262,0.5131109952926636
795,12545,21345,1269,3,0.1394060254096985,0.049574315547943115,-0.3490256667137146
796,12575,23002,1330,4,0.13673704862594604,0.044995274394750595,-0.5264389514923096
797,12579,16883,93,2,0.1403602957725525,0.050432875752449036,1.1650803089141846
798,12598,11991,1038,2,0.13999542593955994,0.043680429458618164,-0.19424426555633545
799,12623,22004,77,3,0.14688974618911743,0.057116929441690445,1.0465468168258667
800,12624,21826,5,3,0.13719779253005981,0.04105357080698013,2.318297863006592
801,12635,9590,226,2,0.13883064687252045,0.04653526470065117,0.7820238471031189
802,12661,2706,145,2,0.1422257274389267,0.049163833260536194,0.9534181356430054
803,12683,10843,769,4,0.13646604120731354,0.03888731822371483,0.012935206294059753
804,12723,4262,6,4,0.13548773527145386,0.043286293745040894,2.904106616973877
805,12750,10918,1349,4,0.13511864840984344,0.042445532977581024,-0.42953574657440186
806,12796,14657,1000,3,0.14240267872810364,0.03660886734724045,-0.1632600724697113
807,12799,3913,1527,2,0.14785388112068176,0.03231453150510788,-0.5228231549263
808,12802,22591,712,3,0.1395658403635025,0.047543831169605255,0.08467613905668259
809,12844,22228,599,4,0.13602063059806824,0.04084028676152229,0.23351173102855682
810,12854,21115,367,3,0.1361621916294098,0.044549960643053055,0.43632009625434875
811,12856,6053,188,2,0.1377657800912857,0.03993847221136093,0.9568897485733032
812,12857,21956,853,3,0.1375167816877365,0.04118688777089119,-0.0011203065514564514
813,12868,14224,27,2,0.14804565906524658,0.055772438645362854,1.518176555633545
814,12900,15861,1485,7,0.13710224628448486,0.0420839749276638,-0.6536868810653687
815,12904,22903,471,4,0.13916748762130737,0.04665876924991608,0.3922909200191498
816,12916,8381,104,3,0.13753128051757812,0.047949858009815216,1.055362343788147
817,12941,20283,1000,1,0.1421530544757843,0.041544169187545776,-0.17305287718772888
818,12949,13473,1007,2,0.14308804273605347,0.05050493776798248,-0.07444639503955841
819,12953,22874,1585,2,0.14017216861248016,0.038304403424263,-0.7817769646644592
820,12976,10661,1775,1,0.14976705610752106,0.03995140641927719,-1.2410134077072144
821,12983,22596,1102,1,0.13745935261249542,0.04065424203872681,-0.24978822469711304
822,13052,21735,737,7,0.1391548067331314,0.05287905037403107,0.19908303022384644
823,13054,22084,454,2,0.14039340615272522,0.049245938658714294,0.3899877667427063
824,13056,3054,1128,2,0.137453094124794,0.040028370916843414,-0.3050413131713867
825,13069,21568,640,1,0.14253461360931396,0.04222247749567032,0.16788460314273834
826,13081,4534,401,6,0.1412041187286377,0.04267832636833191,0.6072707772254944
827,13098,6456,259,1,0.1379183828830719,0.04384789615869522,0.8207331895828247
828,13162,19176,97,5,0.1369991898536682,0.039732661098241806,0.9268364906311035
829,13173,6513,1302,3,0.13838820159435272,0.044171251356601715,-0.41493040323257446
830,13211,8974,6,2,0.1476445198059082,0.06527125835418701,1.54012131690979
831,13232,14477,2,3,0.14004015922546387,0.05309779569506645,2.3877511024475098
832,13235,1051,58,4,0.13697177171707153,0.04849282279610634,1.5400691032409668
833,13264,19626,58,3,0.1483844667673111,0.0605587363243103,1.0451695919036865
834,13300,13760,673,2,0.13816460967063904,0.043407656252384186,0.22542256116867065
835,13310,3532,644,2,0.1376303732395172,0.04188692197203636,0.25912854075431824
836,13342,22636,650,2,0.14377734065055847,0.03753328695893288,0.11144683510065079
837,13372,2386,29,4,0.13579484820365906,0.042210496962070465,1.7620937824249268
838,13392,22931,77,3,0.13483303785324097,0.04038260877132416,1.370720624923706
839,13404,11017,374,3,0.13874053955078125,0.04508937522768974,0.5025327801704407
840,13410,1081,1484,2,0.14118807017803192,0.044737763702869415,-0.6248185038566589
841,13424,11846,520,2,0.14204123616218567,0.037507057189941406,0.3241891860961914
842,13434,8784,64,2,0.13820448517799377,0.040350936353206635,1.0966001749038696
843,13472,8248,104,1,0.14002622663974762,0.04222281277179718,1.1157881021499634
844,13560,23005,1048,2,0.14099358022212982,0.044513966888189316,-0.09638217091560364
845,13566,22482,1188,3,0.14053697884082794,0.04343613237142563,-0.2650524377822876
846,13570,22344,1046,5,0.1372760683298111,0.047571517527103424,-0.09883536398410797
847,13604,7196,700,2,0.13702519237995148,0.03808089718222618,0.17649605870246887
848,13610,1101,1310,2,0.13660059869289398,0.04242750629782677,-0.48820826411247253
849,13612,16633,72,2,0.14418527483940125,0.059325773268938065,1.18264639377594
850,13616,9608,1284,3,0.13639198243618011,0.041997626423835754,-0.5030649900436401
851,13643,5042,1586,2,0.14420683681964874,0.03900650143623352,-0.6503546833992004
852,13665,1110,230,1,0.13943293690681458,0.042079463601112366,0.8956084847450256
853,13669,6031,758,3,0.13648581504821777,0.036179717630147934,0.04630379378795624
854,13681,22205,883,4,0.1360052227973938,0.03990832343697548,-0.0969260185956955
855,13739,20995,45,3,0.13780811429023743,0.04881343990564346,1.3597891330718994
856,13741,10037,286,2,0.13936549425125122,0.044925130903720856,0.7414584159851074
857,13744,22019,675,2,0.1400911808013916,0.046426139771938324,0.2076265811920166
858,13769,1119,1763,2,0.13878728449344635,0.04047780856490135,-1.4340373277664185
859,13793,11213,919,2,0.14682996273040771,0.0364164300262928,-0.10727432370185852
860,13795,1121,1223,2,0.13653846085071564,0.039713647216558456,-0.30852052569389343
861,13813,10470,8,2,0.14028748869895935,0.047055162489414215,2.4785895347595215
862,13839,19825,868,2,0.14323854446411133,0.05246049910783768,-0.020496144890785217
863,13845,1128,946,2,0.14505085349082947,0.053797826170921326,-0.0674150139093399
864,13854,6055,911,4,0.13677407801151276,0.04561012238264084,-0.058867886662483215
865,13863,13556,363,8,0.14059926569461823,0.045876696705818176,0.5657204389572144
866,13913,20722,829,2,0.13626831769943237,0.040298786014318466,-0.07415997982025146
867,13928,22364,1352,2,0.1391967087984085,0.04027698189020157,-0.42672112584114075
868,13940,9838,221,3,0.14405527710914612,0.058133598417043686,0.7250096797943115
869,13977,22144,158,2,0.13780373334884644,0.04200500249862671,0.897013783454895
870,13984,18104,1627,1,0.13931810855865479,0.042277898639440536,-1.1037940979003906
871,14027,21334,496,3,0.13554219901561737,0.04302510991692543,0.324501633644104
872,14029,17916,1217,3,0.13663128018379211,0.04502824321389198,-0.28374627232551575
873,14053,18029,1548,1,0.14010462164878845,0.043045517057180405,-0.6785654425621033
874,14085,22559,787,2,0.142372727394104,0.04635816439986229,-0.03699297830462456
875,14090,5101,676,2,0.13807861506938934,0.04513256624341011,0.2012123167514801
876,14138,4164,784,3,0.14023932814598083,0.05101858079433441,0.049338340759277344
877,14176,12299,642,3,0.13769938051700592,0.04606863856315613,0.2547277510166168
878,14179,8348,97,2,0.14582888782024384,0.05701100826263428,0.9387335777282715
879,14190,19857,1049,4,0.13904915750026703,0.05135543644428253,-0.19529493153095245
880,14195,3768,546,2,0.13969191908836365,0.048545606434345245,0.3777775168418884
881,14225,1336,1637,3,0.13690197467803955,0.035129159688949585,-0.8707934021949768
882,14243,8075,259,1,0.1391921043395996,0.03942304849624634,0.7006681561470032
883,14261,17187,525,1,0.14702415466308594,0.05183318257331848,0.2718763053417206
884,14275,20322,1236,4,0.13882653415203094,0.044875577092170715,-0.3842216730117798
885,14292,19717,95,2,0.14031389355659485,0.04193957895040512,1.0335075855255127
886,14322,10141,27,2,0.14557790756225586,0.05556551367044449,1.559650182723999
887,14336,2357,10,2,0.14274714887142181,0.05500213801860809,1.4789080619812012
888,14339,6211,1356,2,0.13870848715305328,0.04125543311238289,-0.42234617471694946
889,14342,8840,16,3,0.13888561725616455,0.040541209280490875,1.556473731994629
890,14347,21170,386,2,0.13634386658668518,0.03988714516162872,0.5462551116943359
891,14370,13085,43,2,0.13894549012184143,0.04089908301830292,1.3168070316314697
892,14376,10594,1577,3,0.13814453780651093,0.0494065135717392,-0.6999348402023315
893,14401,1216,1693,3,0.1407308727502823,0.03581243008375168,-0.8211917281150818
894,14410,9287,1308,3,0.13910046219825745,0.0369342565536499,-0.39993816614151
895,14451,11213,816,2,0.13790062069892883,0.037828169763088226,-0.01647178828716278
896,14453,2391,516,10,0.13730435073375702,0.048849835991859436,0.4746294915676117
897,14462,17469,1289,1,0.1448117047548294,0.03909730166196823,-0.37079277634620667
898,14477,21873,39,4,0.13833504915237427,0.04934588074684143,1.2761200666427612
899,14484,20043,1603,5,0.1401320993900299,0.04806234687566757,-0.7496854066848755
900,14492,19160,507,2,0.14359575510025024,0.04886295273900032,0.3625255823135376
901,14572,9115,917,4,0.141470804810524,0.03813891485333443,-0.07249974459409714
902,14596,15381,197,3,0.1417052447795868,0.05358332395553589,0.8155887126922607
903,14610,1356,158,3,0.13795864582061768,0.04307577386498451,1.0233829021453857
904,14642,8763,702,2,0.13822011649608612,0.04027291387319565,0.04266788437962532
905,14643,19504,6,2,0.14357687532901764,0.043968815356492996,2.0497071743011475
906,14651,1236,1076,2,0.13988380134105682,0.04267683997750282,-0.11667805910110474
907,14653,21776,548,2,0.14399069547653198,0.05157998204231262,0.249803364276886
908,14670,20283,777,2,0.13722775876522064,0.03901100903749466,0.041822005063295364
909,14686,14727,1453,4,0.13709086179733276,0.044136304408311844,-0.5614950656890869
910,14704,21350,281,3,0.13691775500774384,0.04631800949573517,0.7469408512115479
911,14732,1250,145,3,0.13554546236991882,0.04171073064208031,0.9499510526657104
912,14763,18116,709,4,0.13668112456798553,0.04686927795410156,0.12218021601438522
913,14781,22623,1431,2,0.13855372369289398,0.04069408401846886,-0.646820604801178
914,14785,1255,1279,2,0.14496757090091705,0.03902750089764595,-0.3358204960823059
915,14831,1259,520,2,0.13741977512836456,0.04375612735748291,0.2830077111721039
916,14838,20098,314,1,0.1387774497270584,0.049083806574344635,0.7389562129974365
917,14850,2417,762,3,0.14213614165782928,0.037510231137275696,0.038540080189704895
918,14876,7053,689,2,0.14056898653507233,0.049118876457214355,0.18697573244571686
919,14889,20355,1067,3,0.13643255829811096,0.0374724417924881,-0.27790313959121704
920,14892,15985,33,2,0.13851723074913025,0.04355936497449875,1.1231141090393066
921,14913,21489,172,2,0.13842064142227173,0.040609076619148254,0.7417017817497253
922,14938,23022,184,2,0.13687078654766083,0.040686435997486115,0.8940613269805908
923,15000,16872,116,2,0.144265279173851,0.05502655357122421,0.9271601438522339
924,15002,10403,1039,2,0.142890065908432,0.045291587710380554,-0.16080988943576813
925,15007,4536,1018,3,0.13551443815231323,0.038516487926244736,-0.23518960177898407
926,15009,1704,1428,1,0.14915582537651062,0.05539003759622574,-0.5124073028564453
927,15010,18527,133,5,0.1366509050130844,0.042773958295583725,1.1843159198760986
928,15031,6584,161,2,0.14413756132125854,0.04273209720849991,0.9128783941268921
929,15032,1285,347,3,0.13827694952487946,0.04513246938586235,0.5435137748718262
930,15041,17527,580,2,0.13687172532081604,0.040414366871118546,0.3347482681274414
931,15056,14958,350,3,0.13577817380428314,0.046415187418460846,0.5354369878768921
932,15079,12564,685,2,0.13919515907764435,0.050401560962200165,0.13329823315143585
933,15093,18022,1686,2,0.13979719579219818,0.0459689237177372,-1.1103699207305908
934,15112,15148,156,2,0.13851016759872437,0.040373265743255615,0.9685142636299133
935,15128,17546,1302,2,0.1418467015028,0.04166844114661217,-0.5092957615852356
936,15158,6465,1526,3,0.1361711323261261,0.03607639670372009,-0.6327764987945557
937,15159,15955,496,2,0.13685359060764313,0.041988126933574677,0.34668368101119995
938,15173,20362,1241,2,0.13813728094100952,0.038446132093667984,-0.3228340446949005
939,15188,19489,1464,2,0.13597337901592255,0.03748849779367447,-0.5421721339225769
940,15190,7624,828,2,0.1376439929008484,0.04150588810443878,-0.017293080687522888
941,15258,11338,493,2,0.14049357175827026,0.044759463518857956,0.4324946999549866
942,15272,9157,97,1,0.14946255087852478,0.04746305197477341,0.9557543396949768
943,15281,13043,704,2,0.13844537734985352,0.042668767273426056,0.14558297395706177
944,15286,11266,152,4,0.13790054619312286,0.045780543237924576,1.002429485321045
945,15299,2303,889,7,0.13850842416286469,0.05204790458083153,-0.04773104190826416
946,15348,13899,988,2,0.14442825317382812,0.052352048456668854,-0.09309765696525574
947,15350,18343,847,1,0.14294977486133575,0.041726645082235336,-0.019332125782966614
948,15352,20477,328,1,0.14023928344249725,0.04510648176074028,0.9443790912628174
949,15358,1773,1545,2,0.13860701024532318,0.05150861665606499,-0.6416301727294922
950,15359,19173,818,2,0.1477530151605606,0.03934687376022339,-0.01940065249800682
951,15360,20473,1272,2,0.14208252727985382,0.04164358973503113,-0.3372642397880554
952,15377,19587,477,3,0.14161786437034607,0.049321189522743225,0.3838410973548889
953,15418,20902,1358,3,0.143816739320755,0.04353902488946915,-0.4715402126312256
954,15443,17218,1441,4,0.1395980566740036,0.04881127178668976,-0.5926088690757751
955,15469,10970,363,2,0.1380566507577896,0.03807086870074272,0.5794539451599121
956,15474,22853,1243,3,0.13764642179012299,0.04000987485051155,-0.3650079369544983
957,15510,11289,923,3,0.13739635050296783,0.04658989608287811,-0.12897981703281403
958,15515,20780,1029,3,0.13981285691261292,0.047256533056497574,-0.2703285813331604
959,15545,1347,1565,2,0.14673009514808655,0.036805443465709686,-0.8828645348548889
960,15554,21350,409,2,0.13795852661132812,0.04507921636104584,0.4533703029155731
961,15559,1350,425,6,0.1383400559425354,0.044230490922927856,0.42089971899986267
962,15592,21881,1587,2,0.13832128047943115,0.045024968683719635,-0.7597599625587463
963,15605,2198,1778,6,0.14043296873569489,0.044047050178050995,-2.102672576904297
964,15642,9522,1497,2,0.13651669025421143,0.03885013237595558,-0.6680300235748291
965,15673,14195,260,3,0.14156976342201233,0.05412435904145241,0.6740014553070068
966,15700,17099,22,2,0.14433665573596954,0.05467263609170914,1.4213443994522095
967,15710,22017,1578,2,0.13886377215385437,0.039868518710136414,-0.7689381837844849
968,15745,13494,20,3,0.1363198459148407,0.0423886775970459,1.4897596836090088
969,15751,19277,213,3,0.13917845487594604,0.04783296585083008,0.7669856548309326
970,15801,1667,673,4,0.13584962487220764,0.04083365201950073,0.11562364548444748
971,15807,7250,1128,1,0.13880237936973572,0.03355950117111206,-0.2645225524902344
972,15821,22155,1321,1,0.13805831968784332,0.038897983729839325,-0.49159979820251465
973,15844,11702,154,2,0.13833551108837128,0.042860519140958786,0.7221294045448303
974,15864,16440,117,2,0.14515666663646698,0.04706453159451485,1.0585224628448486
975,15878,2969,141,2,0.1421477049589157,0.045047491788864136,0.921410858631134
976,15919,21491,1234,3,0.13978838920593262,0.04584047943353653,-0.29131799936294556
977,15924,22007,787,2,0.1368817836046219,0.04012119770050049,0.10106342285871506
978,15934,9770,2,1,0.1448560655117035,0.056064337491989136,2.21640682220459
979,15949,10029,197,2,0.14323963224887848,0.04846210032701492,0.7170851230621338
980,15973,20041,115,6,0.13907499611377716,0.046107158064842224,1.2929506301879883
981,16015,9749,492,1,0.13999797403812408,0.04239039868116379,0.5579538345336914
982,16029,17748,1530,4,0.13581018149852753,0.042491428554058075,-0.6979364156723022
983,16048,18279,22,2,0.13830286264419556,0.044632282108068466,1.7038078308105469
984,16049,16520,831,3,0.13793878257274628,0.04016449302434921,0.013552021235227585
985,16090,22890,650,3,0.13816794753074646,0.04285453259944916,0.2873445451259613
986,16128,22574,635,1,0.13987775146961212,0.03851017355918884,0.2076607048511505
987,16137,12113,537,2,0.1392894983291626,0.04442393034696579,0.32262611389160156
988,16143,19792,154,1,0.147280752658844,0.0589367151260376,0.7997459173202515
989,16178,20069,1497,2,0.14222480356693268,0.04174032434821129,-0.6296419501304626
990,16202,11857,1650,2,0.13978487253189087,0.038358740508556366,-0.7435736060142517
991,16204,1437,706,2,0.1396326720714569,0.046562474220991135,0.16249006986618042
992,16209,3528,1196,2,0.14594635367393494,0.04075649753212929,-0.2995167076587677
993,16225,20940,981,4,0.13864699006080627,0.04561455175280571,-0.16193021833896637
994,16228,23008,357,2,0.1414097547531128,0.043172381818294525,0.526459276676178
995,16229,8537,777,2,0.13772577047348022,0.03888868913054466,0.10753783583641052
996,16250,12449,1097,2,0.13741274178028107,0.04155614599585533,-0.2576524317264557
997,16263,22109,1212,2,0.141252800822258,0.04910638928413391,-0.28020504117012024
998,16318,19822,658,2,0.13762810826301575,0.03611088544130325,0.25449973344802856
999,16322,12560,175,2,0.14017590880393982,0.04760584980249405,0.836597740650177
1000,16325,8023,1160,3,0.1393383890390396,0.0477612242102623,-0.2271472066640854
1001,16392,14523,1432,3,0.13757047057151794,0.045132413506507874,-0.5035905241966248
1002,16417,22132,937,5,0.13744725286960602,0.04353988170623779,-0.07470189034938812
1003,16427,22986,636,2,0.14089758694171906,0.04832170903682709,0.32984986901283264
1004,16431,6015,370,3,0.13633807003498077,0.04222135245800018,0.5235192179679871
1005,16437,14570,1062,2,0.13672858476638794,0.04386400803923607,-0.1108388751745224
1006,16438,22051,538,1,0.14207006990909576,0.04085411876440048,0.3854851722717285
1007,16443,16127,953,2,0.13770855963230133,0.04183761775493622,-0.15793584287166595
1008,16461,17922,1284,2,0.14108923077583313,0.03954942524433136,-0.3654356598854065
1009,16507,21249,149,2,0.13965708017349243,0.03953400254249573,1.003893256187439
1010,16520,16926,58,3,0.1371222734451294,0.047307681292295456,1.2636711597442627
1011,16529,4902,919,4,0.13509885966777802,0.04081161320209503,-0.12967544794082642
1012,16542,17107,652,5,0.13948921859264374,0.05059545487165451,0.17526032030582428
1013,16547,19751,143,2,0.13707132637500763,0.04135198891162872,0.9200805425643921
1014,16608,20995,17,2,0.14615869522094727,0.06329191476106644,1.2064788341522217
1015,16609,17235,1490,2,0.14476047456264496,0.04019385948777199,-0.5333641171455383
1016,16620,1865,1544,2,0.14023631811141968,0.03794046491384506,-0.5919694304466248
1017,16623,16217,1274,3,0.13713663816452026,0.046210166066884995,-0.3719162940979004
1018,16626,13131,1053,2,0.1407821923494339,0.03575185686349869,-0.11702772974967957
1019,16696,2825,66,4,0.13723990321159363,0.037824198603630066,1.334206461906433
1020,16702,16841,103,4,0.13904280960559845,0.0487365648150444,1.0380675792694092
1021,16710,15817,539,2,0.1428370624780655,0.0506853312253952,0.28618165850639343
1022,16713,5462,176,3,0.14279115200042725,0.05813518911600113,0.7508217096328735
1023,16734,20060,1091,2,0.13718107342720032,0.043005235493183136,-0.2640203833580017
1024,16768,13587,584,2,0.13622400164604187,0.0399477519094944,0.3258812427520752
1025,16773,1552,1,3,0.13583672046661377,0.04503188282251358,5.265073776245117
1026,16800,11473,1,2,0.13743555545806885,0.04570551961660385,4.0260162353515625
1027,16803,10081,91,2,0.13733622431755066,0.04498005658388138,1.3466404676437378
1028,16830,22969,863,3,0.13875849545001984,0.046025458723306656,0.0058212243020534515
1029,16835,12222,1555,4,0.13583002984523773,0.041448336094617844,-0.8090078234672546
1030,16868,23032,607,2,0.13970312476158142,0.04430902376770973,0.18509183824062347
1031,16869,1551,1708,2,0.14067287743091583,0.047304265201091766,-1.1532255411148071
1032,16874,5820,399,3,0.1368938535451889,0.044520698487758636,0.44288647174835205
1033,16906,14215,1228,3,0.13549749553203583,0.040398769080638885,-0.4296696186065674
1034,16913,5963,1370,3,0.13818633556365967,0.04492591321468353,-0.4248408079147339
1035,16926,19636,1424,2,0.13922546803951263,0.04130479320883751,-0.5575714111328125
1036,16931,1564,1358,2,0.14316906034946442,0.04648680239915848,-0.47831910848617554
1037,16939,15834,1449,1,0.13890446722507477,0.037916574627161026,-0.7075992822647095
1038,16947,2665,1558,3,0.13858100771903992,0.044244300574064255,-0.7974308133125305
1039,17000,19390,375,2,0.14576750993728638,0.056475020945072174,0.44818419218063354
1040,17010,22108,54,4,0.13937737047672272,0.04293813556432724,1.1744149923324585
1041,17054,13659,1139,2,0.1402706354856491,0.03670264035463333,-0.11820809543132782
1042,17055,17216,1221,3,0.13721559941768646,0.04148629680275917,-0.1924355924129486
1043,17070,21445,717,2,0.1370534598827362,0.03942149877548218,0.10399013757705688
1044,17090,9490,366,2,0.1362253874540329,0.041887398809194565,0.5055273175239563
1045,17108,12600,1680,2,0.14064709842205048,0.03797826170921326,-0.8710459470748901
1046,17113,17560,470,5,0.13909758627414703,0.04459962993860245,0.4146959185600281
1047,17121,3491,270,3,0.1361980140209198,0.04597916826605797,0.647308886051178
1048,17134,21824,569,2,0.13839289546012878,0.04229705035686493,0.36242783069610596
1049,17157,22582,27,3,0.13745839893817902,0.050947654992341995,1.5856304168701172
1050,17189,12536,695,2,0.14025306701660156,0.03998548537492752,0.14563313126564026
1051,17195,8946,831,2,0.14340057969093323,0.051062535494565964,0.12149440497159958
1052,17268,20868,1255,6,0.138326495885849,0.03993993252515793,-0.37214818596839905
1053,17300,20766,600,2,0.13809752464294434,0.04928044602274895,0.26331475377082825
1054,17302,4815,30,3,0.13853472471237183,0.054969072341918945,1.481718897819519
1055,17318,23009,1042,4,0.14071321487426758,0.0442543663084507,-0.24840910732746124
1056,17330,22894,943,5,0.13749150931835175,0.04093559458851814,-0.11869170516729355
1057,17333,21889,524,10,0.13620394468307495,0.04623765870928764,0.39512360095977783
1058,17348,22415,735,2,0.1372900754213333,0.041324432939291,0.0972132459282875
1059,17397,13078,932,4,0.13648849725723267,0.044579654932022095,-0.10194451361894608
1060,17398,1642,25,2,0.14003616571426392,0.04732315614819527,1.4653358459472656
1061,17399,21685,411,3,0.13705135881900787,0.04962894693017006,0.49369391798973083
1062,17423,1645,372,2,0.13734464347362518,0.039698414504528046,0.49530380964279175
1063,17447,6485,174,2,0.14185449481010437,0.04629834368824959,0.7761344909667969
1064,17453,16841,24,2,0.14292551577091217,0.05383635312318802,1.3781641721725464
1065,17501,4030,739,5,0.1367473602294922,0.04658595100045204,0.11322522163391113
1066,17504,20644,1738,2,0.13843664526939392,0.037695471197366714,-1.211894154548645
1067,17533,21760,508,2,0.13940373063087463,0.04615509882569313,0.37380123138427734
1068,17611,3208,1184,6,0.1375654935836792,0.03620332479476929,-0.41290634870529175
1069,17621,9882,596,2,0.14428958296775818,0.05592770874500275,0.26767292618751526
1070,17650,22228,126,10,0.13659144937992096,0.041187673807144165,1.0407567024230957
1071,17665,1920,160,3,0.1365879625082016,0.042715828865766525,0.942054033279419
1072,17748,13154,1728,3,0.13802820444107056,0.04184254631400108,-0.9943428039550781
1073,17770,17729,1492,3,0.1401214897632599,0.03615673631429672,-0.6991536617279053
1074,17810,21639,823,8,0.13802894949913025,0.04184115678071976,-0.031895559281110764
1075,17831,21743,1384,3,0.13588069379329681,0.041093915700912476,-0.4885690212249756
1076,17890,9726,901,2,0.1410054713487625,0.04499860852956772,-0.10093279927968979
1077,17891,17157,319,2,0.14014923572540283,0.041023850440979004,0.6671046614646912
1078,17897,3610,1280,2,0.13646335899829865,0.03559824824333191,-0.40032660961151123
1079,17905,7799,1346,2,0.13854311406612396,0.04795412719249725,-0.479131281375885
1080,17920,20441,114,2,0.1392027884721756,0.04160788282752037,1.0831984281539917
1081,17926,22411,949,2,0.14476068317890167,0.04138898849487305,-0.11909271776676178
1082,17931,21983,425,2,0.1395639032125473,0.040176570415496826,0.31961119174957275
1083,17955,20555,1580,2,0.13691453635692596,0.04143482819199562,-0.7618576288223267
1084,17965,4637,703,10,0.13617096841335297,0.04372329264879227,0.2023179531097412
1085,17968,5042,130,4,0.13614781200885773,0.04108107089996338,0.9533742666244507
1086,17980,18851,25,2,0.13758617639541626,0.04260944202542305,1.6441893577575684
1087,17982,18513,922,4,0.14093688130378723,0.0435456708073616,-0.05726137012243271
1088,18003,15088,220,2,0.13941870629787445,0.04078751429915428,0.7734044790267944
1089,18004,22642,209,3,0.13853828608989716,0.041552960872650146,0.7173618674278259
1090,18025,21472,502,3,0.13637083768844604,0.04310048744082451,0.3342485725879669
1091,18040,8969,4,2,0.14011389017105103,0.04511579871177673,2.214033842086792
1092,18051,20098,1127,2,0.139143168926239,0.051339052617549896,-0.3194551169872284
1093,18053,23018,1148,2,0.14327788352966309,0.04633937031030655,-0.21821314096450806
1094,18071,22792,258,3,0.1390599012374878,0.05050823092460632,0.7874612808227539
1095,18075,9221,80,4,0.13598763942718506,0.040633201599121094,1.3685636520385742
1096,18108,15903,211,2,0.1446797251701355,0.051414407789707184,0.7749096751213074
1097,18152,1770,1027,2,0.13733340799808502,0.04077902436256409,-0.211683988571167
1098,18159,8496,1108,2,0.139067605137825,0.044577743858098984,-0.1377498358488083
1099,18172,22904,309,5,0.14113548398017883,0.05231670290231705,0.5995979309082031
1100,18173,17218,1016,2,0.14168056845664978,0.049446433782577515,-0.0831969827413559
1101,18182,15603,753,2,0.14294379949569702,0.04255593568086624,0.0227191224694252
1102,18188,12976,1564,2,0.14075662195682526,0.040857505053281784,-0.8774427771568298
1103,18195,13823,58,3,0.1372053325176239,0.04742064327001572,1.1865581274032593
1104,18199,5685,54,3,0.1407514214515686,0.04253557696938515,1.2874789237976074
1105,18225,22983,503,4,0.13639630377292633,0.04430444538593292,0.34076017141342163
1106,18233,22520,226,10,0.13740339875221252,0.04038425534963608,0.8131612539291382
1107,18244,22800,693,2,0.14517393708229065,0.04211448132991791,0.14663884043693542
1108,18280,21939,262,4,0.13688915967941284,0.04732624441385269,0.7305155992507935
1109,18326,22202,407,5,0.14034385979175568,0.0504874587059021,0.44003546237945557
1110,18357,12309,1402,2,0.1412392407655716,0.04196978732943535,-0.6351280212402344
1111,18386,20030,765,2,0.14102843403816223,0.04897274076938629,0.10078813135623932
1112,18388,2531,1099,6,0.14021888375282288,0.04831065610051155,-0.23802998661994934
1113,18429,20854,1499,3,0.13904690742492676,0.05129676312208176,-0.7226571440696716
1114,18443,21060,362,2,0.14009828865528107,0.04284977912902832,0.542328953742981
1115,18448,12607,1297,2,0.14004793763160706,0.04149538651108742,-0.4629899859428406
1116,18540,22478,1336,6,0.13881805539131165,0.04187597334384918,-0.5250037908554077
1117,18542,17931,1441,1,0.14578253030776978,0.04785418510437012,-0.5795738101005554
1118,18551,20348,1123,3,0.13849161565303802,0.04901318997144699,-0.23709076642990112
1119,18583,17957,1148,3,0.13893865048885345,0.04786250367760658,-0.1913282722234726
1120,18595,20483,654,3,0.13565479218959808,0.049536317586898804,0.12922777235507965
1121,18620,4379,604,2,0.1437980830669403,0.04144404083490372,0.21836526691913605
1122,18625,7556,1656,2,0.13953948020935059,0.03920028731226921,-0.980101466178894
1123,18635,22428,1361,2,0.14154408872127533,0.045142535120248795,-0.4672214984893799
1124,18637,12542,259,3,0.1413382589817047,0.05039513111114502,0.7104036211967468
1125,18646,10957,1685,6,0.13817134499549866,0.040155697613954544,-0.8161479830741882
1126,18663,23030,535,5,0.1413489729166031,0.047627221792936325,0.3092763125896454
1127,18676,1859,667,2,0.13758450746536255,0.039837032556533813,0.15912459790706635
1128,18688,1860,334,2,0.14008265733718872,0.041198715567588806,0.7386712431907654
1129,18708,10310,2,3,0.14085400104522705,0.05267468839883804,1.8441541194915771
1130,18718,15708,288,1,0.13865219056606293,0.03922878950834274,0.7030395865440369
1131,18734,20017,1104,4,0.13775722682476044,0.0426153801381588,-0.11426690965890884
1132,18739,21618,85,3,0.1361227035522461,0.044746339321136475,1.3093128204345703
1133,18758,22411,888,1,0.14457537233829498,0.04606124013662338,-0.01963617280125618
1134,18771,14627,1596,2,0.14385516941547394,0.035973697900772095,-0.6554202437400818
1135,18807,16345,7,3,0.1406739056110382,0.045736320316791534,2.11317777633667
1136,18834,19955,591,2,0.14163713157176971,0.049780819565057755,0.27839067578315735
1137,18860,3484,643,2,0.14281168580055237,0.049001552164554596,0.24706101417541504
1138,18903,20860,288,3,0.1365310251712799,0.04581846296787262,0.6235592365264893
1139,18911,22344,142,3,0.1437355875968933,0.05830930545926094,0.8384956121444702
1140,18936,22425,1331,5,0.14242787659168243,0.042283572256565094,-0.4108213782310486
1141,18938,9512,1363,3,0.14093706011772156,0.04077021777629852,-0.4848417639732361
1142,18974,17246,58,2,0.13972817361354828,0.04818310588598251,1.1004765033721924
1143,18994,21451,626,2,0.1372428983449936,0.04475213587284088,0.153335839509964
1144,19000,3921,1061,3,0.13628078997135162,0.04693206027150154,-0.16955702006816864
1145,19007,9656,1444,4,0.13509924709796906,0.04096712917089462,-0.5570642352104187
1146,19015,1924,1144,4,0.13815569877624512,0.04483233019709587,-0.35187801718711853
1147,19025,22948,1115,6,0.13951988518238068,0.04137343540787697,-0.22357651591300964
1148,19030,22105,1016,2,0.1390170156955719,0.04333345592021942,-0.12241034209728241
1149,19031,13869,1254,2,0.13731594383716583,0.0448383092880249,-0.36595189571380615
1150,19032,22900,1115,3,0.13771064579486847,0.0437600314617157,-0.29721513390541077
1151,19054,10081,1322,2,0.13999728858470917,0.05409344658255577,-0.46741122007369995
1152,19152,4896,1219,2,0.13833703100681305,0.042799368500709534,-0.36269962787628174
1153,19159,1946,429,2,0.1464216113090515,0.04896826669573784,0.4352056384086609
1154,19201,5963,261,3,0.1392097920179367,0.046987973153591156,0.6223396062850952
1155,19214,11578,1368,3,0.13653935492038727,0.038646213710308075,-0.4246128797531128
1156,19225,22894,56,3,0.13705556094646454,0.043948009610176086,1.2161564826965332
1157,19252,20260,159,10,0.1360682100057602,0.04374097287654877,1.018425703048706
1158,19253,2979,112,3,0.13787825405597687,0.04780012369155884,1.0010398626327515
1159,19266,10026,31,2,0.13665178418159485,0.043761640787124634,1.319106101989746
1160,19269,22574,1256,2,0.13923463225364685,0.04223340377211571,-0.4278183579444885
1161,19277,19653,35,5,0.13622795045375824,0.03971697762608528,1.9424331188201904
1162,19279,5877,553,2,0.14290599524974823,0.03883141651749611,0.2643275856971741
1163,19304,21267,232,4,0.13683457672595978,0.04619336500763893,0.8469656705856323
1164,19306,18840,363,2,0.14011816680431366,0.04864510893821716,0.4300662875175476
1165,19323,4541,562,2,0.14056003093719482,0.04782500118017197,0.2605794072151184
1166,19325,6474,892,7,0.13715265691280365,0.042258087545633316,0.05431916564702988
1167,19342,15698,51,3,0.13595831394195557,0.040560126304626465,1.2442091703414917
1168,19358,11000,472,2,0.13796886801719666,0.04167746752500534,0.5298964381217957
1169,19392,21826,940,3,0.1371701955795288,0.0421709306538105,-0.1456187516450882
1170,19398,13016,1338,5,0.13915976881980896,0.03960173577070236,-0.5100509524345398
1171,19399,20676,12,2,0.13863466680049896,0.04493122175335884,1.799743890762329
1172,19436,2478,363,5,0.14346414804458618,0.052015963941812515,0.539972722530365
1173,19499,20942,638,6,0.138551726937294,0.041633933782577515,0.28810781240463257
1174,19544,10842,509,2,0.14088241755962372,0.04793570935726166,0.48399513959884644
1175,19556,7766,559,2,0.13874000310897827,0.04805947467684746,0.2532610297203064
1176,19559,7171,1688,4,0.13540825247764587,0.041964516043663025,-1.0504860877990723
1177,19613,22951,364,2,0.13681238889694214,0.037687718868255615,0.5122065544128418
1178,19615,12739,127,3,0.13642606139183044,0.04471186548471451,0.9979342818260193
1179,19623,5948,1218,3,0.13525502383708954,0.04587327688932419,-0.4695514440536499
1180,19634,7865,1301,2,0.14163470268249512,0.04555485397577286,-0.5224626064300537
1181,19643,10121,1681,5,0.13946911692619324,0.040392495691776276,-0.9659164547920227
1182,19654,7543,29,2,0.14207881689071655,0.051187850534915924,1.248748779296875
1183,19662,20144,962,1,0.14302435517311096,0.04755539074540138,-0.051217034459114075
1184,19667,5186,668,5,0.1371331363916397,0.04708953946828842,0.18195700645446777
1185,19673,21734,50,2,0.13919924199581146,0.04125808924436569,1.40924072265625
1186,19728,20685,483,2,0.1436726301908493,0.041172124445438385,0.35747334361076355
1187,19740,22923,594,4,0.13531382381916046,0.0456949882209301,0.2155194729566574
1188,19762,21230,1260,3,0.13798831403255463,0.04191059246659279,-0.35860103368759155
1189,19769,22076,918,4,0.13537685573101044,0.03970061615109444,-0.08304686844348907
1190,19781,13801,965,2,0.13953521847724915,0.03698849678039551,-0.039481326937675476
1191,19783,12312,125,3,0.13790977001190186,0.04272548854351044,1.0603322982788086
1192,19786,22892,1382,2,0.14323826134204865,0.03994745388627052,-0.41636961698532104
1193,19812,3921,1353,2,0.13771842420101166,0.04579842835664749,-0.4959317445755005
1194,19838,22874,1638,1,0.14025096595287323,0.040049560368061066,-0.9788678884506226
1195,19848,10277,59,2,0.1417284607887268,0.05260024219751358,1.1153202056884766
1196,19864,2046,1255,2,0.14179572463035583,0.03698507696390152,-0.3402951955795288
1197,19885,11141,997,4,0.13749927282333374,0.054153554141521454,-0.16342365741729736
1198,19897,19549,147,3,0.13961802423000336,0.05645313858985901,0.9218447208404541
1199,19920,21319,362,4,0.13503465056419373,0.04427661746740341,0.508585512638092
1200,19932,22994,1560,2,0.14647315442562103,0.037734851241111755,-0.6375616788864136
1201,19950,4027,1186,5,0.1375289112329483,0.044291213154792786,-0.3581711947917938
1202,19958,21364,1378,1,0.14060963690280914,0.04517420381307602,-0.5415176153182983
1203,19967,14296,847,2,0.13697567582130432,0.041293129324913025,-0.01512383483350277
1204,19970,11091,89,3,0.13640046119689941,0.04021069407463074,1.0427429676055908
1205,20013,21321,1267,3,0.14163513481616974,0.04773944243788719,-0.3402162790298462
1206,20022,16926,1308,2,0.13874097168445587,0.04464888572692871,-0.40658628940582275
1207,20028,2084,729,4,0.1354563981294632,0.043465837836265564,0.21988917887210846
1208,20056,13253,1314,2,0.13713710010051727,0.03953836113214493,-0.5188698768615723
1209,20125,3890,1452,4,0.1357746571302414,0.043790146708488464,-0.632814884185791
1210,20128,22921,422,7,0.13569578528404236,0.04478653892874718,0.41925543546676636
1211,20130,9758,1410,2,0.1406957060098648,0.03829300403594971,-0.5577906966209412
1212,20153,20298,73,2,0.14511318504810333,0.05710641294717789,1.1994471549987793
1213,20154,22861,185,10,0.14601944386959076,0.04932679235935211,1.1360766887664795
1214,20166,17148,455,2,0.14470873773097992,0.052882954478263855,0.5080426931381226
1215,20210,12542,321,6,0.14174164831638336,0.04890984296798706,0.6169995665550232
1216,20246,22861,70,4,0.13754162192344666,0.04444415867328644,0.9978481531143188
1217,20254,4761,48,2,0.1391875296831131,0.0450754314661026,1.3319984674453735
1218,20301,3740,639,2,0.14604952931404114,0.03933652490377426,0.17494666576385498
1219,20341,11932,1663,6,0.13934169709682465,0.03950204700231552,-1.0139386653900146
1220,20359,20926,815,2,0.13663367927074432,0.04247234761714935,0.04588041454553604
1221,20365,18430,949,2,0.14330391585826874,0.04781075194478035,-0.07664888352155685
1222,20383,2140,1,3,0.13518422842025757,0.039438359439373016,3.864595413208008
1223,20385,19486,5,2,0.14411261677742004,0.05841269716620445,2.0478148460388184
1224,20449,8717,218,3,0.1369735449552536,0.04693085327744484,0.6950132846832275
1225,20458,7237,342,2,0.14188821613788605,0.04304123669862747,0.5065239667892456
1226,20464,17422,809,3,0.1357726752758026,0.04438301548361778,0.04916847124695778
1227,20472,17785,1428,2,0.14158587157726288,0.04572880268096924,-0.4545190930366516
1228,20483,7661,1403,8,0.14395779371261597,0.037205927073955536,-0.7285214066505432
1229,20487,21758,97,3,0.1402825266122818,0.053038276731967926,1.052042841911316
1230,20488,18116,447,2,0.14097514748573303,0.047147590667009354,0.43025636672973633
1231,20501,2152,81,4,0.13488714396953583,0.0456080436706543,1.4681273698806763
1232,20526,23031,867,5,0.1354546695947647,0.044073693454265594,-0.08061158657073975
1233,20604,7236,1103,1,0.14220879971981049,0.044540099799633026,-0.2869062125682831
1234,20606,22382,612,3,0.13640302419662476,0.04435843229293823,0.3188753128051758
1235,20607,10524,485,3,0.1352287232875824,0.042136721312999725,0.39968428015708923
1236,20610,20127,1199,6,0.13810156285762787,0.04631716385483742,-0.42203202843666077
1237,20678,16440,301,2,0.13865843415260315,0.03976611793041229,0.7217482328414917
1238,20681,7014,1391,5,0.1365698277950287,0.043169159442186356,-0.5345601439476013
1239,20686,22633,1270,3,0.13669228553771973,0.042325206100940704,-0.43513023853302
1240,20689,18133,933,5,0.13820794224739075,0.03891538083553314,-0.03477473184466362
1241,20692,21377,1514,4,0.13558657467365265,0.03969080373644829,-0.6601853370666504
1242,20698,22787,1607,1,0.13970063626766205,0.040510714054107666,-0.85305255651474
1243,20700,14056,20,2,0.14482246339321136,0.06035138666629791,2.3604540824890137
1244,20726,21344,1601,2,0.14089520275592804,0.03999919444322586,-0.8843795657157898
1245,20735,18362,904,6,0.13938376307487488,0.04876722767949104,-0.024858728051185608
1246,20748,13394,853,5,0.13703078031539917,0.04831893742084503,-0.049038954079151154
1247,20771,3584,57,4,0.13712696731090546,0.04350939393043518,1.508397102355957
1248,20788,22964,223,4,0.13653989136219025,0.04143129289150238,1.050633430480957
1249,20790,18728,89,1,0.13774342834949493,0.03940603882074356,1.4012248516082764
1250,20815,22929,136,2,0.13758254051208496,0.04207782447338104,0.9229422211647034
1251,20822,20995,65,2,0.14651280641555786,0.06409471482038498,1.046895980834961
1252,20827,17276,933,2,0.14040185511112213,0.04082382470369339,-0.08759521692991257
1253,20847,13670,1167,2,0.14199726283550262,0.03878564015030861,-0.17836491763591766
1254,20874,22229,29,2,0.1391923427581787,0.03903650492429733,1.2510740756988525
1255,20899,18594,652,1,0.14441020786762238,0.04501117393374443,0.20799782872200012
1256,20926,22545,1571,1,0.14364948868751526,0.048219531774520874,-0.9641126394271851
1257,20943,17912,706,3,0.13755802810192108,0.04242166876792908,0.1748942881822586
1258,20989,4642,1034,2,0.13639286160469055,0.03999793156981468,-0.18538862466812134
1259,21003,19336,825,3,0.13581253588199615,0.04417414963245392,-0.05644136667251587
1260,21014,18548,334,2,0.13739889860153198,0.04000760614871979,0.5386226177215576
1261,21075,16414,543,2,0.14475303888320923,0.041823357343673706,0.3102421462535858
1262,21087,22959,210,3,0.13638804852962494,0.04114951193332672,0.8097913265228271
1263,21103,7577,1540,6,0.13849613070487976,0.04194125905632973,-0.7219971418380737
1264,21115,5810,410,2,0.14117389917373657,0.04614369198679924,0.536058783531189
1265,21135,9103,328,2,0.13867272436618805,0.044924039393663406,0.5545223355293274
1266,21146,19256,298,2,0.13850930333137512,0.04514344781637192,0.7122945785522461
1267,21178,23026,767,3,0.13644134998321533,0.044667236506938934,0.06929422914981842
1268,21204,13241,749,3,0.13668207824230194,0.043598148971796036,0.1655469387769699
1269,21281,13436,407,3,0.14080242812633514,0.04204099625349045,0.4791879951953888
1270,21301,19659,806,2,0.13968907296657562,0.04719622805714607,0.030371248722076416
1271,21308,21615,692,5,0.1383490264415741,0.04492570459842682,0.08752419054508209
1272,21322,4304,233,3,0.13654685020446777,0.04079146683216095,0.7687942981719971
1273,21335,22349,1684,3,0.13808274269104004,0.04552411660552025,-0.9373072385787964
1274,21355,22434,949,3,0.1376129388809204,0.04309813678264618,-0.19271264970302582
1275,21366,16956,314,4,0.13573099672794342,0.04467156529426575,0.5605586171150208
1276,21387,4209,596,5,0.13761916756629944,0.05068067088723183,0.2222728133201599
1277,21407,8873,960,2,0.13673411309719086,0.04316461831331253,-0.12063191831111908
1278,21416,11281,126,3,0.14087042212486267,0.052869271486997604,0.9880139231681824
1279,21446,12804,1403,4,0.13848213851451874,0.03643213212490082,-0.5502122640609741
1280,21457,20141,347,8,0.13873770833015442,0.04356609284877777,0.5913146734237671
1281,21466,10304,29,2,0.1390574872493744,0.04064945504069328,1.4357101917266846
1282,21475,20864,759,2,0.13792011141777039,0.03990139067173004,0.1258598119020462
1283,21497,15814,49,4,0.13505858182907104,0.04451897740364075,1.351577639579773
1284,21501,11540,1467,2,0.1382383406162262,0.04467576742172241,-0.6527207493782043
1285,21512,9479,286,3,0.13655738532543182,0.04360154643654823,0.6681897640228271
1286,21522,8758,1502,2,0.1398300975561142,0.03909160941839218,-0.6195639967918396
1287,21538,22434,1269,3,0.13789984583854675,0.043228887021541595,-0.3654189109802246
1288,21561,2332,1618,2,0.14008291065692902,0.04427425563335419,-0.7159238457679749
1289,21572,21942,70,4,0.1366492658853531,0.04591584950685501,1.1875958442687988
1290,21574,20240,837,3,0.14128650724887848,0.054283540695905685,0.022334888577461243
1291,21586,22555,977,7,0.13633845746517181,0.04367665946483612,-0.1146685928106308
1292,21623,22743,349,2,0.139027401804924,0.04618564993143082,0.5079113841056824
1293,21661,17438,986,1,0.1434352844953537,0.03889896720647812,-0.19331961870193481
1294,21677,22775,962,3,0.13670174777507782,0.0417972132563591,-0.16886526346206665
1295,21716,11337,225,2,0.1363944113254547,0.045051224529743195,0.8336717486381531
1296,21759,4864,222,2,0.1373707801103592,0.039253391325473785,0.9443895816802979
1297,21772,22472,1029,1,0.13895072042942047,0.0420810729265213,-0.32015693187713623
1298,21813,16292,60,3,0.14231137931346893,0.05219775065779686,1.2180376052856445
1299,21834,14778,687,2,0.14039389789104462,0.047023460268974304,0.08955814689397812
1300,21838,22385,1470,3,0.13616213202476501,0.042590804398059845,-0.6980115175247192
1301,21842,19186,467,7,0.13623841106891632,0.04320226609706879,0.3678067922592163
1302,21852,22474,379,1,0.14021927118301392,0.04459894821047783,0.6126538515090942
1303,21859,4334,197,2,0.144914910197258,0.05642888695001602,0.8006120920181274
1304,21890,19794,534,4,0.1390458047389984,0.05078095570206642,0.33737242221832275
1305,21896,22532,1619,2,0.13928137719631195,0.041038282215595245,-0.8441088199615479
1306,21911,22834,1666,1,0.13831819593906403,0.045326996594667435,-1.1008106470108032
1307,21912,22515,693,3,0.13548435270786285,0.04540631175041199,0.24204564094543457
1308,21941,9811,1015,2,0.1371169239282608,0.04184642434120178,-0.1809757649898529
1309,21955,17716,25,1,0.14129924774169922,0.04708320274949074,1.8347182273864746
1310,21960,12930,891,3,0.13676433265209198,0.04222232103347778,-0.07377655804157257
1311,21981,14964,1382,2,0.1386873722076416,0.04582910239696503,-0.46556317806243896
1312,21988,21826,538,8,0.13871259987354279,0.042424045503139496,0.38156822323799133
1313,22006,21124,716,2,0.13844096660614014,0.036879368126392365,0.18372252583503723
1314,22024,10954,1213,3,0.14232274889945984,0.03996982052922249,-0.3561714291572571
1315,22037,14510,201,2,0.14161093533039093,0.04402885586023331,0.6928408145904541
1316,22097,8042,668,2,0.13845305144786835,0.042793843895196915,0.1306951642036438
1317,22134,14255,223,3,0.1438978910446167,0.05846157670021057,0.7568982243537903
1318,22167,22204,346,6,0.137820303440094,0.04075410217046738,0.596885621547699
1319,22172,21217,1030,3,0.13641595840454102,0.042765937745571136,-0.20274746417999268
1320,22176,22909,550,3,0.13736608624458313,0.04088351130485535,0.2457999289035797
1321,22179,12036,1330,2,0.1387505680322647,0.047862760722637177,-0.4700968861579895
1322,22183,8766,1570,1,0.14573895931243896,0.05091092735528946,-0.7556413412094116
1323,22213,22821,1122,2,0.13768845796585083,0.03913161903619766,-0.26747432351112366
1324,22220,3633,200,3,0.13803575932979584,0.043859198689460754,0.8045659065246582
1325,22231,22957,638,4,0.13644567131996155,0.041562072932720184,0.13175198435783386
1326,22238,10831,100,2,0.14071251451969147,0.046566057950258255,1.1431294679641724
1327,22241,2492,523,3,0.13587802648544312,0.04032984375953674,0.37417882680892944
1328,22254,7779,1215,3,0.13585078716278076,0.04149654880166054,-0.2948131561279297
1329,22290,2920,271,2,0.14742511510849,0.05815201625227928,0.612159252166748
1330,22302,10918,1045,2,0.13964256644248962,0.044259361922740936,-0.10635837912559509
1331,22310,22356,539,2,0.14063236117362976,0.04797869548201561,0.4985296130180359
1332,22315,8077,43,2,0.14368104934692383,0.053318317979574203,1.246321678161621
1333,22331,21276,689,6,0.13888432085514069,0.04208074510097504,0.1820490062236786
1334,22366,18548,843,4,0.1375230997800827,0.04039929062128067,0.011627517640590668
1335,22387,5436,1363,2,0.13981010019779205,0.04557175189256668,-0.5035042762756348
1336,22400,5895,1720,2,0.1437063217163086,0.041252925992012024,-0.8648342490196228
1337,22429,20893,1340,2,0.1387549787759781,0.04411884397268295,-0.46636247634887695
1338,22445,22213,58,8,0.137858584523201,0.04559897631406784,1.7959693670272827
1339,22463,19474,56,2,0.14143027365207672,0.05210455507040024,1.1176576614379883
1340,22482,17922,669,2,0.13835693895816803,0.039621394127607346,0.16459660232067108
1341,22490,22853,618,2,0.1377669721841812,0.042342595756053925,0.2066371738910675
1342,22501,19837,927,4,0.13653354346752167,0.04526573792099953,-0.026370085775852203
1343,22502,13175,1158,2,0.1373632848262787,0.04225124791264534,-0.3555763065814972
1344,22508,13453,1606,4,0.13466165959835052,0.03883732110261917,-0.8031723499298096
1345,22515,6884,117,2,0.13686558604240417,0.041264716535806656,1.004728078842163
1346,22538,12705,966,2,0.1392064243555069,0.04649920016527176,-0.16448913514614105
1347,22628,12592,2,2,0.13919155299663544,0.04850633814930916,2.4367868900299072
1348,22630,5059,34,2,0.1396288275718689,0.0436081625521183,1.8513927459716797
1349,22659,2594,978,3,0.1369708627462387,0.04286644980311394,-0.15889745950698853
1350,22675,23009,655,2,0.13978934288024902,0.04287147521972656,0.11734374612569809
1351,22695,20610,1716,2,0.13802607357501984,0.04015815258026123,-1.2067358493804932
1352,22700,4665,987,2,0.1406460553407669,0.048379965126514435,-0.14794650673866272
1353,22709,3018,367,3,0.13832703232765198,0.04671282693743706,0.5210275053977966
1354,22710,19985,1660,1,0.14189548790454865,0.04251924902200699,-0.8051559329032898
1355,22714,20902,661,3,0.1373055875301361,0.044361378997564316,0.2535668909549713
1356,22731,22913,839,2,0.1403244584798813,0.04054320603609085,-0.034659579396247864
1357,22743,10454,1201,1,0.14779777824878693,0.03711796551942825,-0.2548280656337738
1358,22767,17099,572,3,0.13622041046619415,0.04729703441262245,0.1945250779390335
1359,22774,22018,366,7,0.13797886669635773,0.05175337940454483,0.5807027816772461
1360,22781,9818,1106,2,0.1414802521467209,0.042811229825019836,-0.23484453558921814
1361,22782,7186,222,3,0.1388036608695984,0.05154579132795334,0.8948202729225159
1362,22799,17569,426,7,0.13570711016654968,0.045282766222953796,0.4451196491718292
1363,22827,11953,255,3,0.14274442195892334,0.05719931423664093,0.7586473226547241
1364,22830,21465,344,2,0.13791680335998535,0.03821790590882301,0.5745906829833984
1365,22843,22946,362,2,0.13746234774589539,0.04200931638479233,0.5463336706161499
1366,22849,14716,2,3,0.13843385875225067,0.04668046906590462,2.4342145919799805
1367,22864,4019,1028,4,0.13612189888954163,0.04905422404408455,-0.21447591483592987
1368,22873,22884,1207,2,0.13696061074733734,0.03846272453665733,-0.39697355031967163
1369,22876,19652,1579,2,0.14407038688659668,0.03417158126831055,-0.5730239152908325
1370,22878,16642,677,2,0.14201626181602478,0.04960722476243973,0.15051722526550293
1371,22882,3103,1205,1,0.13807447254657745,0.041173893958330154,-0.3425578474998474
1372,22928,13697,510,3,0.14118286967277527,0.051482271403074265,0.30825233459472656
1373,22929,20978,276,3,0.14442090690135956,0.05819322541356087,0.6995540261268616
1374,22952,2667,157,2,0.13764716684818268,0.03976672887802124,0.7896770238876343
1375,22991,16890,1456,2,0.1377173811197281,0.041635096073150635,-0.6403007507324219
1376,23048,17424,1551,2,0.13990969955921173,0.04527587071061134,-0.6895202994346619
1377,23064,21429,1,2,0.1433815062046051,0.05741693824529648,1.7704336643218994
1378,23074,19594,665,1,0.14582525193691254,0.051242128014564514,0.18475432693958282
1379,23081,2686,2,2,0.1364251673221588,0.043218471109867096,2.7971737384796143
1380,23084,9674,975,4,0.13882486522197723,0.040532153099775314,-0.152911975979805
1381,23090,12939,516,2,0.14179673790931702,0.04880394786596298,0.30382317304611206
1382,23109,8466,383,2,0.1394849270582199,0.04932054877281189,0.4740092158317566
1383,23121,18069,177,3,0.14131121337413788,0.05444063991308212,0.7949569821357727
1384,23122,6718,724,2,0.14338937401771545,0.05085434019565582,0.13573190569877625
1385,23135,4395,16,3,0.1357221156358719,0.049563437700271606,1.7945024967193604
1386,23141,22518,496,2,0.13919487595558167,0.04312034696340561,0.3268755376338959
1387,23175,21615,574,2,0.13653042912483215,0.0407714806497097,0.14750750362873077
1388,23176,22033,1634,2,0.1404472142457962,0.050279513001441956,-0.8514173030853271
1389,23219,22935,515,2,0.14041262865066528,0.04643332213163376,0.2907217741012573
1390,23255,21045,280,1,0.14777255058288574,0.03939999267458916,0.518820583820343
1391,23256,12526,584,2,0.13924485445022583,0.039022691547870636,0.2265988290309906
1392,23269,5491,846,2,0.14437998831272125,0.04341059923171997,0.029059946537017822
1393,23272,23032,981,2,0.13646559417247772,0.04190625995397568,-0.1483161896467209
1394,23323,4371,1480,3,0.13632524013519287,0.040872327983379364,-0.6450120806694031
1395,23341,2758,499,2,0.13799065351486206,0.035151250660419464,0.3339366018772125
1396,23350,16433,143,2,0.13900724053382874,0.045776575803756714,0.9380012154579163
1397,23358,17611,981,2,0.1384091079235077,0.03838489204645157,-0.10167884826660156
1398,23385,20041,173,2,0.14173175394535065,0.04744056612253189,0.8010410070419312
1399,23392,17957,17,2,0.14066080749034882,0.04950125142931938,1.6420152187347412
1400,23442,21500,418,3,0.13637670874595642,0.042386602610349655,0.4914189577102661
1401,23477,9968,253,2,0.13931885361671448,0.0515047088265419,0.6059159636497498
1402,23487,20913,594,2,0.14334070682525635,0.03833608701825142,0.24967774748802185
1403,23488,20040,26,2,0.14648960530757904,0.057374123483896255,1.0519449710845947
1404,23491,19297,299,2,0.1465640664100647,0.05038496479392052,0.5332212448120117
1405,23515,7733,541,1,0.14464303851127625,0.050338007509708405,0.49554717540740967
1406,23535,2814,342,2,0.14138486981391907,0.04260221868753433,0.6144106388092041
1407,23546,9384,869,2,0.1370602697134018,0.04122329503297806,-0.010945945978164673
1408,23551,19895,194,5,0.14042975008487701,0.048121921718120575,0.8314692974090576
1409,23605,14776,674,2,0.13900887966156006,0.04146917164325714,0.17082956433296204
1410,23615,22533,33,2,0.1374131292104721,0.047398410737514496,1.302762746810913
1411,23628,21586,1197,2,0.1381727010011673,0.04209914058446884,-0.28771233558654785
1412,23654,21195,1735,2,0.13675463199615479,0.03891623765230179,-1.2850921154022217
1413,23676,20891,92,2,0.13814009726047516,0.044778238981962204,1.2669551372528076
1414,23682,16818,657,3,0.1356859654188156,0.04521528631448746,0.20419780910015106
1415,23689,20550,1214,2,0.14409710466861725,0.044429961591959,-0.3412468433380127
1416,23729,22966,2,2,0.13790786266326904,0.042302634567022324,3.935457468032837
1417,23731,17888,20,3,0.13788126409053802,0.03944667428731918,1.116565465927124
1418,23758,22059,52,2,0.13803963363170624,0.04227568581700325,1.1675535440444946
1419,23766,4576,1542,3,0.1387587934732437,0.037631452083587646,-0.5932008624076843
1420,23775,17210,1697,2,0.13779622316360474,0.03978778421878815,-0.9291968941688538
1421,23787,22511,971,3,0.13616275787353516,0.04396194592118263,-0.18867507576942444
1422,23810,15983,562,3,0.14225441217422485,0.04499533027410507,0.24674391746520996
1423,23832,20282,523,4,0.1349811553955078,0.044208526611328125,0.291239857673645
1424,23833,11835,701,3,0.1360691636800766,0.044647760689258575,0.18656960129737854
1425,23851,15572,230,3,0.13571347296237946,0.042015500366687775,0.7171252369880676
1426,23853,13239,350,3,0.13545380532741547,0.04230698198080063,0.4913545548915863
1427,23867,3560,1301,2,0.13957655429840088,0.045246753841638565,-0.555701494216919
1428,23876,21895,1336,6,0.14353644847869873,0.0508321188390255,-0.5762393474578857
1429,23913,17805,371,3,0.13999730348587036,0.0475335493683815,0.4608897864818573
1430,23922,17953,7,4,0.14510813355445862,0.05782025679945946,1.5288069248199463
1431,23923,19829,1606,5,0.1399521827697754,0.04326043277978897,-0.9074638485908508
1432,23939,11142,780,2,0.13803566992282867,0.037104532122612,0.014177866280078888
1433,23943,10945,994,5,0.13649368286132812,0.04167623072862625,-0.15756481885910034
1434,23945,3469,943,2,0.13710646331310272,0.035645827651023865,-0.07468961924314499
1435,23953,6193,115,3,0.14138169586658478,0.05715974420309067,0.9998743534088135
1436,23964,12288,926,2,0.14465825259685516,0.03718952834606171,-0.07943523675203323
1437,23974,13314,485,2,0.1369084268808365,0.04371088370680809,0.2528842091560364
1438,23976,11979,1527,2,0.13869407773017883,0.04760144650936127,-0.8031957149505615
1439,23978,13824,569,2,0.14226333796977997,0.0442972406744957,0.2652100622653961
1440,23983,6795,12,2,0.13807150721549988,0.040948428213596344,1.980273962020874
1441,23990,6893,1362,2,0.1395273208618164,0.04617701843380928,-0.39965495467185974
1442,24060,19304,50,2,0.13876858353614807,0.04660075157880783,1.0266529321670532
1443,24075,19361,106,2,0.1372416615486145,0.04119229316711426,1.1972744464874268
1444,24090,9853,246,2,0.13841767609119415,0.04110641032457352,0.7612277865409851
1445,24097,22926,4,2,0.1399812549352646,0.04842714965343475,2.3758397102355957
1446,24100,2978,1765,2,0.1364743411540985,0.034986063838005066,-1.057708978652954
1447,24109,5347,692,3,0.14054083824157715,0.05060121417045593,0.11299975216388702
1448,24119,14264,1645,2,0.13850419223308563,0.03816210851073265,-0.9582006335258484
1449,24125,15827,41,3,0.13978524506092072,0.052019886672496796,1.5917991399765015
1450,24134,15865,331,2,0.14799080789089203,0.050807464867830276,0.5289502143859863
1451,24139,18362,851,2,0.14210519194602966,0.05071704089641571,-0.014335796236991882
1452,24144,11925,46,3,0.14131276309490204,0.049252912402153015,1.4336317777633667
1453,24151,10817,1373,2,0.14068563282489777,0.04217446967959404,-0.5552612543106079
1454,24204,20668,19,2,0.14972780644893646,0.06434997171163559,1.267045259475708
1455,24269,12686,287,2,0.14110185205936432,0.04119644686579704,0.5217459797859192
1456,24285,22346,1116,2,0.13567231595516205,0.040272295475006104,-0.3018381893634796
1457,24299,21798,824,5,0.13600444793701172,0.042438406497240067,-0.021113336086273193
1458,24323,3050,1375,3,0.13849568367004395,0.04228340461850166,-0.4845077097415924
1459,24333,19794,186,2,0.14278560876846313,0.053575947880744934,0.772643506526947
1460,24343,22903,753,3,0.13769342005252838,0.04597332328557968,0.06751183420419693
1461,24369,12617,511,2,0.13792887330055237,0.04137314483523369,0.21328434348106384
1462,24371,6879,348,3,0.14275449514389038,0.05596158653497696,0.5081691741943359
1463,24395,3730,660,3,0.1412126123905182,0.03563990443944931,0.2750828266143799
1464,24398,10401,299,3,0.13622815907001495,0.04583558440208435,0.6445589661598206
1465,24407,3073,214,3,0.13628976047039032,0.04854227229952812,0.748252272605896
1466,24412,22990,257,5,0.13977593183517456,0.04264559596776962,0.6580296754837036
1467,24449,11328,17,2,0.14356303215026855,0.051324423402547836,1.6074955463409424
1468,24480,22939,350,1,0.13892336189746857,0.04218795895576477,0.6455826163291931
1469,24524,16859,620,2,0.1457338184118271,0.05722460150718689,0.2071572244167328
1470,24530,15913,669,2,0.14283713698387146,0.04921189695596695,0.17062142491340637
1471,24544,20503,333,4,0.13462740182876587,0.03952741622924805,0.5704178214073181
1472,24580,3113,4,2,0.13852426409721375,0.0471419058740139,1.5986934900283813
1473,24601,21110,83,2,0.13975918292999268,0.04751903936266899,1.3154568672180176
1474,24616,20312,246,2,0.14638696610927582,0.0471511147916317,0.6845622658729553
1475,24629,11589,264,2,0.1418372392654419,0.05017973482608795,0.6728326678276062
1476,24636,21734,167,7,0.13659073412418365,0.04448097571730614,0.714259922504425
1477,24648,16873,76,3,0.1443646401166916,0.056339383125305176,0.9298850297927856
1478,24652,13175,80,2,0.1403951644897461,0.051108893007040024,1.3478436470031738
1479,24738,20641,701,2,0.14021754264831543,0.04027145355939865,0.17736640572547913
1480,24755,20801,105,3,0.14174914360046387,0.05612777918577194,0.9389708042144775
1481,24836,12657,239,1,0.14336974918842316,0.043270837515592575,0.8814989328384399
1482,24841,19955,382,2,0.14064055681228638,0.05527869239449501,0.5405996441841125
1483,24869,16217,112,2,0.14497379958629608,0.05843096226453781,0.8827663660049438
1484,24911,3188,106,2,0.14221671223640442,0.05033254623413086,1.0033738613128662
1485,24913,20793,791,3,0.1371740847826004,0.04577815532684326,0.047858793288469315
1486,24929,9508,235,4,0.13616681098937988,0.045977044850587845,0.7495481967926025
1487,24977,15619,140,4,0.13561272621154785,0.048236604779958725,1.0169349908828735
1488,24978,3825,954,3,0.14387519657611847,0.04519379884004593,-0.15159857273101807
1489,24995,8537,1120,2,0.14091609418392181,0.0423663854598999,-0.2953782081604004
1490,25069,20803,607,3,0.13650546967983246,0.04226081818342209,0.271342933177948
1491,25110,19052,922,3,0.13763757050037384,0.048770926892757416,-0.03136139363050461
1492,25184,22884,1658,2,0.1405823826789856,0.046596989035606384,-1.0759578943252563
1493,25197,17183,190,1,0.14952552318572998,0.05837350711226463,0.730224072933197
1494,25198,5082,6,1,0.14114104211330414,0.04746878147125244,1.7559127807617188
1495,25245,5847,1755,2,0.14322319626808167,0.04412730783224106,-1.029687523841858
1496,25265,17953,893,3,0.136667400598526,0.04147742688655853,-0.0838557779788971
1497,25268,18542,18,4,0.1376962512731552,0.03989788889884949,1.382502555847168
1498,25289,13001,52,2,0.14166681468486786,0.053366344422101974,1.087333083152771
1499,25300,8410,483,2,0.13769567012786865,0.038930561393499374,0.47193363308906555
1500,25328,13078,975,2,0.13775895535945892,0.03815237432718277,-0.09348777681589127
1501,25329,22355,274,2,0.13830316066741943,0.043080106377601624,0.779890775680542
1502,25337,22252,151,2,0.1371517777442932,0.041481055319309235,0.9793586730957031
1503,25339,19835,1541,3,0.13988102972507477,0.04215220361948013,-0.6427328586578369
1504,25396,19069,804,3,0.14273454248905182,0.04657085984945297,0.00106048583984375
1505,25397,17369,610,3,0.1419428586959839,0.04988917335867882,0.24979671835899353
1506,25407,11829,527,8,0.13869965076446533,0.047815147787332535,0.36187082529067993
1507,25438,21384,371,5,0.13702845573425293,0.046093136072158813,0.5447279810905457
1508,25440,3344,1523,2,0.14112289249897003,0.04890839010477066,-0.7315188050270081
1509,25443,3637,218,2,0.1421913206577301,0.04958142340183258,0.757943332195282
1510,25453,22826,1630,6,0.13847440481185913,0.045388467609882355,-0.8728175163269043
1511,25462,21436,165,2,0.1379779577255249,0.04334540665149689,0.8094107508659363
1512,25485,19663,664,3,0.13539059460163116,0.03838266059756279,0.12710297107696533
1513,25490,20564,959,2,0.13792595267295837,0.04134535789489746,-0.18140065670013428
1514,25492,21146,1340,2,0.13894742727279663,0.04348180443048477,-0.40657922625541687
1515,25518,3726,656,3,0.13981381058692932,0.042611487209796906,0.15172603726387024
1516,25532,3382,439,2,0.13713997602462769,0.0425163209438324,0.4776118993759155
1517,25605,9388,58,3,0.1364804059267044,0.044960543513298035,1.566176176071167
1518,25607,9388,49,3,0.13580067455768585,0.04660724848508835,1.5133622884750366
1519,25609,3396,1250,2,0.1427944451570511,0.03480936586856842,-0.3182346820831299
1520,25612,13511,248,1,0.15160903334617615,0.055988386273384094,0.607215404510498
1521,25629,10362,977,4,0.13609552383422852,0.040130820125341415,-0.12349379062652588
1522,25657,3415,232,3,0.13584807515144348,0.04143853858113289,0.7186866402626038
1523,25658,9868,192,2,0.1395360827445984,0.04188864678144455,0.826331377029419
1524,25687,22642,633,2,0.1384512484073639,0.03808536380529404,0.2562255859375
1525,25689,19835,644,7,0.13532204926013947,0.04326148331165314,0.2587449252605438
1526,25694,22958,6,2,0.13832545280456543,0.0416208915412426,2.1274962425231934
1527,25708,14877,5,3,0.1425119936466217,0.05405128002166748,2.0469164848327637
1528,25714,9384,1471,2,0.1430647075176239,0.04593053460121155,-0.5523132085800171
1529,25771,16586,1,2,0.13955473899841309,0.046033043414354324,2.1397337913513184
1530,25789,3485,1507,4,0.1447364091873169,0.038340821862220764,-0.6347696781158447
1531,25792,15648,12,2,0.14419947564601898,0.05404873192310333,1.3791332244873047
1532,25862,5520,60,4,0.13589344918727875,0.04289679601788521,1.6551557779312134
1533,25867,11106,734,1,0.14424452185630798,0.05526627227663994,0.06264515221118927
1534,25885,22472,822,4,0.1395779848098755,0.042077094316482544,-0.0493665486574173
1535,25900,19526,15,2,0.13835498690605164,0.046254344284534454,1.481689214706421
1536,25938,6195,1004,5,0.13890424370765686,0.044375479221343994,-0.10910320281982422
1537,26003,22144,255,2,0.14524692296981812,0.049114301800727844,0.8323209285736084
1538,26008,3712,1300,6,0.14062674343585968,0.04062492400407791,-0.5129870176315308
1539,26035,6656,395,2,0.13921083509922028,0.04331101104617119,0.3771950304508209
1540,26041,15998,2,2,0.14279761910438538,0.04984564706683159,1.7726342678070068
1541,26065,14871,202,3,0.14523400366306305,0.05878803879022598,0.7673924565315247
1542,26085,21685,1149,2,0.14026392996311188,0.05181581899523735,-0.3019968867301941
1543,26090,20805,1039,2,0.1382688730955124,0.04300844669342041,-0.1674543172121048
1544,26130,19913,697,3,0.14030739665031433,0.03982407972216606,0.15330858528614044
1545,26156,18394,498,6,0.13879676163196564,0.041266195476055145,0.4462674856185913
1546,26202,18061,1288,2,0.1385548710823059,0.040360596030950546,-0.5386109352111816
1547,26209,22929,1238,4,0.13628186285495758,0.046444494277238846,-0.3927595019340515
1548,26220,10861,1024,3,0.1393480747938156,0.0420541986823082,-0.1961439549922943
1549,26230,8044,127,2,0.13982342183589935,0.04329803213477135,0.8453953266143799
1550,26233,6714,243,2,0.1422165185213089,0.0512804239988327,0.6843842267990112
1551,26234,6497,591,2,0.14252671599388123,0.048247165977954865,0.3149263262748718
1552,26241,16198,1394,3,0.13771815598011017,0.04320400953292847,-0.40698158740997314
1553,26247,7447,36,3,0.13617919385433197,0.043139226734638214,1.5026304721832275
1554,26259,23028,38,2,0.13852286338806152,0.0471135750412941,1.116659164428711
1555,26267,22565,606,3,0.13769671320915222,0.0425126850605011,0.2865680456161499
1556,26276,22807,723,2,0.13961337506771088,0.04035188630223274,0.1006138026714325
1557,26299,3595,831,2,0.1372641623020172,0.039654575288295746,-0.019392743706703186
1558,26321,3599,123,2,0.13732655346393585,0.04067772999405861,1.0240037441253662
1559,26349,22714,1537,2,0.1427275687456131,0.05208097770810127,-0.6161925196647644
1560,26368,13598,699,2,0.13728214800357819,0.041533052921295166,0.14273539185523987
1561,26369,6033,1704,2,0.1395595371723175,0.039169199764728546,-1.0629693269729614
1562,26371,10742,505,2,0.14045776426792145,0.03994915634393692,0.3469339907169342
1563,26377,9694,163,5,0.1360616832971573,0.04317184537649155,0.8834470510482788
1564,26387,7373,340,2,0.1398700326681137,0.04847408086061478,0.5721765160560608
1565,26394,13046,5,4,0.13603954017162323,0.043898794800043106,2.7622363567352295
1566,26402,14378,26,3,0.13609202206134796,0.04347195476293564,1.8393223285675049
1567,26406,22574,337,2,0.13648290932178497,0.0405801422894001,0.7427583336830139
1568,26437,19112,1526,2,0.13797681033611298,0.042581621557474136,-0.6925780177116394
1569,26448,19900,120,3,0.14371609687805176,0.06042536720633507,1.010670781135559
1570,26530,5108,455,2,0.14033934473991394,0.047525934875011444,0.44498756527900696
1571,26532,8504,739,2,0.14009764790534973,0.04730149358510971,0.12796606123447418
1572,26534,22821,321,3,0.13725145161151886,0.04039718583226204,0.5895692706108093
1573,26580,9479,10,2,0.14404000341892242,0.049246348440647125,1.7454649209976196
1574,26583,5903,1216,3,0.1353355199098587,0.03805261105298996,-0.4574831426143646
1575,26605,22328,772,5,0.14076437056064606,0.04521254450082779,0.08571577817201614
1576,26628,4387,76,3,0.14180630445480347,0.055174168199300766,1.0960837602615356
1577,26630,22004,605,2,0.14158965647220612,0.05191140994429588,0.2709154486656189
1578,26674,13481,22,2,0.13943959772586823,0.0507308766245842,2.0062389373779297
1579,26690,19767,86,2,0.13869766891002655,0.04491473734378815,0.9469157457351685
1580,26817,21758,1589,2,0.13908003270626068,0.04424578696489334,-0.8367955684661865
1581,26818,18274,48,2,0.14785116910934448,0.06028584763407707,1.015126347541809
1582,26819,3762,611,2,0.14023931324481964,0.04755820333957672,0.23085416853427887
1583,26850,21345,78,3,0.14153340458869934,0.053609512746334076,1.265533208847046
1584,26854,23031,1126,3,0.1363602727651596,0.04334846884012222,-0.3139870762825012
1585,26857,11685,1034,2,0.14347568154335022,0.05786140635609627,-0.08270664513111115
1586,26876,22217,273,3,0.1393151432275772,0.05112052336335182,0.7156565189361572
1587,26886,22892,249,3,0.13579069077968597,0.04356488212943077,0.7545968294143677
1588,26952,12394,570,2,0.13792535662651062,0.04042815417051315,0.26631736755371094
1589,26973,15590,330,2,0.14237166941165924,0.05535684898495674,0.5534073710441589
1590,27003,11829,237,2,0.13788598775863647,0.04674731194972992,0.7269483804702759
1591,27006,22480,29,3,0.1367046982049942,0.045922309160232544,1.3411037921905518
1592,27028,18091,1724,2,0.14008431136608124,0.04585098475217819,-1.3081475496292114
1593,27036,3822,85,3,0.13727208971977234,0.04823724925518036,1.0632822513580322
1594,27046,14483,625,3,0.14148320257663727,0.056585345417261124,0.18679210543632507
1595,27054,15266,1,6,0.1397894024848938,0.03913424536585808,2.674065589904785
1596,27078,20798,407,1,0.14229831099510193,0.03940751403570175,0.8377622961997986
1597,27079,21724,1143,1,0.14229831099510193,0.04355592280626297,-0.5076684951782227
1598,27093,21338,683,1,0.13739578425884247,0.04286511242389679,0.1961492896080017
1599,27126,22144,52,2,0.13776150345802307,0.04379163309931755,1.2878930568695068
1600,27176,21364,239,4,0.1351591795682907,0.041987672448158264,0.8328198194503784
1601,27193,3865,1483,2,0.14401686191558838,0.05113581568002701,-0.6877261400222778
1602,27215,3869,537,2,0.14694984257221222,0.038706399500370026,0.2529336214065552
1603,27234,16763,1449,1,0.14308808743953705,0.03861653059720993,-0.6109031438827515
1604,27261,22929,722,2,0.14034923911094666,0.04678614065051079,0.26342639327049255
1605,27273,22994,844,2,0.14097054302692413,0.03822851926088333,0.0375170037150383
1606,27283,17780,415,3,0.13802945613861084,0.042955704033374786,0.4563539922237396
1607,27284,11696,151,3,0.1372329294681549,0.045039743185043335,0.9454736709594727
1608,27312,13482,1461,3,0.13860735297203064,0.046803660690784454,-0.5407536029815674
1609,27315,21350,13,5,0.13882187008857727,0.04962865635752678,1.9034595489501953
1610,27344,6982,1327,2,0.14131508767604828,0.044945381581783295,-0.4848363995552063
1611,27366,20517,397,5,0.14104676246643066,0.043442483991384506,0.45344579219818115
1612,27385,21350,1601,2,0.13671845197677612,0.04258068650960922,-0.8413786888122559
1613,27392,3947,1360,3,0.13997748494148254,0.039157889783382416,-0.4905827045440674
1614,27396,3948,28,2,0.13793864846229553,0.04340645670890808,1.395513892173767
1615,27417,4170,19,2,0.14204449951648712,0.04248113930225372,1.5484071969985962
1616,27434,5108,1437,2,0.1382756531238556,0.04486788064241409,-0.5668739080429077
1617,27437,3955,1423,2,0.14221681654453278,0.038241803646087646,-0.5936598777770996
1618,27448,22228,33,4,0.1364745944738388,0.0424283966422081,1.6479971408843994
1619,27457,14681,167,2,0.14244920015335083,0.04248740151524544,0.8293062448501587
1620,27465,17843,1057,1,0.13945475220680237,0.03565330430865288,-0.3145630955696106
1621,27509,17976,273,2,0.13943012058734894,0.04003776237368584,0.8279842734336853
1622,27511,10229,1,4,0.13675491511821747,0.04864407703280449,3.4235410690307617
1623,27514,21866,108,2,0.140450119972229,0.06157388910651207,1.2571377754211426
1624,27533,7305,1684,3,0.13811293244361877,0.044952087104320526,-0.9048612117767334
1625,27546,3995,637,2,0.13844233751296997,0.042839281260967255,0.25040021538734436
1626,27551,16772,455,2,0.14505021274089813,0.05963043496012688,0.36132219433784485
1627,27561,10797,813,4,0.13640286028385162,0.04509285092353821,-0.04383629560470581
1628,27584,6314,294,2,0.1421046406030655,0.05177060514688492,0.5520045757293701
1629,27623,4020,444,2,0.14560458064079285,0.0616428405046463,0.42999470233917236
1630,27687,22943,1411,2,0.14208561182022095,0.049753688275814056,-0.47697800397872925
1631,27688,19859,1287,2,0.14032994210720062,0.03937950357794762,-0.3937207758426666
1632,27690,5745,548,4,0.13788306713104248,0.050137877464294434,0.2966451942920685
1633,27691,10077,874,3,0.1368720531463623,0.03974005579948425,-0.06730227917432785
1634,27694,4045,1299,2,0.1421903669834137,0.043096523731946945,-0.4883185625076294
1635,27695,21282,523,3,0.13788117468357086,0.0457242950797081,0.27965569496154785
1636,27723,6269,246,2,0.14375361800193787,0.05227595567703247,0.6797757148742676
1637,27750,12454,1536,2,0.13986670970916748,0.044977959245443344,-0.7501222491264343
1638,27784,19913,1157,2,0.14108911156654358,0.04230264201760292,-0.39889657497406006
1639,27790,22932,497,3,0.13743777573108673,0.042154744267463684,0.2916776239871979
1640,27815,21742,239,2,0.14405663311481476,0.05296503007411957,0.6614663600921631
1641,27868,14417,195,2,0.14142541587352753,0.046187035739421844,0.8920764923095703
1642,27871,4133,621,5,0.13645924627780914,0.048347488045692444,0.23699355125427246
1643,27888,21021,72,2,0.1368844360113144,0.04010353237390518,1.39727783203125
1644,27897,22453,1361,3,0.1368303894996643,0.04511487856507301,-0.5515977740287781
1645,27915,14062,1065,3,0.13867489993572235,0.04911906272172928,-0.18434032797813416
1646,27927,13376,1160,2,0.13881725072860718,0.044070132076740265,-0.3731289803981781
1647,27960,16616,983,2,0.14101070165634155,0.05228675156831741,-0.029069215059280396
1648,27996,18274,418,2,0.13763274252414703,0.045021407306194305,0.46940141916275024
1649,28019,20753,720,2,0.14306208491325378,0.05869651585817337,0.16187511384487152
1650,28052,21446,1004,2,0.1465855985879898,0.043658360838890076,-0.18504197895526886
1651,28056,17693,323,1,0.13835768401622772,0.03950841724872589,0.5152894258499146
1652,28068,10151,171,2,0.1405501514673233,0.046496473252773285,0.989075779914856
1653,28109,6037,4,3,0.13731274008750916,0.04644060134887695,2.244356870651245
1654,28151,6716,1612,2,0.1384701430797577,0.04066260904073715,-0.7935463786125183
1655,28157,19837,664,3,0.1374886929988861,0.04737738519906998,0.26804977655410767
1656,28162,8589,419,3,0.14222612977027893,0.04564172029495239,0.5155977010726929
1657,28164,17122,415,2,0.1501545011997223,0.055936288088560104,0.5206140279769897
1658,28177,4284,997,3,0.1381552815437317,0.04354553669691086,-0.21101625263690948
1659,28212,22701,1266,2,0.1409440040588379,0.04170200228691101,-0.38256391882896423
1660,28219,6020,1045,5,0.1368013471364975,0.04212360084056854,-0.2223421335220337
1661,28222,21758,521,2,0.1410340815782547,0.04762808233499527,0.37361428141593933
1662,28302,15571,1447,3,0.13531680405139923,0.044617991894483566,-0.5781402587890625
1663,28353,8812,278,3,0.13750988245010376,0.044493719935417175,0.6901244521141052
1664,28374,21491,732,3,0.13844434916973114,0.0450485534965992,0.12613539397716522
1665,28390,7170,822,3,0.13712742924690247,0.046254608780145645,0.06872440129518509
1666,28392,4365,1346,3,0.1369532197713852,0.03848627954721451,-0.423137366771698
1667,28403,19563,730,4,0.1367805153131485,0.04030219838023186,0.12289310991764069
1668,28422,15439,167,8,0.139668270945549,0.04358270764350891,1.0044671297073364
1669,28423,22774,247,3,0.1372382640838623,0.056475065648555756,0.7424024939537048
1670,28426,20054,1337,3,0.13638053834438324,0.04007609933614731,-0.5476686358451843
1671,28482,5967,1627,2,0.13830551505088806,0.043929457664489746,-0.9606744647026062
1672,28496,11069,217,2,0.137240931391716,0.04217447340488434,0.8454140424728394
1673,28501,21699,296,3,0.14204199612140656,0.05142452195286751,0.6070734262466431
1674,28504,16291,20,2,0.14305530488491058,0.05179324373602867,1.2078927755355835
1675,28522,21101,1545,1,0.14386041462421417,0.04433514177799225,-0.7149713635444641
1676,28548,17822,139,3,0.13807812333106995,0.05070759356021881,0.8997659683227539
1677,28551,18052,253,2,0.13966035842895508,0.046599604189395905,0.8059026002883911
1678,28556,21338,239,3,0.1399974375963211,0.05039936676621437,0.6722310781478882
1679,28607,6378,1661,2,0.13672161102294922,0.03654440864920616,-0.7625701427459717
1680,28625,20923,1003,2,0.14059683680534363,0.041506439447402954,-0.14168861508369446
1681,28676,4438,602,2,0.13803498446941376,0.04143746942281723,0.3640800714492798
1682,28716,11690,1303,2,0.13847987353801727,0.03824026137590408,-0.4301847219467163
1683,28737,22929,1736,1,0.14630156755447388,0.04958182945847511,-1.0243456363677979
1684,28751,5900,1766,2,0.13687247037887573,0.03907470777630806,-1.5615252256393433
1685,28757,22194,1055,2,0.13763073086738586,0.037521038204431534,-0.22118812799453735
1686,28773,20919,1243,1,0.14801327884197235,0.041675157845020294,-0.28047293424606323
1687,28781,22267,1610,2,0.138824462890625,0.04493002966046333,-0.9042127132415771
1688,28839,21775,1420,2,0.14017553627490997,0.04444434866309166,-0.6795142889022827
1689,28868,16859,254,2,0.13784287869930267,0.045682087540626526,0.7012196779251099
1690,28891,22945,847,5,0.13693776726722717,0.05115261301398277,0.02842526137828827
1691,28902,5963,608,2,0.1397491693496704,0.046007901430130005,0.2599014937877655
1692,28914,10165,853,2,0.14791232347488403,0.039637647569179535,-0.09710074216127396
1693,28938,22772,1546,3,0.142224982380867,0.04189419001340866,-0.6267090439796448
1694,28974,9532,1585,3,0.1355578452348709,0.04141108691692352,-0.7487682700157166
1695,28989,19015,885,1,0.14771385490894318,0.05343501642346382,-0.09842335432767868
1696,29004,17841,49,2,0.13950102031230927,0.04528902471065521,1.247291922569275
1697,29008,23029,334,2,0.13904143869876862,0.045443080365657806,0.6279754638671875
1698,29016,21724,159,2,0.14005722105503082,0.043138306587934494,0.8226734399795532
1699,29075,21624,1,2,0.14297319948673248,0.051249124109745026,1.6840465068817139
1700,29095,4611,567,3,0.135996013879776,0.04197680577635765,0.42870473861694336
1701,29113,21751,722,1,0.14059966802597046,0.03843341022729874,0.23743867874145508
1702,29131,21652,218,2,0.13796186447143555,0.04302774742245674,0.7637344598770142
1703,29138,8021,222,3,0.13905122876167297,0.044236160814762115,0.769234299659729
1704,29152,20082,114,3,0.13573232293128967,0.04311990365386009,1.0342940092086792
1705,29219,15020,1,2,0.13868702948093414,0.04233027249574661,2.1553564071655273
1706,29259,20781,1242,4,0.13786090910434723,0.041742026805877686,-0.3412439525127411
1707,29270,16085,778,1,0.1379041224718094,0.03755687177181244,0.08895403146743774
1708,29287,21915,1299,2,0.1379692405462265,0.0475534051656723,-0.344584196805954
1709,29302,22862,1239,3,0.13604670763015747,0.038652658462524414,-0.39117592573165894
1710,29344,15063,1251,4,0.13574397563934326,0.038003623485565186,-0.4674343168735504
1711,29362,21639,1407,2,0.13858875632286072,0.04101308435201645,-0.535414457321167
1712,29370,22874,1649,2,0.14386959373950958,0.040450096130371094,-0.6578810214996338
1713,29436,19814,1625,2,0.13681864738464355,0.04054711014032364,-0.8349283933639526
1714,29444,9018,677,2,0.13849413394927979,0.04680337756872177,0.08415316045284271
1715,29504,15682,455,3,0.13743291795253754,0.03917505592107773,0.33379724621772766
1716,29509,22228,933,2,0.14166325330734253,0.04145830124616623,-0.1310235857963562
1717,29553,23005,854,2,0.13657622039318085,0.04133198410272598,0.012662999331951141
1718,29689,9075,1755,2,0.1393454223871231,0.0372806116938591,-1.592697262763977
1719,29693,15674,1218,3,0.13697952032089233,0.053708747029304504,-0.35029497742652893
1720,29720,4878,1030,2,0.14654578268527985,0.047021448612213135,-0.21439185738563538
1721,29728,14312,688,2,0.13998983800411224,0.050324514508247375,0.14431530237197876
1722,29729,19837,788,3,0.13551874458789825,0.04312743991613388,0.09877754002809525
1723,29741,9164,7,2,0.13953383266925812,0.04815848544239998,2.998304843902588
1724,29746,22884,112,2,0.1411091387271881,0.05126682668924332,0.9046622514724731
1725,29759,17613,1466,2,0.13810200989246368,0.039242129772901535,-0.5850564241409302
1726,29776,4907,36,2,0.1395236849784851,0.04158264771103859,1.9140472412109375
1727,29780,22826,1434,2,0.1430046707391739,0.04718516021966934,-0.5947979688644409
1728,29791,4920,7,2,0.13886716961860657,0.04503853619098663,1.888575792312622
1729,29798,21775,380,3,0.13694313168525696,0.044094134122133255,0.6196974515914917
1730,29815,22740,571,3,0.1366773545742035,0.045098815113306046,0.21999317407608032
1731,29851,21900,472,3,0.13615091145038605,0.04382561147212982,0.32604077458381653
1732,29857,13106,25,3,0.13684508204460144,0.04347315430641174,1.347037672996521
1733,29888,4952,797,2,0.14171642065048218,0.05246184021234512,0.15416932106018066
1734,29916,22004,852,2,0.138859823346138,0.04480494186282158,-0.0060895755887031555
1735,29935,19454,908,2,0.13838714361190796,0.037352804094552994,-0.03353601694107056
1736,29976,12079,1653,3,0.13917383551597595,0.0435350127518177,-1.1225112676620483
1737,29984,19819,1705,1,0.14825640618801117,0.05224408954381943,-1.0005216598510742
1738,29988,10633,2,2,0.14275449514389038,0.046834446489810944,2.3408074378967285
1739,29997,17122,302,2,0.1416478306055069,0.05418592691421509,0.6768671870231628
1740,30000,21945,1572,2,0.1406894475221634,0.037197720259428024,-0.7201119661331177
1741,30004,22894,1508,2,0.147239089012146,0.032093122601509094,-0.5529173612594604
1742,30135,13821,5,3,0.14446908235549927,0.05980973690748215,1.4394400119781494
1743,30150,19633,183,1,0.14034819602966309,0.04773712158203125,0.9155116081237793
1744,30170,21768,442,2,0.14375746250152588,0.054049234837293625,0.4552397131919861
1745,30202,10890,1081,4,0.1373920738697052,0.04408309981226921,-0.10841217637062073
1746,30229,22932,656,1,0.1397584080696106,0.04150063171982765,0.27520740032196045
1747,30236,22349,327,2,0.14245747029781342,0.048717353492975235,0.5709863305091858
1748,30239,22996,1601,3,0.14020425081253052,0.04517810046672821,-0.9128587245941162
1749,30261,13591,654,2,0.1389417201280594,0.03637786954641342,0.18300700187683105
1750,30263,5137,1510,2,0.14334677159786224,0.04729023575782776,-0.5530252456665039
1751,30303,12630,228,2,0.14044037461280823,0.03747271001338959,0.7551865577697754
1752,30311,17171,579,3,0.1359451860189438,0.0456492081284523,0.2999148666858673
1753,30367,22703,21,1,0.14073669910430908,0.04408818855881691,1.5695254802703857
1754,30371,14534,43,2,0.13762503862380981,0.0414765290915966,1.2371430397033691
1755,30377,19474,364,2,0.14062988758087158,0.047135576605796814,0.42444244027137756
1756,30397,13296,44,2,0.13819976150989532,0.04118019714951515,1.7758369445800781
1757,30398,6105,1474,1,0.1397477239370346,0.04143074154853821,-0.5387310981750488
1758,30423,13448,812,3,0.13834798336029053,0.04890413582324982,0.04874296858906746
1759,30442,19160,482,2,0.13717973232269287,0.04213400185108185,0.3568696081638336
1760,30448,19352,1214,4,0.13603180646896362,0.03998686373233795,-0.2959623336791992
1761,30469,11591,57,2,0.1391279697418213,0.04956629127264023,1.0957973003387451
1762,30568,10403,1736,3,0.13715879619121552,0.040595103055238724,-1.2157469987869263
1763,30634,20376,33,4,0.13612183928489685,0.0423458106815815,1.639084815979004
1764,30668,22837,321,2,0.14595218002796173,0.05053117871284485,0.5977448225021362
1765,30675,20282,1288,2,0.13847512006759644,0.04370501637458801,-0.5457149147987366
1766,30676,18272,1191,2,0.13816286623477936,0.042627736926078796,-0.27137067914009094
1767,30680,18807,488,3,0.13592883944511414,0.04179768264293671,0.5138278007507324
1768,30686,17517,388,3,0.1362307220697403,0.04211217164993286,0.6018937826156616
1769,30723,15850,1248,2,0.13859117031097412,0.04294048994779587,-0.44285184144973755
1770,30737,21505,547,2,0.14051717519760132,0.046616435050964355,0.2828526496887207
1771,30750,16960,821,1,0.14419089257717133,0.039394937455654144,0.0467698872089386
1772,30764,22550,1034,1,0.1421881765127182,0.0462135449051857,-0.24660781025886536
1773,30780,22892,178,1,0.1398136019706726,0.04198042303323746,0.9758251905441284
1774,30826,10817,967,2,0.137059286236763,0.03966684639453888,-0.14492763578891754
1775,30851,20177,619,2,0.14231877028942108,0.04701483994722366,0.18215231597423553
1776,30941,18794,1717,2,0.1422785222530365,0.04711608216166496,-1.209296703338623
1777,30948,21947,9,4,0.136490598320961,0.05423900857567787,3.0113015174865723
1778,30951,22975,215,1,0.14458318054676056,0.04563795030117035,1.035467505455017
1779,30971,7388,489,2,0.13971447944641113,0.04463205486536026,0.3200673460960388
1780,31018,5520,150,4,0.13764441013336182,0.042529091238975525,0.958649218082428
1781,31039,23008,575,1,0.13980460166931152,0.03980635851621628,0.4014890193939209
1782,31060,16627,760,3,0.13731427490711212,0.04896381497383118,0.04218129441142082
1783,31069,15308,688,3,0.13791076838970184,0.0455397367477417,0.16811862587928772
1784,31095,10403,850,3,0.14175142347812653,0.046898044645786285,-0.025981564074754715
1785,31098,21801,159,2,0.14195740222930908,0.050643276423215866,0.8779303431510925
1786,31126,23019,626,3,0.1355946660041809,0.03714247792959213,0.21654295921325684
1787,31144,21429,252,3,0.13759124279022217,0.042417895048856735,0.6432148218154907
1788,31160,19010,1403,2,0.14123062789440155,0.04535404592752457,-0.5526236295700073
1789,31179,22347,1410,3,0.13666149973869324,0.044618383049964905,-0.49857282638549805
1790,31201,21222,566,2,0.13672804832458496,0.03984802961349487,0.3601871132850647
1791,31212,21082,56,1,0.13772714138031006,0.040488101541996,1.6464684009552002
1792,31238,22329,100,3,0.14377082884311676,0.05692810192704201,1.0331355333328247
1793,31240,20604,1687,2,0.14290474355220795,0.039003338664770126,-0.7098230719566345
1794,31242,18151,502,2,0.14026589691638947,0.04511977732181549,0.33986300230026245
1795,31244,15643,1,2,0.13997943699359894,0.04438522085547447,2.639556884765625
1796,31258,9156,829,3,0.13687258958816528,0.045809242874383926,0.05708331614732742
1797,31282,23012,1080,4,0.13747209310531616,0.045629702508449554,-0.23435762524604797
1798,31284,10011,1338,2,0.1410478800535202,0.043458953499794006,-0.4917529821395874
1799,31317,12120,1115,1,0.1441258043050766,0.04286721348762512,-0.213706836104393
1800,31355,16120,835,3,0.13850459456443787,0.05028456076979637,0.022455133497714996
1801,31357,21707,834,3,0.13656115531921387,0.043198201805353165,0.0007492229342460632
1802,31415,22700,253,2,0.14333374798297882,0.05215875059366226,0.745444655418396
1803,31430,19136,302,2,0.13773445785045624,0.04110444709658623,0.7713728547096252
1804,31478,13117,446,2,0.14530865848064423,0.052271194756031036,0.48867303133010864
1805,31494,21351,1446,2,0.14159345626831055,0.04629173129796982,-0.7085574865341187
1806,31523,19746,976,1,0.1421540379524231,0.045841529965400696,-0.03496895730495453
1807,31541,17669,1523,6,0.14107421040534973,0.04274715110659599,-0.7384524941444397
1808,31560,10045,520,2,0.1402604728937149,0.043054863810539246,0.29809150099754333
1809,31563,21489,323,1,0.13768696784973145,0.039297137409448624,0.7320188283920288
1810,31626,14242,79,2,0.13827946782112122,0.0487714521586895,1.158601999282837
1811,31633,18213,1002,4,0.13552044332027435,0.04366862028837204,-0.19590431451797485
1812,31645,12017,1205,2,0.14117971062660217,0.04929438978433609,-0.41694626212120056
1813,31708,20039,262,2,0.1456449180841446,0.06031449884176254,0.5986783504486084
1814,31731,21583,61,3,0.13592848181724548,0.04308401793241501,1.2338299751281738
1815,31742,22182,1528,1,0.13985249400138855,0.04543285071849823,-0.8410865664482117
1816,31771,13037,866,2,0.14034032821655273,0.04046323150396347,-0.07286300510168076
1817,31808,22981,1459,3,0.13688690960407257,0.045215629041194916,-0.5421246290206909
1818,31841,20012,1332,3,0.13649310171604156,0.03983629494905472,-0.5413499474525452
1819,31846,21586,1318,2,0.14014217257499695,0.045424818992614746,-0.5140969753265381
1820,31851,18059,295,3,0.13705094158649445,0.04433292895555496,0.577508270740509
1821,31862,22845,578,2,0.1368655264377594,0.04061605781316757,0.21347478032112122
1822,31912,16518,552,2,0.1397443562746048,0.0444912426173687,0.2824626564979553
1823,31955,22884,862,5,0.13945186138153076,0.05155849829316139,0.025424672290682793
1824,32000,6656,116,2,0.1377088874578476,0.04378416761755943,1.133202075958252
1825,32037,22168,154,3,0.13597145676612854,0.04167437553405762,0.9159529805183411
1826,32046,20666,306,3,0.1374136060476303,0.045445751398801804,0.6658769249916077
1827,32076,13715,696,3,0.13805259764194489,0.059673771262168884,0.01074102520942688
1828,32084,23019,8,2,0.13923557102680206,0.045394886285066605,2.2280120849609375
1829,32097,20793,1154,1,0.13960224390029907,0.04218694567680359,-0.28534746170043945
1830,32143,20683,27,2,0.146201491355896,0.06194605678319931,1.2794867753982544
1831,32196,22935,404,3,0.1361050307750702,0.043482668697834015,0.5145065188407898
1832,32197,20705,35,2,0.1417565643787384,0.04984302073717117,2.0763936042785645
1833,32229,10807,356,2,0.13909178972244263,0.04807005077600479,0.5262410044670105
1834,32255,8810,1474,6,0.13918371498584747,0.04397830367088318,-0.5654110312461853
1835,32284,22703,1352,3,0.1406545639038086,0.04203927516937256,-0.5038509368896484
1836,32310,20333,1047,2,0.14137345552444458,0.04312358796596527,-0.19789321720600128
1837,32318,22116,749,2,0.13720041513442993,0.04795064777135849,0.1653955578804016
1838,32331,8817,752,2,0.1466342955827713,0.04599976912140846,0.011495012789964676
1839,32347,21586,19,4,0.13783080875873566,0.048725783824920654,1.6939854621887207
1840,32379,22017,1224,3,0.13647520542144775,0.04237356409430504,-0.38666948676109314
1841,32400,22787,220,3,0.13606378436088562,0.041103702038526535,0.7657285928726196
1842,32431,18278,1726,1,0.13969926536083221,0.03926033526659012,-1.2870680093765259
1843,32447,20127,769,2,0.13690371811389923,0.04452471435070038,0.07039358466863632
1844,32450,19866,504,1,0.15287970006465912,0.0528336837887764,0.39957860112190247
1845,32452,21356,169,3,0.13716734945774078,0.04649609327316284,1.0262937545776367
1846,32471,21581,749,3,0.1401061713695526,0.04395916312932968,0.015031188726425171
1847,32474,21366,169,5,0.13587352633476257,0.042274970561265945,1.0703954696655273
1848,32485,21368,1006,1,0.1512332409620285,0.04196535795927048,-0.16203323006629944
1849,32494,21417,1517,2,0.13840317726135254,0.0402233824133873,-0.7872638702392578
1850,32506,17112,257,3,0.13754570484161377,0.049776941537857056,0.822261393070221
1851,32539,18180,703,2,0.14313629269599915,0.04809080809354782,0.11702083051204681
1852,32558,13396,1199,2,0.1459885686635971,0.049700282514095306,-0.26072558760643005
1853,32610,20656,493,3,0.1364648938179016,0.04019742086529732,0.4353061318397522
1854,32617,16159,487,3,0.13839687407016754,0.0399390310049057,0.4815743863582611
1855,32625,16653,441,2,0.14033478498458862,0.04894013702869415,0.43450862169265747
1856,32645,21221,3,2,0.13830764591693878,0.04650086909532547,2.8810439109802246
1857,32647,22021,1152,2,0.14267794787883759,0.04582201689481735,-0.40734702348709106
1858,32657,22980,169,3,0.1362471580505371,0.04437888413667679,1.0291988849639893
1859,32663,21736,361,2,0.1399710327386856,0.052216075360774994,0.49707329273223877
1860,32711,10875,150,2,0.13618731498718262,0.03901766985654831,0.9308246970176697
1861,32730,9569,1376,2,0.13690459728240967,0.03577202185988426,-0.5256357192993164
1862,32772,11125,282,5,0.1385985016822815,0.038939885795116425,0.6926464438438416
1863,32847,10411,1263,2,0.13801099359989166,0.04094381630420685,-0.44895946979522705
1864,32860,22973,545,1,0.13964959979057312,0.03989388048648834,0.3038085997104645
1865,32861,14261,1301,1,0.14035512506961823,0.038736358284950256,-0.4582761824131012
1866,32878,19231,389,2,0.1456288844347,0.0544515922665596,0.5371118187904358
1867,32882,16612,1401,3,0.1452741026878357,0.04204990342259407,-0.4877072274684906
1868,32913,22144,154,4,0.1353304237127304,0.04334128275513649,0.9176893830299377
1869,32923,22968,469,2,0.14129222929477692,0.043779537081718445,0.35710060596466064
1870,32956,21060,352,1,0.1395649015903473,0.04480516538023949,0.8680698275566101
1871,32965,21982,694,2,0.13936354219913483,0.04573831707239151,0.145330011844635
1872,32989,17231,198,3,0.14051547646522522,0.04485568776726723,0.891887366771698
1873,32993,21263,114,2,0.143946573138237,0.04957933723926544,0.8208596110343933
1874,33001,20050,3,1,0.13777971267700195,0.04537399858236313,1.6009069681167603
1875,33026,21096,816,1,0.14024394750595093,0.039450932294130325,0.003036385402083397
1876,33027,22997,453,2,0.13938665390014648,0.04064276069402695,0.3824005126953125
1877,33042,22032,242,2,0.13681942224502563,0.041652001440525055,0.6780939102172852
1878,33066,20084,924,2,0.13925567269325256,0.04171587899327278,-0.12154141813516617
1879,33067,23027,801,3,0.13656821846961975,0.04188854247331619,0.012032344937324524
1880,33092,19364,295,2,0.1459265649318695,0.062370941042900085,0.5673050880432129
1881,33093,6874,1772,2,0.1408413052558899,0.037360936403274536,-1.3781585693359375
1882,33102,15006,898,3,0.13657709956169128,0.04365643113851547,0.007450014352798462
1883,33114,22334,443,2,0.13972677290439606,0.05256344750523567,0.5142954587936401
1884,33120,13707,751,2,0.14113502204418182,0.04388779401779175,0.09172604233026505
1885,33146,19786,827,3,0.13503672182559967,0.04255957901477814,-0.04819175601005554
1886,33151,6923,338,2,0.14321087300777435,0.04360054433345795,0.6883243322372437
1887,33158,21568,452,2,0.1374594122171402,0.041524771600961685,0.42926451563835144
1888,33184,22777,1067,2,0.14240752160549164,0.043563708662986755,-0.2171148806810379
1889,33196,6952,679,2,0.13986685872077942,0.04291095212101936,0.15431776642799377
1890,33226,17424,1492,2,0.13945797085762024,0.040144652128219604,-0.6366038918495178
1891,33248,11477,153,2,0.14386844635009766,0.053304288536310196,0.7997676134109497
1892,33281,17232,262,2,0.13830599188804626,0.04632757231593132,0.6684004068374634
1893,33283,21218,119,2,0.1361691653728485,0.045882828533649445,0.9574813842773438
1894,33286,19384,169,1,0.14052650332450867,0.039262108504772186,1.4404828548431396
1895,33324,9209,30,2,0.13801999390125275,0.03941531106829643,1.1450726985931396
1896,33356,21161,1455,6,0.13727355003356934,0.041363202035427094,-0.6102081537246704
1897,33372,22805,425,2,0.13734595477581024,0.04250122979283333,0.49750053882598877
1898,33383,13315,381,3,0.13651563227176666,0.04121166467666626,0.5294978022575378
1899,33417,7080,2,2,0.13804899156093597,0.04179484024643898,1.8892720937728882
1900,33516,10469,12,3,0.1360069066286087,0.041148606687784195,1.6703801155090332
1901,33574,22401,1647,3,0.13578224182128906,0.037054769694805145,-0.8883554339408875
1902,33581,20084,456,2,0.1456853747367859,0.04436401277780533,0.39972755312919617
1903,33614,21230,87,2,0.139632910490036,0.04323095455765724,0.9913678169250488
1904,33619,22957,569,2,0.13849110901355743,0.042252570390701294,0.38611719012260437
1905,33665,13485,1264,2,0.14280709624290466,0.04837249964475632,-0.48942530155181885
1906,33668,15212,19,1,0.14892296493053436,0.04772164672613144,2.2276315689086914
1907,33693,22973,446,3,0.13691475987434387,0.04065738618373871,0.4785102307796478
1908,33694,22273,1355,2,0.13787272572517395,0.04878072813153267,-0.551474392414093
1909,33695,16653,149,2,0.1375376284122467,0.04653531312942505,0.9788059592247009
1910,33723,14172,800,4,0.1389862596988678,0.04777243360877037,0.04261833056807518
1911,33747,22701,316,8,0.13780884444713593,0.043156497180461884,0.6298481225967407
1912,33764,20688,6,2,0.13881158828735352,0.04714225232601166,3.321812629699707
1913,33794,22853,111,3,0.13666781783103943,0.04602426290512085,1.077201247215271
1914,33824,20518,920,4,0.13587293028831482,0.0456329844892025,-0.08206653594970703
1915,33846,16539,290,4,0.1395133137702942,0.042510516941547394,0.6056180000305176
1916,33850,22932,882,2,0.13891994953155518,0.040124762803316116,0.00017652474343776703
1917,33868,18884,1011,3,0.1374472975730896,0.03958544507622719,-0.22122900187969208
1918,33870,7460,275,2,0.14683926105499268,0.05630054324865341,0.6020230054855347
1919,33891,22515,870,1,0.13828399777412415,0.04365457594394684,-0.09554629027843475
1920,33923,22776,87,2,0.13829955458641052,0.04149263724684715,0.9920781254768372
1921,33930,7514,407,2,0.13894401490688324,0.04171311482787132,0.5958292484283447
1922,33944,18094,453,2,0.1384212225675583,0.036279305815696716,0.48365163803100586
1923,33959,23032,1040,3,0.13819551467895508,0.0458855926990509,-0.24499863386154175
1924,33964,14075,223,2,0.13989640772342682,0.04154078662395477,0.8920818567276001
1925,33965,22095,82,5,0.13646629452705383,0.044235799461603165,1.2610275745391846
1926,33997,19251,15,3,0.1400325447320938,0.052686817944049835,1.5846774578094482
1927,33999,21906,502,2,0.14366620779037476,0.04920466989278793,0.3482282757759094
1928,34122,22996,895,2,0.13823775947093964,0.04389762878417969,-0.12471100687980652
1929,34124,23011,1694,2,0.1407323181629181,0.040593698620796204,-1.1050111055374146
1930,34151,22878,1201,3,0.13562284409999847,0.04148714616894722,-0.3914850354194641
1931,34161,17138,80,2,0.14277170598506927,0.055948760360479355,1.2762808799743652
1932,34196,20180,510,3,0.13680802285671234,0.04479140788316727,0.3003769516944885
1933,34217,21626,582,2,0.14018160104751587,0.04630430042743683,0.355325311422348
1934,34221,20362,412,2,0.13932284712791443,0.04157602787017822,0.5802300572395325
1935,34276,14861,75,2,0.1395440250635147,0.04478185996413231,1.244405746459961
1936,34351,20549,342,3,0.13727593421936035,0.04342994838953018,0.49885237216949463
1937,34361,20411,1409,2,0.13657663762569427,0.04443439841270447,-0.5224973559379578
1938,34363,18146,236,2,0.13847580552101135,0.043124668300151825,0.6856933236122131
1939,34366,13989,614,2,0.1388019174337387,0.04423300549387932,0.2809674143791199
1940,34381,22941,102,5,0.13547860085964203,0.04889034479856491,1.1235544681549072
1941,34459,21206,54,3,0.14211741089820862,0.05764902010560036,1.2560561895370483
1942,34477,19825,145,2,0.1407521367073059,0.04890337586402893,0.9772338271141052
1943,34478,15519,989,1,0.14509834349155426,0.03875649720430374,-0.0838262140750885
1944,34491,22834,702,2,0.13879790902137756,0.05403272807598114,0.21936292946338654
1945,34521,15894,1238,3,0.13618971407413483,0.03883013501763344,-0.4210546314716339
1946,34522,9014,1490,2,0.13908664882183075,0.042089030146598816,-0.5799860954284668
1947,34529,16799,218,2,0.13817532360553741,0.045319534838199615,0.6923822164535522
1948,34534,16661,635,2,0.13737496733665466,0.04222772270441055,0.2321632206439972
1949,34544,22997,1399,2,0.1396101415157318,0.045535486191511154,-0.5081407427787781
1950,34565,20711,527,5,0.14448508620262146,0.052765704691410065,0.3577401638031006
1951,34598,14215,1638,6,0.13870707154273987,0.04017772525548935,-0.9947417974472046
1952,34606,22996,1063,2,0.1386813223361969,0.04266156256198883,-0.21709345281124115
1953,34609,13693,1,2,0.1442316472530365,0.06016171723604202,2.2021894454956055
1954,34618,20792,220,2,0.14134931564331055,0.04247528687119484,0.6878621578216553
1955,34631,10393,1285,2,0.1434244066476822,0.042323559522628784,-0.3730143904685974
1956,34636,8171,1235,2,0.1405455768108368,0.03658371418714523,-0.2136976718902588
1957,34643,17369,425,3,0.14473600685596466,0.05445960909128189,0.41487276554107666
1958,34659,19415,580,2,0.13811726868152618,0.04162009805440903,0.2088478058576584
1959,34670,10580,1492,2,0.14188213646411896,0.050360627472400665,-0.6756406426429749
1960,34691,23018,1082,2,0.14186975359916687,0.04528624564409256,-0.20210681855678558
1961,34714,11970,1429,2,0.1409541368484497,0.046932656317949295,-0.5594569444656372
1962,34776,12981,367,2,0.13651026785373688,0.03975020349025726,0.4989239275455475
1963,34831,23021,5,2,0.13849812746047974,0.04363936185836792,1.7086912393569946
1964,34833,18069,162,2,0.14176933467388153,0.05040867254137993,0.7667462825775146
1965,34845,8398,2,4,0.13554291427135468,0.04046941548585892,1.9266517162322998
1966,34849,15381,1336,3,0.13716356456279755,0.043438851833343506,-0.5577957630157471
1967,34858,21757,78,2,0.146469846367836,0.05533166602253914,0.918784499168396
1968,34891,22228,1192,1,0.15140466392040253,0.039871253073215485,-0.27724409103393555
1969,34964,18291,191,2,0.13895049691200256,0.040354933589696884,0.6866873502731323
1970,34971,8529,609,2,0.13686998188495636,0.040347740054130554,0.3098219037055969
1971,34978,11648,147,3,0.138755202293396,0.045611295849084854,0.9120632410049438
1972,34980,22958,1259,2,0.1394851952791214,0.039165131747722626,-0.4726395010948181
1973,35001,17817,35,3,0.13652288913726807,0.044597428292036057,1.3375672101974487
1974,35011,21459,95,2,0.1411857306957245,0.04815133661031723,1.3801288604736328
1975,35071,12749,254,3,0.13955476880073547,0.04624520242214203,0.6164430975914001
1976,35078,17021,1487,2,0.13991527259349823,0.041487663984298706,-0.6082077622413635
1977,35096,21789,12,2,0.14328743517398834,0.05263891816139221,2.0158514976501465
1978,35195,23029,1339,2,0.14511148631572723,0.04725468158721924,-0.49207982420921326
1979,35201,22610,3,2,0.13839350640773773,0.04387908801436424,2.032350540161133
1980,35213,18430,608,2,0.1373043656349182,0.04301588982343674,0.26547953486442566
1981,35271,21992,1096,2,0.13881564140319824,0.0430745929479599,-0.1029997318983078
1982,35273,8916,216,6,0.13836847245693207,0.04241188243031502,0.8789141774177551
1983,35276,21803,337,2,0.14306232333183289,0.05030294507741928,0.569832980632782
1984,35300,15323,570,2,0.13763947784900665,0.04047040641307831,0.2342490553855896
1985,35308,16303,1194,2,0.13818025588989258,0.043947283178567886,-0.38809025287628174
1986,35322,19052,1554,4,0.13758116960525513,0.04788503050804138,-0.8595274090766907
1987,35328,20746,413,3,0.13603143393993378,0.040310703217983246,0.41677016019821167
1988,35336,18362,1572,2,0.13997118175029755,0.04616514593362808,-0.7955220341682434
1989,35344,15932,1572,3,0.1364365518093109,0.039644695818424225,-0.8096088767051697
1990,35386,21751,87,1,0.1427951157093048,0.04588671028614044,1.2302930355072021
1991,35402,19647,1536,1,0.1448204219341278,0.04805301874876022,-0.9295106530189514
1992,35404,21326,1318,3,0.1373533010482788,0.03770008683204651,-0.4051647186279297
1993,35412,20158,770,2,0.13758572936058044,0.04524507373571396,0.025849521160125732
1994,35443,23006,968,4,0.13803033530712128,0.04480788856744766,-0.03279760479927063
1995,35463,12626,1354,1,0.14215658605098724,0.04559597745537758,-0.550719678401947
1996,35466,22603,757,2,0.13818061351776123,0.039447180926799774,0.16502788662910461
1997,35477,19652,1206,2,0.13835257291793823,0.03780088573694229,-0.5125880241394043
1998,35489,16546,617,2,0.14312437176704407,0.05041743069887161,0.3090304732322693
1999,35530,15398,937,2,0.1456277072429657,0.043189652264118195,-0.06988883018493652
2000,35532,13811,415,3,0.13671672344207764,0.04322154074907303,0.385237455368042
2001,35543,21272,1482,2,0.14512531459331512,0.04151540994644165,-0.5563932061195374
2002,35560,21703,181,3,0.1428474485874176,0.059144310653209686,0.8729408383369446
2003,35622,15215,1390,2,0.13900859653949738,0.03483787924051285,-0.6365661025047302
2004,35627,22073,239,1,0.1494394987821579,0.055144648998975754,0.6281466484069824
2005,35685,12544,1183,2,0.13791850209236145,0.046426862478256226,-0.35589343309402466
2006,35705,15633,69,3,0.13971982896327972,0.045793455094099045,1.348369836807251
2007,35707,15339,131,2,0.1368623971939087,0.04108148813247681,1.0085124969482422
2008,35710,23018,1017,1,0.14229752123355865,0.04356832802295685,-0.168380469083786
2009,35716,18548,422,2,0.1379324197769165,0.03750179708003998,0.48218804597854614
2010,35780,21939,302,2,0.1388237029314041,0.04585240036249161,0.6365713477134705
2011,35798,12421,1078,2,0.13891763985157013,0.043651774525642395,-0.14858902990818024
2012,35832,12125,1066,2,0.13873058557510376,0.034646518528461456,-0.24508877098560333
2013,35860,19769,990,2,0.13838060200214386,0.038168057799339294,-0.047910191118717194
2014,35898,12221,1535,2,0.14086869359016418,0.0485081821680069,-0.7120847702026367
2015,35937,10583,355,2,0.13913123309612274,0.04313714802265167,0.6320025324821472
2016,35991,22929,970,2,0.14525827765464783,0.05390352010726929,-0.1093321144580841
2017,35995,20273,1423,3,0.13719476759433746,0.04755472391843796,-0.5927588939666748
2018,36004,21757,390,3,0.14077363908290863,0.0502852126955986,0.45455512404441833
2019,36031,22924,832,2,0.14093925058841705,0.041721586138010025,-0.02091887965798378
2020,36066,21238,1,3,0.14049839973449707,0.05144597589969635,3.233717918395996
2021,36068,21677,620,2,0.14041019976139069,0.04995016008615494,0.2603265047073364
2022,36092,22144,285,2,0.1376360058784485,0.040876202285289764,0.7199753522872925
2023,36170,17476,1039,2,0.13971683382987976,0.03687763214111328,-0.18705256283283234
2024,36229,13928,898,5,0.13721735775470734,0.04205232113599777,-0.035666413605213165
2025,36231,11058,264,2,0.1412515491247177,0.04113512486219406,0.6940330266952515
2026,36243,22545,395,2,0.13683432340621948,0.0447714626789093,0.39345455169677734
2027,36270,15520,630,3,0.13768808543682098,0.04668255150318146,0.2750374674797058
2028,36291,10381,582,2,0.1393745094537735,0.04335206001996994,0.4081459939479828
2029,36303,19375,71,2,0.1371438354253769,0.045362263917922974,1.2244433164596558
2030,36315,10954,1604,2,0.14417767524719238,0.04056144133210182,-0.6849142909049988
2031,36348,22125,858,1,0.139190673828125,0.04189480096101761,-0.03939366340637207
2032,36351,20827,385,2,0.13856108486652374,0.043154433369636536,0.5961286425590515
2033,36363,22945,349,2,0.13735249638557434,0.04377629607915878,0.6949697732925415
2034,36412,22746,523,3,0.14025138318538666,0.05175304040312767,0.3468932509422302
2035,36417,10615,504,1,0.1386784166097641,0.03931140899658203,0.57839435338974
2036,36430,22721,109,2,0.143508642911911,0.0483553372323513,0.962260365486145
2037,36464,11254,457,2,0.1379956752061844,0.04084359109401703,0.49794021248817444
2038,36473,15367,1308,2,0.1375446766614914,0.04509755223989487,-0.44771328568458557
2039,36511,23012,1366,2,0.14529697597026825,0.04402932524681091,-0.49893224239349365
2040,36514,14918,105,4,0.13641570508480072,0.04508184641599655,1.1185179948806763
2041,36634,20046,1063,2,0.14072009921073914,0.04032684862613678,-0.2292782962322235
2042,36668,21789,597,1,0.15071576833724976,0.056331321597099304,0.1977357268333435
2043,36705,23016,39,3,0.13580822944641113,0.0430145189166069,1.4552147388458252
2044,36812,20680,1329,1,0.13967597484588623,0.04161907732486725,-0.49702513217926025
2045,36865,22853,237,3,0.13642272353172302,0.04183535650372505,0.7526136636734009
2046,36879,19112,136,2,0.1462087631225586,0.05716266855597496,0.9638012647628784
2047,36972,22700,278,2,0.13744300603866577,0.03908751159906387,0.6774601936340332
2048,37083,16008,43,2,0.14188680052757263,0.05411310866475105,1.4210253953933716
2049,37086,23009,219,6,0.1383562833070755,0.0429716482758522,0.8412752747535706
2050,37137,14480,928,2,0.138438880443573,0.04412652552127838,-0.18603312969207764
2051,37195,22928,874,2,0.13830000162124634,0.03822089731693268,-0.0962190330028534
2052,37218,20228,260,4,0.13833674788475037,0.04569419473409653,0.6860526204109192
2053,37222,21053,1468,2,0.1412164568901062,0.040411606431007385,-0.6504291296005249
2054,37239,22929,1427,1,0.13819091022014618,0.03628821671009064,-0.5189598202705383
2055,37285,22790,511,1,0.13846828043460846,0.04080548882484436,0.5411295294761658
2056,37293,18675,1395,2,0.1421368569135666,0.047981634736061096,-0.6014492511749268
2057,37294,22144,274,2,0.13911885023117065,0.042266782373189926,0.7313944101333618
2058,37314,19449,1200,2,0.14834490418434143,0.04781501740217209,-0.35603469610214233
2059,37352,15148,74,2,0.13892921805381775,0.04218268021941185,1.3037309646606445
2060,37441,20929,427,3,0.13625936210155487,0.04082096368074417,0.6177666187286377
2061,37533,17157,691,1,0.1458985060453415,0.04251890257000923,0.1412246972322464
2062,37580,20473,400,2,0.14205269515514374,0.045494601130485535,0.5966115593910217
2063,37593,12819,164,2,0.13774660229682922,0.045981720089912415,0.8793999552726746
2064,37619,15342,28,5,0.13702115416526794,0.04436330497264862,1.326969861984253
2065,37657,21380,1727,1,0.1395723968744278,0.04093091934919357,-1.2977025508880615
2066,37684,20070,87,3,0.13664552569389343,0.042718060314655304,1.2669835090637207
2067,37691,22808,843,2,0.13730603456497192,0.04782300814986229,0.061702653765678406
2068,37702,20522,1621,2,0.1378670483827591,0.03933063894510269,-0.9436895847320557
2069,37741,20579,91,2,0.1373215615749359,0.04371359944343567,1.3349277973175049
2070,37749,21078,458,1,0.1468926966190338,0.0461035780608654,0.6634165048599243
2071,37753,17748,161,3,0.14355160295963287,0.04979155585169792,0.7753651142120361
2072,37762,23023,144,2,0.14087384939193726,0.047378577291965485,1.0153660774230957
2073,37764,14774,178,1,0.14291396737098694,0.041583046317100525,1.0830893516540527
2074,38156,22929,1566,2,0.14102382957935333,0.048839010298252106,-0.767132043838501
2075,38264,19559,8,1,0.13832587003707886,0.04652651399374008,1.5566264390945435
2076,38300,22053,40,2,0.13725098967552185,0.04292934015393257,1.272104024887085
2077,38372,22979,374,1,0.14374561607837677,0.04618779197335243,0.6698440909385681
2078,38387,18180,1230,1,0.1444806009531021,0.046934399753808975,-0.36315852403640747
2079,38440,21080,1635,2,0.1403563767671585,0.043411921709775925,-1.1060541868209839
2080,38543,21824,973,2,0.13845276832580566,0.04006391763687134,-0.14434754848480225
2081,38579,16801,691,2,0.13945569097995758,0.03990320488810539,0.19055017828941345
2082,38662,22526,29,2,0.13641142845153809,0.04048668220639229,1.5318074226379395
2083,38671,23002,143,2,0.13865239918231964,0.04619668796658516,1.0247139930725098
2084,38691,22132,747,2,0.14080965518951416,0.045954760164022446,0.1503763496875763
2085,38703,20057,1171,2,0.13725614547729492,0.0391249917447567,-0.35120758414268494
2086,38704,19121,402,2,0.13793730735778809,0.044488370418548584,0.5744345784187317
2087,38757,20758,457,2,0.14102384448051453,0.04727117344737053,0.46804484724998474
2088,38785,20850,208,2,0.13877041637897491,0.04232245311141014,0.7519190311431885
2089,38822,21902,1632,2,0.13913019001483917,0.04534649848937988,-0.8998236060142517
2090,38860,22681,1238,1,0.14996586740016937,0.04579365625977516,-0.34451383352279663
2091,38886,15708,139,3,0.14029210805892944,0.04156794771552086,1.0214509963989258
2092,38903,21460,6,2,0.13850127160549164,0.04752121493220329,1.7663986682891846
2093,38938,20376,3,1,0.1377146691083908,0.04244223237037659,2.385599374771118
2094,39254,22790,757,3,0.13689842820167542,0.040067028254270554,0.17379581928253174
