row_id,user,target,rank,history_length,predicted_stay,target_stay_similarity,target_score
0,17,22665,1148,2,0.03079957515001297,0.02589004673063755,-0.2818083167076111
1,29,22642,450,10,0.03140867501497269,0.02580178715288639,0.5071205496788025
2,31,22893,635,6,0.031422872096300125,0.028602533042430878,0.1993303745985031
3,45,23031,660,2,0.03174266591668129,0.028629519045352936,0.10330961644649506
4,53,7596,99,6,0.031753476709127426,0.0345170721411705,1.3667194843292236
5,55,21826,489,2,0.031026100739836693,0.02957635559141636,0.30201083421707153
6,80,6054,1450,2,0.03026026114821434,0.027407750487327576,-0.6198936700820923
7,87,16756,388,3,0.0317717045545578,0.03232130408287048,0.4765261709690094
8,112,8,221,2,0.03270459920167923,0.033165086060762405,0.7558934688568115
9,152,22453,518,2,0.030196670442819595,0.025796059519052505,0.3627203702926636
10,161,9983,1512,4,0.03095368854701519,0.029565587639808655,-0.6102297902107239
11,183,23032,815,5,0.03261822462081909,0.03158292919397354,0.013007581233978271
12,205,2528,583,2,0.03189842030405998,0.026978258043527603,0.2234223186969757
13,226,41,497,3,0.03086250275373459,0.02838931977748871,0.508816123008728
14,239,11170,45,2,0.03205578029155731,0.03356902301311493,1.2636181116104126
15,252,4668,25,2,0.03061249665915966,0.028224028646945953,1.3387043476104736
16,291,6572,570,3,0.031247079372406006,0.028214460238814354,0.22809746861457825
17,323,1062,1723,2,0.03049885481595993,0.026292499154806137,-0.9103088974952698
18,335,4501,1350,3,0.031015077605843544,0.028513770550489426,-0.4139412045478821
19,352,19666,157,2,0.030728654935956,0.02799753099679947,1.0539495944976807
20,367,21826,684,3,0.03243841975927353,0.028096484020352364,0.10344111174345016
21,396,22052,787,10,0.032066017389297485,0.028386788442730904,0.16052016615867615
22,407,22018,325,2,0.03131699934601784,0.02954583615064621,0.5403438806533813
23,420,23009,248,2,0.03203658014535904,0.031186841428279877,0.6465717554092407
24,427,21170,510,2,0.03055502288043499,0.028243472799658775,0.374295175075531
25,442,7239,96,3,0.03142978250980377,0.03452593833208084,1.1868741512298584
26,444,21451,3,2,0.030298316851258278,0.026937764137983322,1.7388643026351929
27,452,2064,790,3,0.030846966430544853,0.027994206175208092,0.059365164488554
28,453,19378,1001,2,0.030697083100676537,0.025749698281288147,-0.1508641391992569
29,464,4689,905,2,0.030733510851860046,0.025888029485940933,-0.0404190868139267
30,488,21586,1477,3,0.03219000995159149,0.028777580708265305,-0.6954542994499207
31,501,19594,1,3,0.033633701503276825,0.03953779861330986,3.0913782119750977
32,504,2461,259,3,0.030938418582081795,0.02687199041247368,0.5978898406028748
33,525,17654,1688,3,0.03082394227385521,0.02410310134291649,-1.15514075756073
34,527,19870,1150,3,0.032764263451099396,0.03316858410835266,-0.33089932799339294
35,544,10495,244,2,0.031441666185855865,0.034026890993118286,0.7009690403938293
36,549,14862,31,1,0.03314311057329178,0.03701002895832062,1.0005059242248535
37,552,335,583,2,0.032014790922403336,0.02996654063463211,0.18202710151672363
38,554,30,693,3,0.03087119571864605,0.028548508882522583,0.1547585427761078
39,557,3111,850,5,0.03165677189826965,0.031759921461343765,0.0412256196141243
40,567,23026,508,7,0.03180227428674698,0.03145311772823334,0.41757285594940186
41,570,22330,676,8,0.030399978160858154,0.03656136617064476,0.16088441014289856
42,574,31,1446,2,0.031078245490789413,0.029455747455358505,-0.522725522518158
43,575,32,387,2,0.03077857382595539,0.02924061007797718,0.5166115760803223
44,581,9265,329,2,0.03124839812517166,0.028370022773742676,0.5345577597618103
45,593,16348,642,7,0.03134121000766754,0.03057168796658516,0.23076629638671875
46,611,16050,1167,10,0.031161751598119736,0.02746434509754181,-0.3528042435646057
47,625,3518,1521,7,0.03126152977347374,0.03128216415643692,-0.6721233129501343
48,630,20548,1523,2,0.030579637736082077,0.02662186324596405,-0.6591113209724426
49,637,36,135,3,0.031535279005765915,0.027823597192764282,1.033295750617981
50,650,19094,1627,1,0.032552655786275864,0.027233535423874855,-0.8909578323364258
51,664,10306,465,2,0.030461685732007027,0.027056347578763962,0.37435054779052734
52,665,16079,110,1,0.031343672424554825,0.029325246810913086,1.1229174137115479
53,669,3575,591,4,0.03135539963841438,0.028575895354151726,0.26991474628448486
54,749,22890,209,7,0.031982164829969406,0.02701336145401001,0.8443869352340698
55,778,6693,591,3,0.031173551455140114,0.03162379935383797,0.27908533811569214
56,839,15852,341,1,0.035993125289678574,0.03595776855945587,0.653510570526123
57,852,18811,1178,3,0.031239233911037445,0.026104260236024857,-0.2791208326816559
58,855,3420,562,4,0.030442947521805763,0.02698466368019581,0.30467501282691956
59,857,2150,847,9,0.02994845062494278,0.027816466987133026,0.08794659376144409
60,867,21936,999,1,0.030759215354919434,0.025124799460172653,-0.11222448945045471
61,899,15381,1603,2,0.03050067089498043,0.02524525299668312,-0.7467840909957886
62,900,20703,944,3,0.03200428932905197,0.029812274500727654,-0.08411256223917007
63,913,17450,1680,2,0.031861040741205215,0.02551378309726715,-0.9072915315628052
64,929,50,443,2,0.030954718589782715,0.026199668645858765,0.4047483205795288
65,943,9665,1607,6,0.031103087589144707,0.02554132044315338,-0.8686482310295105
66,947,22007,765,2,0.030694128945469856,0.02819519303739071,0.05888104438781738
67,948,21372,1363,5,0.03088577464222908,0.02579037845134735,-0.5081371665000916
68,963,18233,14,5,0.030814427882432938,0.026507550850510597,1.6919395923614502
69,980,21904,934,10,0.031035520136356354,0.027314424514770508,-0.033308595418930054
70,1021,20072,1513,2,0.03321702778339386,0.02700032666325569,-0.6404166221618652
71,1022,5390,290,8,0.030748190358281136,0.029093530029058456,0.7429268956184387
72,1042,16559,1748,2,0.03080194629728794,0.02416803315281868,-1.2088191509246826
73,1045,21489,144,3,0.031006526201963425,0.027232816442847252,0.88968425989151
74,1084,7111,90,4,0.030750347301363945,0.028486093506217003,1.191062331199646
75,1086,13086,258,3,0.030365729704499245,0.026123683899641037,0.5873189568519592
76,1093,17474,1368,4,0.030357860028743744,0.026927988976240158,-0.4835107922554016
77,1099,4944,1335,3,0.030592869967222214,0.027242759242653847,-0.5101089477539062
78,1100,20057,1113,2,0.03190331906080246,0.029359959065914154,-0.35725435614585876
79,1101,12982,392,10,0.031245186924934387,0.027470117434859276,0.6185330152511597
80,1109,7276,1203,8,0.03157692775130272,0.03818206116557121,-0.3756256699562073
81,1118,13004,907,2,0.03125660493969917,0.028623104095458984,-0.06006959080696106
82,1132,7828,391,4,0.030604777857661247,0.02784360758960247,0.4980376362800598
83,1133,373,264,2,0.030962960794568062,0.02710454910993576,0.7041323184967041
84,1162,15423,403,2,0.03153901547193527,0.026413921266794205,0.3919289708137512
85,1172,5521,934,3,0.03251263126730919,0.02983325533568859,-0.07777909189462662
86,1177,13059,690,6,0.030654817819595337,0.03173559159040451,0.18780870735645294
87,1184,8459,172,7,0.031199626624584198,0.027860647067427635,0.8713815212249756
88,1185,21451,479,5,0.030507223680615425,0.02610563114285469,0.3739410936832428
89,1196,67,359,2,0.032145094126462936,0.030303670093417168,0.572160005569458
90,1202,11276,1224,2,0.03181825205683708,0.031851984560489655,-0.3499099910259247
91,1211,3016,1692,3,0.03150619566440582,0.03154582530260086,-0.8471760153770447
92,1217,22845,176,4,0.0307904239743948,0.02751992642879486,1.0301393270492554
93,1226,4083,183,7,0.03135190159082413,0.027938006445765495,0.7856427431106567
94,1230,10413,261,4,0.03093932382762432,0.027996638789772987,0.5862458944320679
95,1279,23008,669,10,0.031327489763498306,0.027043603360652924,0.2624777555465698
96,1281,20992,1000,1,0.029910489916801453,0.025385914370417595,-0.2591186761856079
97,1284,9598,10,5,0.03067139908671379,0.030149098485708237,1.6875871419906616
98,1304,13392,683,3,0.03159471973776817,0.026244087144732475,0.22127121686935425
99,1307,21983,555,3,0.03277342766523361,0.02859010547399521,0.346724271774292
100,1326,5814,1327,2,0.0302274227142334,0.027690954506397247,-0.3751581311225891
101,1337,3515,649,3,0.031020058318972588,0.027467403560876846,0.23082652688026428
102,1369,22007,394,10,0.031459130346775055,0.02885746955871582,0.513441264629364
103,1372,20668,1402,5,0.03132336959242821,0.028663568198680878,-0.46659964323043823
104,1373,18656,809,8,0.03082733415067196,0.031258851289749146,0.0918913185596466
105,1380,270,766,3,0.030461883172392845,0.028890445828437805,0.1301354169845581
106,1418,11812,1333,4,0.030587822198867798,0.027888046577572823,-0.41551220417022705
107,1432,10011,1622,2,0.030036361888051033,0.027368441224098206,-0.815967857837677
108,1437,17496,1045,3,0.03119070641696453,0.02985851839184761,-0.07427623867988586
109,1445,628,1560,3,0.03140781447291374,0.026353470981121063,-0.7022842168807983
110,1454,15337,1455,2,0.0321168527007103,0.03257724270224571,-0.8090646266937256
111,1476,11968,953,2,0.030988523736596107,0.03125075250864029,-0.14726004004478455
112,1481,19454,46,2,0.031595394015312195,0.03251373767852783,1.0327093601226807
113,1501,1510,1361,2,0.030687693506479263,0.026049036532640457,-0.4641628563404083
114,1517,2240,109,2,0.030800893902778625,0.02915499359369278,0.8152961134910583
115,1525,19093,441,2,0.030887335538864136,0.0267769955098629,0.617281973361969
116,1574,5187,1315,4,0.03105609118938446,0.027061834931373596,-0.4077908396720886
117,1583,19186,10,2,0.03176652640104294,0.03204819932579994,1.4208815097808838
118,1601,16414,630,2,0.030483245849609375,0.026161450892686844,0.252361536026001
119,1614,85,1428,2,0.03163288161158562,0.02884802594780922,-0.47871890664100647
120,1617,85,895,5,0.030978506430983543,0.026567533612251282,-0.013060897588729858
121,1624,21350,636,10,0.03143076226115227,0.028952889144420624,0.24202066659927368
122,1626,8303,1327,10,0.03192829713225365,0.026244591921567917,-0.5188473463058472
123,1639,16850,1431,3,0.030563144013285637,0.027689998969435692,-0.5970668792724609
124,1648,2282,85,2,0.030930614098906517,0.030629891902208328,1.0152645111083984
125,1723,1862,1239,3,0.031223081052303314,0.030238144099712372,-0.3861728608608246
126,1743,23032,1106,8,0.03083967976272106,0.029998481273651123,-0.30283722281455994
127,1765,17957,423,4,0.031634051352739334,0.028874821960926056,0.4861809313297272
128,1766,22217,490,8,0.03064005635678768,0.03190638870000839,0.40652528405189514
129,1798,21218,230,3,0.031013181433081627,0.031236393377184868,0.6957687139511108
130,1818,13145,1669,1,0.03086588904261589,0.0225601214915514,-0.8450669646263123
131,1826,19653,250,1,0.031661201268434525,0.03177936375141144,0.8135431408882141
132,1829,3843,1438,3,0.032609954476356506,0.033004987984895706,-0.6482751369476318
133,1830,23014,7,5,0.03253767639398575,0.036086924374103546,2.655320644378662
134,1846,18838,313,1,0.033410921692848206,0.03359251841902733,0.640192449092865
135,1860,13318,1463,4,0.030595339834690094,0.02570560947060585,-0.5502575635910034
136,1885,13115,228,3,0.03134409710764885,0.02626108005642891,0.7223806977272034
137,1890,9168,827,5,0.031264159828424454,0.029649915173649788,0.019388847053050995
138,1929,5599,1569,10,0.03131667152047157,0.027872299775481224,-0.7886567711830139
139,1936,108,963,3,0.031346000730991364,0.02554614469408989,-0.11924203485250473
140,1939,108,182,2,0.03209274634718895,0.025467362254858017,0.9192141890525818
141,1940,21981,780,4,0.030623575672507286,0.028385300189256668,0.05741039663553238
142,1951,20719,1041,5,0.03124127723276615,0.028919972479343414,-0.20651324093341827
143,2002,3811,1384,2,0.031262584030628204,0.024645254015922546,-0.44370248913764954
144,2017,7390,784,3,0.03127512335777283,0.02813403308391571,0.04452139884233475
145,2023,7583,358,1,0.03245849534869194,0.025924202054739,0.515383780002594
146,2028,712,346,8,0.030989790335297585,0.03135290741920471,0.6534724235534668
147,2049,18465,1757,3,0.031185448169708252,0.029490027576684952,-1.3941527605056763
148,2063,21703,120,4,0.03160455822944641,0.03524221107363701,0.876052737236023
149,2092,16740,1685,2,0.030894102528691292,0.030482323840260506,-0.8856961727142334
150,2097,13065,713,4,0.0310552716255188,0.026756763458251953,0.11784527450799942
151,2099,4650,1531,2,0.03145129978656769,0.025042150169610977,-0.6404038667678833
152,2102,6517,1463,2,0.03079608827829361,0.02850431762635708,-0.5279757976531982
153,2146,20781,1704,2,0.031643129885196686,0.028098400682210922,-0.9308452606201172
154,2215,3079,417,2,0.03261348232626915,0.0297282375395298,0.4564436972141266
155,2227,11051,408,3,0.03194868564605713,0.032678842544555664,0.42702510952949524
156,2233,22792,636,2,0.0306229405105114,0.028660286217927933,0.23885059356689453
157,2245,22478,1095,6,0.030870167538523674,0.03074019029736519,-0.23773448169231415
158,2247,22592,960,2,0.03398823365569115,0.03365454077720642,-0.10443922132253647
159,2252,4026,656,2,0.03227987140417099,0.029199175536632538,0.11195863783359528
160,2266,15149,455,2,0.03113844431936741,0.02654213085770607,0.42095744609832764
161,2269,2719,1414,10,0.03174861520528793,0.03614279255270958,-0.6411844491958618
162,2291,9686,476,2,0.030892930924892426,0.02800104394555092,0.4013287127017975
163,2300,21919,1667,3,0.03181377053260803,0.023172669112682343,-0.7578228116035461
164,2305,22821,1094,5,0.03170178085565567,0.028435062617063522,-0.22004657983779907
165,2318,20407,26,2,0.03176187723875046,0.031537264585494995,1.7665197849273682
166,2336,124,835,2,0.03158986568450928,0.026631787419319153,0.016437184065580368
167,2346,461,944,2,0.031162204220891,0.026864204555749893,-0.12805873155593872
168,2348,14020,721,2,0.030878812074661255,0.025175487622618675,0.07682764530181885
169,2364,128,1621,2,0.03217129409313202,0.0341898612678051,-0.954092264175415
170,2367,6058,622,5,0.03192175552248955,0.027530604973435402,0.27326488494873047
171,2387,21399,719,2,0.030635472387075424,0.027352822944521904,0.10873739421367645
172,2423,134,1138,1,0.03252486139535904,0.02759578451514244,-0.24126148223876953
173,2449,741,806,3,0.031005242839455605,0.03055514767765999,0.026834210380911827
174,2478,16064,319,2,0.03137031942605972,0.025759348645806313,0.5686845779418945
175,2488,11596,885,2,0.031994082033634186,0.025111563503742218,-0.04337833821773529
176,2494,21406,203,3,0.031330566853284836,0.02711699903011322,0.737365186214447
177,2496,143,612,3,0.031598012894392014,0.03423101082444191,0.1807956099510193
178,2526,17229,271,4,0.032557737082242966,0.031645599752664566,0.6216963529586792
179,2554,23007,553,4,0.030944600701332092,0.029051523655653,0.43305397033691406
180,2584,22956,295,2,0.03076772764325142,0.026739783585071564,0.6888368725776672
181,2586,19865,363,4,0.03135053440928459,0.02776036225259304,0.6606372594833374
182,2591,21520,351,1,0.03279947489500046,0.028023507446050644,0.4153198003768921
183,2599,19333,1652,3,0.03062361851334572,0.02745864912867546,-0.8705121874809265
184,2613,20525,1070,5,0.0318622887134552,0.03128708899021149,-0.1970401406288147
185,2619,153,1689,3,0.032896820455789566,0.030768752098083496,-0.7904757261276245
186,2639,22995,95,3,0.03140765056014061,0.02809540554881096,1.1392203569412231
187,2651,295,1478,4,0.03166257590055466,0.031707532703876495,-0.6017780900001526
188,2670,17953,1531,3,0.0306925717741251,0.028534045442938805,-0.6769603490829468
189,2673,15308,1309,4,0.0307893268764019,0.029107673093676567,-0.3897913694381714
190,2680,20055,224,2,0.03161804378032684,0.03075401298701763,0.659263551235199
191,2701,6217,1527,2,0.03128667548298836,0.031575653702020645,-0.7823182344436646
192,2708,13558,1714,4,0.0324857234954834,0.02939591556787491,-1.1382946968078613
193,2712,13216,459,2,0.031391438096761703,0.029430516064167023,0.3541775941848755
194,2760,14821,257,8,0.03020286001265049,0.02913559041917324,0.6089572310447693
195,2765,20927,1623,5,0.031058961525559425,0.030340813100337982,-0.8150314092636108
196,2780,17472,1209,2,0.030584678053855896,0.02413604035973549,-0.4044400453567505
197,2792,696,1325,2,0.031764108687639236,0.03227459639310837,-0.45745208859443665
198,2802,20054,1348,3,0.031457554548978806,0.026187868788838387,-0.42287930846214294
199,2812,18065,577,5,0.03135581314563751,0.028328893706202507,0.2793732285499573
200,2825,14965,1303,8,0.030748276039958,0.02459973469376564,-0.4743386507034302
201,2847,20872,567,2,0.03087238222360611,0.027121149003505707,0.32021647691726685
202,2854,17132,1104,9,0.02982756495475769,0.033762283623218536,-0.20548419654369354
203,2884,8264,1536,6,0.031070657074451447,0.02635577693581581,-0.7392094135284424
204,2909,14572,107,3,0.030305853113532066,0.02897278219461441,1.0482921600341797
205,2913,21384,79,3,0.03088732808828354,0.02912185899913311,1.0106453895568848
206,2914,20848,116,2,0.03038419969379902,0.026526818051934242,0.9050185680389404
207,2931,23014,1349,4,0.03110826201736927,0.032516270875930786,-0.5690107941627502
208,2939,21319,340,8,0.030593890696763992,0.029964283108711243,0.5809992551803589
209,2949,22802,116,2,0.03042147122323513,0.02757929265499115,0.9097661375999451
210,2952,626,23,5,0.03163706138730049,0.037660010159015656,1.5676286220550537
211,2964,21758,1347,2,0.031291212886571884,0.023947682231664658,-0.4021543860435486
212,2990,712,1448,10,0.030909638851881027,0.02641507238149643,-0.7076417207717896
213,3069,1898,1474,2,0.03150229528546333,0.02750902809202671,-0.6931744813919067
214,3088,180,1377,4,0.0313548818230629,0.024126768112182617,-0.5204922556877136
215,3099,21101,1594,2,0.0304424911737442,0.027122534811496735,-0.6781312227249146
216,3103,5796,101,2,0.03124127723276615,0.030686449259519577,1.0943135023117065
217,3147,21115,669,3,0.031003644689917564,0.02921488881111145,0.22093605995178223
218,3164,20069,767,2,0.030459150671958923,0.028093302622437477,0.15434876084327698
219,3173,4423,580,5,0.03079035133123398,0.030323676764965057,0.39040032029151917
220,3183,20635,1258,3,0.0312560573220253,0.03080974891781807,-0.44612106680870056
221,3200,14473,1370,3,0.03123212791979313,0.032145604491233826,-0.5123443007469177
222,3224,6171,10,2,0.03370225802063942,0.04593305662274361,2.0729832649230957
223,3230,4205,1705,2,0.031254369765520096,0.036219798028469086,-0.8521212339401245
224,3250,1145,358,2,0.030608318746089935,0.0300355963408947,0.5646349787712097
225,3274,7367,11,5,0.031729910522699356,0.031446684151887894,1.9227476119995117
226,3287,21297,43,2,0.0315595380961895,0.03005620650947094,1.585866928100586
227,3289,22998,1295,6,0.03129693865776062,0.027008406817913055,-0.40284204483032227
228,3305,4581,352,2,0.03136105090379715,0.034587740898132324,0.6429605484008789
229,3370,3382,627,2,0.03127681463956833,0.028323549777269363,0.2045757919549942
230,3394,22217,1171,3,0.030487723648548126,0.02997136488556862,-0.24752004444599152
231,3413,8526,948,3,0.030628500506281853,0.02747953124344349,-0.13566233217716217
232,3436,20596,1515,2,0.031154559925198555,0.030150873586535454,-0.6801519393920898
233,3438,13856,970,3,0.031594619154930115,0.026395119726657867,-0.0569765567779541
234,3453,21768,1661,2,0.030543508008122444,0.025767594575881958,-0.7695714831352234
235,3459,4431,255,4,0.03208436071872711,0.03171306848526001,0.6705271005630493
236,3464,6797,1267,2,0.032902054488658905,0.023717401549220085,-0.37404322624206543
237,3472,7196,13,4,0.030937526375055313,0.02654629573225975,1.8329676389694214
238,3473,20837,682,2,0.03064131736755371,0.02603299170732498,0.1197027862071991
239,3486,2466,1359,2,0.03145822882652283,0.023773174732923508,-0.4597398638725281
240,3489,11179,942,3,0.03118325211107731,0.02730695530772209,-0.0355963259935379
241,3496,201,251,5,0.03081515058875084,0.027923665940761566,0.6801718473434448
242,3498,17014,1310,2,0.03013526275753975,0.022662125527858734,-0.42567020654678345
243,3503,17476,1169,3,0.03177125006914139,0.023876577615737915,-0.29502126574516296
244,3506,14490,488,3,0.031065331771969795,0.028944022953510284,0.5093010067939758
245,3507,21391,802,10,0.03108503296971321,0.02811516262590885,0.17596137523651123
246,3556,5459,39,1,0.03206459805369377,0.03981476277112961,1.2145954370498657
247,3569,203,648,6,0.030829252675175667,0.028479227796196938,0.15658888220787048
248,3576,953,464,3,0.0309577826410532,0.029829412698745728,0.4457803964614868
249,3597,4066,1188,2,0.03229843080043793,0.02435755357146263,-0.29745224118232727
250,3614,20924,1,2,0.03002735786139965,0.029760614037513733,1.7731589078903198
251,3661,22590,11,4,0.032422881573438644,0.03392879664897919,1.8151869773864746
252,3664,10666,1535,2,0.030678430572152138,0.028972705826163292,-0.6609585881233215
253,3666,22821,47,2,0.031805623322725296,0.029793933033943176,1.4802441596984863
254,3680,213,861,2,0.03023560158908367,0.025137845426797867,0.023117557168006897
255,3696,6927,228,2,0.032484859228134155,0.03196439519524574,0.742850124835968
256,3712,21442,128,4,0.030926695093512535,0.026805933564901352,0.9514580965042114
257,3751,20283,875,3,0.031489938497543335,0.025299347937107086,-0.00908302329480648
258,3752,1660,164,10,0.030851714313030243,0.026973608881235123,0.9080909490585327
259,3758,4408,1309,4,0.03155834227800369,0.03546111285686493,-0.5099737644195557
260,3785,4593,530,4,0.03170565888285637,0.02632702887058258,0.35152000188827515
261,3803,11897,90,3,0.030810652300715446,0.02975664846599102,1.1176203489303589
262,3812,20298,857,10,0.03128955140709877,0.028485476970672607,0.010108023881912231
263,3817,16990,92,2,0.032100941985845566,0.03226611390709877,0.8981995582580566
264,3836,3466,1024,2,0.03233097121119499,0.024286966770887375,-0.18896037340164185
265,3838,8505,801,3,0.030826544389128685,0.028405753895640373,0.10042143613100052
266,3870,6110,1769,2,0.031609125435352325,0.033503323793411255,-1.311480164527893
267,3877,226,384,2,0.031664010137319565,0.03193693980574608,0.44866323471069336
268,3890,21147,30,6,0.030275696888566017,0.026334097608923912,1.8597888946533203
269,3899,8178,808,2,0.030951587483286858,0.0318821556866169,0.004426479339599609
270,3906,3144,1114,3,0.03101201169192791,0.028153952211141586,-0.15576279163360596
271,3908,15848,1314,10,0.031087830662727356,0.02600499801337719,-0.5385206937789917
272,3919,12220,382,2,0.031121449545025826,0.028475476428866386,0.499435156583786
273,3921,6764,85,2,0.031058644875884056,0.035509660840034485,1.0000450611114502
274,3930,21884,604,2,0.03236237168312073,0.034788742661476135,0.3082590103149414
275,3934,234,1019,3,0.031440481543540955,0.02436598390340805,-0.20597673952579498
276,3982,3998,236,1,0.03151220083236694,0.0289833415299654,0.709672749042511
277,3993,4446,1140,3,0.030723825097084045,0.026830602437257767,-0.30447500944137573
278,3998,7799,989,4,0.030972039327025414,0.030697021633386612,-0.11962626874446869
279,4023,9027,261,5,0.03131678327918053,0.03126532584428787,0.7142289280891418
280,4067,7003,880,4,0.030818484723567963,0.029487380757927895,0.00551837682723999
281,4069,6685,84,8,0.03148302435874939,0.03211378678679466,1.040419340133667
282,4071,1333,1314,3,0.03113553673028946,0.031404104083776474,-0.4527571499347687
283,4094,4683,321,3,0.03088659606873989,0.02600862830877304,0.5649003386497498
284,4120,23012,319,3,0.03129775449633598,0.029453102499246597,0.6021737456321716
285,4149,763,96,7,0.03157364949584007,0.026621423661708832,1.1185095310211182
286,4206,4768,70,3,0.031114423647522926,0.03055751323699951,1.018674373626709
287,4209,6059,316,3,0.031293030828237534,0.026946883648633957,0.6052433848381042
288,4233,8048,303,2,0.03299359232187271,0.03928375244140625,0.5991424918174744
289,4241,22956,782,10,0.031423769891262054,0.027045153081417084,0.1092107966542244
290,4262,15633,866,2,0.03061603009700775,0.02704942226409912,0.019298814237117767
291,4267,16835,895,10,0.0313030481338501,0.026197735220193863,-0.01189260184764862
292,4300,13718,1123,2,0.031803593039512634,0.027651533484458923,-0.24602974951267242
293,4319,4539,380,6,0.031140074133872986,0.029879746958613396,0.5081813335418701
294,4357,23030,71,7,0.03344930335879326,0.036521174013614655,1.6661131381988525
295,4444,3931,823,2,0.031068705022335052,0.027766037732362747,0.031105054542422295
296,4456,20989,681,2,0.033076100051403046,0.034275688230991364,0.15406261384487152
297,4477,2357,780,3,0.030757909640669823,0.02862682193517685,0.01505996659398079
298,4481,12440,4,3,0.032316915690898895,0.039698876440525055,2.500887632369995
299,4504,16633,49,2,0.03150095045566559,0.03125603497028351,1.2009944915771484
300,4507,5202,1733,3,0.03122095577418804,0.026259277015924454,-1.0207035541534424
301,4517,14699,1750,2,0.03134150058031082,0.028385277837514877,-1.2151628732681274
302,4547,22252,980,4,0.03252871707081795,0.026246506720781326,-0.17857223749160767
303,4596,6565,565,2,0.03086780197918415,0.026488229632377625,0.2312573343515396
304,4600,20077,1234,2,0.030872585251927376,0.025785047560930252,-0.4497219920158386
305,4610,19155,462,2,0.03137066960334778,0.028504034504294395,0.3793960213661194
306,4613,10817,488,2,0.03198811411857605,0.030289096757769585,0.31578966975212097
307,4621,268,17,2,0.03378615155816078,0.0345575250685215,1.794371485710144
308,4657,11134,1705,10,0.031259261071681976,0.026035267859697342,-1.3032492399215698
309,4676,12048,1608,3,0.030755292624235153,0.026697831228375435,-0.8075525760650635
310,4715,17142,1168,2,0.031265661120414734,0.030074592679739,-0.28854334354400635
311,4736,12607,458,2,0.03081248514354229,0.029835697263479233,0.47742825746536255
312,4744,19352,484,2,0.03032197244465351,0.02518528327345848,0.3702135384082794
313,4748,284,1511,2,0.03194030374288559,0.024953145533800125,-0.6365482807159424
314,4767,17085,483,3,0.03120333142578602,0.03146754577755928,0.4303862154483795
315,4823,11171,22,2,0.03186948969960213,0.031507279723882675,2.0594546794891357
316,4835,1504,19,3,0.03250962868332863,0.03369630500674248,1.2245543003082275
317,4839,11420,697,2,0.031046098098158836,0.028026089072227478,0.15636780858039856
318,4849,21342,1767,2,0.030978694558143616,0.024013154208660126,-1.114900827407837
319,4851,22952,9,2,0.030702317133545876,0.02838069573044777,1.391345500946045
320,4860,16808,20,5,0.03079964779317379,0.026713082566857338,1.9035313129425049
321,4868,20919,158,2,0.03336285054683685,0.04773551598191261,1.1464247703552246
322,4876,570,573,1,0.03245849534869194,0.027993807569146156,0.1846327781677246
323,4879,19687,383,1,0.030918173491954803,0.028794147074222565,0.5623359680175781
324,4880,297,874,3,0.03215013071894646,0.024134669452905655,-0.050156787037849426
325,4930,20891,514,4,0.030624927952885628,0.026324011385440826,0.37775370478630066
326,4952,305,400,2,0.02957732044160366,0.026449568569660187,0.5545741319656372
327,4956,22425,734,3,0.031164029613137245,0.027003303170204163,0.15789419412612915
328,4965,15856,170,2,0.030852284282445908,0.026473110541701317,0.7512514591217041
329,4972,12212,469,2,0.030047530308365822,0.025924094021320343,0.39323171973228455
330,4987,23014,1380,6,0.03132566064596176,0.031254783272743225,-0.49206286668777466
331,4990,4491,16,2,0.030984940007328987,0.02947201207280159,1.2426462173461914
332,5011,1040,348,4,0.030932482331991196,0.030076920986175537,0.680885374546051
333,5022,16616,1560,1,0.03255950286984444,0.028253523632884026,-0.6809195280075073
334,5037,22686,1311,1,0.031196270138025284,0.026361625641584396,-0.4534108638763428
335,5041,18786,184,2,0.03246987983584404,0.0330284982919693,0.9408325552940369
336,5048,5287,147,2,0.03201407566666603,0.03251338005065918,0.9201581478118896
337,5058,23029,746,5,0.030871262773871422,0.026456719264388084,0.12073187530040741
338,5090,314,317,2,0.03273127228021622,0.03132979944348335,0.572613000869751
339,5094,5262,955,2,0.03060930222272873,0.025217048823833466,-0.12293519824743271
340,5107,16607,294,2,0.031301356852054596,0.02869570627808571,0.6054775714874268
341,5125,2953,63,2,0.03133220970630646,0.030298205092549324,1.005265474319458
342,5166,2022,85,5,0.03074837289750576,0.02911457233130932,1.1142578125
343,5171,4539,905,4,0.030730217695236206,0.028497789055109024,0.0385318398475647
344,5172,10659,1764,1,0.03162573650479317,0.028789136558771133,-1.4870063066482544
345,5180,12734,882,3,0.0317770279943943,0.029765289276838303,0.003692343831062317
346,5195,16859,262,4,0.032131195068359375,0.030816053971648216,0.6578450798988342
347,5269,14214,1493,3,0.030711155384778976,0.02840406447649002,-0.6536274552345276
348,5270,23032,671,2,0.032124411314725876,0.03018064796924591,0.17876982688903809
349,5273,3929,1256,7,0.031259872019290924,0.02709210477769375,-0.3688029944896698
350,5288,4533,195,4,0.0315694622695446,0.03106963261961937,0.7560569643974304
351,5289,9866,248,2,0.031763944774866104,0.0322701670229435,0.6486167907714844
352,5298,21263,20,2,0.0332680270075798,0.03451626002788544,1.0784729719161987
353,5306,11733,830,6,0.03174320235848427,0.03233671933412552,0.017047733068466187
354,5335,15193,1179,3,0.032642755657434464,0.03231026232242584,-0.27727600932121277
355,5341,18920,648,2,0.03146285191178322,0.025200173258781433,0.1338498443365097
356,5347,22908,1336,3,0.03125288709998131,0.025938846170902252,-0.43123310804367065
357,5348,17019,1621,5,0.03127073124051094,0.02722330018877983,-0.9158953428268433
358,5391,2046,1063,3,0.03202994167804718,0.024816390126943588,-0.21840932965278625
359,5429,18642,374,1,0.029765045270323753,0.028013577684760094,0.52060866355896
360,5431,21415,6,2,0.030415525659918785,0.02831435203552246,1.3832554817199707
361,5433,21350,219,3,0.03130858391523361,0.03186294436454773,0.6584856510162354
362,5447,21121,119,4,0.03127202391624451,0.028169497847557068,0.9892371892929077
363,5453,21942,484,10,0.031318116933107376,0.027441326528787613,0.44638311862945557
364,5488,349,963,2,0.03210552781820297,0.02700011059641838,-0.11822694540023804
365,5496,5485,1388,3,0.030105257406830788,0.029253138229250908,-0.5077752470970154
366,5501,22928,1689,2,0.03147609159350395,0.030074995011091232,-0.8507689237594604
367,5533,23029,188,4,0.031101005151867867,0.027839764952659607,0.9162808060646057
368,5558,357,211,2,0.03086612932384014,0.028350722044706345,0.8294996619224548
369,5563,23003,66,2,0.03189897909760475,0.02861083298921585,1.3367091417312622
370,5569,359,1537,2,0.031102268025279045,0.026379447430372238,-0.7516718506813049
371,5572,831,234,2,0.0325135663151741,0.02809327095746994,0.8051589727401733
372,5587,7310,517,2,0.03204893693327904,0.02745773084461689,0.34747686982154846
373,5591,12831,1425,2,0.03125328570604324,0.026568962261080742,-0.5321860909461975
374,5632,1570,1759,2,0.03084837831556797,0.026814181357622147,-1.3742823600769043
375,5636,11158,1363,2,0.03168248012661934,0.0256881732493639,-0.46670421957969666
376,5638,15975,949,4,0.03128580003976822,0.030231796205043793,-0.0054521262645721436
377,5644,3381,846,3,0.030416831374168396,0.029184086248278618,0.0340157151222229
378,5659,4885,1275,3,0.031007399782538414,0.02826256863772869,-0.3212903141975403
379,5680,5491,764,7,0.03163678199052811,0.026273470371961594,0.12781734764575958
380,5682,11701,24,3,0.032092344015836716,0.03383409231901169,1.1644459962844849
381,5690,23023,28,2,0.03079289384186268,0.028194677084684372,1.2605066299438477
382,5691,367,158,2,0.030336836352944374,0.028603406623005867,0.9132145643234253
383,5694,11047,705,2,0.030932912603020668,0.029281139373779297,0.130573570728302
384,5725,826,685,5,0.03093140944838524,0.029035868123173714,0.13585138320922852
385,5751,17113,1373,4,0.031014831736683846,0.02510315552353859,-0.4241345524787903
386,5770,17519,105,6,0.03148471191525459,0.027049750089645386,0.9976881742477417
387,5773,373,825,3,0.03148379549384117,0.026073187589645386,0.031492747366428375
388,5804,19030,834,2,0.03189372271299362,0.024282049387693405,-0.01411483809351921
389,5820,15861,432,2,0.03146682679653168,0.03093590773642063,0.4168785810470581
390,5831,4767,1172,3,0.031056823208928108,0.02641761675477028,-0.23938654363155365
391,5843,3163,468,2,0.033304378390312195,0.033463817089796066,0.3627675771713257
392,5871,22809,35,5,0.03173961117863655,0.03804720565676689,1.6222354173660278
393,5879,10160,1037,2,0.030850807204842567,0.027478108182549477,-0.07906004786491394
394,5892,19034,1311,3,0.03153500333428383,0.026439271867275238,-0.41591790318489075
395,5957,2003,1414,2,0.03125402331352234,0.02576865442097187,-0.5622044801712036
396,5973,16592,82,2,0.031329769641160965,0.03178831934928894,0.9477216005325317
397,6000,1247,1094,2,0.031229501590132713,0.039252832531929016,-0.24152040481567383
398,6033,14418,10,3,0.03047150745987892,0.029228467494249344,1.4810278415679932
399,6068,456,1401,3,0.030465656891465187,0.027127910405397415,-0.6049454808235168
400,6096,22704,596,2,0.030916208401322365,0.028570344671607018,0.24721932411193848
401,6100,23014,20,4,0.03298887610435486,0.035928405821323395,1.97739577293396
402,6171,19227,350,2,0.030551325529813766,0.02788406051695347,0.46722346544265747
403,6177,396,99,2,0.031104691326618195,0.029046691954135895,1.024916410446167
404,6196,22533,1296,2,0.030615543946623802,0.02656024694442749,-0.3648870587348938
405,6252,21452,1442,7,0.03131883963942528,0.02710750885307789,-0.5580853223800659
406,6259,5815,911,1,0.03220265358686447,0.035144396126270294,-0.06459502875804901
407,6280,8586,1402,4,0.0320545956492424,0.03035872057080269,-0.5398292541503906
408,6283,21396,691,2,0.032592616975307465,0.023229241371154785,0.16399259865283966
409,6284,22217,760,5,0.03202080354094505,0.03399950638413429,0.06421440094709396
410,6289,2370,571,2,0.030639292672276497,0.02782857045531273,0.3041874170303345
411,6312,11927,306,2,0.03176232427358627,0.02547919750213623,0.5818274021148682
412,6314,22299,1140,2,0.03402573615312576,0.03469296544790268,-0.2962940037250519
413,6360,20273,102,5,0.03216276690363884,0.03415935859084129,1.3024711608886719
414,6369,1274,1343,9,0.03037547506392002,0.031130410730838776,-0.6239047050476074
415,6404,5377,1129,2,0.03154468163847923,0.03214670717716217,-0.26211845874786377
416,6405,6219,1661,6,0.031152257695794106,0.02882072888314724,-1.0886706113815308
417,6407,3151,957,2,0.031100861728191376,0.025406140834093094,-0.1517518162727356
418,6440,4196,73,2,0.03176787495613098,0.026506777852773666,1.0742766857147217
419,6494,21436,994,2,0.030069833621382713,0.026020556688308716,-0.12918122112751007
420,6509,14084,8,5,0.03165772929787636,0.026891237124800682,2.052328109741211
421,6539,16804,1502,3,0.03047359734773636,0.026442520320415497,-0.7084102630615234
422,6554,8775,958,2,0.032510317862033844,0.024355879053473473,-0.1604270488023758
423,6595,21277,970,2,0.032489925622940063,0.02944495901465416,-0.12611804902553558
424,6596,22347,282,5,0.030571293085813522,0.026506252586841583,0.5759232044219971
425,6619,22961,367,2,0.03117104433476925,0.026584703475236893,0.5606213808059692
426,6623,22657,1347,2,0.0326644629240036,0.02590709552168846,-0.5055866837501526
427,6631,1408,1684,3,0.0317164808511734,0.02448415383696556,-0.8044225573539734
428,6666,21757,329,3,0.030680036172270775,0.027938975021243095,0.5920779705047607
429,6669,4536,431,2,0.03032243438065052,0.027150558307766914,0.37033241987228394
430,6686,23031,619,4,0.03173856809735298,0.026197489351034164,0.24143624305725098
431,6696,18186,609,2,0.03180215507745743,0.026630286127328873,0.22752931714057922
432,6697,21691,901,4,0.032443419098854065,0.029877671971917152,-0.12153679132461548
433,6706,670,1050,2,0.03078673779964447,0.02972116507589817,-0.16959981620311737
434,6717,4566,1027,7,0.03095826506614685,0.02640591189265251,-0.11483648419380188
435,6729,21141,1432,4,0.031417813152074814,0.026568753644824028,-0.48464053869247437
436,6730,22000,1693,2,0.03094855323433876,0.026794787496328354,-0.9029610753059387
437,6739,22987,1312,8,0.030461076647043228,0.031400829553604126,-0.39485985040664673
438,6742,966,65,2,0.03210684657096863,0.0324055552482605,0.9644384980201721
439,6750,451,1516,2,0.030887389555573463,0.02835182473063469,-0.6233869791030884
440,6760,12823,293,3,0.03223080188035965,0.03146890550851822,0.6928791999816895
441,6762,15814,1507,5,0.03154750168323517,0.02618023008108139,-0.6640740036964417
442,6766,4196,763,3,0.031338661909103394,0.02797597274184227,0.16141173243522644
443,6768,16613,673,2,0.031042205169796944,0.026440050452947617,0.140752911567688
444,6770,22970,848,3,0.03137136623263359,0.03085392713546753,0.0007650330662727356
445,6787,21758,1008,5,0.030597276985645294,0.02737782895565033,-0.11621592938899994
446,6804,21003,5,2,0.030874304473400116,0.02792772278189659,2.4755172729492188
447,6820,458,1755,3,0.03105872869491577,0.028402630239725113,-1.3331578969955444
448,6838,22928,378,6,0.03378862515091896,0.03521806001663208,0.4524567127227783
449,6859,9462,329,2,0.032650887966156006,0.02580823004245758,0.47397106885910034
450,6874,18842,220,5,0.03174120932817459,0.02866905927658081,0.8009653091430664
451,6878,1894,685,4,0.030650846660137177,0.02896805666387081,0.10951081663370132
452,6946,861,623,4,0.03142274171113968,0.028315138071775436,0.24625703692436218
453,6951,22861,192,2,0.03247400373220444,0.03161917254328728,0.7529199719429016
454,6967,20687,1611,2,0.03194340690970421,0.028837013989686966,-0.7821845412254333
455,6979,8252,1026,5,0.030679956078529358,0.02777920663356781,-0.13865958154201508
456,6990,23020,1359,3,0.03108692727982998,0.02877393737435341,-0.5799975991249084
457,7025,14372,1775,4,0.031024985015392303,0.027050873264670372,-1.7626789808273315
458,7042,23027,1147,4,0.032184213399887085,0.030896322801709175,-0.2532939314842224
459,7043,22961,339,2,0.031778886914253235,0.028290390968322754,0.5997455716133118
460,7047,2760,1751,3,0.031238779425621033,0.027495378628373146,-1.1791164875030518
461,7062,3315,45,3,0.03097877837717533,0.028332166373729706,1.2849825620651245
462,7064,14238,319,2,0.033041760325431824,0.034996453672647476,0.6142184734344482
463,7092,13580,3,5,0.0305810384452343,0.027567259967327118,1.6793785095214844
464,7093,3163,1168,2,0.030436517670750618,0.02505546621978283,-0.28448164463043213
465,7094,483,1085,2,0.030983438715338707,0.027532752603292465,-0.13091522455215454
466,7095,4507,12,3,0.03186722844839096,0.029740888625383377,1.359734058380127
467,7109,22682,968,8,0.030543163418769836,0.027789991348981857,-0.03664136677980423
468,7110,21344,1515,2,0.0313725620508194,0.02482438273727894,-0.7811101675033569
469,7120,22892,794,7,0.03112475387752056,0.025998828932642937,0.09821878373622894
470,7139,486,533,2,0.030712584033608437,0.02548055909574032,0.48313695192337036
471,7150,20658,1292,2,0.030761150643229485,0.026249611750245094,-0.486642450094223
472,7151,9694,196,2,0.030760958790779114,0.03009391762316227,0.7736396789550781
473,7153,21966,262,3,0.031440526247024536,0.02824680134654045,0.7494236826896667
474,7166,17941,490,2,0.0307751651853323,0.027946753427386284,0.33184584975242615
475,7173,17099,376,4,0.03188002109527588,0.0298178531229496,0.4628070592880249
476,7176,5108,707,2,0.031582001596689224,0.026769617572426796,0.11174894869327545
477,7185,16344,24,9,0.030680444091558456,0.026135368272662163,1.3036636114120483
478,7187,22961,1353,3,0.030954331159591675,0.02618236094713211,-0.46269792318344116
479,7192,23025,1750,4,0.032212357968091965,0.026090839877724648,-1.041378140449524
480,7214,622,728,3,0.03146851807832718,0.03012416511774063,0.17863552272319794
481,7250,22442,937,2,0.030520254746079445,0.028317390009760857,-0.08036123961210251
482,7260,22975,179,3,0.030951356515288353,0.028804361820220947,0.8827283382415771
483,7261,10331,1311,2,0.030904971063137054,0.024999970570206642,-0.4533500075340271
484,7262,17216,946,2,0.03102422133088112,0.02678650990128517,0.015099108219146729
485,7263,19389,610,8,0.03072473593056202,0.030209887772798538,0.31212928891181946
486,7264,497,465,2,0.030698729678988457,0.02658763900399208,0.3508667051792145
487,7271,17645,1232,5,0.031697455793619156,0.02967262640595436,-0.36051321029663086
488,7276,4557,1048,3,0.03148099035024643,0.027751140296459198,-0.22287048399448395
489,7303,22984,482,4,0.030674610286951065,0.0281684547662735,0.3371974229812622
490,7309,22112,205,3,0.030847126618027687,0.02817763015627861,0.7906280159950256
491,7311,13257,637,3,0.030694743618369102,0.0284661203622818,0.16973823308944702
492,7312,12174,1274,2,0.031011339277029037,0.02965107373893261,-0.34031277894973755
493,7313,501,1619,2,0.03193042054772377,0.02884419821202755,-0.7588847875595093
494,7318,21593,1688,4,0.03214453533291817,0.02279064804315567,-1.226767897605896
495,7352,5297,557,3,0.031057124957442284,0.02865821309387684,0.463700532913208
496,7356,7203,1529,4,0.03079654462635517,0.026324018836021423,-0.729828417301178
497,7364,18630,449,2,0.030614541843533516,0.027247894555330276,0.4460393190383911
498,7432,20547,721,6,0.031137825921177864,0.03097127005457878,0.1477365642786026
499,7453,18770,324,2,0.030805952847003937,0.02815994992852211,0.46863090991973877
500,7517,15006,1,2,0.03219112381339073,0.036864861845970154,1.5344270467758179
501,7524,19608,33,2,0.032434072345495224,0.03671569749712944,1.1527085304260254
502,7541,5986,1501,2,0.03067191131412983,0.02611629292368889,-0.644119381904602
503,7557,22237,341,3,0.03185824677348137,0.031266700476408005,0.610398530960083
504,7576,21893,452,3,0.031117549166083336,0.028767280280590057,0.37908369302749634
505,7601,19460,1258,2,0.03134583681821823,0.028625641018152237,-0.35527414083480835
506,7609,20393,1445,2,0.03125213086605072,0.026623789221048355,-0.554080605506897
507,7628,6261,88,3,0.03137492761015892,0.028823018074035645,0.9206842184066772
508,7638,22925,1218,3,0.03223280608654022,0.029511064291000366,-0.29173725843429565
509,7651,20792,441,3,0.03133803978562355,0.02975841425359249,0.4225950539112091
510,7657,13314,23,3,0.03153577074408531,0.02996162511408329,1.7809866666793823
511,7673,525,967,2,0.031135495752096176,0.028294730931520462,-0.1241992861032486
512,7681,11990,1150,2,0.03156594932079315,0.029618043452501297,-0.24402081966400146
513,7682,10884,358,3,0.031201118603348732,0.024337906390428543,0.5858032703399658
514,7701,4599,1,2,0.031080815941095352,0.031886499375104904,1.7519340515136719
515,7702,19110,209,10,0.03132198378443718,0.029185909777879715,0.8328492045402527
516,7707,17029,628,3,0.029611529782414436,0.026245296001434326,0.3372391164302826
517,7717,531,517,3,0.031551845371723175,0.030974358320236206,0.310618132352829
518,7719,9220,1383,5,0.03173854947090149,0.02573580853641033,-0.5402678847312927
519,7765,536,70,5,0.031153686344623566,0.028474440798163414,1.1791166067123413
520,7813,13800,1099,2,0.03083653375506401,0.027044234797358513,-0.17065191268920898
521,7816,922,14,1,0.031571097671985626,0.034128375351428986,1.46071457862854
522,7850,2246,884,3,0.031011713668704033,0.03154075890779495,-0.07637447118759155
523,7883,22996,974,2,0.03298071771860123,0.03197680413722992,-0.12606818974018097
524,7892,18744,260,4,0.030784189701080322,0.03318727761507034,0.7566640377044678
525,7895,20027,4,3,0.030870884656906128,0.026380598545074463,2.7410709857940674
526,7916,6451,475,4,0.030652053654193878,0.028763974085450172,0.3326343894004822
527,7920,554,1547,2,0.03249843418598175,0.03343656659126282,-0.665485680103302
528,7928,3719,829,1,0.033981990069150925,0.025096025317907333,-0.05147654935717583
529,7932,20472,801,3,0.03013952076435089,0.02604573220014572,0.07328712195158005
530,7960,21356,935,2,0.030895128846168518,0.025547031313180923,-0.06520292162895203
531,7984,563,1330,2,0.032397735863924026,0.02433733642101288,-0.42772936820983887
532,7999,22938,700,2,0.031175805255770683,0.027635009959340096,0.16246187686920166
533,8025,23012,1433,2,0.032736677676439285,0.03138592094182968,-0.5652403831481934
534,8032,8090,386,2,0.030400514602661133,0.026534054428339005,0.4737800359725952
535,8070,11984,1380,2,0.030744777992367744,0.027700107544660568,-0.512682318687439
536,8075,20472,548,2,0.03191087022423744,0.027313917875289917,0.29621171951293945
537,8092,22911,743,1,0.03267519548535347,0.03733174502849579,0.10131236165761948
538,8101,20768,1168,2,0.032841891050338745,0.027832016348838806,-0.3341159224510193
539,8111,20848,70,3,0.03188681975007057,0.02881786599755287,1.5733239650726318
540,8118,14054,1182,3,0.031380753964185715,0.027933554723858833,-0.2876291573047638
541,8120,22645,1499,3,0.03172808140516281,0.032563917338848114,-0.6468601226806641
542,8132,2283,1659,6,0.0314607135951519,0.027979064732789993,-1.049119472503662
543,8135,23014,1178,9,0.030384523794054985,0.03338882327079773,-0.2897878587245941
544,8136,11369,765,5,0.031849153339862823,0.029643652960658073,0.009025946259498596
545,8141,18429,190,1,0.03060971572995186,0.030566424131393433,0.8233059644699097
546,8148,20231,267,2,0.03097347356379032,0.03007051721215248,0.6646035313606262
547,8186,8354,1521,2,0.03180355206131935,0.027202365919947624,-0.5564325451850891
548,8226,12656,41,2,0.030265843495726585,0.027794107794761658,1.30560302734375
549,8247,21508,717,3,0.03055940940976143,0.027725744992494583,0.1987442523241043
550,8264,20985,781,2,0.03268841654062271,0.029310312122106552,0.15567940473556519
551,8282,589,227,5,0.03096305951476097,0.02756160870194435,0.7307847142219543
552,8284,17142,398,7,0.0313924103975296,0.029570922255516052,0.5765489935874939
553,8287,8397,1427,2,0.03224686160683632,0.023089269176125526,-0.7171555757522583
554,8294,22638,27,10,0.03128298372030258,0.02662544697523117,1.7231378555297852
555,8330,6011,1099,3,0.0321161113679409,0.02629512920975685,-0.18831154704093933
556,8338,9185,1017,3,0.030704539269208908,0.02760724350810051,-0.18403026461601257
557,8366,6235,1421,4,0.03110469877719879,0.029652126133441925,-0.6090573072433472
558,8389,21098,615,2,0.031151894479990005,0.030032463371753693,0.22410643100738525
559,8398,1266,74,2,0.031506702303886414,0.03387632966041565,1.0941728353500366
560,8414,15635,1187,7,0.03201143816113472,0.025798123329877853,-0.40133795142173767
561,8415,16409,203,2,0.03180255368351936,0.03174553066492081,0.7309658527374268
562,8423,8907,93,3,0.03140267729759216,0.02821403183043003,1.141237497329712
563,8429,8970,106,2,0.03077717125415802,0.02853333204984665,1.0592224597930908
564,8440,2951,1296,3,0.030829409137368202,0.028534265235066414,-0.5545040369033813
565,8450,19333,1557,2,0.03145211562514305,0.02825538069009781,-0.8389236927032471
566,8498,22851,91,2,0.030289743095636368,0.02798968181014061,1.124799132347107
567,8508,20768,1008,2,0.03035496175289154,0.026978524401783943,-0.12723514437675476
568,8511,20888,613,2,0.030247865244746208,0.026546787470579147,0.24821923673152924
569,8577,7310,261,10,0.03219456970691681,0.02779264561831951,0.8469321131706238
570,8583,9039,894,2,0.03180456534028053,0.02661643549799919,-0.09851713478565216
571,8629,16159,230,6,0.031146053224802017,0.027513280510902405,0.6623445749282837
572,8652,12607,1487,3,0.03203928470611572,0.03495011478662491,-0.5518872737884521
573,8684,17811,9,5,0.03132930025458336,0.031287387013435364,1.6972203254699707
574,8686,9302,962,2,0.03405466675758362,0.03917559236288071,-0.18509632349014282
575,8707,628,1375,7,0.031616922467947006,0.023830614984035492,-0.5666005611419678
576,8711,23030,615,3,0.031606558710336685,0.02999141812324524,0.0876150131225586
577,8745,632,1427,3,0.030398279428482056,0.027797870337963104,-0.5372698903083801
578,8770,10027,151,3,0.031205449253320694,0.0305803082883358,0.8844470977783203
579,8771,635,1547,2,0.029854213818907738,0.02687605656683445,-0.8289511203765869
580,8777,22273,1198,2,0.030490709468722343,0.028495827689766884,-0.30597561597824097
581,8793,20471,30,2,0.030850764364004135,0.02997039258480072,1.3326921463012695
582,8805,9231,1268,2,0.03082801215350628,0.02753819338977337,-0.26482880115509033
583,8825,16607,997,2,0.03177772834897041,0.030177010223269463,-0.11361560225486755
584,8834,21996,856,3,0.03100259229540825,0.02738042175769806,0.020716935396194458
585,8843,7077,1194,2,0.03271690011024475,0.03158140927553177,-0.3925475478172302
586,8899,23009,400,4,0.03201235458254814,0.030066072940826416,0.5086629390716553
587,8904,12639,941,3,0.030784009024500847,0.02818065881729126,-0.09279325604438782
588,8918,1629,403,2,0.031242964789271355,0.026942607015371323,0.4655166566371918
589,8961,8624,23,3,0.030649548396468163,0.02954767271876335,1.2037217617034912
590,9006,14115,1601,2,0.031185587868094444,0.026134083047509193,-0.6288750171661377
591,9014,6569,131,5,0.03066950850188732,0.028399506583809853,1.035101294517517
592,9015,13400,67,3,0.03299121558666229,0.03383516147732735,1.5126556158065796
593,9019,16384,1671,2,0.031708501279354095,0.02574681118130684,-1.1546632051467896
594,9029,22154,1373,5,0.03170163556933403,0.03050731122493744,-0.6127855181694031
595,9046,6535,926,4,0.030805127695202827,0.03178877755999565,-0.040307432413101196
596,9059,16893,160,3,0.03206177428364754,0.032318055629730225,0.8414137363433838
597,9094,4491,1,5,0.03167560324072838,0.028844304382801056,1.5133397579193115
598,9095,21833,1072,3,0.03048575296998024,0.026973815634846687,-0.26030322909355164
599,9108,653,155,3,0.030885396525263786,0.02786104753613472,0.8103451728820801
600,9115,22446,642,3,0.03244808688759804,0.02471894957125187,0.3489348292350769
601,9135,694,1662,2,0.030611049383878708,0.03535568714141846,-0.7506990432739258
602,9195,21241,1293,1,0.03145701810717583,0.025791868567466736,-0.39250627160072327
603,9207,20180,243,3,0.0314658023416996,0.02950073778629303,0.625386655330658
604,9225,21613,396,2,0.031334083527326584,0.027118131518363953,0.4578418433666229
605,9236,6797,1012,2,0.030632153153419495,0.025145458057522774,-0.08337146788835526
606,9251,18477,1739,2,0.033028069883584976,0.035707175731658936,-1.3557770252227783
607,9257,22970,708,2,0.030535047873854637,0.02756623551249504,0.1379234790802002
608,9258,19494,855,5,0.030986208468675613,0.028927717357873917,-0.03440307080745697
609,9294,8707,1115,2,0.031144924461841583,0.028189921751618385,-0.2574630677700043
610,9302,6191,595,2,0.03125638887286186,0.02714376524090767,0.19167925417423248
611,9315,675,823,2,0.03154022991657257,0.028938956558704376,0.137019082903862
612,9324,675,21,3,0.031114306300878525,0.028625069186091423,1.5770812034606934
613,9331,17519,143,2,0.031143318861722946,0.027310485020279884,0.9612189531326294
614,9357,20745,113,3,0.03139056637883186,0.028775401413440704,0.9174529314041138
615,9379,9495,1189,2,0.031191013753414154,0.024047628045082092,-0.2673676013946533
616,9397,680,434,2,0.03125621750950813,0.031053543090820312,0.49608761072158813
617,9398,7799,630,2,0.032133523374795914,0.03318822383880615,0.14601817727088928
618,9411,17237,51,2,0.031236348673701286,0.02976394072175026,1.1640568971633911
619,9415,22853,90,2,0.031676582992076874,0.03320460394024849,1.1784672737121582
620,9448,20143,1210,4,0.03159550204873085,0.029329273849725723,-0.32243916392326355
621,9458,2026,367,2,0.03199239447712898,0.03305643051862717,0.5341441631317139
622,9468,21350,86,2,0.03322533890604973,0.038574159145355225,0.9275092482566833
623,9483,22844,1080,7,0.03180594742298126,0.03397391363978386,-0.29991865158081055
624,9512,10085,1332,2,0.030662016943097115,0.027224905788898468,-0.37488222122192383
625,9513,12401,255,2,0.031936004757881165,0.030455954372882843,0.6245556473731995
626,9544,23002,991,4,0.0309414342045784,0.02738039195537567,-0.14443831145763397
627,9555,14053,747,1,0.034323688596487045,0.03623200207948685,0.2992910146713257
628,9562,15862,1314,3,0.031929418444633484,0.033175453543663025,-0.47673487663269043
629,9591,5987,997,9,0.03061295486986637,0.02571690082550049,-0.12945078313350677
630,9604,21982,193,6,0.03142855688929558,0.031035661697387695,0.8829432725906372
631,9669,3956,848,2,0.030601033940911293,0.026224885135889053,0.0280989408493042
632,9697,712,16,2,0.03183693438768387,0.03522331640124321,1.1352877616882324
633,9733,712,46,2,0.03324016556143761,0.03999093547463417,1.0095901489257812
634,9773,7373,439,3,0.030344625934958458,0.028586599975824356,0.41638362407684326
635,9814,21711,249,3,0.030094636604189873,0.0254475399851799,0.5976005792617798
636,9828,22812,1645,2,0.031455863267183304,0.034026194363832474,-0.7694947719573975
637,9830,22739,22,3,0.030015582218766212,0.02598598599433899,1.67595636844635
638,9874,14417,429,2,0.032233234494924545,0.02998518943786621,0.4919300377368927
639,9883,18076,498,2,0.030905401334166527,0.027542851865291595,0.45842182636260986
640,9885,4907,1727,2,0.032122425734996796,0.02525392919778824,-0.9362756013870239
641,9917,2668,129,6,0.03235110267996788,0.035327404737472534,0.9813262224197388
642,9921,22889,276,3,0.03137091547250748,0.027083218097686768,0.7223981618881226
643,9928,720,1746,2,0.03230275586247444,0.03455997258424759,-1.1785073280334473
644,9929,4725,374,2,0.033956438302993774,0.03762776777148247,0.43905454874038696
645,9931,21491,353,2,0.030988577753305435,0.030644593760371208,0.6960163116455078
646,9943,22998,1405,3,0.0320720411837101,0.02710353583097458,-0.4810078740119934
647,9969,4603,1668,2,0.030630962923169136,0.026538942009210587,-0.912506639957428
648,9973,14084,1496,2,0.03377537056803703,0.027254696935415268,-0.752910315990448
649,9993,9879,568,2,0.031162744387984276,0.029498053714632988,0.27693629264831543
650,10009,9313,641,4,0.03160352632403374,0.02911689132452011,0.13620251417160034
651,10028,6969,301,1,0.031745899468660355,0.02394280955195427,0.8758242726325989
652,10050,15381,1081,3,0.031181052327156067,0.030601326376199722,-0.14475087821483612
653,10106,21803,445,4,0.031198011711239815,0.029844023287296295,0.4267895817756653
654,10118,3611,14,3,0.03054594248533249,0.029025869444012642,1.6645026206970215
655,10156,3434,1,2,0.029872236773371696,0.03097742795944214,2.1007273197174072
656,10173,6235,1661,2,0.031255047768354416,0.029561031609773636,-0.9785541892051697
657,10186,7338,5,2,0.030745474621653557,0.02871529571712017,2.4384522438049316
658,10216,7524,869,2,0.030451493337750435,0.026517873629927635,-0.04372893273830414
659,10239,2844,220,2,0.031277477741241455,0.025984350591897964,0.6406630873680115
660,10258,22552,15,4,0.031053736805915833,0.03171578794717789,1.4506983757019043
661,10275,16108,291,3,0.03190387040376663,0.03177633881568909,0.6303012371063232
662,10280,7809,404,2,0.030600015074014664,0.028179185464978218,0.3906540870666504
663,10307,10059,1546,2,0.030869968235492706,0.03134456276893616,-0.7719342112541199
664,10315,741,1156,3,0.031296033412218094,0.031097695231437683,-0.33954909443855286
665,10327,14451,1453,3,0.031586188822984695,0.028588030487298965,-0.5356643199920654
666,10344,3083,197,2,0.03276580199599266,0.03286359831690788,0.840106725692749
667,10383,22133,240,4,0.03224265202879906,0.026930201798677444,0.818996012210846
668,10390,23009,994,2,0.03197424113750458,0.0233805812895298,-0.06307096779346466
669,10430,1616,1325,1,0.032552655786275864,0.029255758970975876,-0.3558940589427948
670,10440,12335,22,3,0.03258159011602402,0.04341437295079231,1.818359136581421
671,10467,3718,871,5,0.03091503120958805,0.03059685230255127,-0.028486698865890503
672,10471,12192,586,3,0.03021085076034069,0.027770372107625008,0.3405023515224457
673,10481,8466,219,2,0.03135935589671135,0.02752646617591381,0.5829424262046814
674,10523,22773,276,3,0.031045399606227875,0.02800537273287773,0.6253319382667542
675,10526,11477,516,4,0.030881721526384354,0.029856856912374496,0.32807090878486633
676,10550,16962,572,8,0.0304248183965683,0.029754426330327988,0.2477826327085495
677,10664,20477,2,6,0.03166041150689125,0.02606343850493431,2.677462577819824
678,10680,18021,1693,4,0.031528979539871216,0.02407681569457054,-1.088357925415039
679,10718,22052,1237,2,0.0313609279692173,0.02739662304520607,-0.35240650177001953
680,10725,767,850,2,0.03185779228806496,0.026288853958249092,-0.0613950714468956
681,10734,2579,1369,5,0.03226596117019653,0.02496619150042534,-0.5012044310569763
682,10743,8637,1239,2,0.031202679499983788,0.02273762971162796,-0.2689943313598633
683,10746,9206,513,4,0.03097253106534481,0.02718631736934185,0.2840590178966522
684,10749,10049,977,3,0.031011411920189857,0.025657502934336662,-0.13255031406879425
685,10760,16404,623,2,0.03214196115732193,0.029768148437142372,0.1967758983373642
686,10782,22979,300,5,0.03212898224592209,0.028857024386525154,0.6789862513542175
687,10787,22807,414,5,0.031055159866809845,0.027589378878474236,0.490267813205719
688,10808,10068,1240,2,0.03153063356876373,0.028504151850938797,-0.33582019805908203
689,10830,8336,1552,2,0.030001841485500336,0.025624766945838928,-0.8306998014450073
690,10835,3990,40,2,0.031417734920978546,0.030589330941438675,1.2998583316802979
691,10836,17962,1153,2,0.03204170987010002,0.03208601474761963,-0.22764471173286438
692,10846,782,1492,5,0.031563036143779755,0.029972009360790253,-0.5926337242126465
693,10848,19423,967,2,0.032300133258104324,0.030643153935670853,-0.06678896397352219
694,10871,21691,17,4,0.031804900616407394,0.030582858249545097,1.3829452991485596
695,10918,17814,988,2,0.03185826912522316,0.02974269725382328,-0.16109684109687805
696,10942,21366,1379,1,0.03130674734711647,0.02908307872712612,-0.7790924310684204
697,10949,14358,1160,3,0.031141003593802452,0.026574308052659035,-0.2995815575122833
698,10951,20348,1033,5,0.030777279287576675,0.029140528291463852,-0.1277972012758255
699,10960,11420,10,2,0.031061764806509018,0.02805398590862751,1.3151776790618896
700,10966,4231,136,2,0.03243584558367729,0.03519676625728607,0.8481929302215576
701,10973,4645,25,3,0.031152723357081413,0.02718016505241394,1.2028954029083252
702,10985,22929,988,3,0.03086434118449688,0.027333209291100502,-0.12806516885757446
703,10991,12956,158,2,0.03332332521677017,0.031714603304862976,0.8209920525550842
704,11042,20979,1121,2,0.03049761988222599,0.02666172757744789,-0.26832497119903564
705,11045,16829,462,3,0.031771864742040634,0.03257814794778824,0.39875441789627075
706,11046,22076,1176,2,0.03173805773258209,0.027421966195106506,-0.25708264112472534
707,11054,22874,490,2,0.02984580397605896,0.027631249278783798,0.38174065947532654
708,11076,4643,226,2,0.031122956424951553,0.030482683330774307,0.6837383508682251
709,11077,14417,442,6,0.031105468049645424,0.029383216053247452,0.43660151958465576
710,11082,10900,1399,2,0.030250033363699913,0.02738605998456478,-0.49345335364341736
711,11100,12830,170,2,0.031691938638687134,0.03007311001420021,0.7881982922554016
712,11116,18339,469,4,0.03122917003929615,0.026997782289981842,0.5117949843406677
713,11125,805,496,5,0.03179985284805298,0.023920122534036636,0.41833004355430603
714,11126,805,107,3,0.03086012601852417,0.02783852629363537,1.1198867559432983
715,11128,16156,1011,3,0.03028533048927784,0.027917809784412384,-0.15237462520599365
716,11129,15001,109,3,0.03162671998143196,0.02622828260064125,1.0023508071899414
717,11132,20734,879,4,0.03235393762588501,0.03295839950442314,-0.03539803624153137
718,11153,22572,2,3,0.03085608035326004,0.030098363757133484,1.8263044357299805
719,11168,20913,737,2,0.03119415044784546,0.02730889618396759,0.11871875822544098
720,11181,22575,1399,1,0.030911436304450035,0.02597043849527836,-0.5996801257133484
721,11190,1660,1447,5,0.03153175488114357,0.026813410222530365,-0.5106469392776489
722,11197,22922,806,2,0.032315757125616074,0.03010202758014202,-0.07155102491378784
723,11199,17410,908,2,0.031333647668361664,0.03052189201116562,-0.06612414866685867
724,11201,3484,1097,4,0.03129369020462036,0.02656318061053753,-0.24587568640708923
725,11204,17717,79,4,0.03354496881365776,0.03737950325012207,1.4467905759811401
726,11211,12306,1438,2,0.03095090016722679,0.028004804626107216,-0.538091242313385
727,11284,2046,611,5,0.030786041170358658,0.02788834273815155,0.23708699643611908
728,11301,21337,88,5,0.03090430051088333,0.02671588584780693,1.1233251094818115
729,11316,22549,285,6,0.030718529596924782,0.02793636918067932,0.7101485729217529
730,11322,22965,125,5,0.03122451715171337,0.028823021799325943,0.801275908946991
731,11324,23021,46,2,0.03060673549771309,0.026311324909329414,1.6668012142181396
732,11337,18244,84,10,0.032056502997875214,0.03373542055487633,1.2866981029510498
733,11364,23024,531,4,0.03127291426062584,0.029932398349046707,0.30592820048332214
734,11365,22964,23,2,0.03317035362124443,0.03710799664258957,2.266702651977539
735,11376,16220,764,1,0.030367987230420113,0.025699088349938393,0.1190202385187149
736,11392,21951,1486,5,0.031266000121831894,0.027878014370799065,-0.6141927242279053
737,11407,18272,18,2,0.03199576586484909,0.030508140102028847,1.2376941442489624
738,11418,10838,347,4,0.03088843822479248,0.02762557566165924,0.6395717263221741
739,11450,3637,832,2,0.03128300607204437,0.03034764528274536,0.10164982080459595
740,11460,9725,1534,2,0.03115839697420597,0.03006226383149624,-0.7469044327735901
741,11461,1402,25,8,0.030988994985818863,0.029765469953417778,1.646880865097046
742,11482,6293,800,2,0.03073260933160782,0.027416575700044632,0.07432270050048828
743,11505,22004,1243,2,0.02972867153584957,0.02663012035191059,-0.4522401690483093
744,11520,3369,148,4,0.030965304002165794,0.026962842792272568,0.9964910745620728
745,11530,20302,1475,2,0.030888475477695465,0.026290394365787506,-0.5912206172943115
746,11584,10780,311,3,0.031030673533678055,0.026994945481419563,0.5721511244773865
747,11598,13669,313,2,0.03147340938448906,0.030099190771579742,0.5015742778778076
748,11604,4761,331,6,0.031472619622945786,0.029034657403826714,0.5459463596343994
749,11619,22835,560,3,0.0312628298997879,0.031716056168079376,0.37787187099456787
750,11620,22688,1184,3,0.031582847237586975,0.025006698444485664,-0.3572116494178772
751,11626,2060,224,7,0.031185373663902283,0.028518203645944595,0.6788697242736816
752,11636,866,688,7,0.0315418466925621,0.02797570265829563,0.19879868626594543
753,11641,21411,449,3,0.03126169741153717,0.026230307295918465,0.3820013701915741
754,11643,868,2,2,0.030746441334486008,0.02893795818090439,2.084770917892456
755,11698,875,587,2,0.03112088516354561,0.02534358948469162,0.3369671106338501
756,11702,9775,1555,2,0.03226647898554802,0.029571902006864548,-0.5805282592773438
757,11710,22896,491,9,0.030183378607034683,0.032302308827638626,0.46898388862609863
758,11757,23008,286,2,0.031031228601932526,0.027028124779462814,0.7303918600082397
759,11758,22929,1543,3,0.031018288806080818,0.02809871733188629,-0.7249838709831238
760,11815,889,1306,4,0.03085537999868393,0.027492327615618706,-0.3694627285003662
761,11829,21350,1681,6,0.031033948063850403,0.026420947164297104,-1.0652366876602173
762,11867,22414,938,10,0.0317419096827507,0.02655293233692646,-0.07510150969028473
763,11877,16189,1674,3,0.030328325927257538,0.03006313368678093,-0.9109349250793457
764,11883,19222,148,2,0.030946481972932816,0.029526516795158386,0.8369632959365845
765,11891,6019,989,2,0.030319195240736008,0.02855924516916275,-0.1594800502061844
766,11899,22645,554,3,0.030903812497854233,0.030210433527827263,0.3608209788799286
767,11901,15883,1481,2,0.030239026993513107,0.02727455273270607,-0.566498875617981
768,11918,16348,857,2,0.03213810548186302,0.031854771077632904,-0.09391307830810547
769,11930,22329,75,2,0.03191889449954033,0.03297619894146919,1.0084015130996704
770,11957,15869,60,2,0.03261897340416908,0.037242062389850616,1.5872918367385864
771,11962,9376,634,2,0.031186508014798164,0.02708480879664421,0.3834381699562073
772,12053,5138,523,2,0.03144359588623047,0.03081441856920719,0.2773594856262207
773,12084,22594,509,3,0.031255871057510376,0.028200924396514893,0.38513779640197754
774,12095,15826,105,3,0.03107469342648983,0.03043588250875473,0.9997516870498657
775,12161,18367,231,2,0.032126251608133316,0.030235886573791504,0.8918521404266357
776,12172,11479,302,2,0.03097209520637989,0.02814461663365364,0.5645855069160461
777,12189,12118,1250,4,0.03161591291427612,0.02686578780412674,-0.3682091534137726
778,12203,6636,3,3,0.031161122024059296,0.029445135965943336,1.7489787340164185
779,12208,1901,1061,2,0.031831782311201096,0.024975381791591644,-0.2267291247844696
780,12266,2817,210,1,0.030867161229252815,0.032120298594236374,0.7174121737480164
781,12274,12740,435,1,0.03300081938505173,0.037079572677612305,0.48702967166900635
782,12276,15826,875,3,0.0310639850795269,0.02514820545911789,-0.02035653591156006
783,12292,21992,1172,3,0.03132951632142067,0.031138334423303604,-0.3039489984512329
784,12319,3793,73,2,0.030967796221375465,0.030138883739709854,1.0600948333740234
785,12320,10591,89,2,0.03137635067105293,0.029277890920639038,0.9191455841064453
786,12324,2055,1327,2,0.03054480068385601,0.02713802270591259,-0.4036707580089569
787,12329,21624,6,3,0.0307800080627203,0.0298834890127182,1.6370904445648193
788,12337,22183,1111,3,0.03060649335384369,0.026198439300060272,-0.3388664722442627
789,12340,4813,378,2,0.032606616616249084,0.03045940026640892,0.5082191228866577
790,12361,17859,254,2,0.030757321044802666,0.03012637421488762,0.688180685043335
791,12401,2178,1754,3,0.03229837864637375,0.024397505447268486,-0.9033845067024231
792,12432,966,650,2,0.030566679313778877,0.027360007166862488,0.12084845453500748
793,12434,966,178,3,0.031610336154699326,0.030741941183805466,0.741261899471283
794,12466,21826,294,2,0.03200293704867363,0.02933099865913391,0.5904769897460938
795,12545,21345,1391,3,0.03173035755753517,0.030038785189390182,-0.4966951012611389
796,12575,23002,924,4,0.03138081356883049,0.0287450160831213,-0.11306887120008469
797,12579,16883,70,2,0.030565937981009483,0.02946731075644493,1.0659435987472534
798,12598,11991,1233,2,0.03069811873137951,0.02724173292517662,-0.3415285348892212
799,12623,22004,12,3,0.03279827907681465,0.03218076750636101,1.164900541305542
800,12624,21826,1,3,0.03235018253326416,0.028981968760490417,2.2997665405273438
801,12635,9590,245,2,0.03122691996395588,0.03124682605266571,0.7687588930130005
802,12661,2706,329,2,0.031847305595874786,0.03105815127491951,0.542393684387207
803,12683,10843,1085,4,0.03294398635625839,0.02845573052763939,-0.2772091031074524
804,12723,4262,9,4,0.03191252797842026,0.03875230997800827,1.856723427772522
805,12750,10918,1401,4,0.03163067623972893,0.02979983203113079,-0.5213602185249329
806,12796,14657,1314,3,0.03166576474905014,0.026550784707069397,-0.42832812666893005
807,12799,3913,1525,2,0.033317018300294876,0.026619350537657738,-0.5784447193145752
808,12802,22591,664,3,0.03217669948935509,0.0327298566699028,0.1460791677236557
809,12844,22228,446,4,0.030969727784395218,0.027743790298700333,0.3841650187969208
810,12854,21115,533,3,0.030570557340979576,0.028065519407391548,0.23761741816997528
811,12856,6053,275,2,0.031094450503587723,0.027502454817295074,0.8333543539047241
812,12857,21956,793,3,0.030282936990261078,0.026219505816698074,0.08244650065898895
813,12868,14224,41,2,0.03268783539533615,0.02999754250049591,1.2470831871032715
814,12900,15861,1248,7,0.031354378908872604,0.027704749256372452,-0.25111740827560425
815,12904,22903,521,4,0.032508932054042816,0.028516527265310287,0.3355426788330078
816,12916,8381,418,3,0.03089963085949421,0.030529368668794632,0.47308796644210815
817,12941,20283,754,1,0.031099865213036537,0.02817065827548504,0.08079595863819122
818,12949,13473,1164,2,0.031182650476694107,0.029479829594492912,-0.2623109817504883
819,12953,22874,1394,2,0.0319332554936409,0.025237729772925377,-0.5731868743896484
820,12976,10661,1772,1,0.03217863291501999,0.025791071355342865,-1.10898756980896
821,12983,22596,837,1,0.03051561303436756,0.025699611753225327,0.012459829449653625
822,13052,21735,801,7,0.031965453177690506,0.03170492872595787,0.1459132730960846
823,13054,22084,672,2,0.030958907678723335,0.03715730831027031,0.11547785252332687
824,13056,3054,1531,2,0.03128756210207939,0.028550375252962112,-0.6341162919998169
825,13069,21568,817,1,0.03237717226147652,0.026243312284350395,0.04594618082046509
826,13081,4534,300,6,0.03156862407922745,0.030572524294257164,0.7106956243515015
827,13098,6456,207,1,0.029385004192590714,0.026068007573485374,0.8170861005783081
828,13162,19176,68,5,0.03166043385863304,0.028429001569747925,1.1069138050079346
829,13173,6513,1380,3,0.0309063121676445,0.02752109244465828,-0.43992161750793457
830,13211,8974,2,2,0.03229807689785957,0.0342818982899189,1.3730854988098145
831,13232,14477,3,3,0.0319654606282711,0.03151273354887962,2.0507264137268066
832,13235,1051,50,4,0.03322415053844452,0.03525465354323387,1.528589129447937
833,13264,19626,164,3,0.032872509211301804,0.03670491278171539,0.7610540390014648
834,13300,13760,808,2,0.03166978433728218,0.02977573312819004,0.03415071964263916
835,13310,3532,665,2,0.03167375177145004,0.02943122386932373,0.13482484221458435
836,13342,22636,491,2,0.031464505940675735,0.025700094178318977,0.2520195245742798
837,13372,2386,25,4,0.03222816437482834,0.032819733023643494,1.698786735534668
838,13392,22931,55,3,0.03272199258208275,0.03299213945865631,1.5151625871658325
839,13404,11017,397,3,0.03251282125711441,0.02999337762594223,0.45351123809814453
840,13410,1081,1185,2,0.032242391258478165,0.03516361117362976,-0.29761484265327454
841,13424,11846,558,2,0.03056436963379383,0.02567717805504799,0.3428124785423279
842,13434,8784,78,2,0.03028523549437523,0.025578834116458893,1.0497148036956787
843,13472,8248,166,1,0.03248874470591545,0.030483167618513107,0.9626596570014954
844,13560,23005,905,2,0.030986443161964417,0.02812824584543705,0.005930442363023758
845,13566,22482,993,3,0.03101922944188118,0.027992168441414833,-0.11186130344867706
846,13570,22344,1237,5,0.030901167541742325,0.029364613816142082,-0.32063961029052734
847,13604,7196,549,2,0.03149532154202461,0.025715123862028122,0.3666631281375885
848,13610,1101,1165,2,0.031507838517427444,0.027987346053123474,-0.33160191774368286
849,13612,16633,48,2,0.031635627150535583,0.03216913715004921,1.1405220031738281
850,13616,9608,883,3,0.03259823098778725,0.03269321843981743,-0.09890460222959518
851,13643,5042,1457,2,0.03253241255879402,0.023525992408394814,-0.5366102457046509
852,13665,1110,177,1,0.03092159517109394,0.02793128602206707,0.7407266497612
853,13669,6031,564,3,0.031516797840595245,0.02536989375948906,0.2401517778635025
854,13681,22205,882,4,0.03184609115123749,0.03207612782716751,-0.13393384218215942
855,13739,20995,65,3,0.030929336324334145,0.02919047884643078,1.2540850639343262
856,13741,10037,320,2,0.032156918197870255,0.032631099224090576,0.6866933107376099
857,13744,22019,459,2,0.03148190677165985,0.028368687257170677,0.3300570249557495
858,13769,1119,1228,2,0.03284440562129021,0.024366077035665512,-0.4171808362007141
859,13793,11213,832,2,0.03150652348995209,0.024002686142921448,-0.04471863806247711
860,13795,1121,1266,2,0.03070366196334362,0.025379249826073647,-0.3337801694869995
861,13813,10470,5,2,0.0303069818764925,0.028641903772950172,2.2734975814819336
862,13839,19825,760,2,0.032235197722911835,0.03084270842373371,0.098208948969841
863,13845,1128,661,2,0.03205876797437668,0.02882559597492218,0.20638056099414825
864,13854,6055,1151,4,0.032191310077905655,0.030214380472898483,-0.31073540449142456
865,13863,13556,738,8,0.03065238706767559,0.02881968580186367,0.15078845620155334
866,13913,20722,448,2,0.0312519446015358,0.028355859220027924,0.2852112054824829
867,13928,22364,1493,2,0.03127860277891159,0.02600357122719288,-0.6198531985282898
868,13940,9838,149,3,0.03252672404050827,0.031186658889055252,0.7972337603569031
869,13977,22144,98,2,0.030967000871896744,0.02887720614671707,0.9704835414886475
870,13984,18104,1616,1,0.030558155849575996,0.025919893756508827,-0.9505982398986816
871,14027,21334,697,3,0.030967209488153458,0.02997482381761074,0.17659443616867065
872,14029,17916,866,3,0.031093476340174675,0.030731773003935814,0.030253350734710693
873,14053,18029,910,1,0.030022485181689262,0.025480791926383972,-0.04837256669998169
874,14085,22559,907,2,0.031193716451525688,0.02884112484753132,-0.10728403925895691
875,14090,5101,479,2,0.03179012984037399,0.03305094689130783,0.5184617042541504
876,14138,4164,806,3,0.03235562518239021,0.03390271216630936,0.0485338419675827
877,14176,12299,943,3,0.0305683184415102,0.02797631546854973,0.035629190504550934
878,14179,8348,16,2,0.032011453062295914,0.030605722218751907,1.1295840740203857
879,14190,19857,1150,4,0.031249243766069412,0.0293525792658329,-0.20528261363506317
880,14195,3768,440,2,0.03023109771311283,0.029182132333517075,0.5418511629104614
881,14225,1336,1733,3,0.031809717416763306,0.02292659878730774,-0.9066084623336792
882,14243,8075,392,1,0.03138410300016403,0.024403583258390427,0.4164281487464905
883,14261,17187,349,1,0.03107399307191372,0.02719983085989952,0.551149308681488
884,14275,20322,582,4,0.031439464539289474,0.029423588886857033,0.24782411754131317
885,14292,19717,44,2,0.030324019491672516,0.028710298240184784,1.2866179943084717
886,14322,10141,41,2,0.03357208892703056,0.033575721085071564,1.293771505355835
887,14336,2357,8,2,0.031212516129016876,0.031796395778656006,1.3693337440490723
888,14339,6211,1512,2,0.0311163067817688,0.027278659865260124,-0.6478853225708008
889,14342,8840,16,3,0.03099038451910019,0.027106355875730515,1.4810361862182617
890,14347,21170,243,2,0.030486028641462326,0.02899457886815071,0.7031846642494202
891,14370,13085,35,2,0.031019192188978195,0.02684655413031578,1.5059199333190918
892,14376,10594,1483,3,0.03046998381614685,0.027256399393081665,-0.5560184717178345
893,14401,1216,1734,3,0.0313371866941452,0.02382802776992321,-0.9464800953865051
894,14410,9287,1499,3,0.030060917139053345,0.026373133063316345,-0.6368388533592224
895,14451,11213,642,2,0.029790982604026794,0.02415231615304947,0.21363148093223572
896,14453,2391,697,10,0.031979937106370926,0.0330878421664238,0.1643204689025879
897,14462,17469,1647,1,0.030679665505886078,0.025866001844406128,-0.8640062212944031
898,14477,21873,58,4,0.030663473531603813,0.02961258590221405,1.2880001068115234
899,14484,20043,1734,5,0.03060200810432434,0.027736730873584747,-1.1936215162277222
900,14492,19160,606,2,0.03182600811123848,0.029013806954026222,0.2773178517818451
901,14572,9115,972,4,0.03212224692106247,0.032497305423021317,-0.08523257076740265
902,14596,15381,260,3,0.03142779320478439,0.030357949435710907,0.6505627632141113
903,14610,1356,77,3,0.03041127510368824,0.028347913175821304,1.1405202150344849
904,14642,8763,1101,2,0.03030731901526451,0.024885300546884537,-0.2458960860967636
905,14643,19504,23,2,0.03068435564637184,0.02527233585715294,1.646512508392334
906,14651,1236,1010,2,0.031282756477594376,0.027539584785699844,-0.06957457959651947
907,14653,21776,387,2,0.03171413764357567,0.030383344739675522,0.45568132400512695
908,14670,20283,509,2,0.030303331092000008,0.02631416730582714,0.3097987174987793
909,14686,14727,1022,4,0.03131316602230072,0.02610887587070465,-0.13903304934501648
910,14704,21350,376,3,0.03218350186944008,0.032402154058218,0.4131407141685486
911,14732,1250,96,3,0.031427688896656036,0.030110538005828857,1.1047403812408447
912,14763,18116,1157,4,0.03129012882709503,0.03223447501659393,-0.3338375985622406
913,14781,22623,884,2,0.031766705214977264,0.03302888572216034,-0.05407373979687691
914,14785,1255,1312,2,0.03185312822461128,0.027511287480592728,-0.4328024983406067
915,14831,1259,535,2,0.030601033940911293,0.027014048770070076,0.2741354703903198
916,14838,20098,191,1,0.030508575960993767,0.02944031171500683,0.8385996222496033
917,14850,2417,612,3,0.03149278834462166,0.02599051408469677,0.17959269881248474
918,14876,7053,386,2,0.03132063150405884,0.02980959229171276,0.49224671721458435
919,14889,20355,1059,3,0.03119828552007675,0.02510148473083973,-0.2484641671180725
920,14892,15985,95,2,0.03052930161356926,0.028138477355241776,0.9115910530090332
921,14913,21489,259,2,0.03106599487364292,0.027588682249188423,0.5584630370140076
922,14938,23022,120,2,0.030599236488342285,0.027793951332569122,1.0179671049118042
923,15000,16872,204,2,0.032644450664520264,0.0318414531648159,0.729711651802063
924,15002,10403,1005,2,0.03283093869686127,0.03668955713510513,-0.12480360269546509
925,15007,4536,746,3,0.03234628587961197,0.026506934314966202,0.03339308500289917
926,15009,1704,1018,1,0.03202388063073158,0.03674779832363129,-0.24928703904151917
927,15010,18527,115,5,0.032058101147413254,0.03222136199474335,1.0625078678131104
928,15031,6584,467,2,0.031790103763341904,0.029016263782978058,0.4096665680408478
929,15032,1285,444,3,0.031943511217832565,0.03200675547122955,0.3908643126487732
930,15041,17527,619,2,0.031365588307380676,0.026642829179763794,0.2724286913871765
931,15056,14958,777,3,0.030840754508972168,0.030657941475510597,0.026399433612823486
932,15079,12564,674,2,0.03254988417029381,0.03639117628335953,0.13080891966819763
933,15093,18022,1672,2,0.03118520975112915,0.026711393147706985,-1.086686134338379
934,15112,15148,111,2,0.030740560963749886,0.02753763645887375,1.0711939334869385
935,15128,17546,1466,2,0.03243493288755417,0.03529956191778183,-0.5868691802024841
936,15158,6465,1562,3,0.030787747353315353,0.02600109949707985,-0.6606820821762085
937,15159,15955,646,2,0.030832117423415184,0.025765996426343918,0.18593446910381317
938,15173,20362,1549,2,0.030911516398191452,0.02713806927204132,-0.5982635617256165
939,15188,19489,1724,2,0.03099297359585762,0.02933686226606369,-1.0533080101013184
940,15190,7624,717,2,0.030878866091370583,0.02658039703965187,0.08991307765245438
941,15258,11338,827,2,0.03124900534749031,0.030715860426425934,-0.018226049840450287
942,15272,9157,92,1,0.03162223473191261,0.030603185296058655,0.9018328785896301
943,15281,13043,490,2,0.0317467637360096,0.025385864078998566,0.44711223244667053
944,15286,11266,94,4,0.03083967976272106,0.028536388650536537,1.0014578104019165
945,15299,2303,610,7,0.03159039467573166,0.031074199825525284,0.30831199884414673
946,15348,13899,511,2,0.03177345544099808,0.028223112225532532,0.35791558027267456
947,15350,18343,908,1,0.03287249431014061,0.0282602421939373,-0.0912417396903038
948,15352,20477,339,1,0.030926380306482315,0.026949968189001083,0.6186710596084595
949,15358,1773,1452,2,0.030731551349163055,0.029702078551054,-0.4927176833152771
950,15359,19173,643,2,0.03218807652592659,0.02378712221980095,0.19075722992420197
951,15360,20473,1443,2,0.030906327068805695,0.027194425463676453,-0.510066568851471
952,15377,19587,329,3,0.031591810286045074,0.0293399840593338,0.5690631866455078
953,15418,20902,1329,3,0.031553853303194046,0.02468329854309559,-0.4073781371116638
954,15443,17218,1211,4,0.03192997723817825,0.028940346091985703,-0.3466813862323761
955,15469,10970,420,2,0.032158900052309036,0.028828918933868408,0.3644979000091553
956,15474,22853,1433,3,0.030726872384548187,0.02853420376777649,-0.5053855180740356
957,15510,11289,1286,3,0.03114848956465721,0.02710980735719204,-0.42320603132247925
958,15515,20780,886,3,0.03180452063679695,0.026951586827635765,-0.0989028811454773
959,15545,1347,1584,2,0.03267567232251167,0.03108794242143631,-0.8783275485038757
960,15554,21350,692,2,0.03124380297958851,0.031247112900018692,0.08220303803682327
961,15559,1350,96,6,0.031026285141706467,0.03406886011362076,1.0395523309707642
962,15592,21881,1546,2,0.030787305906414986,0.027766890823841095,-0.6496565341949463
963,15605,2198,1772,6,0.031149033457040787,0.03534319996833801,-1.5723068714141846
964,15642,9522,1185,2,0.032312747091054916,0.02505037561058998,-0.3504273295402527
965,15673,14195,242,3,0.0308468509465456,0.0308870617300272,0.6699713468551636
966,15700,17099,5,2,0.032512545585632324,0.030858539044857025,1.409623622894287
967,15710,22017,1382,2,0.030949529260396957,0.027351688593626022,-0.44420522451400757
968,15745,13494,14,3,0.031108131632208824,0.03146998956799507,1.4171020984649658
969,15751,19277,88,3,0.03151457756757736,0.029831571504473686,0.90268474817276
970,15801,1667,784,4,0.031238149851560593,0.028949059545993805,0.04637882858514786
971,15807,7250,1563,1,0.03066682070493698,0.028811728581786156,-0.6888178586959839
972,15821,22155,1437,1,0.03291763737797737,0.024237144738435745,-0.5650376081466675
973,15844,11702,503,2,0.03133106604218483,0.028218554332852364,0.3758696913719177
974,15864,16440,152,2,0.03210430592298508,0.0308830663561821,0.8845294713973999
975,15878,2969,210,2,0.03237676993012428,0.03211315721273422,0.7107366919517517
976,15919,21491,1384,3,0.0311272032558918,0.030675584450364113,-0.45074790716171265
977,15924,22007,867,2,0.030537046492099762,0.025022706016898155,-0.032648589462041855
978,15934,9770,1,1,0.03169911727309227,0.032314788550138474,1.9462941884994507
979,15949,10029,283,2,0.03096151165664196,0.031166110187768936,0.5953949093818665
980,15973,20041,124,6,0.0313822478055954,0.028380991891026497,1.1959925889968872
981,16015,9749,311,1,0.03056718222796917,0.027573373168706894,0.6781359910964966
982,16029,17748,1358,4,0.03186968341469765,0.030148595571517944,-0.46962693333625793
983,16048,18279,22,2,0.030921772122383118,0.03623730316758156,1.5894286632537842
984,16049,16520,866,3,0.03144550696015358,0.025234948843717575,-0.013818720355629921
985,16090,22890,423,3,0.031246036291122437,0.02801058441400528,0.5546075105667114
986,16128,22574,598,1,0.03217407315969467,0.03509420156478882,0.22127500176429749
987,16137,12113,585,2,0.03251829743385315,0.036781225353479385,0.23222415149211884
988,16143,19792,200,1,0.03220880404114723,0.0330500602722168,0.7202503681182861
989,16178,20069,1550,2,0.03144507110118866,0.028129633516073227,-0.6338794231414795
990,16202,11857,1587,2,0.03133707121014595,0.026114296168088913,-0.6575332880020142
991,16204,1437,773,2,0.031160762533545494,0.028119785711169243,0.0979742556810379
992,16209,3528,1099,2,0.032255422323942184,0.02637198194861412,-0.2331693321466446
993,16225,20940,971,4,0.03192997723817825,0.030255068093538284,-0.10543227195739746
994,16228,23008,197,2,0.03297477215528488,0.029297105967998505,0.8525418639183044
995,16229,8537,570,2,0.03136804699897766,0.030279850587248802,0.29033154249191284
996,16250,12449,809,2,0.0322684608399868,0.025675620883703232,-0.0073279887437820435
997,16263,22109,620,2,0.031199725344777107,0.029323656111955643,0.21190327405929565
998,16318,19822,610,2,0.030531883239746094,0.02574542537331581,0.3300759196281433
999,16322,12560,220,2,0.0315171554684639,0.032391056418418884,0.7315272092819214
1000,16325,8023,1041,3,0.030734833329916,0.02890516072511673,-0.13678757846355438
1001,16392,14523,1333,3,0.031646352261304855,0.033119652420282364,-0.44406652450561523
1002,16417,22132,1401,5,0.031031448394060135,0.029997317120432854,-0.4900336265563965
1003,16427,22986,728,2,0.03135212883353233,0.029011379927396774,0.23686808347702026
1004,16431,6015,372,3,0.03071141056716442,0.02921142429113388,0.4775877892971039
1005,16437,14570,739,2,0.030665729194879532,0.02743900939822197,0.10071706771850586
1006,16438,22051,780,1,0.0325944721698761,0.028480056673288345,0.07257279753684998
1007,16443,16127,1459,2,0.03072093054652214,0.02761046215891838,-0.5532870292663574
1008,16461,17922,1379,2,0.03257285803556442,0.028239157050848007,-0.4236031770706177
1009,16507,21249,98,2,0.03221295401453972,0.02656703069806099,1.0469071865081787
1010,16520,16926,120,3,0.030837133526802063,0.029125383123755455,0.9276992082595825
1011,16529,4902,814,4,0.032215673476457596,0.030462998896837234,-0.04076351225376129
1012,16542,17107,371,5,0.0307445228099823,0.026818443089723587,0.4563538432121277
1013,16547,19751,121,2,0.029686225578188896,0.027107948437333107,1.0614930391311646
1014,16608,20995,33,2,0.0322219543159008,0.03441792353987694,1.0474998950958252
1015,16609,17235,1274,2,0.03205817565321922,0.024378163740038872,-0.36159297823905945
1016,16620,1865,1630,2,0.03126836195588112,0.025625087320804596,-0.6623995304107666
1017,16623,16217,1221,3,0.03099801391363144,0.026825450360774994,-0.30440160632133484
1018,16626,13131,1199,2,0.031022561714053154,0.024713797494769096,-0.24800482392311096
1019,16696,2825,59,4,0.031340256333351135,0.027443956583738327,1.3448383808135986
1020,16702,16841,80,4,0.03087407536804676,0.029149070382118225,1.0570305585861206
1021,16710,15817,500,2,0.032056644558906555,0.03216104954481125,0.3402775228023529
1022,16713,5462,172,3,0.030238958075642586,0.02804945409297943,0.8314821720123291
1023,16734,20060,1263,2,0.03185443580150604,0.02718697488307953,-0.4128556251525879
1024,16768,13587,347,2,0.030903896316885948,0.030369699001312256,0.5593515038490295
1025,16773,1552,1,3,0.030943574383854866,0.03425713628530502,4.461161136627197
1026,16800,11473,1,2,0.03273569047451019,0.04624141752719879,2.846876621246338
1027,16803,10081,139,2,0.03207980841398239,0.032000452280044556,0.9185694456100464
1028,16830,22969,827,3,0.03197067975997925,0.027351513504981995,-0.009460508823394775
1029,16835,12222,1549,4,0.03189582750201225,0.02523578330874443,-0.6372498869895935
1030,16868,23032,940,2,0.033698856830596924,0.03136257827281952,-0.0942787230014801
1031,16869,1551,1716,2,0.03191465139389038,0.03405063599348068,-1.163092017173767
1032,16874,5820,661,3,0.03190348669886589,0.030549632385373116,0.13520145416259766
1033,16906,14215,937,3,0.03132787346839905,0.024170273914933205,-0.11673938482999802
1034,16913,5963,1419,3,0.03074561432003975,0.0305534228682518,-0.46594512462615967
1035,16926,19636,846,2,0.03186657652258873,0.030998362228274345,-0.055498138070106506
1036,16931,1564,1181,2,0.03047051839530468,0.030017632991075516,-0.36699503660202026
1037,16939,15834,1531,1,0.03164876252412796,0.02587272785604,-0.6464794874191284
1038,16947,2665,1320,3,0.031216634437441826,0.02969958819448948,-0.5180928111076355
1039,17000,19390,301,2,0.03164958208799362,0.030053306370973587,0.5353738069534302
1040,17010,22108,121,4,0.030804436653852463,0.028665106743574142,0.9209794402122498
1041,17054,13659,935,2,0.03123852238059044,0.027770712971687317,0.04742565006017685
1042,17055,17216,1220,3,0.030705979093909264,0.028262171894311905,-0.28196513652801514
1043,17070,21445,439,2,0.030388575047254562,0.026063919067382812,0.45829904079437256
1044,17090,9490,701,2,0.02996549941599369,0.02732849307358265,0.14053750038146973
1045,17108,12600,1769,2,0.03106217458844185,0.03135809674859047,-1.4026505947113037
1046,17113,17560,391,5,0.031106378883123398,0.028570692986249924,0.5437203049659729
1047,17121,3491,201,3,0.030902795493602753,0.028923194855451584,0.7746340036392212
1048,17134,21824,283,2,0.0310946274548769,0.026998914778232574,0.6975094079971313
1049,17157,22582,96,3,0.03084455616772175,0.031798362731933594,1.2654393911361694
1050,17189,12536,480,2,0.030545253306627274,0.026775365695357323,0.3206702470779419
1051,17195,8946,705,2,0.03186315670609474,0.032965030521154404,0.1958175152540207
1052,17268,20868,1023,6,0.030987592414021492,0.027216332033276558,-0.10564738512039185
1053,17300,20766,727,2,0.031479593366384506,0.032222241163253784,0.12933030724525452
1054,17302,4815,93,3,0.031400442123413086,0.032208386808633804,1.038401484489441
1055,17318,23009,918,4,0.031564172357320786,0.027141395956277847,-0.1135522872209549
1056,17330,22894,1021,5,0.031384699046611786,0.026779957115650177,-0.21023522317409515
1057,17333,21889,474,10,0.03151268512010574,0.029220758005976677,0.5139707326889038
1058,17348,22415,360,2,0.0326569564640522,0.029194660484790802,0.5253292918205261
1059,17397,13078,872,4,0.03151402622461319,0.029627032577991486,-0.05146278440952301
1060,17398,1642,14,2,0.032328762114048004,0.032602887600660324,1.4563761949539185
1061,17399,21685,305,3,0.032511427998542786,0.03217402473092079,0.5574418306350708
1062,17423,1645,693,2,0.030757732689380646,0.026895936578512192,0.1562076359987259
1063,17447,6485,195,2,0.03128153085708618,0.030245278030633926,0.7444204688072205
1064,17453,16841,18,2,0.03165951371192932,0.03302283585071564,1.3198984861373901
1065,17501,4030,689,5,0.03210693597793579,0.030132591724395752,0.25836360454559326
1066,17504,20644,1377,2,0.03271552920341492,0.024988727644085884,-0.4650166928768158
1067,17533,21760,608,2,0.031262196600437164,0.03046788088977337,0.2734224200248718
1068,17611,3208,1493,6,0.03120679035782814,0.024225663393735886,-0.8000622391700745
1069,17621,9882,578,2,0.03217857703566551,0.031936004757881165,0.2716260552406311
1070,17650,22228,117,10,0.03129720315337181,0.02845955267548561,1.2185221910476685
1071,17665,1920,291,3,0.032406728714704514,0.028018884360790253,0.6867965459823608
1072,17748,13154,1651,3,0.031973183155059814,0.03266347944736481,-0.8190438151359558
1073,17770,17729,1481,3,0.03262412175536156,0.02318013831973076,-0.6426008939743042
1074,17810,21639,944,8,0.030541764572262764,0.026144661009311676,-0.08808016031980515
1075,17831,21743,1302,3,0.03081497736275196,0.027281593531370163,-0.36336225271224976
1076,17890,9726,822,2,0.03227009251713753,0.033404625952243805,-0.014025337994098663
1077,17891,17157,392,2,0.03293565288186073,0.03256703540682793,0.5309112071990967
1078,17897,3610,1363,2,0.02996823936700821,0.024972178041934967,-0.5051378607749939
1079,17905,7799,1155,2,0.030711108818650246,0.03206337243318558,-0.261313259601593
1080,17920,20441,101,2,0.0325770229101181,0.0275256484746933,1.171075701713562
1081,17926,22411,1081,2,0.03232768923044205,0.029172196984291077,-0.2522999048233032
1082,17931,21983,256,2,0.031025253236293793,0.027760446071624756,0.6319613456726074
1083,17955,20555,1728,2,0.030758846551179886,0.026077106595039368,-1.1114128828048706
1084,17965,4637,584,10,0.031185587868094444,0.02740752138197422,0.30716416239738464
1085,17968,5042,122,4,0.03183326870203018,0.03194396197795868,0.894779622554779
1086,17980,18851,8,2,0.02990012988448143,0.028382543474435806,1.8664343357086182
1087,17982,18513,1112,4,0.031689297407865524,0.02668391540646553,-0.1864161491394043
1088,18003,15088,124,2,0.032299481332302094,0.02922823093831539,0.8435698747634888
1089,18004,22642,143,3,0.030876731500029564,0.0271940715610981,0.7719224691390991
1090,18025,21472,597,3,0.031011221930384636,0.028199978172779083,0.17348045110702515
1091,18040,8969,5,2,0.031132685020565987,0.027973171323537827,1.7980246543884277
1092,18051,20098,1078,2,0.03253084421157837,0.03871728107333183,-0.2756058871746063
1093,18053,23018,743,2,0.03110930323600769,0.02756514772772789,0.11575356125831604
1094,18071,22792,211,3,0.03168409317731857,0.03018387407064438,0.659950852394104
1095,18075,9221,181,4,0.030978672206401825,0.0262326467782259,0.8672165870666504
1096,18108,15903,397,2,0.03345334529876709,0.03820362314581871,0.4669498801231384
1097,18152,1770,856,2,0.03137609735131264,0.029051005840301514,-0.06033734604716301
1098,18159,8496,1255,2,0.03074171021580696,0.02741067111492157,-0.3397167921066284
1099,18172,22904,452,5,0.03121708519756794,0.029103608801960945,0.3688684105873108
1100,18173,17218,850,2,0.030504610389471054,0.026859596371650696,0.035514116287231445
1101,18182,15603,595,2,0.03328002244234085,0.026317641139030457,0.21018196642398834
1102,18188,12976,1464,2,0.03426602855324745,0.02834605984389782,-0.6182503700256348
1103,18195,13823,87,3,0.03101213276386261,0.029624905437231064,0.9707529544830322
1104,18199,5685,2,3,0.032190077006816864,0.029583994299173355,1.4308350086212158
1105,18225,22983,286,4,0.03121894784271717,0.028168968856334686,0.7628849148750305
1106,18233,22520,278,10,0.03168875351548195,0.030661342665553093,0.7130798101425171
1107,18244,22800,803,2,0.030994556844234467,0.02622627280652523,0.09774620831012726
1108,18280,21939,369,4,0.031443189829587936,0.030765580013394356,0.5130953788757324
1109,18326,22202,799,5,0.031461674720048904,0.03267618268728256,0.018547795712947845
1110,18357,12309,1525,2,0.03164065256714821,0.026249170303344727,-0.7713561654090881
1111,18386,20030,988,2,0.03162355720996857,0.02936798520386219,-0.09782397001981735
1112,18388,2531,723,6,0.03104781173169613,0.029378928244113922,0.15544815361499786
1113,18429,20854,1496,3,0.03096969798207283,0.028161443769931793,-0.6661232709884644
1114,18443,21060,451,2,0.030830837786197662,0.028476063162088394,0.46201252937316895
1115,18448,12607,1361,2,0.03104507178068161,0.03322639316320419,-0.4987754821777344
1116,18540,22478,861,6,0.03188009187579155,0.03386475145816803,-0.0114966481924057
1117,18542,17931,1194,1,0.032544638961553574,0.031070023775100708,-0.34404832124710083
1118,18551,20348,1074,3,0.032068874686956406,0.03193861246109009,-0.2071048617362976
1119,18583,17957,1010,3,0.031102757900953293,0.028958795592188835,-0.08978743106126785
1120,18595,20483,894,3,0.030203865841031075,0.03272489458322525,-0.052686721086502075
1121,18620,4379,599,2,0.03158659487962723,0.028729330748319626,0.162887305021286
1122,18625,7556,1499,2,0.03144806995987892,0.02485385537147522,-0.6346583962440491
1123,18635,22428,1437,2,0.031226588413119316,0.026809925213456154,-0.49568843841552734
1124,18637,12542,350,3,0.03198520839214325,0.03050081431865692,0.5347249507904053
1125,18646,10957,1001,6,0.030982566997408867,0.029435625299811363,-0.1748354285955429
1126,18663,23030,852,5,0.03184564411640167,0.029200401157140732,0.002919146791100502
1127,18676,1859,407,2,0.030377330258488655,0.027648892253637314,0.48380106687545776
1128,18688,1860,304,2,0.03243565186858177,0.03173186630010605,0.7030109167098999
1129,18708,10310,1,3,0.03218819573521614,0.03549494966864586,1.6059062480926514
1130,18718,15708,69,1,0.030354734510183334,0.025609269738197327,1.0520070791244507
1131,18734,20017,769,4,0.03183039277791977,0.03215615078806877,0.21030175685882568
1132,18739,21618,119,3,0.03227432444691658,0.038112420588731766,1.0425786972045898
1133,18758,22411,958,1,0.03284905105829239,0.031481508165597916,-0.12568776309490204
1134,18771,14627,1418,2,0.03174290806055069,0.024612899869680405,-0.4615837037563324
1135,18807,16345,9,3,0.031154226511716843,0.02695094794034958,1.9323501586914062
1136,18834,19955,588,2,0.03266408294439316,0.03283767029643059,0.2866337299346924
1137,18860,3484,1048,2,0.032023217529058456,0.032089900225400925,-0.14786215126514435
1138,18903,20860,329,3,0.03151148557662964,0.027827145531773567,0.6591737270355225
1139,18911,22344,217,3,0.031196804717183113,0.0321027971804142,0.6826576590538025
1140,18936,22425,1198,5,0.03191539645195007,0.025993257761001587,-0.2777441143989563
1141,18938,9512,1345,3,0.03226533532142639,0.02855912409722805,-0.41602396965026855
1142,18974,17246,74,2,0.0317201241850853,0.03233614191412926,1.118027687072754
1143,18994,21451,998,2,0.03094940446317196,0.027687016874551773,-0.1617709994316101
1144,19000,3921,1066,3,0.030635593459010124,0.027915945276618004,-0.22830724716186523
1145,19007,9656,1413,4,0.03074479289352894,0.026018131524324417,-0.5963726043701172
1146,19015,1924,941,4,0.03303879126906395,0.028180764988064766,-0.12703832983970642
1147,19025,22948,1037,6,0.03080439381301403,0.027096066623926163,-0.18333733081817627
1148,19030,22105,723,2,0.03148949518799782,0.027514256536960602,0.09888149797916412
1149,19031,13869,1542,2,0.0306650772690773,0.03034934774041176,-0.5860008597373962
1150,19032,22900,1353,3,0.03311682865023613,0.029864847660064697,-0.4529055953025818
1151,19054,10081,1589,2,0.03198181465268135,0.03857233747839928,-0.7563242316246033
1152,19152,4896,984,2,0.03110578842461109,0.028388094156980515,-0.14724795520305634
1153,19159,1946,817,2,0.03229557350277901,0.03196410834789276,0.08371813595294952
1154,19201,5963,448,3,0.0314057432115078,0.033190757036209106,0.3426663875579834
1155,19214,11578,1401,3,0.03086494468152523,0.027055412530899048,-0.4531581699848175
1156,19225,22894,19,3,0.031669050455093384,0.026544993743300438,1.5186541080474854
1157,19252,20260,170,10,0.032445382326841354,0.032762594521045685,1.118194818496704
1158,19253,2979,235,3,0.03238289803266525,0.03295742720365524,0.6691113710403442
1159,19266,10026,75,2,0.03196932002902031,0.034790631383657455,0.9791153073310852
1160,19269,22574,1057,2,0.032112907618284225,0.03065568208694458,-0.22981257736682892
1161,19277,19653,55,5,0.03202463313937187,0.032234590500593185,1.6523139476776123
1162,19279,5877,1024,2,0.030405111610889435,0.029879899695515633,-0.14014238119125366
1163,19304,21267,348,4,0.03202720731496811,0.027503740042448044,0.5965133905410767
1164,19306,18840,315,2,0.03192892298102379,0.031181560829281807,0.548796534538269
1165,19323,4541,1076,2,0.03333645686507225,0.03510073199868202,-0.23481155931949615
1166,19325,6474,647,7,0.031231589615345,0.027708884328603745,0.25517594814300537
1167,19342,15698,485,3,0.03126750886440277,0.02621544525027275,0.41267073154449463
1168,19358,11000,663,2,0.031096404418349266,0.02787821739912033,0.32131028175354004
1169,19392,21826,895,3,0.031827256083488464,0.02944166399538517,-0.11138474941253662
1170,19398,13016,1238,5,0.03178458660840988,0.031934089958667755,-0.431394100189209
1171,19399,20676,6,2,0.030318833887577057,0.029275361448526382,1.731131911277771
1172,19436,2478,385,5,0.03162163496017456,0.030863869935274124,0.5051244497299194
1173,19499,20942,742,6,0.03117385134100914,0.028935182839632034,0.14181765913963318
1174,19544,10842,349,2,0.03326516970992088,0.038898155093193054,0.560836911201477
1175,19556,7766,560,2,0.03289254382252693,0.03509003296494484,0.25141647458076477
1176,19559,7171,1710,4,0.030719004571437836,0.02689886838197708,-1.0813153982162476
1177,19613,22951,409,2,0.031025858595967293,0.028503671288490295,0.5301257371902466
1178,19615,12739,116,3,0.0311390683054924,0.03336223214864731,0.9758707880973816
1179,19623,5948,1674,3,0.03147332742810249,0.026097001507878304,-0.9100266695022583
1180,19634,7865,1339,2,0.03252560645341873,0.03374704718589783,-0.5083193182945251
1181,19643,10121,1658,5,0.03126424551010132,0.026665098965168,-0.9225061535835266
1182,19654,7543,32,2,0.03118564747273922,0.03110407292842865,1.1807260513305664
1183,19662,20144,550,1,0.03202447295188904,0.028748389333486557,0.33581191301345825
1184,19667,5186,695,5,0.03103531338274479,0.03316667303442955,0.16978059709072113
1185,19673,21734,94,2,0.03077768348157406,0.027436962351202965,1.0973503589630127
1186,19728,20685,647,2,0.031502239406108856,0.0262722447514534,0.2094152569770813
1187,19740,22923,739,4,0.03081497736275196,0.02645084261894226,0.07635004073381424
1188,19762,21230,1072,3,0.030954204499721527,0.02653316780924797,-0.13654519617557526
1189,19769,22076,602,4,0.03128308430314064,0.02748510241508484,0.2615674138069153
1190,19781,13801,716,2,0.031246356666088104,0.02620117738842964,0.12931518256664276
1191,19783,12312,53,3,0.03220096603035927,0.03286457434296608,1.5262993574142456
1192,19786,22892,1407,2,0.03107817843556404,0.024426665157079697,-0.4529244005680084
1193,19812,3921,1236,2,0.030758623033761978,0.027112971991300583,-0.3194096088409424
1194,19838,22874,1512,1,0.03484160080552101,0.0267772413790226,-0.8954527974128723
1195,19848,10277,45,2,0.030987774953246117,0.030785974115133286,1.114587664604187
1196,19864,2046,1179,2,0.03137921914458275,0.024854879826307297,-0.2587142586708069
1197,19885,11141,1264,4,0.03266652673482895,0.03524269163608551,-0.5097956657409668
1198,19897,19549,138,3,0.03211939334869385,0.031185206025838852,0.8306884765625
1199,19920,21319,290,4,0.03064410388469696,0.02813885733485222,0.6927125453948975
1200,19932,22994,1653,2,0.031277310103178024,0.025166336447000504,-0.8709529638290405
1201,19950,4027,1484,5,0.03241804242134094,0.0273781456053257,-0.7280997633934021
1202,19958,21364,388,1,0.03202676400542259,0.031025726348161697,0.4505596160888672
1203,19967,14296,811,2,0.030399562790989876,0.027880050241947174,0.023922409862279892
1204,19970,11091,137,3,0.030837146565318108,0.027080371975898743,0.8640717267990112
1205,20013,21321,1472,3,0.03148623928427696,0.02952035702764988,-0.5381878018379211
1206,20022,16926,1360,2,0.03013744205236435,0.026785142719745636,-0.48954010009765625
1207,20028,2084,713,4,0.03111434355378151,0.030068645253777504,0.19004911184310913
1208,20056,13253,1077,2,0.031650085002183914,0.026295073330402374,-0.24431729316711426
1209,20125,3890,1591,4,0.03070392832159996,0.02687329798936844,-0.8646191358566284
1210,20128,22921,513,7,0.03145700320601463,0.028197091072797775,0.3584930896759033
1211,20130,9758,1483,2,0.03325076401233673,0.02413495071232319,-0.5912927389144897
1212,20153,20298,162,2,0.03208687901496887,0.03461947664618492,0.8794228434562683
1213,20154,22861,49,10,0.032854095101356506,0.03142480179667473,1.290831208229065
1214,20166,17148,529,2,0.032364487648010254,0.04121534526348114,0.3631010055541992
1215,20210,12542,313,6,0.031542256474494934,0.0290055088698864,0.6118988394737244
1216,20246,22861,130,4,0.031061183661222458,0.028928473591804504,0.9526616334915161
1217,20254,4761,31,2,0.031227827072143555,0.02953259088099003,1.5381290912628174
1218,20301,3740,667,2,0.03193053603172302,0.024336760863661766,0.16501910984516144
1219,20341,11932,968,6,0.03106897696852684,0.030302833765745163,-0.11571759730577469
1220,20359,20926,1237,2,0.030145766213536263,0.026419907808303833,-0.414450466632843
1221,20365,18430,808,2,0.031710557639598846,0.027121298015117645,0.04287862777709961
1222,20383,2140,1,3,0.03200436010956764,0.03107205405831337,3.0098724365234375
1223,20385,19486,8,2,0.03251301869750023,0.03347789868712425,1.7804983854293823
1224,20449,8717,409,3,0.031079085543751717,0.030912548303604126,0.3933637738227844
1225,20458,7237,516,2,0.03135359659790993,0.02631498873233795,0.2434077262878418
1226,20464,17422,861,3,0.03087182156741619,0.026848874986171722,-0.025890983641147614
1227,20472,17785,1359,2,0.030873272567987442,0.028007980436086655,-0.37314146757125854
1228,20483,7661,1451,8,0.03144105523824692,0.024694275110960007,-0.6816803216934204
1229,20487,21758,41,3,0.03154713660478592,0.03008505515754223,1.106900930404663
1230,20488,18116,584,2,0.030788907781243324,0.02989223226904869,0.25337374210357666
1231,20501,2152,279,4,0.0315028578042984,0.031729407608509064,0.7482964992523193
1232,20526,23031,1184,5,0.03173431381583214,0.030282318592071533,-0.28046566247940063
1233,20604,7236,629,1,0.03178840130567551,0.030148029327392578,0.1944325864315033
1234,20606,22382,589,3,0.030872337520122528,0.02692975103855133,0.3970177173614502
1235,20607,10524,391,3,0.030641939491033554,0.028221186250448227,0.49498817324638367
1236,20610,20127,1455,6,0.0314394012093544,0.02741638571023941,-0.6106247901916504
1237,20678,16440,250,2,0.032559458166360855,0.02828608639538288,0.7362794876098633
1238,20681,7014,1520,5,0.03150661289691925,0.028285173699259758,-0.7428739070892334
1239,20686,22633,1179,3,0.03106674551963806,0.026718882843852043,-0.3832966685295105
1240,20689,18133,447,5,0.030777690932154655,0.026995215564966202,0.42605915665626526
1241,20692,21377,1503,4,0.03132766857743263,0.027280058711767197,-0.7219591736793518
1242,20698,22787,1576,1,0.032885562628507614,0.02533513680100441,-0.718127429485321
1243,20700,14056,25,2,0.034032102674245834,0.03509923815727234,2.1906063556671143
1244,20726,21344,1758,2,0.033989738672971725,0.027884066104888916,-1.3634014129638672
1245,20735,18362,1531,6,0.031192416325211525,0.02864464558660984,-0.6790066361427307
1246,20748,13394,699,5,0.031852222979068756,0.033889953047037125,0.10607656091451645
1247,20771,3584,44,4,0.03142107278108597,0.029079429805278778,1.5450656414031982
1248,20788,22964,85,4,0.03141027316451073,0.03334343805909157,1.5714362859725952
1249,20790,18728,80,1,0.031890589743852615,0.028004366904497147,1.3299739360809326
1250,20815,22929,273,2,0.030906107276678085,0.026762735098600388,0.6781530380249023
1251,20822,20995,58,2,0.03260955959558487,0.034091949462890625,1.0397013425827026
1252,20827,17276,741,2,0.03240634873509407,0.034067414700984955,0.10377085953950882
1253,20847,13670,948,2,0.03056919574737549,0.026259424164891243,-0.06745566427707672
1254,20874,22229,128,2,0.031097957864403725,0.0258073378354311,0.9087270498275757
1255,20899,18594,324,1,0.03294886276125908,0.04034508764743805,0.6130415201187134
1256,20926,22545,1349,1,0.03318508714437485,0.039846181869506836,-0.6402786374092102
1257,20943,17912,980,3,0.0311402827501297,0.026165790855884552,-0.06401519477367401
1258,20989,4642,1210,2,0.03059561178088188,0.02671709656715393,-0.326495498418808
1259,21003,19336,903,3,0.031643811613321304,0.032883062958717346,-0.10229283571243286
1260,21014,18548,151,2,0.031595420092344284,0.03178386390209198,0.7479644417762756
1261,21075,16414,770,2,0.03297937661409378,0.028942741453647614,0.04789423942565918
1262,21087,22959,145,3,0.031226864084601402,0.02655549719929695,1.1523741483688354
1263,21103,7577,1527,6,0.03093777969479561,0.0264081172645092,-0.6833539009094238
1264,21115,5810,416,2,0.031122351065278053,0.028786448761820793,0.5204510688781738
1265,21135,9103,212,2,0.03125922009348869,0.028917592018842697,0.7247322201728821
1266,21146,19256,402,2,0.030370084568858147,0.03144439309835434,0.5800645351409912
1267,21178,23026,434,3,0.031193025410175323,0.028988610953092575,0.4374939799308777
1268,21204,13241,662,3,0.03150395676493645,0.029573017731308937,0.2651227116584778
1269,21281,13436,480,3,0.03173722326755524,0.028204362839460373,0.3862546682357788
1270,21301,19659,955,2,0.031941697001457214,0.03060220368206501,-0.1424601972103119
1271,21308,21615,751,5,0.031914371997117996,0.02701997011899948,0.06463558971881866
1272,21322,4304,286,3,0.030956221744418144,0.0289152879267931,0.7379459142684937
1273,21335,22349,1368,3,0.032128918915987015,0.03501039743423462,-0.5651974081993103
1274,21355,22434,970,3,0.031644247472286224,0.03311806544661522,-0.20416423678398132
1275,21366,16956,673,4,0.03185258433222771,0.03048517368733883,0.20066386461257935
1276,21387,4209,535,5,0.03152306377887726,0.03213237226009369,0.2509600818157196
1277,21407,8873,1055,2,0.03091142140328884,0.02741231769323349,-0.26144498586654663
1278,21416,11281,259,3,0.032028406858444214,0.03340694308280945,0.6509624719619751
1279,21446,12804,1393,4,0.03168506920337677,0.02458014339208603,-0.484342485666275
1280,21457,20141,638,8,0.03008398972451687,0.028117042034864426,0.244724839925766
1281,21466,10304,26,2,0.03136609122157097,0.02716035582125187,1.4662024974822998
1282,21475,20864,1033,2,0.03065403550863266,0.027623923495411873,-0.09835651516914368
1283,21497,15814,129,4,0.03072112798690796,0.029095802456140518,0.949375569820404
1284,21501,11540,1413,2,0.030943159013986588,0.0268818698823452,-0.5324772000312805
1285,21512,9479,276,3,0.030701328068971634,0.028704099357128143,0.6553754210472107
1286,21522,8758,1497,2,0.031434834003448486,0.027112985029816628,-0.6769232749938965
1287,21538,22434,1327,3,0.03279285877943039,0.036863118410110474,-0.40374651551246643
1288,21561,2332,1732,2,0.03203558921813965,0.03562489524483681,-0.8183682560920715
1289,21572,21942,99,4,0.03153383731842041,0.03170132264494896,1.1847645044326782
1290,21574,20240,831,3,0.033096328377723694,0.03596266359090805,0.022886410355567932
1291,21586,22555,637,7,0.031098822131752968,0.027943022549152374,0.22779417037963867
1292,21623,22743,303,2,0.030052339658141136,0.025980353355407715,0.6232932806015015
1293,21661,17438,1438,1,0.03124351240694523,0.022723879665136337,-0.586228609085083
1294,21677,22775,1356,3,0.03190311789512634,0.02653832733631134,-0.4249855875968933
1295,21716,11337,507,2,0.03131650760769844,0.03217831254005432,0.33123913407325745
1296,21759,4864,274,2,0.0312686488032341,0.028170570731163025,0.6777960658073425
1297,21772,22472,1044,1,0.03101412020623684,0.029705464839935303,-0.2224925309419632
1298,21813,16292,32,3,0.032291311770677567,0.032984793186187744,1.2022746801376343
1299,21834,14778,528,2,0.031100286170840263,0.029429703950881958,0.2926504909992218
1300,21838,22385,1266,3,0.03116096742451191,0.0304342620074749,-0.48598766326904297
1301,21842,19186,470,7,0.031716328114271164,0.026192784309387207,0.35402530431747437
1302,21852,22474,665,1,0.03229987993836403,0.028804004192352295,0.16303503513336182
1303,21859,4334,172,2,0.03192033991217613,0.030500467866659164,0.8170813322067261
1304,21890,19794,564,4,0.03105906769633293,0.0289751123636961,0.2915194034576416
1305,21896,22532,1548,2,0.03104548715054989,0.02707849070429802,-0.6429418325424194
1306,21911,22834,1570,1,0.03150730952620506,0.02496497891843319,-0.7594344019889832
1307,21912,22515,817,3,0.03128478676080704,0.02554965764284134,0.1164616122841835
1308,21941,9811,898,2,0.03106859140098095,0.026744313538074493,-0.054287053644657135
1309,21955,17716,16,1,0.03122863918542862,0.029339198023080826,1.9482765197753906
1310,21960,12930,1211,3,0.03075115755200386,0.025482136756181717,-0.3168293237686157
1311,21981,14964,1502,2,0.030752727761864662,0.027628421783447266,-0.5578346848487854
1312,21988,21826,383,8,0.030793454498052597,0.029306426644325256,0.5410485863685608
1313,22006,21124,1004,2,0.030711375176906586,0.026991374790668488,-0.07301951944828033
1314,22024,10954,1127,3,0.03202114626765251,0.03221338242292404,-0.2567458748817444
1315,22037,14510,159,2,0.030838336795568466,0.026575865224003792,0.8303036093711853
1316,22097,8042,369,2,0.030289560556411743,0.026959680020809174,0.5735738277435303
1317,22134,14255,325,3,0.03170027211308479,0.03320925682783127,0.5595678687095642
1318,22167,22204,134,6,0.0314926840364933,0.03351175785064697,1.1749978065490723
1319,22172,21217,850,3,0.03132721781730652,0.025849521160125732,0.0006473362445831299
1320,22176,22909,519,3,0.03039473667740822,0.026201078668236732,0.29655176401138306
1321,22179,12036,1541,2,0.0306475218385458,0.02780831791460514,-0.7196998000144958
1322,22183,8766,1639,1,0.03160041198134422,0.030841214582324028,-0.8214688301086426
1323,22213,22821,1066,2,0.03191360831260681,0.027856215834617615,-0.1811666190624237
1324,22220,3633,258,3,0.031802788376808167,0.029427489265799522,0.6624351143836975
1325,22231,22957,494,4,0.03151654824614525,0.026639442890882492,0.33603572845458984
1326,22238,10831,157,2,0.030628500506281853,0.0279567651450634,0.9560505151748657
1327,22241,2492,306,3,0.031462255865335464,0.027130376547574997,0.5558637380599976
1328,22254,7779,1148,3,0.03043166920542717,0.027623090893030167,-0.25210481882095337
1329,22290,2920,423,2,0.0318911038339138,0.034293804317712784,0.4794168770313263
1330,22302,10918,1221,2,0.031741853803396225,0.031573981046676636,-0.38160252571105957
1331,22310,22356,505,2,0.030436867848038673,0.02818024903535843,0.5606396794319153
1332,22315,8077,90,2,0.03070014901459217,0.028212368488311768,0.9932950139045715
1333,22331,21276,365,6,0.03183209151029587,0.038047872483730316,0.6230998635292053
1334,22366,18548,466,4,0.03088081255555153,0.02712738886475563,0.38273221254348755
1335,22387,5436,1587,2,0.031459931284189224,0.027648381888866425,-0.7655442953109741
1336,22400,5895,1296,2,0.031062057241797447,0.02494504302740097,-0.37483447790145874
1337,22429,20893,873,2,0.031168006360530853,0.028020009398460388,-0.0874541699886322
1338,22445,22213,32,8,0.031037114560604095,0.03326078876852989,1.9410110712051392
1339,22463,19474,65,2,0.03138231486082077,0.03242013603448868,1.0057024955749512
1340,22482,17922,666,2,0.0322626531124115,0.028494471684098244,0.1836300790309906
1341,22490,22853,889,2,0.031332410871982574,0.03213632106781006,-0.053514495491981506
1342,22501,19837,1261,4,0.030577875673770905,0.02938605099916458,-0.35736364126205444
1343,22502,13175,1195,2,0.030541878193616867,0.024919811636209488,-0.4017392098903656
1344,22508,13453,1708,4,0.031184105202555656,0.02443850412964821,-1.0039055347442627
1345,22515,6884,241,2,0.03138262405991554,0.028827467933297157,0.7428433299064636
1346,22538,12705,722,2,0.02960595116019249,0.02528342977166176,0.1263764500617981
1347,22628,12592,2,2,0.03045365959405899,0.029664717614650726,2.3056182861328125
1348,22630,5059,16,2,0.032469186931848526,0.03431147709488869,2.1686928272247314
1349,22659,2594,1303,3,0.03211696818470955,0.029027270153164864,-0.3946196436882019
1350,22675,23009,688,2,0.033696580678224564,0.03207598626613617,0.10223399847745895
1351,22695,20610,1556,2,0.030065130442380905,0.027712304145097733,-0.7407947778701782
1352,22700,4665,991,2,0.03403562679886818,0.04273137450218201,-0.16708965599536896
1353,22709,3018,350,3,0.031025514006614685,0.0314360037446022,0.5098068714141846
1354,22710,19985,1418,1,0.032550565898418427,0.031921032816171646,-0.5748512744903564
1355,22714,20902,715,3,0.031559135764837265,0.028223514556884766,0.2689160108566284
1356,22731,22913,653,2,0.033353291451931,0.02605358138680458,0.15090252459049225
1357,22743,10454,1470,1,0.032204076647758484,0.025544974952936172,-0.6120340824127197
1358,22767,17099,795,3,0.03201303258538246,0.029363583773374557,0.0342046320438385
1359,22774,22018,339,7,0.03178685903549194,0.030100319534540176,0.5386831760406494
1360,22781,9818,841,2,0.032686080783605576,0.0279533751308918,-0.002725452184677124
1361,22782,7186,215,3,0.03403903543949127,0.039814382791519165,0.8542321920394897
1362,22799,17569,467,7,0.03237944468855858,0.0285694170743227,0.4146439731121063
1363,22827,11953,220,3,0.0327751561999321,0.03078140690922737,0.7130060791969299
1364,22830,21465,467,2,0.03333159163594246,0.02590348571538925,0.305701345205307
1365,22843,22946,424,2,0.02992074564099312,0.0272262804210186,0.43049192428588867
1366,22849,14716,1,3,0.0304282084107399,0.0278512854129076,2.4168224334716797
1367,22864,4019,1395,4,0.03117864951491356,0.035694241523742676,-0.5479281544685364
1368,22873,22884,1349,2,0.032871175557374954,0.028343060985207558,-0.4851958751678467
1369,22876,19652,1722,2,0.031540244817733765,0.025723326951265335,-0.8642351627349854
1370,22878,16642,603,2,0.03176628425717354,0.03024696186184883,0.23473849892616272
1371,22882,3103,1685,1,0.03107115812599659,0.028007645159959793,-1.1599520444869995
1372,22928,13697,655,3,0.03239467367529869,0.03272361308336258,0.19309182465076447
1373,22929,20978,72,3,0.03149724751710892,0.029854666441679,1.007322907447815
1374,22952,2667,147,2,0.030154453590512276,0.026062969118356705,0.8870670795440674
1375,22991,16890,1437,2,0.031734615564346313,0.024255625903606415,-0.6069633364677429
1376,23048,17424,1424,2,0.03172029182314873,0.0301139447838068,-0.49618321657180786
1377,23064,21429,3,2,0.03113248199224472,0.03153495118021965,1.6509172916412354
1378,23074,19594,415,1,0.0324874073266983,0.036005835980176926,0.48764821887016296
1379,23081,2686,1,2,0.02962823584675789,0.028894241899251938,2.3149800300598145
1380,23084,9674,783,4,0.03246767446398735,0.025601590052247047,0.06901603937149048
1381,23090,12939,854,2,0.03212522715330124,0.027380693703889847,-0.038663625717163086
1382,23109,8466,207,2,0.031091809272766113,0.028261704370379448,0.7544189691543579
1383,23121,18069,245,3,0.0320601649582386,0.031296130269765854,0.6320343017578125
1384,23122,6718,465,2,0.03147391229867935,0.02910619229078293,0.36943405866622925
1385,23135,4395,21,3,0.03015385940670967,0.02997943013906479,1.6621785163879395
1386,23141,22518,818,2,0.031308986246585846,0.029272262006998062,-0.0024199672043323517
1387,23175,21615,312,2,0.03033939190208912,0.027360687032341957,0.4917190670967102
1388,23176,22033,1575,2,0.03064895048737526,0.027193928137421608,-0.7150073051452637
1389,23219,22935,391,2,0.032185401767492294,0.028150524944067,0.40592196583747864
1390,23255,21045,826,1,0.03197760507464409,0.030393563210964203,0.05497768521308899
1391,23256,12526,811,2,0.03122551366686821,0.025732606649398804,0.013744749128818512
1392,23269,5491,619,2,0.0316917859017849,0.02614285796880722,0.26282477378845215
1393,23272,23032,1127,2,0.03061816841363907,0.02792670764029026,-0.2995914816856384
1394,23323,4371,1434,3,0.03106536902487278,0.025828618556261063,-0.5869859457015991
1395,23341,2758,200,2,0.032521091401576996,0.02392788976430893,0.7721750736236572
1396,23350,16433,311,2,0.03079109638929367,0.02905244193971157,0.6751920580863953
1397,23358,17611,1305,2,0.030693495646119118,0.025226376950740814,-0.33206236362457275
1398,23385,20041,145,2,0.030563924461603165,0.029680844396352768,0.787646472454071
1399,23392,17957,45,2,0.031882792711257935,0.034519582986831665,1.1731438636779785
1400,23442,21500,652,3,0.031072895973920822,0.026878071948885918,0.20726251602172852
1401,23477,9968,334,2,0.030641552060842514,0.02964954264461994,0.48852306604385376
1402,23487,20913,737,2,0.03119415044784546,0.02730889618396759,0.11871853470802307
1403,23488,20040,74,2,0.032227225601673126,0.03394222632050514,0.9048654437065125
1404,23491,19297,319,2,0.0323917418718338,0.0335865244269371,0.5020901560783386
1405,23515,7733,678,1,0.03037765435874462,0.030207229778170586,0.21497952938079834
1406,23535,2814,254,2,0.03318389132618904,0.026905333623290062,0.7772262096405029
1407,23546,9384,1014,2,0.03103613667190075,0.027339406311511993,-0.11500449478626251
1408,23551,19895,155,5,0.031574949622154236,0.029726702719926834,0.9677276611328125
1409,23605,14776,958,2,0.030647678300738335,0.027010079473257065,-0.04033033549785614
1410,23615,22533,118,2,0.029718466103076935,0.026706388220191002,1.018910527229309
1411,23628,21586,1479,2,0.030459051951766014,0.027951613068580627,-0.5643367767333984
1412,23654,21195,1591,2,0.030938804149627686,0.02550995536148548,-0.8074564933776855
1413,23676,20891,86,2,0.031137855723500252,0.026769336313009262,1.2331619262695312
1414,23682,16818,867,3,0.03064991533756256,0.03055332601070404,0.044378817081451416
1415,23689,20550,1499,2,0.03275090456008911,0.025300340726971626,-0.605870246887207
1416,23729,22966,1,2,0.03184377774596214,0.037488676607608795,3.7577919960021973
1417,23731,17888,19,3,0.03152628242969513,0.026870541274547577,1.450422763824463
1418,23758,22059,97,2,0.031900908797979355,0.03157249838113785,0.9987631440162659
1419,23766,4576,1372,3,0.03131338581442833,0.027360904961824417,-0.4526394009590149
1420,23775,17210,1644,2,0.031267669051885605,0.026054278016090393,-0.9019991755485535
1421,23787,22511,1333,3,0.03217041864991188,0.033135976642370224,-0.4472816288471222
1422,23810,15983,775,3,0.032113056629896164,0.030912689864635468,-0.0011795386672019958
1423,23832,20282,606,4,0.03016423061490059,0.027990303933620453,0.21058039367198944
1424,23833,11835,483,3,0.03127346187829971,0.030307909473776817,0.3348352015018463
1425,23851,15572,274,3,0.03154710680246353,0.028584282845258713,0.7039833068847656
1426,23853,13239,400,3,0.03108297660946846,0.03048606589436531,0.4936527609825134
1427,23867,3560,1423,2,0.03104330040514469,0.028284503147006035,-0.6555835008621216
1428,23876,21895,1052,6,0.03211655467748642,0.029622778296470642,-0.2289608120918274
1429,23913,17805,352,3,0.031282223761081696,0.029571469873189926,0.5121030211448669
1430,23922,17953,10,4,0.03305399417877197,0.03875767067074776,1.2164325714111328
1431,23923,19829,1548,5,0.031828053295612335,0.028989525511860847,-0.7839189767837524
1432,23939,11142,822,2,0.03132643550634384,0.02542099729180336,-0.01314067654311657
1433,23943,10945,473,5,0.03132612258195877,0.02912527322769165,0.38675224781036377
1434,23945,3469,1207,2,0.03238993138074875,0.025313716381788254,-0.38659903407096863
1435,23953,6193,92,3,0.031600676476955414,0.03152153640985489,0.9589366912841797
1436,23964,12288,1073,2,0.031461991369724274,0.025976229459047318,-0.20313997566699982
1437,23974,13314,698,2,0.031129084527492523,0.030081117525696754,0.029766909778118134
1438,23976,11979,1695,2,0.03025791607797146,0.02873794548213482,-1.207029938697815
1439,23978,13824,319,2,0.031941138207912445,0.03356220945715904,0.5930731892585754
1440,23983,6795,2,2,0.031547412276268005,0.033290933817625046,2.194305896759033
1441,23990,6893,1266,2,0.03072459250688553,0.025958530604839325,-0.28611740469932556
1442,24060,19304,216,2,0.032684650272130966,0.034448929131031036,0.7907788753509521
1443,24075,19361,145,2,0.02997683361172676,0.02617114968597889,1.0848029851913452
1444,24090,9853,259,2,0.03085041604936123,0.02733960933983326,0.6183640956878662
1445,24097,22926,4,2,0.030006933957338333,0.027060195803642273,2.1975607872009277
1446,24100,2978,1776,2,0.03126126900315285,0.03009926527738571,-1.3445255756378174
1447,24109,5347,1306,3,0.03174334764480591,0.03041212633252144,-0.34965574741363525
1448,24119,14264,1593,2,0.031021131202578545,0.026358794420957565,-0.8666811585426331
1449,24125,15827,51,3,0.031514257192611694,0.031119298189878464,1.3358829021453857
1450,24134,15865,427,2,0.03225736320018768,0.027103755623102188,0.48083174228668213
1451,24139,18362,913,2,0.0321049802005291,0.02964603528380394,-0.06053437292575836
1452,24144,11925,30,3,0.03202410042285919,0.034166984260082245,1.2959403991699219
1453,24151,10817,1483,2,0.03184504434466362,0.028904113918542862,-0.7751853466033936
1454,24204,20668,11,2,0.03295682743191719,0.034876298159360886,1.0975862741470337
1455,24269,12686,287,2,0.030886676162481308,0.027760805562138557,0.5226753950119019
1456,24285,22346,1518,2,0.029835518449544907,0.026795895770192146,-0.7277436256408691
1457,24299,21798,687,5,0.030720602720975876,0.02887411043047905,0.14681702852249146
1458,24323,3050,1510,3,0.0308530330657959,0.027906956151127815,-0.6032067537307739
1459,24333,19794,182,2,0.03167835250496864,0.03107571415603161,0.750852108001709
1460,24343,22903,713,3,0.03247528523206711,0.029003489762544632,0.12211041897535324
1461,24369,12617,405,2,0.032817162573337555,0.02675468474626541,0.3761734366416931
1462,24371,6879,271,3,0.03228338435292244,0.03155367821455002,0.6095757484436035
1463,24395,3730,693,3,0.03166348114609718,0.027430901303887367,0.20167961716651917
1464,24398,10401,163,3,0.031340427696704865,0.03238502889871597,0.9402440786361694
1465,24407,3073,400,3,0.03108086809515953,0.0318840891122818,0.3980030417442322
1466,24412,22990,618,5,0.03135978803038597,0.02679997682571411,0.26882368326187134
1467,24449,11328,16,2,0.03166421502828598,0.03041939251124859,1.63002347946167
1468,24480,22939,62,1,0.03036234900355339,0.026967864483594894,1.1716787815093994
1469,24524,16859,478,2,0.03183197230100632,0.029712781310081482,0.38671988248825073
1470,24530,15913,539,2,0.03004583530128002,0.02895502746105194,0.28097379207611084
1471,24544,20503,132,4,0.030603019520640373,0.02603711001574993,0.9980047345161438
1472,24580,3113,7,2,0.030043216422200203,0.03159277141094208,1.5076963901519775
1473,24601,21110,281,2,0.03277505934238434,0.03318999707698822,0.6928105354309082
1474,24616,20312,236,2,0.03201362490653992,0.027895187959074974,0.7725409269332886
1475,24629,11589,255,2,0.031428903341293335,0.03006214089691639,0.6900752186775208
1476,24636,21734,145,7,0.0313541404902935,0.028632180765271187,0.7916070818901062
1477,24648,16873,112,3,0.032111555337905884,0.032490089535713196,0.8204413652420044
1478,24652,13175,78,2,0.031145654618740082,0.028991680592298508,1.2331799268722534
1479,24738,20641,1017,2,0.031283970922231674,0.026358937844634056,-0.15270915627479553
1480,24755,20801,167,3,0.030827656388282776,0.031111035495996475,0.8083566427230835
1481,24836,12657,248,1,0.03164113312959671,0.02790837362408638,0.79053795337677
1482,24841,19955,629,2,0.0314788818359375,0.033172693103551865,0.2781640589237213
1483,24869,16217,218,2,0.03278513625264168,0.03631352260708809,0.6939404010772705
1484,24911,3188,29,2,0.03206881508231163,0.0318182036280632,1.2937026023864746
1485,24913,20793,756,3,0.03142927214503288,0.030916914343833923,0.13097864389419556
1486,24929,9508,315,4,0.031945545226335526,0.030906137079000473,0.6814443469047546
1487,24977,15619,250,4,0.03132157027721405,0.030849449336528778,0.8829834461212158
1488,24978,3825,722,3,0.032386794686317444,0.02597198635339737,0.14472299814224243
1489,24995,8537,701,2,0.03192029520869255,0.023860210552811623,0.15815366804599762
1490,25069,20803,327,3,0.0310466717928648,0.029539208859205246,0.6377031803131104
1491,25110,19052,849,3,0.03148482367396355,0.031939126551151276,0.09905631095170975
1492,25184,22884,1656,2,0.031542178243398666,0.03041292168200016,-1.044161319732666
1493,25197,17183,204,1,0.03189706802368164,0.03175774961709976,0.7111356258392334
1494,25198,5082,5,1,0.031049318611621857,0.032511308789253235,1.7305620908737183
1495,25245,5847,1585,2,0.032675839960575104,0.02449924871325493,-0.6629441976547241
1496,25265,17953,1288,3,0.03149285167455673,0.02768300473690033,-0.4608747661113739
1497,25268,18542,22,4,0.030758269131183624,0.027825338765978813,1.2243640422821045
1498,25289,13001,101,2,0.03219161182641983,0.03194710612297058,0.8440210819244385
1499,25300,8410,468,2,0.030631698668003082,0.02880830317735672,0.5187527537345886
1500,25328,13078,1037,2,0.030832918360829353,0.02323249727487564,-0.19533635675907135
1501,25329,22355,174,2,0.0303958747535944,0.02876007929444313,0.8744361996650696
1502,25337,22252,62,2,0.030147437006235123,0.027317751199007034,1.1363357305526733
1503,25339,19835,1443,3,0.030132703483104706,0.025842944160103798,-0.5068047642707825
1504,25396,19069,727,3,0.03190544620156288,0.029719531536102295,0.13717778027057648
1505,25397,17369,431,3,0.031185967847704887,0.028821352869272232,0.41963860392570496
1506,25407,11829,820,8,0.030359849333763123,0.02931610308587551,0.09843426942825317
1507,25438,21384,430,5,0.03077371045947075,0.02833312563598156,0.4851575791835785
1508,25440,3344,1752,2,0.03200523927807808,0.030457567423582077,-1.2233641147613525
1509,25443,3637,458,2,0.031173866242170334,0.029188646003603935,0.41920047998428345
1510,25453,22826,1065,6,0.031022315844893456,0.027309730648994446,-0.1998106986284256
1511,25462,21436,321,2,0.030703283846378326,0.027065947651863098,0.5442237257957458
1512,25485,19663,505,3,0.030693294480443,0.025750605389475822,0.3497869372367859
1513,25490,20564,511,2,0.03227805346250534,0.0258665569126606,0.2311960756778717
1514,25492,21146,1147,2,0.03033042699098587,0.026489248499274254,-0.2553578019142151
1515,25518,3726,454,3,0.03210201486945152,0.03010277822613716,0.3996596336364746
1516,25532,3382,565,2,0.030461469665169716,0.02632288634777069,0.2650068402290344
1517,25605,9388,90,3,0.03087005577981472,0.030104853212833405,1.1825716495513916
1518,25607,9388,60,3,0.029836874455213547,0.028412051498889923,1.2753607034683228
1519,25609,3396,1487,2,0.031186949461698532,0.027986939996480942,-0.5563263893127441
1520,25612,13511,246,1,0.03314309939742088,0.03133605420589447,0.6340925097465515
1521,25629,10362,1239,4,0.03120855614542961,0.028979580849409103,-0.3327293395996094
1522,25657,3415,279,3,0.030887968838214874,0.02770250290632248,0.6120859980583191
1523,25658,9868,597,2,0.03187144175171852,0.03545276075601578,0.25855425000190735
1524,25687,22642,528,2,0.031316451728343964,0.027632351964712143,0.2883922755718231
1525,25689,19835,291,7,0.031956106424331665,0.027712838724255562,0.7262706160545349
1526,25694,22958,9,2,0.030587993562221527,0.028379574418067932,1.9150300025939941
1527,25708,14877,5,3,0.031070981174707413,0.029782794415950775,1.8017621040344238
1528,25714,9384,1569,2,0.03242769092321396,0.029275085777044296,-0.700775146484375
1529,25771,16586,1,2,0.03008226677775383,0.027703840285539627,2.1369574069976807
1530,25789,3485,1428,4,0.03263406082987785,0.029512809589505196,-0.5339916944503784
1531,25792,15648,4,2,0.03274477273225784,0.03291013464331627,1.402346134185791
1532,25862,5520,14,4,0.031838998198509216,0.031130192801356316,1.9910640716552734
1533,25867,11106,620,1,0.0317688025534153,0.03186304494738579,0.2793131470680237
1534,25885,22472,873,4,0.0312042236328125,0.032831043004989624,-0.05788777768611908
1535,25900,19526,10,2,0.03167043998837471,0.02874249592423439,1.5068492889404297
1536,25938,6195,1060,5,0.03065168485045433,0.027359113097190857,-0.1992601603269577
1537,26003,22144,265,2,0.0338556133210659,0.029716063290834427,0.7797072529792786
1538,26008,3712,1359,6,0.03173049911856651,0.026957709342241287,-0.6392822265625
1539,26035,6656,621,2,0.031783174723386765,0.029187681153416634,0.12760519981384277
1540,26041,15998,3,2,0.031643372029066086,0.030777808278799057,1.7602870464324951
1541,26065,14871,192,3,0.032217543572187424,0.031888093799352646,0.7103089094161987
1542,26085,21685,1051,2,0.031727902591228485,0.03184293210506439,-0.2447279542684555
1543,26090,20805,916,2,0.031232478097081184,0.026760965585708618,-0.062037914991378784
1544,26130,19913,497,3,0.031429097056388855,0.029154546558856964,0.3782080113887787
1545,26156,18394,632,6,0.031895916908979416,0.027285072952508926,0.2735823392868042
1546,26202,18061,1457,2,0.03138947859406471,0.025026671588420868,-0.6577777862548828
1547,26209,22929,1052,4,0.031352605670690536,0.028531378135085106,-0.13280457258224487
1548,26220,10861,752,3,0.03108816221356392,0.027714064344763756,0.11168819665908813
1549,26230,8044,209,2,0.03045261837542057,0.026315832510590553,0.6427658796310425
1550,26233,6714,99,2,0.03316185623407364,0.029857758432626724,0.9342333674430847
1551,26234,6497,806,2,0.031990986317396164,0.0319942943751812,0.047648943960666656
1552,26241,16198,1406,3,0.03104918636381626,0.028149327263236046,-0.4850473701953888
1553,26247,7447,34,3,0.030858829617500305,0.03024878352880478,1.5409427881240845
1554,26259,23028,18,2,0.030328482389450073,0.028546549379825592,1.2825220823287964
1555,26267,22565,990,3,0.030820753425359726,0.029054785147309303,-0.06827351450920105
1556,26276,22807,367,2,0.03266323357820511,0.026173699647188187,0.5430044531822205
1557,26299,3595,728,2,0.029986223205924034,0.026859836652874947,0.10418827831745148
1558,26321,3599,135,2,0.03083636425435543,0.025941941887140274,1.0647778511047363
1559,26349,22714,1199,2,0.030619626864790916,0.030379490926861763,-0.27987343072891235
1560,26368,13598,1254,2,0.031512293964624405,0.031905196607112885,-0.38082343339920044
1561,26369,6033,1668,2,0.030405912548303604,0.025730567052960396,-0.8636443018913269
1562,26371,10742,343,2,0.030412936583161354,0.026515208184719086,0.5143317580223083
1563,26377,9694,196,5,0.03125232458114624,0.03024020791053772,0.8680889010429382
1564,26387,7373,231,2,0.0312918946146965,0.03630330041050911,0.7943257093429565
1565,26394,13046,5,4,0.03270505368709564,0.03622116521000862,2.627819299697876
1566,26402,14378,22,3,0.03156481310725212,0.03204449266195297,1.9674432277679443
1567,26406,22574,238,2,0.03296313434839249,0.03671194612979889,0.8559587597846985
1568,26437,19112,1638,2,0.031426623463630676,0.0277598574757576,-0.7906068563461304
1569,26448,19900,259,3,0.031951904296875,0.033704400062561035,0.6798173189163208
1570,26530,5108,576,2,0.03131205588579178,0.029615243896842003,0.3802603781223297
1571,26532,8504,1181,2,0.031566519290208817,0.02775123342871666,-0.3919825255870819
1572,26534,22821,470,3,0.03272123634815216,0.03091527335345745,0.3311588764190674
1573,26580,9479,23,2,0.0319468192756176,0.033136121928691864,1.4379749298095703
1574,26583,5903,1253,3,0.02968728356063366,0.02539789490401745,-0.5025880932807922
1575,26605,22328,819,5,0.031000422313809395,0.02756446972489357,0.07727674394845963
1576,26628,4387,517,3,0.03237052634358406,0.030398081988096237,0.28633713722229004
1577,26630,22004,484,2,0.031140556558966637,0.030538421124219894,0.39807620644569397
1578,26674,13481,22,2,0.030462464317679405,0.02992195263504982,1.8502583503723145
1579,26690,19767,67,2,0.03064536862075329,0.02626068890094757,0.9749768972396851
1580,26817,21758,1391,2,0.03145447000861168,0.026368416845798492,-0.48578280210494995
1581,26818,18274,53,2,0.03208428621292114,0.03155411034822464,1.000520944595337
1582,26819,3762,338,2,0.031178129836916924,0.028233438730239868,0.6222373247146606
1583,26850,21345,78,3,0.03151456266641617,0.0312737375497818,1.133493423461914
1584,26854,23031,1062,3,0.03307151049375534,0.033373069018125534,-0.20559196174144745
1585,26857,11685,886,2,0.03189684823155403,0.033961065113544464,0.06206681579351425
1586,26876,22217,207,3,0.03209064528346062,0.033572204411029816,0.7009879350662231
1587,26886,22892,373,3,0.031028473749756813,0.02833360619843006,0.5683977007865906
1588,26952,12394,595,2,0.030276291072368622,0.02678157016634941,0.30272987484931946
1589,26973,15590,193,2,0.032132234424352646,0.03335752338171005,0.7533656358718872
1590,27003,11829,221,2,0.031139075756072998,0.029782265424728394,0.7032264471054077
1591,27006,22480,62,3,0.03092992678284645,0.02955705299973488,1.0498228073120117
1592,27028,18091,1747,2,0.03193075582385063,0.03688829764723778,-1.3990482091903687
1593,27036,3822,103,3,0.030668409541249275,0.03073030523955822,0.8797999620437622
1594,27046,14483,533,3,0.03232517093420029,0.030707160010933876,0.3146621882915497
1595,27054,15266,1,6,0.03072015568614006,0.026670990511775017,2.5522735118865967
1596,27078,20798,448,1,0.03208658844232559,0.028322625905275345,0.5963086485862732
1597,27079,21724,1333,1,0.03208658844232559,0.03076431155204773,-0.6390017867088318
1598,27093,21338,655,1,0.03150912746787071,0.02465624175965786,0.2803439199924469
1599,27126,22144,26,2,0.03167546167969704,0.029343530535697937,1.1896097660064697
1600,27176,21364,165,4,0.03218666836619377,0.031874869018793106,1.0277235507965088
1601,27193,3865,1591,2,0.031631696969270706,0.03168632835149765,-0.8589369058609009
1602,27215,3869,854,2,0.03212423250079155,0.02607574500143528,-0.03750211000442505
1603,27234,16763,1605,1,0.03289725258946419,0.028493404388427734,-0.8227595090866089
1604,27261,22929,731,2,0.031033944338560104,0.027714336290955544,0.24050620198249817
1605,27273,22994,1092,2,0.03090386651456356,0.02625517174601555,-0.16883885860443115
1606,27283,17780,400,3,0.03052249737083912,0.027067793533205986,0.4576648473739624
1607,27284,11696,101,3,0.031143810600042343,0.030637700110673904,1.1178083419799805
1608,27312,13482,1598,3,0.03065728023648262,0.029180647805333138,-0.7176510095596313
1609,27315,21350,12,5,0.031184999272227287,0.032116517424583435,1.567063331604004
1610,27344,6982,1563,2,0.032606758177280426,0.02927311509847641,-0.655504047870636
1611,27366,20517,443,5,0.03065185621380806,0.029114916920661926,0.4128263592720032
1612,27385,21350,1653,2,0.030736977234482765,0.025404322892427444,-0.8568326234817505
1613,27392,3947,779,3,0.03244811296463013,0.024872679263353348,-0.007921211421489716
1614,27396,3948,23,2,0.03030233643949032,0.02811926230788231,1.5401082038879395
1615,27417,4170,37,2,0.03189804032444954,0.028595753014087677,1.3879187107086182
1616,27434,5108,1242,2,0.030779115855693817,0.027388310059905052,-0.35534799098968506
1617,27437,3955,1519,2,0.032575901597738266,0.024301383644342422,-0.6783544421195984
1618,27448,22228,31,4,0.0313388966023922,0.027871977537870407,1.7757883071899414
1619,27457,14681,194,2,0.031434789299964905,0.029856299981474876,0.7580102682113647
1620,27465,17843,1255,1,0.03146130219101906,0.024185651913285255,-0.5235637426376343
1621,27509,17976,316,2,0.03197513893246651,0.03247787803411484,0.5891733765602112
1622,27511,10229,1,4,0.0315580815076828,0.03131287544965744,3.0748496055603027
1623,27514,21866,579,2,0.034288447350263596,0.043887909501791,0.387556254863739
1624,27533,7305,1728,3,0.031267277896404266,0.03066854551434517,-1.0888752937316895
1625,27546,3995,670,2,0.030391216278076172,0.02960989996790886,0.22611814737319946
1626,27551,16772,335,2,0.031440362334251404,0.03106406331062317,0.5538247227668762
1627,27561,10797,1424,4,0.03117513842880726,0.02748836949467659,-0.5126301050186157
1628,27584,6314,465,2,0.03127427026629448,0.031345583498477936,0.4139927327632904
1629,27623,4020,500,2,0.03205796331167221,0.035751957446336746,0.3592265844345093
1630,27687,22943,903,2,0.03135557472705841,0.03020409308373928,0.07343532145023346
1631,27688,19859,994,2,0.031538382172584534,0.02485891431570053,-0.08336958289146423
1632,27690,5745,973,4,0.030175549909472466,0.02789151296019554,-0.07997827231884003
1633,27691,10077,962,3,0.031120259314775467,0.02902405709028244,-0.1168789342045784
1634,27694,4045,1155,2,0.03132430836558342,0.029033418744802475,-0.3902907967567444
1635,27695,21282,526,3,0.03258778527379036,0.03428960591554642,0.33321893215179443
1636,27723,6269,201,2,0.03049429878592491,0.03000149317085743,0.7658177018165588
1637,27750,12454,1243,2,0.03184397518634796,0.03453719988465309,-0.4670529067516327
1638,27784,19913,958,2,0.030440935865044594,0.028549008071422577,-0.16648167371749878
1639,27790,22932,154,3,0.03137131780385971,0.028482940047979355,0.8616840839385986
1640,27815,21742,87,2,0.030530909076333046,0.03034820593893528,0.9909306764602661
1641,27868,14417,178,2,0.03056268021464348,0.028064709156751633,0.9565670490264893
1642,27871,4133,626,5,0.031939469277858734,0.033235009759664536,0.24853190779685974
1643,27888,21021,51,2,0.03033430501818657,0.026401299983263016,1.4951430559158325
1644,27897,22453,1304,3,0.030987204983830452,0.02497927099466324,-0.5052275061607361
1645,27915,14062,1319,3,0.031000755727291107,0.027162568643689156,-0.44083288311958313
1646,27927,13376,822,2,0.03280201181769371,0.027942340821027756,-0.08256769925355911
1647,27960,16616,887,2,0.03145322576165199,0.03217185661196709,0.03049236536026001
1648,27996,18274,190,2,0.03022773005068302,0.025909047573804855,0.8436206579208374
1649,28019,20753,482,2,0.031741444021463394,0.031493935734033585,0.38989579677581787
1650,28052,21446,826,2,0.03203476220369339,0.025122160091996193,-0.028524674475193024
1651,28056,17693,325,1,0.0331856943666935,0.033259280025959015,0.6410801410675049
1652,28068,10151,253,2,0.0322638675570488,0.0325063019990921,0.7678521871566772
1653,28109,6037,7,3,0.030916284769773483,0.028770729899406433,2.0109426975250244
1654,28151,6716,1561,2,0.030382541939616203,0.02750467136502266,-0.5841629505157471
1655,28157,19837,934,3,0.02991470880806446,0.030048523098230362,-0.07312780618667603
1656,28162,8589,434,3,0.033011890947818756,0.033493589609861374,0.40540656447410583
1657,28164,17122,253,2,0.03187889978289604,0.03085293062031269,0.7246401309967041
1658,28177,4284,602,3,0.032063666731119156,0.03480135649442673,0.2004566192626953
1659,28212,22701,1361,2,0.030711688101291656,0.02635478600859642,-0.3911212086677551
1660,28219,6020,1180,5,0.031082317233085632,0.02813739702105522,-0.3446618318557739
1661,28222,21758,388,2,0.03207983076572418,0.02947336807847023,0.5157212018966675
1662,28302,15571,1556,3,0.030460771173238754,0.02845236100256443,-0.7857538461685181
1663,28353,8812,221,3,0.031438130885362625,0.028103454038500786,0.7809369564056396
1664,28374,21491,1135,3,0.031653374433517456,0.032171279191970825,-0.25765568017959595
1665,28390,7170,770,3,0.03128017857670784,0.028636671602725983,0.09932832419872284
1666,28392,4365,1300,3,0.03066488727927208,0.027112454175949097,-0.36690253019332886
1667,28403,19563,641,4,0.030917523428797722,0.030383504927158356,0.20225666463375092
1668,28422,15439,108,8,0.03072291798889637,0.029140949249267578,1.1791456937789917
1669,28423,22774,429,3,0.03180205076932907,0.03499995917081833,0.3719496726989746
1670,28426,20054,1528,3,0.03197971358895302,0.027299456298351288,-0.6299158930778503
1671,28482,5967,1640,2,0.030977720394730568,0.031975455582141876,-0.9866001605987549
1672,28496,11069,250,2,0.032364435493946075,0.036792147904634476,0.6605664491653442
1673,28501,21699,184,3,0.030712900683283806,0.029592365026474,0.7624460458755493
1674,28504,16291,10,2,0.031518034636974335,0.03133222833275795,1.3601735830307007
1675,28522,21101,1612,1,0.032116807997226715,0.028445202857255936,-0.7400277256965637
1676,28548,17822,459,3,0.03191716969013214,0.029041072353720665,0.3969886898994446
1677,28551,18052,303,2,0.03122192993760109,0.03194368630647659,0.614338755607605
1678,28556,21338,228,3,0.031563106924295425,0.03225225210189819,0.6691940426826477
1679,28607,6378,1513,2,0.03179268166422844,0.030066069215536118,-0.7081477046012878
1680,28625,20923,977,2,0.0321260504424572,0.031097397208213806,-0.11458408832550049
1681,28676,4438,820,2,0.03083002381026745,0.026154320687055588,0.08506239950656891
1682,28716,11690,1196,2,0.030965333804488182,0.02493961900472641,-0.4533270299434662
1683,28737,22929,1657,1,0.032422177493572235,0.029165158048272133,-0.7888285517692566
1684,28751,5900,1745,2,0.032329119741916656,0.02480020374059677,-1.052595615386963
1685,28757,22194,903,2,0.03181668743491173,0.02776184119284153,-0.07464639842510223
1686,28773,20919,1432,1,0.031236423179507256,0.031158171594142914,-0.5076201558113098
1687,28781,22267,1426,2,0.03183995559811592,0.028108682483434677,-0.6131665110588074
1688,28839,21775,1531,2,0.03016861528158188,0.025817740708589554,-0.7594327330589294
1689,28868,16859,476,2,0.03196708858013153,0.030802592635154724,0.36672133207321167
1690,28891,22945,745,5,0.03182633966207504,0.03492677956819534,0.18132968246936798
1691,28902,5963,1057,2,0.02995467185974121,0.027676882222294807,-0.10130579769611359
1692,28914,10165,1359,2,0.03156982734799385,0.026198629289865494,-0.4198574125766754
1693,28938,22772,1464,3,0.03240649402141571,0.03003040887415409,-0.5356506109237671
1694,28974,9532,1724,3,0.030085619539022446,0.027691228315234184,-1.0443308353424072
1695,28989,19015,683,1,0.03336990252137184,0.03733820468187332,0.20592421293258667
1696,29004,17841,26,2,0.030834993347525597,0.029080241918563843,1.276107907295227
1697,29008,23029,153,2,0.031043946743011475,0.02739192359149456,1.034257173538208
1698,29016,21724,108,2,0.0316212996840477,0.02952258661389351,1.0645135641098022
1699,29075,21624,2,2,0.031976863741874695,0.033188819885253906,1.6243174076080322
1700,29095,4611,663,3,0.03132348135113716,0.028309980407357216,0.280170738697052
1701,29113,21751,507,1,0.031481947749853134,0.030395466834306717,0.4611327648162842
1702,29131,21652,275,2,0.030010905116796494,0.027805253863334656,0.6837717294692993
1703,29138,8021,125,3,0.03145793825387955,0.027460932731628418,1.0467042922973633
1704,29152,20082,20,3,0.031017515808343887,0.027317244559526443,1.2216523885726929
1705,29219,15020,2,2,0.031023219227790833,0.03265535086393356,1.8220516443252563
1706,29259,20781,775,4,0.03077351488173008,0.027355922386050224,0.0846494659781456
1707,29270,16085,1175,1,0.031309351325035095,0.026380758732557297,-0.39281317591667175
1708,29287,21915,1055,2,0.030441872775554657,0.029205238446593285,-0.17689865827560425
1709,29302,22862,1164,3,0.031051743775606155,0.027920667082071304,-0.3252611756324768
1710,29344,15063,1389,4,0.03154658153653145,0.026240471750497818,-0.6692004799842834
1711,29362,21639,1261,2,0.03169822320342064,0.024764925241470337,-0.35870426893234253
1712,29370,22874,1550,2,0.032895635813474655,0.02468341402709484,-0.5690163373947144
1713,29436,19814,1627,2,0.030719147995114326,0.025269586592912674,-0.847172200679779
1714,29444,9018,436,2,0.03180745616555214,0.03181852027773857,0.39283236861228943
1715,29504,15682,225,3,0.032645393162965775,0.037477925419807434,0.647306501865387
1716,29509,22228,1095,2,0.032137446105480194,0.027312975376844406,-0.24594148993492126
1717,29553,23005,527,2,0.03196122124791145,0.02782176248729229,0.36857181787490845
1718,29689,9075,1749,2,0.031170770525932312,0.025189010426402092,-1.4475324153900146
1719,29693,15674,1328,3,0.031093893572688103,0.03551533818244934,-0.5123142600059509
1720,29720,4878,757,2,0.03218189626932144,0.030877824872732162,0.006331443786621094
1721,29728,14312,535,2,0.030654774978756905,0.02980562299489975,0.25291359424591064
1722,29729,19837,1334,3,0.031028179451823235,0.03096768632531166,-0.37016919255256653
1723,29741,9164,4,2,0.032698605209589005,0.03544517979025841,3.2794241905212402
1724,29746,22884,127,2,0.032030947506427765,0.03235024958848953,0.8038086295127869
1725,29759,17613,1582,2,0.030813397839665413,0.026006584987044334,-0.7572034597396851
1726,29776,4907,105,2,0.0314074344933033,0.03583459183573723,1.130813717842102
1727,29780,22826,1018,2,0.03316667303442955,0.03129860386252403,-0.17586404085159302
1728,29791,4920,32,2,0.030531855300068855,0.029626045376062393,1.292502760887146
1729,29798,21775,317,3,0.03244805335998535,0.0287045706063509,0.5921005010604858
1730,29815,22740,468,3,0.030976388603448868,0.028179584071040154,0.35326117277145386
1731,29851,21900,510,3,0.03126704692840576,0.03539887070655823,0.29983067512512207
1732,29857,13106,17,3,0.030590681359171867,0.028280053287744522,1.2803020477294922
1733,29888,4952,453,2,0.03163754940032959,0.03214574605226517,0.45078831911087036
1734,29916,22004,1347,2,0.030211297795176506,0.02806451916694641,-0.5006834268569946
1735,29935,19454,919,2,0.03013726882636547,0.025755522772669792,-0.010179564356803894
1736,29976,12079,1689,3,0.03201703727245331,0.028730688616633415,-1.0804041624069214
1737,29984,19819,1123,1,0.03133400157094002,0.031110569834709167,-0.3026071786880493
1738,29988,10633,1,2,0.0317908376455307,0.028961097821593285,2.458932638168335
1739,29997,17122,291,2,0.031465381383895874,0.03124776855111122,0.6521512866020203
1740,30000,21945,1639,2,0.03070475533604622,0.02680007740855217,-0.8339115977287292
1741,30004,22894,1608,2,0.032702066004276276,0.025684872642159462,-0.6959662437438965
1742,30135,13821,10,3,0.03189161792397499,0.03399507701396942,1.2260627746582031
1743,30150,19633,192,1,0.030353974550962448,0.03084637224674225,0.8761699795722961
1744,30170,21768,336,2,0.03114350698888302,0.029433513060212135,0.6062555909156799
1745,30202,10890,1134,4,0.03127659484744072,0.02666555345058441,-0.1907959282398224
1746,30229,22932,222,1,0.030313950031995773,0.026078611612319946,0.8301033973693848
1747,30236,22349,658,2,0.032395511865615845,0.036485470831394196,0.16154322028160095
1748,30239,22996,1579,3,0.030980633571743965,0.02638578787446022,-0.7892628908157349
1749,30261,13591,633,2,0.031152348965406418,0.02539934404194355,0.21079126000404358
1750,30263,5137,1298,2,0.031734466552734375,0.028695039451122284,-0.3867954611778259
1751,30303,12630,200,2,0.031957417726516724,0.02464233711361885,0.7968538999557495
1752,30311,17171,384,3,0.03357420861721039,0.03833663836121559,0.6270050406455994
1753,30367,22703,33,1,0.030449796468019485,0.026966692879796028,1.2206809520721436
1754,30371,14534,309,2,0.030985936522483826,0.025992654263973236,0.6614581942558289
1755,30377,19474,463,2,0.03151456266641617,0.031425539404153824,0.34212732315063477
1756,30397,13296,65,2,0.032981131225824356,0.034842975437641144,1.5046170949935913
1757,30398,6105,1470,1,0.03267654776573181,0.0308782160282135,-0.5275570750236511
1758,30423,13448,1171,3,0.030935391783714294,0.028549589216709137,-0.2164629101753235
1759,30442,19160,551,2,0.031134560704231262,0.028322957456111908,0.2923929989337921
1760,30448,19352,1039,4,0.031144026666879654,0.026191242039203644,-0.114494189620018
1761,30469,11591,39,2,0.031023046001791954,0.02985045500099659,1.091104507446289
1762,30568,10403,1734,3,0.03054458275437355,0.027835194021463394,-1.0428606271743774
1763,30634,20376,38,4,0.03064115159213543,0.029870353639125824,1.4387683868408203
1764,30668,22837,443,2,0.03290256857872009,0.030666153877973557,0.40033331513404846
1765,30675,20282,1122,2,0.030953731387853622,0.028723957017064095,-0.30944475531578064
1766,30676,18272,861,2,0.030585216358304024,0.02649964764714241,0.0441415011882782
1767,30680,18807,423,3,0.030492234975099564,0.02531016431748867,0.6127782464027405
1768,30686,17517,212,3,0.03019569255411625,0.025030210614204407,0.8948113322257996
1769,30723,15850,1212,2,0.030823955312371254,0.027118396013975143,-0.44823217391967773
1770,30737,21505,661,2,0.03063265234231949,0.028080182150006294,0.15259027481079102
1771,30750,16960,1312,1,0.03127376362681389,0.02567233517765999,-0.39450064301490784
1772,30764,22550,1183,1,0.03368638828396797,0.03790222853422165,-0.35373443365097046
1773,30780,22892,176,1,0.03028886765241623,0.02549484558403492,0.8167394399642944
1774,30826,10817,871,2,0.031150732189416885,0.024802550673484802,-0.027688290923833847
1775,30851,20177,627,2,0.031759947538375854,0.030792783945798874,0.18407362699508667
1776,30941,18794,1719,2,0.03223318234086037,0.03627972677350044,-1.1165833473205566
1777,30948,21947,11,4,0.031684864312410355,0.03611411899328232,2.233252763748169
1778,30951,22975,554,1,0.03076615370810032,0.027495838701725006,0.449118047952652
1779,30971,7388,530,2,0.03174334019422531,0.03022538684308529,0.32637035846710205
1780,31018,5520,55,4,0.030984295532107353,0.027828805148601532,1.1753244400024414
1781,31039,23008,441,1,0.03191782534122467,0.027179449796676636,0.5321118831634521
1782,31060,16627,705,3,0.03167876973748207,0.027324311435222626,0.114710733294487
1783,31069,15308,469,3,0.0310245081782341,0.026760395616292953,0.4057645797729492
1784,31095,10403,794,3,0.031750235706567764,0.032465800642967224,0.058453623205423355
1785,31098,21801,377,2,0.031064065173268318,0.030761409550905228,0.5117588639259338
1786,31126,23019,552,3,0.030217638239264488,0.026020120829343796,0.38390427827835083
1787,31144,21429,430,3,0.031214991584420204,0.027795866131782532,0.3318427801132202
1788,31160,19010,891,2,0.03048834390938282,0.026660392060875893,-0.03432924300432205
1789,31179,22347,1452,3,0.030846595764160156,0.02625833824276924,-0.5398603677749634
1790,31201,21222,546,2,0.03193644806742668,0.031280651688575745,0.2876170575618744
1791,31212,21082,63,1,0.031961798667907715,0.02984277531504631,1.373012900352478
1792,31238,22329,69,3,0.0316895954310894,0.03357751667499542,0.9493496417999268
1793,31240,20604,1689,2,0.031451016664505005,0.030021967366337776,-0.7248619198799133
1794,31242,18151,432,2,0.03135889023542404,0.029233060777187347,0.409104585647583
1795,31244,15643,1,2,0.030513295903801918,0.02800910174846649,2.429095506668091
1796,31258,9156,1104,3,0.030955512076616287,0.028981322422623634,-0.28381678462028503
1797,31282,23012,578,4,0.03164815157651901,0.02975335344672203,0.302886426448822
1798,31284,10011,1369,2,0.03182427957653999,0.030461866408586502,-0.5490688681602478
1799,31317,12120,1053,1,0.03166709467768669,0.025519026443362236,-0.2185213714838028
1800,31355,16120,706,3,0.03128484636545181,0.030271120369434357,0.15617826581001282
1801,31357,21707,687,3,0.03177330270409584,0.028806312009692192,0.24258238077163696
1802,31415,22700,710,2,0.03104296140372753,0.028265023604035378,0.11988716572523117
1803,31430,19136,254,2,0.03229585662484169,0.03470190241932869,0.7526386976242065
1804,31478,13117,546,2,0.03266932815313339,0.032006241381168365,0.3376278579235077
1805,31494,21351,1657,2,0.03289609029889107,0.0365850068628788,-1.0774050951004028
1806,31523,19746,820,1,0.030211610719561577,0.027180466800928116,0.05888362228870392
1807,31541,17669,1198,6,0.0317298099398613,0.026322592049837112,-0.39642444252967834
1808,31560,10045,611,2,0.03256108984351158,0.03329331427812576,0.23726452887058258
1809,31563,21489,127,1,0.032878074795007706,0.02900698035955429,0.8669494986534119
1810,31626,14242,62,2,0.03198262304067612,0.03079822286963463,1.0773959159851074
1811,31633,18213,1062,4,0.030981387943029404,0.030918847769498825,-0.21705520153045654
1812,31645,12017,1546,2,0.03381531685590744,0.03769930079579353,-0.6818567514419556
1813,31708,20039,245,2,0.032070502638816833,0.0314684733748436,0.6947685480117798
1814,31731,21583,58,3,0.03086739405989647,0.027999231591820717,1.128157377243042
1815,31742,22182,1383,1,0.030582690611481667,0.03026532754302025,-0.5353163480758667
1816,31771,13037,400,2,0.034134719520807266,0.03380271792411804,0.4757423400878906
1817,31808,22981,1195,3,0.03170288726687431,0.0316849946975708,-0.3544656038284302
1818,31841,20012,1623,3,0.03153517097234726,0.024570593610405922,-0.774417519569397
1819,31846,21586,1594,2,0.03089168854057789,0.027435658499598503,-0.9801563024520874
1820,31851,18059,343,3,0.03146655112504959,0.02870865724980831,0.5441341996192932
1821,31862,22845,466,2,0.03085395134985447,0.02690483070909977,0.35274195671081543
1822,31912,16518,1034,2,0.031135665252804756,0.028758954256772995,-0.16231712698936462
1823,31955,22884,453,5,0.03168293088674545,0.03143397718667984,0.4348967969417572
1824,32000,6656,187,2,0.03122500143945217,0.029700113460421562,0.8708822131156921
1825,32037,22168,127,3,0.030772069469094276,0.027750320732593536,1.085498571395874
1826,32046,20666,347,3,0.033315617591142654,0.032823603600263596,0.5158823132514954
1827,32076,13715,963,3,0.032131586223840714,0.03645695373415947,-0.15964308381080627
1828,32084,23019,5,2,0.03129279613494873,0.03122354857623577,2.1304092407226562
1829,32097,20793,1013,1,0.031220367178320885,0.027633611112833023,-0.0916593074798584
1830,32143,20683,24,2,0.03210996836423874,0.032990261912345886,1.202457070350647
1831,32196,22935,287,3,0.03125792741775513,0.026974745094776154,0.7790149450302124
1832,32197,20705,20,2,0.032127413898706436,0.03305124491453171,2.0038938522338867
1833,32229,10807,284,2,0.031906858086586,0.02998114749789238,0.6072764992713928
1834,32255,8810,993,6,0.031925033777952194,0.03223252668976784,-0.05126448720693588
1835,32284,22703,1365,3,0.03213807940483093,0.026876293122768402,-0.4563344717025757
1836,32310,20333,823,2,0.031044863164424896,0.029411230236291885,0.002565726637840271
1837,32318,22116,963,2,0.031353909522295,0.027767423540353775,-0.07143814116716385
1838,32331,8817,1185,2,0.031246241182088852,0.02711115963757038,-0.32362839579582214
1839,32347,21586,21,4,0.03226759657263756,0.03152180463075638,1.3462371826171875
1840,32379,22017,1105,3,0.031295254826545715,0.031848832964897156,-0.321877658367157
1841,32400,22787,253,3,0.0311611145734787,0.027681171894073486,0.6892448663711548
1842,32431,18278,1622,1,0.03157750144600868,0.0240771546959877,-0.7180689573287964
1843,32447,20127,885,2,0.030543245375156403,0.02866673283278942,0.030014581978321075
1844,32450,19866,274,1,0.031118955463171005,0.033233534544706345,0.7645869851112366
1845,32452,21356,279,3,0.031471941620111465,0.027655132114887238,0.6462775468826294
1846,32471,21581,1137,3,0.0313137024641037,0.025589587166905403,-0.26678794622421265
1847,32474,21366,185,5,0.0328512042760849,0.03225066885352135,0.9950072169303894
1848,32485,21368,1120,1,0.032991886138916016,0.02648244798183441,-0.2596299350261688
1849,32494,21417,1738,2,0.03291129320859909,0.02727898396551609,-1.1431797742843628
1850,32506,17112,460,3,0.03265758976340294,0.03324788808822632,0.4075510501861572
1851,32539,18180,552,2,0.03416748344898224,0.029599232599139214,0.3287947475910187
1852,32558,13396,1080,2,0.031523484736680984,0.027764223515987396,-0.16512416303157806
1853,32610,20656,325,3,0.03126567602157593,0.027495361864566803,0.6465096473693848
1854,32617,16159,499,3,0.03107576072216034,0.02659682370722294,0.47440922260284424
1855,32625,16653,559,2,0.030384961515665054,0.02848736196756363,0.32251477241516113
1856,32645,21221,4,2,0.033081311732530594,0.033222585916519165,2.9969069957733154
1857,32647,22021,993,2,0.03341110050678253,0.02613215520977974,-0.190371572971344
1858,32657,22980,160,3,0.030600376427173615,0.028003409504890442,1.0777168273925781
1859,32663,21736,261,2,0.031056959182024002,0.028297467157244682,0.6103941202163696
1860,32711,10875,218,2,0.030825108289718628,0.027481485158205032,0.7333041429519653
1861,32730,9569,1200,2,0.031120408326387405,0.025417562574148178,-0.31691858172416687
1862,32772,11125,767,5,0.030588557943701744,0.02645057439804077,0.1167827695608139
1863,32847,10411,1399,2,0.030238887295126915,0.02427908033132553,-0.55598384141922
1864,32860,22973,293,1,0.03027292527258396,0.024971138685941696,0.6039445996284485
1865,32861,14261,1399,1,0.03179597482085228,0.024793192744255066,-0.5694406032562256
1866,32878,19231,732,2,0.03257278352975845,0.035880714654922485,0.2024364173412323
1867,32882,16612,1594,3,0.031336985528469086,0.025122810155153275,-0.6728737950325012
1868,32913,22144,98,4,0.030424654483795166,0.02784876525402069,0.9634385108947754
1869,32923,22968,341,2,0.03118736296892166,0.026857875287532806,0.511810302734375
1870,32956,21060,224,1,0.02935006096959114,0.02645426243543625,0.8580678701400757
1871,32965,21982,941,2,0.030677512288093567,0.028656059876084328,-0.0530783012509346
1872,32989,17231,118,3,0.03182220458984375,0.02748437598347664,0.9284955859184265
1873,32993,21263,70,2,0.03216925263404846,0.031853824853897095,0.9494107365608215
1874,33001,20050,1,1,0.030369499698281288,0.0292431078851223,1.568688988685608
1875,33026,21096,400,1,0.032759714871644974,0.03365208953619003,0.5326197147369385
1876,33027,22997,283,2,0.03241528943181038,0.02862602099776268,0.6139631271362305
1877,33042,22032,414,2,0.03072638250887394,0.030399104580283165,0.4797821044921875
1878,33066,20084,1098,2,0.03144939988851547,0.028683273121714592,-0.34940868616104126
1879,33067,23027,716,3,0.03176950290799141,0.030355891212821007,0.1133655235171318
1880,33092,19364,435,2,0.031460490077733994,0.033689506351947784,0.4351319968700409
1881,33093,6874,1777,2,0.03216782957315445,0.027183175086975098,-1.7975739240646362
1882,33102,15006,1148,3,0.030613377690315247,0.02951785735785961,-0.22048605978488922
1883,33114,22334,591,2,0.03193127363920212,0.03400278091430664,0.36002257466316223
1884,33120,13707,1239,2,0.032571595162153244,0.03187059238553047,-0.4023398756980896
1885,33146,19786,1190,3,0.030524931848049164,0.025936884805560112,-0.3654771149158478
1886,33151,6923,442,2,0.03093315288424492,0.03037435933947563,0.49850720167160034
1887,33158,21568,622,2,0.03273329883813858,0.02723834291100502,0.18714351952075958
1888,33184,22777,1039,2,0.03097592294216156,0.026551637798547745,-0.20342952013015747
1889,33196,6952,457,2,0.03272368758916855,0.03174698352813721,0.48171496391296387
1890,33226,17424,1109,2,0.030947552993893623,0.02913542650640011,-0.25615689158439636
1891,33248,11477,173,2,0.031122557818889618,0.0297966580837965,0.7783759832382202
1892,33281,17232,560,2,0.031060392037034035,0.03075764887034893,0.23067936301231384
1893,33283,21218,107,2,0.029889287427067757,0.028333434835076332,0.9392606616020203
1894,33286,19384,294,1,0.030878229066729546,0.026112159714102745,0.9941318035125732
1895,33324,9209,20,2,0.031306661665439606,0.028510015457868576,1.1735869646072388
1896,33356,21161,1556,6,0.030977793037891388,0.028655169531702995,-0.7160072326660156
1897,33372,22805,264,2,0.0311473049223423,0.027974167838692665,0.7212333679199219
1898,33383,13315,326,3,0.030639704316854477,0.02707860991358757,0.6048511862754822
1899,33417,7080,3,2,0.0312313511967659,0.032097309827804565,1.5899832248687744
1900,33516,10469,14,3,0.03059256263077259,0.030778244137763977,1.4636874198913574
1901,33574,22401,1756,3,0.0308021679520607,0.026397546753287315,-0.9951727390289307
1902,33581,20084,569,2,0.03203659504652023,0.03107781894505024,0.2980440855026245
1903,33614,21230,96,2,0.03110882267355919,0.02892434038221836,0.8767163753509521
1904,33619,22957,556,2,0.031124206259846687,0.028860000893473625,0.3754523992538452
1905,33665,13485,1322,2,0.03180539980530739,0.029733598232269287,-0.5342784523963928
1906,33668,15212,12,1,0.031607769429683685,0.03350527584552765,2.400411605834961
1907,33693,22973,321,3,0.03210856020450592,0.027402445673942566,0.7316815257072449
1908,33694,22273,1331,2,0.031185058876872063,0.029208553954958916,-0.5665955543518066
1909,33695,16653,130,2,0.030467001721262932,0.029412774369120598,0.9259892106056213
1910,33723,14172,907,4,0.03116021864116192,0.027179647237062454,-0.04931255057454109
1911,33747,22701,275,8,0.031296394765377045,0.02798406593501568,0.8768020868301392
1912,33764,20688,8,2,0.031389061361551285,0.03497602790594101,2.5779948234558105
1913,33794,22853,204,3,0.03205712512135506,0.0337994247674942,0.8497039079666138
1914,33824,20518,989,4,0.03145705536007881,0.03374562785029411,-0.14948557317256927
1915,33846,16539,128,4,0.030769122764468193,0.026451606303453445,0.7933809757232666
1916,33850,22932,894,2,0.03191998228430748,0.02849487029016018,-0.044333986937999725
1917,33868,18884,1101,3,0.030902639031410217,0.02611483260989189,-0.2971792221069336
1918,33870,7460,337,2,0.03197617083787918,0.03279269114136696,0.5546975135803223
1919,33891,22515,637,1,0.030542295426130295,0.02499106526374817,0.3394038677215576
1920,33923,22776,91,2,0.031199686229228973,0.029392924159765244,0.9712607264518738
1921,33930,7514,531,2,0.030755672603845596,0.02560230903327465,0.5183597207069397
1922,33944,18094,455,2,0.032854609191417694,0.027617091313004494,0.33635348081588745
1923,33959,23032,1007,3,0.03467588126659393,0.03246759623289108,-0.14059439301490784
1924,33964,14075,155,2,0.032146062701940536,0.02914736419916153,1.1283477544784546
1925,33965,22095,96,5,0.031131381168961525,0.027772527188062668,1.195963740348816
1926,33997,19251,5,3,0.03209219500422478,0.031206436455249786,1.5174739360809326
1927,33999,21906,460,2,0.0317097045481205,0.030930962413549423,0.38623374700546265
1928,34122,22996,673,2,0.031225595623254776,0.02949703298509121,0.12884555757045746
1929,34124,23011,1533,2,0.030447857454419136,0.023756656795740128,-0.7727428674697876
1930,34151,22878,863,3,0.030863439664244652,0.027215972542762756,-0.04382333159446716
1931,34161,17138,180,2,0.03061823919415474,0.02916140668094158,0.7828282713890076
1932,34196,20180,795,3,0.032758623361587524,0.029349884018301964,-0.010701283812522888
1933,34217,21626,462,2,0.030444208532571793,0.029101038351655006,0.4889160394668579
1934,34221,20362,358,2,0.03139035031199455,0.026645081117749214,0.5816895961761475
1935,34276,14861,55,2,0.0333653949201107,0.03095623105764389,1.3221752643585205
1936,34351,20549,316,3,0.030586155131459236,0.028924433514475822,0.4911423921585083
1937,34361,20411,1384,2,0.031139060854911804,0.028408551588654518,-0.4706317186355591
1938,34363,18146,386,2,0.030911577865481377,0.027347464114427567,0.5019765496253967
1939,34366,13989,619,2,0.030892344191670418,0.02692515030503273,0.3206762671470642
1940,34381,22941,229,5,0.03111499920487404,0.029010940343141556,0.8233857154846191
1941,34459,21206,59,3,0.03132083639502525,0.03032516874372959,1.0571928024291992
1942,34477,19825,189,2,0.031164022162556648,0.03089534118771553,1.0110821723937988
1943,34478,15519,1470,1,0.03177322447299957,0.02477804198861122,-0.5757101774215698
1944,34491,22834,924,2,0.030707761645317078,0.03220657631754875,-0.028237899765372276
1945,34521,15894,1351,3,0.030685067176818848,0.02850421890616417,-0.6484882831573486
1946,34522,9014,1654,2,0.031277552247047424,0.026750991120934486,-0.815338671207428
1947,34529,16799,289,2,0.03071395866572857,0.027970081195235252,0.6096247434616089
1948,34534,16661,772,2,0.030091483145952225,0.028217703104019165,0.10319969058036804
1949,34544,22997,1106,2,0.030838528648018837,0.02787727490067482,-0.17205701768398285
1950,34565,20711,431,5,0.03164239227771759,0.032062653452157974,0.48079144954681396
1951,34598,14215,1702,6,0.03174242377281189,0.02552935481071472,-1.107405185699463
1952,34606,22996,990,2,0.031195444986224174,0.029475631192326546,-0.10875128954648972
1953,34609,13693,1,2,0.032269302755594254,0.0341704785823822,1.8110283613204956
1954,34618,20792,338,2,0.030677877366542816,0.027272146195173264,0.48708367347717285
1955,34631,10393,1093,2,0.031971581280231476,0.025723405182361603,-0.21752437949180603
1956,34636,8171,956,2,0.030969325453042984,0.026257256045937538,-0.025266475975513458
1957,34643,17369,224,3,0.03127852454781532,0.029367778450250626,0.6694000959396362
1958,34659,19415,944,2,0.03273468464612961,0.034100502729415894,-0.1622304618358612
1959,34670,10580,997,2,0.031572699546813965,0.02976232022047043,-0.17320747673511505
1960,34691,23018,935,2,0.03271263465285301,0.02827753871679306,-0.047515206038951874
1961,34714,11970,1201,2,0.03199988603591919,0.028227917850017548,-0.31797468662261963
1962,34776,12981,212,2,0.03037150204181671,0.026762623339891434,0.789574146270752
1963,34831,23021,3,2,0.03151319548487663,0.029545612633228302,1.5815075635910034
1964,34833,18069,92,2,0.03156839683651924,0.030116185545921326,0.8683273792266846
1965,34845,8398,20,4,0.03141922876238823,0.03176383301615715,1.3119995594024658
1966,34849,15381,1462,3,0.032093942165374756,0.028591280803084373,-0.6922653913497925
1967,34858,21757,32,2,0.03225181624293327,0.03209160640835762,1.0719738006591797
1968,34891,22228,1143,1,0.03315213322639465,0.027330731973052025,-0.2388700246810913
1969,34964,18291,421,2,0.03127453848719597,0.026938514783978462,0.4001242220401764
1970,34971,8529,824,2,0.03096538409590721,0.02598085254430771,0.05080056190490723
1971,34978,11648,124,3,0.031238477677106857,0.03009212575852871,0.8820768594741821
1972,34980,22958,1216,2,0.03157033771276474,0.025985529646277428,-0.39225736260414124
1973,35001,17817,80,3,0.03145865350961685,0.03001340851187706,1.0839025974273682
1974,35011,21459,124,2,0.03203541040420532,0.03001275658607483,1.2045011520385742
1975,35071,12749,268,3,0.031374018639326096,0.026880919933319092,0.5996749997138977
1976,35078,17021,1646,2,0.030597491189837456,0.02887740731239319,-0.8020755648612976
1977,35096,21789,7,2,0.032756466418504715,0.03152944892644882,1.993936538696289
1978,35195,23029,1183,2,0.03252512589097023,0.02699415013194084,-0.3314017653465271
1979,35201,22610,3,2,0.030429214239120483,0.02802618220448494,1.8099544048309326
1980,35213,18430,402,2,0.03106961026787758,0.02691277675330639,0.47268447279930115
1981,35271,21992,883,2,0.03103538788855076,0.028340807184576988,0.0689564198255539
1982,35273,8916,268,6,0.031227782368659973,0.02886352688074112,0.7848108410835266
1983,35276,21803,415,2,0.033139534294605255,0.02946181409060955,0.4778117537498474
1984,35300,15323,820,2,0.029907459393143654,0.027481209486722946,-0.02835020422935486
1985,35308,16303,1073,2,0.033488091081380844,0.029828278347849846,-0.28196412324905396
1986,35322,19052,1590,4,0.03172498196363449,0.03521512448787689,-0.7317190170288086
1987,35328,20746,513,3,0.03038022480905056,0.026292577385902405,0.2692453861236572
1988,35336,18362,1640,2,0.03060620278120041,0.024808742105960846,-0.8922417163848877
1989,35344,15932,1657,3,0.031491078436374664,0.024352427572011948,-0.8420501947402954
1990,35386,21751,281,1,0.03114589862525463,0.028328703716397285,0.772921621799469
1991,35402,19647,1206,1,0.03172126039862633,0.035347290337085724,-0.47642093896865845
1992,35404,21326,1264,3,0.03098001517355442,0.025569705292582512,-0.3622134327888489
1993,35412,20158,1016,2,0.03094456158578396,0.02872803434729576,-0.16879163682460785
1994,35443,23006,1002,4,0.03071700967848301,0.025758739560842514,-0.08532905578613281
1995,35463,12626,1291,1,0.033296193927526474,0.03361053764820099,-0.49050548672676086
1996,35466,22603,916,2,0.030345341190695763,0.027028732001781464,-0.03181774914264679
1997,35477,19652,1349,2,0.03025483712553978,0.023128043860197067,-0.5209513902664185
1998,35489,16546,634,2,0.03269132226705551,0.029234088957309723,0.2343401312828064
1999,35530,15398,653,2,0.03204411640763283,0.03060118854045868,0.2147008329629898
2000,35532,13811,518,3,0.03040669858455658,0.028159592300653458,0.2915278971195221
2001,35543,21272,1520,2,0.03179704025387764,0.024854503571987152,-0.6150274276733398
2002,35560,21703,342,3,0.031551606953144073,0.032509639859199524,0.49908673763275146
2003,35622,15215,1157,2,0.03280045837163925,0.024622252210974693,-0.329323947429657
2004,35627,22073,122,1,0.032182514667510986,0.031655099242925644,0.8247760534286499
2005,35685,12544,1183,2,0.03220730274915695,0.03503990173339844,-0.28260838985443115
2006,35705,15633,56,3,0.030947132036089897,0.025726214051246643,1.212918996810913
2007,35707,15339,185,2,0.03089197352528572,0.03147011995315552,0.7925735712051392
2008,35710,23018,1162,1,0.03334931284189224,0.030698344111442566,-0.3115250766277313
2009,35716,18548,363,2,0.030616967007517815,0.030545562505722046,0.6078770756721497
2010,35780,21939,472,2,0.03251185640692711,0.03127220645546913,0.38147708773612976
2011,35798,12421,1331,2,0.03119768016040325,0.0286397747695446,-0.3826475739479065
2012,35832,12125,1369,2,0.030994219705462456,0.029606057330965996,-0.5423060655593872
2013,35860,19769,1009,2,0.031432148069143295,0.02618677355349064,-0.1418895125389099
2014,35898,12221,1547,2,0.030631177127361298,0.028970740735530853,-0.70354163646698
2015,35937,10583,292,2,0.03079315833747387,0.027950555086135864,0.6975567936897278
2016,35991,22929,839,2,0.030500199645757675,0.027824975550174713,0.02358003333210945
2017,35995,20273,1140,3,0.03287152945995331,0.03268798440694809,-0.35838252305984497
2018,36004,21757,332,3,0.030631842091679573,0.029784545302391052,0.5902301073074341
2019,36031,22924,974,2,0.034178104251623154,0.03396766632795334,-0.19147072732448578
2020,36066,21238,1,3,0.0305622611194849,0.028220247477293015,3.1099648475646973
2021,36068,21677,442,2,0.030908457934856415,0.030086083337664604,0.5148202180862427
2022,36092,22144,176,2,0.03132249787449837,0.02823203057050705,0.8314643502235413
2023,36170,17476,964,2,0.031041400507092476,0.024074837565422058,-0.09881135821342468
2024,36229,13928,1094,5,0.030947666615247726,0.026837442070245743,-0.2654901146888733
2025,36231,11058,212,2,0.0314955897629261,0.030058052390813828,0.8611570596694946
2026,36243,22545,285,2,0.030080875381827354,0.02910427376627922,0.5748031735420227
2027,36270,15520,753,3,0.030846958979964256,0.028112396597862244,0.12696221470832825
2028,36291,10381,813,2,0.030151279643177986,0.026212230324745178,0.12192008644342422
2029,36303,19375,57,2,0.030109254643321037,0.030707010999321938,1.3117446899414062
2030,36315,10954,1588,2,0.03194644674658775,0.03188643604516983,-0.6920008063316345
2031,36348,22125,983,1,0.03097326122224331,0.028775325044989586,-0.13497315347194672
2032,36351,20827,336,2,0.03091830387711525,0.031512849032878876,0.620602548122406
2033,36363,22945,387,2,0.03217598423361778,0.03245895728468895,0.4700084328651428
2034,36412,22746,503,3,0.0334591343998909,0.03433336317539215,0.3126739263534546
2035,36417,10615,823,1,0.03185537829995155,0.02949654683470726,0.12234042584896088
2036,36430,22721,138,2,0.03176548704504967,0.02827601134777069,0.9188982248306274
2037,36464,11254,539,2,0.030901240184903145,0.026959609240293503,0.40283599495887756
2038,36473,15367,1081,2,0.0301989633589983,0.0258959848433733,-0.2663309872150421
2039,36511,23012,1242,2,0.03236124664545059,0.031101640313863754,-0.46681541204452515
2040,36514,14918,99,4,0.03144124895334244,0.028888514265418053,1.1094893217086792
2041,36634,20046,928,2,0.032183874398469925,0.02579309232532978,-0.06516231596469879
2042,36668,21789,404,1,0.0320717915892601,0.02995387837290764,0.5180762410163879
2043,36705,23016,57,3,0.0314156599342823,0.030500657856464386,1.0937364101409912
2044,36812,20680,1114,1,0.03190494701266289,0.036369070410728455,-0.29814350605010986
2045,36865,22853,277,3,0.03185255452990532,0.032119739800691605,0.5987260937690735
2046,36879,19112,213,2,0.03205119073390961,0.03434371575713158,0.7703278660774231
2047,36972,22700,786,2,0.031141960993409157,0.024670148268342018,0.11670330911874771
2048,37083,16008,20,2,0.03231604024767876,0.032249193638563156,1.3004788160324097
2049,37086,23009,234,6,0.03273995593190193,0.03237699717283249,0.8006793260574341
2050,37137,14480,1287,2,0.03271090239286423,0.03202150762081146,-0.4750043749809265
2051,37195,22928,846,2,0.03295551985502243,0.03440406173467636,-0.09720030426979065
2052,37218,20228,324,4,0.030548036098480225,0.027853013947606087,0.6264294385910034
2053,37222,21053,1657,2,0.03232334926724434,0.02667076699435711,-0.9205439686775208
2054,37239,22929,1549,1,0.030239110812544823,0.024685395881533623,-0.7020440101623535
2055,37285,22790,476,1,0.03132646903395653,0.028507541865110397,0.4726141095161438
2056,37293,18675,1718,2,0.030736487358808517,0.035916801542043686,-0.9519575834274292
2057,37294,22144,281,2,0.030599096789956093,0.02794557809829712,0.6822397112846375
2058,37314,19449,1526,2,0.03226589411497116,0.029482010751962662,-0.5501235723495483
2059,37352,15148,80,2,0.03007938340306282,0.027336355298757553,1.2741663455963135
2060,37441,20929,181,3,0.03021547570824623,0.028931479901075363,0.8569076061248779
2061,37533,17157,485,1,0.031716641038656235,0.0307143647223711,0.43635791540145874
2062,37580,20473,720,2,0.03162181377410889,0.027554411441087723,0.27447712421417236
2063,37593,12819,69,2,0.030939476564526558,0.0314779132604599,1.1921402215957642
2064,37619,15342,36,5,0.030865361914038658,0.0285353921353817,1.2202516794204712
2065,37657,21380,1678,1,0.032153841108083725,0.024060258641839027,-0.8292155861854553
2066,37684,20070,16,3,0.030759019777178764,0.027322599664330482,1.458381175994873
2067,37691,22808,785,2,0.031372103840112686,0.027850676327943802,0.12157223373651505
2068,37702,20522,1321,2,0.03140905871987343,0.02714330144226551,-0.4658085107803345
2069,37741,20579,34,2,0.03169095143675804,0.03279591724276543,1.6348695755004883
2070,37749,21078,383,1,0.03193771094083786,0.032459646463394165,0.7753076553344727
2071,37753,17748,212,3,0.030874701216816902,0.029906706884503365,0.6809210181236267
2072,37762,23023,125,2,0.031049789860844612,0.029005466029047966,1.0818525552749634
2073,37764,14774,89,1,0.030751695856451988,0.02652934193611145,1.2274646759033203
2074,38156,22929,1645,2,0.030770089477300644,0.028335751965641975,-0.8833255767822266
2075,38264,19559,6,1,0.03128308430314064,0.02886141836643219,1.309068202972412
2076,38300,22053,105,2,0.030860228464007378,0.02647135592997074,0.9667633771896362
2077,38372,22979,202,1,0.03074909932911396,0.026985296979546547,0.985222578048706
2078,38387,18180,1065,1,0.03223702684044838,0.02645285055041313,-0.2626797556877136
2079,38440,21080,1509,2,0.031568702310323715,0.033514972776174545,-0.7023006081581116
2080,38543,21824,761,2,0.030541835352778435,0.025982897728681564,0.08201080560684204
2081,38579,16801,511,2,0.03221486136317253,0.024617645889520645,0.38679563999176025
2082,38662,22526,44,2,0.03106948919594288,0.02856893092393875,1.388939619064331
2083,38671,23002,14,2,0.030613824725151062,0.026827018707990646,1.3620481491088867
2084,38691,22132,833,2,0.030873265117406845,0.029084373265504837,0.0015656203031539917
2085,38703,20057,1170,2,0.03037547506392002,0.024456333369016647,-0.345581978559494
2086,38704,19121,552,2,0.030536256730556488,0.027958732098340988,0.41110318899154663
2087,38757,20758,351,2,0.031897589564323425,0.030926672741770744,0.6606518626213074
2088,38785,20850,299,2,0.030284924432635307,0.02575523406267166,0.6824501156806946
2089,38822,21902,1624,2,0.03111710213124752,0.0265128705650568,-0.8212438821792603
2090,38860,22681,1172,1,0.031002985313534737,0.026491817086935043,-0.2841111421585083
2091,38886,15708,61,3,0.03130580857396126,0.027062980458140373,1.2995352745056152
2092,38903,21460,7,2,0.03025076538324356,0.028386078774929047,1.5255696773529053
2093,38938,20376,3,1,0.03125742822885513,0.03073662891983986,2.3393521308898926
2094,39254,22790,792,3,0.030551591888070107,0.026802342385053635,0.1306668072938919
