row_id,user,target,rank,history_length,predicted_stay,target_stay_similarity,target_score
0,17,22665,1362,2,0.28513452410697937,0.03327350318431854,-0.5540684461593628
1,29,22642,533,10,0.28435391187667847,0.03360598906874657,0.3245203197002411
2,31,22893,1608,6,0.2850412428379059,0.031245771795511246,-0.8977930545806885
3,45,23031,1215,2,0.28398793935775757,0.031629882752895355,-0.3391042947769165
4,53,7596,33,6,0.28467857837677,0.03323337808251381,1.8765099048614502
5,55,21826,5,2,0.28451111912727356,0.035147927701473236,2.7293076515197754
6,80,6054,1743,2,0.2864454686641693,0.03180202841758728,-1.6927862167358398
7,87,16756,36,3,0.282528817653656,0.040399324148893356,1.3349941968917847
8,112,8,680,2,0.28446173667907715,0.03294447064399719,0.2723359763622284
9,152,22453,34,2,0.2849922180175781,0.03698429465293884,1.3102951049804688
10,161,9983,773,4,0.28545162081718445,0.0321979857981205,0.23701819777488708
11,183,23032,433,5,0.284366637468338,0.03500758856534958,0.4773179888725281
12,205,2528,257,2,0.2802353501319885,0.03125157207250595,0.5707828998565674
13,226,41,507,3,0.2882016897201538,0.03348633646965027,0.4928183853626251
14,239,11170,685,2,0.28533366322517395,0.032868944108486176,0.25942263007164
15,252,4668,18,2,0.28447583317756653,0.03526018559932709,2.8768956661224365
16,291,6572,58,3,0.2888484299182892,0.03369518369436264,1.4144477844238281
17,323,1062,845,2,0.28451406955718994,0.03320923447608948,-0.04802298545837402
18,335,4501,1454,3,0.2883257269859314,0.032885439693927765,-0.6717121601104736
19,352,19666,4,2,0.28819096088409424,0.03424727916717529,2.4733049869537354
20,367,21826,1076,3,0.2825201153755188,0.031186804175376892,-0.1469665914773941
21,396,22052,475,10,0.28319916129112244,0.03302810341119766,0.45928311347961426
22,407,22018,445,2,0.28482741117477417,0.03617899864912033,0.5054090619087219
23,420,23009,1245,2,0.2870207130908966,0.03189273551106453,-0.3136366605758667
24,427,21170,897,2,0.28449639678001404,0.032054632902145386,0.01274813711643219
25,442,7239,90,3,0.28342288732528687,0.039140067994594574,1.1750073432922363
26,444,21451,1,2,0.28432607650756836,0.03634923696517944,2.966536045074463
27,452,2064,293,3,0.287362277507782,0.034796155989170074,0.7527069449424744
28,453,19378,800,2,0.2849443852901459,0.03254202380776405,0.08649276196956635
29,464,4689,1077,2,0.28288763761520386,0.03331708163022995,-0.19062170386314392
30,488,21586,150,3,0.2853885293006897,0.033295322209596634,0.8781535029411316
31,501,19594,9,3,0.28473395109176636,0.03376218304038048,2.1902260780334473
32,504,2461,1724,3,0.28637832403182983,0.03078843094408512,-1.1617391109466553
33,525,17654,1380,3,0.283782035112381,0.030807821080088615,-0.44152259826660156
34,527,19870,1475,3,0.2813737988471985,0.03295253962278366,-0.5694893598556519
35,544,10495,557,2,0.2851884663105011,0.03275690972805023,0.280601441860199
36,549,14862,40,1,0.28288543224334717,0.03862854838371277,1.2416483163833618
37,552,335,1016,2,0.2830908000469208,0.030351102352142334,-0.05012881010770798
38,554,30,1196,3,0.28443101048469543,0.03077387623488903,-0.2563181221485138
39,557,3111,225,5,0.2846968173980713,0.03455071896314621,0.7720896005630493
40,567,23026,995,7,0.2834722697734833,0.03283800557255745,-0.08248279243707657
41,570,22330,66,8,0.28222572803497314,0.03506886959075928,1.5385921001434326
42,574,31,971,2,0.2855982780456543,0.032287485897541046,-0.06448374688625336
43,575,32,1426,2,0.2847413718700409,0.03431003540754318,-0.4774569869041443
44,581,9265,77,2,0.2831944227218628,0.03598242998123169,1.3270299434661865
45,593,16348,237,7,0.28497037291526794,0.03367061913013458,0.988598108291626
46,611,16050,1464,10,0.2837066948413849,0.03446239233016968,-0.6655741930007935
47,625,3518,1652,7,0.28464803099632263,0.03159135952591896,-1.2363182306289673
48,630,20548,229,2,0.28446704149246216,0.0327337272465229,0.8368585705757141
49,637,36,381,3,0.2837100327014923,0.03360375761985779,0.6698873043060303
50,650,19094,1141,1,0.2819102108478546,0.031020600348711014,-0.2642935514450073
51,664,10306,1,2,0.28659868240356445,0.0343085378408432,3.4154715538024902
52,665,16079,332,1,0.2854289412498474,0.035034261643886566,0.6600704193115234
53,669,3575,6,4,0.2870956063270569,0.03384050354361534,1.9382328987121582
54,749,22890,245,7,0.2840809226036072,0.03279902786016464,0.8293200135231018
55,778,6693,458,3,0.28568407893180847,0.03901271894574165,0.4376842975616455
56,839,15852,3,1,0.2826637923717499,0.03830892592668533,2.4192001819610596
57,852,18811,936,3,0.2845347821712494,0.0327208936214447,0.02041006088256836
58,855,3420,284,4,0.2837429642677307,0.033022910356521606,0.7828974723815918
59,857,2150,335,9,0.2822890877723694,0.03470482677221298,0.6806370615959167
60,867,21936,886,1,0.2813096344470978,0.0302327498793602,0.18973024189472198
61,899,15381,695,2,0.2830801010131836,0.03136485815048218,0.24497082829475403
62,900,20703,778,3,0.28659501671791077,0.03246493637561798,0.18773077428340912
63,913,17450,555,2,0.286318838596344,0.032876256853342056,0.43205755949020386
64,929,50,717,2,0.28569695353507996,0.03233134001493454,0.13082122802734375
65,943,9665,386,6,0.2840234935283661,0.03305584937334061,0.6134618520736694
66,947,22007,656,2,0.2822113633155823,0.03199007362127304,0.2838194966316223
67,948,21372,729,5,0.2836807072162628,0.034914106130599976,0.22417594492435455
68,963,18233,500,5,0.2840295732021332,0.03174537420272827,0.4171118438243866
69,980,21904,24,10,0.28305694460868835,0.034964218735694885,1.8498265743255615
70,1021,20072,1394,2,0.28566500544548035,0.03296240419149399,-0.508766770362854
71,1022,5390,961,8,0.28361546993255615,0.03402671962976456,0.004477843642234802
72,1042,16559,1554,2,0.28418436646461487,0.03072112798690796,-0.9427874088287354
73,1045,21489,297,3,0.2873344421386719,0.03218105062842369,0.7805756330490112
74,1084,7111,824,4,0.28519412875175476,0.03247490152716637,-0.016337543725967407
75,1086,13086,673,3,0.2863974869251251,0.03235699236392975,0.1504308134317398
76,1093,17474,1288,4,0.28424689173698425,0.034444309771060944,-0.39912715554237366
77,1099,4944,499,3,0.286059707403183,0.03162210062146187,0.43784981966018677
78,1100,20057,203,2,0.28524425625801086,0.03455905616283417,0.9405285716056824
79,1101,12982,1157,10,0.28553202748298645,0.03324856609106064,-0.2749982476234436
80,1109,7276,1771,8,0.28333425521850586,0.03284914046525955,-2.4276623725891113
81,1118,13004,342,2,0.2850695252418518,0.035957708954811096,0.5781440138816833
82,1132,7828,72,4,0.2844720482826233,0.032636333256959915,1.6147197484970093
83,1133,373,344,2,0.28480032086372375,0.03261558338999748,0.6516064405441284
84,1162,15423,887,2,0.28389254212379456,0.030432304367423058,-0.06700853258371353
85,1172,5521,558,3,0.2870880663394928,0.033406998962163925,0.24716264009475708
86,1177,13059,748,6,0.2830881178379059,0.030007123947143555,0.12370085716247559
87,1184,8459,33,7,0.2838938236236572,0.03383822739124298,1.7733139991760254
88,1185,21451,13,5,0.28425833582878113,0.03323153406381607,1.681307077407837
89,1196,67,1538,2,0.28515300154685974,0.0317932590842247,-0.821435809135437
90,1202,11276,638,2,0.2851676642894745,0.03283683583140373,0.1424621045589447
91,1211,3016,1659,3,0.28440991044044495,0.032730650156736374,-0.8969277739524841
92,1217,22845,172,4,0.2852053940296173,0.03278869390487671,0.8374751806259155
93,1226,4083,1,7,0.2837587893009186,0.033882662653923035,3.807638168334961
94,1230,10413,293,4,0.2866174876689911,0.03251206502318382,0.776802659034729
95,1279,23008,1160,10,0.2830446660518646,0.031673043966293335,-0.25543516874313354
96,1281,20992,594,1,0.2827889621257782,0.03248271346092224,0.2772509455680847
97,1284,9598,1,5,0.28246045112609863,0.040439173579216,1.995080828666687
98,1304,13392,113,3,0.2836270034313202,0.03349095582962036,1.1354323625564575
99,1307,21983,903,3,0.28463995456695557,0.03215678781270981,-0.024259299039840698
100,1326,5814,547,2,0.2857176661491394,0.03269210830330849,0.4022067189216614
101,1337,3515,57,3,0.28662675619125366,0.034306418150663376,1.4120268821716309
102,1369,22007,596,10,0.28424686193466187,0.03300768509507179,0.37765854597091675
103,1372,20668,1138,5,0.2828298807144165,0.029833873733878136,-0.3572503626346588
104,1373,18656,139,8,0.2834809124469757,0.03385124355554581,0.9428203701972961
105,1380,270,1477,3,0.2842746078968048,0.030749429017305374,-0.6629942655563354
106,1418,11812,305,4,0.2867959439754486,0.03379880636930466,0.6131535172462463
107,1432,10011,1735,2,0.28278210759162903,0.027066772803664207,-1.782813310623169
108,1437,17496,1219,3,0.2857348322868347,0.03435260057449341,-0.2810669243335724
109,1445,628,1216,3,0.28582778573036194,0.030968857929110527,-0.26383674144744873
110,1454,15337,851,2,0.28450915217399597,0.03281083703041077,0.025004416704177856
111,1476,11968,6,2,0.285460501909256,0.037748970091342926,3.0327937602996826
112,1481,19454,218,2,0.28401264548301697,0.03205456957221031,0.907402515411377
113,1501,1510,659,2,0.28675881028175354,0.031435318291187286,0.21172115206718445
114,1517,2240,240,2,0.284410685300827,0.0358334518969059,0.8516611456871033
115,1525,19093,1366,2,0.2853505313396454,0.030407756567001343,-0.5192105770111084
116,1574,5187,492,4,0.2872571647167206,0.033929094672203064,0.414348304271698
117,1583,19186,8,2,0.2815919816493988,0.03915170207619667,3.3250198364257812
118,1601,16414,532,2,0.28408852219581604,0.033414438366889954,0.37293732166290283
119,1614,85,84,2,0.2850051820278168,0.031297892332077026,1.0773108005523682
120,1617,85,476,5,0.283683180809021,0.03228394687175751,0.4066525995731354
121,1624,21350,65,10,0.28512072563171387,0.033932868391275406,1.467455267906189
122,1626,8303,60,10,0.2843315005302429,0.033737652003765106,1.3963876962661743
123,1639,16850,938,3,0.284871906042099,0.031400181353092194,-0.11898741126060486
124,1648,2282,118,2,0.284572035074234,0.033913180232048035,0.985436201095581
125,1723,1862,1665,3,0.28420764207839966,0.0295410193502903,-1.0453788042068481
126,1743,23032,21,8,0.281282514333725,0.0378781333565712,2.072479486465454
127,1765,17957,548,4,0.2849731743335724,0.035283058881759644,0.4014419615268707
128,1766,22217,1381,8,0.28161537647247314,0.03293919935822487,-0.44823598861694336
129,1798,21218,519,3,0.28526079654693604,0.032914258539676666,0.363255113363266
130,1818,13145,884,1,0.28082501888275146,0.030586183071136475,-0.09881753474473953
131,1826,19653,798,1,0.28151658177375793,0.03410617262125015,0.11314234137535095
132,1829,3843,69,3,0.28519073128700256,0.03370876610279083,1.264786958694458
133,1830,23014,2,5,0.2841639220714569,0.0353531539440155,2.385997772216797
134,1846,18838,356,1,0.2805641293525696,0.03526516258716583,0.6331912875175476
135,1860,13318,176,4,0.28721192479133606,0.031886350363492966,0.9016679525375366
136,1885,13115,484,3,0.2840193212032318,0.03441827744245529,0.43297481536865234
137,1890,9168,115,5,0.28357642889022827,0.03640967607498169,1.055146336555481
138,1929,5599,103,10,0.2830297648906708,0.033313021063804626,1.052193284034729
139,1936,108,1405,3,0.2853059768676758,0.03140868991613388,-0.5100640058517456
140,1939,108,268,2,0.28377360105514526,0.03289205953478813,0.6675403118133545
141,1940,21981,1249,4,0.2853643298149109,0.03352763503789902,-0.27881425619125366
142,1951,20719,375,5,0.2847331464290619,0.03271053731441498,0.5863295793533325
143,2002,3811,737,2,0.2844482362270355,0.03202590346336365,0.12212231010198593
144,2017,7390,388,3,0.2844793498516083,0.03418344259262085,0.5446155667304993
145,2023,7583,257,1,0.27893444895744324,0.03313102573156357,0.7869420051574707
146,2028,712,263,8,0.2835771441459656,0.03172114118933678,0.8082594871520996
147,2049,18465,1271,3,0.2872268855571747,0.032006874680519104,-0.3262929916381836
148,2063,21703,237,4,0.28182393312454224,0.04196641594171524,0.9013983607292175
149,2092,16740,1533,2,0.28360408544540405,0.03230191022157669,-0.6784490942955017
150,2097,13065,675,4,0.28836435079574585,0.033648207783699036,0.18958315253257751
151,2099,4650,1425,2,0.285469114780426,0.03249620646238327,-0.5943043231964111
152,2102,6517,1191,2,0.28511670231819153,0.03218252956867218,-0.2806658446788788
153,2146,20781,958,2,0.285244345664978,0.032424889504909515,-0.0009267330169677734
154,2215,3079,332,2,0.2837802469730377,0.03991054370999336,0.6791857481002808
155,2227,11051,339,3,0.2851957380771637,0.035861119627952576,0.6741100549697876
156,2233,22792,813,2,0.2849438786506653,0.03599219024181366,-0.009938418865203857
157,2245,22478,1694,6,0.2843954861164093,0.03172601759433746,-1.3688215017318726
158,2247,22592,885,2,0.28443169593811035,0.03266282007098198,-0.08414679765701294
159,2252,4026,753,2,0.2875560522079468,0.03190165385603905,0.23903337121009827
160,2266,15149,734,2,0.2835603356361389,0.03202272206544876,0.06193867325782776
161,2269,2719,1658,10,0.2839755415916443,0.03160012513399124,-1.0302808284759521
162,2291,9686,26,2,0.2851862907409668,0.033116720616817474,1.6431686878204346
163,2300,21919,1377,3,0.2832631766796112,0.031226197257637978,-0.5015988349914551
164,2305,22821,997,5,0.2824176847934723,0.03396525979042053,-0.19645173847675323
165,2318,20407,48,2,0.28509238362312317,0.034661754965782166,1.4026652574539185
166,2336,124,1500,2,0.28525829315185547,0.03211101144552231,-0.7205784320831299
167,2346,461,612,2,0.281544029712677,0.029708418995141983,0.21625690162181854
168,2348,14020,1630,2,0.28443974256515503,0.033131685107946396,-0.7696101665496826
169,2364,128,1001,2,0.2833181619644165,0.033107079565525055,-0.14335304498672485
170,2367,6058,1547,5,0.2836748957633972,0.0324629507958889,-0.7192941308021545
171,2387,21399,1252,2,0.28619933128356934,0.031464144587516785,-0.29208970069885254
172,2423,134,1652,1,0.2815321981906891,0.03162871673703194,-1.0652731657028198
173,2449,741,600,3,0.285535603761673,0.03288022801280022,0.3760046064853668
174,2478,16064,136,2,0.2854015827178955,0.03284657746553421,0.9254356026649475
175,2488,11596,1566,2,0.28292059898376465,0.0311763733625412,-0.7060925960540771
176,2494,21406,836,3,0.28483811020851135,0.03392091020941734,-0.14433996379375458
177,2496,143,3,3,0.28169459104537964,0.03528159484267235,2.013655662536621
178,2526,17229,6,4,0.28408509492874146,0.03341885283589363,2.415555000305176
179,2554,23007,245,4,0.28545480966567993,0.03480970859527588,0.8312455415725708
180,2584,22956,23,2,0.2836536467075348,0.0346512570977211,1.8629794120788574
181,2586,19865,1143,4,0.2851657271385193,0.03226744011044502,-0.2834455668926239
182,2591,21520,45,1,0.2798619270324707,0.03581804782152176,1.3129407167434692
183,2599,19333,289,3,0.2839634418487549,0.035334594547748566,0.7323663234710693
184,2613,20525,644,5,0.28418678045272827,0.03413166478276253,0.21163077652454376
185,2619,153,1747,3,0.2859494388103485,0.02924048900604248,-1.6707541942596436
186,2639,22995,1350,3,0.2856466472148895,0.032819490879774094,-0.40459489822387695
187,2651,295,1114,4,0.28476378321647644,0.03190496191382408,-0.27196866273880005
188,2670,17953,1450,3,0.2846871018409729,0.032630134373903275,-0.6463011503219604
189,2673,15308,382,4,0.2845231294631958,0.03676379472017288,0.6321845650672913
190,2680,20055,439,2,0.2851129472255707,0.03428533673286438,0.41993457078933716
191,2701,6217,1605,2,0.283412903547287,0.031386859714984894,-1.093674659729004
192,2708,13558,1002,4,0.28738728165626526,0.03120933473110199,-0.12576335668563843
193,2712,13216,503,2,0.28435075283050537,0.031385619193315506,0.29532545804977417
194,2760,14821,1144,8,0.28219088912010193,0.03213158994913101,-0.271694153547287
195,2765,20927,594,5,0.28333190083503723,0.0326375737786293,0.32267898321151733
196,2780,17472,1645,2,0.28392815589904785,0.031919270753860474,-1.110315203666687
197,2792,696,1443,2,0.28503793478012085,0.0326419360935688,-0.46331965923309326
198,2802,20054,1039,3,0.28417375683784485,0.029912684112787247,-0.14627359807491302
199,2812,18065,34,5,0.28366613388061523,0.034339744597673416,1.366072177886963
200,2825,14965,1615,8,0.28470703959465027,0.03077346831560135,-0.9898179769515991
201,2847,20872,1093,2,0.28435418009757996,0.030867906287312508,-0.1657441258430481
202,2854,17132,430,9,0.2832857668399811,0.032366298139095306,0.5876257419586182
203,2884,8264,1522,6,0.2844221889972687,0.03098290227353573,-0.7364005446434021
204,2909,14572,17,3,0.2853130102157593,0.03528740257024765,1.9367684125900269
205,2913,21384,78,3,0.284088134765625,0.034157849848270416,1.3547513484954834
206,2914,20848,424,2,0.2875715494155884,0.034045759588479996,0.635187029838562
207,2931,23014,517,4,0.2849227488040924,0.0320616215467453,0.42928698658943176
208,2939,21319,6,8,0.2845478057861328,0.033027056604623795,2.8271031379699707
209,2949,22802,130,2,0.28511473536491394,0.0359499566257,1.067901372909546
210,2952,626,1,5,0.2858230173587799,0.03611738979816437,2.385789394378662
211,2964,21758,416,2,0.28558453917503357,0.031823091208934784,0.5389271974563599
212,2990,712,1011,10,0.2831040024757385,0.031526632606983185,-0.1562141627073288
213,3069,1898,1571,2,0.2869381606578827,0.031372278928756714,-0.9233137965202332
214,3088,180,1023,4,0.2839391827583313,0.03108488768339157,-0.1839127093553543
215,3099,21101,1010,2,0.2833184599876404,0.03153050318360329,0.0037376731634140015
216,3103,5796,40,2,0.283333420753479,0.035838399082422256,1.692972183227539
217,3147,21115,113,3,0.284433513879776,0.039159297943115234,0.9091131687164307
218,3164,20069,1373,2,0.28465020656585693,0.03394235670566559,-0.49213019013404846
219,3173,4423,1136,5,0.2856144309043884,0.03140942379832268,-0.18754738569259644
220,3183,20635,211,3,0.28769463300704956,0.033156655728816986,0.8331685662269592
221,3200,14473,681,3,0.28450241684913635,0.032596006989479065,0.2217283993959427
222,3224,6171,3,2,0.27928784489631653,0.049357619136571884,4.5507988929748535
223,3230,4205,2,2,0.28465113043785095,0.035413071513175964,3.3547110557556152
224,3250,1145,1,2,0.28399166464805603,0.03509064018726349,3.1242618560791016
225,3274,7367,96,5,0.2857159972190857,0.033776186406612396,1.2840697765350342
226,3287,21297,1248,2,0.2849615812301636,0.030099784955382347,-0.4310538172721863
227,3289,22998,679,6,0.2835599482059479,0.034403473138809204,0.10962409526109695
228,3305,4581,88,2,0.28501707315444946,0.03529997169971466,1.6348565816879272
229,3370,3382,37,2,0.28705450892448425,0.03504272550344467,1.463745355606079
230,3394,22217,951,3,0.284976989030838,0.031358394771814346,-0.09599995613098145
231,3413,8526,1113,3,0.2867664396762848,0.030952267348766327,-0.27349328994750977
232,3436,20596,1333,2,0.2841747999191284,0.03156593441963196,-0.4322752058506012
233,3438,13856,1009,3,0.28273805975914,0.03136814385652542,-0.14016401767730713
234,3453,21768,997,2,0.2839377820491791,0.031676724553108215,-0.08798639476299286
235,3459,4431,585,4,0.28447186946868896,0.0340321883559227,0.2785831689834595
236,3464,6797,1008,2,0.2821670174598694,0.0338079035282135,-0.18942835927009583
237,3472,7196,63,4,0.28587308526039124,0.033182866871356964,1.2352001667022705
238,3473,20837,339,2,0.2841756045818329,0.0338209792971611,0.5649641156196594
239,3486,2466,882,2,0.28421100974082947,0.029109615832567215,-0.07930857688188553
240,3489,11179,376,3,0.28341495990753174,0.033830687403678894,0.611034095287323
241,3496,201,397,5,0.28491291403770447,0.031301114708185196,0.5606392025947571
242,3498,17014,1422,2,0.2836141884326935,0.03382876515388489,-0.6684412956237793
243,3503,17476,1230,3,0.2838853895664215,0.030948234722018242,-0.31148287653923035
244,3506,14490,104,3,0.28467968106269836,0.034820400178432465,1.1126242876052856
245,3507,21391,1496,10,0.2833440601825714,0.03155169636011124,-0.695309579372406
246,3556,5459,135,1,0.2817356586456299,0.03669143468141556,0.9986923933029175
247,3569,203,1195,6,0.2826652228832245,0.030974915251135826,-0.2910148501396179
248,3576,953,137,3,0.2873392105102539,0.033336494117975235,1.2525721788406372
249,3597,4066,803,2,0.28526297211647034,0.034459587186574936,0.08841841667890549
250,3614,20924,6,2,0.28391033411026,0.036459781229496,2.103893280029297
251,3661,22590,249,4,0.28405535221099854,0.035955049097537994,0.7241889834403992
252,3664,10666,1166,2,0.2843523323535919,0.03215578943490982,-0.25169336795806885
253,3666,22821,133,2,0.28268197178840637,0.038322046399116516,0.9380538463592529
254,3680,213,1492,2,0.2843918204307556,0.031005408614873886,-0.7342085838317871
255,3696,6927,869,2,0.2831675708293915,0.03109835460782051,0.006533149629831314
256,3712,21442,169,4,0.2868814766407013,0.033160410821437836,0.8882699608802795
257,3751,20283,81,3,0.2853067219257355,0.036310240626335144,1.4239070415496826
258,3752,1660,168,10,0.28502315282821655,0.03363136202096939,0.9082797169685364
259,3758,4408,1648,4,0.2851194739341736,0.03363138064742088,-0.9553059935569763
260,3785,4593,141,4,0.28430691361427307,0.04154912009835243,1.0831204652786255
261,3803,11897,1,3,0.28563931584358215,0.03572463244199753,4.815108299255371
262,3812,20298,339,10,0.28323519229888916,0.03266088664531708,0.7662374377250671
263,3817,16990,5,2,0.2852097749710083,0.03781445324420929,2.2802224159240723
264,3836,3466,889,2,0.28409475088119507,0.03148884326219559,-0.058072324842214584
265,3838,8505,989,3,0.28926604986190796,0.031807273626327515,-0.15583647787570953
266,3870,6110,1590,2,0.2836433947086334,0.03249972313642502,-0.7591389417648315
267,3877,226,931,2,0.2860916554927826,0.033481139689683914,0.04055717587471008
268,3890,21147,55,6,0.2857692837715149,0.03539657965302467,1.654542326927185
269,3899,8178,904,2,0.283508837223053,0.03280932083725929,-0.011994577944278717
270,3906,3144,1728,3,0.2857801914215088,0.032103367149829865,-1.4235860109329224
271,3908,15848,284,10,0.2845599353313446,0.03560569882392883,0.7769551277160645
272,3919,12220,260,2,0.2857380211353302,0.03678375482559204,0.7875194549560547
273,3921,6764,235,2,0.28409039974212646,0.03662819042801857,0.8145319223403931
274,3930,21884,159,2,0.2841281592845917,0.03353840112686157,1.0441339015960693
275,3934,234,651,3,0.2860347628593445,0.03308833763003349,0.22017064690589905
276,3982,3998,606,1,0.2792222499847412,0.032103877514600754,0.18763494491577148
277,3993,4446,1727,3,0.28495362401008606,0.03033008798956871,-1.5242624282836914
278,3998,7799,1068,4,0.2850624620914459,0.03191390633583069,-0.26838418841362
279,4023,9027,1720,5,0.28568899631500244,0.030351929366588593,-1.2867079973220825
280,4067,7003,1735,4,0.28535357117652893,0.033345624804496765,-1.8355857133865356
281,4069,6685,20,8,0.2830941379070282,0.03314157575368881,2.61210298538208
282,4071,1333,174,3,0.2850477397441864,0.0327991284430027,0.9302860498428345
283,4094,4683,719,3,0.28567105531692505,0.03217175602912903,0.11882074177265167
284,4120,23012,689,3,0.28473931550979614,0.033658139407634735,0.14319588243961334
285,4149,763,651,7,0.2830018699169159,0.03278065845370293,0.18704843521118164
286,4206,4768,61,3,0.28544414043426514,0.037176940590143204,1.1916896104812622
287,4209,6059,178,3,0.28450924158096313,0.03374086320400238,1.0896546840667725
288,4233,8048,55,2,0.2825523018836975,0.03552669286727905,1.9199655055999756
289,4241,22956,279,10,0.2840462327003479,0.03222270309925079,0.7624574899673462
290,4262,15633,211,2,0.2859678268432617,0.03318256884813309,0.8538702130317688
291,4267,16835,978,10,0.2846539318561554,0.033419568091630936,-0.09331722557544708
292,4300,13718,494,2,0.28483179211616516,0.03210325166583061,0.42083314061164856
293,4319,4539,32,6,0.285714328289032,0.036042649298906326,1.5462538003921509
294,4357,23030,1688,7,0.28433701395988464,0.032315418124198914,-1.240389347076416
295,4444,3931,203,2,0.2856246531009674,0.035973552614450455,1.0553642511367798
296,4456,20989,748,2,0.2852190136909485,0.03406121954321861,0.21086913347244263
297,4477,2357,110,3,0.2833164632320404,0.0361381471157074,1.1341063976287842
298,4481,12440,2,3,0.2807532250881195,0.03930163383483887,2.725886344909668
299,4504,16633,143,2,0.28373605012893677,0.03774476796388626,0.9643279314041138
300,4507,5202,914,3,0.28788599371910095,0.0319945402443409,0.0692378506064415
301,4517,14699,1208,2,0.28534451127052307,0.033326707780361176,-0.3167693018913269
302,4547,22252,1671,4,0.2868625819683075,0.031155528500676155,-1.1923350095748901
303,4596,6565,1540,2,0.284628689289093,0.030985096469521523,-0.7793802618980408
304,4600,20077,765,2,0.2881183624267578,0.03116341307759285,0.10127891600131989
305,4610,19155,655,2,0.28202250599861145,0.03433334827423096,0.21676121652126312
306,4613,10817,679,2,0.2836940586566925,0.032233886420726776,0.17698660492897034
307,4621,268,17,2,0.2840636372566223,0.037237100303173065,1.9481292963027954
308,4657,11134,1514,10,0.28377678990364075,0.03297518193721771,-0.7062234878540039
309,4676,12048,531,3,0.2848283052444458,0.03407229483127594,0.45356255769729614
310,4715,17142,161,2,0.2848033905029297,0.03448885679244995,0.9443223476409912
311,4736,12607,111,2,0.28571817278862,0.03366833180189133,1.1477681398391724
312,4744,19352,992,2,0.2838857173919678,0.03257964178919792,-0.10855618864297867
313,4748,284,907,2,0.28540802001953125,0.03098638355731964,-0.10640712082386017
314,4767,17085,549,3,0.2851882874965668,0.03497610241174698,0.3434048891067505
315,4823,11171,1,2,0.2851100265979767,0.03733072057366371,5.139824390411377
316,4835,1504,1,3,0.28468823432922363,0.03757327049970627,2.8299083709716797
317,4839,11420,1414,2,0.2839144766330719,0.030739370733499527,-0.6121886372566223
318,4849,21342,198,2,0.28535938262939453,0.03467699512839317,0.9371392130851746
319,4851,22952,4,2,0.2859974205493927,0.03413704037666321,1.7417858839035034
320,4860,16808,1214,5,0.28545674681663513,0.033107515424489975,-0.3582541346549988
321,4868,20919,69,2,0.2825830578804016,0.03557895869016647,1.1424448490142822
322,4876,570,1638,1,0.27893444895744324,0.029870061203837395,-1.1964126825332642
323,4879,19687,468,1,0.28133854269981384,0.03336992859840393,0.5028895139694214
324,4880,297,990,3,0.2852252125740051,0.033085599541664124,-0.21426180005073547
325,4930,20891,602,4,0.28733155131340027,0.03279466927051544,0.32538703083992004
326,4952,305,104,2,0.2865711748600006,0.033238306641578674,1.134711742401123
327,4956,22425,149,3,0.2842250168323517,0.035881415009498596,1.0284621715545654
328,4965,15856,1172,2,0.2855495810508728,0.032519757747650146,-0.40494203567504883
329,4972,12212,206,2,0.284016877412796,0.03349323570728302,0.9172173142433167
330,4987,23014,240,6,0.28288164734840393,0.038566768169403076,0.9128087759017944
331,4990,4491,424,2,0.28421643376350403,0.03352516517043114,0.5797556042671204
332,5011,1040,3,4,0.28536808490753174,0.033397696912288666,3.1731607913970947
333,5022,16616,1352,1,0.27960196137428284,0.028640739619731903,-0.4301246404647827
334,5037,22686,1496,1,0.2812208831310272,0.03209845721721649,-0.5984348654747009
335,5041,18786,2,2,0.2849656641483307,0.03577566146850586,2.82558274269104
336,5048,5287,108,2,0.28508445620536804,0.03252343088388443,1.0963038206100464
337,5058,23029,217,5,0.2847975790500641,0.03226626291871071,0.8501368761062622
338,5090,314,1123,2,0.2849695384502411,0.030981864780187607,-0.12785805761814117
339,5094,5262,814,2,0.2849458158016205,0.03290767967700958,0.06576690077781677
340,5107,16607,311,2,0.2822766900062561,0.03847486525774002,0.7366361618041992
341,5125,2953,1355,2,0.28593993186950684,0.03310241922736168,-0.5789264440536499
342,5166,2022,80,5,0.2849935293197632,0.03304734453558922,1.0638396739959717
343,5171,4539,139,4,0.28674861788749695,0.035522524267435074,1.1505407094955444
344,5172,10659,1200,1,0.28202199935913086,0.03128053620457649,-0.21211844682693481
345,5180,12734,222,3,0.28544124960899353,0.034205853939056396,0.8443903923034668
346,5195,16859,91,4,0.28320223093032837,0.039683207869529724,1.2345550060272217
347,5269,14214,1120,3,0.284609854221344,0.03126174956560135,-0.2661966383457184
348,5270,23032,432,2,0.282030314207077,0.03149789944291115,0.4410800337791443
349,5273,3929,1423,7,0.28535959124565125,0.035868093371391296,-0.6188700199127197
350,5288,4533,192,4,0.28464797139167786,0.03593491017818451,0.9978712797164917
351,5289,9866,478,2,0.2832774817943573,0.033791765570640564,0.3430994749069214
352,5298,21263,597,2,0.28222212195396423,0.03443833068013191,0.18440964818000793
353,5306,11733,229,6,0.2836419939994812,0.0351782962679863,0.8491849899291992
354,5335,15193,1196,3,0.2853281497955322,0.03886251896619797,-0.37122443318367004
355,5341,18920,134,2,0.2844029664993286,0.03297431394457817,1.1199405193328857
356,5347,22908,1198,3,0.2864544689655304,0.031215690076351166,-0.289328396320343
357,5348,17019,1173,5,0.2845768332481384,0.030040623620152473,-0.30104002356529236
358,5391,2046,1453,3,0.28515228629112244,0.03151781111955643,-0.6586984395980835
359,5429,18642,468,1,0.2804848849773407,0.03349040076136589,0.4755936861038208
360,5431,21415,10,2,0.2851942181587219,0.035566531121730804,2.0027549266815186
361,5433,21350,314,3,0.28435587882995605,0.03379104286432266,0.5179368257522583
362,5447,21121,358,4,0.2855619788169861,0.0327887088060379,0.6806486248970032
363,5453,21942,13,10,0.2834874391555786,0.03387235105037689,1.9361646175384521
364,5488,349,748,2,0.2823387086391449,0.03410176932811737,0.041158270090818405
365,5496,5485,1442,3,0.2834972143173218,0.03249441459774971,-0.5748886466026306
366,5501,22928,1269,2,0.28366532921791077,0.031373992562294006,-0.3152775764465332
367,5533,23029,147,4,0.28677886724472046,0.03368517756462097,1.089807152748108
368,5558,357,506,2,0.28583887219429016,0.03259572759270668,0.40881919860839844
369,5563,23003,819,2,0.2846563458442688,0.03240727260708809,0.028581976890563965
370,5569,359,836,2,0.2827029824256897,0.03206411749124527,0.06202978268265724
371,5572,831,18,2,0.28500550985336304,0.03489292785525322,1.7595481872558594
372,5587,7310,406,2,0.28199800848960876,0.032913483679294586,0.4334287941455841
373,5591,12831,436,2,0.282912939786911,0.031645745038986206,0.4320422410964966
374,5632,1570,1391,2,0.28827035427093506,0.031951989978551865,-0.5226104855537415
375,5636,11158,1108,2,0.2880461812019348,0.03475493565201759,-0.1618994176387787
376,5638,15975,639,4,0.2872453033924103,0.03357623890042305,0.3033115565776825
377,5644,3381,583,3,0.2872105538845062,0.03312129154801369,0.3924912214279175
378,5659,4885,809,3,0.28580063581466675,0.03229381889104843,0.1748102307319641
379,5680,5491,1,7,0.282199501991272,0.034286633133888245,3.09061336517334
380,5682,11701,191,3,0.28313004970550537,0.0395573154091835,0.9642853736877441
381,5690,23023,5,2,0.2861647307872772,0.03366450220346451,2.079465389251709
382,5691,367,5,2,0.2837679982185364,0.03944968432188034,4.312796592712402
383,5694,11047,1246,2,0.28417420387268066,0.03177366033196449,-0.2927638292312622
384,5725,826,144,5,0.28499963879585266,0.03518929332494736,1.0978187322616577
385,5751,17113,1709,4,0.2860906720161438,0.03106561303138733,-1.328065037727356
386,5770,17519,1416,6,0.2838993966579437,0.0329817533493042,-0.5890892744064331
387,5773,373,1117,3,0.28621071577072144,0.033373307436704636,-0.1573362499475479
388,5804,19030,65,2,0.28567004203796387,0.033390991389751434,1.431767225265503
389,5820,15861,988,2,0.28760984539985657,0.032807350158691406,-0.1220577210187912
390,5831,4767,960,3,0.2850978672504425,0.030673479661345482,-0.12362530827522278
391,5843,3163,568,2,0.28632789850234985,0.032602306455373764,0.37280070781707764
392,5871,22809,6,5,0.2852438688278198,0.03402101993560791,3.3307323455810547
393,5879,10160,877,2,0.2854543924331665,0.03538817912340164,0.017537906765937805
394,5892,19034,141,3,0.28387340903282166,0.03264334052801132,0.9731788635253906
395,5957,2003,254,2,0.28437942266464233,0.03174400329589844,0.7763720750808716
396,5973,16592,494,2,0.2834673225879669,0.03325825184583664,0.38963815569877625
397,6000,1247,410,2,0.28641757369041443,0.033144254237413406,0.555388867855072
398,6033,14418,1,3,0.2846069633960724,0.03324988856911659,2.7219016551971436
399,6068,456,1645,3,0.2848219871520996,0.030641140416264534,-1.269709587097168
400,6096,22704,990,2,0.2840177118778229,0.03479180857539177,-0.03498917818069458
401,6100,23014,161,4,0.2824709415435791,0.03477475792169571,0.9581831097602844
402,6171,19227,748,2,0.2835499346256256,0.03477312996983528,-0.05094452202320099
403,6177,396,2,2,0.28446492552757263,0.0408521369099617,1.7681893110275269
404,6196,22533,1331,2,0.286538302898407,0.03357327729463577,-0.4281051456928253
405,6252,21452,351,7,0.28462910652160645,0.03442464768886566,0.6305699348449707
406,6259,5815,1747,1,0.2810867428779602,0.032011888921260834,-2.0252132415771484
407,6280,8586,237,4,0.2868778705596924,0.03390059620141983,0.7724317908287048
408,6283,21396,162,2,0.28425735235214233,0.03304041177034378,1.1411030292510986
409,6284,22217,110,5,0.2840154767036438,0.035913098603487015,1.1719005107879639
410,6289,2370,492,2,0.28511330485343933,0.03203950449824333,0.40545371174812317
411,6312,11927,1329,2,0.28461992740631104,0.03168996050953865,-0.3449302613735199
412,6314,22299,612,2,0.284678190946579,0.032215818762779236,0.24602076411247253
413,6360,20273,70,5,0.2828793227672577,0.036368533968925476,1.702006459236145
414,6369,1274,1418,9,0.2820790410041809,0.030178125947713852,-0.5543198585510254
415,6404,5377,197,2,0.28429320454597473,0.03542739897966385,0.7856613993644714
416,6405,6219,1653,6,0.2842216491699219,0.03174878656864166,-1.0588655471801758
417,6407,3151,422,2,0.28612902760505676,0.031685639172792435,0.5053996443748474
418,6440,4196,37,2,0.28592607378959656,0.03528405725955963,1.8630224466323853
419,6494,21436,393,2,0.28428804874420166,0.031101997941732407,0.6192813515663147
420,6509,14084,891,5,0.2842896580696106,0.034444667398929596,-0.012024395167827606
421,6539,16804,829,3,0.28552162647247314,0.03091512620449066,0.07352295517921448
422,6554,8775,744,2,0.28369104862213135,0.03210512921214104,0.15769770741462708
423,6595,21277,98,2,0.2851583957672119,0.03500528261065483,0.99711674451828
424,6596,22347,791,5,0.28522810339927673,0.03394373133778572,0.1626153290271759
425,6619,22961,65,2,0.2847985625267029,0.034661274403333664,1.2996652126312256
426,6623,22657,416,2,0.28667306900024414,0.03420839458703995,0.5421210527420044
427,6631,1408,1755,3,0.28665533661842346,0.031151331961154938,-1.7289986610412598
428,6666,21757,1282,3,0.28478291630744934,0.031097248196601868,-0.4540775418281555
429,6669,4536,110,2,0.2831445336341858,0.03597741574048996,1.1306718587875366
430,6686,23031,456,4,0.28623950481414795,0.033377714455127716,0.48740947246551514
431,6696,18186,932,2,0.2854131758213043,0.03577432781457901,0.06201252341270447
432,6697,21691,1126,4,0.2870997488498688,0.030869528651237488,-0.20650219917297363
433,6706,670,715,2,0.28499138355255127,0.032330069690942764,0.15914244949817657
434,6717,4566,589,7,0.2843449115753174,0.03354095295071602,0.415094792842865
435,6729,21141,674,4,0.2830544710159302,0.0330515056848526,0.05508200079202652
436,6730,22000,199,2,0.2845207452774048,0.036045003682374954,0.9695353507995605
437,6739,22987,774,8,0.282799631357193,0.03280450403690338,0.11296146363019943
438,6742,966,74,2,0.2843523621559143,0.038173556327819824,1.12376070022583
439,6750,451,124,2,0.2855917513370514,0.033487558364868164,1.0739591121673584
440,6760,12823,101,3,0.28050515055656433,0.03739633411169052,1.1925077438354492
441,6762,15814,819,5,0.2848663032054901,0.033138684928417206,0.10015987604856491
442,6766,4196,768,3,0.28716227412223816,0.032605431973934174,0.1883363425731659
443,6768,16613,859,2,0.2846441864967346,0.03180311620235443,0.1053089052438736
444,6770,22970,564,3,0.2865186929702759,0.031972289085388184,0.31722888350486755
445,6787,21758,167,5,0.2837086319923401,0.03493085876107216,0.9146946668624878
446,6804,21003,1,2,0.28285253047943115,0.03690454736351967,3.0361132621765137
447,6820,458,1122,3,0.2837822735309601,0.032146818935871124,-0.2967183589935303
448,6838,22928,1489,6,0.27885016798973083,0.02845092862844467,-0.6548397541046143
449,6859,9462,123,2,0.2791839838027954,0.039070017635822296,1.212870478630066
450,6874,18842,435,5,0.28421834111213684,0.03420330956578255,0.48690763115882874
451,6878,1894,666,4,0.2828925848007202,0.031083567067980766,0.231394425034523
452,6946,861,1159,4,0.2828916907310486,0.031715452671051025,-0.2570416331291199
453,6951,22861,376,2,0.283203125,0.03356785327196121,0.6150791645050049
454,6967,20687,1768,2,0.28482070565223694,0.031186243519186974,-2.596679925918579
455,6979,8252,574,5,0.2854006290435791,0.03381623700261116,0.4406980276107788
456,6990,23020,1492,3,0.28538334369659424,0.029844775795936584,-0.7361346483230591
457,7025,14372,1165,4,0.28720012307167053,0.03555278107523918,-0.2559316158294678
458,7042,23027,1682,4,0.28604939579963684,0.033999793231487274,-1.3476427793502808
459,7043,22961,998,2,0.28877925872802734,0.031174054369330406,-0.042068734765052795
460,7047,2760,1103,3,0.28516319394111633,0.0343979075551033,-0.29192596673965454
461,7062,3315,155,3,0.285338431596756,0.03541348874568939,0.9733759164810181
462,7064,14238,1303,2,0.2836156189441681,0.031201433390378952,-0.4162291884422302
463,7092,13580,10,5,0.2847737967967987,0.03583239018917084,2.271353006362915
464,7093,3163,1334,2,0.2849522829055786,0.029225792735815048,-0.46903368830680847
465,7094,483,1332,2,0.2867852449417114,0.0327422209084034,-0.44691336154937744
466,7095,4507,1,3,0.2840254008769989,0.03789614886045456,2.4442505836486816
467,7109,22682,104,8,0.284567266702652,0.0331663079559803,1.095751404762268
468,7110,21344,1420,2,0.2867869436740875,0.03211832419037819,-0.567416787147522
469,7120,22892,1483,7,0.2841058373451233,0.032088980078697205,-0.6996896266937256
470,7139,486,689,2,0.2842849791049957,0.03161808103322983,0.3376975655555725
471,7150,20658,517,2,0.28647103905677795,0.032876018434762955,0.438596248626709
472,7151,9694,28,2,0.2836446762084961,0.03336578607559204,1.5022165775299072
473,7153,21966,1063,3,0.2861453890800476,0.031190576031804085,-0.15290802717208862
474,7166,17941,97,2,0.2839023768901825,0.03483504056930542,1.1619230508804321
475,7173,17099,300,4,0.28502386808395386,0.03511134535074234,0.8981813192367554
476,7176,5108,1604,2,0.2842079997062683,0.03017810359597206,-0.9044172167778015
477,7185,16344,535,9,0.2814987897872925,0.03358152136206627,0.40984416007995605
478,7187,22961,1206,3,0.285751610994339,0.03214890509843826,-0.36007851362228394
479,7192,23025,1503,4,0.28325414657592773,0.03189840912818909,-0.6618881225585938
480,7214,622,482,3,0.2871580421924591,0.03337445110082626,0.48768144845962524
481,7250,22442,1694,2,0.28368210792541504,0.031789977103471756,-1.3896141052246094
482,7260,22975,146,3,0.28397443890571594,0.03293508663773537,1.0525051355361938
483,7261,10331,610,2,0.28406211733818054,0.031202591955661774,0.27218180894851685
484,7262,17216,510,2,0.2856535017490387,0.032168611884117126,0.3946273624897003
485,7263,19389,169,8,0.2834153175354004,0.032650358974933624,0.8342270851135254
486,7264,497,1220,2,0.2824912369251251,0.03062661737203598,-0.3155638575553894
487,7271,17645,968,5,0.2832033932209015,0.03174477815628052,-0.03402241691946983
488,7276,4557,1099,3,0.28059184551239014,0.03179340064525604,-0.13879995048046112
489,7303,22984,761,4,0.28463730216026306,0.03247688338160515,0.11694343388080597
490,7309,22112,110,3,0.28407442569732666,0.0352766290307045,1.1447218656539917
491,7311,13257,1634,3,0.28539639711380005,0.03438154608011246,-1.080445408821106
492,7312,12174,305,2,0.2848924994468689,0.03541102260351181,0.7245144248008728
493,7313,501,1216,2,0.28331223130226135,0.03137444704771042,-0.21947473287582397
494,7318,21593,1026,4,0.2817223370075226,0.03374484181404114,-0.09064091742038727
495,7352,5297,783,3,0.28775250911712646,0.032329753041267395,0.13200244307518005
496,7356,7203,1763,4,0.2862890660762787,0.030907338485121727,-1.888244390487671
497,7364,18630,451,2,0.2865143120288849,0.0324801504611969,0.5473330020904541
498,7432,20547,1052,6,0.28538674116134644,0.032515525817871094,-0.20761992037296295
499,7453,18770,769,2,0.2836858332157135,0.032445214688777924,0.11943612992763519
500,7517,15006,16,2,0.28248894214630127,0.044043757021427155,1.3272719383239746
501,7524,19608,324,2,0.2866331934928894,0.036315254867076874,0.6379619836807251
502,7541,5986,1278,2,0.28500887751579285,0.029950957745313644,-0.3846023976802826
503,7557,22237,1109,3,0.28282827138900757,0.03329072147607803,-0.13171112537384033
504,7576,21893,1445,3,0.2858102023601532,0.030860304832458496,-0.6555017828941345
505,7601,19460,963,2,0.2848183512687683,0.03193826973438263,0.0035278797149658203
506,7609,20393,647,2,0.28533828258514404,0.03275453671813011,0.2876490354537964
507,7628,6261,400,3,0.28451594710350037,0.033152803778648376,0.5445672869682312
508,7638,22925,557,3,0.2867876887321472,0.032448071986436844,0.30216389894485474
509,7651,20792,365,3,0.28663522005081177,0.0320063978433609,0.6285294890403748
510,7657,13314,1051,3,0.28951507806777954,0.03170730918645859,-0.15110808610916138
511,7673,525,1640,2,0.2836485207080841,0.02960113435983658,-0.9673762321472168
512,7681,11990,1429,2,0.2835058271884918,0.029474234208464622,-0.5918994545936584
513,7682,10884,675,3,0.2853054106235504,0.03379138559103012,0.2202972173690796
514,7701,4599,45,2,0.28616559505462646,0.035709965974092484,1.4852803945541382
515,7702,19110,42,10,0.28323090076446533,0.03358231484889984,1.3991291522979736
516,7707,17029,1107,3,0.28791335225105286,0.0326293408870697,-0.17718006670475006
517,7717,531,77,3,0.2847042679786682,0.03588254004716873,1.1106950044631958
518,7719,9220,1583,5,0.2846718728542328,0.03316188603639603,-0.799536406993866
519,7765,536,63,5,0.285286545753479,0.03504025936126709,1.2998404502868652
520,7813,13800,538,2,0.2834472954273224,0.030962994322180748,0.346081018447876
521,7816,922,2,1,0.2818835973739624,0.03661973029375076,2.8796074390411377
522,7850,2246,110,3,0.28684091567993164,0.03422332555055618,1.2408263683319092
523,7883,22996,604,2,0.28579646348953247,0.03337472304701805,0.3401434123516083
524,7892,18744,185,4,0.2848767936229706,0.035023950040340424,0.9504858255386353
525,7895,20027,841,3,0.28340253233909607,0.034176066517829895,-0.03433430939912796
526,7916,6451,512,4,0.284945011138916,0.03324195742607117,0.3595743179321289
527,7920,554,1288,2,0.28564146161079407,0.033913809806108475,-0.3413591682910919
528,7928,3719,831,1,0.28161510825157166,0.03549467772245407,0.04555569589138031
529,7932,20472,1291,3,0.2868155241012573,0.03175303712487221,-0.39101362228393555
530,7960,21356,581,2,0.28518933057785034,0.03364184498786926,0.4299587607383728
531,7984,563,1578,2,0.28638142347335815,0.03168521076440811,-0.9125646352767944
532,7999,22938,794,2,0.28793013095855713,0.0337703637778759,0.11962053179740906
533,8025,23012,1009,2,0.28424012660980225,0.03246081620454788,-0.17384468019008636
534,8032,8090,29,2,0.28635162115097046,0.03409738838672638,1.9831726551055908
535,8070,11984,1503,2,0.28742027282714844,0.0306586641818285,-0.8044626712799072
536,8075,20472,1142,2,0.2851073145866394,0.03185363858938217,-0.21840138733386993
537,8092,22911,1463,1,0.2821413576602936,0.030944524332880974,-0.7476434707641602
538,8101,20768,5,2,0.28526273369789124,0.037112705409526825,2.5611801147460938
539,8111,20848,160,3,0.284053772687912,0.032997436821460724,1.0167205333709717
540,8118,14054,417,3,0.28498440980911255,0.03250826895236969,0.37369194626808167
541,8120,22645,1073,3,0.28703075647354126,0.033278338611125946,-0.19836056232452393
542,8132,2283,1572,6,0.28333574533462524,0.030611667782068253,-0.8481326103210449
543,8135,23014,23,9,0.28136610984802246,0.037504397332668304,1.7120773792266846
544,8136,11369,963,5,0.2845696210861206,0.03294113278388977,-0.07027842849493027
545,8141,18429,476,1,0.28128692507743835,0.03429287299513817,0.448994517326355
546,8148,20231,467,2,0.2841950058937073,0.032114025205373764,0.4567577838897705
547,8186,8354,1410,2,0.283831924200058,0.031386598944664,-0.5070934891700745
548,8226,12656,1,2,0.28415971994400024,0.03754647076129913,4.2681779861450195
549,8247,21508,77,3,0.2874317169189453,0.034852463752031326,1.346549391746521
550,8264,20985,726,2,0.28151753544807434,0.032954394817352295,0.029637783765792847
551,8282,589,1713,5,0.28480568528175354,0.03162660822272301,-1.5527291297912598
552,8284,17142,114,7,0.2835553288459778,0.034408923238515854,1.0669697523117065
553,8287,8397,710,2,0.2855973541736603,0.032872799783945084,0.24639585614204407
554,8294,22638,816,10,0.2831358313560486,0.033318907022476196,0.15730410814285278
555,8330,6011,252,3,0.2853904962539673,0.03172368183732033,0.7911908626556396
556,8338,9185,1043,3,0.2852341830730438,0.03261286020278931,-0.13991151750087738
557,8366,6235,874,4,0.2847071588039398,0.032457124441862106,-0.007578598335385323
558,8389,21098,934,2,0.28485068678855896,0.032299578189849854,-0.006337786093354225
559,8398,1266,347,2,0.2845500707626343,0.03380522131919861,0.6653967499732971
560,8414,15635,815,7,0.2822133004665375,0.03190990537405014,0.006929527968168259
561,8415,16409,314,2,0.283173143863678,0.04201771691441536,0.685697078704834
562,8423,8907,1081,3,0.2810222804546356,0.033709581941366196,-0.32003507018089294
563,8429,8970,263,2,0.2846883535385132,0.03330336511135101,0.7695335149765015
564,8440,2951,1589,3,0.2866458594799042,0.03357071429491043,-0.9568270444869995
565,8450,19333,864,2,0.28350016474723816,0.03223416581749916,0.03295271843671799
566,8498,22851,562,2,0.28313690423965454,0.0332791842520237,0.33386677503585815
567,8508,20768,536,2,0.28388112783432007,0.03137322515249252,0.31065911054611206
568,8511,20888,1760,2,0.28431805968284607,0.031142083927989006,-2.4167966842651367
569,8577,7310,351,10,0.281093567609787,0.032095760107040405,0.4689856171607971
570,8583,9039,540,2,0.2850281298160553,0.03189614415168762,0.28410622477531433
571,8629,16159,292,6,0.2845194339752197,0.03206212818622589,0.9201492667198181
572,8652,12607,435,3,0.28557631373405457,0.03182405233383179,0.47158658504486084
573,8684,17811,78,5,0.2843189835548401,0.03739473223686218,1.2037681341171265
574,8686,9302,1502,2,0.2823629677295685,0.032094720751047134,-0.6130571961402893
575,8707,628,1086,7,0.2828540503978729,0.03108843043446541,-0.22622953355312347
576,8711,23030,1774,3,0.2868794798851013,0.028737103566527367,-2.4144089221954346
577,8745,632,1733,3,0.2866099774837494,0.03160170465707779,-1.5345479249954224
578,8770,10027,734,3,0.2854185104370117,0.033620305359363556,0.1490996778011322
579,8771,635,1641,2,0.282634973526001,0.02870047651231289,-1.0971107482910156
580,8777,22273,1401,2,0.2847827970981598,0.0341026708483696,-0.4907720386981964
581,8793,20471,207,2,0.2847861349582672,0.036415427923202515,0.81940096616745
582,8805,9231,732,2,0.2852631211280823,0.03562299907207489,0.19802913069725037
583,8825,16607,1641,2,0.2825026512145996,0.030263623222708702,-1.029283881187439
584,8834,21996,826,3,0.2837445139884949,0.03199940174818039,0.054099470376968384
585,8843,7077,545,2,0.2844026982784271,0.031130068004131317,0.3789427876472473
586,8899,23009,796,4,0.28548941016197205,0.033568911254405975,0.027303621172904968
587,8904,12639,721,3,0.28522342443466187,0.03461205214262009,0.178419828414917
588,8918,1629,1720,2,0.28262844681739807,0.031808942556381226,-1.2480987310409546
589,8961,8624,247,3,0.28573349118232727,0.033604945987463,0.8801731467247009
590,9006,14115,795,2,0.28605642914772034,0.0325489267706871,0.04357525706291199
591,9014,6569,44,5,0.28620436787605286,0.03382840380072594,1.3665945529937744
592,9015,13400,173,3,0.2808227241039276,0.035869453102350235,0.8828430771827698
593,9019,16384,1450,2,0.2855086326599121,0.03313817083835602,-0.6897698044776917
594,9029,22154,572,5,0.2853602468967438,0.03188145533204079,0.3569835424423218
595,9046,6535,256,4,0.2847423553466797,0.03395477682352066,0.7755147218704224
596,9059,16893,157,3,0.28361064195632935,0.03971195966005325,1.018987774848938
597,9094,4491,477,5,0.28385159373283386,0.03307980298995972,0.5001384019851685
598,9095,21833,190,3,0.2852032780647278,0.03464929759502411,0.9189778566360474
599,9108,653,326,3,0.28502342104911804,0.034725792706012726,0.694087564945221
600,9115,22446,956,3,0.2837476134300232,0.03071531280875206,-0.1488683819770813
601,9135,694,1710,2,0.2841517925262451,0.03233369067311287,-1.6054003238677979
602,9195,21241,1153,1,0.2817959487438202,0.03321952372789383,-0.285429984331131
603,9207,20180,1194,3,0.28324034810066223,0.03356913849711418,-0.35759344696998596
604,9225,21613,613,2,0.2847000062465668,0.03305583447217941,0.24529650807380676
605,9236,6797,495,2,0.28635174036026,0.03296850621700287,0.43721848726272583
606,9251,18477,1753,2,0.28613558411598206,0.03288864344358444,-1.703995704650879
607,9257,22970,15,2,0.2869690954685211,0.03428506851196289,1.3788164854049683
608,9258,19494,132,5,0.284357488155365,0.03730177879333496,1.0060292482376099
609,9294,8707,1676,2,0.2865988612174988,0.030905667692422867,-1.1201707124710083
610,9302,6191,103,2,0.2858758568763733,0.03594740852713585,1.3444119691848755
611,9315,675,929,2,0.2813062369823456,0.02852444164454937,-0.020211970433592796
612,9324,675,7,3,0.28532448410987854,0.034454815089702606,2.0643668174743652
613,9331,17519,1453,2,0.28578072786331177,0.033420953899621964,-0.6463263034820557
614,9357,20745,607,3,0.28620895743370056,0.03353332728147507,0.27053388953208923
615,9379,9495,1353,2,0.2836926281452179,0.03406738117337227,-0.445032000541687
616,9397,680,71,2,0.2845091223716736,0.032820992171764374,1.3271902799606323
617,9398,7799,1081,2,0.28167665004730225,0.03023766167461872,-0.21098148822784424
618,9411,17237,615,2,0.2836606502532959,0.03558122739195824,0.2636823058128357
619,9415,22853,80,2,0.2823319435119629,0.03528334200382233,1.6269887685775757
620,9448,20143,1549,4,0.28574490547180176,0.03199774771928787,-0.7635523676872253
621,9458,2026,288,2,0.28399690985679626,0.03763850778341293,0.775640606880188
622,9468,21350,22,2,0.28220441937446594,0.0452088788151741,1.4202978610992432
623,9483,22844,529,7,0.28333964943885803,0.031916841864585876,0.4549616575241089
624,9512,10085,449,2,0.2870602011680603,0.03500324860215187,0.5557181239128113
625,9513,12401,340,2,0.28623849153518677,0.03573640435934067,0.6148780584335327
626,9544,23002,1283,4,0.28558817505836487,0.031724415719509125,-0.3599238991737366
627,9555,14053,1,1,0.28064149618148804,0.035965874791145325,3.2339673042297363
628,9562,15862,1207,3,0.28561657667160034,0.03234424442052841,-0.2729974687099457
629,9591,5987,397,9,0.2828541696071625,0.03268703073263168,0.5941411256790161
630,9604,21982,416,6,0.2832525372505188,0.034230999648571014,0.5003218650817871
631,9669,3956,200,2,0.2827507257461548,0.040850453078746796,0.9734786748886108
632,9697,712,2,2,0.2836953103542328,0.04045257344841957,2.1079888343811035
633,9733,712,13,2,0.2833247184753418,0.0405552051961422,1.3167681694030762
634,9773,7373,82,3,0.2864782214164734,0.032772988080978394,1.4375776052474976
635,9814,21711,508,3,0.2853819727897644,0.03356456011533737,0.3895688056945801
636,9828,22812,462,2,0.28366619348526,0.032444801181554794,0.36526578664779663
637,9830,22739,373,3,0.28532177209854126,0.03262238949537277,0.58286452293396
638,9874,14417,121,2,0.28488314151763916,0.03439531475305557,1.0080268383026123
639,9883,18076,754,2,0.28403666615486145,0.03334195539355278,0.1570519208908081
640,9885,4907,1321,2,0.2825954854488373,0.031742654740810394,-0.3803328573703766
641,9917,2668,12,6,0.28331196308135986,0.04153768718242645,1.7801904678344727
642,9921,22889,621,3,0.28792789578437805,0.03250501677393913,0.23769766092300415
643,9928,720,241,2,0.28464391827583313,0.03279115632176399,0.8410971760749817
644,9929,4725,485,2,0.28709402680397034,0.03447495773434639,0.5126025676727295
645,9931,21491,158,2,0.2824949622154236,0.0353279709815979,1.0362334251403809
646,9943,22998,969,3,0.2857416272163391,0.03257598727941513,-0.050620682537555695
647,9969,4603,451,2,0.28331315517425537,0.03413935750722885,0.4883013069629669
648,9973,14084,1370,2,0.27967214584350586,0.031584229320287704,-0.43831998109817505
649,9993,9879,330,2,0.2826257646083832,0.030809808522462845,0.6563680171966553
650,10009,9313,169,4,0.28339970111846924,0.032747138291597366,0.8341622352600098
651,10028,6969,271,1,0.2827601730823517,0.03220473974943161,0.7347248792648315
652,10050,15381,744,3,0.28420260548591614,0.03414909541606903,0.11630912870168686
653,10106,21803,578,4,0.28561168909072876,0.03199201822280884,0.30733925104141235
654,10118,3611,16,3,0.28321677446365356,0.03679841384291649,2.252683162689209
655,10156,3434,3,2,0.2819369435310364,0.03924873471260071,2.3986523151397705
656,10173,6235,1528,2,0.2876834273338318,0.03390464186668396,-0.8398600816726685
657,10186,7338,76,2,0.2822324335575104,0.036427922546863556,1.5739967823028564
658,10216,7524,1658,2,0.28522950410842896,0.03222319111227989,-1.242330551147461
659,10239,2844,492,2,0.28485673666000366,0.032853513956069946,0.4822244644165039
660,10258,22552,1456,4,0.2847174108028412,0.03309673070907593,-0.5508250594139099
661,10275,16108,355,3,0.2819279134273529,0.0337405763566494,0.6991389393806458
662,10280,7809,863,2,0.2874089479446411,0.03403804451227188,0.08080431818962097
663,10307,10059,1113,2,0.2839134931564331,0.030047331005334854,-0.2192057967185974
664,10315,741,378,3,0.2841266393661499,0.03404035419225693,0.6328602433204651
665,10327,14451,652,3,0.2844078242778778,0.03381737694144249,0.17012503743171692
666,10344,3083,1285,2,0.2864702343940735,0.03346310928463936,-0.3484700322151184
667,10383,22133,302,4,0.2827812433242798,0.03181493654847145,0.6103716492652893
668,10390,23009,1719,2,0.2831627428531647,0.029238386079669,-1.7793667316436768
669,10430,1616,971,1,0.28139132261276245,0.0378207191824913,0.04787766933441162
670,10440,12335,18,3,0.27924299240112305,0.043097928166389465,1.7156620025634766
671,10467,3718,41,5,0.28537043929100037,0.03470630198717117,1.223065972328186
672,10471,12192,153,3,0.2855043113231659,0.03431755304336548,1.0325461626052856
673,10481,8466,141,2,0.2878206670284271,0.035537414252758026,1.2461214065551758
674,10523,22773,934,3,0.2839130759239197,0.03218954801559448,-0.04287043213844299
675,10526,11477,248,4,0.2853710651397705,0.032822784036397934,0.8972806334495544
676,10550,16962,238,8,0.28427842259407043,0.03895149752497673,0.8787013292312622
677,10664,20477,6,6,0.284588485956192,0.033524297177791595,2.284991979598999
678,10680,18021,1676,4,0.28508538007736206,0.030263245105743408,-1.3649948835372925
679,10718,22052,1052,2,0.2845710515975952,0.032049402594566345,-0.16897578537464142
680,10725,767,1718,2,0.2838699221611023,0.030516162514686584,-1.166456937789917
681,10734,2579,1053,5,0.2845073938369751,0.03250081092119217,-0.1848842203617096
682,10743,8637,976,2,0.2847951054573059,0.03044803813099861,-0.08994036167860031
683,10746,9206,24,4,0.28521087765693665,0.033545125275850296,1.7761693000793457
684,10749,10049,940,3,0.28445878624916077,0.03309836983680725,-0.016179189085960388
685,10760,16404,410,2,0.28303012251853943,0.03338930010795593,0.5119578838348389
686,10782,22979,997,5,0.28499722480773926,0.03223876282572746,-0.07775597274303436
687,10787,22807,900,5,0.2828684151172638,0.03230057284235954,0.04747520387172699
688,10808,10068,966,2,0.2824559807777405,0.030499745160341263,-0.07658997178077698
689,10830,8336,1248,2,0.286157488822937,0.03264377638697624,-0.37430188059806824
690,10835,3990,182,2,0.2833014726638794,0.03794940188527107,0.9549033641815186
691,10836,17962,16,2,0.2829805910587311,0.03884488344192505,1.7326817512512207
692,10846,782,449,5,0.2847181260585785,0.03278256580233574,0.4763762950897217
693,10848,19423,1641,2,0.28553181886672974,0.031288355588912964,-1.2379997968673706
694,10871,21691,2,4,0.2821181118488312,0.04071551561355591,1.6911685466766357
695,10918,17814,1114,2,0.28395459055900574,0.03460537642240524,-0.2757919728755951
696,10942,21366,1414,1,0.2833103835582733,0.02964531071484089,-0.6166404485702515
697,10949,14358,882,3,0.2860288918018341,0.030915938317775726,0.06925823539495468
698,10951,20348,1085,5,0.28549620509147644,0.03379262238740921,-0.07407015562057495
699,10960,11420,1355,2,0.2857852578163147,0.02897428348660469,-0.47926849126815796
700,10966,4231,2,2,0.28394705057144165,0.03574468940496445,3.9977669715881348
701,10973,4645,1343,3,0.2837981879711151,0.031174343079328537,-0.4341423511505127
702,10985,22929,201,3,0.2854781746864319,0.03438955917954445,0.8341032266616821
703,10991,12956,598,2,0.2835322916507721,0.034310728311538696,0.30398792028427124
704,11042,20979,282,2,0.284607470035553,0.037349194288253784,0.7789719104766846
705,11045,16829,279,3,0.2848953306674957,0.03813689202070236,0.7911891937255859
706,11046,22076,848,2,0.28448286652565,0.03270380571484566,-0.002774931490421295
707,11054,22874,685,2,0.2845463752746582,0.03299809619784355,0.26623469591140747
708,11076,4643,1243,2,0.2866077721118927,0.03245590627193451,-0.3034838140010834
709,11077,14417,92,6,0.2842903733253479,0.03236560523509979,1.066454291343689
710,11082,10900,405,2,0.2853456139564514,0.032063327729701996,0.5546631813049316
711,11100,12830,29,2,0.2852170169353485,0.03483148664236069,1.9218497276306152
712,11116,18339,284,4,0.2861373722553253,0.03403386473655701,0.7299796938896179
713,11125,805,1496,5,0.284180223941803,0.030775416642427444,-0.6821789741516113
714,11126,805,839,3,0.28492802381515503,0.032608356326818466,0.0986534133553505
715,11128,16156,3,3,0.28570279479026794,0.0342499315738678,2.670417547225952
716,11129,15001,574,3,0.2864094078540802,0.034415386617183685,0.3290182054042816
717,11132,20734,189,4,0.2826192080974579,0.034653663635253906,0.8054883480072021
718,11153,22572,17,3,0.2855544090270996,0.03520452231168747,1.9772968292236328
719,11168,20913,592,2,0.2858511209487915,0.03326763957738876,0.3434509038925171
720,11181,22575,709,1,0.28051286935806274,0.034357644617557526,0.14969350397586823
721,11190,1660,918,5,0.2854921221733093,0.032501015812158585,0.007618933916091919
722,11197,22922,295,2,0.2852109968662262,0.033172525465488434,0.7005526423454285
723,11199,17410,148,2,0.28520700335502625,0.033846791833639145,0.9363963603973389
724,11201,3484,557,4,0.2853483557701111,0.0345938503742218,0.38118913769721985
725,11204,17717,86,4,0.2834179401397705,0.03597413748502731,1.4283194541931152
726,11211,12306,482,2,0.2838136553764343,0.03785703703761101,0.49034637212753296
727,11284,2046,56,5,0.28495633602142334,0.03572668880224228,1.9039433002471924
728,11301,21337,403,5,0.2853332757949829,0.032428450882434845,0.6045116782188416
729,11316,22549,725,6,0.2832660675048828,0.03395194560289383,0.12439770996570587
730,11322,22965,325,5,0.2835352122783661,0.033251140266656876,0.6402525305747986
731,11324,23021,924,2,0.28292930126190186,0.032834045588970184,-0.13903982937335968
732,11337,18244,894,10,0.2814723253250122,0.032218120992183685,-0.12758533656597137
733,11364,23024,843,4,0.28404244780540466,0.03258279711008072,0.03385096788406372
734,11365,22964,102,2,0.28439095616340637,0.03319225460290909,1.0476164817810059
735,11376,16220,1585,1,0.2812294661998749,0.03246006369590759,-1.071099877357483
736,11392,21951,560,5,0.28380393981933594,0.032029781490564346,0.35569334030151367
737,11407,18272,62,2,0.2830853760242462,0.042486321181058884,1.1716945171356201
738,11418,10838,26,4,0.2839856445789337,0.03432175889611244,1.772000789642334
739,11450,3637,510,2,0.28580328822135925,0.03423919528722763,0.4485134482383728
740,11460,9725,195,2,0.2856205701828003,0.034195732325315475,0.8306637406349182
741,11461,1402,447,8,0.28258106112480164,0.03295016288757324,0.5367493629455566
742,11482,6293,51,2,0.28537312150001526,0.031791526824235916,1.2701942920684814
743,11505,22004,1275,2,0.28223443031311035,0.03105982393026352,-0.3730323910713196
744,11520,3369,1147,4,0.2886296510696411,0.03223171457648277,-0.26678892970085144
745,11530,20302,1532,2,0.28710779547691345,0.03311358392238617,-0.7891124486923218
746,11584,10780,35,3,0.28607073426246643,0.0340714268386364,1.853515386581421
747,11598,13669,231,2,0.2856988310813904,0.03239341452717781,0.7849313020706177
748,11604,4761,451,6,0.28589436411857605,0.032456185668706894,0.5378491282463074
749,11619,22835,809,3,0.28683364391326904,0.032402172684669495,0.0953395813703537
750,11620,22688,817,3,0.28561434149742126,0.03290047496557236,0.017974428832530975
751,11626,2060,419,7,0.2839030921459198,0.031769633293151855,0.5428563356399536
752,11636,866,272,7,0.2852761745452881,0.03410033881664276,0.8623402118682861
753,11641,21411,421,3,0.28559741377830505,0.03242954611778259,0.4926261305809021
754,11643,868,1,2,0.2860966622829437,0.036692023277282715,4.252662181854248
755,11698,875,1372,2,0.2840941846370697,0.029571108520030975,-0.4902782440185547
756,11702,9775,1725,2,0.283871591091156,0.029469694942235947,-1.402513027191162
757,11710,22896,638,9,0.28284239768981934,0.03319789469242096,0.3121681213378906
758,11757,23008,380,2,0.28577303886413574,0.031653717160224915,0.6199202537536621
759,11758,22929,951,3,0.2853597402572632,0.034844111651182175,-0.017893552780151367
760,11815,889,862,4,0.28554248809814453,0.03368057310581207,0.0944865345954895
761,11829,21350,345,6,0.2855060398578644,0.03348495811223984,0.6040804386138916
762,11867,22414,350,10,0.28229090571403503,0.03256042301654816,0.5804318785667419
763,11877,16189,1545,3,0.28494715690612793,0.03288320451974869,-0.7937497496604919
764,11883,19222,1173,2,0.2843477129936218,0.033593401312828064,-0.2178143560886383
765,11891,6019,244,2,0.2840266227722168,0.03282681852579117,0.8801493644714355
766,11899,22645,144,3,0.2856369614601135,0.03371652215719223,0.9402592182159424
767,11901,15883,1615,2,0.2861294448375702,0.032884079962968826,-0.9827361106872559
768,11918,16348,1184,2,0.28374183177948,0.032404690980911255,-0.3639119863510132
769,11930,22329,175,2,0.2841583490371704,0.031943872570991516,0.9762691855430603
770,11957,15869,441,2,0.2841385304927826,0.03608092665672302,0.5567004680633545
771,11962,9376,1461,2,0.2835661470890045,0.0330655537545681,-0.6468247175216675
772,12053,5138,359,2,0.28156712651252747,0.03390216827392578,0.5917087197303772
773,12084,22594,723,3,0.2881740927696228,0.03181903809309006,0.2775530517101288
774,12095,15826,1370,3,0.2851167619228363,0.032158032059669495,-0.4819549322128296
775,12161,18367,1506,2,0.28579726815223694,0.032228365540504456,-0.6702861785888672
776,12172,11479,163,2,0.2849077880382538,0.03261116147041321,0.9574596881866455
777,12189,12118,131,4,0.2849719226360321,0.035478074103593826,0.9074928760528564
778,12203,6636,1,3,0.28463754057884216,0.03416825830936432,2.7819814682006836
779,12208,1901,1351,2,0.2852516770362854,0.031244229525327682,-0.5594640970230103
780,12266,2817,805,1,0.2798762917518616,0.030995121225714684,-0.010378435254096985
781,12274,12740,1432,1,0.28144606947898865,0.0324443019926548,-0.6154868602752686
782,12276,15826,1190,3,0.28593310713768005,0.03348016366362572,-0.25094377994537354
783,12292,21992,1465,3,0.28551340103149414,0.032009899616241455,-0.5749977827072144
784,12319,3793,36,2,0.2846369445323944,0.03598824888467789,1.2062523365020752
785,12320,10591,658,2,0.28655391931533813,0.033705540001392365,0.2998434901237488
786,12324,2055,1727,2,0.28260061144828796,0.032445672899484634,-1.1067414283752441
787,12329,21624,11,3,0.28687894344329834,0.034902945160865784,1.707152247428894
788,12337,22183,1044,3,0.2861180603504181,0.03024623543024063,-0.17586705088615417
789,12340,4813,274,2,0.2834450900554657,0.039297327399253845,0.8527020215988159
790,12361,17859,487,2,0.28400102257728577,0.03339235112071037,0.5365526080131531
791,12401,2178,723,3,0.2845941185951233,0.0345478355884552,0.17171478271484375
792,12432,966,1457,2,0.28405457735061646,0.030699603259563446,-0.553294837474823
793,12434,966,192,3,0.28542080521583557,0.037940993905067444,0.919876217842102
794,12466,21826,60,2,0.2873804271221161,0.03507601469755173,1.4421223402023315
795,12545,21345,792,3,0.2836230397224426,0.033211879432201385,0.0006608515977859497
796,12575,23002,499,4,0.28605857491493225,0.03318793699145317,0.4550240635871887
797,12579,16883,49,2,0.28636452555656433,0.03595875948667526,1.2521530389785767
798,12598,11991,61,2,0.2843931019306183,0.0343593955039978,1.5465385913848877
799,12623,22004,244,3,0.2820865511894226,0.039678387343883514,0.9278525114059448
800,12624,21826,15,3,0.28460565209388733,0.03393654152750969,1.6328010559082031
801,12635,9590,121,2,0.2838616371154785,0.0328737311065197,0.9633567333221436
802,12661,2706,146,2,0.28444960713386536,0.03516955301165581,1.1943048238754272
803,12683,10843,667,4,0.2813229262828827,0.032285384833812714,0.1591530442237854
804,12723,4262,11,4,0.2814146876335144,0.04159706085920334,2.857841730117798
805,12750,10918,676,4,0.2857464551925659,0.03360384330153465,0.2564730644226074
806,12796,14657,392,3,0.2846064269542694,0.032427482306957245,0.5499353408813477
807,12799,3913,1528,2,0.28309366106987,0.03041127137839794,-0.6585241556167603
808,12802,22591,650,3,0.28866273164749146,0.03244604915380478,0.24484246969223022
809,12844,22228,628,4,0.2848261296749115,0.03422454744577408,0.1609780490398407
810,12854,21115,49,3,0.2843080461025238,0.03553253412246704,1.3224027156829834
811,12856,6053,895,2,0.28594884276390076,0.03232526034116745,0.06310631334781647
812,12857,21956,1060,3,0.28581002354621887,0.03186074644327164,-0.13028086721897125
813,12868,14224,205,2,0.2852718234062195,0.03911399468779564,0.8525603413581848
814,12900,15861,1721,7,0.2840494215488434,0.03217395395040512,-1.616973638534546
815,12904,22903,579,4,0.2862897217273712,0.03290634602308273,0.2616310119628906
816,12916,8381,65,3,0.28521984815597534,0.03401784971356392,1.2779736518859863
817,12941,20283,132,1,0.28073155879974365,0.03514374792575836,0.9306645393371582
818,12949,13473,274,2,0.2860529124736786,0.03702464699745178,0.8759621381759644
819,12953,22874,1379,2,0.28338563442230225,0.03183991461992264,-0.5897349715232849
820,12976,10661,1336,1,0.28289318084716797,0.030565710738301277,-0.488756388425827
821,12983,22596,132,1,0.2828068733215332,0.03320911154150963,0.9456108808517456
822,13052,21735,45,7,0.28533419966697693,0.03572528064250946,1.2645405530929565
823,13054,22084,840,2,0.28492286801338196,0.03194177523255348,0.04133323207497597
824,13056,3054,1232,2,0.2839563488960266,0.0307976845651865,-0.30660030245780945
825,13069,21568,1009,1,0.280987948179245,0.03188439458608627,-0.1160522848367691
826,13081,4534,69,6,0.28300854563713074,0.03512430563569069,1.6164308786392212
827,13098,6456,1628,1,0.28440701961517334,0.03173400089144707,-1.2114096879959106
828,13162,19176,13,5,0.2855594754219055,0.035194672644138336,2.3380205631256104
829,13173,6513,920,3,0.2838679850101471,0.03224845230579376,-0.1209535151720047
830,13211,8974,34,2,0.2818514108657837,0.0432070791721344,1.463962197303772
831,13232,14477,1,3,0.2877645492553711,0.034843504428863525,3.1693115234375
832,13235,1051,1228,4,0.28467604517936707,0.03208116441965103,-0.18933357298374176
833,13264,19626,27,3,0.2819445729255676,0.041034042835235596,1.3726392984390259
834,13300,13760,505,2,0.282052218914032,0.03440778702497482,0.3110399544239044
835,13310,3532,1345,2,0.2856287658214569,0.033027246594429016,-0.5295150279998779
836,13342,22636,1634,2,0.28596627712249756,0.03183203190565109,-0.8759556412696838
837,13372,2386,25,4,0.2811148464679718,0.03639337420463562,2.0500688552856445
838,13392,22931,64,3,0.28134262561798096,0.037015222012996674,1.6873779296875
839,13404,11017,1369,3,0.28620290756225586,0.03398468345403671,-0.5252714157104492
840,13410,1081,240,2,0.2839919924736023,0.03183341771364212,0.7886316180229187
841,13424,11846,1616,2,0.28532904386520386,0.03258437290787697,-0.7805218696594238
842,13434,8784,708,2,0.28567010164260864,0.03266093134880066,0.24026942253112793
843,13472,8248,671,1,0.28086262941360474,0.032535918056964874,0.34266284108161926
844,13560,23005,571,2,0.28564557433128357,0.031635358929634094,0.24296288192272186
845,13566,22482,1597,3,0.28888094425201416,0.03376765921711922,-0.7900081872940063
846,13570,22344,190,5,0.2849949300289154,0.0337093286216259,0.8842800855636597
847,13604,7196,108,2,0.2844567596912384,0.034178219735622406,1.1432334184646606
848,13610,1101,1098,2,0.28113430738449097,0.03145845979452133,-0.24504923820495605
849,13612,16633,1,2,0.2818513810634613,0.043459776788949966,2.205068349838257
850,13616,9608,519,3,0.2846223711967468,0.032694704830646515,0.34478315711021423
851,13643,5042,777,2,0.28516969084739685,0.029855165630578995,0.18439994752407074
852,13665,1110,386,1,0.28264692425727844,0.032197993248701096,0.6875119805335999
853,13669,6031,1729,3,0.28306689858436584,0.03167862817645073,-1.4356670379638672
854,13681,22205,123,4,0.284660667181015,0.035085245966911316,1.0062700510025024
855,13739,20995,1,3,0.285254567861557,0.03466910123825073,2.4951629638671875
856,13741,10037,1059,2,0.28551918268203735,0.03278586268424988,-0.14438661932945251
857,13744,22019,333,2,0.28421270847320557,0.03309046849608421,0.6898385286331177
858,13769,1119,889,2,0.28512895107269287,0.031291261315345764,-0.006121385842561722
859,13793,11213,1419,2,0.28268855810165405,0.030713459476828575,-0.5301642417907715
860,13795,1121,1028,2,0.2842964828014374,0.030568227171897888,-0.12708987295627594
861,13813,10470,1,2,0.2866387367248535,0.0368521586060524,3.187521457672119
862,13839,19825,225,2,0.28495699167251587,0.03209196776151657,0.8480660319328308
863,13845,1128,395,2,0.28328314423561096,0.0348203182220459,0.49846601486206055
864,13854,6055,1773,4,0.28554895520210266,0.02858232520520687,-2.1849656105041504
865,13863,13556,250,8,0.2837349772453308,0.039395324885845184,0.7268459796905518
866,13913,20722,1550,2,0.28379082679748535,0.03273621201515198,-0.8491659760475159
867,13928,22364,615,2,0.2838597297668457,0.03374809771776199,0.1606157273054123
868,13940,9838,197,3,0.2829737663269043,0.03985033929347992,0.9118520021438599
869,13977,22144,467,2,0.28513064980506897,0.035321492701768875,0.5314031839370728
870,13984,18104,1310,1,0.2813539505004883,0.031465478241443634,-0.4533718228340149
871,14027,21334,279,3,0.2873457372188568,0.03343985974788666,0.7980960011482239
872,14029,17916,1725,3,0.2863895297050476,0.03177562728524208,-1.7167577743530273
873,14053,18029,189,1,0.28153279423713684,0.03505310043692589,0.7841554880142212
874,14085,22559,1103,2,0.28375595808029175,0.031070496886968613,-0.18601377308368683
875,14090,5101,181,2,0.28378772735595703,0.0347183458507061,0.9734373092651367
876,14138,4164,638,3,0.2845175266265869,0.03216368332505226,0.1577320247888565
877,14176,12299,42,3,0.2845824658870697,0.036128245294094086,1.4381142854690552
878,14179,8348,34,2,0.2822636365890503,0.043296828866004944,1.452111005783081
879,14190,19857,304,4,0.2843819856643677,0.040258996188640594,0.8271477818489075
880,14195,3768,103,2,0.2853824198246002,0.03222018852829933,1.1571649312973022
881,14225,1336,1688,3,0.2846486270427704,0.030870821326971054,-1.1740357875823975
882,14243,8075,1438,1,0.2802475392818451,0.03132191300392151,-0.7340741157531738
883,14261,17187,545,1,0.2814520597457886,0.03527030721306801,0.27040553092956543
884,14275,20322,1113,4,0.28404301404953003,0.032233815640211105,-0.27660828828811646
885,14292,19717,492,2,0.28402483463287354,0.032479144632816315,0.39128902554512024
886,14322,10141,1026,2,0.28363344073295593,0.03408609330654144,-0.22555819153785706
887,14336,2357,338,2,0.2851051092147827,0.031176157295703888,0.6361544132232666
888,14339,6211,1430,2,0.2865749001502991,0.031114375218749046,-0.5626832842826843
889,14342,8840,428,3,0.28476402163505554,0.03212805464863777,0.5547558069229126
890,14347,21170,1144,2,0.2841366231441498,0.03337501361966133,-0.19650736451148987
891,14370,13085,1071,2,0.28494852781295776,0.03233696147799492,-0.19533923268318176
892,14376,10594,1478,3,0.2844580113887787,0.03129851073026657,-0.6252734661102295
893,14401,1216,1762,3,0.28385844826698303,0.03156490623950958,-1.7458529472351074
894,14410,9287,22,3,0.28501376509666443,0.033117882907390594,2.4665586948394775
895,14451,11213,103,2,0.2840270698070526,0.03510668873786926,1.3068313598632812
896,14453,2391,101,10,0.2824036478996277,0.03514330834150314,1.1339155435562134
897,14462,17469,1125,1,0.2819170355796814,0.031710848212242126,-0.11104890704154968
898,14477,21873,185,4,0.283880352973938,0.03958737105131149,1.098035216331482
899,14484,20043,842,5,0.2833573520183563,0.03219904750585556,0.0785340815782547
900,14492,19160,866,2,0.2849448323249817,0.03105410933494568,0.10991547256708145
901,14572,9115,202,4,0.2853410840034485,0.034832581877708435,0.8491898775100708
902,14596,15381,718,3,0.28515926003456116,0.032537609338760376,0.10268866270780563
903,14610,1356,501,3,0.28657084703445435,0.03168739378452301,0.41409581899642944
904,14642,8763,592,2,0.28499817848205566,0.033436089754104614,0.33818328380584717
905,14643,19504,4,2,0.2860925495624542,0.03494928032159805,2.7812066078186035
906,14651,1236,832,2,0.28650057315826416,0.03137008100748062,0.02740435302257538
907,14653,21776,598,2,0.28445035219192505,0.033607207238674164,0.29275524616241455
908,14670,20283,724,2,0.28422629833221436,0.03398776799440384,0.15883788466453552
909,14686,14727,993,4,0.28435084223747253,0.03235107660293579,-0.10827960073947906
910,14704,21350,71,3,0.28405046463012695,0.037819668650627136,1.1835461854934692
911,14732,1250,1362,3,0.2846435606479645,0.03215092048048973,-0.48490315675735474
912,14763,18116,659,4,0.2849786877632141,0.03267094865441322,0.18308323621749878
913,14781,22623,732,2,0.2842349410057068,0.03301134705543518,0.18848228454589844
914,14785,1255,1513,2,0.284950315952301,0.03227061778306961,-0.7457578182220459
915,14831,1259,1450,2,0.283883273601532,0.04009415581822395,-0.6491929292678833
916,14838,20098,17,1,0.2826615273952484,0.03889503702521324,2.253222942352295
917,14850,2417,1649,3,0.285123348236084,0.031663618981838226,-0.8727953433990479
918,14876,7053,185,2,0.28478240966796875,0.0352340042591095,0.8900295495986938
919,14889,20355,243,3,0.2858082950115204,0.03230782598257065,0.9005984663963318
920,14892,15985,296,2,0.28675949573516846,0.032364360988140106,0.7872301340103149
921,14913,21489,1051,2,0.284890353679657,0.033143892884254456,-0.1566431075334549
922,14938,23022,652,2,0.28540587425231934,0.031976453959941864,0.2810840904712677
923,15000,16872,114,2,0.28497520089149475,0.03477141633629799,0.9607075452804565
924,15002,10403,318,2,0.28441286087036133,0.034573763608932495,0.6501331925392151
925,15007,4536,1275,3,0.2835540175437927,0.0334097295999527,-0.3033685088157654
926,15009,1704,722,1,0.2819631099700928,0.03280289098620415,0.04468434303998947
927,15010,18527,1036,5,0.28337690234184265,0.03182408586144447,-0.1413351148366928
928,15031,6584,47,2,0.28248298168182373,0.037958014756441116,1.3866970539093018
929,15032,1285,43,3,0.28600767254829407,0.03252992033958435,1.5867646932601929
930,15041,17527,147,2,0.2861327528953552,0.033139802515506744,0.9387545585632324
931,15056,14958,79,3,0.2877630293369293,0.03268212825059891,1.486580491065979
932,15079,12564,1152,2,0.2835637629032135,0.03308293595910072,-0.18312546610832214
933,15093,18022,1613,2,0.28564396500587463,0.031144089996814728,-1.0813355445861816
934,15112,15148,824,2,0.28290697932243347,0.03217264264822006,0.12000156193971634
935,15128,17546,1410,2,0.28474360704421997,0.033766407519578934,-0.6276550889015198
936,15158,6465,673,3,0.28519806265830994,0.03392350673675537,0.2619149088859558
937,15159,15955,1703,2,0.285447895526886,0.0318654403090477,-1.4813525676727295
938,15173,20362,1701,2,0.28765803575515747,0.03319486230611801,-1.2720236778259277
939,15188,19489,5,2,0.28522989153862,0.03671909123659134,1.6589994430541992
940,15190,7624,959,2,0.28561365604400635,0.031436242163181305,-0.07929861545562744
941,15258,11338,954,2,0.28232303261756897,0.03207072615623474,0.014944391325116158
942,15272,9157,1334,1,0.2805871069431305,0.036912791430950165,-0.4269384443759918
943,15281,13043,891,2,0.28629013895988464,0.03335729241371155,0.06558158993721008
944,15286,11266,94,4,0.2849906384944916,0.03749954700469971,1.0501377582550049
945,15299,2303,304,7,0.28172361850738525,0.03469723090529442,0.8693669438362122
946,15348,13899,216,2,0.28121304512023926,0.04039705544710159,0.9672845602035522
947,15350,18343,723,1,0.28227657079696655,0.03246966004371643,0.22290703654289246
948,15352,20477,4,1,0.2822951674461365,0.035962529480457306,1.883484959602356
949,15358,1773,359,2,0.284737765789032,0.03417815640568733,0.6991634964942932
950,15359,19173,1484,2,0.28214165568351746,0.029648348689079285,-0.6333569288253784
951,15360,20473,767,2,0.2862495481967926,0.03332436829805374,0.1734343022108078
952,15377,19587,253,3,0.28220662474632263,0.04146188497543335,0.787604570388794
953,15418,20902,762,3,0.28313374519348145,0.032270897179841995,-0.007233528420329094
954,15443,17218,1513,4,0.2860185503959656,0.03166581317782402,-0.7008391618728638
955,15469,10970,1079,2,0.2788035571575165,0.032687507569789886,-0.24477382004261017
956,15474,22853,860,3,0.28612929582595825,0.03234182298183441,0.044972751289606094
957,15510,11289,428,3,0.285267174243927,0.032239772379398346,0.48068511486053467
958,15515,20780,383,3,0.2841861844062805,0.03128862753510475,0.6072664856910706
959,15545,1347,1697,2,0.28285887837409973,0.02962024323642254,-1.1816048622131348
960,15554,21350,261,2,0.28371888399124146,0.0314888134598732,0.746619701385498
961,15559,1350,841,6,0.2843817174434662,0.0329093374311924,-0.034442462027072906
962,15592,21881,274,2,0.28504300117492676,0.0351112075150013,0.6662393808364868
963,15605,2198,622,6,0.28440532088279724,0.032607804983854294,0.14362619817256927
964,15642,9522,1727,2,0.28245577216148376,0.030889512971043587,-1.3337963819503784
965,15673,14195,40,3,0.28328052163124084,0.03928795084357262,1.3012703657150269
966,15700,17099,222,2,0.28304624557495117,0.04133235663175583,0.9576246738433838
967,15710,22017,1223,2,0.2853408455848694,0.03168705105781555,-0.3661907911300659
968,15745,13494,23,3,0.2851649820804596,0.033888183534145355,1.426694393157959
969,15751,19277,434,3,0.28257399797439575,0.034745488315820694,0.42687752842903137
970,15801,1667,1401,4,0.28319376707077026,0.030665460973978043,-0.5400954484939575
971,15807,7250,1673,1,0.28030189871788025,0.02893802337348461,-1.476123332977295
972,15821,22155,1083,1,0.28109437227249146,0.029837949201464653,-0.15330219268798828
973,15844,11702,225,2,0.28732776641845703,0.03590424358844757,1.0050857067108154
974,15864,16440,1696,2,0.28216102719306946,0.03000575676560402,-0.9523540139198303
975,15878,2969,1693,2,0.28570932149887085,0.033032532781362534,-1.1059435606002808
976,15919,21491,801,3,0.28510957956314087,0.03204304724931717,0.02956506609916687
977,15924,22007,175,2,0.2839653193950653,0.03237481415271759,0.9184896349906921
978,15934,9770,5,1,0.28026774525642395,0.040999941527843475,1.4969615936279297
979,15949,10029,930,2,0.28469300270080566,0.034471362829208374,-0.05269763618707657
980,15973,20041,14,6,0.28465014696121216,0.031027350574731827,2.1243906021118164
981,16015,9749,462,1,0.28180992603302,0.032870735973119736,0.4442984461784363
982,16029,17748,162,4,0.28467416763305664,0.034412141889333725,0.9725696444511414
983,16048,18279,45,2,0.2839818000793457,0.03768523782491684,1.5863134860992432
984,16049,16520,1275,3,0.2839213013648987,0.03262016922235489,-0.37984099984169006
985,16090,22890,156,3,0.287724107503891,0.0324242003262043,1.0066636800765991
986,16128,22574,926,1,0.28144702315330505,0.03397408872842789,0.07947679609060287
987,16137,12113,768,2,0.2854527235031128,0.03518015891313553,-0.009083166718482971
988,16143,19792,468,1,0.2810724973678589,0.03174176812171936,0.38822299242019653
989,16178,20069,1357,2,0.28468120098114014,0.03320842236280441,-0.4962153136730194
990,16202,11857,1727,2,0.28353920578956604,0.031828828155994415,-1.3633339405059814
991,16204,1437,404,2,0.2859283685684204,0.03201952949166298,0.4908069968223572
992,16209,3528,1714,2,0.2819400429725647,0.030524302273988724,-1.0715339183807373
993,16225,20940,1341,4,0.2863796651363373,0.030603304505348206,-0.443790465593338
994,16228,23008,785,2,0.28474533557891846,0.03092399425804615,-0.009910065680742264
995,16229,8537,1546,2,0.2869378626346588,0.032807059586048126,-0.7411938309669495
996,16250,12449,984,2,0.2814972698688507,0.030260378494858742,-0.0735328420996666
997,16263,22109,555,2,0.28500714898109436,0.03306719660758972,0.26010099053382874
998,16318,19822,890,2,0.28372442722320557,0.03322186321020126,0.05357162654399872
999,16322,12560,1102,2,0.283363938331604,0.0326688252389431,-0.16308075189590454
1000,16325,8023,1525,3,0.28578704595565796,0.031456343829631805,-0.716068685054779
1001,16392,14523,1224,3,0.286190390586853,0.03238361328840256,-0.3031654357910156
1002,16417,22132,984,5,0.28594186902046204,0.032953642308712006,-0.12666445970535278
1003,16427,22986,761,2,0.2836868464946747,0.03158293291926384,0.2567785978317261
1004,16431,6015,194,3,0.28745386004447937,0.0322396382689476,0.9128749370574951
1005,16437,14570,1475,2,0.28656822443008423,0.031688787043094635,-0.6504963040351868
1006,16438,22051,1657,1,0.2808975875377655,0.030766364187002182,-1.2420315742492676
1007,16443,16127,909,2,0.2869699001312256,0.03164616972208023,0.047492094337940216
1008,16461,17922,1663,2,0.28322482109069824,0.02912697196006775,-0.9152265787124634
1009,16507,21249,348,2,0.2830764651298523,0.03244244307279587,0.545889139175415
1010,16520,16926,15,3,0.28706374764442444,0.03473133593797684,1.5384016036987305
1011,16529,4902,356,4,0.28129372000694275,0.032448723912239075,0.5054546594619751
1012,16542,17107,27,5,0.2847880423069,0.035639308393001556,1.3991730213165283
1013,16547,19751,82,2,0.2803736627101898,0.03736269846558571,1.3824167251586914
1014,16608,20995,1,2,0.28291764855384827,0.039591360837221146,2.0526833534240723
1015,16609,17235,629,2,0.2821657657623291,0.03192678093910217,0.13843490183353424
1016,16620,1865,1113,2,0.2832757830619812,0.02997489646077156,-0.2597293555736542
1017,16623,16217,861,3,0.2854200303554535,0.033404260873794556,0.05562697350978851
1018,16626,13131,1524,2,0.2825908958911896,0.031078970059752464,-0.6271387934684753
1019,16696,2825,522,4,0.2850393056869507,0.03280914947390556,0.44263705611228943
1020,16702,16841,14,4,0.28528663516044617,0.03648409992456436,1.6398534774780273
1021,16710,15817,469,2,0.2830798625946045,0.0324363112449646,0.4165651202201843
1022,16713,5462,326,3,0.2829861640930176,0.04299815744161606,0.6829710602760315
1023,16734,20060,1468,2,0.28533312678337097,0.031851887702941895,-0.5626845359802246
1024,16768,13587,174,2,0.2821637690067291,0.03583116829395294,0.9257893562316895
1025,16773,1552,1,3,0.2824269235134125,0.04011288657784462,4.622190952301025
1026,16800,11473,1,2,0.27806615829467773,0.04823978990316391,5.079545021057129
1027,16803,10081,826,2,0.28172793984413147,0.031166035681962967,0.11118590831756592
1028,16830,22969,1286,3,0.2840169370174408,0.0321720652282238,-0.4534050226211548
1029,16835,12222,1013,4,0.2849479913711548,0.03160550817847252,-0.25993043184280396
1030,16868,23032,63,2,0.2833968997001648,0.03548615425825119,1.4482625722885132
1031,16869,1551,164,2,0.28547605872154236,0.03308689966797829,0.9709876179695129
1032,16874,5820,357,3,0.28415513038635254,0.03310610353946686,0.5614417195320129
1033,16906,14215,1128,3,0.2875124514102936,0.03153502196073532,-0.20044007897377014
1034,16913,5963,1023,3,0.28693652153015137,0.03220732510089874,-0.06831340491771698
1035,16926,19636,15,2,0.2819010019302368,0.03996943682432175,1.8119261264801025
1036,16931,1564,1271,2,0.2841949164867401,0.03584400191903114,-0.44188472628593445
1037,16939,15834,759,1,0.27699360251426697,0.031606078147888184,0.031661033630371094
1038,16947,2665,104,3,0.2849888205528259,0.03128553181886673,1.0577155351638794
1039,17000,19390,22,2,0.28413671255111694,0.040251415222883224,1.5034379959106445
1040,17010,22108,921,4,0.283378928899765,0.031495168805122375,-0.011223986744880676
1041,17054,13659,404,2,0.2849061191082001,0.033197954297065735,0.5475428104400635
1042,17055,17216,1517,3,0.28759345412254333,0.031157080084085464,-0.682668924331665
1043,17070,21445,1735,2,0.28578513860702515,0.03306306153535843,-1.7686848640441895
1044,17090,9490,36,2,0.28275102376937866,0.03753684088587761,1.5094276666641235
1045,17108,12600,274,2,0.2846636176109314,0.03399078547954559,0.7454420328140259
1046,17113,17560,642,5,0.28542712330818176,0.03285607695579529,0.3044106066226959
1047,17121,3491,867,3,0.28598710894584656,0.032666631042957306,0.08544700592756271
1048,17134,21824,655,2,0.28726711869239807,0.03327383100986481,0.4142472445964813
1049,17157,22582,813,3,0.2857048511505127,0.03450825810432434,0.10222217440605164
1050,17189,12536,293,2,0.28069719672203064,0.03530590236186981,0.7027102708816528
1051,17195,8946,122,2,0.28260156512260437,0.04026082903146744,1.0630863904953003
1052,17268,20868,265,6,0.28399547934532166,0.03271651268005371,0.7629803419113159
1053,17300,20766,263,2,0.28378045558929443,0.03711266815662384,0.8892900943756104
1054,17302,4815,1,3,0.28628841042518616,0.03527729958295822,3.478250503540039
1055,17318,23009,731,4,0.2840312421321869,0.03349839895963669,-0.003320068120956421
1056,17330,22894,1607,5,0.28562361001968384,0.032325781881809235,-1.0606787204742432
1057,17333,21889,741,10,0.28487882018089294,0.03271782770752907,0.1763327717781067
1058,17348,22415,289,2,0.2836437523365021,0.035371243953704834,0.8094183802604675
1059,17397,13078,1002,4,0.2840539515018463,0.03149349242448807,-0.08804479241371155
1060,17398,1642,966,2,0.28640615940093994,0.03201271593570709,-0.06497927010059357
1061,17399,21685,1355,3,0.28791293501853943,0.03239522501826286,-0.48684558272361755
1062,17423,1645,1284,2,0.2851547300815582,0.03249216824769974,-0.39790216088294983
1063,17447,6485,789,2,0.2839798927307129,0.03210625797510147,0.11740080267190933
1064,17453,16841,25,2,0.28312525153160095,0.0422997772693634,1.4284989833831787
1065,17501,4030,719,5,0.2865961492061615,0.03186238557100296,0.15144962072372437
1066,17504,20644,373,2,0.28571560978889465,0.03267528489232063,0.5718479752540588
1067,17533,21760,192,2,0.2856927812099457,0.03674845024943352,0.9509443044662476
1068,17611,3208,1700,6,0.2829836905002594,0.03157098591327667,-1.4156324863433838
1069,17621,9882,279,2,0.28723591566085815,0.03915683925151825,0.7689691781997681
1070,17650,22228,633,10,0.2839668393135071,0.03247416391968727,0.3010704517364502
1071,17665,1920,239,3,0.2855457663536072,0.03365287929773331,0.7434506416320801
1072,17748,13154,1689,3,0.2844817638397217,0.03102249652147293,-1.1304306983947754
1073,17770,17729,1272,3,0.286724328994751,0.030838027596473694,-0.4065128266811371
1074,17810,21639,1090,8,0.284837007522583,0.031625375151634216,-0.20905256271362305
1075,17831,21743,195,3,0.2854207456111908,0.03476087376475334,0.8339154124259949
1076,17890,9726,394,2,0.28500163555145264,0.03349844366312027,0.6035797595977783
1077,17891,17157,97,2,0.28564485907554626,0.03448984771966934,1.2915093898773193
1078,17897,3610,654,2,0.2853486239910126,0.03140287101268768,0.316110223531723
1079,17905,7799,1363,2,0.28585976362228394,0.03183743357658386,-0.4524781405925751
1080,17920,20441,1262,2,0.2851640582084656,0.030445074662566185,-0.3333781063556671
1081,17926,22411,1418,2,0.2844487428665161,0.0325426310300827,-0.63520747423172
1082,17931,21983,1088,2,0.28482112288475037,0.03185443580150604,-0.19313780963420868
1083,17955,20555,321,2,0.28359004855155945,0.033569447696208954,0.6502407789230347
1084,17965,4637,30,10,0.2835387587547302,0.03296557813882828,1.4406342506408691
1085,17968,5042,149,4,0.2834020256996155,0.03839186951518059,1.0189095735549927
1086,17980,18851,28,2,0.28471529483795166,0.03573199734091759,1.9127365350723267
1087,17982,18513,772,4,0.2817065417766571,0.030189402401447296,0.020007319748401642
1088,18003,15088,435,2,0.28298428654670715,0.03711674362421036,0.5659956336021423
1089,18004,22642,443,3,0.2844487130641937,0.03387332707643509,0.530746340751648
1090,18025,21472,135,3,0.2852848470211029,0.032609861344099045,0.9706681966781616
1091,18040,8969,637,2,0.2847099304199219,0.03424948453903198,0.2598954439163208
1092,18051,20098,1697,2,0.28565067052841187,0.02980198711156845,-1.454242467880249
1093,18053,23018,970,2,0.28272467851638794,0.02969037927687168,-0.09805133193731308
1094,18071,22792,649,3,0.2848704159259796,0.03520666062831879,0.15233463048934937
1095,18075,9221,796,4,0.28459402918815613,0.031546808779239655,0.13800783455371857
1096,18108,15903,288,2,0.28466594219207764,0.03471945971250534,0.7758157253265381
1097,18152,1770,1632,2,0.28322941064834595,0.031340405344963074,-1.069690465927124
1098,18159,8496,142,2,0.28461143374443054,0.036580394953489304,1.0304793119430542
1099,18172,22904,97,5,0.2842157185077667,0.0357530415058136,1.1325738430023193
1100,18173,17218,999,2,0.283519446849823,0.03238368779420853,-0.10855567455291748
1101,18182,15603,717,2,0.28320276737213135,0.03358042985200882,0.13562925159931183
1102,18188,12976,1685,2,0.28311416506767273,0.03139840066432953,-1.2730631828308105
1103,18195,13823,424,3,0.2855202257633209,0.03652212768793106,0.5770679712295532
1104,18199,5685,510,3,0.2848448157310486,0.038096945732831955,0.26632609963417053
1105,18225,22983,206,4,0.2858330309391022,0.033410266041755676,0.849401593208313
1106,18233,22520,556,10,0.2841549515724182,0.034396134316921234,0.3950026035308838
1107,18244,22800,715,2,0.2853400707244873,0.031741198152303696,0.08896958827972412
1108,18280,21939,1022,4,0.2852223515510559,0.03243112564086914,-0.0821380540728569
1109,18326,22202,1115,5,0.28123578429222107,0.03016393631696701,-0.23264524340629578
1110,18357,12309,1526,2,0.2816261351108551,0.030435537919402122,-0.9030805230140686
1111,18386,20030,66,2,0.28459620475769043,0.03719841688871384,1.1409780979156494
1112,18388,2531,23,6,0.2838902175426483,0.03864935785531998,1.8250465393066406
1113,18429,20854,748,3,0.2853323519229889,0.031702712178230286,0.10583153367042542
1114,18443,21060,1461,2,0.28594037890434265,0.0313316211104393,-0.6912981867790222
1115,18448,12607,176,2,0.2831491231918335,0.03209517151117325,0.8081957697868347
1116,18540,22478,1139,6,0.2828967571258545,0.031217586249113083,-0.3551441431045532
1117,18542,17931,514,1,0.2812274396419525,0.032715681940317154,0.2579367756843567
1118,18551,20348,940,3,0.2860541045665741,0.03255794197320938,-0.03040240705013275
1119,18583,17957,601,3,0.2841353416442871,0.03632843494415283,0.37739431858062744
1120,18595,20483,770,3,0.2853294610977173,0.03440457209944725,0.13859792053699493
1121,18620,4379,47,2,0.2822486460208893,0.03191490098834038,1.6216762065887451
1122,18625,7556,459,2,0.2855392396450043,0.03244280442595482,0.3888396620750427
1123,18635,22428,254,2,0.2858924865722656,0.03388679400086403,0.7455961108207703
1124,18637,12542,165,3,0.28301045298576355,0.03806246444582939,1.0055041313171387
1125,18646,10957,418,6,0.28372475504875183,0.033297888934612274,0.5937635898590088
1126,18663,23030,1759,5,0.28372085094451904,0.029777314513921738,-1.492203712463379
1127,18676,1859,754,2,0.2844179570674896,0.03189893066883087,0.25808775424957275
1128,18688,1860,1279,2,0.28230738639831543,0.03233075141906738,-0.26658493280410767
1129,18708,10310,1039,3,0.2854534089565277,0.03307464346289635,-0.08130213618278503
1130,18718,15708,488,1,0.284603476524353,0.03195376694202423,0.49019160866737366
1131,18734,20017,49,4,0.2812342643737793,0.03834669664502144,1.6563493013381958
1132,18739,21618,32,3,0.28130993247032166,0.03905334323644638,1.566792607307434
1133,18758,22411,767,1,0.2818111181259155,0.03351796418428421,0.0973275899887085
1134,18771,14627,7,2,0.285818874835968,0.03569938987493515,2.065248489379883
1135,18807,16345,120,3,0.28227877616882324,0.03299152851104736,1.0721999406814575
1136,18834,19955,630,2,0.2852488160133362,0.029914282262325287,0.12050166726112366
1137,18860,3484,1772,2,0.2815069556236267,0.03130783885717392,-1.912524700164795
1138,18903,20860,247,3,0.28578558564186096,0.03288464993238449,0.8669114708900452
1139,18911,22344,19,3,0.28148049116134644,0.0403873473405838,1.538133978843689
1140,18936,22425,1430,5,0.2817789614200592,0.03205034136772156,-0.5118481516838074
1141,18938,9512,712,3,0.2824688255786896,0.03155049681663513,0.09545507282018661
1142,18974,17246,90,2,0.28357794880867004,0.03561950474977493,1.2122230529785156
1143,18994,21451,650,2,0.28667768836021423,0.03419104963541031,0.3077824115753174
1144,19000,3921,365,3,0.2851684093475342,0.03324496001005173,0.567972719669342
1145,19007,9656,105,4,0.28594034910202026,0.03237869590520859,1.2935014963150024
1146,19015,1924,1463,4,0.2806609272956848,0.030989835038781166,-0.5202375650405884
1147,19025,22948,605,6,0.28336915373802185,0.03203049302101135,0.12844231724739075
1148,19030,22105,332,2,0.28714045882225037,0.03358585387468338,0.6384979486465454
1149,19031,13869,944,2,0.28486552834510803,0.03229868412017822,-0.06048286333680153
1150,19032,22900,60,3,0.28613704442977905,0.034182481467723846,1.3437765836715698
1151,19054,10081,183,2,0.28275954723358154,0.036344654858112335,0.8951859474182129
1152,19152,4896,1426,2,0.2851838171482086,0.03171044960618019,-0.6620839834213257
1153,19159,1946,236,2,0.28387343883514404,0.04047001153230667,0.8356711864471436
1154,19201,5963,776,3,0.2855294644832611,0.03150991350412369,0.029264699667692184
1155,19214,11578,1340,3,0.28685325384140015,0.031639836728572845,-0.48732292652130127
1156,19225,22894,759,3,0.28401756286621094,0.03260602429509163,0.004480327479541302
1157,19252,20260,38,10,0.28362953662872314,0.03567716106772423,1.5525922775268555
1158,19253,2979,139,3,0.286321759223938,0.035944804549217224,0.8690091371536255
1159,19266,10026,24,2,0.2853936553001404,0.03631360083818436,1.7685798406600952
1160,19269,22574,610,2,0.2847846448421478,0.034209273755550385,0.201006680727005
1161,19277,19653,10,5,0.2847774624824524,0.03592480346560478,1.822090744972229
1162,19279,5877,1221,2,0.28411078453063965,0.029239416122436523,-0.3026247024536133
1163,19304,21267,388,4,0.28287023305892944,0.03502761945128441,0.6135678887367249
1164,19306,18840,231,2,0.2838926911354065,0.038344576954841614,0.9721470475196838
1165,19323,4541,1466,2,0.2848135530948639,0.031513214111328125,-0.625225305557251
1166,19325,6474,1532,7,0.28479835391044617,0.03162441775202751,-0.8914576768875122
1167,19342,15698,1213,3,0.28557339310646057,0.0318756029009819,-0.2957790195941925
1168,19358,11000,109,2,0.28652146458625793,0.03249610215425491,0.9974634647369385
1169,19392,21826,1538,3,0.28703203797340393,0.031060926616191864,-0.7888212203979492
1170,19398,13016,590,5,0.2847869098186493,0.03275110200047493,0.29314184188842773
1171,19399,20676,153,2,0.28436151146888733,0.03237825259566307,0.9921720027923584
1172,19436,2478,1703,5,0.2814726233482361,0.033674731850624084,-1.2074475288391113
1173,19499,20942,390,6,0.28562432527542114,0.035952623933553696,0.6404454708099365
1174,19544,10842,650,2,0.2831970751285553,0.03240473195910454,0.18583695590496063
1175,19556,7766,322,2,0.282641738653183,0.03161652013659477,0.6494415998458862
1176,19559,7171,756,4,0.28734809160232544,0.03261742368340492,0.1151936948299408
1177,19613,22951,128,2,0.28464004397392273,0.033207736909389496,1.2162708044052124
1178,19615,12739,1004,3,0.28620660305023193,0.03389161825180054,-0.1653045415878296
1179,19623,5948,1722,3,0.28190022706985474,0.031249728053808212,-1.524137020111084
1180,19634,7865,939,2,0.28522807359695435,0.03196524828672409,-0.012850120663642883
1181,19643,10121,974,5,0.2840002775192261,0.031049594283103943,-0.18803301453590393
1182,19654,7543,1,2,0.2825537323951721,0.042039401829242706,2.072075843811035
1183,19662,20144,167,1,0.2832850217819214,0.03476211428642273,1.018509864807129
1184,19667,5186,6,5,0.28536227345466614,0.03563781827688217,2.7789902687072754
1185,19673,21734,813,2,0.28799399733543396,0.0339302197098732,0.14522957801818848
1186,19728,20685,1009,2,0.2827424108982086,0.032590921968221664,-0.20030270516872406
1187,19740,22923,319,4,0.28445157408714294,0.03320789337158203,0.617059051990509
1188,19762,21230,1455,3,0.285316526889801,0.03422839939594269,-0.595295786857605
1189,19769,22076,1636,4,0.2857106924057007,0.03191659599542618,-0.9534326791763306
1190,19781,13801,324,2,0.28831106424331665,0.032271213829517365,0.8490802049636841
1191,19783,12312,522,3,0.28550413250923157,0.03394260257482529,0.3910762667655945
1192,19786,22892,1548,2,0.2854953706264496,0.03161422908306122,-0.8628169298171997
1193,19812,3921,55,2,0.285304993391037,0.03563791885972023,1.3018687963485718
1194,19838,22874,1394,1,0.2831716239452362,0.031235981732606888,-0.4991503655910492
1195,19848,10277,63,2,0.28405624628067017,0.03644319251179695,1.1471283435821533
1196,19864,2046,789,2,0.28475379943847656,0.03202133998274803,0.08979330956935883
1197,19885,11141,1210,4,0.2873375117778778,0.03301633894443512,-0.21037179231643677
1198,19897,19549,13,3,0.28209152817726135,0.040390513837337494,1.6067299842834473
1199,19920,21319,11,4,0.28445562720298767,0.033932894468307495,2.052772045135498
1200,19932,22994,785,2,0.2823169529438019,0.03167499601840973,0.04563448205590248
1201,19950,4027,139,5,0.2849690616130829,0.036735206842422485,1.0839256048202515
1202,19958,21364,147,1,0.28405919671058655,0.03827217221260071,0.9115557670593262
1203,19967,14296,39,2,0.2852141261100769,0.03333842754364014,1.3697073459625244
1204,19970,11091,21,3,0.2861839830875397,0.03504026681184769,1.6192313432693481
1205,20013,21321,493,3,0.28508177399635315,0.03129627928137779,0.36706268787384033
1206,20022,16926,313,2,0.2834458351135254,0.032682545483112335,0.6605685949325562
1207,20028,2084,1122,4,0.2871054410934448,0.031811751425266266,-0.25499457120895386
1208,20056,13253,473,2,0.2844674289226532,0.0325884148478508,0.5342739820480347
1209,20125,3890,712,4,0.28594252467155457,0.03430310636758804,0.24710677564144135
1210,20128,22921,160,7,0.28425195813179016,0.0336383581161499,0.8344107866287231
1211,20130,9758,1642,2,0.2849409580230713,0.03376823663711548,-0.8953419923782349
1212,20153,20298,4,2,0.2840498089790344,0.03891478478908539,2.5782697200775146
1213,20154,22861,568,10,0.2823076844215393,0.03354150801897049,0.2509731352329254
1214,20166,17148,763,2,0.2847559154033661,0.03422565013170242,0.13407808542251587
1215,20210,12542,246,6,0.28371769189834595,0.035968683660030365,0.9051463603973389
1216,20246,22861,1174,4,0.2852110266685486,0.032731957733631134,-0.2227320373058319
1217,20254,4761,212,2,0.28529393672943115,0.03077787533402443,0.9176242351531982
1218,20301,3740,1546,2,0.2856570780277252,0.03127041459083557,-0.8436921238899231
1219,20341,11932,135,6,0.2831495702266693,0.03852909058332443,1.0332578420639038
1220,20359,20926,430,2,0.28500935435295105,0.03349931165575981,0.5492905974388123
1221,20365,18430,514,2,0.28493332862854004,0.0321505069732666,0.44698330760002136
1222,20383,2140,3,3,0.2848523259162903,0.03600377216935158,3.254192352294922
1223,20385,19486,2,2,0.2830439805984497,0.03821894899010658,2.9718098640441895
1224,20449,8717,336,3,0.2841867506504059,0.03435103967785835,0.6472090482711792
1225,20458,7237,5,2,0.28494545817375183,0.03470117971301079,2.1136462688446045
1226,20464,17422,748,3,0.28476589918136597,0.030869122594594955,0.0920606255531311
1227,20472,17785,35,2,0.2850746512413025,0.03332538902759552,1.598168969154358
1228,20483,7661,1262,8,0.2828243374824524,0.029382124543190002,-0.3459950387477875
1229,20487,21758,15,3,0.28598544001579285,0.03687705844640732,1.647860050201416
1230,20488,18116,717,2,0.2861729562282562,0.03256092965602875,0.15946675837039948
1231,20501,2152,112,4,0.28291964530944824,0.033090561628341675,1.2187026739120483
1232,20526,23031,677,5,0.2856370508670807,0.03272382542490959,0.276624858379364
1233,20604,7236,570,1,0.2821974754333496,0.033212047070264816,0.4396483898162842
1234,20606,22382,1258,3,0.28456753492355347,0.03179378807544708,-0.3852420449256897
1235,20607,10524,86,3,0.28784170746803284,0.033035650849342346,1.161399483680725
1236,20610,20127,709,6,0.28378528356552124,0.03214341402053833,0.23130127787590027
1237,20678,16440,1659,2,0.2833944857120514,0.03209447115659714,-1.1215922832489014
1238,20681,7014,772,5,0.285109281539917,0.031994909048080444,0.14590364694595337
1239,20686,22633,561,3,0.286399781703949,0.0340174064040184,0.3597056567668915
1240,20689,18133,1469,5,0.28393253684043884,0.034002818167209625,-0.5999470949172974
1241,20692,21377,92,4,0.28410041332244873,0.03488396108150482,1.0970665216445923
1242,20698,22787,1620,1,0.27887052297592163,0.029943209141492844,-0.9216960072517395
1243,20700,14056,121,2,0.28198015689849854,0.03410303220152855,1.1946814060211182
1244,20726,21344,1341,2,0.28483715653419495,0.030676759779453278,-0.47677746415138245
1245,20735,18362,1135,6,0.2843519449234009,0.03291458263993263,-0.17626148462295532
1246,20748,13394,10,5,0.28425872325897217,0.03504176437854767,1.850063681602478
1247,20771,3584,1159,4,0.2826010286808014,0.03304377198219299,-0.23869356513023376
1248,20788,22964,28,4,0.2833404541015625,0.03392605483531952,1.4996122121810913
1249,20790,18728,806,1,0.2808651030063629,0.03333895653486252,0.23320144414901733
1250,20815,22929,1168,2,0.28793084621429443,0.033425502479076385,-0.2335425764322281
1251,20822,20995,4,2,0.28237980604171753,0.04128878191113472,1.8032803535461426
1252,20827,17276,24,2,0.28582218289375305,0.0344710610806942,1.6383681297302246
1253,20847,13670,460,2,0.28244057297706604,0.03120146319270134,0.3677073121070862
1254,20874,22229,543,2,0.28508123755455017,0.03204755857586861,0.30010920763015747
1255,20899,18594,46,1,0.2819255590438843,0.03351247310638428,1.4653635025024414
1256,20926,22545,364,1,0.28236818313598633,0.03404517099261284,0.6484405994415283
1257,20943,17912,419,3,0.287417471408844,0.03393542021512985,0.6024904251098633
1258,20989,4642,716,2,0.28422194719314575,0.03342089056968689,0.24694643914699554
1259,21003,19336,1126,3,0.2874007523059845,0.03169488161802292,-0.14575253427028656
1260,21014,18548,86,2,0.284199982881546,0.03415719419717789,1.308870792388916
1261,21075,16414,771,2,0.2824104130268097,0.030204012989997864,0.058352842926979065
1262,21087,22959,71,3,0.28768619894981384,0.03188345953822136,1.2216312885284424
1263,21103,7577,954,6,0.28566089272499084,0.032518137246370316,-0.07415667176246643
1264,21115,5810,621,2,0.2854929566383362,0.03586249053478241,0.33935782313346863
1265,21135,9103,1591,2,0.28287747502326965,0.031630247831344604,-0.8504208922386169
1266,21146,19256,622,2,0.28587600588798523,0.032024770975112915,0.2570192217826843
1267,21178,23026,1463,3,0.2862461507320404,0.032045021653175354,-0.6554833650588989
1268,21204,13241,1276,3,0.2860090136528015,0.031544510275125504,-0.40290650725364685
1269,21281,13436,480,3,0.2849293351173401,0.03442195802927017,0.4468802809715271
1270,21301,19659,900,2,0.283879816532135,0.03167546167969704,-0.16310404241085052
1271,21308,21615,1021,5,0.2846504747867584,0.03328518569469452,-0.09725850820541382
1272,21322,4304,535,3,0.2854955494403839,0.0321129709482193,0.3835228681564331
1273,21335,22349,85,3,0.2856569290161133,0.034019093960523605,1.2618566751480103
1274,21355,22434,585,3,0.2871764600276947,0.03335346654057503,0.3853400647640228
1275,21366,16956,425,4,0.2850181758403778,0.03342875838279724,0.504265308380127
1276,21387,4209,1324,5,0.2842198312282562,0.03235286474227905,-0.4788641333580017
1277,21407,8873,1160,2,0.2868913412094116,0.03359028697013855,-0.23677320778369904
1278,21416,11281,54,3,0.280901163816452,0.039935968816280365,1.2381843328475952
1279,21446,12804,1172,4,0.28292974829673767,0.03251497074961662,-0.2913460433483124
1280,21457,20141,671,8,0.284415602684021,0.03297142684459686,0.3106756806373596
1281,21466,10304,535,2,0.2851293683052063,0.03447018563747406,0.42744866013526917
1282,21475,20864,1431,2,0.2848237454891205,0.0335538387298584,-0.5811020731925964
1283,21497,15814,725,4,0.2865681052207947,0.032326240092515945,0.1662137657403946
1284,21501,11540,867,2,0.28468385338783264,0.031068455427885056,0.05373355746269226
1285,21512,9479,577,3,0.28935784101486206,0.03183042258024216,0.3763163089752197
1286,21522,8758,1295,2,0.28362956643104553,0.02991832233965397,-0.3751301169395447
1287,21538,22434,194,3,0.28687602281570435,0.03255091607570648,0.9192025065422058
1288,21561,2332,1779,2,0.28514254093170166,0.034418798983097076,-3.8141636848449707
1289,21572,21942,153,4,0.28498363494873047,0.036548882722854614,1.058579444885254
1290,21574,20240,852,3,0.28217363357543945,0.030364325270056725,-0.007145091891288757
1291,21586,22555,881,7,0.28470611572265625,0.03503609076142311,0.014699310064315796
1292,21623,22743,1391,2,0.28490981459617615,0.03442418575286865,-0.6075892448425293
1293,21661,17438,1272,1,0.2807239890098572,0.03137022256851196,-0.36656829714775085
1294,21677,22775,446,3,0.283253014087677,0.0317208357155323,0.47447359561920166
1295,21716,11337,4,2,0.2876356542110443,0.032674968242645264,2.686485528945923
1296,21759,4864,448,2,0.28405579924583435,0.032655201852321625,0.4500170350074768
1297,21772,22472,1635,1,0.28485721349716187,0.030750563368201256,-1.2517297267913818
1298,21813,16292,4,3,0.28780850768089294,0.03719620406627655,1.9492287635803223
1299,21834,14778,260,2,0.2843188941478729,0.034230787307024,0.7269930243492126
1300,21838,22385,380,3,0.2849622368812561,0.03363402932882309,0.6439870595932007
1301,21842,19186,768,7,0.28082382678985596,0.033288586884737015,0.005085557699203491
1302,21852,22474,259,1,0.2813260555267334,0.03336383402347565,0.632336437702179
1303,21859,4334,22,2,0.28828564286231995,0.032841771841049194,1.7333968877792358
1304,21890,19794,1143,4,0.2846209704875946,0.03151147812604904,-0.20898960530757904
1305,21896,22532,700,2,0.28790268301963806,0.03149876743555069,0.14870327711105347
1306,21911,22834,1168,1,0.28168028593063354,0.03264511004090309,-0.2385253608226776
1307,21912,22515,369,3,0.2867812514305115,0.0347614586353302,0.6981959342956543
1308,21941,9811,863,2,0.2828819155693054,0.03223048150539398,-0.009937850758433342
1309,21955,17716,1498,1,0.28375741839408875,0.0305583905428648,-0.6256972551345825
1310,21960,12930,742,3,0.28545457124710083,0.03351805359125137,0.21550226211547852
1311,21981,14964,1589,2,0.2840248942375183,0.034689586609601974,-0.8590287566184998
1312,21988,21826,67,8,0.2838164269924164,0.03273630142211914,1.3971110582351685
1313,22006,21124,455,2,0.28502628207206726,0.03337967023253441,0.5060897469520569
1314,22024,10954,1688,3,0.28281936049461365,0.029905421659350395,-1.0351784229278564
1315,22037,14510,1234,2,0.28460773825645447,0.032691944390535355,-0.3060626983642578
1316,22097,8042,1177,2,0.28560876846313477,0.0334973968565464,-0.16640257835388184
1317,22134,14255,117,3,0.2815614342689514,0.04230495169758797,1.0776724815368652
1318,22167,22204,8,6,0.28223443031311035,0.03370767831802368,2.2800464630126953
1319,22172,21217,675,3,0.28585344552993774,0.03327859565615654,0.3241949677467346
1320,22176,22909,835,3,0.2854445278644562,0.03234175592660904,-0.049890629947185516
1321,22179,12036,199,2,0.2846319377422333,0.03175737336277962,0.9196950197219849
1322,22183,8766,1215,1,0.27994251251220703,0.028974179178476334,-0.3419112265110016
1323,22213,22821,548,2,0.2799891531467438,0.03515246883034706,0.36012375354766846
1324,22220,3633,66,3,0.2843567132949829,0.035682305693626404,1.1540606021881104
1325,22231,22957,1072,4,0.2866780459880829,0.03172321990132332,-0.11836393177509308
1326,22238,10831,147,2,0.28376102447509766,0.03404448181390762,0.9221974015235901
1327,22241,2492,233,3,0.28499147295951843,0.03327567130327225,0.8035344481468201
1328,22254,7779,1390,3,0.28570136427879333,0.03263397514820099,-0.5522503852844238
1329,22290,2920,72,2,0.2841971814632416,0.03832505643367767,1.1448249816894531
1330,22302,10918,20,2,0.284355103969574,0.03694252669811249,2.532169818878174
1331,22310,22356,507,2,0.2860075533390045,0.03321239352226257,0.430386483669281
1332,22315,8077,267,2,0.28476646542549133,0.035888560116291046,0.8030573725700378
1333,22331,21276,432,6,0.2832907438278198,0.033280063420534134,0.46265196800231934
1334,22366,18548,426,4,0.28484195470809937,0.03384103998541832,0.5698306560516357
1335,22387,5436,7,2,0.28309276700019836,0.039630256593227386,1.8016870021820068
1336,22400,5895,712,2,0.285471111536026,0.03292405605316162,0.24331845343112946
1337,22429,20893,950,2,0.28457266092300415,0.031736407428979874,0.06012537330389023
1338,22445,22213,11,8,0.28270572423934937,0.035121675580739975,2.721987009048462
1339,22463,19474,35,2,0.28440165519714355,0.036053672432899475,1.4952740669250488
1340,22482,17922,1300,2,0.28452831506729126,0.03028987906873226,-0.385315865278244
1341,22490,22853,1011,2,0.2839607000350952,0.03134696185588837,-0.19657975435256958
1342,22501,19837,500,4,0.28504857420921326,0.033186718821525574,0.3715151250362396
1343,22502,13175,1108,2,0.28422844409942627,0.032111331820487976,-0.19627626240253448
1344,22508,13453,718,4,0.28538358211517334,0.032208140939474106,0.07737607508897781
1345,22515,6884,1747,2,0.2856249511241913,0.033176880329847336,-1.884183645248413
1346,22538,12705,357,2,0.2820145785808563,0.031340327113866806,0.6322084665298462
1347,22628,12592,1,2,0.28418606519699097,0.03871621936559677,2.759394884109497
1348,22630,5059,44,2,0.28106626868247986,0.04204127937555313,1.4895708560943604
1349,22659,2594,1625,3,0.284748375415802,0.029849248006939888,-0.8690759539604187
1350,22675,23009,720,2,0.28311458230018616,0.03480737283825874,0.09888938069343567
1351,22695,20610,1127,2,0.28468358516693115,0.030596183612942696,-0.26997435092926025
1352,22700,4665,1190,2,0.28787845373153687,0.03250895068049431,-0.18360061943531036
1353,22709,3018,59,3,0.2847248613834381,0.038583800196647644,1.093294620513916
1354,22710,19985,668,1,0.2803959548473358,0.031578466296195984,0.1670960783958435
1355,22714,20902,10,3,0.2860991060733795,0.03251158073544502,1.8570671081542969
1356,22731,22913,827,2,0.282575398683548,0.03076908178627491,0.0370953232049942
1357,22743,10454,1445,1,0.2820351719856262,0.030516011640429497,-0.5716466903686523
1358,22767,17099,1100,3,0.28270649909973145,0.031213628128170967,-0.2166573852300644
1359,22774,22018,664,7,0.28388604521751404,0.03497350215911865,0.15738381445407867
1360,22781,9818,2,2,0.2850179374217987,0.035261720418930054,2.3210854530334473
1361,22782,7186,77,3,0.28348100185394287,0.0344228632748127,1.5303428173065186
1362,22799,17569,404,7,0.2844010591506958,0.032865576446056366,0.494550883769989
1363,22827,11953,101,3,0.28519099950790405,0.03887922316789627,1.0836917161941528
1364,22830,21465,664,2,0.2789861261844635,0.030579686164855957,0.2292378842830658
1365,22843,22946,1268,2,0.285702109336853,0.031659889966249466,-0.3387119472026825
1366,22849,14716,1,3,0.28464797139167786,0.038745950907468796,2.875570774078369
1367,22864,4019,190,4,0.28559252619743347,0.03135761246085167,1.0009499788284302
1368,22873,22884,921,2,0.28374791145324707,0.03144161403179169,-0.00975802168250084
1369,22876,19652,1368,2,0.2842262089252472,0.030790869146585464,-0.4919019639492035
1370,22878,16642,321,2,0.2845132052898407,0.03462645411491394,0.6680541634559631
1371,22882,3103,1215,1,0.2804011106491089,0.029728742316365242,-0.39525315165519714
1372,22928,13697,53,3,0.28519222140312195,0.03883349895477295,1.1596415042877197
1373,22929,20978,55,3,0.2823282778263092,0.042375966906547546,1.3277045488357544
1374,22952,2667,1,2,0.2821744680404663,0.0414886437356472,2.875762462615967
1375,22991,16890,955,2,0.28596851229667664,0.03300398588180542,-0.029514864087104797
1376,23048,17424,1599,2,0.2826375961303711,0.034615159034729004,-0.8181642293930054
1377,23064,21429,33,2,0.2835954427719116,0.03957541286945343,1.3653427362442017
1378,23074,19594,1594,1,0.28074321150779724,0.03036954067647457,-0.8407139182090759
1379,23081,2686,1,2,0.2875487804412842,0.035999320447444916,6.853549957275391
1380,23084,9674,959,4,0.2843257486820221,0.032716214656829834,-0.08281873166561127
1381,23090,12939,849,2,0.28385573625564575,0.03407716378569603,0.14028343558311462
1382,23109,8466,360,2,0.2830900549888611,0.04333464428782463,0.6434476375579834
1383,23121,18069,108,3,0.28137242794036865,0.03945941478013992,1.0765223503112793
1384,23122,6718,416,2,0.28184688091278076,0.03331308811903,0.46715033054351807
1385,23135,4395,40,3,0.28305286169052124,0.036074280738830566,1.598670244216919
1386,23141,22518,1240,2,0.28483134508132935,0.030854450538754463,-0.33379000425338745
1387,23175,21615,761,2,0.28185129165649414,0.033391933888196945,0.11256155371665955
1388,23176,22033,417,2,0.2851426303386688,0.035872023552656174,0.5777902603149414
1389,23219,22935,311,2,0.2857276499271393,0.03223051130771637,0.6601945161819458
1390,23255,21045,1259,1,0.28073355555534363,0.03164296597242355,-0.3641318380832672
1391,23256,12526,719,2,0.2842710614204407,0.033367887139320374,0.1280643343925476
1392,23269,5491,1438,2,0.28419116139411926,0.03127443790435791,-0.5685742497444153
1393,23272,23032,1499,2,0.2831355035305023,0.03222297132015228,-0.7162705659866333
1394,23323,4371,1723,3,0.2860608696937561,0.03169770538806915,-1.5780261754989624
1395,23341,2758,1303,2,0.2819855511188507,0.030808739364147186,-0.4205656051635742
1396,23350,16433,423,2,0.2846035063266754,0.03469441086053848,0.5851975679397583
1397,23358,17611,1442,2,0.285914808511734,0.03226489573717117,-0.5488228797912598
1398,23385,20041,131,2,0.28500059247016907,0.03585437685251236,1.1943933963775635
1399,23392,17957,321,2,0.2838814854621887,0.033505115658044815,0.6803379058837891
1400,23442,21500,376,3,0.2858009338378906,0.03287253528833389,0.643631637096405
1401,23477,9968,371,2,0.2837470471858978,0.03943741321563721,0.6776225566864014
1402,23487,20913,592,2,0.2858510911464691,0.03326763957738876,0.34345191717147827
1403,23488,20040,343,2,0.28349995613098145,0.034433797001838684,0.6423192024230957
1404,23491,19297,189,2,0.2851659059524536,0.037424299865961075,1.0700467824935913
1405,23515,7733,2,1,0.2809706926345825,0.040653426200151443,4.161224365234375
1406,23535,2814,915,2,0.2854191064834595,0.0313357375562191,-0.011990092694759369
1407,23546,9384,19,2,0.28577592968940735,0.03527483344078064,2.6435558795928955
1408,23551,19895,13,5,0.2849638760089874,0.03654804825782776,1.36287260055542
1409,23605,14776,884,2,0.28483402729034424,0.032498374581336975,0.019569173455238342
1410,23615,22533,2,2,0.28225037455558777,0.03809897229075432,3.1886792182922363
1411,23628,21586,180,2,0.285532683134079,0.03622265160083771,1.0562647581100464
1412,23654,21195,1434,2,0.2853204607963562,0.03346625342965126,-0.6299968361854553
1413,23676,20891,96,2,0.2851106524467468,0.033945903182029724,1.2335634231567383
1414,23682,16818,1754,3,0.28471001982688904,0.029808295890688896,-2.3007099628448486
1415,23689,20550,1648,2,0.2843776345252991,0.03139935061335564,-1.0483837127685547
1416,23729,22966,152,2,0.2800080478191376,0.036002710461616516,0.9677147269248962
1417,23731,17888,1337,3,0.28461846709251404,0.03082761913537979,-0.40822792053222656
1418,23758,22059,246,2,0.28452497720718384,0.03407832980155945,0.8653156757354736
1419,23766,4576,1017,3,0.2847667634487152,0.03219069540500641,-0.13529005646705627
1420,23775,17210,1123,2,0.28564170002937317,0.03147227317094803,-0.2933596670627594
1421,23787,22511,54,3,0.2844351530075073,0.03404397517442703,1.5551615953445435
1422,23810,15983,676,3,0.2818302810192108,0.0329023152589798,0.09613174200057983
1423,23832,20282,12,4,0.28609704971313477,0.0348300039768219,1.7321206331253052
1424,23833,11835,181,3,0.2867782413959503,0.032286763191223145,0.9057127237319946
1425,23851,15572,334,3,0.2853146493434906,0.033840492367744446,0.5981966853141785
1426,23853,13239,1351,3,0.28795579075813293,0.03229670971632004,-0.46787142753601074
1427,23867,3560,1064,2,0.2867429256439209,0.0320969857275486,-0.19275014102458954
1428,23876,21895,164,6,0.28527846932411194,0.036062389612197876,1.0621168613433838
1429,23913,17805,639,3,0.2830142378807068,0.03363807499408722,0.1925170123577118
1430,23922,17953,6,4,0.2839393615722656,0.04202720522880554,1.7905205488204956
1431,23923,19829,511,5,0.28587639331817627,0.032309554517269135,0.40140050649642944
1432,23939,11142,1070,2,0.2847858965396881,0.03415495902299881,-0.15827052295207977
1433,23943,10945,626,5,0.28598588705062866,0.031503550708293915,0.3762458562850952
1434,23945,3469,819,2,0.28478989005088806,0.03189452737569809,0.12065020203590393
1435,23953,6193,255,3,0.2855302691459656,0.037838973104953766,0.9531440734863281
1436,23964,12288,1028,2,0.28237298130989075,0.033209431916475296,-0.20544973015785217
1437,23974,13314,148,2,0.28538888692855835,0.034910932183265686,0.9713563919067383
1438,23976,11979,725,2,0.28294438123703003,0.03379102051258087,0.19296053051948547
1439,23978,13824,1568,2,0.2864680588245392,0.032799433916807175,-0.8015015125274658
1440,23983,6795,13,2,0.2805747985839844,0.04062372446060181,2.0036158561706543
1441,23990,6893,661,2,0.2875920832157135,0.03219970315694809,0.3115547299385071
1442,24060,19304,858,2,0.2848440110683441,0.032162461429834366,0.04924093186855316
1443,24075,19361,1253,2,0.28532513976097107,0.03171021491289139,-0.29866263270378113
1444,24090,9853,1285,2,0.2863336503505707,0.03239516541361809,-0.4219149947166443
1445,24097,22926,30,2,0.28519219160079956,0.03417807072401047,1.6094303131103516
1446,24100,2978,1597,2,0.28335297107696533,0.03264984115958214,-0.9662386178970337
1447,24109,5347,1190,3,0.28479593992233276,0.031523510813713074,-0.34954288601875305
1448,24119,14264,995,2,0.2846238315105438,0.030778754502534866,-0.04552323743700981
1449,24125,15827,5,3,0.2866603136062622,0.034370165318250656,1.913649559020996
1450,24134,15865,757,2,0.28273656964302063,0.03176352009177208,0.04317697510123253
1451,24139,18362,379,2,0.2835763990879059,0.034466907382011414,0.5658816695213318
1452,24144,11925,135,3,0.28395113348960876,0.041279345750808716,1.0293538570404053
1453,24151,10817,1142,2,0.28482094407081604,0.03170442581176758,-0.1987919807434082
1454,24204,20668,5,2,0.28310635685920715,0.041802991181612015,1.5545274019241333
1455,24269,12686,1226,2,0.2854326367378235,0.0331306979060173,-0.3195708990097046
1456,24285,22346,1226,2,0.2845895290374756,0.032430630177259445,-0.2651338279247284
1457,24299,21798,1283,5,0.28449293971061707,0.03214435279369354,-0.38381728529930115
1458,24323,3050,637,3,0.28638699650764465,0.03177785128355026,0.29524025321006775
1459,24333,19794,596,2,0.28391245007514954,0.03267540782690048,0.20794138312339783
1460,24343,22903,305,3,0.2851298451423645,0.03373953700065613,0.6411743760108948
1461,24369,12617,1551,2,0.2848384976387024,0.02981751784682274,-0.753260612487793
1462,24371,6879,56,3,0.28417637944221497,0.03393984213471413,1.1740214824676514
1463,24395,3730,1637,3,0.28387224674224854,0.032933320850133896,-0.9086977243423462
1464,24398,10401,27,3,0.28545352816581726,0.03581378236413002,1.435503363609314
1465,24407,3073,26,3,0.2853313684463501,0.03569584712386131,1.3941192626953125
1466,24412,22990,201,5,0.28294914960861206,0.03229875862598419,0.8516466617584229
1467,24449,11328,443,2,0.2838268280029297,0.03410782665014267,0.42974281311035156
1468,24480,22939,53,1,0.2838028371334076,0.03590492904186249,1.2453830242156982
1469,24524,16859,71,2,0.28239578008651733,0.04131292179226875,1.211544156074524
1470,24530,15913,134,2,0.28348708152770996,0.037005431950092316,0.8922873735427856
1471,24544,20503,744,4,0.285632461309433,0.03243391215801239,0.14405861496925354
1472,24580,3113,65,2,0.28267380595207214,0.036711398512125015,1.4292495250701904
1473,24601,21110,1054,2,0.2868346869945526,0.03076627105474472,-0.08665090054273605
1474,24616,20312,1044,2,0.28157562017440796,0.0301993265748024,-0.1759469211101532
1475,24629,11589,618,2,0.2844434380531311,0.032509513199329376,0.1805470734834671
1476,24636,21734,712,7,0.28395000100135803,0.033084578812122345,0.20979192852973938
1477,24648,16873,298,3,0.28237706422805786,0.03460029885172844,0.8120543360710144
1478,24652,13175,988,2,0.28426626324653625,0.03305305168032646,-0.16695556044578552
1479,24738,20641,333,2,0.28390178084373474,0.03425917774438858,0.6448072791099548
1480,24755,20801,103,3,0.28101402521133423,0.04049760848283768,1.1357789039611816
1481,24836,12657,624,1,0.2838640511035919,0.03334028646349907,0.42119354009628296
1482,24841,19955,1513,2,0.2846328318119049,0.031697407364845276,-0.7328329682350159
1483,24869,16217,368,2,0.2821841239929199,0.03464897722005844,0.5411924123764038
1484,24911,3188,27,2,0.2864460349082947,0.03526085615158081,1.410196304321289
1485,24913,20793,612,3,0.2858830690383911,0.03349751979112625,0.3285856246948242
1486,24929,9508,1510,4,0.28726908564567566,0.03315724804997444,-0.8016324043273926
1487,24977,15619,631,4,0.2838042676448822,0.032689355313777924,0.30248427391052246
1488,24978,3825,471,3,0.28566959500312805,0.03511353209614754,0.4295656085014343
1489,24995,8537,1672,2,0.2841928005218506,0.031349536031484604,-1.3425908088684082
1490,25069,20803,569,3,0.28642958402633667,0.033034853637218475,0.36933478713035583
1491,25110,19052,3,3,0.2842838168144226,0.03692863509058952,2.2296035289764404
1492,25184,22884,861,2,0.2845832407474518,0.03125934302806854,-0.012895038351416588
1493,25197,17183,201,1,0.2810424268245697,0.03919266536831856,0.9331748485565186
1494,25198,5082,112,1,0.280966192483902,0.0436723493039608,1.1168928146362305
1495,25245,5847,83,2,0.28416985273361206,0.03304150700569153,1.2983812093734741
1496,25265,17953,1152,3,0.2848483622074127,0.031062200665473938,-0.13768574595451355
1497,25268,18542,780,4,0.28362441062927246,0.03366268798708916,-0.0017577558755874634
1498,25289,13001,242,2,0.2820594906806946,0.03647679090499878,0.8503965139389038
1499,25300,8410,296,2,0.2848985195159912,0.03380053490400314,0.6981615424156189
1500,25328,13078,634,2,0.2841844856739044,0.0322578065097332,0.35511258244514465
1501,25329,22355,204,2,0.28489843010902405,0.03379465639591217,0.9380630254745483
1502,25337,22252,598,2,0.28428027033805847,0.031234178692102432,0.3388102054595947
1503,25339,19835,256,3,0.2849692404270172,0.034124650061130524,0.7515092492103577
1504,25396,19069,585,3,0.28344783186912537,0.03282609209418297,0.1967068314552307
1505,25397,17369,70,3,0.28511208295822144,0.036271337419748306,1.2471294403076172
1506,25407,11829,144,8,0.28559598326683044,0.0342082679271698,0.9614064693450928
1507,25438,21384,24,5,0.28427860140800476,0.03331274539232254,1.686105489730835
1508,25440,3344,139,2,0.2843668758869171,0.03104841709136963,0.9808497428894043
1509,25443,3637,69,2,0.2846599817276001,0.03745622932910919,1.229972243309021
1510,25453,22826,24,6,0.28433695435523987,0.03519215062260628,1.8334314823150635
1511,25462,21436,333,2,0.2850562632083893,0.03429866582155228,0.6198664903640747
1512,25485,19663,1670,3,0.28598546981811523,0.03343607857823372,-1.0997059345245361
1513,25490,20564,436,2,0.2844035029411316,0.033348262310028076,0.45241615176200867
1514,25492,21146,536,2,0.284638911485672,0.03280099853873253,0.4311698377132416
1515,25518,3726,1040,3,0.28379958868026733,0.033402882516384125,-0.2259080559015274
1516,25532,3382,226,2,0.2836909294128418,0.029594765976071358,0.9890944361686707
1517,25605,9388,4,3,0.28549230098724365,0.034475892782211304,2.9486470222473145
1518,25607,9388,2,3,0.2821914553642273,0.040994852781295776,3.174790143966675
1519,25609,3396,1625,2,0.28377044200897217,0.033451128751039505,-0.8865084052085876
1520,25612,13511,167,1,0.28288543224334717,0.038025930523872375,0.9750522971153259
1521,25629,10362,188,4,0.2842006981372833,0.03581046313047409,0.9567067623138428
1522,25657,3415,938,3,0.285623699426651,0.033742472529411316,-0.05739869922399521
1523,25658,9868,588,2,0.28666767477989197,0.03321056813001633,0.262775719165802
1524,25687,22642,490,2,0.2830910086631775,0.03362050652503967,0.29293692111968994
1525,25689,19835,740,7,0.2838132679462433,0.03275109827518463,0.0915280133485794
1526,25694,22958,198,2,0.284591406583786,0.03358381986618042,0.8943511843681335
1527,25708,14877,537,3,0.2839040458202362,0.032233476638793945,0.22981739044189453
1528,25714,9384,1071,2,0.2868165373802185,0.03242342174053192,-0.21004189550876617
1529,25771,16586,476,2,0.2847379744052887,0.03301316499710083,0.39291149377822876
1530,25789,3485,1486,4,0.2827664911746979,0.03150549903512001,-0.7023853063583374
1531,25792,15648,10,2,0.2825249135494232,0.04369588941335678,1.5393552780151367
1532,25862,5520,39,4,0.2828007638454437,0.036193326115608215,1.814975619316101
1533,25867,11106,1120,1,0.2779943346977234,0.03356896713376045,-0.2011171579360962
1534,25885,22472,951,4,0.2846805155277252,0.03473062813282013,-0.12783803045749664
1535,25900,19526,14,2,0.2843732237815857,0.03731495887041092,1.6423325538635254
1536,25938,6195,299,5,0.28389090299606323,0.03618378937244415,0.7684969902038574
1537,26003,22144,502,2,0.2854120135307312,0.034170523285865784,0.36875608563423157
1538,26008,3712,732,6,0.28404638171195984,0.03370744735002518,0.2263171374797821
1539,26035,6656,1553,2,0.28519392013549805,0.029524091631174088,-0.9065316915512085
1540,26041,15998,55,2,0.2860527038574219,0.03706169128417969,1.4214208126068115
1541,26065,14871,699,3,0.2837449014186859,0.03268404304981232,0.12143172323703766
1542,26085,21685,1031,2,0.28568291664123535,0.02958495542407036,-0.07485470920801163
1543,26090,20805,281,2,0.28613919019699097,0.034461986273527145,0.9071658849716187
1544,26130,19913,1241,3,0.2822535037994385,0.030909355729818344,-0.2949509024620056
1545,26156,18394,1248,6,0.2816937267780304,0.0325036495923996,-0.2832377552986145
1546,26202,18061,873,2,0.2832283675670624,0.034099679440259933,0.05356492102146149
1547,26209,22929,213,4,0.28535589575767517,0.03428495675325394,0.8012135028839111
1548,26220,10861,823,3,0.28496748208999634,0.03243369609117508,-0.046515755355358124
1549,26230,8044,1606,2,0.2853674292564392,0.03333466500043869,-0.8698717355728149
1550,26233,6714,434,2,0.28520992398262024,0.03570670634508133,0.4980911612510681
1551,26234,6497,816,2,0.28406044840812683,0.030957043170928955,-0.02106175571680069
1552,26241,16198,381,3,0.28519290685653687,0.03503338247537613,0.5023422837257385
1553,26247,7447,110,3,0.2845078408718109,0.03348877280950546,1.1222878694534302
1554,26259,23028,212,2,0.2846238613128662,0.03395898640155792,0.9586437940597534
1555,26267,22565,1079,3,0.2850063443183899,0.033204078674316406,-0.1440320461988449
1556,26276,22807,1576,2,0.28355300426483154,0.03031517192721367,-0.8438568115234375
1557,26299,3595,1007,2,0.2851770222187042,0.033748187124729156,-0.04375721886754036
1558,26321,3599,441,2,0.28424227237701416,0.034957606345415115,0.4532938599586487
1559,26349,22714,445,2,0.2844076454639435,0.031923726201057434,0.43907853960990906
1560,26368,13598,303,2,0.2827572226524353,0.03300103172659874,0.6613034605979919
1561,26369,6033,1241,2,0.28443172574043274,0.032582446932792664,-0.3596648573875427
1562,26371,10742,383,2,0.2862565517425537,0.033797260373830795,0.6176844835281372
1563,26377,9694,1,5,0.285152405500412,0.03237953409552574,2.7173960208892822
1564,26387,7373,679,2,0.2825840413570404,0.030870551243424416,0.12599247694015503
1565,26394,13046,13,4,0.2822582423686981,0.03656752407550812,2.210071086883545
1566,26402,14378,3,3,0.28240489959716797,0.037120625376701355,3.190234661102295
1567,26406,22574,85,2,0.2837400734424591,0.03483600169420242,1.4144437313079834
1568,26437,19112,834,2,0.28353461623191833,0.034587129950523376,0.04437163472175598
1569,26448,19900,26,3,0.285102903842926,0.03777622431516647,1.6527059078216553
1570,26530,5108,604,2,0.28446105122566223,0.033205531537532806,0.2881452739238739
1571,26532,8504,110,2,0.2825033962726593,0.03271887078881264,1.1291166543960571
1572,26534,22821,22,3,0.28572529554367065,0.03278449550271034,2.2811484336853027
1573,26580,9479,100,2,0.28563302755355835,0.03681548684835434,1.1619879007339478
1574,26583,5903,560,3,0.2850848138332367,0.03372954949736595,0.4383125603199005
1575,26605,22328,602,5,0.28124263882637024,0.03193759173154831,0.17070616781711578
1576,26628,4387,808,3,0.2819922864437103,0.030278559774160385,-0.0007263422012329102
1577,26630,22004,978,2,0.2852781414985657,0.032008152455091476,-0.05828552693128586
1578,26674,13481,446,2,0.2879468500614166,0.03261743485927582,0.513429582118988
1579,26690,19767,16,2,0.28464508056640625,0.03639025241136551,1.6200146675109863
1580,26817,21758,890,2,0.2840512692928314,0.03143831714987755,0.07003305852413177
1581,26818,18274,33,2,0.28306901454925537,0.0401775985956192,1.2780946493148804
1582,26819,3762,129,2,0.28590285778045654,0.036472927778959274,1.045351266860962
1583,26850,21345,437,3,0.2851077914237976,0.03528216481208801,0.48807141184806824
1584,26854,23031,1538,3,0.287021666765213,0.030930088832974434,-0.672450840473175
1585,26857,11685,1,2,0.2844235301017761,0.03677350655198097,2.4370975494384766
1586,26876,22217,739,3,0.28622958064079285,0.0342317633330822,0.012887150049209595
1587,26886,22892,512,3,0.2865360975265503,0.03503955528140068,0.38053062558174133
1588,26952,12394,176,2,0.2861519455909729,0.032248225063085556,0.944664716720581
1589,26973,15590,15,2,0.2849756181240082,0.03652011603116989,1.390507459640503
1590,27003,11829,8,2,0.28529033064842224,0.03687006235122681,1.5286085605621338
1591,27006,22480,190,3,0.28574588894844055,0.03449010103940964,0.9236396551132202
1592,27028,18091,96,2,0.28389185667037964,0.034952860325574875,1.1097594499588013
1593,27036,3822,19,3,0.28722456097602844,0.03231117129325867,1.7946722507476807
1594,27046,14483,11,3,0.28432053327560425,0.03493166342377663,1.904533863067627
1595,27054,15266,5,6,0.2831854820251465,0.033648934215307236,1.969728708267212
1596,27078,20798,1578,1,0.2817758619785309,0.03422138839960098,-0.9852961897850037
1597,27079,21724,629,1,0.2817758619785309,0.03384657949209213,0.33859628438949585
1598,27093,21338,611,1,0.28326156735420227,0.033144593238830566,0.46196743845939636
1599,27126,22144,407,2,0.284559428691864,0.03486257046461105,0.5952150821685791
1600,27176,21364,74,4,0.2819826602935791,0.036797232925891876,1.4944056272506714
1601,27193,3865,947,2,0.2846734821796417,0.03403041139245033,-0.08785177022218704
1602,27215,3869,795,2,0.282877117395401,0.02927909791469574,0.015638146549463272
1603,27234,16763,1149,1,0.28190475702285767,0.034798018634319305,-0.27241307497024536
1604,27261,22929,107,2,0.28468552231788635,0.035277124494314194,1.125793695449829
1605,27273,22994,867,2,0.2856719195842743,0.03132375329732895,0.1332506686449051
1606,27283,17780,962,3,0.2856947183609009,0.032207831740379333,-0.04021521657705307
1607,27284,11696,278,3,0.28714147210121155,0.034193456172943115,0.7125718593597412
1608,27312,13482,1078,3,0.2826709747314453,0.032343585044145584,-0.22992129623889923
1609,27315,21350,4,5,0.28393256664276123,0.03784149885177612,2.1667656898498535
1610,27344,6982,1757,2,0.2836356461048126,0.0289471335709095,-1.8347809314727783
1611,27366,20517,657,5,0.28425538539886475,0.03294603154063225,0.16888639330863953
1612,27385,21350,654,2,0.2856287360191345,0.031221237033605576,0.2677922248840332
1613,27392,3947,1131,3,0.28542810678482056,0.032825253903865814,-0.29655975103378296
1614,27396,3948,120,2,0.28623950481414795,0.031241171061992645,1.3242806196212769
1615,27417,4170,1391,2,0.28417617082595825,0.03252600505948067,-0.423016220331192
1616,27434,5108,819,2,0.28046679496765137,0.033232253044843674,0.06037436053156853
1617,27437,3955,605,2,0.28564774990081787,0.03154481202363968,0.3337537348270416
1618,27448,22228,1086,4,0.2855539321899414,0.031630419194698334,-0.1530946046113968
1619,27457,14681,1379,2,0.2826484739780426,0.03208242356777191,-0.449388325214386
1620,27465,17843,1140,1,0.28120189905166626,0.03460359945893288,-0.17175820469856262
1621,27509,17976,58,2,0.2817886769771576,0.034568242728710175,1.0472643375396729
1622,27511,10229,1,4,0.2850092351436615,0.03549326956272125,2.8418779373168945
1623,27514,21866,24,2,0.28427794575691223,0.036705825477838516,1.7022764682769775
1624,27533,7305,1498,3,0.28600654006004333,0.03231268376111984,-0.6638891100883484
1625,27546,3995,710,2,0.2865963280200958,0.032537467777729034,0.2324632853269577
1626,27551,16772,5,2,0.2832129895687103,0.04064234718680382,1.568671703338623
1627,27561,10797,1780,4,0.28770703077316284,0.032510288059711456,-3.181649923324585
1628,27584,6314,126,2,0.28262490034103394,0.03971337527036667,1.086256742477417
1629,27623,4020,187,2,0.28233540058135986,0.04147444665431976,0.9665007591247559
1630,27687,22943,782,2,0.2864058017730713,0.03399620205163956,0.04988252371549606
1631,27688,19859,1095,2,0.28571707010269165,0.0324944406747818,-0.14172284305095673
1632,27690,5745,318,4,0.2847396433353424,0.03715187683701515,0.6904036998748779
1633,27691,10077,1438,3,0.28534308075904846,0.03112809918820858,-0.5210884213447571
1634,27694,4045,1351,2,0.2820374667644501,0.03084089607000351,-0.4939844608306885
1635,27695,21282,1214,3,0.28562453389167786,0.032919466495513916,-0.25433266162872314
1636,27723,6269,67,2,0.2844146192073822,0.035903751850128174,1.1707179546356201
1637,27750,12454,969,2,0.28468555212020874,0.03444308787584305,0.0391986146569252
1638,27784,19913,412,2,0.28581497073173523,0.032718777656555176,0.5977436304092407
1639,27790,22932,1058,3,0.28591030836105347,0.03341108188033104,-0.1385340690612793
1640,27815,21742,200,2,0.2825968563556671,0.03943338617682457,0.9796656966209412
1641,27868,14417,136,2,0.28415781259536743,0.03496044874191284,1.0676017999649048
1642,27871,4133,1101,5,0.2842881381511688,0.032677847892045975,-0.10684405267238617
1643,27888,21021,339,2,0.2854744791984558,0.03424805402755737,0.6868439316749573
1644,27897,22453,508,3,0.2856333553791046,0.03429080918431282,0.43096405267715454
1645,27915,14062,973,3,0.28454989194869995,0.03197025507688522,-0.12317606806755066
1646,27927,13376,503,2,0.28588247299194336,0.0330757275223732,0.40429842472076416
1647,27960,16616,627,2,0.28586629033088684,0.03372655063867569,0.32452455163002014
1648,27996,18274,714,2,0.28556081652641296,0.03096902184188366,0.23000597953796387
1649,28019,20753,32,2,0.2816019356250763,0.0419577993452549,1.439182996749878
1650,28052,21446,1400,2,0.28625044226646423,0.03180602937936783,-0.4889691472053528
1651,28056,17693,20,1,0.28120729327201843,0.03782540187239647,1.8713397979736328
1652,28068,10151,1340,2,0.2856319546699524,0.02920851670205593,-0.5458663105964661
1653,28109,6037,2,3,0.28353631496429443,0.0392584353685379,2.1486458778381348
1654,28151,6716,958,2,0.2847520411014557,0.03208989277482033,-0.12696123123168945
1655,28157,19837,376,3,0.28470999002456665,0.0317782387137413,0.5491442680358887
1656,28162,8589,860,3,0.2854662239551544,0.03413167968392372,-0.03303908556699753
1657,28164,17122,501,2,0.2863950729370117,0.03684843331575394,0.4604678750038147
1658,28177,4284,2,3,0.2851080298423767,0.03497833013534546,2.621354341506958
1659,28212,22701,1046,2,0.2864191234111786,0.031355686485767365,-0.24065041542053223
1660,28219,6020,1654,5,0.2821594476699829,0.03159012645483017,-1.1147632598876953
1661,28222,21758,355,2,0.2837955355644226,0.031510017812252045,0.4794882833957672
1662,28302,15571,22,3,0.28657904267311096,0.03592727705836296,1.9158939123153687
1663,28353,8812,527,3,0.2864932715892792,0.03162079304456711,0.48636969923973083
1664,28374,21491,980,3,0.2866114377975464,0.032428815960884094,-0.1545606553554535
1665,28390,7170,331,3,0.287532776594162,0.03416939079761505,0.6516482830047607
1666,28392,4365,444,3,0.2852265536785126,0.0334702767431736,0.49679088592529297
1667,28403,19563,1478,4,0.2877664268016815,0.033085357397794724,-0.6510767936706543
1668,28422,15439,18,8,0.2828749120235443,0.036191683262586594,2.4499101638793945
1669,28423,22774,306,3,0.28521302342414856,0.034607529640197754,0.6643102765083313
1670,28426,20054,954,3,0.28298893570899963,0.03256142884492874,0.021368950605392456
1671,28482,5967,1732,2,0.2854393720626831,0.029716365039348602,-1.8524457216262817
1672,28496,11069,324,2,0.2850184738636017,0.032503582537174225,0.7550700902938843
1673,28501,21699,182,3,0.2841702997684479,0.04212005436420441,0.9870378971099854
1674,28504,16291,27,2,0.2858107388019562,0.03769403323531151,1.4692696332931519
1675,28522,21101,1076,1,0.2832469344139099,0.03202567994594574,-0.1446620225906372
1676,28548,17822,283,3,0.28622105717658997,0.03495773673057556,0.7000781297683716
1677,28551,18052,21,2,0.28247901797294617,0.038651805371046066,2.164276361465454
1678,28556,21338,252,3,0.284877210855484,0.031452763825654984,0.7228006720542908
1679,28607,6378,1445,2,0.28699973225593567,0.03254569321870804,-0.6385859251022339
1680,28625,20923,1705,2,0.2842934727668762,0.03041856363415718,-1.5877772569656372
1681,28676,4438,930,2,0.2855601906776428,0.032414697110652924,-0.0013718977570533752
1682,28716,11690,646,2,0.28477057814598083,0.03223291411995888,0.37711799144744873
1683,28737,22929,728,1,0.28045254945755005,0.03118988499045372,0.11302079260349274
1684,28751,5900,1689,2,0.28451406955718994,0.03194194287061691,-1.3315092325210571
1685,28757,22194,1481,2,0.28362414240837097,0.03174634277820587,-0.5692969560623169
1686,28773,20919,501,1,0.27965834736824036,0.03270653262734413,0.36523354053497314
1687,28781,22267,546,2,0.2851268947124481,0.03368985652923584,0.3422512114048004
1688,28839,21775,381,2,0.28478193283081055,0.03271612524986267,0.5374278426170349
1689,28868,16859,167,2,0.2849804162979126,0.03617555648088455,0.9674738645553589
1690,28891,22945,581,5,0.28289616107940674,0.033072955906391144,0.34023070335388184
1691,28902,5963,1163,2,0.2839060127735138,0.03162575140595436,-0.26494497060775757
1692,28914,10165,326,2,0.2831035852432251,0.033027827739715576,0.736187756061554
1693,28938,22772,967,3,0.2819884717464447,0.0326661616563797,-0.08058537542819977
1694,28974,9532,1704,3,0.2864786684513092,0.0321967788040638,-1.3102158308029175
1695,28989,19015,521,1,0.28332239389419556,0.03180285543203354,0.34311917424201965
1696,29004,17841,428,2,0.28289344906806946,0.034289367496967316,0.5882349610328674
1697,29008,23029,299,2,0.283512681722641,0.03191738948225975,0.7881291508674622
1698,29016,21724,490,2,0.2850321829319,0.032670993357896805,0.4224740266799927
1699,29075,21624,5,2,0.2819313406944275,0.042392730712890625,1.7816522121429443
1700,29095,4611,16,3,0.28376880288124084,0.036473099142313004,2.0933992862701416
1701,29113,21751,806,1,0.2820241451263428,0.033421508967876434,0.21700435876846313
1702,29131,21652,1,2,0.28489160537719727,0.04139535874128342,2.6079697608947754
1703,29138,8021,1595,3,0.2878997325897217,0.035210102796554565,-0.9770728945732117
1704,29152,20082,103,3,0.2863859236240387,0.03483402356505394,1.2737607955932617
1705,29219,15020,1,2,0.28412291407585144,0.03904947638511658,2.595065116882324
1706,29259,20781,1353,4,0.2839124798774719,0.031566597521305084,-0.38764792680740356
1707,29270,16085,942,1,0.28226059675216675,0.031244128942489624,0.06693755090236664
1708,29287,21915,561,2,0.286467969417572,0.032286807894706726,0.35282954573631287
1709,29302,22862,547,3,0.2864862382411957,0.03404414281249046,0.3957819640636444
1710,29344,15063,923,4,0.2846984267234802,0.03290519118309021,-0.06722383201122284
1711,29362,21639,456,2,0.28403037786483765,0.03321365639567375,0.4461362957954407
1712,29370,22874,1183,2,0.282856822013855,0.030557315796613693,-0.2931666970252991
1713,29436,19814,568,2,0.28512778878211975,0.03431714326143265,0.460664302110672
1714,29444,9018,217,2,0.2829504609107971,0.04202495515346527,0.8681628108024597
1715,29504,15682,1,3,0.28516849875450134,0.03404545038938522,3.552156925201416
1716,29509,22228,964,2,0.28137171268463135,0.03152022883296013,-0.09748907387256622
1717,29553,23005,152,2,0.2846929132938385,0.033988289535045624,1.0772812366485596
1718,29689,9075,1219,2,0.2858664393424988,0.031229667365550995,-0.29161402583122253
1719,29693,15674,1635,3,0.28690463304519653,0.031521208584308624,-1.0172926187515259
1720,29720,4878,415,2,0.28149470686912537,0.03492255508899689,0.417256236076355
1721,29728,14312,438,2,0.28498128056526184,0.03474947437644005,0.5243707895278931
1722,29729,19837,358,3,0.2850002348423004,0.033020712435245514,0.6837759017944336
1723,29741,9164,1,2,0.28309735655784607,0.03877394646406174,2.9117889404296875
1724,29746,22884,54,2,0.28512540459632874,0.036680012941360474,1.276224136352539
1725,29759,17613,985,2,0.28334707021713257,0.030489038676023483,-0.1080230176448822
1726,29776,4907,59,2,0.2829159200191498,0.04059741646051407,1.5075618028640747
1727,29780,22826,626,2,0.28534993529319763,0.03285421431064606,0.2409570962190628
1728,29791,4920,770,2,0.285094290971756,0.03232726454734802,0.11508060246706009
1729,29798,21775,58,3,0.2855451703071594,0.03435363247990608,1.460822343826294
1730,29815,22740,366,3,0.2865374982357025,0.03383343666791916,0.5379471778869629
1731,29851,21900,1472,3,0.2850625813007355,0.033803388476371765,-0.6280218362808228
1732,29857,13106,58,3,0.28470340371131897,0.03530329838395119,1.392580270767212
1733,29888,4952,470,2,0.28572535514831543,0.033379118889570236,0.48356893658638
1734,29916,22004,1009,2,0.28533411026000977,0.03114932030439377,-0.09843380749225616
1735,29935,19454,440,2,0.28494492173194885,0.03436484560370445,0.5184601545333862
1736,29976,12079,1276,3,0.28810280561447144,0.029809270054101944,-0.440083771944046
1737,29984,19819,556,1,0.2807750105857849,0.031943429261446,0.3686216473579407
1738,29988,10633,1,2,0.28405487537384033,0.03618928790092468,3.858461380004883
1739,29997,17122,727,2,0.2841014266014099,0.03185606002807617,0.12162058055400848
1740,30000,21945,1224,2,0.2870619297027588,0.032198891043663025,-0.3366132974624634
1741,30004,22894,1460,2,0.2831330895423889,0.031124994158744812,-0.5526832938194275
1742,30135,13821,93,3,0.2838097810745239,0.04312566667795181,1.1149919033050537
1743,30150,19633,1051,1,0.28274938464164734,0.030506405979394913,-0.0766533762216568
1744,30170,21768,430,2,0.281992644071579,0.03336648270487785,0.4108816385269165
1745,30202,10890,501,4,0.2861318588256836,0.031863175332546234,0.40390607714653015
1746,30229,22932,212,1,0.2837793231010437,0.03639057278633118,0.8601547479629517
1747,30236,22349,85,2,0.2851218581199646,0.03385842591524124,1.2694411277770996
1748,30239,22996,792,3,0.2867402732372284,0.03308732435107231,0.13974905014038086
1749,30261,13591,614,2,0.28345033526420593,0.032894473522901535,0.14507368206977844
1750,30263,5137,851,2,0.2827344834804535,0.0325915701687336,-0.0328928641974926
1751,30303,12630,91,2,0.2844561040401459,0.03573426976799965,1.09134840965271
1752,30311,17171,72,3,0.28422799706459045,0.0351082868874073,1.594973087310791
1753,30367,22703,226,1,0.2837204039096832,0.033409036695957184,0.8306528329849243
1754,30371,14534,632,2,0.2845289409160614,0.03415817394852638,0.35791707038879395
1755,30377,19474,255,2,0.2866452634334564,0.03626057505607605,0.8680926561355591
1756,30397,13296,112,2,0.2824322581291199,0.03135925531387329,1.166374683380127
1757,30398,6105,540,1,0.2853238880634308,0.035418808460235596,0.39160409569740295
1758,30423,13448,392,3,0.28345444798469543,0.036040060222148895,0.6060254573822021
1759,30442,19160,10,2,0.2837372422218323,0.03641334921121597,1.5656182765960693
1760,30448,19352,565,4,0.2847869396209717,0.03269827365875244,0.40791797637939453
1761,30469,11591,4,2,0.2869938611984253,0.03611588105559349,2.566441535949707
1762,30568,10403,1481,3,0.28513386845588684,0.030621610581874847,-0.733897864818573
1763,30634,20376,7,4,0.2834165394306183,0.03526587039232254,2.6891205310821533
1764,30668,22837,1221,2,0.2847677171230316,0.03188539296388626,-0.3814601004123688
1765,30675,20282,86,2,0.2845117747783661,0.03513418510556221,1.1636934280395508
1766,30676,18272,1015,2,0.28553980588912964,0.03192313015460968,-0.07721241563558578
1767,30680,18807,203,3,0.28540536761283875,0.03530045226216316,0.856797456741333
1768,30686,17517,948,3,0.2856138348579407,0.032279450446367264,-0.10616397857666016
1769,30723,15850,345,2,0.28351059556007385,0.03493102639913559,0.6542667150497437
1770,30737,21505,250,2,0.2849637567996979,0.032451700419187546,0.6987658739089966
1771,30750,16960,1071,1,0.28084641695022583,0.03163128346204758,-0.14120717346668243
1772,30764,22550,286,1,0.28144434094429016,0.03364033252000809,0.7501250505447388
1773,30780,22892,1672,1,0.2831209897994995,0.029344724491238594,-1.3340216875076294
1774,30826,10817,1173,2,0.2848014831542969,0.03197166323661804,-0.2155260443687439
1775,30851,20177,673,2,0.28401893377304077,0.032684676349163055,0.25700652599334717
1776,30941,18794,927,2,0.283548504114151,0.031169747933745384,0.054901108145713806
1777,30948,21947,8,4,0.2798166275024414,0.04379989206790924,2.8441648483276367
1778,30951,22975,49,1,0.2810606062412262,0.03579256683588028,1.3739341497421265
1779,30971,7388,372,2,0.2833307087421417,0.03393416106700897,0.5635298490524292
1780,31018,5520,330,4,0.2854480445384979,0.03719436749815941,0.7762131690979004
1781,31039,23008,1259,1,0.2806865870952606,0.031837329268455505,-0.34775713086128235
1782,31060,16627,250,3,0.2860489785671234,0.034363262355327606,0.894978404045105
1783,31069,15308,563,3,0.28807371854782104,0.031959451735019684,0.38941168785095215
1784,31095,10403,1475,3,0.28403937816619873,0.03254387527704239,-0.6442210674285889
1785,31098,21801,374,2,0.28506746888160706,0.03605695068836212,0.6355422735214233
1786,31126,23019,695,3,0.28509750962257385,0.03299463540315628,0.2234753966331482
1787,31144,21429,60,3,0.2861441373825073,0.034284401684999466,1.3547085523605347
1788,31160,19010,660,2,0.2848975956439972,0.035081423819065094,0.2818044424057007
1789,31179,22347,316,3,0.28528741002082825,0.03581223636865616,0.7242317795753479
1790,31201,21222,144,2,0.28237292170524597,0.03636748343706131,0.9877699613571167
1791,31212,21082,1396,1,0.27610665559768677,0.0326952300965786,-0.5790592432022095
1792,31238,22329,13,3,0.28221064805984497,0.04269905015826225,1.6027253866195679
1793,31240,20604,1729,2,0.28597840666770935,0.03136654943227768,-1.4804071187973022
1794,31242,18151,64,2,0.28513103723526,0.034362927079200745,1.0955249071121216
1795,31244,15643,2,2,0.28740590810775757,0.03675138205289841,3.3611862659454346
1796,31258,9156,5,3,0.28295642137527466,0.037971898913383484,2.4226319789886475
1797,31282,23012,920,4,0.2854059040546417,0.03271365910768509,-0.002862781286239624
1798,31284,10011,909,2,0.2862265408039093,0.03331732004880905,0.058923885226249695
1799,31317,12120,893,1,0.2810772955417633,0.030496541410684586,-0.08659496158361435
1800,31355,16120,1639,3,0.284915566444397,0.033128656446933746,-1.029252529144287
1801,31357,21707,236,3,0.2847980856895447,0.03252154961228371,0.8429444432258606
1802,31415,22700,617,2,0.2852434813976288,0.03382737934589386,0.3052888810634613
1803,31430,19136,5,2,0.2853130102157593,0.035562098026275635,2.6335244178771973
1804,31478,13117,9,2,0.2838590145111084,0.04101238399744034,1.4784913063049316
1805,31494,21351,462,2,0.28070083260536194,0.03105657733976841,0.29585665464401245
1806,31523,19746,684,1,0.28389090299606323,0.03310089558362961,0.29532432556152344
1807,31541,17669,1278,6,0.2827968895435333,0.03248213976621628,-0.3517325520515442
1808,31560,10045,1148,2,0.28354957699775696,0.031165217980742455,-0.1864752173423767
1809,31563,21489,93,1,0.2792379558086395,0.0376058891415596,1.0602610111236572
1810,31626,14242,16,2,0.28476589918136597,0.03777974098920822,1.75251042842865
1811,31633,18213,1506,4,0.2857201397418976,0.03116675093770027,-0.632272481918335
1812,31645,12017,1170,2,0.28475892543792725,0.033275678753852844,-0.3520483076572418
1813,31708,20039,188,2,0.2832001745700836,0.038842204958200455,0.9394434094429016
1814,31731,21583,165,3,0.2869078516960144,0.03460963815450668,1.132575273513794
1815,31742,22182,1630,1,0.28266623616218567,0.0319366417825222,-1.1462829113006592
1816,31771,13037,7,2,0.2839649021625519,0.03401333838701248,2.1593258380889893
1817,31808,22981,741,3,0.2855168581008911,0.03254346549510956,0.2076902836561203
1818,31841,20012,1232,3,0.2863614559173584,0.03216481953859329,-0.397546648979187
1819,31846,21586,1307,2,0.2840724587440491,0.030085880309343338,-0.4488031268119812
1820,31851,18059,778,3,0.2854885756969452,0.03339240700006485,0.1350424587726593
1821,31862,22845,597,2,0.28538650274276733,0.03336774930357933,0.3809718191623688
1822,31912,16518,1644,2,0.28424370288848877,0.031784430146217346,-1.238565444946289
1823,31955,22884,401,5,0.2860639989376068,0.0330655500292778,0.5498281121253967
1824,32000,6656,1601,2,0.2876058518886566,0.03272281214594841,-0.9556230902671814
1825,32037,22168,124,3,0.2838394045829773,0.03373819962143898,1.103353500366211
1826,32046,20666,286,3,0.2853274941444397,0.035008542239665985,0.7058917880058289
1827,32076,13715,3,3,0.28540563583374023,0.03447061777114868,1.9126124382019043
1828,32084,23019,218,2,0.2849412262439728,0.03478420153260231,0.8874078392982483
1829,32097,20793,818,1,0.28411665558815,0.03605389595031738,0.18429136276245117
1830,32143,20683,12,2,0.28191423416137695,0.045773155987262726,2.0025405883789062
1831,32196,22935,122,3,0.2858003079891205,0.0325719453394413,1.0860809087753296
1832,32197,20705,23,2,0.2794097661972046,0.04204393923282623,1.8802084922790527
1833,32229,10807,78,2,0.287191241979599,0.03423142433166504,1.3470172882080078
1834,32255,8810,1133,6,0.2853171229362488,0.034625567495822906,-0.18097622692584991
1835,32284,22703,402,3,0.2854298949241638,0.03144356608390808,0.5473632216453552
1836,32310,20333,475,2,0.28604376316070557,0.03438420593738556,0.43265414237976074
1837,32318,22116,810,2,0.2841477394104004,0.03216227516531944,0.08507385104894638
1838,32331,8817,1603,2,0.28235334157943726,0.032515063881874084,-0.7069903612136841
1839,32347,21586,29,4,0.2855674624443054,0.03459145128726959,1.3153443336486816
1840,32379,22017,1641,3,0.2836928367614746,0.03254329040646553,-1.0588058233261108
1841,32400,22787,565,3,0.28501299023628235,0.0332709476351738,0.3539789915084839
1842,32431,18278,1630,1,0.283708781003952,0.03167492896318436,-1.0361311435699463
1843,32447,20127,495,2,0.2840609848499298,0.02929098531603813,0.40080082416534424
1844,32450,19866,10,1,0.2834821939468384,0.03395037353038788,1.7870888710021973
1845,32452,21356,434,3,0.28405532240867615,0.03340526670217514,0.5093576908111572
1846,32471,21581,1172,3,0.28477591276168823,0.03209250420331955,-0.2255285233259201
1847,32474,21366,218,5,0.2850753664970398,0.03464028984308243,0.8784189820289612
1848,32485,21368,1324,1,0.2834937274456024,0.029278308153152466,-0.3585852384567261
1849,32494,21417,1204,2,0.2833571135997772,0.0312123354524374,-0.3000507652759552
1850,32506,17112,108,3,0.286051869392395,0.03298373520374298,1.2762017250061035
1851,32539,18180,341,2,0.2852776050567627,0.03472425416111946,0.5944857597351074
1852,32558,13396,306,2,0.2839336693286896,0.03265230357646942,0.7399765253067017
1853,32610,20656,184,3,0.283743679523468,0.03399154543876648,1.130867838859558
1854,32617,16159,1574,3,0.28623566031455994,0.031076502054929733,-0.9524663686752319
1855,32625,16653,590,2,0.28741171956062317,0.03289192169904709,0.19799064099788666
1856,32645,21221,1,2,0.28475919365882874,0.03699319064617157,3.123932123184204
1857,32647,22021,615,2,0.2830389142036438,0.03432205319404602,0.27418115735054016
1858,32657,22980,448,3,0.284725546836853,0.03319355845451355,0.5270453691482544
1859,32663,21736,11,2,0.28516244888305664,0.036974336951971054,1.6751463413238525
1860,32711,10875,73,2,0.2852226197719574,0.03578147292137146,1.3376256227493286
1861,32730,9569,273,2,0.28396299481391907,0.036348529160022736,0.8886657953262329
1862,32772,11125,983,5,0.28367435932159424,0.03286731243133545,-0.03849783539772034
1863,32847,10411,957,2,0.2844110429286957,0.03191952407360077,-0.07096602022647858
1864,32860,22973,1318,1,0.28082752227783203,0.029489636421203613,-0.5563183426856995
1865,32861,14261,1392,1,0.2812754213809967,0.03452598303556442,-0.4677615165710449
1866,32878,19231,4,2,0.2849136292934418,0.036871328949928284,2.488058090209961
1867,32882,16612,773,3,0.28328999876976013,0.03314163163304329,0.07297126948833466
1868,32913,22144,687,4,0.2865849435329437,0.03340017795562744,0.22334283590316772
1869,32923,22968,593,2,0.28527846932411194,0.03242788463830948,0.1867889165878296
1870,32956,21060,1237,1,0.28389737010002136,0.032343413680791855,-0.3397287130355835
1871,32965,21982,1469,2,0.2859072983264923,0.03303832933306694,-0.6476710438728333
1872,32989,17231,1,3,0.2868070900440216,0.03462069481611252,2.4489359855651855
1873,32993,21263,640,2,0.2842041850090027,0.03465326130390167,0.16745823621749878
1874,33001,20050,2,1,0.28282925486564636,0.03532310202717781,2.9039697647094727
1875,33026,21096,93,1,0.2825988233089447,0.03436444699764252,1.1735444068908691
1876,33027,22997,1181,2,0.2833380699157715,0.030570443719625473,-0.2589789628982544
1877,33042,22032,592,2,0.2844633162021637,0.03335953876376152,0.37658247351646423
1878,33066,20084,791,2,0.2855115532875061,0.03246098756790161,0.12517264485359192
1879,33067,23027,1766,3,0.27945005893707275,0.029098618775606155,-2.0210065841674805
1880,33092,19364,346,2,0.28349384665489197,0.03988278657197952,0.6683177351951599
1881,33093,6874,1327,2,0.2842569053173065,0.032037898898124695,-0.38275057077407837
1882,33102,15006,1378,3,0.2873486578464508,0.03287074342370033,-0.4615741968154907
1883,33114,22334,147,2,0.28525295853614807,0.034534335136413574,1.039367437362671
1884,33120,13707,464,2,0.2826541066169739,0.03447999432682991,0.40039414167404175
1885,33146,19786,113,3,0.2852087914943695,0.03296631574630737,1.133468747138977
1886,33151,6923,1114,2,0.28313928842544556,0.029353152960538864,-0.2037159502506256
1887,33158,21568,492,2,0.2832637429237366,0.03369906544685364,0.40592849254608154
1888,33184,22777,673,2,0.2843308746814728,0.031987305730581284,0.05423297733068466
1889,33196,6952,8,2,0.28399842977523804,0.03541070967912674,2.067277431488037
1890,33226,17424,1757,2,0.2835533320903778,0.03445306420326233,-2.2125155925750732
1891,33248,11477,308,2,0.28193211555480957,0.041955191642045975,0.7203538417816162
1892,33281,17232,95,2,0.2850407063961029,0.0363810695707798,1.3452304601669312
1893,33283,21218,427,2,0.28473585844039917,0.04026860371232033,0.6051040887832642
1894,33286,19384,1392,1,0.28209102153778076,0.032667335122823715,-0.496991366147995
1895,33324,9209,700,2,0.28437528014183044,0.033908262848854065,0.27622145414352417
1896,33356,21161,1098,6,0.2835034430027008,0.03463089093565941,-0.07031992077827454
1897,33372,22805,1065,2,0.2844618856906891,0.03176542744040489,-0.18937793374061584
1898,33383,13315,331,3,0.2853849530220032,0.033328063786029816,0.6778395771980286
1899,33417,7080,1,2,0.28386810421943665,0.038931265473365784,3.890192985534668
1900,33516,10469,21,3,0.2859244644641876,0.03376803919672966,1.3219538927078247
1901,33574,22401,1080,3,0.28620970249176025,0.02947726845741272,-0.19126063585281372
1902,33581,20084,845,2,0.28310173749923706,0.031685344874858856,0.014352299273014069
1903,33614,21230,63,2,0.28901195526123047,0.03414132446050644,1.398484468460083
1904,33619,22957,312,2,0.2850790023803711,0.03388689458370209,0.6622868180274963
1905,33665,13485,1120,2,0.2856782376766205,0.0311146080493927,-0.1721307635307312
1906,33668,15212,4,1,0.28011518716812134,0.04077146574854851,2.7346768379211426
1907,33693,22973,146,3,0.2856762111186981,0.03419884666800499,1.001405954360962
1908,33694,22273,1230,2,0.2843766510486603,0.033463865518569946,-0.3608890771865845
1909,33695,16653,380,2,0.28390923142433167,0.03311772644519806,0.6060011386871338
1910,33723,14172,404,4,0.2835177183151245,0.03725123405456543,0.607223629951477
1911,33747,22701,326,8,0.28310900926589966,0.03307035192847252,0.705689013004303
1912,33764,20688,528,2,0.28119218349456787,0.03888804465532303,0.3606714606285095
1913,33794,22853,1020,3,0.2836091220378876,0.03497515991330147,-0.14012788236141205
1914,33824,20518,1246,4,0.2829732596874237,0.03021591529250145,-0.2523157596588135
1915,33846,16539,8,4,0.2836720049381256,0.03336051106452942,1.684833288192749
1916,33850,22932,1363,2,0.28270161151885986,0.03015923500061035,-0.4671829342842102
1917,33868,18884,1061,3,0.28735649585723877,0.02958342805504799,-0.06493304669857025
1918,33870,7460,393,2,0.28580737113952637,0.03566770255565643,0.5799111127853394
1919,33891,22515,260,1,0.28388309478759766,0.03302391618490219,0.7951781153678894
1920,33923,22776,1,2,0.28319746255874634,0.036822639405727386,3.520786762237549
1921,33930,7514,320,2,0.28397566080093384,0.03270493075251579,0.6772263050079346
1922,33944,18094,166,2,0.2806783616542816,0.03235507011413574,0.9055426120758057
1923,33959,23032,70,3,0.2836126387119293,0.0376909002661705,1.3332874774932861
1924,33964,14075,308,2,0.2869192361831665,0.03488042950630188,0.6777070760726929
1925,33965,22095,3,5,0.28390249609947205,0.03650718182325363,2.8223133087158203
1926,33997,19251,3,3,0.2834393084049225,0.03542841225862503,2.3812644481658936
1927,33999,21906,1,2,0.28303417563438416,0.040463365614414215,1.4322757720947266
1928,34122,22996,136,2,0.28479933738708496,0.03425917401909828,1.0029078722000122
1929,34124,23011,382,2,0.28522300720214844,0.03364596143364906,0.5582070350646973
1930,34151,22878,639,3,0.2847761809825897,0.031467437744140625,0.2955437898635864
1931,34161,17138,41,2,0.2842075228691101,0.0364481657743454,1.59572172164917
1932,34196,20180,176,3,0.2837507426738739,0.033023931086063385,0.755975067615509
1933,34217,21626,1524,2,0.28605976700782776,0.03142557293176651,-0.8375971913337708
1934,34221,20362,983,2,0.28422531485557556,0.03183989226818085,-0.15421028435230255
1935,34276,14861,109,2,0.28655481338500977,0.03257889300584793,1.0029276609420776
1936,34351,20549,745,3,0.28619930148124695,0.03275948017835617,-0.012382730841636658
1937,34361,20411,862,2,0.2844994068145752,0.03279399871826172,0.06489605456590652
1938,34363,18146,153,2,0.2862568199634552,0.03292421996593475,0.9930837750434875
1939,34366,13989,12,2,0.2855072617530823,0.03386953845620155,1.7806167602539062
1940,34381,22941,672,5,0.28386765718460083,0.032921358942985535,0.24950680136680603
1941,34459,21206,23,3,0.28357094526290894,0.03800475224852562,1.588273525238037
1942,34477,19825,2,2,0.28576159477233887,0.033443354070186615,2.1622681617736816
1943,34478,15519,1152,1,0.2825028598308563,0.03244661167263985,-0.33818018436431885
1944,34491,22834,137,2,0.2841540277004242,0.03307536616921425,0.9759521484375
1945,34521,15894,951,3,0.2857135534286499,0.03335382044315338,-0.053986966609954834
1946,34522,9014,198,2,0.2872994542121887,0.035570040345191956,1.0638628005981445
1947,34529,16799,241,2,0.28552624583244324,0.03303484991192818,0.8923580646514893
1948,34534,16661,253,2,0.2861206531524658,0.03344538062810898,0.816331148147583
1949,34544,22997,531,2,0.28599026799201965,0.033266134560108185,0.3920699954032898
1950,34565,20711,400,5,0.2808033227920532,0.035229265689849854,0.5743770003318787
1951,34598,14215,1228,6,0.28388074040412903,0.03239990025758743,-0.24429041147232056
1952,34606,22996,245,2,0.28631967306137085,0.032728493213653564,0.7919090390205383
1953,34609,13693,1,2,0.28213727474212646,0.0457405149936676,2.005743980407715
1954,34618,20792,649,2,0.28601881861686707,0.032386407256126404,0.28612422943115234
1955,34631,10393,1236,2,0.28377261757850647,0.034754104912281036,-0.289783775806427
1956,34636,8171,820,2,0.2854066789150238,0.034106817096471786,0.16443294286727905
1957,34643,17369,14,3,0.2818993628025055,0.03921421617269516,1.5586944818496704
1958,34659,19415,14,2,0.2857084572315216,0.0347994863986969,2.1032447814941406
1959,34670,10580,22,2,0.2847767472267151,0.03460998088121414,1.4378786087036133
1960,34691,23018,1091,2,0.28210464119911194,0.030248891562223434,-0.19575724005699158
1961,34714,11970,471,2,0.2842620313167572,0.03589928150177002,0.5185027122497559
1962,34776,12981,480,2,0.2854233384132385,0.031157108023762703,0.5120995044708252
1963,34831,23021,123,2,0.2848565876483917,0.0349537618458271,1.0904861688613892
1964,34833,18069,69,2,0.28496837615966797,0.03562153875827789,1.1208115816116333
1965,34845,8398,455,4,0.2863282859325409,0.03341708332300186,0.46787524223327637
1966,34849,15381,354,3,0.28381118178367615,0.03332436829805374,0.5685699582099915
1967,34858,21757,74,2,0.28357213735580444,0.03795306384563446,1.1458251476287842
1968,34891,22228,635,1,0.2794818580150604,0.030406078323721886,0.19320490956306458
1969,34964,18291,496,2,0.28593310713768005,0.033028241246938705,0.48937270045280457
1970,34971,8529,122,2,0.2851600646972656,0.03520292043685913,1.1580865383148193
1971,34978,11648,86,3,0.28319811820983887,0.03697378188371658,1.0656554698944092
1972,34980,22958,556,2,0.28187090158462524,0.03264925256371498,0.3095654249191284
1973,35001,17817,5,3,0.28510168194770813,0.03843223676085472,2.516904830932617
1974,35011,21459,818,2,0.28662943840026855,0.03571215644478798,0.1608891487121582
1975,35071,12749,290,3,0.2866581380367279,0.035243768244981766,0.6912612915039062
1976,35078,17021,1723,2,0.2862010598182678,0.030312329530715942,-1.2469065189361572
1977,35096,21789,13,2,0.2849254906177521,0.03658452257514,1.4715675115585327
1978,35195,23029,356,2,0.2835807204246521,0.03175616264343262,0.6142531633377075
1979,35201,22610,118,2,0.28496837615966797,0.034615132957696915,0.9155478477478027
1980,35213,18430,574,2,0.2866266071796417,0.03300245851278305,0.336575448513031
1981,35271,21992,574,2,0.2843473255634308,0.032610341906547546,0.32178226113319397
1982,35273,8916,479,6,0.2876545786857605,0.03381584212183952,0.5407233238220215
1983,35276,21803,421,2,0.28442227840423584,0.032557930797338486,0.4674060046672821
1984,35300,15323,1046,2,0.28614920377731323,0.032337792217731476,-0.17593863606452942
1985,35308,16303,933,2,0.2842666506767273,0.03546611964702606,0.08975647389888763
1986,35322,19052,482,4,0.28391700983047485,0.033453214913606644,0.5123698115348816
1987,35328,20746,1221,3,0.28384673595428467,0.03349042311310768,-0.31433790922164917
1988,35336,18362,252,2,0.2861226499080658,0.0351843535900116,0.8861456513404846
1989,35344,15932,186,3,0.28490152955055237,0.03391528129577637,0.8852137923240662
1990,35386,21751,8,1,0.2824360132217407,0.035197291523218155,2.6801412105560303
1991,35402,19647,1367,1,0.2829574942588806,0.03209913149476051,-0.46278804540634155
1992,35404,21326,280,3,0.2857060432434082,0.033531203866004944,0.6980684995651245
1993,35412,20158,41,2,0.28249654173851013,0.03606477379798889,1.6714476346969604
1994,35443,23006,1371,4,0.2853912115097046,0.03172367811203003,-0.48526421189308167
1995,35463,12626,1717,1,0.28024181723594666,0.029112976044416428,-1.3277097940444946
1996,35466,22603,824,2,0.2843908965587616,0.030608542263507843,0.10802465677261353
1997,35477,19652,1595,2,0.28284355998039246,0.03260771930217743,-0.8298209309577942
1998,35489,16546,1349,2,0.28535565733909607,0.030485330149531364,-0.3999016284942627
1999,35530,15398,215,2,0.28615984320640564,0.0326063372194767,0.8688541650772095
2000,35532,13811,166,3,0.28619274497032166,0.0353117436170578,0.9894100427627563
2001,35543,21272,1144,2,0.28372156620025635,0.029352374374866486,-0.20219995081424713
2002,35560,21703,2,3,0.281370609998703,0.04499403387308121,2.248070001602173
2003,35622,15215,623,2,0.280254602432251,0.033953383564949036,0.24435144662857056
2004,35627,22073,75,1,0.2832619249820709,0.03744944557547569,1.2527376413345337
2005,35685,12544,754,2,0.2860385775566101,0.0344291552901268,0.14314042031764984
2006,35705,15633,387,3,0.2838708162307739,0.03209806606173515,0.5738575458526611
2007,35707,15339,360,2,0.28485801815986633,0.03320905566215515,0.4324761927127838
2008,35710,23018,1097,1,0.2805054783821106,0.02872692421078682,-0.22758270800113678
2009,35716,18548,112,2,0.2868533432483673,0.034569188952445984,1.5457879304885864
2010,35780,21939,599,2,0.2860478162765503,0.0326317697763443,0.2822163999080658
2011,35798,12421,831,2,0.2859920859336853,0.034423310309648514,-0.1451767385005951
2012,35832,12125,204,2,0.28194424510002136,0.03325828164815903,0.8651944994926453
2013,35860,19769,655,2,0.2841624915599823,0.03227510303258896,0.41249245405197144
2014,35898,12221,293,2,0.2846887409687042,0.033640168607234955,0.7275391221046448
2015,35937,10583,398,2,0.2853603661060333,0.0339202806353569,0.6090012788772583
2016,35991,22929,972,2,0.2822514772415161,0.03057342767715454,-0.128603994846344
2017,35995,20273,124,3,0.28358420729637146,0.03600004315376282,1.0293339490890503
2018,36004,21757,266,3,0.2851191759109497,0.03655418008565903,0.7701011300086975
2019,36031,22924,360,2,0.28417688608169556,0.03314930200576782,0.5766831636428833
2020,36066,21238,6,3,0.28159981966018677,0.04134538024663925,1.419124722480774
2021,36068,21677,886,2,0.2842692732810974,0.03212624788284302,0.07660944759845734
2022,36092,22144,105,2,0.28715309500694275,0.0342145711183548,1.011163353919983
2023,36170,17476,1531,2,0.2839828431606293,0.031435709446668625,-0.7326408624649048
2024,36229,13928,196,5,0.28499722480773926,0.03516889363527298,0.9546768665313721
2025,36231,11058,551,2,0.2846038341522217,0.032690294086933136,0.38645607233047485
2026,36243,22545,1429,2,0.28556227684020996,0.03255971521139145,-0.5106270909309387
2027,36270,15520,21,3,0.28787440061569214,0.036016516387462616,2.4749860763549805
2028,36291,10381,1178,2,0.2841308116912842,0.030871156603097916,-0.30289244651794434
2029,36303,19375,111,2,0.2833654582500458,0.0359133742749691,1.1466363668441772
2030,36315,10954,1571,2,0.28543391823768616,0.03315874561667442,-1.0406745672225952
2031,36348,22125,847,1,0.28096869587898254,0.034429702907800674,0.04781147837638855
2032,36351,20827,127,2,0.285290002822876,0.03408819064497948,1.1312592029571533
2033,36363,22945,248,2,0.2826687693595886,0.03368571028113365,0.6545730829238892
2034,36412,22746,299,3,0.28338828682899475,0.03381926193833351,0.598985493183136
2035,36417,10615,817,1,0.28225767612457275,0.033667899668216705,0.1400572806596756
2036,36430,22721,1417,2,0.2847072184085846,0.03040165826678276,-0.5218853950500488
2037,36464,11254,554,2,0.2857806384563446,0.03451556712388992,0.37745827436447144
2038,36473,15367,46,2,0.2844393849372864,0.03254079818725586,1.3343864679336548
2039,36511,23012,570,2,0.28588685393333435,0.032462649047374725,0.29967615008354187
2040,36514,14918,1,4,0.28402256965637207,0.0366104319691658,2.834249973297119
2041,36634,20046,429,2,0.28373733162879944,0.031162463128566742,0.5387064218521118
2042,36668,21789,76,1,0.2823631167411804,0.041286781430244446,1.2307804822921753
2043,36705,23016,855,3,0.2878496050834656,0.03231844678521156,0.12894229590892792
2044,36812,20680,171,1,0.2816981077194214,0.03309450298547745,1.0666372776031494
2045,36865,22853,1536,3,0.2801375985145569,0.030160624533891678,-0.7885092496871948
2046,36879,19112,6,2,0.2830165922641754,0.04145456850528717,2.4327926635742188
2047,36972,22700,716,2,0.28560304641723633,0.03466188907623291,0.3038264214992523
2048,37083,16008,16,2,0.28757116198539734,0.03740837424993515,1.6060009002685547
2049,37086,23009,123,6,0.28550392389297485,0.033629052340984344,1.2001303434371948
2050,37137,14480,1169,2,0.28438183665275574,0.031766392290592194,-0.21578717231750488
2051,37195,22928,1322,2,0.27915164828300476,0.0294948797672987,-0.4629104435443878
2052,37218,20228,19,4,0.2845868468284607,0.03934727981686592,1.364212989807129
2053,37222,21053,617,2,0.2846846878528595,0.03175939992070198,0.19559939205646515
2054,37239,22929,970,1,0.28323453664779663,0.03380301594734192,-0.04976470768451691
2055,37285,22790,488,1,0.28229671716690063,0.03361610323190689,0.47058621048927307
2056,37293,18675,1459,2,0.28574466705322266,0.032386794686317444,-0.6151478886604309
2057,37294,22144,254,2,0.28473588824272156,0.03347717970609665,0.7919815182685852
2058,37314,19449,1,2,0.2845378518104553,0.037579070776700974,3.9476730823516846
2059,37352,15148,845,2,0.28529593348503113,0.03242943435907364,0.0723482072353363
2060,37441,20929,117,3,0.28232240676879883,0.03603139519691467,1.1036089658737183
2061,37533,17157,335,1,0.2831656038761139,0.03309894725680351,0.6785364747047424
2062,37580,20473,54,2,0.2831963896751404,0.032756607979536057,1.4996246099472046
2063,37593,12819,895,2,0.28485655784606934,0.03167227655649185,-0.004332318902015686
2064,37619,15342,11,5,0.28283223509788513,0.03807976096868515,2.5325002670288086
2065,37657,21380,626,1,0.28376662731170654,0.03264569118618965,0.2966994643211365
2066,37684,20070,342,3,0.285413920879364,0.03382669389247894,0.7158676981925964
2067,37691,22808,38,2,0.2830349802970886,0.035604409873485565,1.6452879905700684
2068,37702,20522,1740,2,0.2834649085998535,0.03141288459300995,-1.945746660232544
2069,37741,20579,23,2,0.2823813557624817,0.03760271519422531,1.9813274145126343
2070,37749,21078,70,1,0.2825276255607605,0.03343351185321808,1.3580255508422852
2071,37753,17748,77,3,0.28261226415634155,0.040185749530792236,1.1561647653579712
2072,37762,23023,1112,2,0.2858430743217468,0.03056275099515915,-0.22066478431224823
2073,37764,14774,952,1,0.2809257209300995,0.03275487199425697,0.031194299459457397
2074,38156,22929,411,2,0.2860088348388672,0.03317055106163025,0.581598162651062
2075,38264,19559,33,1,0.28143468499183655,0.034883052110672,1.6870299577713013
2076,38300,22053,356,2,0.285569429397583,0.03239276260137558,0.6066079139709473
2077,38372,22979,54,1,0.2811928391456604,0.03479867801070213,1.387259602546692
2078,38387,18180,1131,1,0.2844519019126892,0.03226565569639206,-0.18588471412658691
2079,38440,21080,106,2,0.28492632508277893,0.035043515264987946,1.2577507495880127
2080,38543,21824,1350,2,0.2839694023132324,0.031259696930646896,-0.4334965944290161
2081,38579,16801,1091,2,0.2840147018432617,0.03189096599817276,-0.20011171698570251
2082,38662,22526,113,2,0.2850334644317627,0.034758806228637695,1.1107780933380127
2083,38671,23002,99,2,0.28320032358169556,0.035810403525829315,1.1985130310058594
2084,38691,22132,118,2,0.28426000475883484,0.036400869488716125,1.0964841842651367
2085,38703,20057,153,2,0.28403589129447937,0.034127701073884964,1.0180875062942505
2086,38704,19121,10,2,0.2821819484233856,0.03802836686372757,2.5076897144317627
2087,38757,20758,237,2,0.2856557071208954,0.03387773782014847,0.7011587619781494
2088,38785,20850,18,2,0.2846122086048126,0.0366889089345932,2.0166215896606445
2089,38822,21902,85,2,0.2860713005065918,0.03451485559344292,1.055645227432251
2090,38860,22681,236,1,0.2827772796154022,0.03627888858318329,0.7661293148994446
2091,38886,15708,864,3,0.28533968329429626,0.030661877244710922,0.0009476616978645325
2092,38903,21460,3,2,0.2847613990306854,0.03889448195695877,4.397408485412598
2093,38938,20376,1,1,0.28167757391929626,0.034407839179039,3.4659273624420166
2094,39254,22790,1342,3,0.2849767208099365,0.031062211841344833,-0.3361780643463135
