row_id,user,target,rank,history_length,predicted_stay,target_stay_similarity,target_score
0,0,5458,30,1,0.33523112535476685,0.045247554779052734,1.6192411184310913
1,5,18349,1248,10,0.3354606330394745,0.03228074312210083,-1.1056402921676636
2,8,798,784,4,0.3368655741214752,0.035557255148887634,-0.2529466152191162
3,21,16785,879,1,0.33471667766571045,0.033751390874385834,-0.36781713366508484
4,28,18103,184,5,0.33545196056365967,0.03464844822883606,0.8156735897064209
5,31,800,81,3,0.33556923270225525,0.03607258200645447,1.321494460105896
6,54,16989,275,6,0.33756375312805176,0.03670746460556984,0.7212748527526855
7,55,10102,1062,4,0.3372040092945099,0.031205367296934128,-0.6140918135643005
8,56,14613,709,2,0.33465176820755005,0.032774023711681366,-0.15472526848316193
9,80,7551,349,3,0.33436861634254456,0.0342940017580986,0.3005824685096741
10,99,1431,26,5,0.33528050780296326,0.03424619138240814,1.9799702167510986
11,122,18060,278,5,0.33563748002052307,0.03355022519826889,0.6083181500434875
12,150,5838,177,2,0.33492767810821533,0.034044235944747925,0.9013673067092896
13,164,8,503,3,0.3345918655395508,0.035101477056741714,0.17289471626281738
14,165,8,354,5,0.3352670967578888,0.03441275283694267,0.5110546350479126
15,167,8,299,5,0.33613359928131104,0.0380825474858284,0.5757942795753479
16,168,18315,4,2,0.3346114456653595,0.03675374388694763,2.8058433532714844
17,169,18131,36,10,0.33587971329689026,0.03900523483753204,1.6794846057891846
18,171,18315,1,10,0.3352159559726715,0.0367177352309227,3.1379008293151855
19,172,8,135,7,0.33568164706230164,0.03709705173969269,1.1291179656982422
20,173,18347,1276,10,0.3357824981212616,0.03312612697482109,-1.3386181592941284
21,174,8,29,6,0.33710038661956787,0.03737699240446091,1.85919189453125
22,175,18277,504,2,0.3353182077407837,0.03868148475885391,0.18212322890758514
23,176,18277,92,10,0.3355359435081482,0.03728631138801575,1.173191785812378
24,177,8,81,6,0.3369569480419159,0.03670087829232216,1.2255356311798096
25,178,8,154,10,0.33518263697624207,0.03748748078942299,0.9129475355148315
26,184,14630,107,10,0.33543333411216736,0.03550993278622627,1.3023269176483154
27,188,16043,725,3,0.3342854082584381,0.033530935645103455,-0.1482509970664978
28,195,6753,12,10,0.3348817825317383,0.033821094781160355,2.2978997230529785
29,196,17024,80,3,0.3344123661518097,0.03278949111700058,1.1533904075622559
30,213,11,356,3,0.3352958559989929,0.03817751631140709,0.4845946133136749
31,217,12,305,2,0.3343082368373871,0.03626593202352524,0.5380296111106873
32,226,17943,1267,3,0.3362991511821747,0.0365796834230423,-1.1119626760482788
33,229,7621,166,5,0.3354904353618622,0.03627610579133034,0.9830095171928406
34,269,15737,694,4,0.33668550848960876,0.035299722105264664,-0.05277568846940994
35,277,18179,238,2,0.33441048860549927,0.03470158576965332,0.7153646945953369
36,289,1736,1109,3,0.33564507961273193,0.0334232822060585,-0.7820506691932678
37,303,14464,210,6,0.3360956907272339,0.03487175330519676,0.785196840763092
38,315,7129,243,4,0.3365718126296997,0.03462744504213333,0.8165438771247864
39,321,10682,982,2,0.33370986580848694,0.031858157366514206,-0.5670539736747742
40,347,14009,600,3,0.3344006836414337,0.0322234146296978,0.025569744408130646
41,383,12643,1,1,0.335015207529068,0.03674323111772537,4.476715564727783
42,406,15569,323,3,0.3354458212852478,0.03677654638886452,0.5801258087158203
43,408,13719,87,10,0.33557257056236267,0.03642359748482704,1.5321887731552124
44,414,17566,94,2,0.33427026867866516,0.03191288560628891,1.2494628429412842
45,416,18194,1069,2,0.3346029222011566,0.03304444998502731,-0.713961660861969
46,421,17961,911,10,0.3356941342353821,0.03456498309969902,-0.34162837266921997
47,450,8854,30,4,0.33737871050834656,0.0366644486784935,1.8663604259490967
48,475,17335,128,3,0.33461180329322815,0.035714246332645416,1.0371007919311523
49,476,18030,488,7,0.33543580770492554,0.035294849425554276,0.2739394009113312
50,480,10293,436,2,0.33424317836761475,0.03635459765791893,0.2951289713382721
51,484,13676,129,9,0.33666113018989563,0.033941250294446945,1.1833231449127197
52,493,6200,159,2,0.333945095539093,0.03280314430594444,0.9305357933044434
53,508,4080,434,6,0.3364972770214081,0.0341460183262825,0.31303462386131287
54,542,1429,720,2,0.33512362837791443,0.04149498790502548,-0.09007379412651062
55,555,4208,991,6,0.33676275610923767,0.03324361890554428,-0.5181909203529358
56,571,18320,932,10,0.3353866636753082,0.03574032709002495,-0.44593751430511475
57,573,18227,469,3,0.33549585938453674,0.03491377830505371,0.2657344937324524
58,586,18320,412,7,0.3352699875831604,0.03503003716468811,0.30568167567253113
59,611,7159,206,8,0.3385368287563324,0.03526363521814346,0.7954083681106567
60,617,18261,79,3,0.3361418545246124,0.03701126202940941,1.424764633178711
61,621,18274,668,10,0.33520856499671936,0.03286705166101456,-0.11634864658117294
62,625,2943,515,2,0.33408254384994507,0.03322352468967438,0.1498604416847229
63,642,18250,311,5,0.33556684851646423,0.035598136484622955,0.45842209458351135
64,658,18274,574,6,0.3372800648212433,0.032403428107500076,0.08144433796405792
65,660,18307,981,3,0.33484214544296265,0.03586995601654053,-0.4578210711479187
66,670,2424,1179,2,0.33462321758270264,0.03441114351153374,-0.8953039646148682
67,698,4462,139,2,0.3343116044998169,0.03468410670757294,0.9805362224578857
68,700,17980,806,2,0.3338153064250946,0.033643901348114014,-0.22005528211593628
69,701,8366,322,4,0.3362734615802765,0.034480053931474686,0.40526920557022095
70,704,15305,1252,3,0.3347395658493042,0.032548416405916214,-1.0723258256912231
71,719,16458,1024,7,0.3356521427631378,0.03153719753026962,-0.5451899170875549
72,724,18307,405,3,0.3349233567714691,0.03766912221908569,0.3181611895561218
73,730,13476,657,2,0.3342759311199188,0.03175642341375351,-0.06279081851243973
74,736,11979,362,4,0.33641108870506287,0.03589208796620369,0.6174932718276978
75,737,18306,281,10,0.3353757858276367,0.036830101162195206,0.5964593887329102
76,738,12035,820,2,0.3342270851135254,0.03407623618841171,-0.23285195231437683
77,754,607,1001,4,0.33602428436279297,0.03408237174153328,-0.5332333445549011
78,755,845,981,2,0.33470338582992554,0.03263021260499954,-0.534121572971344
79,757,2045,7,3,0.3360820412635803,0.03958367183804512,2.5350987911224365
80,767,12901,1102,5,0.335638165473938,0.0346069298684597,-0.7091277241706848
81,816,17881,10,6,0.3371969163417816,0.03569115698337555,2.8349623680114746
82,836,13323,379,2,0.33527106046676636,0.03726525977253914,0.4021334946155548
83,852,1869,2,10,0.3357357084751129,0.03848843276500702,3.9810869693756104
84,855,7522,21,6,0.3373699486255646,0.035970669239759445,2.5448312759399414
85,869,18285,438,4,0.3367004990577698,0.03372272104024887,0.3701522946357727
86,873,514,1,6,0.337027370929718,0.038910262286663055,3.525667905807495
87,874,7572,363,2,0.33476483821868896,0.03502383828163147,0.6405888795852661
88,916,1451,916,2,0.334399551153183,0.03424905985593796,-0.4131324291229248
89,945,17943,52,5,0.33636024594306946,0.038411982357501984,1.7456319332122803
90,954,47,640,2,0.335030198097229,0.03511940687894821,-0.05334329605102539
91,958,5969,154,2,0.3344970643520355,0.03463002294301987,0.892404317855835
92,1001,13086,378,1,0.33478620648384094,0.039278462529182434,0.43082159757614136
93,1008,50,234,2,0.33469483256340027,0.03515367954969406,0.6281492114067078
94,1021,51,1113,3,0.3344995379447937,0.03349544480443001,-0.7723618745803833
95,1029,18356,636,9,0.33773893117904663,0.0349380187690258,0.01107187569141388
96,1040,16920,211,2,0.33484068512916565,0.036035336554050446,0.7778893113136292
97,1088,58,67,2,0.3344169855117798,0.036569394171237946,1.2461272478103638
98,1107,11876,941,3,0.33559340238571167,0.030327951535582542,-0.41301867365837097
99,1111,18290,598,4,0.3375719487667084,0.034523073583841324,0.05977514386177063
100,1112,18330,32,2,0.3340689539909363,0.03437282517552376,1.5289700031280518
101,1140,1270,702,2,0.3336341977119446,0.03399444743990898,-0.08796590566635132
102,1147,9419,297,2,0.3351987898349762,0.03864995017647743,0.6442956924438477
103,1150,18287,307,10,0.33536088466644287,0.03318445011973381,0.4796363115310669
104,1152,18091,868,2,0.3344544768333435,0.03586563467979431,-0.35918083786964417
105,1154,9402,620,4,0.33661049604415894,0.03613215312361717,0.022948376834392548
106,1158,17943,1252,3,0.33442118763923645,0.03319261968135834,-1.0769017934799194
107,1159,18347,1184,4,0.33660709857940674,0.03242377191781998,-0.9107949733734131
108,1178,1784,221,2,0.3343692421913147,0.03515702486038208,0.7038657069206238
109,1188,17714,112,2,0.3350634276866913,0.0362120196223259,1.1827654838562012
110,1194,17090,70,2,0.33482158184051514,0.03392864763736725,1.4414262771606445
111,1197,18309,280,8,0.33834877610206604,0.0353534035384655,0.6097068786621094
112,1207,16414,525,3,0.3347002863883972,0.03384022414684296,0.12139984220266342
113,1211,64,1330,4,0.33683276176452637,0.030465345829725266,-1.679969310760498
114,1238,17086,742,3,0.33455443382263184,0.03173241391777992,-0.15265078842639923
115,1242,11385,212,3,0.3346678614616394,0.037272363901138306,0.70674729347229
116,1255,5718,1061,2,0.33531245589256287,0.036445118486881256,-0.6955201625823975
117,1273,7199,116,2,0.334683895111084,0.034493982791900635,1.052959680557251
118,1293,18261,638,4,0.33656397461891174,0.034463368356227875,-0.003040611743927002
119,1298,18272,926,3,0.334466814994812,0.03355039283633232,-0.41753876209259033
120,1300,17494,100,4,0.3372963070869446,0.036572933197021484,1.2532637119293213
121,1304,18280,134,3,0.33458441495895386,0.03545386716723442,0.9591320753097534
122,1308,7145,597,2,0.3349936306476593,0.03392276167869568,0.06501021981239319
123,1315,18347,1037,4,0.3370113670825958,0.03325817361474037,-0.6491216421127319
124,1331,18290,863,3,0.33547890186309814,0.03415512293577194,-0.372123658657074
125,1357,18307,1054,5,0.33507445454597473,0.03330325335264206,-0.6127438545227051
126,1361,18207,901,2,0.3353089690208435,0.03867678344249725,-0.3537482023239136
127,1366,10154,593,5,0.3353337049484253,0.03429859131574631,0.03789795935153961
128,1378,2470,1230,4,0.3371533155441284,0.03361329063773155,-0.9851024150848389
129,1389,7643,998,4,0.33776482939720154,0.031219054013490677,-0.5915533304214478
130,1394,17077,486,3,0.334841251373291,0.035382919013500214,0.14876268804073334
131,1404,18346,231,2,0.33521130681037903,0.033017732203006744,0.7890294790267944
132,1407,18271,438,5,0.3354952037334442,0.03528129309415817,0.2599922716617584
133,1414,18304,16,3,0.33410871028900146,0.03281257301568985,1.7589606046676636
134,1421,17409,1223,3,0.33469581604003906,0.03080027550458908,-1.0150810480117798
135,1430,10084,973,2,0.33404624462127686,0.03193283826112747,-0.47066694498062134
136,1440,18346,322,1,0.3353902995586395,0.035392649471759796,0.5522555708885193
137,1463,1710,528,9,0.33635976910591125,0.03361550718545914,0.146648108959198
138,1482,11166,150,5,0.33551672101020813,0.03451995551586151,0.9310863018035889
139,1502,17137,804,3,0.33544212579727173,0.03151623532176018,-0.26382046937942505
140,1513,254,428,4,0.3372483253479004,0.03245103359222412,0.3347286581993103
141,1514,16042,361,2,0.33423131704330444,0.036055222153663635,0.462507039308548
142,1527,4755,405,2,0.3344883620738983,0.033607982099056244,0.3917562663555145
143,1530,18287,232,6,0.3366236686706543,0.03322644531726837,0.725202739238739
144,1542,6290,516,3,0.3352804481983185,0.031443946063518524,0.23680967092514038
145,1543,6900,85,4,0.33696749806404114,0.03423211723566055,1.2459115982055664
146,1555,6355,327,7,0.3362385928630829,0.037749215960502625,0.47206777334213257
147,1573,17566,160,4,0.3361978530883789,0.03238408640027046,0.8457891345024109
148,1579,18030,648,4,0.3372490108013153,0.034237612038850784,-0.023037344217300415
149,1619,4638,871,3,0.3358306586742401,0.03364746645092964,-0.37378236651420593
150,1625,16793,446,10,0.336004376411438,0.03432397544384003,0.23892982304096222
151,1646,2727,269,2,0.33411791920661926,0.0343121737241745,0.6482604146003723
152,1657,8794,57,4,0.33662620186805725,0.034138619899749756,1.4121067523956299
153,1658,17962,159,3,0.33504268527030945,0.03475300967693329,0.9388415217399597
154,1673,15257,52,10,0.3360595405101776,0.03951437026262283,1.6765377521514893
155,1697,18237,1169,10,0.3355046808719635,0.0324205681681633,-0.9495934247970581
156,1706,3086,348,5,0.3362208604812622,0.03290548920631409,0.3655550479888916
157,1709,3743,1141,2,0.33350813388824463,0.03287949040532112,-0.7719392776489258
158,1776,101,286,3,0.3348996639251709,0.034405261278152466,0.77045738697052
159,1790,18272,62,10,0.33532464504241943,0.03599401190876961,1.2259358167648315
160,1791,101,158,5,0.3356078565120697,0.03520292416214943,1.0435872077941895
161,1811,12401,8,1,0.33371126651763916,0.03566211089491844,2.0689077377319336
162,1825,6669,625,6,0.336585134267807,0.03478015586733818,0.037614502012729645
163,1836,9935,929,2,0.33640000224113464,0.0406283438205719,-0.457541823387146
164,1858,12327,940,2,0.33453065156936646,0.032133057713508606,-0.5224719047546387
165,1864,108,1234,2,0.335379421710968,0.03399832919239998,-1.1209934949874878
166,1882,12872,127,7,0.33627378940582275,0.03906385973095894,1.052337408065796
167,1885,6041,756,3,0.33452799916267395,0.037058547139167786,-0.14814478158950806
168,1887,11230,1206,3,0.3355008065700531,0.031741105020046234,-0.9386600255966187
169,1898,18288,253,6,0.33636385202407837,0.032710544764995575,0.7016649842262268
170,1900,604,117,4,0.3370737135410309,0.03499813377857208,1.0420184135437012
171,1939,11149,1107,3,0.3343691825866699,0.03174750506877899,-0.7067657113075256
172,1947,17844,226,1,0.333061158657074,0.03249044343829155,0.8066871166229248
173,1960,9931,1030,3,0.33446404337882996,0.03376713767647743,-0.6013033390045166
174,1965,115,111,3,0.3346555233001709,0.03457238897681236,1.238777756690979
175,1978,5515,550,5,0.3350122570991516,0.0320531502366066,0.0967404842376709
176,2003,11676,6,10,0.33570531010627747,0.03422423452138901,2.465744972229004
177,2021,121,199,3,0.33494293689727783,0.034963831305503845,0.967746913433075
178,2026,4236,522,3,0.3348546326160431,0.03285977616906166,0.18670421838760376
179,2040,18237,676,6,0.3367486298084259,0.03465822711586952,-0.030415724962949753
180,2046,2321,612,3,0.336209774017334,0.03795401379466057,-0.04054146260023117
181,2047,10985,61,4,0.33817851543426514,0.03755098581314087,1.4227797985076904
182,2089,15543,1117,2,0.33528226613998413,0.032669566571712494,-0.761772871017456
183,2090,7838,439,4,0.3371095657348633,0.03413932025432587,0.27852416038513184
184,2112,7115,66,6,0.33713802695274353,0.03809821605682373,1.5669902563095093
185,2136,4673,2,2,0.33412468433380127,0.03627391904592514,3.203324794769287
186,2156,14449,104,2,0.3344888687133789,0.035981435328722,1.1335344314575195
187,2158,13983,1005,3,0.3355780243873596,0.03748477250337601,-0.5660263299942017
188,2169,186,440,4,0.3368988633155823,0.034530289471149445,0.2917589247226715
189,2202,804,25,3,0.3349910080432892,0.03639990836381912,1.7485562562942505
190,2203,11599,2,2,0.33406156301498413,0.03609555587172508,4.243113040924072
191,2226,18035,320,4,0.3373664915561676,0.03655989468097687,0.5140929818153381
192,2245,18298,298,4,0.3370533883571625,0.032333649694919586,0.5689340233802795
193,2249,18131,284,1,0.33455175161361694,0.037093307822942734,0.5843706130981445
194,2269,139,386,5,0.33507096767425537,0.032385747879743576,0.4330180585384369
195,2285,9624,1081,1,0.3344970941543579,0.028412941843271255,-0.7716283798217773
196,2298,10507,11,5,0.3364657461643219,0.03992196172475815,2.468174934387207
197,2302,2884,474,4,0.33709755539894104,0.035002075135707855,0.32470136880874634
198,2307,18292,85,2,0.3343018889427185,0.03341658040881157,1.2405786514282227
199,2334,1787,7,9,0.3365873694419861,0.03781541436910629,3.1078426837921143
200,2346,147,1,2,0.3351811468601227,0.041639573872089386,7.636366844177246
201,2347,147,786,9,0.33642005920410156,0.0362800657749176,-0.18641796708106995
202,2355,13716,28,2,0.3358323872089386,0.037311263382434845,1.7006185054779053
203,2372,379,21,3,0.3371022045612335,0.036858439445495605,1.8914427757263184
204,2376,5714,249,5,0.3356284499168396,0.03655222803354263,0.5661184787750244
205,2391,10506,6,4,0.33719995617866516,0.03613657131791115,3.134800910949707
206,2403,16646,401,2,0.3344573676586151,0.03127250075340271,0.38314059376716614
207,2404,18272,6,5,0.3366488516330719,0.03766117990016937,3.8261661529541016
208,2412,3114,199,6,0.337505042552948,0.03774329274892807,0.7554734349250793
209,2422,6013,6,2,0.3353966176509857,0.03739544004201889,2.4597008228302
210,2428,17715,1296,3,0.3366016745567322,0.03546583279967308,-1.4045379161834717
211,2444,8791,881,3,0.33508357405662537,0.03437976539134979,-0.4258040189743042
212,2456,16478,162,9,0.33608049154281616,0.03331894800066948,0.9242632389068604
213,2465,11627,27,10,0.33535683155059814,0.03381236270070076,1.8814332485198975
214,2470,18088,1270,5,0.3351786136627197,0.034613385796546936,-1.106915831565857
215,2497,7588,149,3,0.3351023197174072,0.03528273105621338,1.07689368724823
216,2505,16178,898,7,0.33681851625442505,0.04106786102056503,-0.3525809049606323
217,2508,1412,149,1,0.33371153473854065,0.033524177968502045,0.8682132363319397
218,2511,7518,11,2,0.33780035376548767,0.04318760707974434,2.6495048999786377
219,2546,12944,1029,6,0.33679839968681335,0.035665370523929596,-0.5558285713195801
220,2549,17179,418,3,0.334099680185318,0.03206001594662666,0.30876702070236206
221,2555,1255,986,4,0.3365170359611511,0.03310910239815712,-0.639060914516449
222,2576,15523,1158,4,0.33698558807373047,0.03406590595841408,-0.8307090997695923
223,2608,18280,375,5,0.3359300494194031,0.034754619002342224,0.4881633520126343
224,2615,719,17,2,0.33443036675453186,0.03525334224104881,1.9411845207214355
225,2622,13211,25,2,0.3357936143875122,0.03681998699903488,1.7519612312316895
226,2641,5073,334,5,0.3361828029155731,0.04038320109248161,0.525981068611145
227,2643,9111,602,1,0.3348167836666107,0.0382523387670517,-7.422082126140594e-05
228,2663,2701,800,2,0.333936870098114,0.03329191729426384,-0.2459462285041809
229,2664,17862,420,10,0.33537641167640686,0.033813074231147766,0.32210686802864075
230,2667,18131,1105,9,0.3366674482822418,0.03568945825099945,-0.7278885841369629
231,2677,183,487,5,0.33656933903694153,0.03709378093481064,0.3609873354434967
232,2708,2440,389,2,0.33476418256759644,0.03498540073633194,0.26606783270835876
233,2714,2889,353,2,0.3348654806613922,0.03568032383918762,0.46621498465538025
234,2720,9107,1198,2,0.3341163694858551,0.03528691828250885,-0.8419635891914368
235,2730,14579,233,4,0.33669593930244446,0.03444357588887215,0.6841322779655457
236,2775,4638,416,4,0.3367660939693451,0.03258899971842766,0.3573516011238098
237,2777,17856,540,10,0.3356592357158661,0.033850692212581635,0.1579100489616394
238,2784,16266,351,2,0.3350730836391449,0.036129944026470184,0.46680721640586853
239,2821,12212,39,2,0.3347584307193756,0.035945966839790344,1.755634069442749
240,2833,18337,150,5,0.3363289535045624,0.03729923814535141,1.0540441274642944
241,2845,18134,1253,2,0.3343855142593384,0.03151101619005203,-1.0872745513916016
242,2858,2179,509,3,0.33580872416496277,0.03624463081359863,0.18113300204277039
243,2859,2770,677,4,0.3378103971481323,0.03760924190282822,-0.10498268902301788
244,2870,5260,1137,2,0.33407795429229736,0.0323786586523056,-0.7752152681350708
245,2885,8431,682,4,0.33774009346961975,0.03935521841049194,-0.008937103673815727
246,2889,4313,113,2,0.3343566954135895,0.03484543785452843,1.1694262027740479
247,2898,5355,417,2,0.33402082324028015,0.03380653262138367,0.40053483843803406
248,2903,951,414,6,0.3373660445213318,0.03297789767384529,0.3964586555957794
249,2930,548,62,2,0.3352765738964081,0.034499235451221466,1.4304485321044922
250,2949,2424,969,2,0.33479800820350647,0.03605512157082558,-0.5086226463317871
251,2961,203,30,8,0.3385692834854126,0.03593070060014725,1.6859885454177856
252,2972,205,439,5,0.3353519141674042,0.03514081984758377,0.2697822153568268
253,2975,16243,768,5,0.3357672095298767,0.03311088681221008,-0.2517251670360565
254,2981,18159,763,2,0.33490830659866333,0.03272803872823715,-0.20788295567035675
255,2984,6979,13,3,0.3349767327308655,0.03574966639280319,2.0342001914978027
256,2997,4527,429,10,0.3351076543331146,0.03489261120557785,0.36160898208618164
257,3004,17961,1007,4,0.33709338307380676,0.03436405211687088,-0.531574547290802
258,3030,5593,605,10,0.3355903923511505,0.03487014025449753,0.0010704845190048218
259,3037,10168,88,3,0.33608701825141907,0.03707413375377655,1.362328052520752
260,3046,18200,478,6,0.33665019273757935,0.03325700759887695,0.15981261432170868
261,3077,18334,977,10,0.33542564511299133,0.03643198311328888,-0.5100015997886658
262,3106,4930,13,6,0.3362429440021515,0.034669190645217896,1.846289873123169
263,3113,14081,759,2,0.3343042731285095,0.03305087983608246,-0.20269259810447693
264,3128,8849,8,9,0.33608829975128174,0.03491271287202835,2.086855411529541
265,3145,16958,72,2,0.33334803581237793,0.03404561057686806,1.4117704629898071
266,3158,233,60,2,0.3342578411102295,0.03331313282251358,1.5923161506652832
267,3195,6097,234,5,0.3355320990085602,0.035273078829050064,0.6921625137329102
268,3198,17779,259,2,0.33408263325691223,0.03453295677900314,0.7685530185699463
269,3207,17605,1105,2,0.3345930576324463,0.03402204066514969,-0.7536848187446594
270,3250,11854,205,8,0.3386560082435608,0.03790410980582237,0.8683009147644043
271,3262,15370,57,2,0.33468058705329895,0.03602678328752518,1.525712013244629
272,3288,16014,411,2,0.33452388644218445,0.03294660151004791,0.39987510442733765
273,3301,15745,488,2,0.33383285999298096,0.033430397510528564,0.38037317991256714
274,3321,17098,504,1,0.3342137336730957,0.03439624607563019,0.2610379755496979
275,3329,14823,755,10,0.33551549911499023,0.03451640158891678,-0.1875605285167694
276,3330,13721,137,3,0.33461061120033264,0.03476462885737419,1.0074939727783203
277,3331,12873,189,9,0.3369031846523285,0.035989612340927124,0.9834293723106384
278,3334,17699,242,3,0.33540958166122437,0.03853153809905052,0.7377194762229919
279,3343,11332,403,2,0.3340647220611572,0.03333684802055359,0.5193470120429993
280,3363,13605,1185,5,0.3355860114097595,0.03546731173992157,-0.8568846583366394
281,3364,18083,573,3,0.335330992937088,0.03717152029275894,0.17676448822021484
282,3366,11572,13,4,0.3370055556297302,0.03743017464876175,1.9939720630645752
283,3374,10073,79,1,0.33403149247169495,0.03998509794473648,1.4360634088516235
284,3381,14970,59,3,0.3348715603351593,0.035084836184978485,1.3357082605361938
285,3389,7037,81,10,0.33547964692115784,0.034787509590387344,1.4202364683151245
286,3391,17951,225,2,0.3349616229534149,0.0392877459526062,0.9824389219284058
287,3392,5053,41,6,0.3365616500377655,0.03453901782631874,1.4084208011627197
288,3393,6337,254,2,0.3339513838291168,0.03439359366893768,0.8467651009559631
289,3402,2120,466,2,0.3345937132835388,0.033119603991508484,0.34338194131851196
290,3406,14864,989,2,0.3345056474208832,0.03608293831348419,-0.46923941373825073
291,3448,17787,147,10,0.3358512222766876,0.037919268012046814,1.1480475664138794
292,3453,8500,772,9,0.33671948313713074,0.033490318804979324,-0.15288129448890686
293,3463,15457,673,3,0.3348720967769623,0.03422682732343674,-0.05407021939754486
294,3477,17443,647,2,0.3350081443786621,0.03546698018908501,0.05983996391296387
295,3484,5294,1331,2,0.33539995551109314,0.03132578358054161,-1.6277270317077637
296,3492,4801,222,2,0.3348338305950165,0.035263169556856155,0.8415542244911194
297,3552,4211,217,10,0.3355177938938141,0.034361325204372406,0.8808005452156067
298,3553,4223,996,2,0.33467376232147217,0.03727224841713905,-0.6317775249481201
299,3556,8726,186,2,0.33434394001960754,0.03565509244799614,0.8816912770271301
300,3576,5100,45,4,0.336904913187027,0.03750837594270706,1.683683156967163
301,3580,18274,824,10,0.33489421010017395,0.032724495977163315,-0.26741480827331543
302,3589,15493,23,5,0.3352715075016022,0.03502434492111206,1.7236820459365845
303,3616,17951,100,10,0.33528247475624084,0.03720235079526901,1.1655057668685913
304,3652,9918,74,2,0.3342302441596985,0.035279810428619385,1.295292854309082
305,3653,18200,734,2,0.3342204988002777,0.03276953101158142,-0.1742563247680664
306,3656,5170,219,2,0.33389583230018616,0.0349557101726532,0.7997759580612183
307,3697,18014,351,5,0.33598294854164124,0.036033667623996735,0.6327494978904724
308,3703,16193,1213,2,0.33576229214668274,0.03388654813170433,-1.0272034406661987
309,3771,260,9,2,0.33453041315078735,0.036933138966560364,1.8824114799499512
310,3774,17477,943,4,0.3366090953350067,0.032807014882564545,-0.47022223472595215
311,3783,7607,780,2,0.3343549072742462,0.0307450033724308,-0.20056676864624023
312,3785,8120,176,3,0.3350285291671753,0.03442759066820145,0.9362953901290894
313,3819,16369,152,4,0.3366972804069519,0.03526829183101654,1.0170655250549316
314,3823,17814,32,3,0.33465826511383057,0.03391381725668907,1.4318740367889404
315,3828,3042,515,2,0.3337278664112091,0.03240066021680832,0.2166842818260193
316,3860,14357,2,3,0.334746390581131,0.034278735518455505,2.443728446960449
317,3862,7747,416,2,0.33416420221328735,0.03453148528933525,0.36153295636177063
318,3863,5444,49,3,0.3350006639957428,0.03618901968002319,1.4039890766143799
319,3895,2587,505,6,0.33668434619903564,0.03538568317890167,0.2948075532913208
320,3936,5680,396,5,0.335208922624588,0.03367380052804947,0.3696230947971344
321,3940,2453,35,2,0.33530253171920776,0.040950875729322433,1.7166365385055542
322,3954,9516,67,2,0.3347139060497284,0.035078857094049454,1.3351588249206543
323,3988,11969,325,3,0.3347006142139435,0.034455716609954834,0.5436463356018066
324,4001,9516,192,2,0.3347882330417633,0.0351572260260582,0.8591827750205994
325,4004,15311,568,3,0.33418479561805725,0.03319288045167923,0.16329559683799744
326,4024,1880,23,2,0.3347514271736145,0.03689614310860634,1.7251570224761963
327,4039,587,734,2,0.3350578248500824,0.03382095694541931,-0.03869028389453888
328,4041,16234,9,1,0.3352271020412445,0.03535079210996628,2.0344533920288086
329,4070,14500,733,9,0.3364165127277374,0.03365768492221832,-0.17619404196739197
330,4082,5170,114,4,0.33711740374565125,0.03703773766756058,1.2406529188156128
331,4083,2799,38,2,0.33398330211639404,0.034609586000442505,1.5227867364883423
332,4088,17462,190,9,0.3362904191017151,0.033888090401887894,0.9500548839569092
333,4107,8155,599,1,0.3345907926559448,0.03549586981534958,0.1454041451215744
334,4109,13126,153,3,0.3342277705669403,0.03354434669017792,0.8776978254318237
335,4116,251,627,4,0.3369459807872772,0.03675492852926254,-0.004345238208770752
336,4117,2404,833,2,0.33502328395843506,0.03657584264874458,-0.2630285620689392
337,4132,18150,631,4,0.33682748675346375,0.03422432020306587,0.014573381282389164
338,4217,1009,997,3,0.3350575566291809,0.03174814581871033,-0.6040381193161011
339,4223,11135,296,1,0.33357247710227966,0.03497903421521187,0.6145724654197693
340,4224,5213,34,1,0.3334616422653198,0.0352671854197979,1.560995101928711
341,4229,2947,751,3,0.3355916440486908,0.0348784513771534,-0.16438783705234528
342,4233,17331,4,2,0.3348364531993866,0.03602801263332367,2.7327470779418945
343,4237,18133,322,3,0.3352048695087433,0.034072138369083405,0.7022064924240112
344,4257,13506,466,2,0.3347235918045044,0.03359038382768631,0.3573089838027954
345,4275,8120,80,3,0.33487340807914734,0.03287191689014435,1.2535786628723145
346,4277,14960,1132,5,0.33607783913612366,0.03565727546811104,-0.768022894859314
347,4279,5583,1208,8,0.3387533128261566,0.0368913896381855,-0.9833939075469971
348,4286,12782,459,4,0.3367490768432617,0.03572923690080643,0.2798672020435333
349,4290,16494,1138,2,0.3342326283454895,0.03363175690174103,-0.7252982258796692
350,4310,13506,1172,3,0.3347161114215851,0.03329414129257202,-0.8580659627914429
351,4328,17853,267,1,0.3342629373073578,0.03745336830615997,0.7764328718185425
352,4335,18274,8,4,0.3370226323604584,0.03466528654098511,3.360098123550415
353,4340,2884,512,2,0.33483585715293884,0.034453555941581726,0.2798202931880951
354,4372,9615,1299,9,0.3363538384437561,0.03284841030836105,-1.4254231452941895
355,4426,270,149,2,0.33449113368988037,0.034857988357543945,0.9154442548751831
356,4521,278,76,9,0.33643701672554016,0.03388746827840805,1.1705598831176758
357,4542,9034,589,3,0.3353533446788788,0.034895628690719604,0.03532932326197624
358,4549,14448,475,6,0.33718341588974,0.035151030868291855,0.34345394372940063
359,4550,11542,1029,2,0.3356388807296753,0.032231345772743225,-0.548732578754425
360,4594,15021,549,6,0.3374452292919159,0.03305988758802414,0.17107288539409637
361,4618,17477,909,4,0.33662497997283936,0.03314576297998428,-0.43575334548950195
362,4690,17828,585,1,0.33479535579681396,0.039301227778196335,0.11445543169975281
363,4696,17862,930,6,0.336555540561676,0.03377704694867134,-0.41022297739982605
364,4712,8500,158,2,0.3346816897392273,0.03500659763813019,1.000666856765747
365,4715,17101,305,5,0.33580082654953003,0.03328626602888107,0.7840548753738403
366,4727,12207,54,3,0.3354485034942627,0.03808002918958664,1.4999265670776367
367,4737,15672,115,3,0.33450520038604736,0.036314014345407486,1.143662929534912
368,4744,16265,1078,4,0.33651915192604065,0.03204590082168579,-0.7414252758026123
369,4747,7994,498,2,0.3340940475463867,0.032633621245622635,0.17451629042625427
370,4751,6234,59,5,0.3357807993888855,0.03398505598306656,1.3046233654022217
371,4761,1568,12,4,0.3373962640762329,0.03503473103046417,2.209904909133911
372,4765,18288,536,2,0.3349810838699341,0.033777203410863876,0.22100457549095154
373,4773,18315,841,3,0.33478793501853943,0.03223741427063942,-0.3269634544849396
374,4794,18214,860,7,0.3353452980518341,0.03236393257975578,-0.2815282642841339
375,4801,6825,5,4,0.33702245354652405,0.03502794727683067,2.987896203994751
376,4850,14134,159,2,0.335157185792923,0.03422165662050247,0.9456533193588257
377,4855,303,477,2,0.33530572056770325,0.034171365201473236,0.1705038845539093
378,4869,18293,640,2,0.3345836400985718,0.03609028458595276,-0.051630087196826935
379,4888,13729,8,2,0.3343591094017029,0.0379529632627964,2.8130838871002197
380,4903,18307,1033,4,0.3366239368915558,0.035193271934986115,-0.6214765906333923
381,4907,10732,920,2,0.3342965245246887,0.03249591588973999,-0.502595067024231
382,4925,17332,20,7,0.33622127771377563,0.03359541669487953,1.7961125373840332
383,4932,17479,1330,3,0.3355778753757477,0.03230112046003342,-1.5897027254104614
384,4962,18287,944,2,0.3345346748828888,0.03359298035502434,-0.41647961735725403
385,4981,18131,52,9,0.3362070620059967,0.0359305813908577,1.4208303689956665
386,4984,1898,826,2,0.33434879779815674,0.033673182129859924,-0.3557475507259369
387,4996,18303,391,6,0.337735652923584,0.037596527487039566,0.569581925868988
388,5003,18344,33,7,0.33553627133369446,0.03412647545337677,1.8214802742004395
389,5015,11173,1056,2,0.3346657156944275,0.03403646498918533,-0.7156240940093994
390,5040,16802,135,2,0.3337404727935791,0.0324678048491478,1.0702190399169922
391,5043,12445,230,3,0.335237979888916,0.03404651954770088,0.7441347241401672
392,5058,5227,553,2,0.3348395526409149,0.03661784902215004,0.08330316841602325
393,5087,323,761,3,0.3355152904987335,0.03500562533736229,-0.21091578900814056
394,5088,18274,11,5,0.3356073498725891,0.03389668092131615,2.901247262954712
395,5090,9804,172,4,0.33692649006843567,0.03443962335586548,0.8959892988204956
396,5091,16665,222,2,0.3343712091445923,0.033936284482479095,0.6777477264404297
397,5112,14982,548,4,0.3372432589530945,0.03232691064476967,0.11529514193534851
398,5119,18306,188,4,0.33701181411743164,0.034844741225242615,0.8317859768867493
399,5154,18334,581,2,0.33552247285842896,0.03870069235563278,0.08970791846513748
400,5156,10477,314,2,0.33507052063941956,0.035908471792936325,0.5231490135192871
401,5182,1203,80,2,0.33502769470214844,0.0385405570268631,1.2732264995574951
402,5192,4324,113,2,0.3351374864578247,0.03760712221264839,1.1356600522994995
403,5195,17560,11,6,0.33618679642677307,0.03374194726347923,2.013733148574829
404,5203,5920,11,10,0.3357684016227722,0.03652466833591461,2.6391193866729736
405,5217,11453,774,2,0.3363909125328064,0.034856200218200684,-0.22166717052459717
406,5223,14897,118,1,0.33668944239616394,0.043232180178165436,1.253894567489624
407,5233,2279,1126,5,0.3353501260280609,0.033970512449741364,-0.7561548352241516
408,5248,18290,14,7,0.33517012000083923,0.03413823992013931,2.6970386505126953
409,5258,7361,604,4,0.33693671226501465,0.03262561559677124,-0.02884574607014656
410,5264,18346,104,4,0.3369961678981781,0.0322379469871521,1.1783510446548462
411,5266,18280,407,3,0.33491843938827515,0.031209181994199753,0.34698089957237244
412,5271,13681,333,3,0.3346901834011078,0.036118119955062866,0.4398542046546936
413,5292,13480,860,1,0.33403411507606506,0.03396192938089371,-0.4099583029747009
414,5311,2494,1107,3,0.3351532518863678,0.03367610275745392,-0.8171865940093994
415,5328,17243,26,2,0.3341115713119507,0.03549767658114433,1.862015962600708
416,5331,12853,147,1,0.333321750164032,0.0340563990175724,1.1217941045761108
417,5348,16609,288,2,0.3349755108356476,0.04096901789307594,0.6908312439918518
418,5354,15991,24,2,0.33451274037361145,0.03711443021893501,1.6708728075027466
419,5377,18322,513,3,0.3346744477748871,0.03483391925692558,0.28401273488998413
420,5386,9356,139,5,0.33581072092056274,0.037102110683918,0.9862056970596313
421,5391,7114,89,2,0.33475375175476074,0.03545814007520676,1.3170645236968994
422,5398,18291,170,10,0.33542540669441223,0.0333540141582489,0.9676983952522278
423,5402,354,893,2,0.3345586359500885,0.033848799765110016,-0.34281063079833984
424,5416,17596,549,6,0.33655115962028503,0.03509669005870819,0.14727941155433655
425,5419,13400,166,8,0.33852121233940125,0.03346420079469681,0.9504844546318054
426,5420,16151,382,1,0.3331596255302429,0.03396165370941162,0.6519864797592163
427,5430,2632,762,2,0.33405184745788574,0.032746024429798126,-0.18356655538082123
428,5431,18133,489,3,0.33489707112312317,0.03211343288421631,0.1999787539243698
429,5523,11068,634,2,0.33431288599967957,0.03200037404894829,0.0010116323828697205
430,5560,18307,1130,2,0.333920955657959,0.03364165127277374,-0.7000716924667358
431,5585,7809,1215,2,0.33460068702697754,0.034459613263607025,-1.007188320159912
432,5592,18285,258,8,0.33784568309783936,0.03411209210753441,0.5862844586372375
433,5613,3522,719,6,0.33766305446624756,0.038008786737918854,-0.18574634194374084
434,5627,6138,257,3,0.33528396487236023,0.036145396530628204,0.6262022256851196
435,5630,18307,725,4,0.33686771988868713,0.03586062043905258,-0.13034430146217346
436,5636,10465,69,3,0.33532240986824036,0.03551753610372543,1.488434076309204
437,5654,17798,173,3,0.3348151743412018,0.03620286285877228,0.9673056602478027
438,5685,16546,141,4,0.33638685941696167,0.03474707901477814,1.0481435060501099
439,5696,16456,233,2,0.33421143889427185,0.03427581489086151,0.8969709277153015
440,5740,11986,346,5,0.33548134565353394,0.03635126352310181,0.3748480975627899
441,5757,6276,488,5,0.33586981892585754,0.03364388644695282,0.2312902808189392
442,5765,12632,105,8,0.3377301096916199,0.034006599336862564,1.1825206279754639
443,5810,6647,157,8,0.33804187178611755,0.034287892282009125,0.9472255706787109
444,5839,17235,801,2,0.33483457565307617,0.034969884902238846,-0.30669593811035156
445,5891,17339,1212,3,0.3349289894104004,0.03128742426633835,-0.9182761907577515
446,5897,2376,88,4,0.337379515171051,0.03356386721134186,1.2378792762756348
447,5912,18310,1192,1,0.3336096405982971,0.03542450815439224,-1.0241681337356567
448,5935,14409,471,2,0.3344513475894928,0.035000305622816086,0.2760377526283264
449,5945,17254,1004,5,0.3354647755622864,0.03100760653614998,-0.5571966767311096
450,5967,9627,484,4,0.3384750187397003,0.03689716011285782,0.21543049812316895
451,5970,15566,82,3,0.3350982367992401,0.037503667175769806,1.2772712707519531
452,5980,3713,404,2,0.33466222882270813,0.034558434039354324,0.33172520995140076
453,5986,6169,41,2,0.33485862612724304,0.03783319145441055,1.7465708255767822
454,6037,17335,374,5,0.33551034331321716,0.03270754963159561,0.5312812924385071
455,6059,400,815,3,0.3346650302410126,0.03494507446885109,-0.2633489966392517
456,6079,16802,122,3,0.33565181493759155,0.0344109907746315,1.1094155311584473
457,6081,14476,519,2,0.3342922031879425,0.033438876271247864,0.1437741219997406
458,6088,11633,72,4,0.3369227349758148,0.03481614217162132,1.4534205198287964
459,6091,6993,681,4,0.33702540397644043,0.03521591052412987,-0.03605835139751434
460,6119,8559,84,1,0.3342827558517456,0.03683186694979668,1.3396906852722168
461,6121,11858,95,4,0.33718597888946533,0.033907901495695114,1.3089568614959717
462,6131,5521,246,4,0.3371356129646301,0.033564504235982895,0.7182832360267639
463,6134,16326,1167,4,0.33644580841064453,0.033654384315013885,-0.8389360904693604
464,6159,4461,280,7,0.3351615369319916,0.03312603384256363,0.6301808953285217
465,6171,18095,7,3,0.3348461389541626,0.036320436745882034,2.7450690269470215
466,6174,8030,136,5,0.3353898227214813,0.033160652965307236,1.0387917757034302
467,6176,17880,1113,4,0.3367476761341095,0.03359845653176308,-0.8179888725280762
468,6178,3513,323,3,0.3347505033016205,0.034465350210666656,0.5931574702262878
469,6180,409,72,10,0.3349660634994507,0.0338527113199234,1.3065892457962036
470,6192,2712,104,3,0.33455902338027954,0.03546004369854927,1.1199328899383545
471,6201,9019,183,2,0.334476500749588,0.03420615941286087,0.8841219544410706
472,6223,17425,1,2,0.3358742296695709,0.04189402982592583,3.0976927280426025
473,6263,17137,644,5,0.33555060625076294,0.03210518881678581,-0.03746047243475914
474,6279,18132,756,8,0.33797937631607056,0.033060699701309204,-0.13008099794387817
475,6287,3391,23,2,0.3344600200653076,0.0329551100730896,1.7576582431793213
476,6298,420,53,2,0.335342675447464,0.038968756794929504,1.6424028873443604
477,6299,420,38,2,0.3348800837993622,0.03835625201463699,1.829998254776001
478,6366,14956,381,2,0.335310161113739,0.03283519670367241,0.41856831312179565
479,6395,16802,155,5,0.33548495173454285,0.03178581967949867,0.9343889355659485
480,6476,2026,27,5,0.33607494831085205,0.03928511589765549,1.9753575325012207
481,6490,5685,338,4,0.3376137316226959,0.03629493713378906,0.5012270212173462
482,6497,16949,59,5,0.33592256903648376,0.03368357941508293,1.3513363599777222
483,6525,18356,5,7,0.3356556296348572,0.03560854494571686,2.463526725769043
484,6530,2185,67,4,0.3365277349948883,0.03607583045959473,1.3232908248901367
485,6539,17711,135,2,0.33448168635368347,0.03572738170623779,1.1342085599899292
486,6555,9516,198,2,0.33393365144729614,0.0338825061917305,0.8570932745933533
487,6577,17718,1329,5,0.33513063192367554,0.032296955585479736,-1.5905791521072388
488,6584,12476,240,4,0.33649253845214844,0.0324346162378788,0.6942957639694214
489,6592,449,622,3,0.33426839113235474,0.03397272527217865,0.1074296087026596
490,6606,9635,136,1,0.3336775302886963,0.035750918090343475,1.00180184841156
491,6639,8286,377,2,0.3350745439529419,0.0371994711458683,0.43421271443367004
492,6663,7775,1174,3,0.33544614911079407,0.03298089653253555,-0.8324972987174988
493,6668,17183,175,3,0.3349629342556,0.03381402790546417,0.8785448670387268
494,6671,2372,283,1,0.33407214283943176,0.03421584516763687,0.6661111116409302
495,6675,14984,48,3,0.33547496795654297,0.04171383008360863,1.4937413930892944
496,6676,18050,1110,3,0.33466699719429016,0.03280160203576088,-0.6983680129051208
497,6691,4929,138,2,0.33352428674697876,0.03431953862309456,1.0124300718307495
498,6780,1723,355,2,0.33470308780670166,0.03412860631942749,0.595226526260376
499,6799,16096,2,4,0.3364877700805664,0.03728451579809189,3.6618473529815674
500,6800,13508,924,3,0.3349913954734802,0.03444800525903702,-0.452743262052536
501,6831,460,251,2,0.3340716063976288,0.034091681241989136,0.6443997025489807
502,6852,1227,389,10,0.3353044092655182,0.03390352800488472,0.4646747410297394
503,6875,467,761,4,0.33733034133911133,0.03677353262901306,-0.17427374422550201
504,6900,16413,50,7,0.3351356089115143,0.033727407455444336,1.3570325374603271
505,6909,17042,210,7,0.3361291289329529,0.03460473194718361,0.7720777988433838
506,6923,4244,519,6,0.33649659156799316,0.033522240817546844,0.1790582239627838
507,6927,15763,206,2,0.3344401717185974,0.03484885022044182,0.8426480293273926
508,6938,17627,46,2,0.33422282338142395,0.0345575287938118,1.6856563091278076
509,6960,11650,438,2,0.33432823419570923,0.03724857419729233,0.276692271232605
510,6966,18334,406,4,0.3365788161754608,0.03418629616498947,0.3873416483402252
511,6969,18159,154,4,0.33730950951576233,0.034778010100126266,0.9756883382797241
512,6972,2670,245,4,0.3362346589565277,0.03390040993690491,0.783204197883606
513,6990,18104,33,10,0.3358720541000366,0.036530978977680206,1.846781849861145
514,7022,5911,279,3,0.3346604108810425,0.03605033829808235,0.49551111459732056
515,7032,3675,929,2,0.3340354859828949,0.030696623027324677,-0.5275512337684631
516,7037,1910,1002,2,0.33492109179496765,0.02991442382335663,-0.5372762084007263
517,7045,3316,87,3,0.33559292554855347,0.03640167415142059,1.2266712188720703
518,7069,18253,188,2,0.3348306715488434,0.03380057215690613,0.8593621850013733
519,7076,13152,1149,3,0.33605656027793884,0.0366569422185421,-0.8069208860397339
520,7089,7049,8,2,0.3361216187477112,0.04304318130016327,3.1312010288238525
521,7092,487,743,2,0.3338071405887604,0.0332971066236496,-0.12169003486633301
522,7094,18214,1120,2,0.3340131938457489,0.03215944021940231,-0.8835387229919434
523,7103,488,1054,3,0.33441489934921265,0.034813620150089264,-0.6649498343467712
524,7107,18356,736,2,0.33456307649612427,0.03379908949136734,-0.1948285698890686
525,7116,4497,9,3,0.33492520451545715,0.03506919741630554,2.6193082332611084
526,7128,490,1230,2,0.33568257093429565,0.03208832070231438,-1.0902272462844849
527,7132,3114,690,3,0.3355942964553833,0.03404216468334198,-0.10346966981887817
528,7134,17494,523,6,0.3382378816604614,0.03662474825978279,0.18268422782421112
529,7137,18131,25,8,0.33862990140914917,0.03936333581805229,2.1913113594055176
530,7139,18320,1326,2,0.3367895781993866,0.03358146920800209,-1.5633443593978882
531,7140,18137,895,8,0.33855140209198,0.035925574600696564,-0.3440152108669281
532,7141,18356,508,6,0.3366154134273529,0.03328733146190643,0.2822039723396301
533,7147,17862,125,3,0.33480003476142883,0.03321992605924606,1.0138638019561768
534,7151,18137,1168,2,0.33487197756767273,0.0359058752655983,-0.8463158011436462
535,7152,18356,754,4,0.33751142024993896,0.035001736134290695,-0.20963647961616516
536,7160,18355,96,5,0.33540552854537964,0.03327663987874985,1.189205527305603
537,7209,16332,1188,2,0.3343290686607361,0.03656640276312828,-0.8980674743652344
538,7214,15658,1278,2,0.33445948362350464,0.032153937965631485,-1.2601242065429688
539,7222,16784,1035,2,0.3346260190010071,0.03168091922998428,-0.7325730323791504
540,7247,18289,143,1,0.3343399465084076,0.037595659494400024,0.9977236390113831
541,7264,3771,4,3,0.3345508277416229,0.035821180790662766,2.078281879425049
542,7401,2372,1092,2,0.33451294898986816,0.03407549113035202,-0.772139847278595
543,7402,9999,404,2,0.3343420922756195,0.03686938434839249,0.43156200647354126
544,7404,8595,535,2,0.3342297673225403,0.03259281814098358,0.1632813960313797
545,7415,3657,485,1,0.33501043915748596,0.04062972217798233,0.2651611864566803
546,7432,12964,557,4,0.3362663686275482,0.03282548487186432,0.22480884194374084
547,7451,7327,120,2,0.3366977870464325,0.04202032834291458,1.2201001644134521
548,7470,17252,550,6,0.33617812395095825,0.033527880907058716,0.09924432635307312
549,7475,516,423,2,0.33408331871032715,0.03327775374054909,0.3760937452316284
550,7515,10992,526,2,0.33381128311157227,0.03271672874689102,0.2432340383529663
551,7554,15545,346,3,0.33541035652160645,0.033357150852680206,0.5256812572479248
552,7596,11813,926,2,0.33377689123153687,0.03466431796550751,-0.4339844584465027
553,7613,11633,657,3,0.33465492725372314,0.032397497445344925,-0.059323448687791824
554,7620,5795,2,3,0.3353186547756195,0.03686142712831497,3.012817859649658
555,7640,18226,31,3,0.3350183069705963,0.03470737487077713,1.6250855922698975
556,7641,2843,1117,2,0.33405715227127075,0.03130551427602768,-0.8353632092475891
557,7695,678,21,2,0.3345438539981842,0.03618998825550079,1.7605209350585938
558,7706,5171,228,3,0.3344665467739105,0.034143585711717606,0.7933827638626099
559,7728,18200,577,2,0.33447447419166565,0.034018903970718384,0.20243549346923828
560,7734,14318,282,1,0.3339744508266449,0.03368546813726425,0.6932534575462341
561,7756,17947,326,4,0.33729881048202515,0.035300929099321365,0.5666962265968323
562,7759,18150,151,7,0.33632487058639526,0.036628153175115585,1.1131454706192017
563,7770,18292,288,2,0.3366010785102844,0.03500553220510483,0.758594810962677
564,7777,3020,639,2,0.3342805802822113,0.03234664350748062,0.010572880506515503
565,7784,18004,935,1,0.33335983753204346,0.03404607996344566,-0.37165430188179016
566,7790,11979,263,4,0.3366442918777466,0.03720429167151451,0.6881282925605774
567,7805,6483,960,3,0.3352488875389099,0.03508128970861435,-0.479040265083313
568,7809,15679,86,2,0.3342227637767792,0.03525958210229874,1.29775869846344
569,7813,16298,87,4,0.33731403946876526,0.034998998045921326,1.2459344863891602
570,7817,3349,330,3,0.3351488709449768,0.03424059972167015,0.6032580733299255
571,7862,8699,17,9,0.33665505051612854,0.03666827827692032,1.8336217403411865
572,7874,8443,279,1,0.33406028151512146,0.03472916781902313,0.7258678078651428
573,7890,11573,134,7,0.33558541536331177,0.03546888753771782,1.016661524772644
574,7891,18174,1103,1,0.3337963819503784,0.035909563302993774,-0.8412221670150757
575,7903,12339,1028,6,0.3367132246494293,0.0358823761343956,-0.5913691520690918
576,7917,6550,707,4,0.33654680848121643,0.03458082675933838,-0.04222114384174347
577,7927,18275,280,1,0.3342345654964447,0.03731074929237366,0.858128011226654
578,7950,18226,19,1,0.3348252475261688,0.03549628704786301,1.7745405435562134
579,7975,4085,472,2,0.3345794379711151,0.03132855147123337,0.35094234347343445
580,7982,554,1039,3,0.33417239785194397,0.034928515553474426,-0.6114941835403442
581,7988,11010,859,2,0.33407148718833923,0.033382222056388855,-0.32017388939857483
582,8004,18219,27,2,0.3347351551055908,0.034745778888463974,1.731942057609558
583,8016,9914,655,5,0.33606359362602234,0.0344804972410202,-0.009887583553791046
584,8022,11781,562,2,0.3342065215110779,0.035491712391376495,0.2595821022987366
585,8043,16666,906,2,0.3351781964302063,0.032893598079681396,-0.5100797414779663
586,8045,16091,481,2,0.33504143357276917,0.033976659178733826,0.30546724796295166
587,8059,3304,410,3,0.33480796217918396,0.03389079496264458,0.38611483573913574
588,8063,18200,848,3,0.33471226692199707,0.031363341957330704,-0.353390634059906
589,8080,18295,238,2,0.33410897850990295,0.03287851810455322,0.6547213196754456
590,8088,18352,251,2,0.334071546792984,0.03461777791380882,0.6035798192024231
591,8115,5188,117,2,0.33434125781059265,0.03602030500769615,0.996892511844635
592,8122,12038,216,2,0.3345663249492645,0.03252539783716202,0.7982993125915527
593,8131,6608,332,10,0.33513182401657104,0.033493928611278534,0.5900166034698486
594,8159,8177,78,4,0.3366891145706177,0.03477489575743675,1.3524384498596191
595,8168,17425,64,4,0.3365280032157898,0.03731872886419296,1.4016163349151611
596,8197,17839,500,2,0.3344826400279999,0.036117590963840485,0.2471247911453247
597,8200,569,18,2,0.3342778980731964,0.03434494510293007,1.6636908054351807
598,8234,9500,277,3,0.3346574604511261,0.03384759649634361,0.7908662557601929
599,8246,16714,423,2,0.3347199559211731,0.033785246312618256,0.5303629040718079
600,8250,9993,604,2,0.3343617618083954,0.03258654102683067,0.029140830039978027
601,8255,7440,222,6,0.3374203145503998,0.03893054276704788,0.8796252012252808
602,8278,8355,1191,3,0.33513352274894714,0.034996841102838516,-0.9316419959068298
603,8332,4780,556,4,0.3363727033138275,0.0329492911696434,0.18210983276367188
604,8349,14967,314,2,0.334047794342041,0.03302667289972305,0.668464720249176
605,8374,2616,963,2,0.33491426706314087,0.035909734666347504,-0.438198447227478
606,8432,13899,451,3,0.3347390592098236,0.034282006323337555,0.3173438608646393
607,8443,1939,1200,3,0.3345726430416107,0.03225918114185333,-0.874567449092865
608,8490,738,483,4,0.337056964635849,0.035064052790403366,0.2952474355697632
609,8506,18307,1224,4,0.3365631103515625,0.0343581959605217,-0.984920859336853
610,8507,8535,43,1,0.334865540266037,0.04489335045218468,1.6497056484222412
611,8513,17805,645,2,0.3346483111381531,0.03725941479206085,0.022801071405410767
612,8522,4879,431,3,0.33539018034935,0.03577833250164986,0.3088715076446533
613,8529,3422,353,2,0.3342781960964203,0.03718706965446472,0.49536269903182983
614,8534,3141,812,3,0.3346853256225586,0.035362862050533295,-0.2864736318588257
615,8543,18287,273,4,0.3371925354003906,0.031611647456884384,0.7143957614898682
616,8545,18088,715,2,0.3345533013343811,0.03932502493262291,-0.06515111029148102
617,8558,17323,862,5,0.3350188136100769,0.03455306589603424,-0.27656883001327515
618,8572,10688,347,3,0.3350944519042969,0.032394420355558395,0.6326571702957153
619,8597,601,294,2,0.3343614339828491,0.0338345505297184,0.5531752705574036
620,8615,10219,1167,2,0.33491504192352295,0.029630647972226143,-0.8799686431884766
621,8639,17275,347,3,0.3343953490257263,0.033303335309028625,0.6106225252151489
622,8640,3681,16,3,0.3359324634075165,0.03821680322289467,2.263373374938965
623,8658,18199,384,2,0.3347031772136688,0.032416995614767075,0.5864853858947754
624,8662,17824,1096,10,0.33542904257774353,0.034759700298309326,-0.7136859893798828
625,8665,2056,367,2,0.33556875586509705,0.039060771465301514,0.40796220302581787
626,8714,17962,674,2,0.3369947671890259,0.03774967044591904,-0.011244356632232666
627,8716,6488,7,4,0.3370147943496704,0.035568054765462875,2.1943857669830322
628,8719,1100,134,2,0.33503052592277527,0.03535960614681244,1.1602576971054077
629,8723,2887,355,3,0.33590447902679443,0.03702361136674881,0.4282013773918152
630,8730,1773,7,2,0.3366223871707916,0.04200242832303047,3.822499990463257
631,8735,18168,380,2,0.3350687623023987,0.03548472747206688,0.40152645111083984
632,8738,12462,11,2,0.3342481851577759,0.03379695862531662,1.967076063156128
633,8755,11541,2,2,0.33434605598449707,0.03590448945760727,2.6736297607421875
634,8776,14891,11,2,0.33448687195777893,0.037238847464323044,2.6919572353363037
635,8787,17943,833,5,0.3361562192440033,0.036986611783504486,-0.304219514131546
636,8795,13586,100,8,0.3379712700843811,0.03837311640381813,1.235037088394165
637,8813,15717,71,3,0.3350723683834076,0.03679978847503662,1.3067938089370728
638,8815,4149,69,2,0.3350282609462738,0.03672003746032715,1.4467839002609253
639,8818,18307,27,4,0.33762699365615845,0.039853498339653015,1.9785070419311523
640,8820,18307,373,4,0.33652162551879883,0.030999653041362762,0.3393200635910034
641,8829,17453,656,2,0.3340870141983032,0.034242235124111176,-0.07485492527484894
642,8832,10752,1246,5,0.33521172404289246,0.036748599261045456,-0.982419490814209
643,8860,8155,1239,5,0.3359304964542389,0.03437286615371704,-1.070951223373413
644,8866,17530,801,2,0.33494120836257935,0.03213640674948692,-0.28136563301086426
645,8877,1609,966,2,0.3345288634300232,0.03467417135834694,-0.4397842288017273
646,8897,8535,1088,2,0.3352799415588379,0.03659355640411377,-0.7124490737915039
647,8931,9118,245,3,0.3346739411354065,0.0339953750371933,0.6984604597091675
648,8944,18319,1059,10,0.3347444534301758,0.0351845920085907,-0.6310667395591736
649,8964,18030,242,6,0.3365646004676819,0.03529205173254013,0.6936666369438171
650,8969,15570,1314,8,0.33849039673805237,0.033388637006282806,-1.4793782234191895
651,8974,11060,441,2,0.33388078212738037,0.03163093701004982,0.34254029393196106
652,8975,18195,139,4,0.33732327818870544,0.03431311249732971,0.9584426879882812
653,8976,18324,189,3,0.3366158902645111,0.03513255715370178,1.0059943199157715
654,9000,18325,90,2,0.3344252407550812,0.03507094457745552,1.2692419290542603
655,9003,14652,156,4,0.3364098370075226,0.03563921898603439,0.9950353503227234
656,9014,1934,75,3,0.3364624083042145,0.040768060833215714,1.6389317512512207
657,9019,18068,339,1,0.3345925807952881,0.0333891399204731,0.5207417607307434
658,9027,7168,781,2,0.33487483859062195,0.03233279287815094,-0.203179731965065
659,9044,17825,1201,3,0.3346148431301117,0.030969344079494476,-0.8011624217033386
660,9045,1929,1108,2,0.3343069553375244,0.03474768251180649,-0.7721199989318848
661,9100,2998,62,9,0.3363448679447174,0.03363623470067978,1.332573652267456
662,9122,18319,1230,5,0.3353998363018036,0.03431934118270874,-0.9416630268096924
663,9126,15258,673,10,0.3350791931152344,0.03708115220069885,-0.032057203352451324
664,9131,15755,45,1,0.337451696395874,0.038083530962467194,1.6214015483856201
665,9185,5318,11,4,0.3381812572479248,0.03965650498867035,2.355830192565918
666,9204,653,292,5,0.33598792552948,0.03786380961537361,0.5501245856285095
667,9207,653,565,3,0.3344123363494873,0.03468991816043854,0.10650718212127686
668,9229,18145,135,2,0.33406293392181396,0.03416217118501663,1.0544371604919434
669,9263,661,654,5,0.33550718426704407,0.036644142121076584,-0.06802310049533844
670,9280,14827,171,2,0.33553987741470337,0.03795313090085983,0.8987175226211548
671,9307,665,53,3,0.33561283349990845,0.03736806660890579,1.4487991333007812
672,9359,17513,337,4,0.3377891480922699,0.035840071737766266,0.6314704418182373
673,9365,10110,256,1,0.3355432152748108,0.03495519608259201,0.6959018111228943
674,9372,719,111,6,0.33611083030700684,0.03438004106283188,1.1022429466247559
675,9381,7089,189,2,0.3343310058116913,0.03412801772356033,0.7655816078186035
676,9403,14592,5,10,0.3357110619544983,0.03519093990325928,3.2017159461975098
677,9416,13514,806,3,0.3355560898780823,0.03474147990345955,-0.21484145522117615
678,9433,1402,13,3,0.3350617289543152,0.03485974296927452,2.09299898147583
679,9519,13795,603,4,0.33708450198173523,0.03525609150528908,0.07178160548210144
680,9530,9635,23,3,0.3354610800743103,0.036486927419900894,2.0153775215148926
681,9544,13210,3,6,0.3376406729221344,0.038035836070775986,2.6207573413848877
682,9591,15250,725,2,0.3345644772052765,0.032507918775081635,-0.12157364189624786
683,9599,10930,1042,4,0.3374021351337433,0.034425944089889526,-0.6469008326530457
684,9616,689,208,2,0.3338935375213623,0.0322803296148777,0.9158797860145569
685,9624,1578,819,2,0.3343551456928253,0.03306800127029419,-0.31296128034591675
686,9646,11397,646,2,0.3345542252063751,0.03142928332090378,-0.023103855550289154
687,9724,7551,732,3,0.3354358673095703,0.035752810537815094,-0.1355665624141693
688,9728,4901,742,6,0.3363824784755707,0.032993659377098083,-0.16806456446647644
689,9735,3118,955,8,0.33755555748939514,0.03351452574133873,-0.43157273530960083
690,9751,12340,1318,3,0.3343377709388733,0.03303781896829605,-1.5321495532989502
691,9776,18112,1147,2,0.334011435508728,0.034226153045892715,-0.7355213761329651
692,9777,14986,499,3,0.33504465222358704,0.03465520590543747,0.15034043788909912
693,9797,2363,3,2,0.33544501662254333,0.040098533034324646,4.000072956085205
694,9799,18287,14,6,0.33679819107055664,0.03748614341020584,2.4232239723205566
695,9811,3389,931,4,0.3363243639469147,0.03449774160981178,-0.3977046012878418
696,9817,708,836,2,0.334202378988266,0.03978153318166733,-0.32722610235214233
697,9825,12446,13,2,0.334987610578537,0.03606008365750313,2.2418689727783203
698,9886,15403,974,3,0.3350456655025482,0.03193063288927078,-0.4244930148124695
699,9888,18137,698,5,0.3355581760406494,0.03597652539610863,-0.09681743383407593
700,9896,14617,909,5,0.33591803908348083,0.033386267721652985,-0.43651390075683594
701,9903,12570,647,4,0.3368287980556488,0.03171013668179512,-0.04103401303291321
702,9941,15854,29,2,0.3347637355327606,0.035651277750730515,1.7297202348709106
703,9945,6750,5,1,0.3336629867553711,0.03825464844703674,2.719148635864258
704,9947,1354,483,2,0.33465510606765747,0.03423070162534714,0.16402406990528107
705,9951,8921,224,9,0.3362530767917633,0.034084759652614594,0.7966201901435852
706,9970,727,42,4,0.3367123007774353,0.034049227833747864,1.5185670852661133
707,9974,16789,336,2,0.333852082490921,0.0332881361246109,0.5823967456817627
708,9994,12429,479,1,0.33438602089881897,0.032436661422252655,0.20200525224208832
709,10011,2853,1,3,0.3346433937549591,0.03760742396116257,5.0808305740356445
710,10014,17437,1053,2,0.3342377841472626,0.03497094660997391,-0.601606547832489
711,10033,12690,303,3,0.335949182510376,0.035516321659088135,0.7674891352653503
712,10123,738,626,4,0.3365570604801178,0.03335008770227432,-0.0056466273963451385
713,10125,17388,22,4,0.33662280440330505,0.03534962236881256,1.8978670835494995
714,10146,18258,12,7,0.3352973461151123,0.0348895788192749,2.6171414852142334
715,10154,8999,47,2,0.334381639957428,0.03677818179130554,1.4123625755310059
716,10156,743,681,2,0.33429843187332153,0.03409845381975174,-0.05932140350341797
717,10207,18272,18,2,0.3352060616016388,0.03692510724067688,2.294954299926758
718,10242,18200,141,3,0.33482590317726135,0.03521344065666199,1.0403703451156616
719,10274,14687,123,3,0.3352128863334656,0.03485940024256706,1.005414366722107
720,10281,11385,1177,2,0.3348851501941681,0.03381732851266861,-0.8977969884872437
721,10323,4874,292,2,0.335181325674057,0.03734318166971207,0.5496129393577576
722,10349,14706,6,2,0.33496740460395813,0.03945594280958176,2.866788864135742
723,10350,762,824,2,0.3344406187534332,0.034792836755514145,-0.2711956202983856
724,10362,763,58,3,0.3351956903934479,0.03672100603580475,1.5375304222106934
725,10372,6353,1030,2,0.3342173099517822,0.03339095413684845,-0.637815535068512
726,10374,5750,58,3,0.33450067043304443,0.03455077111721039,1.402608871459961
727,10384,17891,110,1,0.33397677540779114,0.034078821539878845,1.1005245447158813
728,10386,18320,1102,10,0.33599337935447693,0.03567532077431679,-0.7394231557846069
729,10387,18320,1086,3,0.33558323979377747,0.03485275059938431,-0.7883197665214539
730,10388,18316,13,4,0.3368673324584961,0.03408956527709961,2.741056442260742
731,10414,8991,1281,4,0.3371962010860443,0.03370177000761032,-1.1844531297683716
732,10418,1227,1206,3,0.3352879583835602,0.03439735248684883,-0.9062877893447876
733,10421,16178,1127,3,0.3353283703327179,0.0358482226729393,-0.7969824075698853
734,10447,7919,373,2,0.3344665467739105,0.03335388004779816,0.4468422532081604
735,10464,10788,124,2,0.33499589562416077,0.036897458136081696,1.2756339311599731
736,10480,17883,1006,2,0.3350830376148224,0.036406487226486206,-0.5839794874191284
737,10486,12577,383,3,0.33546149730682373,0.03680751845240593,0.3466765284538269
738,10491,17068,750,2,0.3345421850681305,0.03894330561161041,-0.16554585099220276
739,10505,16803,35,3,0.3355801999568939,0.039050813764333725,1.5340005159378052
740,10516,14467,646,3,0.33500438928604126,0.03451889380812645,0.013602256774902344
741,10522,14568,459,2,0.33495891094207764,0.035286955535411835,0.37700527906417847
742,10530,1245,536,2,0.33370256423950195,0.033978432416915894,0.13912810385227203
743,10570,9186,21,3,0.33574390411376953,0.03651438653469086,2.4192538261413574
744,10572,9621,521,2,0.33530500531196594,0.03520641848444939,0.17610318958759308
745,10589,4698,149,2,0.3358088731765747,0.03967497497797012,1.0488288402557373
746,10604,3204,201,2,0.33404573798179626,0.0389152429997921,0.7889153957366943
747,10605,17566,311,2,0.33456486463546753,0.03331172466278076,0.5913204550743103
748,10624,18216,19,3,0.33477845788002014,0.03589697182178497,1.9385271072387695
749,10640,3178,27,5,0.3360453248023987,0.03418068215250969,1.755632758140564
750,10647,3114,398,5,0.33547335863113403,0.0352819487452507,0.4085440933704376
751,10651,7381,123,1,0.3348272144794464,0.0345584936439991,1.2012817859649658
752,10654,8143,26,3,0.3350912630558014,0.03669039160013199,1.86372709274292
753,10656,8657,418,3,0.33550846576690674,0.0338144451379776,0.3294708728790283
754,10659,18278,126,4,0.3368273377418518,0.03395567834377289,1.0222145318984985
755,10664,2061,595,3,0.3355838358402252,0.0343327596783638,0.042440347373485565
756,10666,14393,103,5,0.33585506677627563,0.03341182321310043,1.3298312425613403
757,10669,4294,1296,2,0.33397752046585083,0.03258158639073372,-1.2165772914886475
758,10682,16043,173,4,0.33684855699539185,0.03586670383810997,0.8514164686203003
759,10709,13451,799,2,0.334658145904541,0.03181776776909828,-0.1942671239376068
760,10740,3485,346,2,0.3350394070148468,0.035529352724552155,0.511393666267395
761,10744,5106,542,3,0.33485159277915955,0.03706119582056999,0.185204416513443
762,10766,926,115,2,0.33581215143203735,0.03737831860780716,1.204436182975769
763,10808,5027,193,2,0.3351685106754303,0.04456596076488495,0.8449146151542664
764,10823,804,10,3,0.33450478315353394,0.034977346658706665,2.244704484939575
765,10838,11213,630,2,0.33449938893318176,0.034788914024829865,0.03507637605071068
766,10843,7375,376,3,0.3356093466281891,0.03255271539092064,0.4402828812599182
767,10854,3076,1295,6,0.3370387852191925,0.03330514580011368,-1.2812353372573853
768,10861,13527,969,2,0.3348134458065033,0.036660172045230865,-0.45080047845840454
769,10864,17085,84,6,0.3375104069709778,0.033734939992427826,1.3074451684951782
770,10880,18307,199,2,0.3353743851184845,0.038622982800006866,0.8375340700149536
771,10881,18307,133,8,0.33793905377388,0.036840058863162994,1.0965083837509155
772,10883,18244,19,4,0.3370117247104645,0.036278534680604935,2.3647801876068115
773,10884,18307,264,2,0.3348551094532013,0.038663350045681,0.7053007483482361
774,10887,18227,574,2,0.33495989441871643,0.035074204206466675,0.16681338846683502
775,10888,18133,171,3,0.3346724212169647,0.03405563905835152,0.8980278372764587
776,10891,10047,117,7,0.3357929289340973,0.036030691117048264,1.1564058065414429
777,10893,8955,131,10,0.3355714976787567,0.03878096491098404,1.0717579126358032
778,10900,15948,256,2,0.33553433418273926,0.03989996761083603,0.6878596544265747
779,10907,18307,266,4,0.337184876203537,0.037449195981025696,0.6878833770751953
780,10910,16674,86,4,0.33668825030326843,0.035766806453466415,1.2634460926055908
781,10928,18258,77,5,0.33533942699432373,0.034510090947151184,1.382543921470642
782,10934,14851,426,2,0.3342626094818115,0.035475391894578934,0.3521271049976349
783,10935,17435,480,2,0.33376723527908325,0.03138938173651695,0.2658092677593231
784,10944,2508,323,2,0.3345493972301483,0.03596562147140503,0.6183857321739197
785,10993,17917,533,6,0.33731958270072937,0.03763759508728981,0.06376439332962036
786,10994,17007,357,2,0.33508020639419556,0.03339071199297905,0.4452533721923828
787,10995,17437,38,2,0.3348136246204376,0.03940347209572792,1.78078293800354
788,11022,18287,200,6,0.33638328313827515,0.032072775065898895,0.7637903690338135
789,11031,1784,605,2,0.33496537804603577,0.03630609065294266,0.07232880592346191
790,11064,15569,249,3,0.3355683386325836,0.03486669808626175,0.6894681453704834
791,11089,4826,24,2,0.33517754077911377,0.03573328256607056,1.7120760679244995
792,11092,11276,993,3,0.3364308178424835,0.0347270704805851,-0.6280301213264465
793,11128,12387,809,1,0.33502572774887085,0.037435807287693024,-0.19012506306171417
794,11138,16359,780,1,0.3350629508495331,0.03474413603544235,-0.17443040013313293
795,11142,17086,468,5,0.33572885394096375,0.033907730132341385,0.14310729503631592
796,11149,5370,1023,1,0.33365756273269653,0.034017786383628845,-0.5613918304443359
797,11158,839,219,2,0.335431307554245,0.040460046380758286,0.9015364646911621
798,11162,2434,6,2,0.3345490097999573,0.040316563099622726,3.519038677215576
799,11177,3216,79,1,0.3341624438762665,0.040333881974220276,1.168263554573059
800,11186,845,585,2,0.33436328172683716,0.032176338136196136,0.0508156418800354
801,11199,12613,670,4,0.3364504873752594,0.0340651199221611,-0.034056104719638824
802,11232,18318,1160,2,0.33474457263946533,0.03409555181860924,-0.9367983341217041
803,11268,17280,643,1,0.3345663845539093,0.030159294605255127,-0.0348677895963192
804,11274,16665,117,3,0.3346286118030548,0.03487122058868408,1.10267174243927
805,11306,4799,469,3,0.33456069231033325,0.03510891646146774,0.29608824849128723
806,11331,2083,626,6,0.3364695906639099,0.0331529825925827,-0.014079123735427856
807,11335,10668,12,3,0.335079163312912,0.039894454181194305,2.2242789268493652
808,11338,6388,395,2,0.3340953588485718,0.034579817205667496,0.35584497451782227
809,11343,3969,787,8,0.3384413719177246,0.03552892059087753,-0.25885918736457825
810,11361,5006,36,3,0.3353114128112793,0.036665529012680054,1.8134796619415283
811,11404,18318,81,2,0.33474001288414,0.03694421425461769,1.3722091913223267
812,11452,15117,317,5,0.33555930852890015,0.036657292395830154,0.4409405589103699
813,11483,10718,49,2,0.33527931571006775,0.03666045516729355,1.4652866125106812
814,11484,3287,83,3,0.3348942697048187,0.03503365069627762,1.3170030117034912
815,11498,5026,213,3,0.3351375460624695,0.0335107147693634,0.9094521403312683
816,11512,13876,308,2,0.3355030417442322,0.036085329949855804,0.5820730924606323
817,11528,2289,467,2,0.33543774485588074,0.03640365228056908,0.3306923806667328
818,11576,8125,40,4,0.3377990424633026,0.036307819187641144,1.734480381011963
819,11598,18334,435,4,0.3364402651786804,0.033979833126068115,0.2710263431072235
820,11603,1939,121,6,0.3361767828464508,0.033339738845825195,1.1245485544204712
821,11629,17954,34,10,0.3355522155761719,0.034419044852256775,1.5545847415924072
822,11632,16103,6,4,0.33726295828819275,0.03887438029050827,1.7194105386734009
823,11646,17943,714,6,0.33605220913887024,0.033095356076955795,-0.12910108268260956
824,11656,18064,839,6,0.3369167447090149,0.0332685224711895,-0.34551000595092773
825,11681,18326,1196,7,0.33539390563964844,0.03368135169148445,-0.9677639007568359
826,11704,889,799,2,0.33401039242744446,0.033488981425762177,-0.23946627974510193
827,11722,18307,481,2,0.33437347412109375,0.03577244654297829,0.192074254155159
828,11757,3718,1,5,0.3355322480201721,0.03651709854602814,2.3998894691467285
829,11763,8267,78,1,0.3334696590900421,0.03352068364620209,1.331671953201294
830,11814,9853,591,2,0.33453160524368286,0.036362044513225555,0.04761161655187607
831,11818,14423,899,3,0.3347509205341339,0.03180878609418869,-0.3927866220474243
832,11848,10233,41,4,0.33664631843566895,0.03633270412683487,1.5780627727508545
833,11863,12901,676,3,0.33454132080078125,0.0336020290851593,-0.06379175931215286
834,11874,918,1194,2,0.33390289545059204,0.0310794860124588,-0.9479181170463562
835,11927,18298,53,4,0.3363838195800781,0.0330861359834671,1.4656955003738403
836,11931,1007,1248,3,0.3343544602394104,0.03263603150844574,-1.085692286491394
837,11932,927,391,2,0.33410605788230896,0.035162098705768585,0.433986634016037
838,11944,15354,498,6,0.3367426097393036,0.033598072826862335,0.1896202713251114
839,11953,14850,143,4,0.3368164598941803,0.034784626215696335,1.129952073097229
840,11956,17407,68,7,0.3353680372238159,0.03491733595728874,1.4694926738739014
841,12035,3181,1112,2,0.33423954248428345,0.03420625999569893,-0.7786648273468018
842,12045,16332,1022,7,0.33532753586769104,0.03784087672829628,-0.5875173807144165
843,12075,18268,893,3,0.33519473671913147,0.03656812757253647,-0.3938993811607361
844,12091,10468,1145,2,0.33452731370925903,0.034395307302474976,-0.8579660058021545
845,12099,11941,48,2,0.33601540327072144,0.035706549882888794,1.6311417818069458
846,12125,18273,97,2,0.33419400453567505,0.03192732483148575,1.2097176313400269
847,12129,16914,179,2,0.3354393541812897,0.032780908048152924,0.8425838947296143
848,12137,17943,336,3,0.3358756899833679,0.0377243235707283,0.5023328065872192
849,12147,6706,36,5,0.3362749218940735,0.039233747869729996,1.8022925853729248
850,12195,12528,767,2,0.3344079852104187,0.031153719872236252,-0.21423114836215973
851,12202,18307,1234,2,0.3337104022502899,0.0335175096988678,-1.0189288854599
852,12224,9118,937,10,0.33528032898902893,0.03541906177997589,-0.44070976972579956
853,12226,18236,470,1,0.33332890272140503,0.03827587515115738,0.373609334230423
854,12232,1651,148,2,0.334585577249527,0.0327715203166008,0.9931697249412537
855,12265,14751,927,2,0.33500194549560547,0.03464494273066521,-0.4020096957683563
856,12270,6879,132,9,0.3363736569881439,0.035189736634492874,1.0579197406768799
857,12294,15705,27,3,0.33478379249572754,0.03391306847333908,1.702608346939087
858,12306,16791,471,4,0.33692312240600586,0.03444930166006088,0.25854235887527466
859,12314,5163,348,2,0.3348778188228607,0.03866608440876007,0.38053739070892334
860,12340,16791,731,4,0.33651018142700195,0.0341210812330246,-0.10632950812578201
861,12342,5119,617,2,0.3344016373157501,0.034653954207897186,0.048604175448417664
862,12355,1118,570,3,0.33453208208084106,0.035174883902072906,0.2050420194864273
863,12375,13373,337,3,0.3343102037906647,0.03281949833035469,0.5085413455963135
864,12409,9866,235,3,0.33520519733428955,0.03599007800221443,0.7019230723381042
865,12410,18307,558,5,0.3360718786716461,0.03729268163442612,0.09619861841201782
866,12443,18333,177,2,0.33424022793769836,0.03279494121670723,0.8279072046279907
867,12451,9405,505,3,0.33600857853889465,0.0367397740483284,0.19517700374126434
868,12455,18320,946,3,0.3360414505004883,0.03880589082837105,-0.5016977190971375
869,12484,18298,3,4,0.33737826347351074,0.03475917503237724,3.761035680770874
870,12498,18315,12,7,0.3359997272491455,0.036474600434303284,2.7545347213745117
871,12525,18276,630,6,0.33633121848106384,0.034579936414957047,0.009044848382472992
872,12526,17086,801,2,0.33455947041511536,0.032652053982019424,-0.26719194650650024
873,12528,18287,354,3,0.33600762486457825,0.03288831189274788,0.4699471592903137
874,12532,18307,717,5,0.335395872592926,0.035680241882801056,-0.14166226983070374
875,12536,18277,482,2,0.33495137095451355,0.03407739847898483,0.1688697189092636
876,12538,18258,20,4,0.3367644250392914,0.0360390841960907,1.9980125427246094
877,12541,18334,476,8,0.3390726149082184,0.03661485016345978,0.2212962508201599
878,12567,6751,434,2,0.3346961736679077,0.0396529920399189,0.42707300186157227
879,12604,13362,33,4,0.3363613784313202,0.033515866845846176,1.4266283512115479
880,12614,13884,162,3,0.3349763751029968,0.03639208525419235,0.9788478016853333
881,12615,10459,398,3,0.33503323793411255,0.03334364667534828,0.3704170286655426
882,12616,13654,124,4,0.3365350663661957,0.03413096070289612,1.1354461908340454
883,12637,7962,1020,1,0.3362821638584137,0.03455323725938797,-0.6885200142860413
884,12643,2881,939,2,0.3342289328575134,0.03412381187081337,-0.4056556522846222
885,12644,13316,5,3,0.3347362279891968,0.03417670726776123,3.090216875076294
886,12655,9233,157,3,0.3347976505756378,0.032739005982875824,0.843786358833313
887,12662,18195,20,7,0.33540093898773193,0.032421812415122986,2.0075759887695312
888,12666,13237,458,2,0.33502480387687683,0.03832632303237915,0.18080510199069977
889,12667,15439,136,1,0.33621132373809814,0.03982114791870117,0.9743472337722778
890,12670,4768,8,2,0.3357085883617401,0.043493881821632385,2.9085991382598877
891,12677,8479,225,3,0.3350326120853424,0.03383283317089081,0.7327816486358643
892,12692,14484,1156,2,0.3342343270778656,0.03469877317547798,-0.8228253126144409
893,12733,7560,247,2,0.3361407220363617,0.036648038774728775,0.8590680956840515
894,12749,18216,464,3,0.3343660533428192,0.03276465833187103,0.25349172949790955
895,12760,13395,766,3,0.3349815905094147,0.038833167403936386,-0.14049531519412994
896,12764,2489,2,5,0.33582574129104614,0.03591405972838402,2.7710821628570557
897,12801,18307,775,4,0.33666226267814636,0.03585498034954071,-0.21780864894390106
898,12811,16435,367,2,0.3348080515861511,0.0353451706469059,0.5945361852645874
899,12831,15705,322,1,0.3341452479362488,0.035886771976947784,0.6933662295341492
900,12840,1088,179,9,0.3363484740257263,0.032488372176885605,0.8589394092559814
901,12853,15758,48,2,0.3342118561267853,0.034510284662246704,1.552497148513794
902,12866,14860,139,4,0.3376879394054413,0.033137474209070206,1.1002099514007568
903,12873,17473,240,2,0.33453798294067383,0.0368184968829155,0.7577899694442749
904,12874,8413,727,2,0.3353905975818634,0.03418873995542526,-0.10824555158615112
905,12892,4219,72,2,0.33471208810806274,0.037247687578201294,1.525533676147461
906,12901,4128,85,2,0.333858847618103,0.03341791033744812,1.3448519706726074
907,12915,9229,888,6,0.3373802900314331,0.033340711146593094,-0.39882197976112366
908,12921,4097,1,3,0.3351721465587616,0.03972496837377548,4.931758880615234
909,12941,3276,2,3,0.336488276720047,0.044012200087308884,3.4833078384399414
910,12946,14677,529,2,0.33504030108451843,0.03358720242977142,0.0762668251991272
911,12999,16033,47,2,0.33480361104011536,0.03583531081676483,1.6135969161987305
912,13002,18252,450,2,0.3343123197555542,0.03425858914852142,0.3349236249923706
913,13033,17880,531,2,0.33388081192970276,0.03434625267982483,0.14090003073215485
914,13112,17025,561,4,0.33683615922927856,0.03512272238731384,0.07144304364919662
915,13113,2817,110,6,0.33755627274513245,0.037993013858795166,1.3074501752853394
916,13134,5687,36,2,0.33485496044158936,0.036861732602119446,1.9109625816345215
917,13145,17303,53,2,0.33506637811660767,0.03691080957651138,1.6928945779800415
918,13176,1081,818,3,0.3346863389015198,0.03439326584339142,-0.2788833975791931
919,13189,2990,208,3,0.3357909023761749,0.03498636558651924,0.7081522345542908
920,13240,13396,1,2,0.3358292579650879,0.03915980085730553,5.394692897796631
921,13244,18051,501,2,0.33436378836631775,0.037471991032361984,0.2506391406059265
922,13268,16106,124,2,0.3344694972038269,0.035070739686489105,1.0259532928466797
923,13303,11651,199,3,0.3348095715045929,0.03237254172563553,0.7569806575775146
924,13304,17020,1186,2,0.3341118097305298,0.03092905692756176,-0.8437197208404541
925,13317,9299,251,2,0.33445608615875244,0.037264421582221985,0.7201363444328308
926,13333,18237,799,3,0.3353351652622223,0.035175975412130356,-0.2827821969985962
927,13342,16614,618,1,0.3338426351547241,0.03185189515352249,0.0005123764276504517
928,13358,3694,1073,3,0.3351542353630066,0.03355800732970238,-0.6254155039787292
929,13376,9009,918,3,0.3352690041065216,0.03440061956644058,-0.4284479022026062
930,13387,15195,790,2,0.3348054587841034,0.036435000598430634,-0.2766454517841339
931,13395,4304,1153,1,0.3343856930732727,0.03379121422767639,-1.0338643789291382
932,13398,6048,203,2,0.3348292112350464,0.0337899848818779,0.8371743559837341
933,13399,6995,37,4,0.337401419878006,0.03641936182975769,1.6276483535766602
934,13423,15311,9,5,0.33568519353866577,0.03821605443954468,2.4248697757720947
935,13439,8476,11,3,0.3358895182609558,0.041010238230228424,2.838794231414795
936,13489,14582,305,6,0.3367678225040436,0.0345965176820755,0.5361392498016357
937,13504,17545,899,4,0.33713263273239136,0.03293348103761673,-0.3561614155769348
938,13518,14883,50,2,0.3348342776298523,0.03551790118217468,1.5470997095108032
939,13530,7663,1071,4,0.33692875504493713,0.03299722075462341,-0.6776281595230103
940,13562,1133,153,5,0.33519700169563293,0.03290224447846413,0.9305956363677979
941,13623,8756,128,4,0.33716341853141785,0.0347137451171875,1.2016881704330444
942,13660,9687,23,2,0.3344031274318695,0.0347561240196228,2.363365650177002
943,13709,2632,1032,4,0.3371715247631073,0.034096602350473404,-0.652134895324707
944,13722,3359,489,5,0.33551934361457825,0.03690597787499428,0.20268025994300842
945,13746,14423,477,2,0.3342142403125763,0.035065896809101105,0.27631688117980957
946,13819,7991,1085,4,0.336517870426178,0.03322601318359375,-0.7699229717254639
947,13883,18246,851,2,0.3337295353412628,0.0331193283200264,-0.2853265404701233
948,13886,18209,221,3,0.3348177969455719,0.0338115468621254,0.7935709953308105
949,13910,5037,757,2,0.33435294032096863,0.03347744047641754,-0.1548054963350296
950,13934,1304,576,10,0.33572471141815186,0.03157532960176468,0.12655425071716309
951,13935,17714,26,10,0.3360586166381836,0.03467929735779762,2.453953504562378
952,13944,5765,887,2,0.3339826762676239,0.033035844564437866,-0.38753974437713623
953,14048,13369,9,2,0.33424481749534607,0.03577307611703873,1.898834466934204
954,14054,7500,102,2,0.33590462803840637,0.036060117185115814,1.2397394180297852
955,14090,17285,316,2,0.3342260420322418,0.03334430977702141,0.5026922225952148
956,14136,15413,160,3,0.33487841486930847,0.035175878554582596,0.8689087629318237
957,14204,10536,1262,1,0.33371680974960327,0.03124661184847355,-1.1122114658355713
958,14251,14934,304,2,0.33578553795814514,0.0373360700905323,0.6109284162521362
959,14254,18305,16,2,0.33466270565986633,0.033978499472141266,1.6919126510620117
960,14270,17756,593,2,0.33439984917640686,0.03342681750655174,0.06210032105445862
961,14273,17385,49,3,0.33529192209243774,0.036024242639541626,1.4649499654769897
962,14296,1706,17,2,0.33396267890930176,0.033133041113615036,2.028848886489868
963,14331,18139,1,3,0.3352552354335785,0.03800144046545029,3.4820773601531982
964,14342,16123,1170,3,0.3353649079799652,0.034305814653635025,-0.9185066223144531
965,14347,5895,1009,2,0.33411091566085815,0.033289261162281036,-0.5256850719451904
966,14366,5425,201,6,0.33659693598747253,0.03444024920463562,0.8132761120796204
967,14393,1551,35,3,0.33499807119369507,0.03678147494792938,1.9595900774002075
968,14404,9606,435,7,0.3356521725654602,0.035060618072748184,0.27450260519981384
969,14438,12047,110,6,0.33710768818855286,0.038382694125175476,1.172633409500122
970,14454,5605,157,4,0.3366829454898834,0.03467562422156334,0.9400811195373535
971,14468,17235,1195,6,0.33617091178894043,0.03266971558332443,-0.9474598169326782
972,14479,11554,73,3,0.33544278144836426,0.03918392211198807,1.419386386871338
973,14594,18208,36,3,0.3350396454334259,0.03599457070231438,1.5183441638946533
974,14625,6599,623,4,0.33701348304748535,0.03441011905670166,0.04748465120792389
975,14674,17616,136,1,0.33345329761505127,0.033123716711997986,1.0475056171417236
976,14682,16270,691,5,0.33562755584716797,0.03471869230270386,-0.021359309554100037
977,14683,5968,603,2,0.33409956097602844,0.034014903008937836,0.025812581181526184
978,14694,8301,711,3,0.334416925907135,0.03413527458906174,-0.1148916631937027
979,14714,18274,19,9,0.3366420567035675,0.034213412553071976,2.257870674133301
980,14732,17177,691,2,0.33568286895751953,0.03542652726173401,-0.021283738315105438
981,14738,18148,59,2,0.33562523126602173,0.03655525669455528,1.4360448122024536
982,14742,8972,1,2,0.3347868323326111,0.03922022879123688,3.6194019317626953
983,14749,12497,81,2,0.33437907695770264,0.037579141557216644,1.4645729064941406
984,14772,17586,333,2,0.3351060450077057,0.03895482420921326,0.5013332366943359
985,14786,18232,1074,3,0.3345421254634857,0.03295597434043884,-0.6240347027778625
986,14787,17086,670,4,0.3367975354194641,0.0307766105979681,-0.07542427629232407
987,14790,7329,92,2,0.3355115056037903,0.03430229052901268,1.2538694143295288
988,14791,11551,268,2,0.33570921421051025,0.03261551260948181,0.5984187722206116
989,14800,17699,1044,2,0.33517202734947205,0.03595184534788132,-0.5672875046730042
990,14804,6369,843,4,0.3361928164958954,0.033043231815099716,-0.2939721345901489
991,14852,18279,436,3,0.3344303071498871,0.03379793465137482,0.25408071279525757
992,14876,16200,74,3,0.3350445330142975,0.03657028079032898,1.4002125263214111
993,14899,18218,1134,5,0.3357979953289032,0.03100675716996193,-0.7831750512123108
994,14929,2083,212,2,0.3340020477771759,0.03232937678694725,0.8229780197143555
995,14934,1280,83,2,0.33581432700157166,0.038812652230262756,1.3874919414520264
996,14959,11567,165,4,0.33709219098091125,0.036558184772729874,0.9326707124710083
997,14994,7324,426,4,0.33835411071777344,0.03738681226968765,0.368375688791275
998,15000,15269,98,2,0.33516591787338257,0.035299744457006454,1.2933472394943237
999,15038,18280,655,3,0.33449283242225647,0.03406253457069397,-0.031417056918144226
1000,15046,10128,69,5,0.3352086842060089,0.03689340502023697,1.4382625818252563
1001,15048,7797,1052,2,0.3338650166988373,0.03293792903423309,-0.5805495977401733
1002,15103,2139,221,2,0.3360265791416168,0.03566591069102287,0.8453782796859741
1003,15124,12508,30,8,0.33894848823547363,0.03515276312828064,2.035339832305908
1004,15154,15349,9,2,0.3348146080970764,0.04260583221912384,2.3814408779144287
1005,15157,13506,1262,1,0.33429256081581116,0.028849907219409943,-1.1226401329040527
1006,15193,18349,1318,4,0.33806344866752625,0.031057240441441536,-1.4727731943130493
1007,15200,13419,133,1,0.33353960514068604,0.032645173370838165,1.053553819656372
1008,15213,1313,1224,2,0.3338719606399536,0.036009982228279114,-0.8707758784294128
1009,15225,4530,564,3,0.3347465395927429,0.034603048115968704,0.1748833954334259
1010,15236,9572,1038,3,0.3354896903038025,0.03386397659778595,-0.6117483973503113
1011,15280,5574,112,3,0.3350633382797241,0.034864477813243866,1.1789242029190063
1012,15285,3496,933,4,0.3370435833930969,0.033505186438560486,-0.5384462475776672
1013,15301,15305,399,3,0.33450382947921753,0.032548077404499054,0.3483006954193115
1014,15302,11494,2,2,0.3350788652896881,0.03957238420844078,4.345062255859375
1015,15317,17194,52,4,0.33735573291778564,0.032434895634651184,1.5147099494934082
1016,15344,12651,3,3,0.33515986800193787,0.03663734719157219,2.052006483078003
1017,15355,18307,35,2,0.33524245023727417,0.04279516264796257,1.668782353401184
1018,15364,1616,142,2,0.3346487581729889,0.035144973546266556,1.031744360923767
1019,15390,1344,397,2,0.33577120304107666,0.0317087322473526,0.32542291283607483
1020,15400,18079,863,2,0.33362501859664917,0.03307927027344704,-0.3511497676372528
1021,15435,2184,478,3,0.3353733718395233,0.03302278369665146,0.24204260110855103
1022,15459,14632,15,5,0.3355165719985962,0.03655495122075081,2.2705237865448
1023,15466,16243,613,4,0.3371215760707855,0.031859174370765686,-0.024479351937770844
1024,15479,17262,1237,6,0.3366381525993347,0.035232484340667725,-1.113949179649353
1025,15499,16628,203,2,0.3349791467189789,0.03540570288896561,0.9614644646644592
1026,15510,5032,2,2,0.3344755470752716,0.036406420171260834,3.6249215602874756
1027,15532,7551,503,1,0.33301010727882385,0.03302310034632683,0.2592439651489258
1028,15543,12564,300,2,0.3353825807571411,0.039581410586833954,0.49248284101486206
1029,15546,4997,1139,4,0.33810707926750183,0.03527043014764786,-0.8716678619384766
1030,15558,17998,931,2,0.33451345562934875,0.034646302461624146,-0.4503399729728699
1031,15572,8902,27,1,0.33511611819267273,0.03969019651412964,2.0391082763671875
1032,15614,18325,208,4,0.33677616715431213,0.033399373292922974,0.8088762164115906
1033,15621,12104,411,2,0.3344660997390747,0.03152357414364815,0.36841633915901184
1034,15682,15312,6,6,0.33695879578590393,0.035914745181798935,2.8622848987579346
1035,15690,14153,274,3,0.3351188600063324,0.034772831946611404,0.5853009223937988
1036,15717,2276,23,7,0.3354305922985077,0.03402715176343918,1.7592599391937256
1037,15728,9034,315,3,0.3354068100452423,0.03206124156713486,0.5598531365394592
1038,15761,14153,330,2,0.33623725175857544,0.03344009071588516,0.4677811861038208
1039,15772,5739,942,3,0.33473652601242065,0.031856171786785126,-0.44294875860214233
1040,15795,6325,619,2,0.33404800295829773,0.033970076590776443,0.05505038797855377
1041,15806,6163,1,10,0.33561933040618896,0.03656664490699768,4.644719123840332
1042,15808,7479,261,8,0.33827728033065796,0.03394274413585663,0.6512906551361084
1043,15822,15536,770,1,0.3335376977920532,0.03408791124820709,-0.2977452278137207
1044,15823,17696,1233,2,0.3340945839881897,0.0345182828605175,-1.0914069414138794
1045,15827,7000,17,4,0.33718132972717285,0.03561507910490036,2.818002700805664
1046,15855,10828,253,2,0.3348456025123596,0.038127247244119644,0.6684103608131409
1047,15864,3614,274,3,0.3349383771419525,0.03504102677106857,0.6751274466514587
1048,15912,2093,6,3,0.3357383906841278,0.0379875972867012,2.5199365615844727
1049,15935,11500,295,2,0.3344997763633728,0.03507963567972183,0.4462811350822449
1050,15971,13943,698,2,0.33474794030189514,0.037026297301054,-0.028858017176389694
1051,15981,6327,339,4,0.3372950553894043,0.0340321846306324,0.43577319383621216
1052,15985,17264,1101,3,0.3350459933280945,0.033456962555646896,-0.6938591599464417
1053,16030,4158,1108,4,0.3367944061756134,0.034517135471105576,-0.6935765743255615
1054,16054,8999,875,2,0.3342885673046112,0.03293677046895027,-0.31476855278015137
1055,16055,3747,1076,2,0.33480197191238403,0.0329064205288887,-0.6729233860969543
1056,16085,17824,393,6,0.3367224633693695,0.03435078263282776,0.30613526701927185
1057,16099,3541,907,2,0.33519479632377625,0.03215343505144119,-0.39875075221061707
1058,16105,14565,9,5,0.3359000086784363,0.03565099835395813,3.360159158706665
1059,16174,18098,289,3,0.3349840044975281,0.03555338829755783,0.5173019766807556
1060,16205,17886,88,2,0.3339870870113373,0.03549709916114807,1.2732919454574585
1061,16220,14565,538,1,0.33429044485092163,0.03654317185282707,0.17956258356571198
1062,16288,18195,464,2,0.3341846466064453,0.030846865847706795,0.25102224946022034
1063,16325,16394,1297,5,0.33646678924560547,0.030748868361115456,-1.2169773578643799
1064,16411,10478,108,2,0.33473169803619385,0.03792673349380493,1.3826007843017578
1065,16421,1739,436,3,0.33458441495895386,0.03410065919160843,0.2786550521850586
1066,16433,2198,777,2,0.3340042531490326,0.033149201422929764,-0.1893317699432373
1067,16449,10682,325,3,0.3352833390235901,0.03520822525024414,0.6199090480804443
1068,16472,5992,374,2,0.3344777822494507,0.03498322144150734,0.4472024440765381
1069,16499,15640,1160,2,0.3347184658050537,0.03353185951709747,-0.9271634817123413
1070,16501,11986,84,4,0.3375307321548462,0.03846818953752518,1.2908720970153809
1071,16533,11467,1,1,0.33433398604393005,0.038489993661642075,3.221795082092285
1072,16535,6848,51,2,0.3341691493988037,0.034546028822660446,1.4146329164505005
1073,16544,17149,179,2,0.33536607027053833,0.036020174622535706,0.9950626492500305
1074,16548,1486,390,3,0.33431026339530945,0.03348289057612419,0.34294500946998596
1075,16554,16707,132,2,0.33475393056869507,0.03595351800322533,0.9748639464378357
1076,16636,9949,86,2,0.3344833552837372,0.035217542201280594,1.366326093673706
1077,16666,18185,892,5,0.33545172214508057,0.03335841745138168,-0.39639371633529663
1078,16672,11904,119,3,0.33474865555763245,0.03394417092204094,1.0969336032867432
1079,16675,18072,1096,2,0.3348590135574341,0.03481537848711014,-0.7546992897987366
1080,16718,18309,594,3,0.3344155251979828,0.034266844391822815,0.015396900475025177
1081,16746,17960,629,1,0.335612952709198,0.032598111778497696,-0.01030818372964859
1082,16750,13181,14,2,0.33441171050071716,0.03613444045186043,1.9069077968597412
1083,16843,18014,441,2,0.3343409597873688,0.03438866138458252,0.4801408648490906
1084,16850,14407,684,8,0.33818885684013367,0.035373274236917496,-0.04456464946269989
1085,16851,13782,10,2,0.33396175503730774,0.034154824912548065,2.4275550842285156
1086,16869,1529,556,2,0.3342024087905884,0.03315562754869461,0.1456095576286316
1087,16876,15991,738,3,0.3347189128398895,0.03195221722126007,-0.18871739506721497
1088,16919,18330,32,3,0.33440396189689636,0.033785466104745865,1.6836193799972534
1089,16920,17940,186,2,0.33359494805336,0.03368863835930824,0.9853641986846924
1090,16923,17090,205,5,0.33561328053474426,0.032553236931562424,0.7833322286605835
1091,16956,18335,122,3,0.3353472352027893,0.03545190393924713,1.083660364151001
1092,16974,16799,137,2,0.3340064585208893,0.033854082226753235,1.061310887336731
1093,16980,10153,22,3,0.3347775340080261,0.036275655031204224,1.682511568069458
1094,17008,17099,396,3,0.33456021547317505,0.03410244360566139,0.45438846945762634
1095,17020,8139,41,4,0.336822509765625,0.03388705849647522,1.6769750118255615
1096,17026,16018,527,2,0.33385345339775085,0.03361044079065323,0.20504958927631378
1097,17047,14207,284,3,0.33597397804260254,0.03722351789474487,0.5623117685317993
1098,17057,10204,325,2,0.33540692925453186,0.03747669979929924,0.5941280126571655
1099,17060,18307,742,5,0.3356708586215973,0.037022076547145844,-0.19341322779655457
1100,17071,1553,829,2,0.33446669578552246,0.03450806438922882,-0.24650441110134125
1101,17087,9450,425,5,0.3358345329761505,0.03356688842177391,0.3989481031894684
1102,17101,2093,12,9,0.3370201587677002,0.036581870168447495,2.618479013442993
1103,17121,16953,532,5,0.3350852131843567,0.03551185503602028,0.2052219808101654
1104,17124,10673,164,2,0.33430200815200806,0.035377293825149536,1.0235693454742432
1105,17152,17085,327,2,0.33412468433380127,0.031415536999702454,0.45813536643981934
1106,17183,17209,1157,3,0.33477360010147095,0.034074343740940094,-0.8368703126907349
1107,17202,13844,103,5,0.3360477089881897,0.03882526606321335,1.0664265155792236
1108,17212,6427,692,3,0.33586207032203674,0.040828339755535126,-0.10896964371204376
1109,17220,3558,171,1,0.3348386287689209,0.03569217771291733,0.9039257168769836
1110,17224,15436,612,4,0.3370639681816101,0.03458274155855179,-0.0005531534552574158
1111,17267,17891,1041,2,0.33474889397621155,0.03352852910757065,-0.5588734745979309
1112,17276,12421,200,2,0.33510851860046387,0.03739606589078903,0.8808421492576599
1113,17300,15345,341,4,0.3374244272708893,0.03686466068029404,0.5079969763755798
1114,17372,1600,761,2,0.33409833908081055,0.034527331590652466,-0.11855654418468475
1115,17457,11561,407,2,0.3346824049949646,0.03439423441886902,0.3710058927536011
1116,17495,13746,320,4,0.3367466926574707,0.03260844200849533,0.5097267031669617
1117,17519,7728,69,2,0.3350343704223633,0.03626452386379242,1.4838191270828247
1118,17524,5858,789,2,0.3349047303199768,0.03483995050191879,-0.30629676580429077
1119,17598,12390,617,2,0.3352302312850952,0.032422274351119995,-0.004696682095527649
1120,17631,16332,1004,2,0.33555999398231506,0.04010274261236191,-0.5609807968139648
1121,17671,18277,748,2,0.33442047238349915,0.03451782837510109,-0.19996586441993713
1122,17672,17085,551,3,0.33608466386795044,0.03376515209674835,0.11605510115623474
1123,17673,18277,815,4,0.336262047290802,0.03490728884935379,-0.2630082070827484
1124,17677,18232,628,4,0.33767959475517273,0.03408873453736305,0.008340459316968918
1125,17682,17566,204,3,0.3356906771659851,0.032993145287036896,0.8385589122772217
1126,17684,18307,868,2,0.3347376883029938,0.036936260759830475,-0.2539621591567993
1127,17687,18334,496,2,0.33412012457847595,0.03495252877473831,0.14613305032253265
1128,17726,14458,347,4,0.3371933400630951,0.03458859771490097,0.39911380410194397
1129,17759,6715,1281,7,0.33557364344596863,0.03428196907043457,-1.1576497554779053
1130,17762,14127,1305,3,0.3345004618167877,0.03193705528974533,-1.3653690814971924
1131,17766,12513,127,4,0.3382733166217804,0.03567919880151749,1.051058292388916
1132,17802,15592,631,3,0.3359996974468231,0.03906340152025223,-0.023303508758544922
1133,17838,2113,1322,2,0.3340908885002136,0.03252825886011124,-1.4342377185821533
1134,17873,12848,90,2,0.3348902463912964,0.03956832364201546,1.224501371383667
1135,17893,1670,542,2,0.33500105142593384,0.03636552393436432,0.14777135848999023
1136,17953,17564,660,1,0.3342270851135254,0.03613227978348732,-0.012106373906135559
1137,17991,2971,425,2,0.3347961902618408,0.03357098251581192,0.36275631189346313
1138,17995,16729,362,2,0.33385804295539856,0.03222835063934326,0.3622893691062927
1139,18018,1690,7,3,0.33424562215805054,0.03291475772857666,2.200268268585205
1140,18024,13448,751,4,0.336874395608902,0.03390661999583244,-0.11130275577306747
1141,18025,14224,50,3,0.33466997742652893,0.03715001419186592,1.5394091606140137
1142,18031,2858,464,5,0.335260808467865,0.03545995056629181,0.2459918111562729
1143,18039,15079,62,2,0.334798663854599,0.0369071289896965,1.4831165075302124
1144,18047,14827,865,2,0.3348676860332489,0.03463247790932655,-0.41326043009757996
1145,18057,3421,421,4,0.33717989921569824,0.03363673388957977,0.40528404712677
1146,18064,1696,25,2,0.3343038558959961,0.035347435623407364,1.5700936317443848
1147,18077,18315,27,2,0.3344164490699768,0.032654426991939545,1.8901546001434326
1148,18125,12726,1025,2,0.334469735622406,0.031474895775318146,-0.6415408253669739
1149,18177,15989,59,2,0.33438947796821594,0.03611079603433609,1.3918461799621582
1150,18224,1800,206,2,0.3343203365802765,0.033457644283771515,0.7877440452575684
1151,18236,16635,22,3,0.33520203828811646,0.036080893129110336,2.006254196166992
1152,18246,10517,297,2,0.33446216583251953,0.035988904535770416,0.6131916046142578
1153,18247,18064,1194,1,0.3343959152698517,0.03013518638908863,-0.9324871301651001
1154,18341,17227,1205,2,0.33498480916023254,0.031008582562208176,-1.0148131847381592
1155,18343,4770,15,4,0.3367113471031189,0.035117700695991516,1.9578759670257568
1156,18350,10576,3,2,0.3347136378288269,0.03850076347589493,2.6918325424194336
1157,18365,6783,284,2,0.33393898606300354,0.033350586891174316,0.7845413088798523
1158,18395,7385,1111,2,0.33566904067993164,0.035841282457113266,-0.9346151947975159
1159,18461,5369,16,2,0.33602797985076904,0.039717547595500946,2.108360528945923
1160,18470,17742,810,1,0.3335961699485779,0.03341145068407059,-0.29725340008735657
1161,18593,12414,244,2,0.33477652072906494,0.03594357147812843,0.6878726482391357
1162,18602,17453,59,3,0.3353937864303589,0.03608853369951248,1.9704676866531372
1163,18645,5465,289,2,0.33503907918930054,0.03336096927523613,0.585236132144928
1164,18685,14450,772,2,0.3347126841545105,0.03724467381834984,-0.2620878517627716
1165,18703,15523,718,2,0.33485859632492065,0.03567340970039368,-0.08679026365280151
1166,18711,6350,179,4,0.33640792965888977,0.03474217653274536,0.8143396973609924
1167,18712,7664,1161,2,0.33570587635040283,0.03176776319742203,-0.833345353603363
1168,18724,2743,208,3,0.33536022901535034,0.03673076257109642,0.7943099141120911
1169,18778,10204,61,3,0.334816575050354,0.03317747265100479,1.410625696182251
1170,18792,17714,529,3,0.33538752794265747,0.035562075674533844,0.14908328652381897
1171,18845,3209,1200,1,0.33358827233314514,0.03198030963540077,-1.0461947917938232
1172,19003,10422,507,2,0.33410319685935974,0.03525305539369583,0.2245921492576599
1173,19089,5555,321,2,0.3339894711971283,0.03277777135372162,0.47292423248291016
1174,19112,1884,867,3,0.3352303206920624,0.03639199957251549,-0.2973032593727112
1175,19133,18326,526,1,0.3367176353931427,0.035904835909605026,0.21368283033370972
1176,19139,18112,1219,1,0.33361557126045227,0.03395102545619011,-1.1096912622451782
1177,19140,1866,398,2,0.3343753516674042,0.034735728055238724,0.5045206546783447
1178,19156,17724,319,3,0.3352481722831726,0.03204691410064697,0.7598299980163574
1179,19182,17521,1,3,0.3347308337688446,0.03516896814107895,2.9847571849823
1180,19205,14676,141,3,0.3363566994667053,0.03988577052950859,1.0831913948059082
1181,19224,9447,188,4,0.33676275610923767,0.031594496220350266,0.8038511872291565
1182,19257,12210,36,3,0.3342888653278351,0.03423366695642471,1.6086658239364624
1183,19262,18150,751,3,0.3362850546836853,0.035373490303754807,-0.23059296607971191
1184,19263,11705,314,1,0.3339051604270935,0.03125002607703209,0.4656107723712921
1185,19276,1885,44,4,0.3364194333553314,0.034094467759132385,1.330081820487976
1186,19311,5602,690,1,0.3349821865558624,0.037069257348775864,-0.048004399985075
1187,19318,18209,299,4,0.3369692265987396,0.033283598721027374,0.5625704526901245
1188,19354,6295,115,7,0.3360426425933838,0.033874642103910446,1.120152235031128
1189,19377,16132,285,2,0.33484378457069397,0.03401810675859451,0.7740136384963989
1190,19408,4834,201,2,0.33510589599609375,0.03485802561044693,0.921016275882721
1191,19415,17473,34,2,0.33437663316726685,0.035699717700481415,1.5622382164001465
1192,19484,18261,1152,5,0.33536460995674133,0.03351345658302307,-0.7011935710906982
1193,19490,18023,280,3,0.33560264110565186,0.034112896770238876,0.5967523455619812
1194,19525,12093,885,2,0.3344332277774811,0.03384038805961609,-0.4220171868801117
1195,19541,18305,236,2,0.3341655135154724,0.03359328210353851,0.8589301109313965
1196,19575,2062,754,3,0.3347418010234833,0.032760217785835266,-0.13982002437114716
1197,19634,9633,868,2,0.33498215675354004,0.03311389684677124,-0.35583147406578064
1198,19663,15607,12,2,0.3352292478084564,0.03986407443881035,1.8629685640335083
1199,19683,7946,228,2,0.3343581259250641,0.032979726791381836,0.6909101009368896
1200,19720,9142,635,2,0.33418217301368713,0.03415476530790329,0.02591646835207939
1201,19732,18337,95,2,0.33457428216934204,0.036682579666376114,1.347003698348999
1202,19854,15569,12,2,0.3345661163330078,0.03875315189361572,2.568145751953125
1203,19858,15500,96,2,0.3338911235332489,0.03545675426721573,1.257408857345581
1204,19859,6979,18,3,0.3351469039916992,0.03659005090594292,2.214794397354126
1205,19896,9866,696,3,0.3351610600948334,0.036032192409038544,-0.08968821167945862
1206,19919,5686,57,4,0.3382263779640198,0.038387034088373184,1.6445467472076416
1207,19943,15782,30,1,0.33361002802848816,0.03763321787118912,1.690582513809204
1208,19947,17227,1125,2,0.33465322852134705,0.03186260163784027,-0.7136366963386536
1209,19948,18307,1256,8,0.3382982909679413,0.03645418584346771,-1.1801514625549316
1210,19983,17075,53,6,0.33702540397644043,0.03469479829072952,1.7610042095184326
1211,20033,2029,6,4,0.3366847336292267,0.03549523279070854,2.7309021949768066
1212,20038,18315,3,3,0.3347313702106476,0.03566566854715347,2.967170000076294
1213,20043,6335,81,2,0.3342639207839966,0.03569945693016052,1.2295019626617432
1214,20047,2030,979,2,0.33491069078445435,0.033155933022499084,-0.46700581908226013
1215,20051,18307,1341,10,0.3348659574985504,0.03427368775010109,-1.9160916805267334
1216,20056,6970,1088,3,0.335406631231308,0.03189750015735626,-0.6553031802177429
1217,20075,16720,1162,2,0.3356820046901703,0.03403669223189354,-0.9317420721054077
1218,20085,8761,202,3,0.33526453375816345,0.03375760093331337,0.8385860323905945
1219,20106,13980,736,2,0.3344631493091583,0.03482469171285629,-0.14732573926448822
1220,20107,15253,123,2,0.33384308218955994,0.035207562148571014,1.13431715965271
1221,20166,2045,2,4,0.33730828762054443,0.03741229325532913,2.818375587463379
1222,20186,11187,330,3,0.3358176350593567,0.03762117400765419,0.4943133592605591
1223,20190,10107,143,2,0.33441904187202454,0.03519872948527336,0.926367998123169
1224,20217,17523,423,3,0.33597424626350403,0.03829126060009003,0.2948424518108368
1225,20219,18195,36,10,0.3351714313030243,0.0337221622467041,1.869256615638733
1226,20277,3637,778,1,0.3345728814601898,0.03403441980481148,-0.1953187733888626
1227,20278,9740,80,2,0.3343527019023895,0.03670651093125343,1.3410284519195557
1228,20332,2075,48,4,0.33727169036865234,0.033359721302986145,1.5839589834213257
1229,20352,12477,898,2,0.3341875970363617,0.03399841859936714,-0.3807913661003113
1230,20369,5489,42,6,0.33651354908943176,0.03485879302024841,1.730472445487976
1231,20387,7000,7,2,0.33587560057640076,0.03913168981671333,2.4606831073760986
1232,20412,3451,1158,2,0.3345310091972351,0.03280196338891983,-0.8756560683250427
1233,20421,16985,232,2,0.3346511721611023,0.0390765443444252,0.7602868676185608
1234,20453,15222,454,3,0.3349642753601074,0.03211598843336105,0.22747328877449036
1235,20466,18179,99,2,0.33463847637176514,0.03407403454184532,1.259148120880127
1236,20467,17640,495,1,0.3338320255279541,0.03419329971075058,0.3067435920238495
1237,20484,4206,1066,2,0.3358853757381439,0.03588000684976578,-0.6883187294006348
1238,20592,17799,122,2,0.3341146409511566,0.03265960514545441,0.9544582962989807
1239,20630,5831,58,1,0.33505937457084656,0.04428410902619362,1.9067044258117676
1240,20651,4713,1,2,0.33459731936454773,0.036461688578128815,4.546331405639648
1241,20693,10067,105,3,0.3350481390953064,0.03655138611793518,1.0867048501968384
1242,20744,17090,597,3,0.3348219096660614,0.03247006610035896,0.08056418597698212
1243,20748,18274,751,3,0.3348776400089264,0.03260693699121475,-0.24276570975780487
1244,20772,18254,291,2,0.334285169839859,0.03511882573366165,0.6304954886436462
1245,20783,2142,17,2,0.3344230651855469,0.033312369138002396,1.9112262725830078
1246,20831,18307,253,3,0.3350076377391815,0.0391269251704216,0.7006967067718506
1247,20841,14676,419,3,0.33463382720947266,0.033158451318740845,0.42256397008895874
1248,20847,11418,711,3,0.33497297763824463,0.03474079817533493,-0.13002610206604004
1249,20851,14188,358,2,0.33449786901474,0.036211490631103516,0.4296661615371704
1250,20853,15782,87,2,0.33483025431632996,0.036549583077430725,1.2295198440551758
1251,20854,9326,1089,3,0.33496764302253723,0.033943407237529755,-0.675967276096344
1252,20872,16200,116,4,0.3372054100036621,0.03449740633368492,1.0651540756225586
1253,20887,10977,35,1,0.3350738286972046,0.03760071098804474,1.542167067527771
1254,20904,17393,153,2,0.3348744213581085,0.035365961492061615,1.030061960220337
1255,20922,5220,263,1,0.33330288529396057,0.03546689450740814,0.8880860805511475
1256,20937,2173,938,2,0.334187775850296,0.03498971462249756,-0.48662710189819336
1257,20938,18334,1089,2,0.3353007435798645,0.03515823930501938,-0.7506681084632874
1258,20958,3469,907,1,0.33495447039604187,0.030299067497253418,-0.4507545232772827
1259,20995,4453,762,2,0.33431413769721985,0.03178037703037262,-0.2218872457742691
1260,21004,15673,169,2,0.33470118045806885,0.03587884455919266,1.1654051542282104
1261,21038,10138,23,4,0.33689242601394653,0.0349382609128952,1.7270326614379883
1262,21047,16702,205,3,0.33532682061195374,0.0336749404668808,0.9298538565635681
1263,21102,18205,657,2,0.33422064781188965,0.036175765097141266,-0.054514795541763306
1264,21113,2284,284,5,0.3353342115879059,0.03526797890663147,0.5854072570800781
1265,21122,16791,336,3,0.33495455980300903,0.03384384140372276,0.5486196279525757
1266,21145,5951,239,2,0.3345140218734741,0.03285389021039009,0.8145574927330017
1267,21156,11280,1135,3,0.3348780870437622,0.03427649289369583,-0.7588026523590088
1268,21165,14552,493,3,0.3342662453651428,0.03440885618329048,0.24596230685710907
1269,21184,17376,318,2,0.3340664505958557,0.03473631292581558,0.6184494495391846
1270,21194,17662,345,3,0.3343559801578522,0.03275151550769806,0.5698906183242798
1271,21203,17071,33,2,0.3343401849269867,0.035947076976299286,1.5850675106048584
1272,21204,15508,702,4,0.33661556243896484,0.03298775851726532,-0.09910817444324493
1273,21227,6318,554,3,0.3345044255256653,0.03303348273038864,0.1190815269947052
1274,21350,6924,43,3,0.33488017320632935,0.03601973503828049,2.046060562133789
1275,21383,2295,813,6,0.3366411030292511,0.032622478902339935,-0.29380229115486145
1276,21533,15709,878,1,0.3341801166534424,0.03644902631640434,-0.36316174268722534
1277,21589,17979,1145,2,0.3340492844581604,0.034861668944358826,-0.7602283954620361
1278,21598,2275,60,2,0.3340680003166199,0.0344880074262619,1.454601764678955
1279,21600,11465,321,2,0.3358345925807953,0.03605625033378601,0.5230113863945007
1280,21602,14752,244,2,0.33527034521102905,0.034710802137851715,0.7149813771247864
1281,21701,11507,90,4,0.33789509534835815,0.03603798896074295,1.210461139678955
1282,21715,8212,1198,1,0.3364492952823639,0.029138676822185516,-1.1345595121383667
1283,21772,18287,600,3,0.33458083868026733,0.031883180141448975,0.0287628173828125
1284,21777,18334,382,2,0.3342800438404083,0.032476309686899185,0.38376837968826294
1285,21797,18298,31,4,0.3372842073440552,0.03388882428407669,1.9396347999572754
1286,21804,5605,108,2,0.3343208134174347,0.03393560275435448,1.2458399534225464
1287,21811,2308,706,2,0.33509331941604614,0.03307723626494408,-0.13513652980327606
1288,21823,13267,54,2,0.3346708118915558,0.03712677210569382,1.4909204244613647
1289,21878,17494,192,2,0.33540335297584534,0.0360262393951416,0.9565078616142273
1290,21909,10284,49,3,0.3341997563838959,0.03257676213979721,1.5570911169052124
1291,21923,18287,214,3,0.3346408009529114,0.032978955656290054,0.8419733643531799
1292,21927,18307,815,5,0.3354898989200592,0.036128219217061996,-0.3218029737472534
1293,21941,7191,618,2,0.3347029685974121,0.03237469494342804,0.05047351121902466
1294,21944,5503,371,2,0.334005743265152,0.034385599195957184,0.48000568151474
1295,21963,16074,780,2,0.3344458341598511,0.032037124037742615,-0.18527722358703613
1296,21982,16948,401,1,0.3338833451271057,0.03426383063197136,0.5252310037612915
1297,22031,7573,64,2,0.33481067419052124,0.036121733486652374,1.451669454574585
1298,22045,16809,215,4,0.33635106682777405,0.03383520245552063,0.7369226217269897
1299,22050,3741,601,2,0.33429577946662903,0.03435520827770233,0.10738915950059891
1300,22059,17824,10,3,0.3355942964553833,0.03730705380439758,2.6770808696746826
1301,22068,14576,605,2,0.33610785007476807,0.034303829073905945,0.11606258898973465
1302,22072,17588,1220,7,0.3353193700313568,0.033275146037340164,-1.0457348823547363
1303,22085,13576,421,2,0.3342665135860443,0.03345302492380142,0.33996066451072693
1304,22180,6169,656,4,0.3384246230125427,0.037801891565322876,-0.00242454931139946
1305,22219,5706,1,4,0.33639344573020935,0.03401202708482742,3.49027419090271
1306,22224,15249,278,2,0.33516111969947815,0.03501903638243675,0.7085475325584412
1307,22357,11536,259,3,0.3347313702106476,0.032676540315151215,0.5709350109100342
1308,22362,18281,674,3,0.3352116048336029,0.034260813146829605,-0.012637607753276825
1309,22386,4277,335,2,0.3346903920173645,0.034244436770677567,0.4768442213535309
1310,22399,18254,65,1,0.33298590779304504,0.033007457852363586,1.278464913368225
1311,22549,18281,506,3,0.3344684839248657,0.0346701517701149,0.1649744212627411
1312,22556,15601,886,2,0.33455997705459595,0.032619327306747437,-0.3316948413848877
1313,22562,15334,87,1,0.3347882330417633,0.03679737448692322,1.3851118087768555
1314,22613,17352,407,3,0.33439207077026367,0.03291238471865654,0.44429486989974976
1315,22630,18320,1216,5,0.3354729413986206,0.03560355678200722,-0.9944748878479004
1316,22638,2483,4,2,0.3346552550792694,0.03802204132080078,2.616856336593628
1317,22732,7713,380,3,0.33498314023017883,0.033747099339962006,0.46378034353256226
1318,22746,13014,1301,2,0.3341746926307678,0.03365977481007576,-1.2788649797439575
1319,22749,17816,239,2,0.3346990942955017,0.03870667517185211,0.8353255391120911
1320,22774,15721,74,2,0.3347075581550598,0.036506615579128265,1.3418216705322266
1321,22805,15545,76,1,0.33358582854270935,0.03379737585783005,1.3863999843597412
1322,22839,14074,75,2,0.33453992009162903,0.033383000642061234,1.33381986618042
1323,22910,2537,1052,2,0.3342382311820984,0.03320961073040962,-0.5696993470191956
1324,22927,11209,176,2,0.33360555768013,0.03423589468002319,0.850392758846283
1325,22932,13312,107,2,0.3347229063510895,0.034705258905887604,1.1008883714675903
1326,22955,18145,59,2,0.3345903754234314,0.03520936518907547,1.3468139171600342
1327,22960,7215,496,2,0.3341650068759918,0.03226640075445175,0.29822203516960144
1328,22967,18298,5,2,0.3351788818836212,0.03568750619888306,3.694408893585205
1329,22968,14125,622,1,0.3338266909122467,0.029976006597280502,0.008964359760284424
1330,22974,18278,823,4,0.33628854155540466,0.032870519906282425,-0.26151204109191895
1331,22996,2562,77,3,0.3352738320827484,0.03712242841720581,1.2246525287628174
1332,23009,13091,89,2,0.3341539204120636,0.03512786328792572,1.2805073261260986
1333,23099,11865,1024,2,0.3340534269809723,0.02969951741397381,-0.5903652906417847
1334,23111,17316,146,2,0.3351343870162964,0.034410279244184494,1.041709303855896
1335,23112,2573,592,2,0.33473917841911316,0.03338302671909332,0.011999279260635376
1336,23118,2575,500,3,0.33444952964782715,0.03251993656158447,0.27312347292900085
1337,23124,13432,410,2,0.3342767357826233,0.03349291533231735,0.34085771441459656
1338,23179,9679,1334,2,0.3353925347328186,0.0297846719622612,-1.679324984550476
1339,23180,7134,277,2,0.3343920111656189,0.03495651111006737,0.6674262285232544
1340,23211,8352,257,3,0.33500948548316956,0.035514947026968,0.7567023634910583
1341,23236,17474,206,1,0.33354923129081726,0.036212824285030365,0.8517004251480103
1342,23250,18069,105,2,0.33470556139945984,0.03690090775489807,1.1009728908538818
1343,23256,13780,230,1,0.3338733911514282,0.03564189746975899,0.8632435202598572
1344,23285,18274,463,2,0.33543065190315247,0.03290533274412155,0.38739892840385437
1345,23304,3248,217,2,0.33440962433815,0.035579148679971695,0.7858287692070007
1346,23327,2600,207,2,0.33508527278900146,0.0366455540060997,0.9685141444206238
1347,23346,3436,4,7,0.3366025388240814,0.03929950296878815,3.0191426277160645
1348,23378,14814,308,1,0.3353444039821625,0.035671837627887726,0.41641467809677124
1349,23393,2612,14,3,0.33553820848464966,0.0364963673055172,2.423210382461548
1350,23420,12608,692,2,0.3342199921607971,0.032993853092193604,-0.09729370474815369
1351,23426,15519,1054,3,0.33480319380760193,0.03399078547954559,-0.6362670063972473
1352,23476,11411,867,1,0.33428898453712463,0.03553172945976257,-0.36421725153923035
1353,23519,18084,1272,1,0.33353185653686523,0.038504116237163544,-1.2621945142745972
1354,23525,15334,217,2,0.3346622586250305,0.03368327021598816,0.7842331528663635
1355,23544,12949,1122,2,0.333889365196228,0.030718253925442696,-0.819029688835144
1356,23602,3783,496,3,0.33496221899986267,0.03760772943496704,0.30111122131347656
1357,23769,17270,72,3,0.3355189561843872,0.037682946771383286,1.2330644130706787
1358,23805,3782,872,2,0.33491289615631104,0.04017407447099686,-0.3296055793762207
1359,23824,18012,496,4,0.3376104533672333,0.035015903413295746,0.28780800104141235
1360,23847,9061,2,6,0.33731552958488464,0.03665049001574516,3.8723840713500977
1361,23849,17941,509,2,0.3340661823749542,0.03416110575199127,0.1487051248550415
1362,23857,10274,299,3,0.3362950384616852,0.038507916033267975,0.6074061393737793
1363,23875,8813,392,5,0.3360658884048462,0.039052676409482956,0.5244981646537781
1364,23893,17085,110,2,0.3344498872756958,0.03242401033639908,1.1632726192474365
1365,23904,18244,391,3,0.3354153335094452,0.03624342754483223,0.36366206407546997
1366,23911,4017,117,2,0.3349471688270569,0.035288721323013306,1.1329960823059082
1367,23921,18307,862,5,0.3364538550376892,0.038289859890937805,-0.3298439681529999
1368,23925,18334,397,2,0.3345138132572174,0.03590214252471924,0.43136531114578247
1369,23945,7661,7,3,0.33581626415252686,0.03731154650449753,2.2212047576904297
1370,23972,15190,35,3,0.33583807945251465,0.03891951963305473,1.8518579006195068
1371,23999,4380,1136,2,0.33463814854621887,0.03482522442936897,-0.7941417694091797
1372,24003,2971,132,3,0.33477091789245605,0.036007992923259735,1.064301609992981
1373,24050,6108,664,2,0.33445069193840027,0.03324662894010544,-0.0053775012493133545
1374,24072,6330,245,3,0.33486318588256836,0.03664511442184448,0.726938009262085
1375,24092,14883,222,1,0.334151953458786,0.03633468598127365,0.7280683517456055
1376,24155,2770,903,2,0.3342326879501343,0.03561630845069885,-0.37075069546699524
1377,24243,18244,16,2,0.3355932831764221,0.039495889097452164,2.151482582092285
1378,24274,3994,135,2,0.3347204923629761,0.036840423941612244,1.0478341579437256
1379,24335,17539,646,2,0.33434346318244934,0.033725522458553314,0.0036711767315864563
1380,24355,17025,342,5,0.3359764516353607,0.036475908011198044,0.5343018770217896
1381,24362,9678,830,3,0.3346763253211975,0.03160887211561203,-0.3055937886238098
1382,24407,12340,1219,2,0.33389031887054443,0.03244609013199806,-1.0652250051498413
1383,24515,18324,30,5,0.33591893315315247,0.03613584116101265,1.718037724494934
1384,24518,15607,11,4,0.3373340666294098,0.03830327093601227,2.109550714492798
1385,24572,16096,1265,2,0.33513766527175903,0.03084571659564972,-1.1869735717773438
1386,24580,2853,961,2,0.3349951207637787,0.029910702258348465,-0.5131465196609497
1387,24605,13239,421,2,0.33434244990348816,0.03253360837697983,0.4654494822025299
1388,24757,17146,310,2,0.33478036522865295,0.03461473435163498,0.698710024356842
1389,24760,13540,729,2,0.33574411273002625,0.03453236073255539,-0.18667100369930267
1390,24761,7440,607,2,0.3362691104412079,0.039500921964645386,0.06824737787246704
1391,24784,9372,888,2,0.33479058742523193,0.03020218387246132,-0.44449010491371155
1392,24831,5236,1109,3,0.334402471780777,0.032226115465164185,-0.7184607982635498
1393,24845,12334,4,3,0.33553051948547363,0.03785312920808792,3.268435478210449
1394,24872,3582,969,2,0.3348977267742157,0.03629475086927414,-0.5144751071929932
1395,24929,17021,974,2,0.3344978392124176,0.03412211686372757,-0.48909443616867065
1396,24952,18164,1334,10,0.3358916938304901,0.033425383269786835,-1.7200779914855957
1397,24957,17943,697,6,0.3368186950683594,0.035138390958309174,-0.11017782986164093
1398,24962,18307,887,4,0.33603328466415405,0.030981337651610374,-0.4180055856704712
1399,24964,18209,468,3,0.3343588709831238,0.03329193964600563,0.21670660376548767
1400,24966,18276,65,4,0.3370853662490845,0.0370473638176918,1.5093529224395752
1401,24967,17085,512,3,0.33478257060050964,0.032158318907022476,0.16786940395832062
1402,25115,10314,357,2,0.33513203263282776,0.03709697350859642,0.6990150809288025
1403,25207,7530,79,2,0.3352740705013275,0.03729040175676346,1.3510311841964722
1404,25242,15579,702,1,0.33514848351478577,0.03550272807478905,-0.13473676145076752
1405,25318,14174,83,2,0.33448436856269836,0.03548140823841095,1.2642498016357422
1406,25321,17385,489,2,0.33403193950653076,0.033788274973630905,0.16222013533115387
1407,25324,15042,75,3,0.33501771092414856,0.034516025334596634,1.3014981746673584
1408,25355,13195,133,2,0.3341812193393707,0.03613102436065674,0.9878897666931152
1409,25356,11261,198,4,0.3377619683742523,0.034981828182935715,0.8735798597335815
1410,25379,11732,12,3,0.3343009054660797,0.034265514463186264,1.844526767730713
1411,25382,14176,80,1,0.33440107107162476,0.038024887442588806,1.3256804943084717
1412,25395,8525,203,1,0.33430370688438416,0.04078483581542969,0.9862923622131348
1413,25399,11922,51,6,0.3369807302951813,0.03455326333642006,1.4846985340118408
1414,25403,16300,351,2,0.3351694643497467,0.03745089843869209,0.6970322132110596
1415,25544,17862,1003,2,0.3348247706890106,0.034224044531583786,-0.49793535470962524
1416,25580,7349,2,2,0.3350132703781128,0.03839880973100662,3.195704936981201
1417,25586,18320,591,2,0.33456841111183167,0.03630803897976875,0.029209792613983154
1418,25591,18273,1,3,0.3346518278121948,0.03487453609704971,5.648344993591309
1419,25604,8796,823,2,0.3339863121509552,0.03200790286064148,-0.2573798596858978
1420,25605,17566,269,4,0.33669513463974,0.03231088072061539,0.6273372769355774
1421,25669,8999,352,3,0.3349807858467102,0.032622016966342926,0.5655605792999268
1422,25670,18069,115,2,0.3352877199649811,0.038828425109386444,1.2222554683685303
1423,25695,14523,8,2,0.33558040857315063,0.03578382730484009,2.858935594558716
1424,25703,4735,35,1,0.3342767357826233,0.038938723504543304,1.62798273563385
1425,25710,3102,482,2,0.3340376615524292,0.03728337585926056,0.22288066148757935
1426,25727,9308,1317,2,0.3348741829395294,0.03478176146745682,-1.4726033210754395
1427,25744,18088,1060,2,0.3340308666229248,0.0372629314661026,-0.6745398044586182
1428,25758,17090,104,2,0.3340217173099518,0.03291799873113632,1.0382335186004639
1429,25778,17961,688,3,0.33502164483070374,0.0320620983839035,-0.07590857893228531
1430,25790,5883,928,2,0.33525902032852173,0.032463155686855316,-0.4520293176174164
1431,25813,17009,305,2,0.3342117965221405,0.03468251973390579,0.4588242173194885
1432,25877,18280,313,3,0.3349098563194275,0.034053172916173935,0.4782903790473938
1433,25891,18315,232,3,0.3347076177597046,0.035131026059389114,0.7166228294372559
1434,25894,9355,658,2,0.3341783583164215,0.03296799957752228,-0.016851112246513367
1435,25973,16129,124,2,0.33475354313850403,0.036040470004081726,1.0403168201446533
1436,25992,3209,1,2,0.3349728286266327,0.03650177642703056,3.0883026123046875
1437,26010,12691,675,2,0.33450227975845337,0.03427684307098389,-0.01895664632320404
1438,26016,3212,1111,2,0.33419954776763916,0.031777314841747284,-0.7248166799545288
1439,26020,18130,369,2,0.3336258828639984,0.033025819808244705,0.33090466260910034
1440,26021,18278,112,4,0.3367305397987366,0.033412277698516846,1.0686562061309814
1441,26046,10985,907,3,0.3349938690662384,0.03400168567895889,-0.38311824202537537
1442,26071,3234,113,2,0.336191862821579,0.03824329376220703,1.1609288454055786
1443,26126,9595,26,3,0.33585673570632935,0.03932537883520126,2.005971670150757
1444,26153,10165,230,2,0.3338724374771118,0.03479199856519699,0.9074695706367493
1445,26204,15215,1010,1,0.3343105912208557,0.03151115030050278,-0.5911074876785278
1446,26218,6921,412,2,0.33445459604263306,0.036573369055986404,0.4897637367248535
1447,26223,9124,118,3,0.3360752761363983,0.04045531526207924,1.2193198204040527
1448,26280,7774,677,2,0.3344799280166626,0.03334668278694153,-0.08072517812252045
1449,26307,17325,191,2,0.3347342610359192,0.0358935222029686,0.9507044553756714
1450,26309,12262,322,2,0.3345819413661957,0.034668199717998505,0.6539759039878845
1451,26324,18316,809,2,0.3347395658493042,0.03493557125329971,-0.2828197479248047
1452,26383,18307,764,4,0.33678799867630005,0.03593997284770012,-0.19846542179584503
1453,26405,17441,380,2,0.3343880772590637,0.032935068011283875,0.46526315808296204
1454,26410,11168,828,3,0.334974467754364,0.037780679762363434,-0.23973523080348969
1455,26464,16729,202,4,0.33701029419898987,0.03411262482404709,0.9264991283416748
1456,26622,15587,7,2,0.33438870310783386,0.03496923670172691,3.0527734756469727
1457,26625,3536,316,2,0.33566516637802124,0.03990284353494644,0.5414556264877319
1458,26648,3413,982,2,0.33445799350738525,0.03298339992761612,-0.5303395986557007
1459,26714,12040,518,2,0.33348435163497925,0.03198394924402237,0.14613854885101318
1460,26724,14679,246,2,0.3342229425907135,0.03663503751158714,0.8214735984802246
1461,26748,17634,527,2,0.33449023962020874,0.03496389836072922,0.14519453048706055
1462,26769,6075,945,2,0.33491554856300354,0.03187958896160126,-0.503259003162384
1463,26770,16149,450,1,0.33488520979881287,0.03609956055879593,0.35683250427246094
1464,26775,17802,605,2,0.3343096077442169,0.036131616681814194,0.05769804120063782
1465,26778,17219,778,1,0.3334260880947113,0.032514482736587524,-0.24712567031383514
1466,26789,17900,988,2,0.3342202305793762,0.03551720082759857,-0.49071580171585083
1467,26856,18045,765,2,0.3352113366127014,0.03334372490644455,-0.18269048631191254
1468,26882,6936,42,2,0.33528026938438416,0.03748569265007973,1.6752583980560303
1469,26912,11202,8,3,0.33516380190849304,0.033337730914354324,1.954014778137207
1470,26920,18279,125,5,0.335781991481781,0.0365440808236599,1.0740927457809448
1471,26922,18298,5,2,0.3351764976978302,0.03541763871908188,3.087681293487549
1472,26986,5207,372,3,0.33590883016586304,0.0377613827586174,0.5375352501869202
1473,27080,15199,303,1,0.3333112597465515,0.03214642405509949,0.5283865928649902
1474,27108,14355,1,1,0.3337201774120331,0.03876376897096634,3.3483011722564697
1475,27180,18313,226,1,0.3338974714279175,0.038092996925115585,0.7225284576416016
1476,27203,18010,432,2,0.3351835608482361,0.03464778512716293,0.3327872157096863
1477,27225,9002,945,1,0.33547723293304443,0.03291997313499451,-0.45555952191352844
1478,27228,18214,542,2,0.33486077189445496,0.032014064490795135,0.10478988289833069
1479,27260,18244,547,2,0.3343062400817871,0.03686927258968353,0.14388328790664673
1480,27278,4517,583,3,0.33506152033805847,0.04101550579071045,0.0774221196770668
1481,27292,15859,172,2,0.33368706703186035,0.033080704510211945,0.8880801200866699
1482,27340,3972,37,1,0.33345454931259155,0.03571639209985733,1.7243443727493286
1483,27348,4173,267,4,0.3365369141101837,0.035609565675258636,0.8569567799568176
1484,27438,7289,384,2,0.3353734016418457,0.03692794591188431,0.3684777617454529
1485,27554,11804,1013,2,0.3336285352706909,0.03304905816912651,-0.5033778548240662
1486,27606,7919,16,3,0.33468565344810486,0.035188227891922,1.8123292922973633
1487,27645,14076,29,3,0.3361358940601349,0.04153881222009659,1.8538379669189453
1488,27664,10739,859,2,0.33401966094970703,0.03321251645684242,-0.27533960342407227
1489,27696,9738,351,2,0.33446842432022095,0.03637050837278366,0.43673276901245117
1490,27777,14318,1053,2,0.3346855342388153,0.033706363290548325,-0.659245491027832
1491,27794,15318,160,2,0.3341272473335266,0.033847078680992126,0.9309931993484497
1492,27945,14590,2,5,0.3358294367790222,0.03809528797864914,3.2216663360595703
1493,27976,7753,39,3,0.33601322770118713,0.039386313408613205,1.8135724067687988
1494,27987,3887,163,2,0.3357548415660858,0.03464796394109726,0.9042047262191772
1495,27990,15436,641,3,0.33432018756866455,0.03196493908762932,-0.0823085606098175
1496,28012,9956,685,3,0.334879070520401,0.033045556396245956,-0.12804532051086426
1497,28023,6041,499,2,0.3357314467430115,0.042299844324588776,0.2461894154548645
1498,28092,13680,258,2,0.33684614300727844,0.039004549384117126,0.7458730340003967
1499,28105,3952,58,3,0.3346623182296753,0.03357361629605293,1.4822800159454346
1500,28148,18311,277,2,0.33369681239128113,0.03296704962849617,0.6636030077934265
1501,28166,18334,516,3,0.3346133530139923,0.03395213186740875,0.1580967903137207
1502,28233,16055,162,4,0.33746787905693054,0.032820381224155426,0.976364254951477
1503,28253,17751,75,2,0.3346273899078369,0.03673793748021126,1.342711329460144
1504,28261,11102,573,3,0.33594563603401184,0.03448440134525299,0.13758452236652374
1505,28281,18326,1244,7,0.33595067262649536,0.036502521485090256,-1.116862416267395
1506,28317,9450,667,3,0.33559897541999817,0.034396953880786896,-0.12173023819923401
1507,28331,4052,268,2,0.33475497364997864,0.03466782718896866,0.811241626739502
1508,28421,18296,82,2,0.33434611558914185,0.033351533114910126,1.270028829574585
1509,28447,17849,1322,2,0.3343571722507477,0.033360451459884644,-1.4657278060913086
1510,28450,17666,3,2,0.3343220353126526,0.03477101027965546,2.21575927734375
1511,28517,15275,172,2,0.3344746530056,0.035057127475738525,0.8615469932556152
1512,28520,4125,47,2,0.3360748291015625,0.037338025867938995,1.461138367652893
1513,28526,18236,1083,2,0.33422645926475525,0.03540968894958496,-0.6754119396209717
1514,28537,12270,1,2,0.335013210773468,0.03800486773252487,3.772759437561035
1515,28554,18331,366,2,0.3344651162624359,0.032920949161052704,0.5124965310096741
1516,28582,4120,181,2,0.3344845771789551,0.03760555386543274,0.9818568825721741
1517,28619,10644,1328,3,0.3348328769207001,0.032712146639823914,-1.7113710641860962
1518,28643,17825,1130,2,0.33442142605781555,0.03059854917228222,-0.8467786312103271
1519,28712,17430,60,2,0.33464714884757996,0.03687090426683426,1.5326809883117676
1520,28931,17813,1,2,0.3357405364513397,0.043455298990011215,4.822644233703613
1521,28992,16178,610,2,0.3335365056991577,0.03473738953471184,0.0204780250787735
1522,28997,18279,808,3,0.3347723186016083,0.035174161195755005,-0.284736305475235
1523,29050,18243,899,1,0.33446401357650757,0.031194904819130898,-0.4636721909046173
1524,29093,5033,107,2,0.3341524302959442,0.033564984798431396,1.23769211769104
1525,29140,13368,202,2,0.3344155550003052,0.03362327069044113,0.9238721132278442
1526,29169,18030,522,2,0.3346673846244812,0.03573909029364586,0.1776922643184662
1527,29242,10920,14,2,0.3352854549884796,0.04067429527640343,2.2197911739349365
1528,29275,18333,381,1,0.3341674506664276,0.03382577747106552,0.40724238753318787
1529,29282,16043,338,2,0.33518704771995544,0.035134777426719666,0.4935132563114166
1530,29296,11969,884,3,0.33500397205352783,0.030618442222476006,-0.35970741510391235
1531,29311,18313,471,10,0.33567312359809875,0.03833410143852234,0.19549547135829926
1532,29350,18331,301,2,0.3344125747680664,0.034125350415706635,0.7880833148956299
1533,29353,10884,625,3,0.3345519006252289,0.03371939808130264,0.013203904032707214
1534,29371,7926,726,2,0.3340778946876526,0.033073559403419495,-0.10897177457809448
1535,29373,18290,1234,2,0.33449769020080566,0.03164462000131607,-1.0298761129379272
1536,29486,4441,1255,2,0.33477431535720825,0.033766068518161774,-1.0676735639572144
1537,29491,13557,270,1,0.33341988921165466,0.033258236944675446,0.7163795828819275
1538,29543,17805,585,3,0.334979772567749,0.04036746174097061,0.06073451042175293
1539,29584,7349,1336,1,0.3346411883831024,0.02900787442922592,-2.2607157230377197
1540,29596,7674,327,2,0.3341324031352997,0.034441739320755005,0.4922564625740051
1541,29720,13495,443,3,0.3344913125038147,0.034989938139915466,0.30197209119796753
1542,29759,12523,1272,3,0.3349651098251343,0.032105933874845505,-1.1339836120605469
1543,29781,17588,995,2,0.33448290824890137,0.034041766077280045,-0.5801700949668884
1544,29783,18276,19,6,0.33761680126190186,0.03760864585638046,2.286390542984009
1545,29791,18307,367,3,0.3348119258880615,0.03552859649062157,0.5246781706809998
1546,29842,18334,578,3,0.33561986684799194,0.036572642624378204,0.10235327482223511
1547,29843,14145,27,2,0.3342192471027374,0.036105718463659286,1.8089845180511475
1548,29847,16349,56,2,0.3347943127155304,0.03816176950931549,1.5731890201568604
1549,29874,6337,51,2,0.3342644274234772,0.03667084127664566,1.3850035667419434
1550,29892,11596,868,3,0.3344915509223938,0.03376394510269165,-0.33536842465400696
1551,29895,15709,1053,4,0.3382891118526459,0.037329062819480896,-0.5966636538505554
1552,29918,17003,122,1,0.33468371629714966,0.034393832087516785,1.2127313613891602
1553,29941,18265,5,3,0.33563849329948425,0.03573383018374443,3.229198694229126
1554,30073,18288,326,1,0.33300408720970154,0.033031024038791656,0.6185236573219299
1555,30103,8135,275,2,0.33495476841926575,0.034755248576402664,0.6671938300132751
1556,30154,4868,210,2,0.3349134624004364,0.03536106273531914,0.7135090827941895
1557,30345,16068,373,2,0.3347362279891968,0.03179303929209709,0.5403116941452026
1558,30444,17090,15,8,0.33848169445991516,0.03305262327194214,2.9207425117492676
1559,30451,18309,46,3,0.33451706171035767,0.03496456891298294,1.6890475749969482
1560,30454,18276,43,6,0.3366059362888336,0.03572583198547363,1.771256685256958
1561,30455,18280,45,4,0.3369866609573364,0.03447796776890755,1.773554801940918
1562,30577,11570,437,2,0.33499300479888916,0.03388992324471474,0.29797786474227905
1563,30704,5186,49,2,0.3342899978160858,0.036161065101623535,1.428226351737976
1564,30725,14604,230,2,0.335323691368103,0.03803861513733864,0.7544655799865723
1565,30886,9383,559,2,0.3337956964969635,0.03262389823794365,0.09869521856307983
1566,30946,5305,14,3,0.33560216426849365,0.03830466419458389,2.285374879837036
1567,30957,18261,307,3,0.3344704210758209,0.03438632935285568,0.5008082389831543
1568,30974,15606,56,2,0.335317999124527,0.040410902351140976,1.5834492444992065
1569,30976,18347,1213,5,0.3355056643486023,0.031816013157367706,-0.951812744140625
1570,31077,11144,256,2,0.3343585133552551,0.0346502885222435,0.8408230543136597
1571,31079,18355,68,2,0.33399948477745056,0.03331059217453003,1.2648906707763672
1572,31135,8813,342,2,0.3340768814086914,0.034567691385746,0.4291549324989319
1573,31287,18290,1079,3,0.33528822660446167,0.033612534403800964,-0.6727527976036072
1574,31303,6345,730,3,0.3354305028915405,0.03755742684006691,-0.15245269238948822
1575,31313,17991,196,2,0.33475327491760254,0.03656260296702385,0.8336009383201599
1576,31364,18255,127,2,0.33433303236961365,0.03357292711734772,1.1125041246414185
1577,31386,10110,831,3,0.33533039689064026,0.03446117788553238,-0.27975261211395264
1578,31431,17566,74,2,0.33440443873405457,0.03348597511649132,1.3724923133850098
1579,31445,18307,371,3,0.33470219373703003,0.037483636289834976,0.46511346101760864
1580,31487,5686,1286,2,0.3350397050380707,0.03446337953209877,-1.3245089054107666
1581,31545,18307,1161,5,0.3355320394039154,0.03519799932837486,-0.8233379125595093
1582,31669,18044,159,2,0.3347587287425995,0.03526423126459122,0.9201953411102295
1583,31686,9968,896,2,0.33446812629699707,0.034089747816324234,-0.362707257270813
1584,31688,10251,661,2,0.3337593674659729,0.034640513360500336,0.006269276142120361
1585,31762,14841,383,1,0.33380839228630066,0.036618672311306,0.6743490099906921
1586,31773,8308,967,3,0.334682434797287,0.03288364037871361,-0.4711216688156128
1587,31774,5868,131,2,0.33450543880462646,0.03587733954191208,0.9863409399986267
1588,31778,11023,131,2,0.33410120010375977,0.03330480307340622,0.8427101373672485
1589,31803,18250,17,6,0.337584525346756,0.03773759305477142,2.4960882663726807
1590,31818,18307,522,3,0.33483362197875977,0.03547389432787895,0.141374871134758
1591,31864,14601,687,2,0.3349631726741791,0.034120045602321625,-0.04882122576236725
1592,31910,10152,268,2,0.333926260471344,0.03439420461654663,0.8232566714286804
1593,31936,13064,1244,1,0.3350619375705719,0.03319820016622543,-1.2215019464492798
1594,32040,18289,35,3,0.3348693251609802,0.03538256883621216,1.485473394393921
1595,32082,11615,54,2,0.3351072371006012,0.03572716936469078,1.4259617328643799
1596,32154,18349,1198,3,0.33543670177459717,0.03365909680724144,-0.8793407678604126
1597,32518,18334,162,2,0.33501696586608887,0.03693832829594612,1.0626084804534912
1598,32556,13328,7,2,0.3345327079296112,0.03562825545668602,2.9084632396698
1599,32631,17566,247,3,0.3350113034248352,0.03232441842556,0.736414909362793
1600,32635,13448,465,1,0.333909273147583,0.03460076451301575,0.3183896243572235
1601,32673,18261,101,2,0.3346291482448578,0.03602565452456474,1.219506025314331
1602,32681,18272,717,3,0.3344115912914276,0.03217942267656326,-0.05864764750003815
1603,32704,15563,137,2,0.33399829268455505,0.03395741805434227,1.0595579147338867
1604,32746,17266,2,1,0.33337274193763733,0.03482761234045029,2.2634987831115723
1605,32750,18281,312,2,0.33504998683929443,0.03832630068063736,0.5348113179206848
1606,32818,18307,249,4,0.33720651268959045,0.03626060485839844,0.7725445032119751
1607,32856,18231,633,3,0.33440887928009033,0.0327453538775444,0.012870505452156067
1608,32858,17437,1248,1,0.3336905539035797,0.032080959528684616,-1.2055115699768066
1609,32884,13348,908,2,0.33629968762397766,0.032560765743255615,-0.4129585921764374
1610,32912,15063,1145,2,0.3340230882167816,0.03370814025402069,-0.9347838759422302
1611,32938,16049,571,2,0.3345172703266144,0.03577043116092682,0.1182757318019867
1612,32954,10861,111,1,0.3335491120815277,0.03524145483970642,1.2612509727478027
1613,32996,18334,599,3,0.3348953127861023,0.03502652794122696,0.002609163522720337
1614,33081,17441,3,1,0.33361899852752686,0.03815590590238571,2.191516637802124
1615,33116,18315,282,2,0.3342272937297821,0.03150808811187744,0.6315000653266907
1616,33155,9944,393,3,0.3352302312850952,0.031366340816020966,0.4104918837547302
1617,33156,18274,198,5,0.3360621929168701,0.03277476876974106,0.7857925295829773
1618,33159,18307,622,2,0.3348413109779358,0.03703945502638817,-0.0023026634007692337
1619,33166,18307,33,2,0.3348425328731537,0.03877754509449005,1.8614872694015503
1620,33184,11226,4,2,0.33505111932754517,0.039996132254600525,3.0879135131835938
1621,33275,7091,570,2,0.3340410888195038,0.03369544446468353,0.07215800136327744
1622,33432,17188,1104,2,0.3342190086841583,0.032702505588531494,-0.7069161534309387
1623,33482,18177,598,3,0.33470380306243896,0.0328429713845253,0.09031747281551361
1624,33502,12335,1298,2,0.3350605368614197,0.03156058490276337,-1.3497190475463867
1625,33611,18307,315,5,0.3355301320552826,0.03482913225889206,0.4818117916584015
1626,33614,18334,700,3,0.3349275588989258,0.035170018672943115,-0.08505327999591827
1627,33655,16935,570,1,0.333748996257782,0.03682525455951691,0.1590687334537506
1628,33659,18309,802,3,0.3347242772579193,0.035638950765132904,-0.24700456857681274
1629,33690,18307,1058,2,0.3335828185081482,0.03355297073721886,-0.5968918204307556
1630,33786,18287,282,3,0.3351169228553772,0.033448465168476105,0.6190633177757263
1631,33851,17477,1093,2,0.33462655544281006,0.03538760542869568,-0.7511640787124634
1632,33913,13873,428,3,0.33509230613708496,0.032592326402664185,0.2855686545372009
1633,34025,18290,566,2,0.3345502018928528,0.034709230065345764,0.10429585725069046
1634,34085,14757,758,1,0.33434760570526123,0.03621155768632889,-0.21127194166183472
1635,34141,18187,392,2,0.3340502977371216,0.03462881222367287,0.4698820412158966
1636,34248,17464,453,2,0.3359473645687103,0.03543476387858391,0.4168173670768738
1637,34252,18334,63,2,0.3349766135215759,0.03726227208971977,1.4868501424789429
1638,34273,18278,1007,4,0.33708998560905457,0.03374344855546951,-0.5707265138626099
1639,34295,17303,84,1,0.3344508111476898,0.03914080560207367,1.341233253479004
1640,34360,16157,149,2,0.33395320177078247,0.035477347671985626,0.9703428745269775
1641,34404,18290,1170,3,0.3351482152938843,0.03291803225874901,-0.910489559173584
1642,34423,17090,13,5,0.33589988946914673,0.032576654106378555,2.870880126953125
1643,34424,18261,43,3,0.33446040749549866,0.035004038363695145,1.5692169666290283
1644,34432,14400,1105,2,0.33400818705558777,0.030951011925935745,-0.7665359973907471
1645,34482,18252,41,2,0.3347323536872864,0.03663930669426918,1.905625581741333
1646,34491,18315,1,3,0.33549413084983826,0.03823034465312958,5.744969367980957
1647,34604,18315,457,3,0.3343249261379242,0.03332386165857315,0.25409311056137085
1648,34626,18326,892,5,0.33635610342025757,0.03624848648905754,-0.3284037709236145
1649,34804,12274,845,1,0.3337494432926178,0.03416624665260315,-0.31418439745903015
1650,34836,17261,13,2,0.33488768339157104,0.03573046997189522,2.1367745399475098
1651,34837,18190,41,3,0.33479949831962585,0.035168491303920746,1.5209810733795166
1652,34949,16948,190,2,0.3342236280441284,0.032961197197437286,0.9973658323287964
1653,34968,10130,249,2,0.3343527615070343,0.03685259073972702,0.7474086880683899
1654,34979,10153,419,2,0.33403417468070984,0.03239037096500397,0.28602465987205505
1655,34989,18352,43,1,0.3348885476589203,0.034710243344306946,1.8730391263961792
1656,35016,18195,17,2,0.3344038128852844,0.03533928841352463,2.342648983001709
1657,35022,18307,1274,2,0.3343188762664795,0.03356972709298134,-1.0379643440246582
1658,35031,18307,538,3,0.33546409010887146,0.03616054356098175,0.15764358639717102
1659,35033,18258,775,3,0.3343101441860199,0.03234663978219032,-0.20401796698570251
1660,35044,18352,892,1,0.3343585133552551,0.034616485238075256,-0.3701477348804474
1661,35058,18298,29,2,0.333702027797699,0.03360535204410553,1.7356395721435547
1662,35059,18309,1155,2,0.335728257894516,0.031438685953617096,-0.7676708102226257
1663,35068,18356,616,3,0.3359948694705963,0.030749130994081497,-0.020619705319404602
1664,35087,18346,238,4,0.33653679490089417,0.03301694989204407,0.7284132242202759
1665,35089,16492,226,2,0.3348146975040436,0.036236003041267395,0.638887345790863
1666,35094,12924,431,2,0.33401820063591003,0.031212732195854187,0.2484302967786789
1667,35098,18209,163,2,0.33467796444892883,0.034745145589113235,0.8557825088500977
1668,35103,18334,372,2,0.33460181951522827,0.03249853849411011,0.31640610098838806
1669,35104,18334,55,2,0.33372169733047485,0.03372900187969208,1.432878851890564
1670,35110,18307,277,3,0.33471423387527466,0.03503027930855751,0.6276454329490662
1671,35122,18309,1122,2,0.3336629867553711,0.034247834235429764,-0.710391104221344
1672,35133,15755,243,2,0.33382710814476013,0.03359023481607437,0.8116874694824219
1673,35214,18341,53,3,0.33566349744796753,0.037105120718479156,1.7262954711914062
1674,35218,18334,373,3,0.335127055644989,0.03540917485952377,0.4448157846927643
1675,35227,11501,895,2,0.334637314081192,0.03089258447289467,-0.3709833025932312
1676,35252,17943,1289,2,0.33474114537239075,0.033346328884363174,-1.1154711246490479
1677,35256,17588,959,2,0.3344947099685669,0.03468805551528931,-0.4665689468383789
1678,35262,18276,283,2,0.3346555233001709,0.036706436425447464,0.5928852558135986
1679,35280,18327,128,2,0.3355560898780823,0.03378467261791229,1.1482793092727661
1680,35296,17588,490,3,0.335562527179718,0.03649619221687317,0.20563532412052155
1681,35391,18307,700,2,0.33460474014282227,0.03631521388888359,-0.09866165369749069
1682,35419,18287,70,2,0.33486586809158325,0.03245783969759941,1.4131275415420532
1683,35446,18290,58,2,0.3347632586956024,0.03338146209716797,1.3309334516525269
1684,35458,18356,575,2,0.33569416403770447,0.03082682192325592,0.05997450277209282
1685,35470,18352,43,1,0.3348885476589203,0.034710243344306946,1.8730391263961792
1686,35515,17090,810,2,0.3344704806804657,0.030758243054151535,-0.27969062328338623
1687,35526,18146,40,6,0.33800822496414185,0.03518058359622955,2.138237237930298
1688,35529,18134,1303,3,0.3354822099208832,0.03128311410546303,-1.3844196796417236
1689,35572,18356,363,2,0.33613207936286926,0.03554772213101387,0.42285722494125366
1690,35575,18280,217,4,0.3376586139202118,0.03474860638380051,0.7166032195091248
1691,35579,18237,731,1,0.33479854464530945,0.03658593073487282,-0.22616146504878998
1692,35588,18248,6,2,0.3345964848995209,0.038098081946372986,2.6018857955932617
