row_id,user,target,rank,history_length,predicted_stay,target_stay_similarity,target_score
0,17,22665,1314,2,0.12361595034599304,0.025020986795425415,-0.45553869009017944
1,29,22642,453,10,0.12411809712648392,0.026417268440127373,0.4436678886413574
2,31,22893,1614,6,0.12371290475130081,0.02452235482633114,-0.9080630540847778
3,45,23031,1412,2,0.11873501539230347,0.01959049701690674,-0.5033673048019409
4,53,7596,36,6,0.12384777516126633,0.033210452646017075,1.749443531036377
5,55,21826,10,2,0.11969073116779327,0.023816365748643875,2.4765102863311768
6,80,6054,1685,2,0.12372869998216629,0.021920695900917053,-1.175144910812378
7,87,16756,35,3,0.11765899509191513,0.018968699499964714,1.2860424518585205
8,112,8,707,2,0.1215200275182724,0.01851683296263218,0.2307247817516327
9,152,22453,72,2,0.12044555693864822,0.019940802827477455,1.0320230722427368
10,161,9983,738,4,0.12011697143316269,0.021753286942839622,0.2742580771446228
11,183,23032,461,5,0.12299985438585281,0.02792830392718315,0.4230944514274597
12,205,2528,294,2,0.11996003985404968,0.026254931464791298,0.5485449433326721
13,226,41,345,3,0.12352488934993744,0.02376541495323181,0.6099995970726013
14,239,11170,764,2,0.12276674062013626,0.026662807911634445,0.1747441440820694
15,252,4668,15,2,0.1234389990568161,0.03350558131933212,2.7287845611572266
16,291,6572,72,3,0.12320130318403244,0.02738935500383377,1.235869288444519
17,323,1062,941,2,0.11970767378807068,0.01745390146970749,-0.11860722303390503
18,335,4501,1412,3,0.12272937595844269,0.018707195296883583,-0.5391694903373718
19,352,19666,4,2,0.12211107462644577,0.024049613624811172,2.284818410873413
20,367,21826,1207,3,0.11752598732709885,0.017267387360334396,-0.23638443648815155
21,396,22052,276,10,0.12153689563274384,0.024569081142544746,0.703609824180603
22,407,22018,490,2,0.11923079937696457,0.018575167283415794,0.4256245493888855
23,420,23009,1470,2,0.12227122485637665,0.020622562617063522,-0.6068824529647827
24,427,21170,767,2,0.12253016233444214,0.028085902333259583,0.11048826575279236
25,442,7239,246,3,0.11941464990377426,0.023232795298099518,0.9291366338729858
26,444,21451,1,2,0.11991733312606812,0.019335541874170303,2.67417049407959
27,452,2064,234,3,0.12134852260351181,0.018245574086904526,0.9235501289367676
28,453,19378,602,2,0.11985582113265991,0.024808630347251892,0.19785341620445251
29,464,4689,1182,2,0.1182398572564125,0.01760002039372921,-0.2480979859828949
30,488,21586,85,3,0.12423521280288696,0.017097651958465576,1.2429333925247192
31,501,19594,9,3,0.12427721917629242,0.026184353977441788,2.2932591438293457
32,504,2461,1725,3,0.12124818563461304,0.02635503187775612,-1.1742640733718872
33,525,17654,1236,3,0.12447826564311981,0.02010207250714302,-0.23733563721179962
34,527,19870,1337,3,0.12104407697916031,0.022488819435238838,-0.4257670044898987
35,544,10495,559,2,0.11809179186820984,0.020101109519600868,0.26820001006126404
36,549,14862,40,1,0.11812113970518112,0.019285432994365692,1.0927757024765015
37,552,335,1011,2,0.12250973284244537,0.017154913395643234,-0.017536349594593048
38,554,30,1239,3,0.11895586550235748,0.0201412383466959,-0.2876950204372406
39,557,3111,273,5,0.12104301154613495,0.019164353609085083,0.6779167652130127
40,567,23026,938,7,0.12210645526647568,0.024177098646759987,-0.0437828004360199
41,570,22330,85,8,0.12272384762763977,0.025536365807056427,1.4210141897201538
42,574,31,909,2,0.1191127821803093,0.02250813879072666,0.04976394772529602
43,575,32,1466,2,0.12289508432149887,0.026634441688656807,-0.5467832088470459
44,581,9265,129,2,0.12195960432291031,0.02805200219154358,1.0894157886505127
45,593,16348,219,7,0.12432972341775894,0.033059701323509216,1.0477917194366455
46,611,16050,1375,10,0.12341505289077759,0.025008777156472206,-0.5095352530479431
47,625,3518,1585,7,0.1211763471364975,0.025556717067956924,-0.9707275032997131
48,630,20548,211,2,0.12224781513214111,0.024938836693763733,0.7838103771209717
49,637,36,267,3,0.12267071008682251,0.0241938978433609,0.7677608132362366
50,650,19094,1246,1,0.12018454074859619,0.020114347338676453,-0.34274157881736755
51,664,10306,1,2,0.12150933593511581,0.022359725087881088,3.215041160583496
52,665,16079,327,1,0.12169421464204788,0.018801677972078323,0.6516081690788269
53,669,3575,5,4,0.12142913043498993,0.02193748578429222,1.8831777572631836
54,749,22890,321,7,0.12277636677026749,0.026000428944826126,0.6489821076393127
55,778,6693,404,3,0.12004368007183075,0.019391264766454697,0.5152848362922668
56,839,15852,2,1,0.12489797919988632,0.031299933791160583,2.246997594833374
57,852,18811,1093,3,0.1212536096572876,0.028173504397273064,-0.09135083854198456
58,855,3420,168,4,0.12300972640514374,0.018617479130625725,0.9930208921432495
59,857,2150,273,9,0.12219836562871933,0.020897530019283295,0.7250624299049377
60,867,21936,929,1,0.12267659604549408,0.025577912107110023,0.13568639755249023
61,899,15381,755,2,0.12460529804229736,0.023555217310786247,0.2069823145866394
62,900,20703,696,3,0.12096486985683441,0.022351184859871864,0.25540947914123535
63,913,17450,526,2,0.1197207123041153,0.022258073091506958,0.40027499198913574
64,929,50,602,2,0.12165199965238571,0.025234302505850792,0.25457531213760376
65,943,9665,375,6,0.1220802441239357,0.0270395390689373,0.603778064250946
66,947,22007,854,2,0.12149138748645782,0.024900514632463455,0.09020590037107468
67,948,21372,572,5,0.12153378874063492,0.027153396978974342,0.36196374893188477
68,963,18233,424,5,0.12251262366771698,0.027349647134542465,0.4979763925075531
69,980,21904,30,10,0.12312756478786469,0.025452211499214172,1.7652591466903687
70,1021,20072,1385,2,0.12304357439279556,0.025991138070821762,-0.474057137966156
71,1022,5390,1115,8,0.12292879819869995,0.01754395291209221,-0.14826016128063202
72,1042,16559,1552,2,0.12415389716625214,0.022701486945152283,-0.8711598515510559
73,1045,21489,321,3,0.12438745051622391,0.028775088489055634,0.6336476802825928
74,1084,7111,848,4,0.12011328339576721,0.022666051983833313,-0.04242321848869324
75,1086,13086,681,3,0.12170490622520447,0.022659214213490486,0.07725953310728073
76,1093,17474,1228,4,0.122013621032238,0.0239984393119812,-0.33738085627555847
77,1099,4944,458,3,0.12306854128837585,0.020312439650297165,0.4270528554916382
78,1100,20057,296,2,0.12421749532222748,0.029974274337291718,0.7296652793884277
79,1101,12982,1283,10,0.12209798395633698,0.026568936184048653,-0.362549751996994
80,1109,7276,1770,8,0.12236115336418152,0.027639809995889664,-2.39817214012146
81,1118,13004,471,2,0.1189037635922432,0.018269356340169907,0.415759414434433
82,1132,7828,11,4,0.12267404049634933,0.030886869877576828,1.9791080951690674
83,1133,373,364,2,0.12308664619922638,0.0238775834441185,0.5541107654571533
84,1162,15423,808,2,0.12018906325101852,0.022231025621294975,0.011620361357927322
85,1172,5521,422,3,0.12147468328475952,0.017059016972780228,0.48393601179122925
86,1177,13059,994,6,0.12545911967754364,0.027637764811515808,-0.1475168615579605
87,1184,8459,20,7,0.12145647406578064,0.01783711463212967,1.8903037309646606
88,1185,21451,10,5,0.12142499536275864,0.018243463709950447,1.7918322086334229
89,1196,67,1590,2,0.12286245077848434,0.017990846186876297,-0.920282244682312
90,1202,11276,627,2,0.12050027400255203,0.022846883162856102,0.19841226935386658
91,1211,3016,1675,3,0.1206035241484642,0.022174913436174393,-0.9002884030342102
92,1217,22845,149,4,0.12104784697294235,0.0256386436522007,0.8516003489494324
93,1226,4083,1,7,0.1237633153796196,0.02005324698984623,3.6157522201538086
94,1230,10413,194,4,0.12207657098770142,0.024179255589842796,0.912070631980896
95,1279,23008,1238,10,0.12258996814489365,0.025789806619286537,-0.3023916184902191
96,1281,20992,660,1,0.12627215683460236,0.028670568019151688,0.19225865602493286
97,1284,9598,2,5,0.11939585953950882,0.019317328929901123,1.784164547920227
98,1304,13392,131,3,0.12254154682159424,0.032777827233076096,1.0003701448440552
99,1307,21983,908,3,0.12379010766744614,0.027029024437069893,0.030838385224342346
100,1326,5814,657,2,0.12353117763996124,0.030058789998292923,0.27592265605926514
101,1337,3515,65,3,0.12157326936721802,0.018183426931500435,1.435198426246643
102,1369,22007,591,10,0.12336966395378113,0.025743819773197174,0.3381233513355255
103,1372,20668,1188,5,0.12383884936571121,0.017695166170597076,-0.41179779171943665
104,1373,18656,48,8,0.12347298115491867,0.028681587427854538,1.2529104948043823
105,1380,270,1458,3,0.12342282384634018,0.024490132927894592,-0.6105259656906128
106,1418,11812,664,4,0.12404128164052963,0.02501140721142292,0.19619861245155334
107,1432,10011,1716,2,0.12108916789293289,0.027446791529655457,-1.4268821477890015
108,1437,17496,1214,3,0.12041447311639786,0.021067136898636818,-0.2929541766643524
109,1445,628,1321,3,0.11873925477266312,0.01985865645110607,-0.3472170829772949
110,1454,15337,587,2,0.12576068937778473,0.018784472718834877,0.2734381854534149
111,1476,11968,6,2,0.12352905422449112,0.03710415959358215,2.8306360244750977
112,1481,19454,306,2,0.12094589322805405,0.024634046480059624,0.7138916254043579
113,1501,1510,609,2,0.12495337426662445,0.025334365665912628,0.24996773898601532
114,1517,2240,231,2,0.12142001837491989,0.017991619184613228,0.7770868539810181
115,1525,19093,1408,2,0.1233401894569397,0.02851756662130356,-0.5354747772216797
116,1574,5187,478,4,0.12241006642580032,0.03000929206609726,0.44058024883270264
117,1583,19186,6,2,0.12132667750120163,0.028920914977788925,3.011657476425171
118,1601,16414,860,2,0.12143699079751968,0.027012329548597336,0.03672679513692856
119,1614,85,120,2,0.12402307242155075,0.01816827617585659,0.9291560649871826
120,1617,85,491,5,0.12131407111883163,0.018294543027877808,0.3556804656982422
121,1624,21350,88,10,0.12334461510181427,0.017260964959859848,1.2185261249542236
122,1626,8303,41,10,0.12167752534151077,0.025567613542079926,1.4766130447387695
123,1639,16850,797,3,0.12249487638473511,0.017889708280563354,0.03959955275058746
124,1648,2282,147,2,0.11877740919589996,0.024056028574705124,0.8562331199645996
125,1723,1862,1587,3,0.11881571263074875,0.02095715142786503,-0.7930264472961426
126,1743,23032,31,8,0.12316973507404327,0.02904623933136463,1.9399502277374268
127,1765,17957,616,4,0.12152975797653198,0.017478108406066895,0.3138098120689392
128,1766,22217,1658,8,0.12079376727342606,0.02248411998152733,-1.128941535949707
129,1798,21218,599,3,0.12320727854967117,0.028052810579538345,0.22400888800621033
130,1818,13145,830,1,0.11840920150279999,0.01828514039516449,-0.03920839726924896
131,1826,19653,970,1,0.12405401468276978,0.02795783430337906,0.020628780126571655
132,1829,3843,61,3,0.12349367141723633,0.02543485537171364,1.2560417652130127
133,1830,23014,2,5,0.12057306617498398,0.017803799360990524,2.2630162239074707
134,1846,18838,377,1,0.11800967156887054,0.018899666145443916,0.574629008769989
135,1860,13318,336,4,0.12226814031600952,0.024083402007818222,0.6736254692077637
136,1885,13115,346,3,0.12129975855350494,0.01738812029361725,0.7529475688934326
137,1890,9168,140,5,0.12366076558828354,0.026339707896113396,0.9074168801307678
138,1929,5599,88,10,0.1231723427772522,0.017241619527339935,0.9888872504234314
139,1936,108,1340,3,0.12219322472810745,0.02744884602725506,-0.41999804973602295
140,1939,108,344,2,0.12109457701444626,0.027825146913528442,0.5390725135803223
141,1940,21981,1233,4,0.12014273554086685,0.022180913016200066,-0.227190300822258
142,1951,20719,178,5,0.12189390510320663,0.026996172964572906,0.7814649939537048
143,2002,3811,750,2,0.11981304734945297,0.021838661283254623,0.11330383270978928
144,2017,7390,446,3,0.12135662883520126,0.02287600189447403,0.48404693603515625
145,2023,7583,310,1,0.12107773125171661,0.028123505413532257,0.6668660640716553
146,2028,712,197,8,0.12265567481517792,0.01771695539355278,0.8354666233062744
147,2049,18465,1238,3,0.12071220576763153,0.021721921861171722,-0.265307754278183
148,2063,21703,293,4,0.11850664019584656,0.01986066997051239,0.7347971200942993
149,2092,16740,1465,2,0.12026041001081467,0.02787458896636963,-0.5122134685516357
150,2097,13065,811,4,0.12403928488492966,0.02814589999616146,0.013715609908103943
151,2099,4650,1465,2,0.12026522308588028,0.027433685958385468,-0.6580550074577332
152,2102,6517,1082,2,0.1189538985490799,0.0188376996666193,-0.09590531885623932
153,2146,20781,1025,2,0.12026578933000565,0.022937554866075516,-0.04631761461496353
154,2215,3079,325,2,0.11781331896781921,0.01889006979763508,0.6231762170791626
155,2227,11051,392,3,0.11911740899085999,0.02055596373975277,0.5958476662635803
156,2233,22792,811,2,0.11913049221038818,0.019974282011389732,0.009717963635921478
157,2245,22478,1589,6,0.1216394379734993,0.02567349001765251,-0.914117157459259
158,2247,22592,1102,2,0.12131118029356003,0.025769121944904327,-0.23810705542564392
159,2252,4026,621,2,0.12224798649549484,0.028446154668927193,0.3270909786224365
160,2266,15149,775,2,0.11915680021047592,0.023045890033245087,0.04178474098443985
161,2269,2719,1687,10,0.12440557032823563,0.02338741533458233,-1.2164279222488403
162,2291,9686,44,2,0.12220242619514465,0.024937743321061134,1.4397060871124268
163,2300,21919,1466,3,0.1182062029838562,0.019325338304042816,-0.559308648109436
164,2305,22821,1004,5,0.11959713697433472,0.02297402173280716,-0.17233730852603912
165,2318,20407,29,2,0.11936353892087936,0.02234528213739395,1.4380717277526855
166,2336,124,1524,2,0.12342525273561478,0.027446746826171875,-0.7063301205635071
167,2346,461,581,2,0.12336771935224533,0.016253028064966202,0.2751028537750244
168,2348,14020,1672,2,0.1210380345582962,0.02322329580783844,-0.8389618992805481
169,2364,128,1127,2,0.12284233421087265,0.03365505859255791,-0.23464825749397278
170,2367,6058,1474,5,0.11887433379888535,0.02043507993221283,-0.5442739129066467
171,2387,21399,1412,2,0.11860200762748718,0.020553050562739372,-0.4969874620437622
172,2423,134,1659,1,0.11831140518188477,0.01854592189192772,-1.053585171699524
173,2449,741,905,3,0.12115016579627991,0.022745389491319656,0.12811002135276794
174,2478,16064,98,2,0.12080340832471848,0.022495698183774948,0.9051794409751892
175,2488,11596,1622,2,0.11777587234973907,0.017510870471596718,-0.8143386840820312
176,2494,21406,918,3,0.12133967876434326,0.025405753403902054,-0.22164002060890198
177,2496,143,12,3,0.11770675331354141,0.018898040056228638,1.6854678392410278
178,2526,17229,6,4,0.12111181020736694,0.018473824486136436,2.247141122817993
179,2554,23007,280,4,0.12271547317504883,0.024073243141174316,0.7594180107116699
180,2584,22956,33,2,0.12116570770740509,0.02477019652724266,1.5935535430908203
181,2586,19865,1184,4,0.12261399626731873,0.02693760395050049,-0.27496910095214844
182,2591,21520,45,1,0.11960607022047043,0.02212446928024292,1.3755848407745361
183,2599,19333,257,3,0.11893630772829056,0.018433663994073868,0.8078922033309937
184,2613,20525,625,5,0.11867231875658035,0.019233591854572296,0.20638561248779297
185,2619,153,1711,3,0.11831428855657578,0.021041281521320343,-1.2366129159927368
186,2639,22995,1342,3,0.12026170641183853,0.023250006139278412,-0.40336182713508606
187,2651,295,1088,4,0.12064439058303833,0.02136790007352829,-0.218095600605011
188,2670,17953,1449,3,0.12094955146312714,0.01751985028386116,-0.6594382524490356
189,2673,15308,364,4,0.12089040130376816,0.01806987076997757,0.6186405420303345
190,2680,20055,465,2,0.11941183358430862,0.021168667823076248,0.33869385719299316
191,2701,6217,1633,2,0.1223517432808876,0.026674320921301842,-1.116194725036621
192,2708,13558,927,4,0.12398713082075119,0.020821772515773773,-0.028533965349197388
193,2712,13216,450,2,0.11977905035018921,0.02367352694272995,0.4131270945072174
194,2760,14821,1242,8,0.1223948746919632,0.02361311763525009,-0.3434463441371918
195,2765,20927,1059,5,0.12312501668930054,0.021296469494700432,-0.08491060882806778
196,2780,17472,1663,2,0.12401355057954788,0.027913013473153114,-1.1032655239105225
197,2792,696,1476,2,0.12454292923212051,0.029246589168906212,-0.5107744336128235
198,2802,20054,919,3,0.12011922895908356,0.023399675264954567,-0.07335464656352997
199,2812,18065,46,5,0.1211293414235115,0.018261972814798355,1.2070906162261963
200,2825,14965,1724,8,0.12292040884494781,0.0259024016559124,-1.5172231197357178
201,2847,20872,983,2,0.11861386895179749,0.02016846090555191,-0.020525887608528137
202,2854,17132,487,9,0.12150256335735321,0.02268971875309944,0.4927866756916046
203,2884,8264,1549,6,0.12465346604585648,0.017024412751197815,-0.7966570258140564
204,2909,14572,21,3,0.12249338626861572,0.02879810892045498,1.7067930698394775
205,2913,21384,63,3,0.1222764402627945,0.02881127968430519,1.2110068798065186
206,2914,20848,309,2,0.12046211957931519,0.024239471182227135,0.6590142846107483
207,2931,23014,576,4,0.12344719469547272,0.01800539158284664,0.3513503670692444
208,2939,21319,6,8,0.12309015542268753,0.026237457990646362,2.8092732429504395
209,2949,22802,184,2,0.12298629432916641,0.028792046010494232,0.8609756231307983
210,2952,626,1,5,0.12007353454828262,0.022957801818847656,2.0919227600097656
211,2964,21758,681,2,0.12146532535552979,0.018039751797914505,0.2595106363296509
212,2990,712,1034,10,0.12423313409090042,0.01805035024881363,-0.190368190407753
213,3069,1898,1471,2,0.12630629539489746,0.01955178752541542,-0.7070834636688232
214,3088,180,902,4,0.11855147033929825,0.018953733146190643,-0.0657515600323677
215,3099,21101,860,2,0.12220245599746704,0.023595735430717468,0.16260778903961182
216,3103,5796,33,2,0.12267699837684631,0.02850283682346344,1.5808112621307373
217,3147,21115,79,3,0.11836947500705719,0.0193694569170475,0.9289177656173706
218,3164,20069,1151,2,0.12088566273450851,0.026612810790538788,-0.2119213342666626
219,3173,4423,828,5,0.12172095477581024,0.027898268774151802,0.09620115906000137
220,3183,20635,157,3,0.12284468859434128,0.01853928714990616,0.8852105140686035
221,3200,14473,341,3,0.12315112352371216,0.01758699119091034,0.5245158672332764
222,3224,6171,3,2,0.12186135351657867,0.03310410678386688,4.322272777557373
223,3230,4205,3,2,0.12053079903125763,0.02520577237010002,3.1359336376190186
224,3250,1145,1,2,0.12428177148103714,0.03296072036027908,2.9851760864257812
225,3274,7367,41,5,0.12406976521015167,0.03097262978553772,1.671313762664795
226,3287,21297,1410,2,0.12580040097236633,0.03121238760650158,-0.5711489915847778
227,3289,22998,578,6,0.11998021602630615,0.022260475903749466,0.2526406943798065
228,3305,4581,87,2,0.12483906745910645,0.03716062009334564,1.522057056427002
229,3370,3382,41,2,0.12163785845041275,0.02216183766722679,1.3707785606384277
230,3394,22217,1424,3,0.12125010788440704,0.022729219868779182,-0.5717211365699768
231,3413,8526,1040,3,0.12413966655731201,0.01789667084813118,-0.1643136739730835
232,3436,20596,1331,2,0.12114600837230682,0.02597692236304283,-0.38813602924346924
233,3438,13856,893,3,0.11786769330501556,0.017348481342196465,-0.06112602353096008
234,3453,21768,966,2,0.12441050261259079,0.023233091458678246,-0.04935009777545929
235,3459,4431,480,4,0.11941386014223099,0.02089530974626541,0.38866448402404785
236,3464,6797,1094,2,0.12182710319757462,0.025168947875499725,-0.25883933901786804
237,3472,7196,76,4,0.12198550999164581,0.024269046261906624,1.050452470779419
238,3473,20837,431,2,0.12177960574626923,0.02458149753510952,0.43611156940460205
239,3486,2466,1018,2,0.11931855231523514,0.023449299857020378,-0.16229449212551117
240,3489,11179,465,3,0.11857389658689499,0.022323405370116234,0.4501728117465973
241,3496,201,461,5,0.12133431434631348,0.02363412454724312,0.48673057556152344
242,3498,17014,1402,2,0.12279917299747467,0.02516981028020382,-0.5792093873023987
243,3503,17476,1376,3,0.11840088665485382,0.02056572586297989,-0.4395498037338257
244,3506,14490,180,3,0.12364687025547028,0.0272391177713871,0.8239393830299377
245,3507,21391,1496,10,0.12270931154489517,0.02405545860528946,-0.6621400713920593
246,3556,5459,123,1,0.12117800861597061,0.027618320658802986,0.9845196604728699
247,3569,203,989,6,0.12552779912948608,0.017328385263681412,-0.10329778492450714
248,3576,953,213,3,0.12377464771270752,0.02927686832845211,0.8700779676437378
249,3597,4066,667,2,0.12285171449184418,0.02805069461464882,0.1977054923772812
250,3614,20924,7,2,0.12363014370203018,0.03314722701907158,1.9877078533172607
251,3661,22590,333,4,0.11970975250005722,0.017938565462827682,0.5718807578086853
252,3664,10666,1271,2,0.12165727466344833,0.022701289504766464,-0.32768556475639343
253,3666,22821,105,2,0.12333648651838303,0.029028266668319702,0.9875673651695251
254,3680,213,1473,2,0.12231786549091339,0.028025640174746513,-0.6804082989692688
255,3696,6927,924,2,0.11777912080287933,0.01792912743985653,0.008726038038730621
256,3712,21442,227,4,0.12187531590461731,0.026536010205745697,0.7746327519416809
257,3751,20283,113,3,0.12413209676742554,0.032050296664237976,1.0674183368682861
258,3752,1660,106,10,0.1226414144039154,0.02874789945781231,0.9627541899681091
259,3758,4408,1709,4,0.12337183952331543,0.027775824069976807,-1.2622532844543457
260,3785,4593,115,4,0.11838316172361374,0.019319474697113037,1.012110948562622
261,3803,11897,1,3,0.12362842261791229,0.03166070207953453,4.720799446105957
262,3812,20298,451,10,0.12199562042951584,0.021285932511091232,0.4898979365825653
263,3817,16990,4,2,0.11884191632270813,0.018658656626939774,2.059796094894409
264,3836,3466,1012,2,0.12219259887933731,0.029125753790140152,-0.18389113247394562
265,3838,8505,720,3,0.12528912723064423,0.01730841025710106,0.13886630535125732
266,3870,6110,1427,2,0.1183210164308548,0.019015783444046974,-0.4810744524002075
267,3877,226,1245,2,0.12272104620933533,0.025487255305051804,-0.2680932581424713
268,3890,21147,47,6,0.12475675344467163,0.02761302888393402,1.7430248260498047
269,3899,8178,1113,2,0.12139568477869034,0.02618824690580368,-0.19983497262001038
270,3906,3144,1728,3,0.12156929075717926,0.019663164392113686,-1.4358172416687012
271,3908,15848,184,10,0.12184533476829529,0.01849685050547123,0.8541809320449829
272,3919,12220,420,2,0.12358705699443817,0.024858945980668068,0.5748153328895569
273,3921,6764,235,2,0.1239519789814949,0.030468774959445,0.7752349972724915
274,3930,21884,315,2,0.12110345810651779,0.03071744740009308,0.6901386380195618
275,3934,234,675,3,0.12223504483699799,0.02860952913761139,0.15209154784679413
276,3982,3998,973,1,0.11826425790786743,0.017398059368133545,-0.14090308547019958
277,3993,4446,1716,3,0.12320148944854736,0.02659822441637516,-1.43087899684906
278,3998,7799,955,4,0.12064819037914276,0.024150973185896873,-0.12638796865940094
279,4023,9027,1724,5,0.12517842650413513,0.0173488762229681,-1.3114138841629028
280,4067,7003,1765,4,0.12415682524442673,0.0343230776488781,-2.3544299602508545
281,4069,6685,23,8,0.12407215684652328,0.027895208448171616,2.381638526916504
282,4071,1333,152,3,0.12413249909877777,0.02811603993177414,0.8921011090278625
283,4094,4683,1038,3,0.12432046979665756,0.027987457811832428,-0.11304836720228195
284,4120,23012,603,3,0.1244315430521965,0.028083892539143562,0.20863597095012665
285,4149,763,736,7,0.12182850390672684,0.024593206122517586,0.06455832719802856
286,4206,4768,66,3,0.1192469671368599,0.01859804429113865,1.1549371480941772
287,4209,6059,208,3,0.12442098557949066,0.0370037779211998,0.8768333196640015
288,4233,8048,41,2,0.1218961775302887,0.028161730617284775,2.0433526039123535
289,4241,22956,254,10,0.1212889552116394,0.022206932306289673,0.7434398531913757
290,4262,15633,144,2,0.12209676206111908,0.023946188390254974,0.9406982660293579
291,4267,16835,1065,10,0.1227385401725769,0.018369074910879135,-0.1338203400373459
292,4300,13718,442,2,0.12665235996246338,0.0273739043623209,0.42697781324386597
293,4319,4539,45,6,0.12124519795179367,0.01827925629913807,1.3817378282546997
294,4357,23030,1682,7,0.12325475364923477,0.032030750066041946,-1.1955288648605347
295,4444,3931,234,2,0.1205407902598381,0.019291730597615242,0.855806827545166
296,4456,20989,602,2,0.12113479524850845,0.024909650906920433,0.3048829138278961
297,4477,2357,97,3,0.11916094273328781,0.018137995153665543,1.1293858289718628
298,4481,12440,4,3,0.11965625733137131,0.022674892097711563,2.4062137603759766
299,4504,16633,162,2,0.11869652569293976,0.018377328291535378,0.8302508592605591
300,4507,5202,778,3,0.12454387545585632,0.017562737688422203,0.26641780138015747
301,4517,14699,1202,2,0.12133956700563431,0.022313207387924194,-0.2581491768360138
302,4547,22252,1697,4,0.12414480000734329,0.027780363336205482,-1.3734406232833862
303,4596,6565,1492,2,0.1212448924779892,0.022103654220700264,-0.6840867400169373
304,4600,20077,646,2,0.12509937584400177,0.02679305337369442,0.21027693152427673
305,4610,19155,602,2,0.11987380683422089,0.017561446875333786,0.22121237218379974
306,4613,10817,706,2,0.12190742790699005,0.017234260216355324,0.14403024315834045
307,4621,268,19,2,0.12207897752523422,0.023528657853603363,1.808755874633789
308,4657,11134,1663,10,0.12251795083284378,0.02372661605477333,-0.9749317765235901
309,4676,12048,543,3,0.1203681007027626,0.018725156784057617,0.4341117739677429
310,4715,17142,170,2,0.12393255531787872,0.02435239404439926,0.9062608480453491
311,4736,12607,99,2,0.12453319877386093,0.030839700251817703,1.0983872413635254
312,4744,19352,978,2,0.12216316163539886,0.01829674281179905,-0.10511043667793274
313,4748,284,705,2,0.1187458261847496,0.02072293497622013,0.09867767989635468
314,4767,17085,538,3,0.12408493459224701,0.030678939074277878,0.32030755281448364
315,4823,11171,1,2,0.12253207713365555,0.025877617299556732,5.073146820068359
316,4835,1504,1,3,0.118868388235569,0.01952633261680603,2.803293228149414
317,4839,11420,1493,2,0.1224592849612236,0.02787443995475769,-0.7324899435043335
318,4849,21342,200,2,0.1237856075167656,0.022528724744915962,0.8580048084259033
319,4851,22952,4,2,0.12170148640871048,0.02539842203259468,1.717881441116333
320,4860,16808,1128,5,0.12306522578001022,0.025431009009480476,-0.2639150321483612
321,4868,20919,79,2,0.11898205429315567,0.02197873592376709,1.118798851966858
322,4876,570,1625,1,0.12107773125171661,0.023869508877396584,-1.0978947877883911
323,4879,19687,541,1,0.12123563885688782,0.02706974372267723,0.371023565530777
324,4880,297,931,3,0.1207156553864479,0.021698661148548126,-0.20024362206459045
325,4930,20891,498,4,0.12367555499076843,0.029082518070936203,0.42582085728645325
326,4952,305,94,2,0.12143489718437195,0.02582862600684166,1.186378002166748
327,4956,22425,203,3,0.12290433049201965,0.0259312205016613,0.7958312034606934
328,4965,15856,1056,2,0.11930829286575317,0.020883435383439064,-0.22241395711898804
329,4972,12212,296,2,0.12230729311704636,0.026245109736919403,0.6910029649734497
330,4987,23014,253,6,0.11950285732746124,0.01804603636264801,0.7899881601333618
331,4990,4491,432,2,0.12288074195384979,0.027630966156721115,0.5376476049423218
332,5011,1040,4,4,0.122297003865242,0.01821279712021351,3.2018232345581055
333,5022,16616,1230,1,0.11870262026786804,0.017540302127599716,-0.2952781915664673
334,5037,22686,1335,1,0.12088339030742645,0.022386914119124413,-0.35516074299812317
335,5041,18786,2,2,0.12458866834640503,0.028910478577017784,2.718672752380371
336,5048,5287,155,2,0.12275003641843796,0.026453286409378052,0.9003515243530273
337,5058,23029,160,5,0.12072132527828217,0.025607746094465256,0.99561607837677
338,5090,314,1126,2,0.12079675495624542,0.02352306805551052,-0.14260415732860565
339,5094,5262,918,2,0.12271326035261154,0.024439679458737373,-0.020575471222400665
340,5107,16607,340,2,0.11952726542949677,0.019234225153923035,0.6042496562004089
341,5125,2953,1394,2,0.12394417077302933,0.0313919335603714,-0.5903177857398987
342,5166,2022,53,5,0.12310576438903809,0.028205711394548416,1.1818549633026123
343,5171,4539,167,4,0.12221675366163254,0.018321964889764786,1.0613088607788086
344,5172,10659,1219,1,0.12341999262571335,0.0203729048371315,-0.21767304837703705
345,5180,12734,221,3,0.12081187218427658,0.018814008682966232,0.8183555006980896
346,5195,16859,89,4,0.11819425225257874,0.019091393798589706,1.1314681768417358
347,5269,14214,1033,3,0.12262742966413498,0.01822330616414547,-0.14504504203796387
348,5270,23032,468,2,0.11848270893096924,0.022538242861628532,0.340955525636673
349,5273,3929,1550,7,0.12347850203514099,0.029556039720773697,-0.8726857900619507
350,5288,4533,179,4,0.11970192939043045,0.018433861434459686,0.9082783460617065
351,5289,9866,525,2,0.11805440485477448,0.01845252700150013,0.25303196907043457
352,5298,21263,474,2,0.11787999421358109,0.01760803535580635,0.2973809838294983
353,5306,11733,269,6,0.12098576128482819,0.01840599626302719,0.7218083739280701
354,5335,15193,1336,3,0.12268644571304321,0.024675771594047546,-0.43751129508018494
355,5341,18920,137,2,0.12178412079811096,0.026543857529759407,1.0734914541244507
356,5347,22908,1139,3,0.11816858500242233,0.019778495654463768,-0.23835128545761108
357,5348,17019,1271,5,0.12382695078849792,0.02586882747709751,-0.4174695611000061
358,5391,2046,1551,3,0.11966868489980698,0.02215159684419632,-0.7702678442001343
359,5429,18642,526,1,0.12132810801267624,0.018043965101242065,0.38196638226509094
360,5431,21415,14,2,0.12309316545724869,0.026899980381131172,1.630936861038208
361,5433,21350,243,3,0.12229356914758682,0.017304766923189163,0.6545064449310303
362,5447,21121,454,4,0.123435840010643,0.027753310278058052,0.5121274590492249
363,5453,21942,14,10,0.12191537767648697,0.018234647810459137,1.8316271305084229
364,5488,349,764,2,0.11811785399913788,0.018610702827572823,0.04099457338452339
365,5496,5485,1110,3,0.12283837050199509,0.017009714618325233,-0.22710663080215454
366,5501,22928,1082,2,0.12128627300262451,0.01829071156680584,-0.12390977889299393
367,5533,23029,139,4,0.1236562579870224,0.03021966479718685,1.0763236284255981
368,5558,357,490,2,0.1236451044678688,0.023443743586540222,0.4227985143661499
369,5563,23003,890,2,0.12364784628152847,0.02913069911301136,-0.038399357348680496
370,5569,359,858,2,0.12226955592632294,0.017461594194173813,0.02908783033490181
371,5572,831,18,2,0.12176351249217987,0.027493780478835106,1.7708899974822998
372,5587,7310,533,2,0.12220766395330429,0.024588173255324364,0.29294976592063904
373,5591,12831,484,2,0.11817380040884018,0.017276912927627563,0.3265566825866699
374,5632,1570,1464,2,0.11990251392126083,0.022791311144828796,-0.5546817779541016
375,5636,11158,1367,2,0.12375051528215408,0.026750868186354637,-0.4817579984664917
376,5638,15975,675,4,0.12289968132972717,0.024076687172055244,0.2772657573223114
377,5644,3381,457,3,0.12257418036460876,0.024998335167765617,0.4967650771141052
378,5659,4885,843,3,0.12176001816987991,0.02609271928668022,0.11135589331388474
379,5680,5491,1,7,0.11947745829820633,0.02265211194753647,3.0502328872680664
380,5682,11701,191,3,0.11780307441949844,0.018886638805270195,0.9077594876289368
381,5690,23023,6,2,0.12028709053993225,0.023845594376325607,1.9447405338287354
382,5691,367,5,2,0.12321777641773224,0.03425590321421623,3.9701170921325684
383,5694,11047,1261,2,0.11993858218193054,0.02249312959611416,-0.27458763122558594
384,5725,826,140,5,0.12231186777353287,0.026775237172842026,1.0810786485671997
385,5751,17113,1723,4,0.12173360586166382,0.027868950739502907,-1.3942469358444214
386,5770,17519,1454,6,0.12189662456512451,0.021757956594228745,-0.6117831468582153
387,5773,373,1141,3,0.12079443037509918,0.021099204197525978,-0.2314210832118988
388,5804,19030,42,2,0.12501142919063568,0.028949372470378876,1.4821367263793945
389,5820,15861,775,2,0.12282582372426987,0.02717503532767296,0.08781513571739197
390,5831,4767,1068,3,0.11858710646629333,0.01886894926428795,-0.20326471328735352
391,5843,3163,960,2,0.12003177404403687,0.026345301419496536,-0.06131672114133835
392,5871,22809,6,5,0.12500424683094025,0.03142625093460083,3.437941074371338
393,5879,10160,859,2,0.12022789567708969,0.017857128754258156,0.07410316169261932
394,5892,19034,110,3,0.12039506435394287,0.02366446517407894,1.0399250984191895
395,5957,2003,221,2,0.12493984401226044,0.026010747998952866,0.7985178232192993
396,5973,16592,498,2,0.12019312381744385,0.023179249837994576,0.3769133388996124
397,6000,1247,384,2,0.12141965329647064,0.026836490258574486,0.5513842701911926
398,6033,14418,1,3,0.12452509254217148,0.03238556906580925,2.6796963214874268
399,6068,456,1698,3,0.12526965141296387,0.029024982824921608,-1.5379811525344849
400,6096,22704,904,2,0.12329284101724625,0.02642226777970791,0.020374685525894165
401,6100,23014,229,4,0.12197645753622055,0.01813575252890587,0.7788650989532471
402,6171,19227,979,2,0.11856482923030853,0.019078727811574936,-0.16083209216594696
403,6177,396,2,2,0.11797553300857544,0.019042499363422394,1.5903323888778687
404,6196,22533,1107,2,0.12268302589654922,0.02985016629099846,-0.10793617367744446
405,6252,21452,409,7,0.121460922062397,0.019176088273525238,0.5003371238708496
406,6259,5815,1721,1,0.12358461320400238,0.02010354772210121,-1.6860778331756592
407,6280,8586,158,4,0.12466028332710266,0.030973166227340698,0.9826295375823975
408,6283,21396,143,2,0.12327846139669418,0.029574228450655937,1.1321943998336792
409,6284,22217,130,5,0.12243058532476425,0.026599116623401642,1.0244719982147217
410,6289,2370,585,2,0.12383262068033218,0.03143535926938057,0.25367647409439087
411,6312,11927,1322,2,0.12164077907800674,0.02429712936282158,-0.3338344991207123
412,6314,22299,580,2,0.12370730191469193,0.032364390790462494,0.25054967403411865
413,6360,20273,74,5,0.12223221361637115,0.025972528383135796,1.5567567348480225
414,6369,1274,1524,9,0.1211419329047203,0.019235676154494286,-0.6485050916671753
415,6404,5377,221,2,0.12186432629823685,0.022708477452397346,0.7078354358673096
416,6405,6219,1683,6,0.12191788852214813,0.024818632751703262,-1.2224235534667969
417,6407,3151,631,2,0.12517733871936798,0.03056599572300911,0.3101254999637604
418,6440,4196,63,2,0.12555108964443207,0.036453600972890854,1.523905634880066
419,6494,21436,333,2,0.12547366321086884,0.01860036514699459,0.627319872379303
420,6509,14084,749,5,0.12426197528839111,0.027825679630041122,0.12595868110656738
421,6539,16804,552,3,0.12407829612493515,0.01747228391468525,0.37860599160194397
422,6554,8775,669,2,0.11846664547920227,0.0227971188724041,0.21428182721138
423,6595,21277,220,2,0.12285778671503067,0.027093669399619102,0.7443552613258362
424,6596,22347,834,5,0.12180982530117035,0.018375251442193985,0.11483992636203766
425,6619,22961,68,2,0.12274791300296783,0.028768187388777733,1.1942269802093506
426,6623,22657,431,2,0.12257526814937592,0.02603907696902752,0.5248239040374756
427,6631,1408,1749,3,0.12259874492883682,0.029760833829641342,-1.6123565435409546
428,6666,21757,1165,3,0.12230165302753448,0.01799122430384159,-0.28934264183044434
429,6669,4536,98,2,0.12175849825143814,0.02858821488916874,1.2167683839797974
430,6686,23031,495,4,0.12240558117628098,0.023591261357069016,0.41712576150894165
431,6696,18186,785,2,0.12299703061580658,0.028442200273275375,0.16541537642478943
432,6697,21691,1158,4,0.12472594529390335,0.017927367240190506,-0.2268548607826233
433,6706,670,920,2,0.1209896057844162,0.018233783543109894,-0.04453861713409424
434,6717,4566,463,7,0.12312010675668716,0.026898102834820747,0.5267096757888794
435,6729,21141,592,4,0.11836816370487213,0.021215807646512985,0.17285870015621185
436,6730,22000,134,2,0.12088339030742645,0.018423860892653465,0.9820177555084229
437,6739,22987,901,8,0.12070414423942566,0.023417428135871887,0.02092628926038742
438,6742,966,116,2,0.1195022389292717,0.01883506588637829,0.9096822738647461
439,6750,451,80,2,0.12191686779260635,0.024556197226047516,1.2261075973510742
440,6760,12823,98,3,0.11858035624027252,0.02138778567314148,1.173264980316162
441,6762,15814,803,5,0.12007507681846619,0.023955613374710083,0.13299667835235596
442,6766,4196,1252,3,0.12211587280035019,0.027785148471593857,-0.30197674036026
443,6768,16613,834,2,0.12221194058656693,0.02552688680589199,0.11694997549057007
444,6770,22970,677,3,0.12176845967769623,0.025097347795963287,0.1744728684425354
445,6787,21758,214,5,0.12114596366882324,0.018211323767900467,0.7747848629951477
446,6804,21003,1,2,0.11877855658531189,0.018939843401312828,2.747370481491089
447,6820,458,1282,3,0.11892088502645493,0.020019549876451492,-0.42129194736480713
448,6838,22928,1483,6,0.12002221494913101,0.01705387979745865,-0.6313411593437195
449,6859,9462,79,2,0.11933089792728424,0.026765888556838036,1.6503386497497559
450,6874,18842,449,5,0.12047524005174637,0.022540468722581863,0.44144898653030396
451,6878,1894,757,4,0.12338536977767944,0.02482813224196434,0.1571504771709442
452,6946,861,1062,4,0.11800535768270493,0.019963577389717102,-0.15209192037582397
453,6951,22861,324,2,0.1180468425154686,0.017587758600711823,0.6760027408599854
454,6967,20687,1759,2,0.1242944747209549,0.024662381038069725,-2.2478768825531006
455,6979,8252,325,5,0.121790811419487,0.026829581707715988,0.6565135717391968
456,6990,23020,1478,3,0.12380054593086243,0.033051569014787674,-0.7291248440742493
457,7025,14372,1182,4,0.1249510869383812,0.026460830122232437,-0.2611345648765564
458,7042,23027,1684,4,0.12210830301046371,0.025732453912496567,-1.305306077003479
459,7043,22961,979,2,0.12321805208921432,0.027144398540258408,-0.018354244530200958
460,7047,2760,909,3,0.12539362907409668,0.031502362340688705,-0.17918163537979126
461,7062,3315,162,3,0.12310564517974854,0.02850326895713806,0.8466317653656006
462,7064,14238,1445,2,0.1203056275844574,0.020093576982617378,-0.5962775945663452
463,7092,13580,10,5,0.12242227047681808,0.02845618687570095,2.147639036178589
464,7093,3163,1531,2,0.12092020362615585,0.025394238531589508,-0.8489503860473633
465,7094,483,1049,2,0.12190263718366623,0.028093824163079262,-0.07730066776275635
466,7095,4507,1,3,0.11904700100421906,0.018146980553865433,2.4458541870117188
467,7109,22682,110,8,0.12185121327638626,0.018281420692801476,1.0488561391830444
468,7110,21344,1394,2,0.1241629496216774,0.02097531221807003,-0.5103769302368164
469,7120,22892,1410,7,0.12182287126779556,0.02755647525191307,-0.5903876423835754
470,7139,486,469,2,0.12267203629016876,0.027335908263921738,0.5154186487197876
471,7150,20658,350,2,0.12326579540967941,0.02584976516664028,0.5997737646102905
472,7151,9694,45,2,0.12327849119901657,0.02743692882359028,1.2755204439163208
473,7153,21966,947,3,0.12266112864017487,0.024535201489925385,0.0032764896750450134
474,7166,17941,90,2,0.12227615714073181,0.019401755183935165,1.0884630680084229
475,7173,17099,314,4,0.12064767628908157,0.01809699460864067,0.7915186882019043
476,7176,5108,1593,2,0.12298926711082458,0.025223225355148315,-0.8267626762390137
477,7185,16344,397,9,0.12252539396286011,0.023880161345005035,0.5854697823524475
478,7187,22961,1335,3,0.12446274608373642,0.028801457956433296,-0.5343871116638184
479,7192,23025,1409,4,0.12166348844766617,0.027148716151714325,-0.5315540432929993
480,7214,622,685,3,0.12485363334417343,0.033248621970415115,0.2293860912322998
481,7250,22442,1656,2,0.12174060940742493,0.02564842253923416,-1.1183710098266602
482,7260,22975,100,3,0.1242469921708107,0.028476595878601074,1.0347635746002197
483,7261,10331,418,2,0.12388874590396881,0.018899764865636826,0.49820786714553833
484,7262,17216,541,2,0.12003982812166214,0.0208778977394104,0.33615630865097046
485,7263,19389,370,8,0.12247324734926224,0.018104588612914085,0.5347157716751099
486,7264,497,1172,2,0.1196843609213829,0.021105479449033737,-0.2464253008365631
487,7271,17645,800,5,0.12012255936861038,0.024749718606472015,0.1049484834074974
488,7276,4557,1073,3,0.1191919595003128,0.024810533970594406,-0.1164146140217781
489,7303,22984,743,4,0.12098991125822067,0.02604258619248867,0.1595160812139511
490,7309,22112,115,3,0.12411768734455109,0.0315360352396965,1.0472370386123657
491,7311,13257,1714,3,0.12435515969991684,0.03332756459712982,-1.39170241355896
492,7312,12174,323,2,0.12093660235404968,0.01887953281402588,0.6267983913421631
493,7313,501,1307,2,0.12196597456932068,0.028258858248591423,-0.30972397327423096
494,7318,21593,1021,4,0.12068575620651245,0.02297053672373295,-0.08342699706554413
495,7352,5297,1032,3,0.12490133941173553,0.028974059969186783,-0.07344500720500946
496,7356,7203,1750,4,0.1214689388871193,0.026910681277513504,-1.7300277948379517
497,7364,18630,413,2,0.1203770712018013,0.02255515567958355,0.5231835842132568
498,7432,20547,808,6,0.12134183943271637,0.022271789610385895,0.027711978182196617
499,7453,18770,760,2,0.12342909723520279,0.02929273620247841,0.12293814867734909
500,7517,15006,7,2,0.1180620864033699,0.019855236634612083,1.2919833660125732
501,7524,19608,355,2,0.11889810860157013,0.018245641142129898,0.5133824348449707
502,7541,5986,1301,2,0.12317561358213425,0.017102006822824478,-0.39308178424835205
503,7557,22237,969,3,0.11970113962888718,0.02313164249062538,-0.01514086127281189
504,7576,21893,1468,3,0.11976300179958344,0.021117515861988068,-0.6684426069259644
505,7601,19460,1209,2,0.1205703541636467,0.01789722964167595,-0.22973385453224182
506,7609,20393,654,2,0.12145710736513138,0.024894557893276215,0.2550472021102905
507,7628,6261,384,3,0.1221877858042717,0.02585293911397457,0.5693598389625549
508,7638,22925,526,3,0.12110695987939835,0.024365562945604324,0.31680822372436523
509,7651,20792,484,3,0.12292580306529999,0.02363940142095089,0.49573805928230286
510,7657,13314,1150,3,0.12416583299636841,0.027379833161830902,-0.17062631249427795
511,7673,525,1688,2,0.11807921528816223,0.017353998497128487,-1.162116527557373
512,7681,11990,1196,2,0.11947590857744217,0.023739151656627655,-0.2430540919303894
513,7682,10884,837,3,0.12198829650878906,0.02647782862186432,0.09774531424045563
514,7701,4599,73,2,0.12037388980388641,0.018257707357406616,1.2403372526168823
515,7702,19110,72,10,0.12238550186157227,0.018431847915053368,1.1670434474945068
516,7707,17029,944,3,0.1243424192070961,0.018317749723792076,0.04090118408203125
517,7717,531,105,3,0.1208765059709549,0.021230895072221756,1.0230376720428467
518,7719,9220,1666,5,0.11977669596672058,0.021201318129897118,-0.906531572341919
519,7765,536,47,5,0.1203056126832962,0.022362370043992996,1.267099380493164
520,7813,13800,524,2,0.12287189811468124,0.030152801424264908,0.36421942710876465
521,7816,922,2,1,0.12195166200399399,0.026719745248556137,2.644102096557617
522,7850,2246,101,3,0.1232856810092926,0.025005022063851357,1.2442224025726318
523,7883,22996,785,2,0.12343937158584595,0.027048731222748756,0.1649109423160553
524,7892,18744,368,4,0.12484260648488998,0.031111227348446846,0.637662947177887
525,7895,20027,1151,3,0.12341438233852386,0.03134104236960411,-0.23359660804271698
526,7916,6451,385,4,0.123578742146492,0.03362493962049484,0.5597145557403564
527,7920,554,1302,2,0.12064651399850845,0.021579332649707794,-0.30135250091552734
528,7928,3719,655,1,0.11832480877637863,0.018077312037348747,0.204765185713768
529,7932,20472,1268,3,0.12031759321689606,0.02301114611327648,-0.36791959404945374
530,7960,21356,463,2,0.12110698223114014,0.022127075120806694,0.4934719204902649
531,7984,563,1503,2,0.1219322457909584,0.026459306478500366,-0.6812739968299866
532,7999,22938,937,2,0.12187539041042328,0.02596660517156124,-0.021078258752822876
533,8025,23012,983,2,0.1193639487028122,0.02205067314207554,-0.1054253876209259
534,8032,8090,15,2,0.12298768013715744,0.034353598952293396,2.111855983734131
535,8070,11984,1530,2,0.12349382042884827,0.024641163647174835,-0.8120693564414978
536,8075,20472,896,2,0.12193111330270767,0.02459009364247322,-0.022032547742128372
537,8092,22911,1392,1,0.12068667262792587,0.02398628368973732,-0.5719519853591919
538,8101,20768,7,2,0.12226104736328125,0.02778196707367897,2.1302614212036133
539,8111,20848,183,3,0.12334208935499191,0.026375379413366318,0.925275444984436
540,8118,14054,417,3,0.12224895507097244,0.022000834345817566,0.37139320373535156
541,8120,22645,774,3,0.12295381724834442,0.030040329322218895,-0.017207399010658264
542,8132,2283,1535,6,0.12431182712316513,0.034460362046957016,-0.8090370297431946
543,8135,23014,23,9,0.12270771712064743,0.01843220554292202,1.7077255249023438
544,8136,11369,1115,5,0.12102892994880676,0.017470287159085274,-0.1876935511827469
545,8141,18429,429,1,0.1251804530620575,0.026797745376825333,0.4929945766925812
546,8148,20231,352,2,0.1206825003027916,0.02290903590619564,0.5336362719535828
547,8186,8354,1259,2,0.11786072701215744,0.01823900267481804,-0.29394441843032837
548,8226,12656,1,2,0.12517668306827545,0.02822272852063179,4.159424781799316
549,8247,21508,54,3,0.12343588471412659,0.02728050947189331,1.3641647100448608
550,8264,20985,685,2,0.11772564798593521,0.018854880705475807,0.06588279455900192
551,8282,589,1696,5,0.12235508859157562,0.029308535158634186,-1.3375022411346436
552,8284,17142,110,7,0.12318206578493118,0.023350367322564125,1.0407302379608154
553,8287,8397,864,2,0.12097100913524628,0.02398264966905117,0.11643705517053604
554,8294,22638,477,10,0.1218932569026947,0.022711576893925667,0.473085880279541
555,8330,6011,389,3,0.12119004130363464,0.024805676192045212,0.5892949104309082
556,8338,9185,1148,3,0.12098748236894608,0.02491329237818718,-0.27168217301368713
557,8366,6235,806,4,0.12376795709133148,0.027296388521790504,0.04420972988009453
558,8389,21098,983,2,0.1195155456662178,0.024031400680541992,-0.07063385099172592
559,8398,1266,482,2,0.1213044747710228,0.028884053230285645,0.45743295550346375
560,8414,15635,1108,7,0.11902265250682831,0.018461089581251144,-0.18300500512123108
561,8415,16409,279,2,0.11815353482961655,0.018912754952907562,0.6675119400024414
562,8423,8907,925,3,0.12030337750911713,0.023879360407590866,-0.22290757298469543
563,8429,8970,236,2,0.12213291972875595,0.024750370532274246,0.7520779371261597
564,8440,2951,1462,3,0.1230931207537651,0.03251637890934944,-0.608976423740387
565,8450,19333,867,2,0.12186241894960403,0.018243080005049706,0.025280658155679703
566,8498,22851,378,2,0.1222873330116272,0.02928340435028076,0.5493273735046387
567,8508,20768,803,2,0.11911047995090485,0.021023035049438477,0.07022245973348618
568,8511,20888,1761,2,0.12155669182538986,0.024295182898640633,-2.285038948059082
569,8577,7310,353,10,0.12256918847560883,0.023019129410386086,0.5290361046791077
570,8583,9039,479,2,0.1205301582813263,0.02513117343187332,0.3936314880847931
571,8629,16159,230,6,0.1214652806520462,0.0238212700933218,0.9060657620429993
572,8652,12607,386,3,0.11823573708534241,0.01994139514863491,0.5858826041221619
573,8684,17811,95,5,0.12027864903211594,0.02276357263326645,1.0772625207901
574,8686,9302,1567,2,0.12106870114803314,0.03395796939730644,-0.816750168800354
575,8707,628,1032,7,0.11909984797239304,0.020577842369675636,-0.15549957752227783
576,8711,23030,1771,3,0.12106958031654358,0.02635570801794529,-2.288874864578247
577,8745,632,1723,3,0.12130944430828094,0.02394259162247181,-1.3460302352905273
578,8770,10027,637,3,0.12232019007205963,0.023009927943348885,0.25005200505256653
579,8771,635,1634,2,0.1208253726363182,0.016763782128691673,-1.0844074487686157
580,8777,22273,1098,2,0.12074834853410721,0.02704979106783867,-0.24814198911190033
581,8793,20471,165,2,0.1216716468334198,0.027886541560292244,0.8356552124023438
582,8805,9231,657,2,0.12400146573781967,0.025652684271335602,0.2559102773666382
583,8825,16607,1597,2,0.12081804871559143,0.017191320657730103,-0.828802227973938
584,8834,21996,987,3,0.11958357691764832,0.02368045225739479,-0.08999641239643097
585,8843,7077,538,2,0.12269514054059982,0.025570837780833244,0.37177586555480957
586,8899,23009,1119,4,0.12131300568580627,0.021568961441516876,-0.2392050176858902
587,8904,12639,1072,3,0.12299388647079468,0.02694540098309517,-0.05412784218788147
588,8918,1629,1737,2,0.11799956858158112,0.01735406368970871,-1.3898578882217407
589,8961,8624,410,3,0.1225484311580658,0.026764418929815292,0.5980322957038879
590,9006,14115,795,2,0.11858585476875305,0.02026190422475338,0.10807957500219345
591,9014,6569,25,5,0.12009406834840775,0.021712124347686768,1.430708646774292
592,9015,13400,145,3,0.1201629489660263,0.024441316723823547,1.063904881477356
593,9019,16384,1420,2,0.12371889501810074,0.02602975443005562,-0.6147797703742981
594,9029,22154,662,5,0.12343492358922958,0.024384336546063423,0.2638806700706482
595,9046,6535,153,4,0.1223439946770668,0.02516227215528488,0.9187319278717041
596,9059,16893,151,3,0.11832812428474426,0.01947767846286297,1.0017383098602295
597,9094,4491,603,5,0.12370753288269043,0.02881656214594841,0.32787132263183594
598,9095,21833,275,3,0.12409236282110214,0.03110453113913536,0.6220436692237854
599,9108,653,355,3,0.12275110185146332,0.0252445787191391,0.6315010786056519
600,9115,22446,1085,3,0.12270259112119675,0.02739477902650833,-0.24727752804756165
601,9135,694,1735,2,0.12168435752391815,0.025854071602225304,-1.7615467309951782
602,9195,21241,1254,1,0.1189456507563591,0.018599381670355797,-0.35723790526390076
603,9207,20180,1385,3,0.11905795335769653,0.019927291199564934,-0.5161548852920532
604,9225,21613,684,2,0.11858963966369629,0.021302945911884308,0.1886228621006012
605,9236,6797,603,2,0.11933273077011108,0.021363351494073868,0.2579019069671631
606,9251,18477,1755,2,0.12584230303764343,0.03142721578478813,-1.7345620393753052
607,9257,22970,12,2,0.12045669555664062,0.024960527196526527,1.323405385017395
608,9258,19494,114,5,0.11937563866376877,0.018193721771240234,0.9507686495780945
609,9294,8707,1553,2,0.12479700148105621,0.01647595502436161,-0.7745117545127869
610,9302,6191,122,2,0.121827132999897,0.018372081220149994,1.1691827774047852
611,9315,675,929,2,0.12088294327259064,0.026603979989886284,-0.03021882101893425
612,9324,675,6,3,0.11994132399559021,0.024239424616098404,1.9682326316833496
613,9331,17519,1663,2,0.12041784822940826,0.021665528416633606,-0.8021296262741089
614,9357,20745,685,3,0.12049710005521774,0.020263999700546265,0.16562466323375702
615,9379,9495,1424,2,0.1196354478597641,0.023118313401937485,-0.48409977555274963
616,9397,680,81,2,0.12367855757474899,0.018278200179338455,1.2692334651947021
617,9398,7799,949,2,0.11799348145723343,0.018637821078300476,-0.08375686407089233
618,9411,17237,685,2,0.12398849427700043,0.02958410605788231,0.19401079416275024
619,9415,22853,71,2,0.12342183291912079,0.025322357192635536,1.6093542575836182
620,9448,20143,1447,4,0.12003452330827713,0.023094460368156433,-0.5739055871963501
621,9458,2026,293,2,0.11814102530479431,0.018174579367041588,0.6898807287216187
622,9468,21350,18,2,0.11860110610723495,0.020269116386771202,1.3343183994293213
623,9483,22844,649,7,0.12402079999446869,0.02706470526754856,0.34866103529930115
624,9512,10085,284,2,0.12113580852746964,0.02291334792971611,0.6986478567123413
625,9513,12401,362,2,0.12222310900688171,0.025651469826698303,0.5331793427467346
626,9544,23002,792,4,0.12055028229951859,0.027959223836660385,0.04281400889158249
627,9555,14053,1,1,0.1238471269607544,0.02762495167553425,3.096808910369873
628,9562,15862,1182,3,0.12311571091413498,0.025982532650232315,-0.19285473227500916
629,9591,5987,510,9,0.12343379110097885,0.017564401030540466,0.4273231625556946
630,9604,21982,365,6,0.11933276057243347,0.018342692404985428,0.5901443958282471
631,9669,3956,192,2,0.1180524155497551,0.01921464502811432,0.8957984447479248
632,9697,712,2,2,0.11806567758321762,0.01970440149307251,1.9621914625167847
633,9733,712,16,2,0.11787646263837814,0.01963168755173683,1.1964706182479858
634,9773,7373,75,3,0.12394575774669647,0.02862038090825081,1.2929459810256958
635,9814,21711,540,3,0.12212039530277252,0.0228436216711998,0.3503183126449585
636,9828,22812,476,2,0.11806453764438629,0.018923072144389153,0.30504411458969116
637,9830,22739,362,3,0.12371039390563965,0.029689284041523933,0.5390055775642395
638,9874,14417,142,2,0.12212152779102325,0.024866800755262375,0.9055824279785156
639,9883,18076,975,2,0.12363145500421524,0.030535884201526642,-0.04557749629020691
640,9885,4907,1347,2,0.12269482761621475,0.022059675306081772,-0.4000559449195862
641,9917,2668,9,6,0.11924437433481216,0.019137155264616013,1.8070733547210693
642,9921,22889,558,3,0.12241548299789429,0.025840066373348236,0.2824351489543915
643,9928,720,241,2,0.12128151953220367,0.026736479252576828,0.7631768584251404
644,9929,4725,575,2,0.12234453856945038,0.028313271701335907,0.37798213958740234
645,9931,21491,120,2,0.12199272215366364,0.028191406279802322,1.1447594165802002
646,9943,22998,744,3,0.1208978146314621,0.02285643294453621,0.12427230179309845
647,9969,4603,400,2,0.12211945652961731,0.024780217558145523,0.5194392204284668
648,9973,14084,1404,2,0.11936929076910019,0.022300809621810913,-0.46197301149368286
649,9993,9879,291,2,0.1223655417561531,0.017719049006700516,0.6865840554237366
650,10009,9313,115,4,0.12000345438718796,0.022038303315639496,1.0450425148010254
651,10028,6969,281,1,0.12405525147914886,0.02624964900314808,0.7309417128562927
652,10050,15381,924,3,0.1192634329199791,0.01989537850022316,-0.04783365875482559
653,10106,21803,741,4,0.12339925020933151,0.024723870679736137,0.12654200196266174
654,10118,3611,11,3,0.12342280894517899,0.02977839484810829,2.086545944213867
655,10156,3434,2,2,0.12203671783208847,0.028295418247580528,2.3588171005249023
656,10173,6235,1510,2,0.12359324842691422,0.02671174332499504,-0.7240409255027771
657,10186,7338,76,2,0.12213427573442459,0.02507893182337284,1.4163967370986938
658,10216,7524,1635,2,0.12451091408729553,0.018730580806732178,-1.0848716497421265
659,10239,2844,422,2,0.12094081938266754,0.022477947175502777,0.5091732144355774
660,10258,22552,1463,4,0.12193376570940018,0.02560882270336151,-0.5244570374488831
661,10275,16108,393,3,0.11769390851259232,0.017480000853538513,0.5778440237045288
662,10280,7809,829,2,0.12040258198976517,0.027330221608281136,0.09754485636949539
663,10307,10059,1243,2,0.12775781750679016,0.031315963715314865,-0.3301396369934082
664,10315,741,436,3,0.1239192858338356,0.025568675249814987,0.4486417770385742
665,10327,14451,593,3,0.11777699738740921,0.018334699794650078,0.2257932722568512
666,10344,3083,1449,2,0.12585976719856262,0.032415520399808884,-0.5474941730499268
667,10383,22133,342,4,0.12100821733474731,0.02357775717973709,0.5372397899627686
668,10390,23009,1753,2,0.12137307971715927,0.020026374608278275,-2.152186393737793
669,10430,1616,858,1,0.12019170820713043,0.027624791488051414,0.16823521256446838
670,10440,12335,20,3,0.11786758899688721,0.022001679986715317,1.5818264484405518
671,10467,3718,34,5,0.12044620513916016,0.018548116087913513,1.2650185823440552
672,10471,12192,128,3,0.12442762404680252,0.029208196327090263,0.969048261642456
673,10481,8466,150,2,0.1215612068772316,0.01830339804291725,1.0287965536117554
674,10523,22773,1016,3,0.1194300651550293,0.020507775247097015,-0.10432471334934235
675,10526,11477,221,4,0.12247756868600845,0.017972296103835106,0.9430694580078125
676,10550,16962,194,8,0.11954431235790253,0.01888066530227661,0.8686918616294861
677,10664,20477,6,6,0.12436853349208832,0.027889233082532883,2.2368977069854736
678,10680,18021,1669,4,0.12443629652261734,0.017532680183649063,-1.3018230199813843
679,10718,22052,878,2,0.11850713193416595,0.020040493458509445,0.00916464626789093
680,10725,767,1677,2,0.11857129633426666,0.019168881699442863,-0.9097040295600891
681,10734,2579,1007,5,0.12229803204536438,0.02787928283214569,-0.15083858370780945
682,10743,8637,897,2,0.12005379050970078,0.024638423696160316,-0.010242465883493423
683,10746,9206,24,4,0.11922113597393036,0.021641135215759277,1.5917754173278809
684,10749,10049,1074,3,0.12023203074932098,0.025916093960404396,-0.16736499965190887
685,10760,16404,352,2,0.12111946195363998,0.027349945157766342,0.5636649131774902
686,10782,22979,748,5,0.12162397801876068,0.027635440230369568,0.12860837578773499
687,10787,22807,863,5,0.11925268918275833,0.021577781066298485,0.0859079360961914
688,10808,10068,637,2,0.11854075640439987,0.019598674029111862,0.22328060865402222
689,10830,8336,1214,2,0.12423253059387207,0.017130471765995026,-0.26955458521842957
690,10835,3990,203,2,0.11766382306814194,0.018470078706741333,0.8241439461708069
691,10836,17962,16,2,0.11994665861129761,0.018927065655589104,1.5816640853881836
692,10846,782,431,5,0.12141884118318558,0.018399059772491455,0.45313918590545654
693,10848,19423,1596,2,0.12463371455669403,0.02370663359761238,-0.9824014902114868
694,10871,21691,2,4,0.11880319565534592,0.019199397414922714,1.5594731569290161
695,10918,17814,837,2,0.11820798367261887,0.017457254230976105,-0.04150422289967537
696,10942,21366,1316,1,0.1244824156165123,0.026348907500505447,-0.47519251704216003
697,10949,14358,463,3,0.12417146563529968,0.016883864998817444,0.493608683347702
698,10951,20348,1246,5,0.12151221185922623,0.024905066937208176,-0.2611227035522461
699,10960,11420,1329,2,0.11873695254325867,0.021230993792414665,-0.3763878345489502
700,10966,4231,2,2,0.12410678714513779,0.033478863537311554,3.9484376907348633
701,10973,4645,1212,3,0.12001223862171173,0.02407301962375641,-0.26008328795433044
702,10985,22929,204,3,0.12391895055770874,0.02610013075172901,0.6990138292312622
703,10991,12956,609,2,0.1202503964304924,0.022562623023986816,0.28168538212776184
704,11042,20979,337,2,0.11941049247980118,0.018674958497285843,0.6013474464416504
705,11045,16829,272,3,0.11890258640050888,0.018753275275230408,0.7537181377410889
706,11046,22076,1060,2,0.11799566447734833,0.01784823089838028,-0.13392263650894165
707,11054,22874,883,2,0.12263508886098862,0.027359474450349808,0.09127035737037659
708,11076,4643,1256,2,0.11955267935991287,0.022606251761317253,-0.2902437150478363
709,11077,14417,141,6,0.12240885198116302,0.024066708981990814,0.9441725611686707
710,11082,10900,552,2,0.12303423136472702,0.030077170580625534,0.2969767153263092
711,11100,12830,27,2,0.12369168549776077,0.034107476472854614,1.805338740348816
712,11116,18339,314,4,0.12256317585706711,0.02548401430249214,0.6931652426719666
713,11125,805,1202,5,0.11963658034801483,0.022076085209846497,-0.2893142104148865
714,11126,805,677,3,0.12082426249980927,0.02377331629395485,0.23010054230690002
715,11128,16156,3,3,0.12465198338031769,0.031446605920791626,2.476616382598877
716,11129,15001,476,3,0.12154116481542587,0.022242560982704163,0.42677587270736694
717,11132,20734,232,4,0.12256482243537903,0.023945584893226624,0.6859890818595886
718,11153,22572,21,3,0.12246944010257721,0.031084081158041954,1.7102248668670654
719,11168,20913,619,2,0.11960423737764359,0.02298438362777233,0.3091159164905548
720,11181,22575,747,1,0.12258028239011765,0.018838539719581604,0.13438808917999268
721,11190,1660,1070,5,0.12042274326086044,0.023892436176538467,-0.12008529901504517
722,11197,22922,442,2,0.12537364661693573,0.02882986143231392,0.4647909998893738
723,11199,17410,107,2,0.12013018131256104,0.022770093753933907,1.0979111194610596
724,11201,3484,519,4,0.12272407859563828,0.027408888563513756,0.421276718378067
725,11204,17717,70,4,0.12086350470781326,0.025711003690958023,1.495794415473938
726,11211,12306,420,2,0.11971890926361084,0.018657345324754715,0.521199643611908
727,11284,2046,34,5,0.12362291663885117,0.029711831361055374,2.04010009765625
728,11301,21337,367,5,0.12043746560811996,0.02336442843079567,0.6097241640090942
729,11316,22549,912,6,0.11939971894025803,0.0189848393201828,-0.04000212997198105
730,11322,22965,312,5,0.12142518162727356,0.024211056530475616,0.6174426078796387
731,11324,23021,862,2,0.11947528272867203,0.022928332909941673,-0.027010653167963028
732,11337,18244,713,10,0.12132872641086578,0.021727610379457474,0.10765474289655685
733,11364,23024,675,4,0.12147115170955658,0.024240568280220032,0.2074947953224182
734,11365,22964,99,2,0.12147194892168045,0.02361469715833664,1.054836392402649
735,11376,16220,1575,1,0.12473338842391968,0.02957882732152939,-1.0197913646697998
736,11392,21951,605,5,0.11945169419050217,0.020256182178854942,0.2633918523788452
737,11407,18272,109,2,0.11776386946439743,0.019283127039670944,0.9760423898696899
738,11418,10838,23,4,0.12246723473072052,0.027331918478012085,2.009861946105957
739,11450,3637,579,2,0.11998752504587173,0.018375178799033165,0.3576904535293579
740,11460,9725,111,2,0.12321608513593674,0.02630823850631714,1.0513148307800293
741,11461,1402,402,8,0.12081702053546906,0.023557031527161598,0.5515815019607544
742,11482,6293,51,2,0.12388288974761963,0.025269072502851486,1.174832820892334
743,11505,22004,1146,2,0.12225659936666489,0.018375353887677193,-0.20362740755081177
744,11520,3369,1057,4,0.12548977136611938,0.030527010560035706,-0.16350120306015015
745,11530,20302,1524,2,0.12015239894390106,0.017159942537546158,-0.7358104586601257
746,11584,10780,35,3,0.12256910651922226,0.024571850895881653,1.713836908340454
747,11598,13669,227,2,0.12246833741664886,0.016830334439873695,0.7453253865242004
748,11604,4761,506,6,0.12324259430170059,0.024878647178411484,0.4155316948890686
749,11619,22835,702,3,0.12224453687667847,0.017419733107089996,0.22384241223335266
750,11620,22688,1051,3,0.12374333292245865,0.023783180862665176,-0.11299531906843185
751,11626,2060,514,7,0.12001386284828186,0.022948209196329117,0.33849918842315674
752,11636,866,556,7,0.12522700428962708,0.03027454949915409,0.4467439651489258
753,11641,21411,427,3,0.11999358981847763,0.0214785635471344,0.49607473611831665
754,11643,868,1,2,0.12306813895702362,0.03188038989901543,4.056278228759766
755,11698,875,1512,2,0.12055125087499619,0.024061152711510658,-0.7499811053276062
756,11702,9775,1735,2,0.11830663681030273,0.016636725515127182,-1.4338830709457397
757,11710,22896,752,9,0.12533392012119293,0.027401382103562355,0.17740821838378906
758,11757,23008,407,2,0.1210600733757019,0.024489248171448708,0.5730255246162415
759,11758,22929,1134,3,0.12107258290052414,0.02212490141391754,-0.20965811610221863
760,11815,889,841,4,0.12197893112897873,0.028520893305540085,0.11501868069171906
761,11829,21350,465,6,0.1233699843287468,0.017338598147034645,0.41256827116012573
762,11867,22414,250,10,0.1245952844619751,0.02896750718355179,0.8554600477218628
763,11877,16189,1500,3,0.1250690370798111,0.026102688163518906,-0.6445929408073425
764,11883,19222,991,2,0.12465459108352661,0.02907061204314232,-0.041287340223789215
765,11891,6019,327,2,0.12238819152116776,0.018875153735280037,0.7361009120941162
766,11899,22645,174,3,0.12165826559066772,0.02633463591337204,0.9967061877250671
767,11901,15883,1649,2,0.12081637978553772,0.022090192884206772,-1.0774705410003662
768,11918,16348,776,2,0.11998739838600159,0.02747046761214733,-0.028790578246116638
769,11930,22329,190,2,0.12174459546804428,0.018178774043917656,0.9051892757415771
770,11957,15869,366,2,0.12009044736623764,0.01970919966697693,0.5612303614616394
771,11962,9376,1451,2,0.1230718269944191,0.03127079829573631,-0.5717334747314453
772,12053,5138,359,2,0.11823707073926926,0.01866151951253414,0.5391828417778015
773,12084,22594,474,3,0.12134498357772827,0.02298835664987564,0.4847695231437683
774,12095,15826,1114,3,0.12411363422870636,0.022327663376927376,-0.09485509991645813
775,12161,18367,1502,2,0.12353305518627167,0.025905389338731766,-0.6395347118377686
776,12172,11479,72,2,0.12362030893564224,0.026181410998106003,1.1699788570404053
777,12189,12118,156,4,0.12048182636499405,0.01812896877527237,0.8107775449752808
778,12203,6636,1,3,0.120216965675354,0.025880996137857437,2.5817384719848633
779,12208,1901,1367,2,0.11995819956064224,0.02234705537557602,-0.4498330354690552
780,12266,2817,752,1,0.12402722239494324,0.01740683615207672,0.06075604632496834
781,12274,12740,1441,1,0.12178826332092285,0.03043638914823532,-0.5936759114265442
782,12276,15826,990,3,0.12344931066036224,0.021090293303132057,0.0436074435710907
783,12292,21992,1554,3,0.12320004403591156,0.025631461292505264,-0.7686417102813721
784,12319,3793,33,2,0.1196000799536705,0.018769286572933197,1.180762529373169
785,12320,10591,577,2,0.11906565725803375,0.0211486779153347,0.3441704511642456
786,12324,2055,1744,2,0.11936911195516586,0.022100118920207024,-1.1077368259429932
787,12329,21624,13,3,0.12182576209306717,0.018860235810279846,1.5413376092910767
788,12337,22183,666,3,0.12529300153255463,0.01711059734225273,0.22940315306186676
789,12340,4813,325,2,0.1181105449795723,0.01863991655409336,0.6502628326416016
790,12361,17859,516,2,0.12173778563737869,0.017887510359287262,0.4753560721874237
791,12401,2178,768,3,0.12248557806015015,0.02588597871363163,0.15707771480083466
792,12432,966,1471,2,0.12380267679691315,0.017484717071056366,-0.5299487113952637
793,12434,966,174,3,0.11890110373497009,0.018486041575670242,0.940936803817749
794,12466,21826,70,2,0.12327414005994797,0.028307640925049782,1.2524644136428833
795,12545,21345,970,3,0.11868185549974442,0.01806454546749592,-0.1160559207201004
796,12575,23002,277,4,0.12264356762170792,0.03057735413312912,0.7380033135414124
797,12579,16883,64,2,0.12017842382192612,0.01885979436337948,1.0282484292984009
798,12598,11991,64,2,0.12248466163873672,0.03158407658338547,1.414125680923462
799,12623,22004,224,3,0.11779148131608963,0.019146518781781197,0.9040327072143555
800,12624,21826,96,3,0.12090301513671875,0.02314426377415657,1.291215181350708
801,12635,9590,134,2,0.1212591752409935,0.023459220305085182,0.9260193109512329
802,12661,2706,146,2,0.11935566365718842,0.017832497134804726,1.0186023712158203
803,12683,10843,674,4,0.12097141891717911,0.023701950907707214,0.16247406601905823
804,12723,4262,11,4,0.12109778076410294,0.02703816257417202,2.8635921478271484
805,12750,10918,570,4,0.12127559632062912,0.0221099890768528,0.3656455874443054
806,12796,14657,417,3,0.11951687186956406,0.021056674420833588,0.4777543842792511
807,12799,3913,1341,2,0.11802490800619125,0.017823565751314163,-0.3739824891090393
808,12802,22591,788,3,0.12107115983963013,0.024278979748487473,0.08073997497558594
809,12844,22228,692,4,0.12121570855379105,0.0241145770996809,0.08134159445762634
810,12854,21115,27,3,0.12077949941158295,0.01920432224869728,1.4716507196426392
811,12856,6053,905,2,0.12337915599346161,0.0316736064851284,0.06819574534893036
812,12857,21956,995,3,0.12284615635871887,0.026662927120923996,0.004896581172943115
813,12868,14224,206,2,0.1197594627737999,0.018454618752002716,0.7335842847824097
814,12900,15861,1726,7,0.12365860491991043,0.027379237115383148,-1.6041786670684814
815,12904,22903,643,4,0.12153995782136917,0.02409420907497406,0.20356406271457672
816,12916,8381,56,3,0.12340452522039413,0.026162032037973404,1.3247246742248535
817,12941,20283,180,1,0.12478107213973999,0.033859629184007645,0.8539040088653564
818,12949,13473,241,2,0.11943043023347855,0.018040001392364502,0.7789220809936523
819,12953,22874,1619,2,0.11817518621683121,0.0205344557762146,-0.7766602635383606
820,12976,10661,1241,1,0.11786573380231857,0.01776852458715439,-0.3556104600429535
821,12983,22596,150,1,0.12324594706296921,0.01810997724533081,0.8729726672172546
822,13052,21735,49,7,0.11985281854867935,0.01827206090092659,1.181252121925354
823,13054,22084,852,2,0.12633268535137177,0.028498202562332153,0.05447674170136452
824,13056,3054,959,2,0.1254970133304596,0.017261482775211334,-0.07231681048870087
825,13069,21568,1063,1,0.1184709295630455,0.017549121752381325,-0.1385580450296402
826,13081,4534,80,6,0.1228284016251564,0.028227951377630234,1.4395060539245605
827,13098,6456,1640,1,0.1217932179570198,0.027311041951179504,-1.216459035873413
828,13162,19176,12,5,0.12430690973997116,0.03262842074036598,2.323315143585205
829,13173,6513,762,3,0.1192236989736557,0.0213836170732975,-0.01999322697520256
830,13211,8974,27,2,0.11765635013580322,0.01993110403418541,1.402869462966919
831,13232,14477,1,3,0.12111266702413559,0.01802150160074234,3.279594898223877
832,13235,1051,945,4,0.12256836146116257,0.017449431121349335,0.06563299149274826
833,13264,19626,37,3,0.1178850531578064,0.019584815949201584,1.2476205825805664
834,13300,13760,612,2,0.11905527859926224,0.024990122765302658,0.18734702467918396
835,13310,3532,1283,2,0.12104558199644089,0.02502821385860443,-0.38806670904159546
836,13342,22636,1701,2,0.11905395239591599,0.02244981937110424,-1.1124540567398071
837,13372,2386,22,4,0.12019018828868866,0.026608392596244812,1.9608739614486694
838,13392,22931,85,3,0.1204349622130394,0.02809213660657406,1.5167421102523804
839,13404,11017,1534,3,0.12284547090530396,0.026455961167812347,-0.7675790786743164
840,13410,1081,173,2,0.12293116003274918,0.022196132689714432,0.9062768220901489
841,13424,11846,1656,2,0.11951894313097,0.02366669476032257,-0.8045952916145325
842,13434,8784,611,2,0.12005192041397095,0.02402358129620552,0.3197098672389984
843,13472,8248,637,1,0.12052280455827713,0.024214761331677437,0.35630083084106445
844,13560,23005,537,2,0.1193772628903389,0.02107076160609722,0.2604905962944031
845,13566,22482,1688,3,0.12136586010456085,0.023722859099507332,-0.9771095514297485
846,13570,22344,138,5,0.12085974216461182,0.018771883100271225,0.8831936717033386
847,13604,7196,158,2,0.12362437695264816,0.028340112417936325,0.9566877484321594
848,13610,1101,1019,2,0.11833099275827408,0.01782754622399807,-0.15447497367858887
849,13612,16633,2,2,0.11820337921380997,0.020583275705575943,2.081862449645996
850,13616,9608,566,3,0.11905565112829208,0.019132953137159348,0.2519821524620056
851,13643,5042,821,2,0.1205117478966713,0.02272859402000904,0.11623172461986542
852,13665,1110,501,1,0.12169095128774643,0.023800566792488098,0.5382512807846069
853,13669,6031,1737,3,0.12104929983615875,0.02776213362812996,-1.4965788125991821
854,13681,22205,145,4,0.12234870344400406,0.022862743586301804,0.9290682077407837
855,13739,20995,1,3,0.12048938870429993,0.018633928149938583,2.420630931854248
856,13741,10037,1438,2,0.12404248118400574,0.03576461225748062,-0.5124224424362183
857,13744,22019,291,2,0.11971691250801086,0.022709183394908905,0.662544846534729
858,13769,1119,785,2,0.12365671992301941,0.01738189533352852,0.0871773213148117
859,13793,11213,1485,2,0.11800729483366013,0.017931031063199043,-0.5496550798416138
860,13795,1121,980,2,0.12277194112539291,0.017547547817230225,-0.07455156743526459
861,13813,10470,1,2,0.11991436034440994,0.019104458391666412,3.019294261932373
862,13839,19825,275,2,0.12522061169147491,0.02874390035867691,0.7235334515571594
863,13845,1128,405,2,0.11786576360464096,0.01804354414343834,0.44679778814315796
864,13854,6055,1769,4,0.12006501108407974,0.019133472815155983,-1.9335665702819824
865,13863,13556,202,8,0.1194748729467392,0.01884470321238041,0.7555329203605652
866,13913,20722,1629,2,0.11994623392820358,0.025568831712007523,-0.9560738801956177
867,13928,22364,673,2,0.11916906386613846,0.023592974990606308,0.11176685988903046
868,13940,9838,235,3,0.11796345561742783,0.020018598064780235,0.7993895411491394
869,13977,22144,423,2,0.12437378615140915,0.027631934732198715,0.543017566204071
870,13984,18104,1204,1,0.12112849950790405,0.028575154021382332,-0.2454683631658554
871,14027,21334,215,3,0.1232912465929985,0.024880414828658104,0.8026101589202881
872,14029,17916,1734,3,0.12387409806251526,0.02518588863313198,-1.6631669998168945
873,14053,18029,122,1,0.12252075225114822,0.01891491748392582,0.8889963626861572
874,14085,22559,1582,2,0.1198907345533371,0.020659005269408226,-0.7791998982429504
875,14090,5101,229,2,0.12217673659324646,0.03238239884376526,0.7800155878067017
876,14138,4164,801,3,0.12059586495161057,0.026325158774852753,-0.06545771658420563
877,14176,12299,114,3,0.12044388055801392,0.027082854881882668,1.2669440507888794
878,14179,8348,30,2,0.11802788078784943,0.019469350576400757,1.3934926986694336
879,14190,19857,321,4,0.11881372332572937,0.020163916051387787,0.6951581239700317
880,14195,3768,88,2,0.12406463921070099,0.030007943511009216,1.1562918424606323
881,14225,1336,1676,3,0.12367246299982071,0.026386480778455734,-1.1439464092254639
882,14243,8075,1459,1,0.11951054632663727,0.02255067229270935,-0.6435798406600952
883,14261,17187,608,1,0.11822210252285004,0.018380075693130493,0.18724973499774933
884,14275,20322,1559,4,0.11823269724845886,0.018285196274518967,-0.677817702293396
885,14292,19717,562,2,0.11844129115343094,0.017600778490304947,0.2870587408542633
886,14322,10141,1205,2,0.11825542151927948,0.02016756683588028,-0.2913297712802887
887,14336,2357,459,2,0.12338346987962723,0.01783129759132862,0.4627341628074646
888,14339,6211,1519,2,0.11916963756084442,0.021196624264121056,-0.6422372460365295
889,14342,8840,442,3,0.11970579624176025,0.022290494292974472,0.4978989362716675
890,14347,21170,1047,2,0.12364690750837326,0.029131978750228882,-0.06776253879070282
891,14370,13085,965,2,0.12557265162467957,0.027628790587186813,-0.0821022242307663
892,14376,10594,1547,3,0.12000897526741028,0.022533182054758072,-0.7132713794708252
893,14401,1216,1763,3,0.11843813210725784,0.020372048020362854,-1.7054126262664795
894,14410,9287,23,3,0.12307579815387726,0.028523417189717293,2.2780675888061523
895,14451,11213,106,2,0.12206424027681351,0.02777045965194702,1.2217408418655396
896,14453,2391,127,10,0.12135607749223709,0.017533011734485626,0.9697998762130737
897,14462,17469,972,1,0.12156540155410767,0.024877483025193214,0.02902771532535553
898,14477,21873,108,4,0.1183517575263977,0.019030988216400146,1.094659686088562
899,14484,20043,830,5,0.11926796287298203,0.019365426152944565,0.08080972731113434
900,14492,19160,888,2,0.1231473758816719,0.017027713358402252,0.07553983479738235
901,14572,9115,118,4,0.11876820772886276,0.02102074585855007,0.9064546227455139
902,14596,15381,778,3,0.11886607110500336,0.019002310931682587,-0.011673111468553543
903,14610,1356,427,3,0.12320167571306229,0.02541740983724594,0.45336687564849854
904,14642,8763,471,2,0.11969862878322601,0.023417459800839424,0.4419531226158142
905,14643,19504,3,2,0.12185830622911453,0.030396131798624992,2.7457149028778076
906,14651,1236,925,2,0.12145484238862991,0.02506481483578682,-0.03231864422559738
907,14653,21776,691,2,0.11946463584899902,0.019774090498685837,0.20811229944229126
908,14670,20283,695,2,0.11888797581195831,0.02316238358616829,0.187771737575531
909,14686,14727,1027,4,0.11885730177164078,0.018921278417110443,-0.11402587592601776
910,14704,21350,107,3,0.11992091685533524,0.01802966743707657,1.1249041557312012
911,14732,1250,1095,3,0.11983069777488708,0.021252676844596863,-0.23874598741531372
912,14763,18116,700,4,0.12050400674343109,0.022708937525749207,0.1339452564716339
913,14781,22623,459,2,0.12194397300481796,0.025191912427544594,0.4685644209384918
914,14785,1255,1424,2,0.11897541582584381,0.01971994712948799,-0.5000816583633423
915,14831,1259,903,2,0.12165722250938416,0.03608027100563049,0.020896241068840027
916,14838,20098,19,1,0.12302977591753006,0.031133610755205154,2.1456990242004395
917,14850,2417,1604,3,0.11994611471891403,0.02367144078016281,-0.7825577855110168
918,14876,7053,242,2,0.1191997081041336,0.01812424510717392,0.7192807197570801
919,14889,20355,202,3,0.1237473338842392,0.027184536680579185,0.8951065540313721
920,14892,15985,280,2,0.12104237079620361,0.025056976824998856,0.6983381509780884
921,14913,21489,1152,2,0.12026523798704147,0.024567898362874985,-0.22228902578353882
922,14938,23022,627,2,0.12542030215263367,0.031683869659900665,0.30892282724380493
923,15000,16872,77,2,0.11859696358442307,0.019478630274534225,0.9489989876747131
924,15002,10403,320,2,0.121127188205719,0.02145647257566452,0.5937932729721069
925,15007,4536,1213,3,0.12225891649723053,0.027820633724331856,-0.23379729688167572
926,15009,1704,679,1,0.11845307797193527,0.01784570887684822,0.06926484405994415
927,15010,18527,1171,5,0.12060022354125977,0.017565181478857994,-0.24765561521053314
928,15031,6584,52,2,0.1182653158903122,0.019969722256064415,1.250666618347168
929,15032,1285,33,3,0.12330006062984467,0.02646452561020851,1.5472255945205688
930,15041,17527,109,2,0.12314563989639282,0.025920795276761055,1.0046013593673706
931,15056,14958,94,3,0.12383560091257095,0.024104364216327667,1.345773696899414
932,15079,12564,1109,2,0.12339920550584793,0.027293434366583824,-0.14446422457695007
933,15093,18022,1620,2,0.12311388552188873,0.017342492938041687,-1.027127981185913
934,15112,15148,842,2,0.12298085540533066,0.026921315118670464,0.11416283249855042
935,15128,17546,1482,2,0.12388110160827637,0.024068638682365417,-0.6540271639823914
936,15158,6465,812,3,0.12053044140338898,0.023637792095541954,0.13187521696090698
937,15159,15955,1662,2,0.12302300333976746,0.03204897791147232,-1.17500638961792
938,15173,20362,1698,2,0.12010761350393295,0.02003941312432289,-1.1500275135040283
939,15188,19489,8,2,0.11829116940498352,0.01849978417158127,1.5367560386657715
940,15190,7624,909,2,0.12107560783624649,0.024731645360589027,0.0009195767343044281
941,15258,11338,868,2,0.12173298001289368,0.02531272917985916,0.06052500009536743
942,15272,9157,1350,1,0.11808433383703232,0.018045712262392044,-0.39987659454345703
943,15281,13043,900,2,0.1226513683795929,0.026519445702433586,0.04617190361022949
944,15286,11266,109,4,0.11844104528427124,0.01853553205728531,0.8983840942382812
945,15299,2303,261,7,0.11918944865465164,0.018110081553459167,0.8667337894439697
946,15348,13899,246,2,0.11764930188655853,0.019421162083745003,0.8432822227478027
947,15350,18343,715,1,0.12176311761140823,0.017079226672649384,0.23006822168827057
948,15352,20477,4,1,0.1229536160826683,0.029396096244454384,1.8460975885391235
949,15358,1773,271,2,0.12012910842895508,0.02413841336965561,0.7658800482749939
950,15359,19173,1487,2,0.11825579404830933,0.01721246726810932,-0.5996858477592468
951,15360,20473,819,2,0.1201876848936081,0.023979593068361282,0.1409936547279358
952,15377,19587,271,3,0.11796430498361588,0.019508376717567444,0.7046872973442078
953,15418,20902,659,3,0.11959464848041534,0.019807415083050728,0.10699595510959625
954,15443,17218,1553,4,0.1197543740272522,0.020929213613271713,-0.698646068572998
955,15469,10970,903,2,0.11842182278633118,0.021572880446910858,-0.12554554641246796
956,15474,22853,1195,3,0.1250208616256714,0.025278955698013306,-0.2657386064529419
957,15510,11289,339,3,0.12263865768909454,0.02220010943710804,0.5793279409408569
958,15515,20780,450,3,0.11887368559837341,0.021266549825668335,0.5194036364555359
959,15545,1347,1752,2,0.11802304536104202,0.019660480320453644,-1.4976027011871338
960,15554,21350,377,2,0.12150809913873672,0.01624050736427307,0.5362520217895508
961,15559,1350,859,6,0.12342875450849533,0.025373592972755432,0.007259432226419449
962,15592,21881,311,2,0.1237536147236824,0.03217029571533203,0.5783536434173584
963,15605,2198,788,6,0.12470707297325134,0.02792779542505741,-0.005893081426620483
964,15642,9522,1718,2,0.11802764236927032,0.017654798924922943,-1.240172028541565
965,15673,14195,52,3,0.11764863133430481,0.019534755498170853,1.2167518138885498
966,15700,17099,217,2,0.11780241131782532,0.019376251846551895,0.8822394609451294
967,15710,22017,1095,2,0.11912214010953903,0.023210033774375916,-0.18587850034236908
968,15745,13494,15,3,0.1205073744058609,0.021974392235279083,1.4074229001998901
969,15751,19277,486,3,0.1185043454170227,0.019319714978337288,0.28998836874961853
970,15801,1667,1518,4,0.12207569181919098,0.018566638231277466,-0.7012414336204529
971,15807,7250,1672,1,0.12492162734270096,0.024835892021656036,-1.443680763244629
972,15821,22155,1225,1,0.12081006169319153,0.01770559512078762,-0.3041481375694275
973,15844,11702,188,2,0.12149433046579361,0.01837913691997528,0.9518098831176758
974,15864,16440,1622,2,0.11752305924892426,0.018796781077980995,-0.751022219657898
975,15878,2969,1714,2,0.12098358571529388,0.024842053651809692,-1.0972785949707031
976,15919,21491,861,3,0.12005926668643951,0.023306960240006447,-0.08529138565063477
977,15924,22007,275,2,0.12130910158157349,0.02425988018512726,0.6901792883872986
978,15934,9770,3,1,0.11933343857526779,0.019655289128422737,1.4326140880584717
979,15949,10029,911,2,0.12024849653244019,0.026462027803063393,-0.01367005705833435
980,15973,20041,12,6,0.12274356931447983,0.01784684509038925,2.085211753845215
981,16015,9749,521,1,0.1262439340353012,0.030334576964378357,0.33485355973243713
982,16029,17748,154,4,0.11920087784528732,0.017813794314861298,0.8638917207717896
983,16048,18279,75,2,0.12055956572294235,0.023805558681488037,1.3138383626937866
984,16049,16520,1255,3,0.11985435336828232,0.021115632727742195,-0.3684246838092804
985,16090,22890,182,3,0.12621891498565674,0.030144553631544113,0.8486916422843933
986,16128,22574,933,1,0.12158051133155823,0.018207471817731857,0.05689177289605141
987,16137,12113,1049,2,0.11874378472566605,0.021067606285214424,-0.21112696826457977
988,16143,19792,433,1,0.11824820190668106,0.01859569177031517,0.42708703875541687
989,16178,20069,1143,2,0.12447920441627502,0.031135648488998413,-0.19779619574546814
990,16202,11857,1746,2,0.11986720561981201,0.02391042932868004,-1.4516643285751343
991,16204,1437,378,2,0.12235957384109497,0.01816018670797348,0.5087062120437622
992,16209,3528,1719,2,0.11766081303358078,0.016473054885864258,-1.1265063285827637
993,16225,20940,1515,4,0.1195119097828865,0.023239238187670708,-0.6127731800079346
994,16228,23008,818,2,0.11978356540203094,0.02344086952507496,-0.004922235384583473
995,16229,8537,1631,2,0.11937645077705383,0.022007621824741364,-0.8902918696403503
996,16250,12449,1057,2,0.12104430794715881,0.024970272555947304,-0.12544231116771698
997,16263,22109,683,2,0.12001962959766388,0.021944407373666763,0.09968485683202744
998,16318,19822,902,2,0.12446682900190353,0.030009150505065918,0.05751193314790726
999,16322,12560,1177,2,0.11821122467517853,0.01783047243952751,-0.18854331970214844
1000,16325,8023,1544,3,0.11903554201126099,0.02055450715124607,-0.6664226055145264
1001,16392,14523,881,3,0.12380223721265793,0.017820104956626892,0.02692132443189621
1002,16417,22132,935,5,0.12163938581943512,0.025528009980916977,-0.068419449031353
1003,16427,22986,797,2,0.12297243624925613,0.029225897043943405,0.22086715698242188
1004,16431,6015,161,3,0.1246354803442955,0.025687407702207565,0.9104188680648804
1005,16437,14570,1562,2,0.12041021883487701,0.021494299173355103,-0.6803483366966248
1006,16438,22051,1689,1,0.12376631796360016,0.03084249421954155,-1.3679181337356567
1007,16443,16127,844,2,0.12151781469583511,0.02112567611038685,0.10821369290351868
1008,16461,17922,1563,2,0.1191621720790863,0.022376416251063347,-0.6781995892524719
1009,16507,21249,332,2,0.12317818403244019,0.02806035615503788,0.5421926379203796
1010,16520,16926,13,3,0.12250252068042755,0.018659288063645363,1.5553653240203857
1011,16529,4902,228,4,0.12126686424016953,0.021618450060486794,0.7382766008377075
1012,16542,17107,39,5,0.11940934509038925,0.018578430637717247,1.2791810035705566
1013,16547,19751,98,2,0.12130671739578247,0.02786444127559662,1.1756434440612793
1014,16608,20995,1,2,0.1181986853480339,0.019247494637966156,1.8950650691986084
1015,16609,17235,673,2,0.11790276318788528,0.017707547172904015,0.11421076953411102
1016,16620,1865,1049,2,0.11843927949666977,0.0224473774433136,-0.1574098914861679
1017,16623,16217,930,3,0.11995858699083328,0.01867135800421238,-0.028278060257434845
1018,16626,13131,1424,2,0.1178813949227333,0.018209954723715782,-0.4480159878730774
1019,16696,2825,627,4,0.12005200982093811,0.022584237158298492,0.29802536964416504
1020,16702,16841,14,4,0.11941748112440109,0.018344232812523842,1.5335873365402222
1021,16710,15817,521,2,0.1179661899805069,0.018465377390384674,0.31952401995658875
1022,16713,5462,301,3,0.11803022027015686,0.01937219314277172,0.7115725874900818
1023,16734,20060,1418,2,0.12454733997583389,0.027058318257331848,-0.4473639726638794
1024,16768,13587,176,2,0.1207306757569313,0.02441064640879631,0.9549269676208496
1025,16773,1552,1,3,0.1219913586974144,0.027465008199214935,4.657650470733643
1026,16800,11473,1,2,0.11900430917739868,0.03081035241484642,4.971129417419434
1027,16803,10081,488,2,0.1191842332482338,0.021999793127179146,0.42945486307144165
1028,16830,22969,1326,3,0.1202942356467247,0.022538868710398674,-0.47950366139411926
1029,16835,12222,917,4,0.12123043835163116,0.02200920134782791,-0.17181287705898285
1030,16868,23032,66,2,0.12369515746831894,0.029969491064548492,1.277221918106079
1031,16869,1551,157,2,0.1221722960472107,0.023431764915585518,0.9673624038696289
1032,16874,5820,328,3,0.12101021409034729,0.024486586451530457,0.5664855241775513
1033,16906,14215,1252,3,0.12451166659593582,0.029745247215032578,-0.3155297338962555
1034,16913,5963,1117,3,0.12268725037574768,0.024839015677571297,-0.2315453588962555
1035,16926,19636,10,2,0.12256836146116257,0.030058983713388443,1.8882042169570923
1036,16931,1564,1252,2,0.12456098198890686,0.026461493223905563,-0.3951513171195984
1037,16939,15834,828,1,0.12064888328313828,0.025371531024575233,-0.029174163937568665
1038,16947,2665,72,3,0.12401165813207626,0.022916844114661217,1.0707557201385498
1039,17000,19390,22,2,0.11811111867427826,0.02029316872358322,1.405797004699707
1040,17010,22108,997,4,0.11861845850944519,0.017523502930998802,-0.04480673372745514
1041,17054,13659,612,2,0.11959167569875717,0.02036997862160206,0.3173438310623169
1042,17055,17216,1483,3,0.12301550060510635,0.022893507033586502,-0.6224618554115295
1043,17070,21445,1751,2,0.12234683334827423,0.02678515575826168,-2.0401530265808105
1044,17090,9490,24,2,0.12090250104665756,0.02803672105073929,1.4758882522583008
1045,17108,12600,265,2,0.12238936126232147,0.025490818545222282,0.7164124250411987
1046,17113,17560,671,5,0.12202396988868713,0.02341424860060215,0.27044039964675903
1047,17121,3491,903,3,0.1218855082988739,0.027528218924999237,0.08168569952249527
1048,17134,21824,664,2,0.12320079654455185,0.026366766542196274,0.37947648763656616
1049,17157,22582,797,3,0.12181045860052109,0.02216552570462227,0.1685035228729248
1050,17189,12536,295,2,0.11916492134332657,0.02687816694378853,0.7756869196891785
1051,17195,8946,118,2,0.11826440691947937,0.018949702382087708,0.978173017501831
1052,17268,20868,147,6,0.12426453828811646,0.017747249454259872,0.9680414199829102
1053,17300,20766,305,2,0.11999671906232834,0.023679636418819427,0.7160207033157349
1054,17302,4815,1,3,0.121460922062397,0.018518704921007156,3.5736029148101807
1055,17318,23009,1164,4,0.1195308044552803,0.01991117373108864,-0.3259880840778351
1056,17330,22894,1534,5,0.12252699583768845,0.026857413351535797,-0.809503436088562
1057,17333,21889,365,10,0.12425505369901657,0.029336553066968918,0.6963510513305664
1058,17348,22415,389,2,0.1186605915427208,0.01775495335459709,0.5934839844703674
1059,17397,13078,899,4,0.12172015011310577,0.017119716852903366,0.0033894404768943787
1060,17398,1642,1022,2,0.11993696540594101,0.02548035979270935,-0.06726489961147308
1061,17399,21685,1099,3,0.12298626452684402,0.017943184822797775,-0.1572166085243225
1062,17423,1645,1149,2,0.12098611146211624,0.023974061012268066,-0.2480347752571106
1063,17447,6485,705,2,0.12000306695699692,0.024014228954911232,0.19229963421821594
1064,17453,16841,17,2,0.11803776770830154,0.018920667469501495,1.397244930267334
1065,17501,4030,905,5,0.12067189067602158,0.021433480083942413,-0.03305754065513611
1066,17504,20644,458,2,0.12136824429035187,0.019013360142707825,0.44224101305007935
1067,17533,21760,216,2,0.11958464235067368,0.018638091161847115,0.7682479619979858
1068,17611,3208,1653,6,0.12414675205945969,0.026929423213005066,-1.2013416290283203
1069,17621,9882,228,2,0.11926709115505219,0.01899467222392559,0.7310556173324585
1070,17650,22228,734,10,0.12174917757511139,0.023728029802441597,0.19697369635105133
1071,17665,1920,263,3,0.12258318811655045,0.026555031538009644,0.606983482837677
1072,17748,13154,1697,3,0.11910512298345566,0.021349191665649414,-1.1814067363739014
1073,17770,17729,1475,3,0.12121835350990295,0.022212928161025047,-0.6890525221824646
1074,17810,21639,910,8,0.1202269047498703,0.022960765287280083,-0.06050494313240051
1075,17831,21743,188,3,0.12171551585197449,0.018626531586050987,0.9559352993965149
1076,17890,9726,350,2,0.11788094788789749,0.01917741447687149,0.6671687960624695
1077,17891,17157,147,2,0.12119469046592712,0.02616163156926632,1.0308400392532349
1078,17897,3610,665,2,0.12237434834241867,0.018606629222631454,0.27965283393859863
1079,17905,7799,1281,2,0.12347710877656937,0.028989728540182114,-0.33257362246513367
1080,17920,20441,1306,2,0.12211163341999054,0.029315859079360962,-0.38227975368499756
1081,17926,22411,1410,2,0.11965898424386978,0.021867848932743073,-0.5117253065109253
1082,17931,21983,959,2,0.1227475106716156,0.0245369765907526,-0.057685837149620056
1083,17955,20555,364,2,0.12232702225446701,0.026359375566244125,0.5648432970046997
1084,17965,4637,47,10,0.12154500186443329,0.025285348296165466,1.2177722454071045
1085,17968,5042,135,4,0.12508921325206757,0.029301337897777557,1.056850790977478
1086,17980,18851,58,2,0.12628470361232758,0.031047292053699493,1.4507558345794678
1087,17982,18513,649,4,0.11829454451799393,0.0202731154859066,0.16060103476047516
1088,18003,15088,422,2,0.11993356049060822,0.020350774750113487,0.5543563961982727
1089,18004,22642,432,3,0.11988203227519989,0.02222295105457306,0.5240487456321716
1090,18025,21472,130,3,0.12281806021928787,0.024717777967453003,0.898687481880188
1091,18040,8969,375,2,0.11938966065645218,0.021841134876012802,0.5294315218925476
1092,18051,20098,1650,2,0.12263759970664978,0.027387134730815887,-1.0992783308029175
1093,18053,23018,863,2,0.11794188618659973,0.017866380512714386,-0.007067997008562088
1094,18071,22792,609,3,0.11909852176904678,0.019086569547653198,0.14436033368110657
1095,18075,9221,602,4,0.12078316509723663,0.02414071559906006,0.32377058267593384
1096,18108,15903,59,2,0.12268457561731339,0.028755083680152893,1.2026605606079102
1097,18152,1770,1599,2,0.1196550503373146,0.021464884281158447,-0.9044509530067444
1098,18159,8496,190,2,0.11978737264871597,0.018543219193816185,0.8095308542251587
1099,18172,22904,75,5,0.11958927661180496,0.018337875604629517,1.086674690246582
1100,18173,17218,1177,2,0.11796902865171432,0.017902038991451263,-0.2217695116996765
1101,18182,15603,755,2,0.12358251214027405,0.03593309223651886,0.1256493628025055
1102,18188,12976,1709,2,0.12374470382928848,0.028348376974463463,-1.4427748918533325
1103,18195,13823,402,3,0.12022802233695984,0.019496919587254524,0.5723845362663269
1104,18199,5685,481,3,0.12072373926639557,0.022808071225881577,0.25174108147621155
1105,18225,22983,134,4,0.12355111539363861,0.027634114027023315,0.9825518131256104
1106,18233,22520,395,10,0.12148512154817581,0.024241255596280098,0.5505468249320984
1107,18244,22800,745,2,0.11906605958938599,0.020887259393930435,0.07918772101402283
1108,18280,21939,751,4,0.12455403804779053,0.01791677251458168,0.17262691259384155
1109,18326,22202,1272,5,0.11921410262584686,0.020261138677597046,-0.30981069803237915
1110,18357,12309,1574,2,0.1183028370141983,0.024010661989450455,-0.9660886526107788
1111,18386,20030,111,2,0.1194138377904892,0.01840047724545002,0.9463706612586975
1112,18388,2531,28,6,0.12002597749233246,0.018247107043862343,1.6386507749557495
1113,18429,20854,731,3,0.11890096962451935,0.021199312061071396,0.10351787507534027
1114,18443,21060,1352,2,0.1231287345290184,0.025727763772010803,-0.44165652990341187
1115,18448,12607,193,2,0.12329889833927155,0.028859691694378853,0.7698383331298828
1116,18540,22478,785,6,0.12046360224485397,0.023569542914628983,0.021174587309360504
1117,18542,17931,645,1,0.1213482990860939,0.024856150150299072,0.1146882101893425
1118,18551,20348,609,3,0.1214490458369255,0.022643104195594788,0.29291990399360657
1119,18583,17957,674,3,0.12030817568302155,0.0176076702773571,0.3174116015434265
1120,18595,20483,815,3,0.12418147921562195,0.028091225773096085,0.08243650197982788
1121,18620,4379,49,2,0.12253192067146301,0.02820809744298458,1.5678246021270752
1122,18625,7556,490,2,0.12270884215831757,0.02367597445845604,0.35891616344451904
1123,18635,22428,186,2,0.11943016946315765,0.025155022740364075,0.7619893550872803
1124,18637,12542,195,3,0.11811134964227676,0.018773667514324188,0.8835407495498657
1125,18646,10957,327,6,0.12201196700334549,0.022948842495679855,0.7036339044570923
1126,18663,23030,1758,5,0.11907496303319931,0.02244703471660614,-1.3902881145477295
1127,18676,1859,818,2,0.12230914831161499,0.026852387934923172,0.18209843337535858
1128,18688,1860,1253,2,0.1205243393778801,0.0237286314368248,-0.2350945770740509
1129,18708,10310,961,3,0.12072203308343887,0.0225859172642231,-0.046945616602897644
1130,18718,15708,559,1,0.1239343136548996,0.028257282450795174,0.4080718755722046
1131,18734,20017,42,4,0.12078695744276047,0.02399461716413498,1.6420572996139526
1132,18739,21618,47,3,0.1202845498919487,0.0235173087567091,1.4033774137496948
1133,18758,22411,543,1,0.12157447636127472,0.02423616498708725,0.28940731287002563
1134,18771,14627,6,2,0.12219542264938354,0.02843436226248741,2.131331443786621
1135,18807,16345,147,3,0.11879555135965347,0.023974072188138962,0.9684484004974365
1136,18834,19955,657,2,0.11951323598623276,0.02304396964609623,0.09974569827318192
1137,18860,3484,1762,2,0.12264823913574219,0.029050514101982117,-1.8293204307556152
1138,18903,20860,285,3,0.1237463429570198,0.025952082127332687,0.6506728529930115
1139,18911,22344,17,3,0.11798892915248871,0.019458074122667313,1.4619771242141724
1140,18936,22425,1476,5,0.11922863125801086,0.017777256667613983,-0.5337522029876709
1141,18938,9512,1116,3,0.11779607087373734,0.017193254083395004,-0.19219106435775757
1142,18974,17246,160,2,0.11784008890390396,0.018276721239089966,0.9602102041244507
1143,18994,21451,659,2,0.1223670244216919,0.01798485592007637,0.31317877769470215
1144,19000,3921,287,3,0.12335790693759918,0.02230466902256012,0.642906129360199
1145,19007,9656,81,4,0.12533700466156006,0.030144523829221725,1.2694075107574463
1146,19015,1924,1488,4,0.12065539509057999,0.02229718491435051,-0.5781540274620056
1147,19025,22948,556,6,0.11968406289815903,0.02154577150940895,0.2074565887451172
1148,19030,22105,370,2,0.1241503357887268,0.032563503831624985,0.5390660762786865
1149,19031,13869,1213,2,0.12523673474788666,0.03114122524857521,-0.28404000401496887
1150,19032,22900,78,3,0.12400322407484055,0.02812805585563183,1.1030669212341309
1151,19054,10081,47,2,0.11882030218839645,0.022603381425142288,1.0778329372406006
1152,19152,4896,1450,2,0.12116166949272156,0.02469637058675289,-0.6550191640853882
1153,19159,1946,233,2,0.11784618347883224,0.019071869552135468,0.7472666501998901
1154,19201,5963,785,3,0.12162946164608002,0.023066222667694092,-0.04509278014302254
1155,19214,11578,1463,3,0.12054374068975449,0.02168610692024231,-0.6828948259353638
1156,19225,22894,703,3,0.11917643249034882,0.02218245156109333,0.012699484825134277
1157,19252,20260,56,10,0.12321779131889343,0.025562334805727005,1.521913766860962
1158,19253,2979,52,3,0.12066542357206345,0.018046483397483826,1.1678884029388428
1159,19266,10026,26,2,0.12475571036338806,0.03311727195978165,1.6361503601074219
1160,19269,22574,693,2,0.11931996792554855,0.017746243625879288,0.10618747025728226
1161,19277,19653,26,5,0.12020113319158554,0.02375391311943531,1.4570749998092651
1162,19279,5877,1289,2,0.11761616915464401,0.018287494778633118,-0.3194771707057953
1163,19304,21267,334,4,0.11959347873926163,0.0200385432690382,0.6384339928627014
1164,19306,18840,226,2,0.11867640167474747,0.01875337027013302,0.8913369178771973
1165,19323,4541,1460,2,0.12169276922941208,0.025439228862524033,-0.5922526121139526
1166,19325,6474,1416,7,0.12334348261356354,0.0177125446498394,-0.6923592686653137
1167,19342,15698,1264,3,0.11992894858121872,0.022748377174139023,-0.33942127227783203
1168,19358,11000,56,2,0.12256291508674622,0.024072537198662758,1.0708063840866089
1169,19392,21826,1614,3,0.12329638749361038,0.025662578642368317,-1.0359292030334473
1170,19398,13016,705,5,0.12224473804235458,0.024713799357414246,0.13965058326721191
1171,19399,20676,161,2,0.12453304976224899,0.030219877138733864,0.9107967019081116
1172,19436,2478,1663,5,0.11919666081666946,0.01713109016418457,-0.9522985816001892
1173,19499,20942,336,6,0.12458710372447968,0.030371950939297676,0.7259631752967834
1174,19544,10842,478,2,0.12232953310012817,0.024426836520433426,0.33429843187332153
1175,19556,7766,325,2,0.11951324343681335,0.016474833711981773,0.5521065592765808
1176,19559,7171,694,4,0.12377846240997314,0.026339005678892136,0.26359978318214417
1177,19613,22951,107,2,0.12361271679401398,0.0318170040845871,1.2293190956115723
1178,19615,12739,956,3,0.12415768951177597,0.028770942240953445,-0.05476972460746765
1179,19623,5948,1683,3,0.12100211530923843,0.028411462903022766,-1.2275805473327637
1180,19634,7865,1131,2,0.11888135224580765,0.021714497357606888,-0.1487649828195572
1181,19643,10121,950,5,0.12058979272842407,0.023901548236608505,-0.1490785926580429
1182,19654,7543,1,2,0.11797845363616943,0.0193687342107296,2.0030360221862793
1183,19662,20144,191,1,0.12107530981302261,0.022833552211523056,0.8744387626647949
1184,19667,5186,7,5,0.12397646903991699,0.029630184173583984,2.486708402633667
1185,19673,21734,945,2,0.11977697163820267,0.021796099841594696,0.034522853791713715
1186,19728,20685,1196,2,0.11811638623476028,0.018057292327284813,-0.30366864800453186
1187,19740,22923,272,4,0.12053358554840088,0.02324330434203148,0.626821756362915
1188,19762,21230,1600,3,0.12190501391887665,0.027083393186330795,-0.9240518808364868
1189,19769,22076,1614,4,0.12383851408958435,0.02594727836549282,-0.9797272682189941
1190,19781,13801,251,2,0.12137948721647263,0.028286846354603767,0.9174476265907288
1191,19783,12312,385,3,0.12425897270441055,0.024748072028160095,0.4774392247200012
1192,19786,22892,1595,2,0.12103242427110672,0.025904882699251175,-0.8650597929954529
1193,19812,3921,50,2,0.12300308793783188,0.022907359525561333,1.231853723526001
1194,19838,22874,1474,1,0.12382130324840546,0.027943618595600128,-0.6230186223983765
1195,19848,10277,57,2,0.11966636031866074,0.019185518845915794,1.0332255363464355
1196,19864,2046,749,2,0.11939900368452072,0.022808540612459183,0.13063324987888336
1197,19885,11141,1144,4,0.12323137372732162,0.02716432698071003,-0.14579901099205017
1198,19897,19549,10,3,0.11808110028505325,0.01963833160698414,1.576216459274292
1199,19920,21319,10,4,0.12291000783443451,0.02655109576880932,1.9522395133972168
1200,19932,22994,606,2,0.11797155439853668,0.01796860247850418,0.19783733785152435
1201,19950,4027,175,5,0.12316449731588364,0.03230581060051918,0.9802665114402771
1202,19958,21364,84,1,0.12265590578317642,0.02390633523464203,1.004351019859314
1203,19967,14296,43,2,0.12202715128660202,0.017822839319705963,1.2273027896881104
1204,19970,11091,44,3,0.1219211220741272,0.024970032274723053,1.205346703529358
1205,20013,21321,496,3,0.12024997919797897,0.023114271461963654,0.34467634558677673
1206,20022,16926,520,2,0.12091925740242004,0.018462389707565308,0.40938544273376465
1207,20028,2084,1206,4,0.12318212538957596,0.026549454778432846,-0.3097514510154724
1208,20056,13253,490,2,0.11785681545734406,0.019838159903883934,0.4423125386238098
1209,20125,3890,614,4,0.12126462906599045,0.018273035064339638,0.34296685457229614
1210,20128,22921,204,7,0.12072474509477615,0.025370672345161438,0.746756374835968
1211,20130,9758,1592,2,0.12174849957227707,0.029454633593559265,-0.751926839351654
1212,20153,20298,4,2,0.11887818574905396,0.020350905135273933,2.4612436294555664
1213,20154,22861,738,10,0.12089957296848297,0.018526634201407433,0.14947140216827393
1214,20166,17148,595,2,0.12573714554309845,0.03563420847058296,0.33615219593048096
1215,20210,12542,340,6,0.11937209963798523,0.018668830394744873,0.6866284012794495
1216,20246,22861,1070,4,0.12327700853347778,0.023089291527867317,-0.12422232329845428
1217,20254,4761,227,2,0.12366241216659546,0.026028964668512344,0.83099365234375
1218,20301,3740,1430,2,0.11953774094581604,0.023547323420643806,-0.5818797945976257
1219,20341,11932,215,6,0.11967044323682785,0.019136961549520493,0.8346750736236572
1220,20359,20926,570,2,0.11972420662641525,0.017468001693487167,0.38524842262268066
1221,20365,18430,480,2,0.12198644876480103,0.024615030735731125,0.45952868461608887
1222,20383,2140,3,3,0.12339998781681061,0.02937048301100731,3.166571617126465
1223,20385,19486,2,2,0.11973971128463745,0.019120853394269943,2.6323814392089844
1224,20449,8717,246,3,0.11985192447900772,0.017687231302261353,0.8844181299209595
1225,20458,7237,7,2,0.12193436175584793,0.028288990259170532,1.7824758291244507
1226,20464,17422,452,3,0.12314498424530029,0.017671631649136543,0.4069989025592804
1227,20472,17785,17,2,0.12043409049510956,0.024194112047553062,1.6868256330490112
1228,20483,7661,1422,8,0.1199008971452713,0.018011460080742836,-0.47646036744117737
1229,20487,21758,17,3,0.11940749734640121,0.018459077924489975,1.5722296237945557
1230,20488,18116,869,2,0.12121416628360748,0.023376330733299255,0.02556723542511463
1231,20501,2152,68,4,0.12048537284135818,0.02196265012025833,1.3800140619277954
1232,20526,23031,829,5,0.12258265912532806,0.023762663826346397,0.10283418744802475
1233,20604,7236,583,1,0.12417499721050262,0.02743850275874138,0.41840237379074097
1234,20606,22382,1252,3,0.12273578345775604,0.023698147386312485,-0.3166443705558777
1235,20607,10524,184,3,0.12383799999952316,0.027713606134057045,0.822713315486908
1236,20610,20127,948,6,0.12415880709886551,0.017684271559119225,-0.0028502829372882843
1237,20678,16440,1565,2,0.11954722553491592,0.023066146299242973,-0.7416810989379883
1238,20681,7014,852,5,0.12303590774536133,0.018331371247768402,0.04685765504837036
1239,20686,22633,634,3,0.12306051701307297,0.025648489594459534,0.24378030002117157
1240,20689,18133,1501,5,0.12236819416284561,0.023847393691539764,-0.6287416219711304
1241,20692,21377,140,4,0.12195702642202377,0.020951978862285614,0.8819741010665894
1242,20698,22787,1590,1,0.1207498237490654,0.022904282435774803,-0.8045077323913574
1243,20700,14056,123,2,0.12119099497795105,0.026707420125603676,1.1816996335983276
1244,20726,21344,1379,2,0.1255037635564804,0.02304169163107872,-0.48557770252227783
1245,20735,18362,1120,6,0.12192010134458542,0.020662354305386543,-0.1447334885597229
1246,20748,13394,13,5,0.1208164393901825,0.02385564148426056,1.7498805522918701
1247,20771,3584,1093,4,0.12052357941865921,0.022815823554992676,-0.15007683634757996
1248,20788,22964,11,4,0.1218956783413887,0.025395730510354042,1.719759464263916
1249,20790,18728,768,1,0.12172780930995941,0.02302698791027069,0.2492067813873291
1250,20815,22929,1156,2,0.1223207488656044,0.02375396154820919,-0.2023652195930481
1251,20822,20995,5,2,0.11817380040884018,0.019656427204608917,1.6435012817382812
1252,20827,17276,14,2,0.12301942706108093,0.025882774963974953,1.6735646724700928
1253,20847,13670,454,2,0.11787580698728561,0.017889173701405525,0.3669482469558716
1254,20874,22229,506,2,0.11911502480506897,0.02110375463962555,0.31389120221138
1255,20899,18594,38,1,0.12195350229740143,0.024738270789384842,1.4285491704940796
1256,20926,22545,443,1,0.12572747468948364,0.033949993550777435,0.5383034944534302
1257,20943,17912,485,3,0.12175846844911575,0.025158023461699486,0.5018717050552368
1258,20989,4642,620,2,0.12075074017047882,0.02805052325129509,0.2867288291454315
1259,21003,19336,1295,3,0.12216206640005112,0.026132449507713318,-0.34477248787879944
1260,21014,18548,95,2,0.12179740518331528,0.029177770018577576,1.185481309890747
1261,21075,16414,1004,2,0.11829106509685516,0.018289774656295776,-0.08286551386117935
1262,21087,22959,126,3,0.12530580163002014,0.03231249004602432,0.9472916722297668
1263,21103,7577,1008,6,0.12447433173656464,0.017556821927428246,-0.08470269292593002
1264,21115,5810,447,2,0.12365616858005524,0.024858415126800537,0.4606671631336212
1265,21135,9103,1597,2,0.11842677742242813,0.02147415280342102,-0.8533318638801575
1266,21146,19256,447,2,0.12321538478136063,0.026249829679727554,0.3921516537666321
1267,21178,23026,1488,3,0.12234817445278168,0.024599436670541763,-0.7416223287582397
1268,21204,13241,1359,3,0.12318455427885056,0.03038458526134491,-0.4496590495109558
1269,21281,13436,571,3,0.1251935213804245,0.03529144451022148,0.21717265248298645
1270,21301,19659,812,2,0.12251274287700653,0.017024798318743706,-0.09102983772754669
1271,21308,21615,1082,5,0.12139736115932465,0.02436218410730362,-0.12975162267684937
1272,21322,4304,503,3,0.12469825148582458,0.02734174206852913,0.40242648124694824
1273,21335,22349,79,3,0.12410279363393784,0.028615392744541168,1.209123134613037
1274,21355,22434,589,3,0.12349892407655716,0.02510124444961548,0.38466140627861023
1275,21366,16956,358,4,0.12210351228713989,0.018424328416585922,0.577645480632782
1276,21387,4209,1351,5,0.12317856401205063,0.017549309879541397,-0.4996449053287506
1277,21407,8873,1070,2,0.1233241856098175,0.030161332339048386,-0.10212375223636627
1278,21416,11281,67,3,0.1177547350525856,0.019210830330848694,1.1398375034332275
1279,21446,12804,1003,4,0.11871960014104843,0.019408918917179108,-0.1052575334906578
1280,21457,20141,725,8,0.12233983725309372,0.022703997790813446,0.23735281825065613
1281,21466,10304,536,2,0.11954827606678009,0.022805364802479744,0.40282994508743286
1282,21475,20864,1405,2,0.1210932508111,0.02713896706700325,-0.5146626234054565
1283,21497,15814,735,4,0.12339013069868088,0.029226750135421753,0.14045433700084686
1284,21501,11540,971,2,0.12190334498882294,0.016792139038443565,-0.008894478902220726
1285,21512,9479,317,3,0.12207819521427155,0.017851872369647026,0.6040829420089722
1286,21522,8758,1336,2,0.12529966235160828,0.01811883971095085,-0.39371252059936523
1287,21538,22434,205,3,0.1194634661078453,0.02186254784464836,0.8615211248397827
1288,21561,2332,1779,2,0.12107633054256439,0.0295542124658823,-3.9657881259918213
1289,21572,21942,169,4,0.11964263021945953,0.01839509606361389,0.9145271182060242
1290,21574,20240,825,3,0.11786316335201263,0.01804470643401146,0.013602294027805328
1291,21586,22555,1589,7,0.12160499393939972,0.029153715819120407,-0.8598318099975586
1292,21623,22743,1456,2,0.12067248672246933,0.023670010268688202,-0.6349232196807861
1293,21661,17438,1015,1,0.11872321367263794,0.016854945570230484,-0.15264423191547394
1294,21677,22775,318,3,0.12123771011829376,0.02322070673108101,0.6373556852340698
1295,21716,11337,5,2,0.12254581600427628,0.02726946398615837,2.571532726287842
1296,21759,4864,380,2,0.1242252066731453,0.024478405714035034,0.5103082060813904
1297,21772,22472,1665,1,0.12422508746385574,0.024920284748077393,-1.393943428993225
1298,21813,16292,4,3,0.12180011719465256,0.018112748861312866,2.154444456100464
1299,21834,14778,195,2,0.11977659165859222,0.02173287607729435,0.7285282611846924
1300,21838,22385,468,3,0.12208981812000275,0.02605438604950905,0.5234140157699585
1301,21842,19186,591,7,0.12276256829500198,0.026008322834968567,0.27548903226852417
1302,21852,22474,258,1,0.12232028692960739,0.027536125853657722,0.6320673823356628
1303,21859,4334,25,2,0.12180116772651672,0.01751391962170601,1.5814809799194336
1304,21890,19794,1355,4,0.12049146741628647,0.021429449319839478,-0.41366544365882874
1305,21896,22532,644,2,0.1218431144952774,0.023818325251340866,0.18795546889305115
1306,21911,22834,1338,1,0.12142594903707504,0.025106588378548622,-0.5065204501152039
1307,21912,22515,419,3,0.12526558339595795,0.030429257079958916,0.5234737396240234
1308,21941,9811,777,2,0.12201768159866333,0.01738647371530533,0.08959732949733734
1309,21955,17716,1575,1,0.12271036207675934,0.02516081929206848,-0.7359866499900818
1310,21960,12930,721,3,0.11887937784194946,0.018995091319084167,0.2152175009250641
1311,21981,14964,1595,2,0.11850140243768692,0.019725900143384933,-0.77576744556427
1312,21988,21826,77,8,0.12215544283390045,0.02527650073170662,1.322087287902832
1313,22006,21124,246,2,0.1198149099946022,0.02333907037973404,0.6778587698936462
1314,22024,10954,1701,3,0.11780677735805511,0.016991378739476204,-1.1479040384292603
1315,22037,14510,1536,2,0.11875751614570618,0.020624758675694466,-0.6883724927902222
1316,22097,8042,1438,2,0.12222396582365036,0.024954255670309067,-0.49998873472213745
1317,22134,14255,156,3,0.11763570457696915,0.01957363821566105,0.9744015336036682
1318,22167,22204,9,6,0.12221089750528336,0.02344692125916481,2.2285163402557373
1319,22172,21217,842,3,0.12522464990615845,0.03495708853006363,0.10397342592477798
1320,22176,22909,909,3,0.12050691992044449,0.022156039252877235,-0.10534240305423737
1321,22179,12036,218,2,0.12259963154792786,0.01778680458664894,0.835606575012207
1322,22183,8766,989,1,0.11816226691007614,0.017260638996958733,-0.14837956428527832
1323,22213,22821,386,2,0.11935079842805862,0.02386895939707756,0.5259844660758972
1324,22220,3633,87,3,0.12087909877300262,0.024412628263235092,1.0889055728912354
1325,22231,22957,1153,4,0.1218302771449089,0.02418888360261917,-0.17116259038448334
1326,22238,10831,99,2,0.12166620045900345,0.025050733238458633,1.073892593383789
1327,22241,2492,415,3,0.12146519869565964,0.023481324315071106,0.5114056468009949
1328,22254,7779,1555,3,0.12371640652418137,0.024212811142206192,-0.7843344211578369
1329,22290,2920,57,2,0.11891763657331467,0.018831215798854828,1.045690655708313
1330,22302,10918,10,2,0.12364769726991653,0.026121795177459717,2.5864181518554688
1331,22310,22356,549,2,0.12288454174995422,0.027604151517152786,0.3513457775115967
1332,22315,8077,301,2,0.1201869547367096,0.018039008602499962,0.634223222732544
1333,22331,21276,562,6,0.12290986627340317,0.023428713902831078,0.33399495482444763
1334,22366,18548,353,4,0.11999694257974625,0.02300458401441574,0.659172773361206
1335,22387,5436,9,2,0.11864602565765381,0.020180895924568176,1.6073856353759766
1336,22400,5895,442,2,0.1223101019859314,0.027266956865787506,0.4839232563972473
1337,22429,20893,955,2,0.12119325250387192,0.024101819843053818,0.029770739376544952
1338,22445,22213,10,8,0.12258248776197433,0.0257058534771204,2.7365522384643555
1339,22463,19474,30,2,0.11896680295467377,0.0184280164539814,1.377841591835022
1340,22482,17922,1196,2,0.11844906210899353,0.019762076437473297,-0.23671609163284302
1341,22490,22853,1198,2,0.11812794208526611,0.01767951250076294,-0.2917768359184265
1342,22501,19837,481,4,0.12087098509073257,0.02276039496064186,0.39537733793258667
1343,22502,13175,1102,2,0.12566159665584564,0.032594189047813416,-0.15875081717967987
1344,22508,13453,744,4,0.12239287793636322,0.016765166074037552,0.07226881384849548
1345,22515,6884,1748,2,0.12413002550601959,0.03094697929918766,-1.965566635131836
1346,22538,12705,229,2,0.123112253844738,0.01876182109117508,0.8380444049835205
1347,22628,12592,1,2,0.12289024144411087,0.02968558855354786,2.498800754547119
1348,22630,5059,57,2,0.11774925887584686,0.021468762308359146,1.3990039825439453
1349,22659,2594,1610,3,0.1219322606921196,0.026428814977407455,-0.846054196357727
1350,22675,23009,971,2,0.11958136409521103,0.021285101771354675,-0.07942478358745575
1351,22695,20610,957,2,0.12338065356016159,0.02390066534280777,-0.12496282160282135
1352,22700,4665,1245,2,0.12195293605327606,0.02304033935070038,-0.2310330867767334
1353,22709,3018,73,3,0.11899438500404358,0.018794091418385506,1.010925531387329
1354,22710,19985,761,1,0.12245682626962662,0.024486321955919266,0.15142321586608887
1355,22714,20902,3,3,0.12511374056339264,0.025734122842550278,1.9146199226379395
1356,22731,22913,991,2,0.12020168453454971,0.023513182997703552,-0.0768277496099472
1357,22743,10454,1443,1,0.11820968240499496,0.016868650913238525,-0.5181517601013184
1358,22767,17099,767,3,0.12148882448673248,0.017551923170685768,0.09753535687923431
1359,22774,22018,765,7,0.11938077211380005,0.018209345638751984,0.04627411067485809
1360,22781,9818,2,2,0.11936289072036743,0.018636159598827362,2.1718122959136963
1361,22782,7186,119,3,0.12165530025959015,0.026957055553793907,1.315850019454956
1362,22799,17569,420,7,0.12291000783443451,0.026796437799930573,0.45338118076324463
1363,22827,11953,93,3,0.11862508207559586,0.01891424134373665,1.047647476196289
1364,22830,21465,727,2,0.11762581020593643,0.019131531938910484,0.1737782210111618
1365,22843,22946,1181,2,0.11862014979124069,0.020153697580099106,-0.21206626296043396
1366,22849,14716,1,3,0.12049755454063416,0.019448967650532722,2.698021411895752
1367,22864,4019,210,4,0.12195248156785965,0.01786801405251026,0.8536113500595093
1368,22873,22884,1025,2,0.12331531196832657,0.022615868598222733,-0.06719610095024109
1369,22876,19652,1374,2,0.11833419650793076,0.017191726714372635,-0.4336892366409302
1370,22878,16642,346,2,0.12266173213720322,0.025409862399101257,0.6108044385910034
1371,22882,3103,1202,1,0.12189418822526932,0.015967469662427902,-0.3841714560985565
1372,22928,13697,102,3,0.11860860884189606,0.018504412844777107,1.054815649986267
1373,22929,20978,47,3,0.11818376183509827,0.019579865038394928,1.303873062133789
1374,22952,2667,1,2,0.12066547572612762,0.027853939682245255,2.805436134338379
1375,22991,16890,916,2,0.12360184639692307,0.017574016004800797,0.005497917532920837
1376,23048,17424,1716,2,0.11965927481651306,0.024166546761989594,-1.1726888418197632
1377,23064,21429,38,2,0.1183442696928978,0.019047122448682785,1.1940556764602661
1378,23074,19594,1587,1,0.11807256191968918,0.017299670726060867,-0.7965584397315979
1379,23081,2686,1,2,0.12415523082017899,0.0338696613907814,6.568429470062256
1380,23084,9674,1089,4,0.12167955189943314,0.023247428238391876,-0.1989567130804062
1381,23090,12939,888,2,0.12182604521512985,0.017693687230348587,0.09311728924512863
1382,23109,8466,354,2,0.11804302781820297,0.01996856927871704,0.5806735754013062
1383,23121,18069,127,3,0.11815030127763748,0.01887545734643936,0.9842278957366943
1384,23122,6718,434,2,0.11803105473518372,0.017386971041560173,0.3983238637447357
1385,23135,4395,41,3,0.12276564538478851,0.02886674925684929,1.386521816253662
1386,23141,22518,1278,2,0.121610127389431,0.024068597704172134,-0.3433704376220703
1387,23175,21615,825,2,0.12395388633012772,0.029217423871159554,0.07387010753154755
1388,23176,22033,541,2,0.11969855427742004,0.018436374142766,0.39692914485931396
1389,23219,22935,369,2,0.12347385287284851,0.027437135577201843,0.5488346815109253
1390,23255,21045,1109,1,0.11811649799346924,0.0177286509424448,-0.22564494609832764
1391,23256,12526,662,2,0.11923287808895111,0.0212614294141531,0.19179125130176544
1392,23269,5491,1498,2,0.11945144832134247,0.02189347892999649,-0.6017827987670898
1393,23272,23032,1482,2,0.1196705773472786,0.0234371330589056,-0.6798011064529419
1394,23323,4371,1756,3,0.12429485470056534,0.03785813972353935,-1.9763649702072144
1395,23341,2758,1334,2,0.11941716820001602,0.026441913098096848,-0.4053237736225128
1396,23350,16433,629,2,0.1232680231332779,0.026583077386021614,0.32314401865005493
1397,23358,17611,1478,2,0.12109307944774628,0.024207059293985367,-0.5807569026947021
1398,23385,20041,146,2,0.12060299515724182,0.018950223922729492,1.0408892631530762
1399,23392,17957,590,2,0.1210213452577591,0.01754939556121826,0.37516099214553833
1400,23442,21500,445,3,0.12364251911640167,0.024413172155618668,0.4708932042121887
1401,23477,9968,387,2,0.11776015907526016,0.01916145533323288,0.5790771842002869
1402,23487,20913,619,2,0.11960423737764359,0.02298438362777233,0.3091159164905548
1403,23488,20040,309,2,0.11829563975334167,0.017800025641918182,0.6340076923370361
1404,23491,19297,215,2,0.11997250467538834,0.018346600234508514,0.8752046227455139
1405,23515,7733,2,1,0.12338469922542572,0.03157530725002289,3.9011096954345703
1406,23535,2814,840,2,0.11966898292303085,0.024299701675772667,0.06927883625030518
1407,23546,9384,19,2,0.12439947575330734,0.03089066408574581,2.620283603668213
1408,23551,19895,19,5,0.11969320476055145,0.018370196223258972,1.272308111190796
1409,23605,14776,675,2,0.11999496817588806,0.023198895156383514,0.2186209261417389
1410,23615,22533,2,2,0.12283289432525635,0.03479556366801262,3.061786651611328
1411,23628,21586,160,2,0.12066475301980972,0.017788544297218323,0.9774495959281921
1412,23654,21195,1377,2,0.12315388023853302,0.0256204754114151,-0.4827871322631836
1413,23676,20891,140,2,0.12246046960353851,0.028187107294797897,1.0535409450531006
1414,23682,16818,1758,3,0.12122802436351776,0.023496607318520546,-2.392892360687256
1415,23689,20550,1650,2,0.11833234131336212,0.01806684210896492,-1.0208574533462524
1416,23729,22966,182,2,0.11979990452528,0.02272242121398449,0.7889636754989624
1417,23731,17888,1364,3,0.11884117871522903,0.019826985895633698,-0.43373042345046997
1418,23758,22059,377,2,0.12148801982402802,0.024562660604715347,0.6478000283241272
1419,23766,4576,1046,3,0.12012255936861038,0.02241462469100952,-0.1886119246482849
1420,23775,17210,1185,2,0.12073834985494614,0.023160384967923164,-0.331112265586853
1421,23787,22511,49,3,0.12369801849126816,0.029781708493828773,1.5492525100708008
1422,23810,15983,775,3,0.1175345852971077,0.01696370542049408,0.016227031126618385
1423,23832,20282,17,4,0.12192142009735107,0.02578642964363098,1.5649365186691284
1424,23833,11835,79,3,0.12399587780237198,0.018857652321457863,1.1761746406555176
1425,23851,15572,337,3,0.12173676490783691,0.028056692332029343,0.5357940793037415
1426,23853,13239,1430,3,0.12405834347009659,0.03105805069208145,-0.5786271691322327
1427,23867,3560,999,2,0.12626142799854279,0.028301462531089783,-0.07234232127666473
1428,23876,21895,166,6,0.11992610991001129,0.01821281388401985,0.9341821074485779
1429,23913,17805,694,3,0.11945294588804245,0.023870311677455902,0.11680687218904495
1430,23922,17953,8,4,0.11822568625211716,0.019302399829030037,1.635260820388794
1431,23923,19829,457,5,0.12282092124223709,0.023522768169641495,0.4600134491920471
1432,23939,11142,964,2,0.12152344733476639,0.02878141589462757,-0.09939424693584442
1433,23943,10945,708,5,0.12340546399354935,0.018743524327874184,0.29198455810546875
1434,23945,3469,661,2,0.1241322010755539,0.0176754929125309,0.26500800251960754
1435,23953,6193,234,3,0.11938004940748215,0.01888950727880001,1.0824953317642212
1436,23964,12288,1120,2,0.1180180013179779,0.018158338963985443,-0.24634405970573425
1437,23974,13314,161,2,0.12531092762947083,0.03062138892710209,0.8751577138900757
1438,23976,11979,653,2,0.12358778715133667,0.023981446400284767,0.2499324381351471
1439,23978,13824,1621,2,0.1190967783331871,0.020843010395765305,-0.8778380155563354
1440,23983,6795,14,2,0.11954191327095032,0.02020467072725296,1.9711439609527588
1441,23990,6893,786,2,0.12336265295743942,0.017968231812119484,0.15125009417533875
1442,24060,19304,866,2,0.12569978833198547,0.024966280907392502,0.04477977007627487
1443,24075,19361,1257,2,0.12026455998420715,0.024897411465644836,-0.27735626697540283
1444,24090,9853,960,2,0.12177256494760513,0.023205365985631943,-0.10588590800762177
1445,24097,22926,29,2,0.12372661381959915,0.030719328671693802,1.5875874757766724
1446,24100,2978,1635,2,0.12303896993398666,0.02494163066148758,-1.0382680892944336
1447,24109,5347,1285,3,0.11860093474388123,0.02092936635017395,-0.39184117317199707
1448,24119,14264,988,2,0.12341431528329849,0.017421536147594452,-0.023306742310523987
1449,24125,15827,5,3,0.1206914633512497,0.018632035702466965,1.9033172130584717
1450,24134,15865,817,2,0.11836449056863785,0.018532168120145798,-0.0018347776494920254
1451,24139,18362,551,2,0.11844711750745773,0.019387513399124146,0.355779767036438
1452,24144,11925,138,3,0.11845976859331131,0.018827293068170547,0.9699591398239136
1453,24151,10817,1154,2,0.12384619563817978,0.017349068075418472,-0.175287663936615
1454,24204,20668,5,2,0.1178576797246933,0.019524211063981056,1.4500682353973389
1455,24269,12686,1113,2,0.12030433863401413,0.024195702746510506,-0.1803644299507141
1456,24285,22346,1318,2,0.12201552093029022,0.017345968633890152,-0.3880016505718231
1457,24299,21798,1223,5,0.12224747240543365,0.02465309575200081,-0.3041231334209442
1458,24323,3050,556,3,0.12212515622377396,0.028668053448200226,0.35343223810195923
1459,24333,19794,647,2,0.11806343495845795,0.017968274652957916,0.17101946473121643
1460,24343,22903,359,3,0.12487867474555969,0.028130963444709778,0.4710293114185333
1461,24369,12617,1524,2,0.12478421628475189,0.017587091773748398,-0.6622495651245117
1462,24371,6879,60,3,0.11871178448200226,0.020117580890655518,1.1123442649841309
1463,24395,3730,1697,3,0.11838372051715851,0.020455606281757355,-1.1119163036346436
1464,24398,10401,21,3,0.12244261056184769,0.025238405913114548,1.4885740280151367
1465,24407,3073,19,3,0.12054704874753952,0.018353937193751335,1.4251784086227417
1466,24412,22990,110,5,0.11923026293516159,0.021179454401135445,0.9697407484054565
1467,24449,11328,486,2,0.11801361292600632,0.018009334802627563,0.3313063383102417
1468,24480,22939,31,1,0.12296327948570251,0.028705235570669174,1.3031508922576904
1469,24524,16859,62,2,0.11809083819389343,0.019487399607896805,1.1149780750274658
1470,24530,15913,175,2,0.12031372636556625,0.019083909690380096,0.7590551376342773
1471,24544,20503,741,4,0.12287992984056473,0.028700683265924454,0.14371702075004578
1472,24580,3113,39,2,0.12241256237030029,0.02866431698203087,1.4756324291229248
1473,24601,21110,1094,2,0.12258034199476242,0.01779060997068882,-0.11990783363580704
1474,24616,20312,1311,2,0.11791693419218063,0.01701934263110161,-0.34851494431495667
1475,24629,11589,691,2,0.11920195817947388,0.019462980329990387,0.08323697000741959
1476,24636,21734,629,7,0.12322520464658737,0.024761591106653214,0.27367740869522095
1477,24648,16873,303,3,0.11773310601711273,0.017633836716413498,0.7400611639022827
1478,24652,13175,929,2,0.12354131042957306,0.030522476881742477,-0.097735196352005
1479,24738,20641,293,2,0.12088966369628906,0.027076540514826775,0.6588497161865234
1480,24755,20801,119,3,0.11810022592544556,0.019009074196219444,1.057944416999817
1481,24836,12657,718,1,0.12567153573036194,0.02886088937520981,0.36001190543174744
1482,24841,19955,1582,2,0.12122336030006409,0.025444744154810905,-0.9132121205329895
1483,24869,16217,385,2,0.11844796687364578,0.017143037170171738,0.4425880014896393
1484,24911,3188,29,2,0.12124976515769958,0.018593989312648773,1.3204541206359863
1485,24913,20793,593,3,0.12407516688108444,0.025335034355521202,0.3106725215911865
1486,24929,9508,1477,4,0.12308298796415329,0.029851891100406647,-0.6507916450500488
1487,24977,15619,932,4,0.12343224138021469,0.028180964291095734,0.0014989674091339111
1488,24978,3825,664,3,0.12020694464445114,0.02115771546959877,0.13313345611095428
1489,24995,8537,1697,2,0.12286029756069183,0.027045536786317825,-1.420574426651001
1490,25069,20803,483,3,0.12347741425037384,0.027112744748592377,0.38203078508377075
1491,25110,19052,3,3,0.12378361821174622,0.025977976620197296,2.091191053390503
1492,25184,22884,978,2,0.12236613780260086,0.02200186625123024,-0.12509620189666748
1493,25197,17183,141,1,0.1179409921169281,0.019061308354139328,0.9693693518638611
1494,25198,5082,82,1,0.11839903891086578,0.019132044166326523,1.0957821607589722
1495,25245,5847,89,2,0.12271217256784439,0.025372806936502457,1.21700918674469
1496,25265,17953,947,3,0.12280832231044769,0.016752813011407852,0.08672549575567245
1497,25268,18542,551,4,0.12058349698781967,0.023800330236554146,0.24103647470474243
1498,25289,13001,206,2,0.11798915266990662,0.018501052632927895,0.8137059807777405
1499,25300,8410,336,2,0.1208026260137558,0.02706940285861492,0.5972549319267273
1500,25328,13078,604,2,0.12187840789556503,0.018308935686945915,0.35242417454719543
1501,25329,22355,196,2,0.12279482930898666,0.027646062895655632,0.8555587530136108
1502,25337,22252,422,2,0.12075922638177872,0.024931415915489197,0.48891305923461914
1503,25339,19835,457,3,0.1203417032957077,0.02399892359972,0.4722331762313843
1504,25396,19069,677,3,0.11884226649999619,0.02161753736436367,0.0687575563788414
1505,25397,17369,86,3,0.11966647207736969,0.018652213737368584,1.140937328338623
1506,25407,11829,210,8,0.12128105759620667,0.017633702605962753,0.8096429109573364
1507,25438,21384,22,5,0.1230604276061058,0.028972767293453217,1.7725917100906372
1508,25440,3344,83,2,0.12530681490898132,0.019067086279392242,1.154109001159668
1509,25443,3637,97,2,0.11800847947597504,0.018815595656633377,0.9756395220756531
1510,25453,22826,28,6,0.12508514523506165,0.03472202643752098,1.7505230903625488
1511,25462,21436,505,2,0.11909297108650208,0.018099196255207062,0.36802762746810913
1512,25485,19663,1661,3,0.1248721331357956,0.036249756813049316,-1.1540805101394653
1513,25490,20564,538,2,0.12188951671123505,0.02798249013721943,0.30995529890060425
1514,25492,21146,599,2,0.1195714920759201,0.021403349936008453,0.31929099559783936
1515,25518,3726,1094,3,0.1184757724404335,0.01910528354346752,-0.24812187254428864
1516,25532,3382,176,2,0.12506675720214844,0.02482997439801693,1.0851178169250488
1517,25605,9388,4,3,0.12401117384433746,0.028274979442358017,2.5578627586364746
1518,25607,9388,2,3,0.12274797260761261,0.03165530040860176,2.8254284858703613
1519,25609,3396,1618,2,0.11801611632108688,0.017909694463014603,-0.8261933326721191
1520,25612,13511,139,1,0.11812113970518112,0.019188473001122475,0.903833270072937
1521,25629,10362,130,4,0.12062058597803116,0.022708017379045486,0.9862668514251709
1522,25657,3415,978,3,0.1210537999868393,0.022919703274965286,-0.11412510275840759
1523,25658,9868,806,2,0.11938842386007309,0.02086701989173889,0.06549419462680817
1524,25687,22642,493,2,0.1195254698395729,0.022676222026348114,0.2545899748802185
1525,25689,19835,768,7,0.12302272766828537,0.0262502022087574,0.056473374366760254
1526,25694,22958,254,2,0.12414126843214035,0.029930749908089638,0.7027062773704529
1527,25708,14877,448,3,0.1187572181224823,0.02220430225133896,0.3176925778388977
1528,25714,9384,988,2,0.12086065113544464,0.024836253374814987,-0.11875405162572861
1529,25771,16586,372,2,0.1191188395023346,0.021443849429488182,0.5059138536453247
1530,25789,3485,1507,4,0.11849009990692139,0.017170073464512825,-0.6498253345489502
1531,25792,15648,15,2,0.1174832135438919,0.020101213827729225,1.3778576850891113
1532,25862,5520,65,4,0.12215498834848404,0.018361400812864304,1.4842123985290527
1533,25867,11106,1315,1,0.12060222029685974,0.021582040935754776,-0.4052165746688843
1534,25885,22472,1055,4,0.11850585788488388,0.02015397697687149,-0.16190865635871887
1535,25900,19526,10,2,0.11850429326295853,0.018579917028546333,1.4844131469726562
1536,25938,6195,295,5,0.12021602690219879,0.018471114337444305,0.7078838348388672
1537,26003,22144,447,2,0.12338162213563919,0.027000024914741516,0.3834759593009949
1538,26008,3712,540,6,0.12253876775503159,0.026448793709278107,0.40036728978157043
1539,26035,6656,1373,2,0.1205950602889061,0.027107980102300644,-0.5089494585990906
1540,26041,15998,68,2,0.11919361352920532,0.01900157518684864,1.171717882156372
1541,26065,14871,761,3,0.11759958416223526,0.01785890944302082,0.07052269577980042
1542,26085,21685,1013,2,0.12415142357349396,0.017179341986775398,-0.06092347949743271
1543,26090,20805,302,2,0.12126778811216354,0.017833571881055832,0.790097177028656
1544,26130,19913,1234,3,0.11814011633396149,0.017891323193907738,-0.2735476791858673
1545,26156,18394,1363,6,0.12191330641508102,0.025722946971654892,-0.4042852520942688
1546,26202,18061,974,2,0.12288759648799896,0.027629908174276352,-0.021309196949005127
1547,26209,22929,132,4,0.12201784551143646,0.02378465048968792,0.9619724750518799
1548,26220,10861,781,3,0.11826784908771515,0.018152274191379547,-0.01872972771525383
1549,26230,8044,1698,2,0.11986958980560303,0.024166487157344818,-1.0547442436218262
1550,26233,6714,506,2,0.11918353289365768,0.018448837101459503,0.3576028048992157
1551,26234,6497,626,2,0.11807017028331757,0.020327072590589523,0.17320115864276886
1552,26241,16198,585,3,0.12072738260030746,0.019364727661013603,0.3158125579357147
1553,26247,7447,229,3,0.12281332910060883,0.025243746116757393,0.773240327835083
1554,26259,23028,204,2,0.12272164970636368,0.03275643661618233,0.8925449848175049
1555,26267,22565,1177,3,0.11924678832292557,0.01984546333551407,-0.22816866636276245
1556,26276,22807,1650,2,0.12312737852334976,0.02863108366727829,-1.008311152458191
1557,26299,3595,829,2,0.12206494808197021,0.025610022246837616,0.11451664566993713
1558,26321,3599,413,2,0.1228066235780716,0.025712579488754272,0.46886923909187317
1559,26349,22714,383,2,0.1208091452717781,0.023750489577651024,0.5475955009460449
1560,26368,13598,421,2,0.12116052210330963,0.024373628199100494,0.46539297699928284
1561,26369,6033,1239,2,0.11889350414276123,0.018516570329666138,-0.31074264645576477
1562,26371,10742,575,2,0.11979426443576813,0.022345732897520065,0.39943450689315796
1563,26377,9694,1,5,0.12300089746713638,0.026011507958173752,2.8459866046905518
1564,26387,7373,659,2,0.1222536489367485,0.026464195922017097,0.14235886931419373
1565,26394,13046,8,4,0.12135737389326096,0.02888995036482811,2.119410991668701
1566,26402,14378,4,3,0.12115354090929031,0.026011209934949875,3.020211696624756
1567,26406,22574,83,2,0.12193676829338074,0.01848110742866993,1.40177583694458
1568,26437,19112,761,2,0.11987439543008804,0.020632591098546982,0.12253046035766602
1569,26448,19900,26,3,0.11874458938837051,0.019308581948280334,1.530081868171692
1570,26530,5108,747,2,0.1232064962387085,0.025665856897830963,0.16312777996063232
1571,26532,8504,79,2,0.12312157452106476,0.018272383138537407,1.2527360916137695
1572,26534,22821,28,3,0.1233518123626709,0.02907206118106842,1.8925676345825195
1573,26580,9479,109,2,0.11933816224336624,0.018816962838172913,1.0071107149124146
1574,26583,5903,265,3,0.12303630262613297,0.018030477687716484,0.7488075494766235
1575,26605,22328,505,5,0.11939571052789688,0.01892162300646305,0.257392555475235
1576,26628,4387,803,3,0.11795548349618912,0.01708844117820263,0.004919230937957764
1577,26630,22004,915,2,0.12194173783063889,0.01808752678334713,0.0038601160049438477
1578,26674,13481,453,2,0.12371282279491425,0.017794335260987282,0.49417048692703247
1579,26690,19767,14,2,0.11918553709983826,0.019027376547455788,1.4582467079162598
1580,26817,21758,1207,2,0.12249535322189331,0.017981363460421562,-0.25076955556869507
1581,26818,18274,53,2,0.11828256398439407,0.01931963674724102,1.1015515327453613
1582,26819,3762,147,2,0.11807708442211151,0.017922189086675644,0.8989802598953247
1583,26850,21345,533,3,0.12127300351858139,0.02030375227332115,0.26184991002082825
1584,26854,23031,1547,3,0.12462721765041351,0.024364929646253586,-0.7076483964920044
1585,26857,11685,1,2,0.11912498623132706,0.019108492881059647,2.114523410797119
1586,26876,22217,1043,3,0.12059544026851654,0.022019896656274796,-0.24390657246112823
1587,26886,22892,929,3,0.12445772439241409,0.034188803285360336,-0.014681771397590637
1588,26952,12394,122,2,0.12344716489315033,0.028005316853523254,0.9838703870773315
1589,26973,15590,4,2,0.1185765415430069,0.021306023001670837,1.4650638103485107
1590,27003,11829,12,2,0.1199282631278038,0.018284175544977188,1.3835663795471191
1591,27006,22480,284,3,0.12311969697475433,0.02964036352932453,0.6953838467597961
1592,27028,18091,90,2,0.12203355133533478,0.026697935536503792,1.0730314254760742
1593,27036,3822,19,3,0.12371457368135452,0.022315815091133118,1.6860889196395874
1594,27046,14483,24,3,0.11886914819478989,0.020615577697753906,1.6478279829025269
1595,27054,15266,1,6,0.11974362283945084,0.01995229348540306,1.955163598060608
1596,27078,20798,1520,1,0.12210483103990555,0.024470504373311996,-0.7970566153526306
1597,27079,21724,710,1,0.12210483103990555,0.022255457937717438,0.24255305528640747
1598,27093,21338,634,1,0.12246263027191162,0.02647039107978344,0.4257505238056183
1599,27126,22144,352,2,0.12344855815172195,0.02712436579167843,0.6129161715507507
1600,27176,21364,73,4,0.12149621546268463,0.023495754227042198,1.3908066749572754
1601,27193,3865,786,2,0.11917409300804138,0.0208587646484375,0.07165511697530746
1602,27215,3869,632,2,0.11829458922147751,0.017221935093402863,0.1683967262506485
1603,27234,16763,1237,1,0.11918158084154129,0.018287908285856247,-0.3112313449382782
1604,27261,22929,92,2,0.12247128784656525,0.024844028055667877,1.0991387367248535
1605,27273,22994,816,2,0.12154483050107956,0.027768278494477272,0.17814016342163086
1606,27283,17780,1042,3,0.12184775620698929,0.024521226063370705,-0.1471729576587677
1607,27284,11696,564,3,0.12332537770271301,0.026688408106565475,0.41283461451530457
1608,27312,13482,1413,3,0.12038256973028183,0.023912083357572556,-0.524959146976471
1609,27315,21350,5,5,0.12027017772197723,0.01833348162472248,2.083873748779297
1610,27344,6982,1746,2,0.11827033013105392,0.018138999119400978,-1.7040375471115112
1611,27366,20517,640,5,0.11978452652692795,0.02045365422964096,0.1654021292924881
1612,27385,21350,711,2,0.12319419533014297,0.017180925235152245,0.20265235006809235
1613,27392,3947,1198,3,0.12170176953077316,0.025742337107658386,-0.38598644733428955
1614,27396,3948,121,2,0.12342789769172668,0.029941951856017113,1.260835886001587
1615,27417,4170,1226,2,0.12107926607131958,0.02375870570540428,-0.22974877059459686
1616,27434,5108,935,2,0.12022574245929718,0.027457555755972862,-0.023274261504411697
1617,27437,3955,507,2,0.12013125419616699,0.025109905749559402,0.4370655119419098
1618,27448,22228,1083,4,0.12369268387556076,0.025560181587934494,-0.1570238471031189
1619,27457,14681,1413,2,0.11785725504159927,0.017179403454065323,-0.4364432096481323
1620,27465,17843,1222,1,0.12310590595006943,0.03313196823000908,-0.28021204471588135
1621,27509,17976,60,2,0.1200680062174797,0.022434860467910767,1.0982110500335693
1622,27511,10229,1,4,0.12210551649332047,0.022722288966178894,2.8255863189697266
1623,27514,21866,25,2,0.1243114173412323,0.032219115644693375,1.6627354621887207
1624,27533,7305,1443,3,0.12247687578201294,0.028620773926377296,-0.5453545451164246
1625,27546,3995,889,2,0.12248889356851578,0.017210908234119415,0.08422704041004181
1626,27551,16772,7,2,0.11781115084886551,0.01915011927485466,1.4632514715194702
1627,27561,10797,1780,4,0.12398900091648102,0.028197620064020157,-3.4841103553771973
1628,27584,6314,128,2,0.11776565760374069,0.019190970808267593,0.9878518581390381
1629,27623,4020,237,2,0.11807817220687866,0.018977008759975433,0.7874299883842468
1630,27687,22943,1096,2,0.11969846487045288,0.020911961793899536,-0.1509917974472046
1631,27688,19859,1226,2,0.1199619323015213,0.020918134599924088,-0.25463175773620605
1632,27690,5745,328,4,0.11977662891149521,0.0183273795992136,0.6151928901672363
1633,27691,10077,1439,3,0.12000394612550735,0.019660355523228645,-0.5367978811264038
1634,27694,4045,1317,2,0.12462031096220016,0.02856636419892311,-0.40665584802627563
1635,27695,21282,1395,3,0.12116321176290512,0.023239940404891968,-0.4498046636581421
1636,27723,6269,57,2,0.12008863687515259,0.01803061179816723,1.0837655067443848
1637,27750,12454,825,2,0.12416856735944748,0.030325544998049736,0.1949898898601532
1638,27784,19913,430,2,0.12229475378990173,0.027864309027791023,0.537990391254425
1639,27790,22932,1162,3,0.12464259564876556,0.03164270147681236,-0.19209381937980652
1640,27815,21742,132,2,0.1180979385972023,0.0189912561327219,1.0209323167800903
1641,27868,14417,158,2,0.12366955727338791,0.02659277617931366,0.9240477085113525
1642,27871,4133,1255,5,0.12149890512228012,0.024194613099098206,-0.2729463279247284
1643,27888,21021,417,2,0.1258668601512909,0.031403712928295135,0.5111729502677917
1644,27897,22453,433,3,0.1210334524512291,0.018562017008662224,0.5114217400550842
1645,27915,14062,1158,3,0.1208266019821167,0.02233588881790638,-0.3119799494743347
1646,27927,13376,358,2,0.12349075078964233,0.034609224647283554,0.5910484790802002
1647,27960,16616,386,2,0.12321577966213226,0.030494503676891327,0.5518936514854431
1648,27996,18274,750,2,0.1242581307888031,0.017838899046182632,0.2038019597530365
1649,28019,20753,14,2,0.11796406656503677,0.019614417105913162,1.4116172790527344
1650,28052,21446,1458,2,0.11842626333236694,0.021027423441410065,-0.5313165783882141
1651,28056,17693,11,1,0.12075168639421463,0.025634415447711945,1.7921799421310425
1652,28068,10151,1350,2,0.1265549212694168,0.017178349196910858,-0.49594414234161377
1653,28109,6037,2,3,0.11981605738401413,0.019344478845596313,2.1664199829101562
1654,28151,6716,920,2,0.11951621621847153,0.021114032715559006,-0.06116276606917381
1655,28157,19837,521,3,0.12222418934106827,0.025078609585762024,0.4137328267097473
1656,28162,8589,851,3,0.122710220515728,0.021091381087899208,-0.09693189710378647
1657,28164,17122,670,2,0.11891871690750122,0.01941877044737339,0.25553327798843384
1658,28177,4284,2,3,0.12313704937696457,0.026839325204491615,2.433818817138672
1659,28212,22701,942,2,0.12024350464344025,0.02494051493704319,-0.11857163906097412
1660,28219,6020,1675,5,0.12370753288269043,0.017385918647050858,-1.1601688861846924
1661,28222,21758,461,2,0.12098625302314758,0.01760520413517952,0.3298474848270416
1662,28302,15571,9,3,0.12219396978616714,0.01902078092098236,2.1098711490631104
1663,28353,8812,294,3,0.12338769435882568,0.01866758242249489,0.6792197227478027
1664,28374,21491,959,3,0.12170867621898651,0.024149399250745773,-0.17232424020767212
1665,28390,7170,341,3,0.12102112174034119,0.02167542837560177,0.6298571228981018
1666,28392,4365,400,3,0.12066785246133804,0.02298283390700817,0.52023845911026
1667,28403,19563,1339,4,0.12266844511032104,0.026626575738191605,-0.42556121945381165
1668,28422,15439,19,8,0.1224786639213562,0.028261924162507057,2.281123638153076
1669,28423,22774,279,3,0.12194328010082245,0.026307908818125725,0.6287938356399536
1670,28426,20054,1114,3,0.12065648287534714,0.024644164368510246,-0.08135923743247986
1671,28482,5967,1724,2,0.12312432378530502,0.02196822687983513,-1.5998239517211914
1672,28496,11069,171,2,0.11968228220939636,0.0218876414000988,0.8935660123825073
1673,28501,21699,142,3,0.11811203509569168,0.019602328538894653,0.9770643711090088
1674,28504,16291,31,2,0.11976931244134903,0.01795732043683529,1.3322479724884033
1675,28522,21101,1142,1,0.12228642404079437,0.021608809009194374,-0.17152786254882812
1676,28548,17822,282,3,0.12183625996112823,0.018389688804745674,0.8091521263122559
1677,28551,18052,21,2,0.12031825631856918,0.024003786966204643,2.1470017433166504
1678,28556,21338,256,3,0.122647725045681,0.02566465549170971,0.7256723642349243
1679,28607,6378,1239,2,0.1246284618973732,0.024637073278427124,-0.3139452636241913
1680,28625,20923,1677,2,0.12136240303516388,0.0209946371614933,-1.3464727401733398
1681,28676,4438,1035,2,0.12372677773237228,0.026593443006277084,-0.09017029404640198
1682,28716,11690,541,2,0.12359925359487534,0.017922228202223778,0.4711207449436188
1683,28737,22929,628,1,0.1181628406047821,0.018889421597123146,0.18123087286949158
1684,28751,5900,1669,2,0.12341664731502533,0.021840564906597137,-1.1182785034179688
1685,28757,22194,1339,2,0.12336289882659912,0.026600828394293785,-0.35408344864845276
1686,28773,20919,475,1,0.118502177298069,0.018101055175065994,0.3724333941936493
1687,28781,22267,639,2,0.12186942994594574,0.02512996830046177,0.23478275537490845
1688,28839,21775,387,2,0.12098851799964905,0.021014705300331116,0.4881073236465454
1689,28868,16859,178,2,0.11960247904062271,0.018158569931983948,0.853998064994812
1690,28891,22945,369,5,0.12169071286916733,0.028326617553830147,0.645446240901947
1691,28902,5963,1151,2,0.12006957828998566,0.02297946810722351,-0.1981893926858902
1692,28914,10165,245,2,0.11870808899402618,0.023996368050575256,0.8045585751533508
1693,28938,22772,993,3,0.11803548038005829,0.017513854429125786,-0.1036861315369606
1694,28974,9532,1749,3,0.12146540731191635,0.021889736875891685,-1.6814963817596436
1695,28989,19015,522,1,0.11796842515468597,0.01859288290143013,0.3306385278701782
1696,29004,17841,369,2,0.12491500377655029,0.029147882014513016,0.602554976940155
1697,29008,23029,355,2,0.12479402124881744,0.034253206104040146,0.582792341709137
1698,29016,21724,582,2,0.11945737153291702,0.02000661939382553,0.30368199944496155
1699,29075,21624,5,2,0.11827721446752548,0.020185627043247223,1.591227650642395
1700,29095,4611,16,3,0.12293747067451477,0.027316272258758545,1.8349671363830566
1701,29113,21751,786,1,0.12245705723762512,0.024397224187850952,0.22315138578414917
1702,29131,21652,1,2,0.12342097610235214,0.0338551327586174,2.74070405960083
1703,29138,8021,1644,3,0.12513037025928497,0.030924677848815918,-1.1882505416870117
1704,29152,20082,152,3,0.12391573935747147,0.026764940470457077,0.9675819873809814
1705,29219,15020,1,2,0.11888737976551056,0.022685643285512924,2.443410873413086
1706,29259,20781,1382,4,0.12061101198196411,0.022847285494208336,-0.39971405267715454
1707,29270,16085,1033,1,0.12321535497903824,0.017822038382291794,-0.015781842172145844
1708,29287,21915,600,2,0.12085364013910294,0.023592863231897354,0.286571741104126
1709,29302,22862,1006,3,0.12707015872001648,0.032883450388908386,-0.04202786833047867
1710,29344,15063,678,4,0.12311331182718277,0.02581748738884926,0.17111867666244507
1711,29362,21639,528,2,0.11987205594778061,0.023671412840485573,0.314542680978775
1712,29370,22874,1398,2,0.1179853081703186,0.01851543039083481,-0.4388808310031891
1713,29436,19814,634,2,0.12499701976776123,0.029339315369725227,0.3497769236564636
1714,29444,9018,196,2,0.11783651262521744,0.01909048482775688,0.8185461163520813
1715,29504,15682,2,3,0.123085618019104,0.02192515693604946,3.4705095291137695
1716,29509,22228,909,2,0.11801311373710632,0.017434967681765556,-0.044664159417152405
1717,29553,23005,190,2,0.12298309803009033,0.02704779803752899,0.90884929895401
1718,29689,9075,1413,2,0.11972341686487198,0.021039795130491257,-0.4232064187526703
1719,29693,15674,1656,3,0.1231033056974411,0.02697022445499897,-1.1746559143066406
1720,29720,4878,421,2,0.11771617084741592,0.01796732097864151,0.3724188208580017
1721,29728,14312,394,2,0.11977582424879074,0.020097186788916588,0.46433478593826294
1722,29729,19837,513,3,0.12381566315889359,0.026530995965003967,0.41458630561828613
1723,29741,9164,1,2,0.12317263334989548,0.04125913232564926,2.8236114978790283
1724,29746,22884,73,2,0.12020144611597061,0.02173065021634102,1.0808806419372559
1725,29759,17613,890,2,0.12321315705776215,0.01713467761874199,0.0011224150657653809
1726,29776,4907,68,2,0.12115766853094101,0.02361362800002098,1.4197046756744385
1727,29780,22826,349,2,0.12101294845342636,0.028755860403180122,0.4811183214187622
1728,29791,4920,914,2,0.11904620379209518,0.020102011039853096,0.030535481870174408
1729,29798,21775,59,3,0.12469100207090378,0.025178486481308937,1.4038596153259277
1730,29815,22740,385,3,0.12212199717760086,0.01823562942445278,0.5093041658401489
1731,29851,21900,1641,3,0.12060929089784622,0.026621945202350616,-0.9429609179496765
1732,29857,13106,61,3,0.12060374766588211,0.026401419192552567,1.2181401252746582
1733,29888,4952,484,2,0.12360085546970367,0.018959499895572662,0.4299716055393219
1734,29916,22004,888,2,0.12388993054628372,0.01783890835940838,0.024522200226783752
1735,29935,19454,639,2,0.12179259210824966,0.02688004821538925,0.27993449568748474
1736,29976,12079,1414,3,0.1251061111688614,0.02268521673977375,-0.5195334553718567
1737,29984,19819,661,1,0.12291212379932404,0.031385425478219986,0.22432443499565125
1738,29988,10633,1,2,0.12198817729949951,0.027765441685914993,3.7616591453552246
1739,29997,17122,701,2,0.12329388409852982,0.018946345895528793,0.12409697473049164
1740,30000,21945,960,2,0.12113026529550552,0.02207985892891884,-0.043953102082014084
1741,30004,22894,1485,2,0.11790978908538818,0.01768689975142479,-0.5523002743721008
1742,30135,13821,79,3,0.1176895797252655,0.019066311419010162,1.1015658378601074
1743,30150,19633,1004,1,0.12358129024505615,0.0266868956387043,-0.040247440338134766
1744,30170,21768,509,2,0.11795499175786972,0.01749338209629059,0.28254830837249756
1745,30202,10890,533,4,0.12366748601198196,0.02407359518110752,0.3972410559654236
1746,30229,22932,149,1,0.12195140868425369,0.02927197515964508,0.9356633424758911
1747,30236,22349,91,2,0.12227056920528412,0.027102170512080193,1.2721357345581055
1748,30239,22996,932,3,0.12112139165401459,0.02320171520113945,-0.06012294068932533
1749,30261,13591,590,2,0.1200634017586708,0.023092303425073624,0.16219405829906464
1750,30263,5137,643,2,0.11817564070224762,0.017272915691137314,0.1535046547651291
1751,30303,12630,67,2,0.11887573450803757,0.02418344095349312,1.0523664951324463
1752,30311,17171,56,3,0.12254028767347336,0.020177090540528297,1.7227652072906494
1753,30367,22703,173,1,0.12129717320203781,0.0261191725730896,0.882378876209259
1754,30371,14534,749,2,0.12464287132024765,0.03193162754178047,0.19306740164756775
1755,30377,19474,189,2,0.12084807455539703,0.018920697271823883,0.884506106376648
1756,30397,13296,165,2,0.1203191801905632,0.022776789963245392,0.9167946577072144
1757,30398,6105,487,1,0.12108494341373444,0.024071022868156433,0.46321606636047363
1758,30423,13448,417,3,0.11852356791496277,0.017822371795773506,0.5147152543067932
1759,30442,19160,15,2,0.11917869746685028,0.017857249826192856,1.4189929962158203
1760,30448,19352,692,4,0.12207870930433273,0.018171323463320732,0.2557341456413269
1761,30469,11591,4,2,0.12198533862829208,0.025140687823295593,2.4528419971466064
1762,30568,10403,1461,3,0.12343849986791611,0.021858833730220795,-0.6216413378715515
1763,30634,20376,7,4,0.12089840322732925,0.022317279130220413,2.5738656520843506
1764,30668,22837,1226,2,0.11975699663162231,0.021887198090553284,-0.3174950182437897
1765,30675,20282,96,2,0.12334513664245605,0.027826933190226555,1.0658186674118042
1766,30676,18272,1222,2,0.12335346639156342,0.01816374622285366,-0.29646387696266174
1767,30680,18807,179,3,0.12241833657026291,0.027165774255990982,0.8117455840110779
1768,30686,17517,981,3,0.12295318394899368,0.024841465055942535,-0.11649727821350098
1769,30723,15850,245,2,0.12518535554409027,0.03076663240790367,0.7349563241004944
1770,30737,21505,347,2,0.12178133428096771,0.02715589478611946,0.5445084571838379
1771,30750,16960,1039,1,0.11828365921974182,0.017472609877586365,-0.08851984888315201
1772,30764,22550,311,1,0.12177398055791855,0.024347398430109024,0.672602653503418
1773,30780,22892,1693,1,0.12595239281654358,0.03434353694319725,-1.4139087200164795
1774,30826,10817,1198,2,0.12302891910076141,0.01784828118979931,-0.2603147327899933
1775,30851,20177,678,2,0.12093610316514969,0.023677460849285126,0.2536499798297882
1776,30941,18794,709,2,0.12468830496072769,0.024845322594046593,0.26401495933532715
1777,30948,21947,8,4,0.11896456032991409,0.024032633751630783,2.9360013008117676
1778,30951,22975,56,1,0.12245262414216995,0.02920517884194851,1.2446014881134033
1779,30971,7388,450,2,0.12230582535266876,0.023756805807352066,0.46975237131118774
1780,31018,5520,429,4,0.12013576924800873,0.018491938710212708,0.5131986141204834
1781,31039,23008,1213,1,0.12052857875823975,0.023798417299985886,-0.27463197708129883
1782,31060,16627,203,3,0.12193410843610764,0.017796318978071213,0.9677281379699707
1783,31069,15308,404,3,0.1235317587852478,0.017114613205194473,0.5495922565460205
1784,31095,10403,1499,3,0.11970877647399902,0.019555628299713135,-0.6688334345817566
1785,31098,21801,298,2,0.1189914122223854,0.02315954491496086,0.6862307190895081
1786,31126,23019,942,3,0.12335281074047089,0.02616173028945923,0.022806420922279358
1787,31144,21429,60,3,0.12050572782754898,0.018296463415026665,1.3375433683395386
1788,31160,19010,709,2,0.11937133967876434,0.01780419610440731,0.21289846301078796
1789,31179,22347,330,3,0.11934444308280945,0.018603749573230743,0.6650977730751038
1790,31201,21222,151,2,0.12160259485244751,0.02729245275259018,0.9468443393707275
1791,31212,21082,1396,1,0.12026174366474152,0.02208443358540535,-0.567319393157959
1792,31238,22329,13,3,0.11804518103599548,0.020292602479457855,1.4462695121765137
1793,31240,20604,1742,2,0.11982780694961548,0.02183959260582924,-1.591483473777771
1794,31242,18151,101,2,0.12130341678857803,0.019216593354940414,0.9287298321723938
1795,31244,15643,3,2,0.12381894886493683,0.026122532784938812,3.1352181434631348
1796,31258,9156,7,3,0.12110196053981781,0.02562396228313446,2.2453324794769287
1797,31282,23012,771,4,0.12306059896945953,0.02549741044640541,0.15773697197437286
1798,31284,10011,810,2,0.12244240939617157,0.0287857074290514,0.13127414882183075
1799,31317,12120,868,1,0.11885873228311539,0.017782557755708694,-0.05838700383901596
1800,31355,16120,1656,3,0.12297242134809494,0.02761717699468136,-1.1353967189788818
1801,31357,21707,222,3,0.12303361296653748,0.02599104307591915,0.7944757342338562
1802,31415,22700,575,2,0.12068863213062286,0.02630538120865822,0.32387322187423706
1803,31430,19136,4,2,0.11996201425790787,0.022572163492441177,2.594881534576416
1804,31478,13117,7,2,0.1184510663151741,0.019831551238894463,1.385634422302246
1805,31494,21351,556,2,0.11881431192159653,0.0208367258310318,0.22408507764339447
1806,31523,19746,839,1,0.12108969688415527,0.023602329194545746,0.1340486854314804
1807,31541,17669,1142,6,0.1194070354104042,0.019161928445100784,-0.18884699046611786
1808,31560,10045,1076,2,0.12561234831809998,0.025223402306437492,-0.07662321627140045
1809,31563,21489,66,1,0.12036656588315964,0.026191042736172676,1.1441235542297363
1810,31626,14242,21,2,0.11895338445901871,0.019777752459049225,1.5062789916992188
1811,31633,18213,1557,4,0.12354367971420288,0.02721712365746498,-0.7673664093017578
1812,31645,12017,1223,2,0.12313800305128098,0.02682916447520256,-0.348816454410553
1813,31708,20039,220,2,0.11793147027492523,0.01897944137454033,0.8090046644210815
1814,31731,21583,119,3,0.12248510867357254,0.025695543736219406,1.0744186639785767
1815,31742,22182,1631,1,0.12489212304353714,0.02476123720407486,-1.127482295036316
1816,31771,13037,7,2,0.12268268316984177,0.019822655245661736,2.127901315689087
1817,31808,22981,704,3,0.12572689354419708,0.027787573635578156,0.15721389651298523
1818,31841,20012,1065,3,0.12380048632621765,0.01842682436108589,-0.09504739940166473
1819,31846,21586,1250,2,0.12401451915502548,0.016501041129231453,-0.3861802816390991
1820,31851,18059,557,3,0.12201225757598877,0.02289053611457348,0.35584259033203125
1821,31862,22845,597,2,0.12102916836738586,0.026394516229629517,0.353979229927063
1822,31912,16518,1706,2,0.12348731607198715,0.028872471302747726,-1.4607300758361816
1823,31955,22884,672,5,0.12102948874235153,0.021633384749293327,0.2851511836051941
1824,32000,6656,1512,2,0.12139979004859924,0.02849334105849266,-0.7010029554367065
1825,32037,22168,173,3,0.12216205149888992,0.025577686727046967,0.833004891872406
1826,32046,20666,327,3,0.12144278734922409,0.017961516976356506,0.6539574861526489
1827,32076,13715,3,3,0.12484294921159744,0.03858974575996399,1.8909912109375
1828,32084,23019,346,2,0.12270031124353409,0.026984097436070442,0.5689408779144287
1829,32097,20793,680,1,0.1217770203948021,0.024204248562455177,0.3410075902938843
1830,32143,20683,8,2,0.11813793331384659,0.02059539034962654,1.9057667255401611
1831,32196,22935,214,3,0.1241154819726944,0.02780761756002903,0.8376976847648621
1832,32197,20705,17,2,0.11912906914949417,0.02581503614783287,2.1768147945404053
1833,32229,10807,65,2,0.12263229489326477,0.02810889482498169,1.4269709587097168
1834,32255,8810,1377,6,0.12188293784856796,0.017905618995428085,-0.4385819435119629
1835,32284,22703,470,3,0.12063199281692505,0.02358652651309967,0.4222414493560791
1836,32310,20333,399,2,0.11858989298343658,0.020219190046191216,0.5064624547958374
1837,32318,22116,637,2,0.12357670068740845,0.026074375957250595,0.2458316683769226
1838,32331,8817,1539,2,0.11779796332120895,0.017091229557991028,-0.5735313892364502
1839,32347,21586,33,4,0.12114175409078598,0.0176832415163517,1.2180945873260498
1840,32379,22017,1623,3,0.12329284101724625,0.029886532574892044,-1.0527091026306152
1841,32400,22787,731,3,0.12442898750305176,0.030585452914237976,0.2340221405029297
1842,32431,18278,1589,1,0.12343085557222366,0.021710088476538658,-0.8671366572380066
1843,32447,20127,413,2,0.1234125867486,0.017504066228866577,0.4917944669723511
1844,32450,19866,6,1,0.12453319877386093,0.029310233891010284,1.71527898311615
1845,32452,21356,570,3,0.12136650085449219,0.02157774195075035,0.38796138763427734
1846,32471,21581,988,3,0.11885803192853928,0.02126157283782959,-0.10208269953727722
1847,32474,21366,178,5,0.12280067056417465,0.025658274069428444,0.9516689777374268
1848,32485,21368,1272,1,0.11841583251953125,0.01697886735200882,-0.2861047387123108
1849,32494,21417,1167,2,0.1198144182562828,0.023787925019860268,-0.24233466386795044
1850,32506,17112,39,3,0.1239294484257698,0.01732996106147766,1.7643039226531982
1851,32539,18180,501,2,0.12515152990818024,0.03254608437418938,0.36682701110839844
1852,32558,13396,201,2,0.11783100664615631,0.018846619874238968,0.8734312057495117
1853,32610,20656,159,3,0.12522433698177338,0.027996473014354706,1.0869958400726318
1854,32617,16159,1564,3,0.12152702361345291,0.024197760969400406,-0.890769362449646
1855,32625,16653,507,2,0.1205749586224556,0.025010589510202408,0.30627506971359253
1856,32645,21221,1,2,0.12105531245470047,0.025519385933876038,3.0641114711761475
1857,32647,22021,919,2,0.12210161983966827,0.027837291359901428,-0.03024379163980484
1858,32657,22980,403,3,0.12325090169906616,0.02475867047905922,0.4824991226196289
1859,32663,21736,12,2,0.11900517344474792,0.01852211356163025,1.4771180152893066
1860,32711,10875,96,2,0.12432008236646652,0.028641775250434875,1.136075735092163
1861,32730,9569,185,2,0.11905773729085922,0.018758293241262436,0.9085955619812012
1862,32772,11125,921,5,0.11901819705963135,0.020341936498880386,0.012428715825080872
1863,32847,10411,1057,2,0.12270303815603256,0.017802966758608818,-0.1590990126132965
1864,32860,22973,1134,1,0.11908771097660065,0.022369705140590668,-0.2894485592842102
1865,32861,14261,1280,1,0.12027392536401749,0.025331279262900352,-0.30436450242996216
1866,32878,19231,4,2,0.11910776048898697,0.020295875146985054,2.3234152793884277
1867,32882,16612,719,3,0.11779693514108658,0.018071552738547325,0.12024376541376114
1868,32913,22144,614,4,0.12199807167053223,0.02401849254965782,0.2965103089809418
1869,32923,22968,666,2,0.12106594443321228,0.023766009137034416,0.10510732233524323
1870,32956,21060,1196,1,0.12322482466697693,0.026722349226474762,-0.2750987708568573
1871,32965,21982,1508,2,0.12308082729578018,0.022050928324460983,-0.6640749573707581
1872,32989,17231,1,3,0.12135745584964752,0.025430765002965927,2.4201455116271973
1873,32993,21263,548,2,0.11788327991962433,0.01781880110502243,0.26084229350090027
1874,33001,20050,2,1,0.1251949667930603,0.029802698642015457,2.755730628967285
1875,33026,21096,113,1,0.12290902435779572,0.025506185367703438,1.0547375679016113
1876,33027,22997,1183,2,0.12362629920244217,0.02483959123492241,-0.23406237363815308
1877,33042,22032,571,2,0.12198389321565628,0.02861124277114868,0.3792768716812134
1878,33066,20084,888,2,0.12345694750547409,0.02585962787270546,0.036455556750297546
1879,33067,23027,1768,3,0.1194010004401207,0.021512800827622414,-1.9754199981689453
1880,33092,19364,396,2,0.11826147139072418,0.019258281216025352,0.5054907202720642
1881,33093,6874,1284,2,0.12071999162435532,0.021357418969273567,-0.31072309613227844
1882,33102,15006,1231,3,0.12407130748033524,0.01713048852980137,-0.20854434370994568
1883,33114,22334,269,2,0.12305060774087906,0.028292343020439148,0.6857258081436157
1884,33120,13707,524,2,0.11903723329305649,0.018020769581198692,0.33364278078079224
1885,33146,19786,103,3,0.12201813608407974,0.023924410343170166,1.052040457725525
1886,33151,6923,1241,2,0.11779959499835968,0.017223812639713287,-0.2632533609867096
1887,33158,21568,605,2,0.12271610647439957,0.026222117245197296,0.2868121564388275
1888,33184,22777,667,2,0.11962313950061798,0.023066431283950806,0.0788530632853508
1889,33196,6952,12,2,0.12368442118167877,0.02661452442407608,1.869666576385498
1890,33226,17424,1760,2,0.12096795439720154,0.027403660118579865,-2.214205741882324
1891,33248,11477,315,2,0.11779112368822098,0.0192297101020813,0.6640161275863647
1892,33281,17232,96,2,0.12159779667854309,0.019474204629659653,1.159955382347107
1893,33283,21218,587,2,0.12459718436002731,0.034951869398355484,0.36822566390037537
1894,33286,19384,1479,1,0.12328199297189713,0.02716980129480362,-0.6651936173439026
1895,33324,9209,744,2,0.12453983724117279,0.030407484620809555,0.2267504334449768
1896,33356,21161,773,6,0.12224562466144562,0.024115294218063354,0.22015142440795898
1897,33372,22805,1050,2,0.12301670014858246,0.02607657015323639,-0.15308409929275513
1898,33383,13315,435,3,0.12183831632137299,0.025786105543375015,0.4872727692127228
1899,33417,7080,1,2,0.12198425084352493,0.025714384391903877,3.750131130218506
1900,33516,10469,22,3,0.12151294201612473,0.026192158460617065,1.3345575332641602
1901,33574,22401,1004,3,0.12335062026977539,0.022137902677059174,-0.060283362865448
1902,33581,20084,893,2,0.11821477115154266,0.017735563218593597,-0.004425913095474243
1903,33614,21230,154,2,0.1244795173406601,0.030501889064908028,1.031805157661438
1904,33619,22957,443,2,0.12385465204715729,0.028356369584798813,0.4771651029586792
1905,33665,13485,1304,2,0.12281905114650726,0.02512640878558159,-0.33668673038482666
1906,33668,15212,4,1,0.11989489197731018,0.024868741631507874,2.7655439376831055
1907,33693,22973,159,3,0.12419518828392029,0.02778685837984085,0.8632873296737671
1908,33694,22273,906,2,0.12376439571380615,0.031674593687057495,-0.01613694429397583
1909,33695,16653,267,2,0.12234798073768616,0.027252770960330963,0.7398844361305237
1910,33723,14172,435,4,0.11897171288728714,0.018826264888048172,0.48951175808906555
1911,33747,22701,375,8,0.12252205610275269,0.028910556808114052,0.6409148573875427
1912,33764,20688,422,2,0.12032902240753174,0.023536184802651405,0.42785096168518066
1913,33794,22853,1277,3,0.12229060381650925,0.023295892402529716,-0.33649301528930664
1914,33824,20518,1231,4,0.12013912945985794,0.02197081968188286,-0.25844305753707886
1915,33846,16539,10,4,0.11961910128593445,0.02189541608095169,1.513704776763916
1916,33850,22932,1399,2,0.11825139075517654,0.02137260138988495,-0.4599962532520294
1917,33868,18884,1179,3,0.12273992598056793,0.025048241019248962,-0.1926664263010025
1918,33870,7460,397,2,0.11943323165178299,0.018412265926599503,0.5273959636688232
1919,33891,22515,174,1,0.12215626984834671,0.02698635309934616,0.8935269713401794
1920,33923,22776,1,2,0.12482070177793503,0.036486200988292694,3.261420965194702
1921,33930,7514,278,2,0.12385090440511703,0.03058083914220333,0.6916000843048096
1922,33944,18094,71,2,0.11814810335636139,0.023616597056388855,1.3600103855133057
1923,33959,23032,156,3,0.12597036361694336,0.03318382799625397,0.8503700494766235
1924,33964,14075,272,2,0.12533707916736603,0.03007841482758522,0.6353372931480408
1925,33965,22095,4,5,0.1220100149512291,0.026736412197351456,2.6508677005767822
1926,33997,19251,2,3,0.11951372027397156,0.021492449566721916,2.2370786666870117
1927,33999,21906,2,2,0.11802328377962112,0.019455580040812492,1.3407528400421143
1928,34122,22996,191,2,0.12266343832015991,0.026005085557699203,0.8159168362617493
1929,34124,23011,336,2,0.1229129210114479,0.026563458144664764,0.6130169630050659
1930,34151,22878,629,3,0.1235867366194725,0.028740929439663887,0.21861156821250916
1931,34161,17138,42,2,0.11867958307266235,0.018800653517246246,1.4755394458770752
1932,34196,20180,303,3,0.11976149678230286,0.02067050337791443,0.5679727792739868
1933,34217,21626,1530,2,0.12249095737934113,0.0268322192132473,-0.7768179178237915
1934,34221,20362,728,2,0.12078196555376053,0.021564094349741936,0.06240332871675491
1935,34276,14861,87,2,0.12176819145679474,0.026502465829253197,1.0487912893295288
1936,34351,20549,759,3,0.12010536342859268,0.021265283226966858,-0.05081315338611603
1937,34361,20411,920,2,0.1215246319770813,0.0249883234500885,-0.0003297850489616394
1938,34363,18146,186,2,0.1220317929983139,0.025165285915136337,0.8791370391845703
1939,34366,13989,10,2,0.12274489551782608,0.024756047874689102,1.6851072311401367
1940,34381,22941,517,5,0.12071824073791504,0.025879114866256714,0.3967129588127136
1941,34459,21206,14,3,0.11849547922611237,0.019170042127370834,1.6101887226104736
1942,34477,19825,2,2,0.12301838397979736,0.02607695385813713,2.0026798248291016
1943,34478,15519,1124,1,0.12020931392908096,0.022678835317492485,-0.22651317715644836
1944,34491,22834,87,2,0.12013604491949081,0.02339399978518486,1.060840368270874
1945,34521,15894,537,3,0.12231752276420593,0.018283095210790634,0.3571530878543854
1946,34522,9014,257,2,0.12056885659694672,0.018309257924556732,0.8235424757003784
1947,34529,16799,232,2,0.12161122262477875,0.02251456119120121,0.813585638999939
1948,34534,16661,194,2,0.12486252188682556,0.028979197144508362,0.8659887909889221
1949,34544,22997,635,2,0.1219206377863884,0.023969408124685287,0.21773689985275269
1950,34565,20711,414,5,0.11929235607385635,0.01843360997736454,0.4337030351161957
1951,34598,14215,1148,6,0.12374940514564514,0.02782021090388298,-0.14245113730430603
1952,34606,22996,367,2,0.12461862713098526,0.02706427313387394,0.532522439956665
1953,34609,13693,1,2,0.11756110191345215,0.02035202458500862,1.879277229309082
1954,34618,20792,861,2,0.11961022764444351,0.020984619855880737,0.12142471969127655
1955,34631,10393,1100,2,0.11800593882799149,0.01794048398733139,-0.1392039805650711
1956,34636,8171,780,2,0.12014158070087433,0.023264080286026,0.20108959078788757
1957,34643,17369,17,3,0.1177804172039032,0.01918354257941246,1.4271042346954346
1958,34659,19415,23,2,0.12321208417415619,0.027782272547483444,1.7089314460754395
1959,34670,10580,13,2,0.12290528416633606,0.03094763308763504,1.4845370054244995
1960,34691,23018,990,2,0.11789292842149734,0.017749182879924774,-0.0813988521695137
1961,34714,11970,570,2,0.11920201033353806,0.01830761320888996,0.34077173471450806
1962,34776,12981,572,2,0.12271254509687424,0.02422010526061058,0.3849584460258484
1963,34831,23021,100,2,0.12165869027376175,0.025721831247210503,1.1183750629425049
1964,34833,18069,113,2,0.11926234513521194,0.018597450107336044,0.9047812223434448
1965,34845,8398,346,4,0.1228896975517273,0.02604823000729084,0.6042770743370056
1966,34849,15381,523,3,0.12081923335790634,0.02079782821238041,0.434461385011673
1967,34858,21757,63,2,0.11893917620182037,0.01880836673080921,1.0442849397659302
1968,34891,22228,633,1,0.11801661550998688,0.01737479493021965,0.20120760798454285
1969,34964,18291,508,2,0.12064465135335922,0.02596839889883995,0.4367351830005646
1970,34971,8529,128,2,0.12483207881450653,0.027111656963825226,1.069026231765747
1971,34978,11648,63,3,0.1186584010720253,0.018991995602846146,1.0900815725326538
1972,34980,22958,848,2,0.12221712619066238,0.029759962111711502,0.09094250202178955
1973,35001,17817,4,3,0.1234075278043747,0.03464588522911072,2.333197593688965
1974,35011,21459,859,2,0.12485984712839127,0.03389299288392067,0.15032118558883667
1975,35071,12749,220,3,0.12068097293376923,0.017904022708535194,0.8382118940353394
1976,35078,17021,1689,2,0.12021785974502563,0.022375820204615593,-0.9419337511062622
1977,35096,21789,11,2,0.12005612999200821,0.018207237124443054,1.335343599319458
1978,35195,23029,381,2,0.12190497666597366,0.029804207384586334,0.5727936625480652
1979,35201,22610,143,2,0.11958972364664078,0.02456343173980713,0.7980361580848694
1980,35213,18430,701,2,0.12481950968503952,0.027825528755784035,0.1949314922094345
1981,35271,21992,674,2,0.12248208373785019,0.026059960946440697,0.19712486863136292
1982,35273,8916,546,6,0.12361504882574081,0.02625827118754387,0.45636141300201416
1983,35276,21803,393,2,0.12363177537918091,0.025579489767551422,0.4774910807609558
1984,35300,15323,1148,2,0.11978902667760849,0.021998479962348938,-0.20869894325733185
1985,35308,16303,907,2,0.11925216019153595,0.01746615394949913,0.10576029866933823
1986,35322,19052,521,4,0.12142907083034515,0.02280689775943756,0.4125818610191345
1987,35328,20746,1274,3,0.12142280489206314,0.022877007722854614,-0.3646754026412964
1988,35336,18362,299,2,0.11963401734828949,0.021022913977503777,0.6800222992897034
1989,35344,15932,137,3,0.12177962064743042,0.018771961331367493,0.8742315769195557
1990,35386,21751,8,1,0.1232541874051094,0.025264255702495575,2.6978116035461426
1991,35402,19647,1330,1,0.12421269714832306,0.027226243168115616,-0.4108359217643738
1992,35404,21326,421,3,0.12227468937635422,0.027005523443222046,0.5327059030532837
1993,35412,20158,30,2,0.12405404448509216,0.02711162529885769,1.808458924293518
1994,35443,23006,1499,4,0.11956654489040375,0.022357232868671417,-0.6795576214790344
1995,35463,12626,1713,1,0.12616759538650513,0.02431771345436573,-1.2624711990356445
1996,35466,22603,959,2,0.12391272187232971,0.025586426258087158,0.002042829990386963
1997,35477,19652,1623,2,0.12068954855203629,0.02582593262195587,-0.8916101455688477
1998,35489,16546,1463,2,0.12272124737501144,0.017265822738409042,-0.5983114838600159
1999,35530,15398,172,2,0.12456116080284119,0.023791655898094177,0.9692502021789551
2000,35532,13811,144,3,0.12079516798257828,0.018344834446907043,1.1184272766113281
2001,35543,21272,1159,2,0.11808591336011887,0.0182109996676445,-0.17414499819278717
2002,35560,21703,2,3,0.11825866997241974,0.020811565220355988,2.093276023864746
2003,35622,15215,652,2,0.11816050857305527,0.020027710124850273,0.1990162879228592
2004,35627,22073,66,1,0.12336237728595734,0.02234726957976818,1.187912106513977
2005,35685,12544,633,2,0.12332995980978012,0.02687579020857811,0.2314208596944809
2006,35705,15633,388,3,0.11981838941574097,0.02178138867020607,0.5523713231086731
2007,35707,15339,343,2,0.12172864377498627,0.01873508095741272,0.4789898991584778
2008,35710,23018,1064,1,0.11825864762067795,0.017453081905841827,-0.1745927631855011
2009,35716,18548,115,2,0.12361956387758255,0.030034944415092468,1.4407234191894531
2010,35780,21939,671,2,0.1217399314045906,0.017661044374108315,0.21015076339244843
2011,35798,12421,933,2,0.11998073011636734,0.023214880377054214,-0.16987574100494385
2012,35832,12125,182,2,0.1220577284693718,0.023005807772278786,0.842303454875946
2013,35860,19769,599,2,0.12263911962509155,0.01752030849456787,0.44388115406036377
2014,35898,12221,401,2,0.12353960424661636,0.030260024592280388,0.5532530546188354
2015,35937,10583,248,2,0.12142591178417206,0.025160640478134155,0.8002092838287354
2016,35991,22929,1207,2,0.11806750297546387,0.017338234931230545,-0.2625797688961029
2017,35995,20273,112,3,0.1234099268913269,0.02557528018951416,1.0243852138519287
2018,36004,21757,281,3,0.11919613182544708,0.018596213310956955,0.6961230039596558
2019,36031,22924,442,2,0.12064909189939499,0.023088011890649796,0.4742701053619385
2020,36066,21238,7,3,0.11782581359148026,0.01946403644979,1.3365612030029297
2021,36068,21677,834,2,0.11830459535121918,0.020499475300312042,0.13468961417675018
2022,36092,22144,78,2,0.12461771816015244,0.02713366225361824,1.0148314237594604
2023,36170,17476,1516,2,0.11999225616455078,0.023968523368239403,-0.6275185346603394
2024,36229,13928,213,5,0.1227061003446579,0.02708878181874752,0.9312857389450073
2025,36231,11058,482,2,0.12032764405012131,0.02352159097790718,0.4595257341861725
2026,36243,22545,1316,2,0.1231658011674881,0.029025807976722717,-0.34051942825317383
2027,36270,15520,19,3,0.12303747236728668,0.028311900794506073,2.340871572494507
2028,36291,10381,1261,2,0.12544409930706024,0.034272775053977966,-0.3587074279785156
2029,36303,19375,112,2,0.1251794695854187,0.02921226993203163,1.056121587753296
2030,36315,10954,1576,2,0.12161488085985184,0.02644605003297329,-0.957389771938324
2031,36348,22125,852,1,0.12552814185619354,0.03687682002782822,0.05238155275583267
2032,36351,20827,108,2,0.12518924474716187,0.031387809664011,1.0749287605285645
2033,36363,22945,180,2,0.12104460597038269,0.028142772614955902,1.0063135623931885
2034,36412,22746,290,3,0.12182468175888062,0.025358140468597412,0.6250476837158203
2035,36417,10615,654,1,0.1263405829668045,0.028069254010915756,0.3189331889152527
2036,36430,22721,1529,2,0.12067289650440216,0.024381933733820915,-0.6320351958274841
2037,36464,11254,613,2,0.12375901639461517,0.027646873146295547,0.2859981060028076
2038,36473,15367,32,2,0.12338879704475403,0.027376942336559296,1.376167893409729
2039,36511,23012,522,2,0.1246221512556076,0.02796066179871559,0.34311434626579285
2040,36514,14918,1,4,0.12266150116920471,0.02817934937775135,2.676891326904297
2041,36634,20046,351,2,0.11990861594676971,0.023380693048238754,0.5897053480148315
2042,36668,21789,70,1,0.11980108171701431,0.02012590691447258,1.1356499195098877
2043,36705,23016,952,3,0.12215729802846909,0.024197276681661606,0.0418936125934124
2044,36812,20680,232,1,0.12771594524383545,0.033232931047677994,0.7609922885894775
2045,36865,22853,1581,3,0.11884481459856033,0.018841084092855453,-0.9118931889533997
2046,36879,19112,5,2,0.11818652600049973,0.021515971049666405,2.33618426322937
2047,36972,22700,684,2,0.12379253655672073,0.031225303187966347,0.34713682532310486
2048,37083,16008,11,2,0.12109903991222382,0.018788039684295654,1.4245564937591553
2049,37086,23009,155,6,0.12562529742717743,0.023119576275348663,0.9842861890792847
2050,37137,14480,946,2,0.12259874492883682,0.023553188890218735,-0.010210733860731125
2051,37195,22928,1110,2,0.11802545189857483,0.0169756431132555,-0.20414632558822632
2052,37218,20228,15,4,0.11902464926242828,0.018671896308660507,1.3042709827423096
2053,37222,21053,538,2,0.11928924918174744,0.021880093961954117,0.3075159788131714
2054,37239,22929,712,1,0.12463133037090302,0.025854289531707764,0.22729170322418213
2055,37285,22790,522,1,0.12363061308860779,0.02414865791797638,0.4234619438648224
2056,37293,18675,1434,2,0.12133569270372391,0.023417023941874504,-0.4979715347290039
2057,37294,22144,230,2,0.12449514120817184,0.027171209454536438,0.7714318633079529
2058,37314,19449,1,2,0.12183144688606262,0.028565656393766403,3.897900104522705
2059,37352,15148,941,2,0.12091746926307678,0.024296844378113747,-0.002495795488357544
2060,37441,20929,113,3,0.12143565714359283,0.0275974553078413,0.9624351859092712
2061,37533,17157,446,1,0.12048658728599548,0.022393031045794487,0.5054647922515869
2062,37580,20473,52,2,0.1234096959233284,0.028127038851380348,1.4308425188064575
2063,37593,12819,915,2,0.12333431094884872,0.017919186502695084,-0.007776781916618347
2064,37619,15342,8,5,0.12115416675806046,0.027342621237039566,2.484891891479492
2065,37657,21380,554,1,0.12562750279903412,0.02419528178870678,0.3916804790496826
2066,37684,20070,300,3,0.12339620292186737,0.02671065367758274,0.7023901343345642
2067,37691,22808,32,2,0.12146835029125214,0.02779838815331459,1.5383564233779907
2068,37702,20522,1712,2,0.1214880496263504,0.02139303833246231,-1.6048812866210938
2069,37741,20579,31,2,0.12218733131885529,0.028094051405787468,1.821857213973999
2070,37749,21078,44,1,0.1256563663482666,0.034294549375772476,1.420116901397705
2071,37753,17748,84,3,0.1178131178021431,0.01908513717353344,1.0642428398132324
2072,37762,23023,1262,2,0.1250629872083664,0.02732650190591812,-0.343272864818573
2073,37764,14774,1028,1,0.12119460850954056,0.02527387998998165,-0.028533801436424255
2074,38156,22929,493,2,0.1193176731467247,0.020375089719891548,0.4375838041305542
2075,38264,19559,57,1,0.12355142831802368,0.0320248119533062,1.4504234790802002
2076,38300,22053,313,2,0.12293597310781479,0.026966596022248268,0.581422746181488
2077,38372,22979,45,1,0.12155207246541977,0.030722610652446747,1.5039958953857422
2078,38387,18180,944,1,0.12095887213945389,0.02410726435482502,0.09323593229055405
2079,38440,21080,96,2,0.12331937253475189,0.02736850082874298,1.3097001314163208
2080,38543,21824,1414,2,0.11919434368610382,0.022356515750288963,-0.4423101544380188
2081,38579,16801,1125,2,0.11934810876846313,0.022329963743686676,-0.21496927738189697
2082,38662,22526,113,2,0.1235002875328064,0.02807566151022911,1.0713080167770386
2083,38671,23002,32,2,0.12151031941175461,0.033180784434080124,1.3804987668991089
2084,38691,22132,74,2,0.12169265747070312,0.026801208034157753,1.1330722570419312
2085,38703,20057,198,2,0.1248297169804573,0.03140665218234062,0.8252571225166321
2086,38704,19121,9,2,0.12103667110204697,0.0269300639629364,2.3741912841796875
2087,38757,20758,254,2,0.12450924515724182,0.027655141428112984,0.6476157903671265
2088,38785,20850,18,2,0.12265831232070923,0.027288805693387985,1.8059048652648926
2089,38822,21902,72,2,0.12202154099941254,0.021654251962900162,1.0410754680633545
2090,38860,22681,189,1,0.12056078761816025,0.023741723969578743,0.7690351009368896
2091,38886,15708,955,3,0.11996088922023773,0.02332763746380806,-0.05119262635707855
2092,38903,21460,3,2,0.12397062033414841,0.03856771066784859,4.25128698348999
2093,38938,20376,1,1,0.1223902478814125,0.022819887846708298,3.4722681045532227
2094,39254,22790,1407,3,0.1222257986664772,0.022084955126047134,-0.4056127667427063
