row_id,user,target,rank,history_length,predicted_stay,target_stay_similarity,target_score
0,17,22665,1268,2,0.2005799114704132,0.048987939953804016,-0.42647600173950195
1,29,22642,493,10,0.19887328147888184,0.04152482748031616,0.402500182390213
2,31,22893,1645,6,0.1952015608549118,0.043953776359558105,-0.9368903636932373
3,45,23031,1246,2,0.19316254556179047,0.035832230001688004,-0.33863866329193115
4,53,7596,34,6,0.196059450507164,0.05137297138571739,1.955026388168335
5,55,21826,5,2,0.19299153983592987,0.04188113659620285,2.4595847129821777
6,80,6054,1659,2,0.1969325989484787,0.042026616632938385,-1.0597726106643677
7,87,16756,40,3,0.19381898641586304,0.04186517745256424,1.2270007133483887
8,112,8,519,2,0.19651545584201813,0.040111105889081955,0.4171332120895386
9,152,22453,37,2,0.1959509402513504,0.03957164287567139,1.153205156326294
10,161,9983,815,4,0.19353052973747253,0.03980398178100586,0.1921931803226471
11,183,23032,390,5,0.19308112561702728,0.047927603125572205,0.5723044872283936
12,205,2528,343,2,0.19428440928459167,0.03814752772450447,0.5030163526535034
13,226,41,508,3,0.19530454277992249,0.0420229397714138,0.48206254839897156
14,239,11170,690,2,0.196687713265419,0.04144120588898659,0.22142519056797028
15,252,4668,14,2,0.20239779353141785,0.05436034873127937,2.9411709308624268
16,291,6572,78,3,0.2008165419101715,0.0462784618139267,1.2652679681777954
17,323,1062,1103,2,0.19418807327747345,0.036682866513729095,-0.25446993112564087
18,335,4501,1458,3,0.19725897908210754,0.037945400923490524,-0.577755331993103
19,352,19666,4,2,0.19666694104671478,0.04059905558824539,2.433073043823242
20,367,21826,1003,3,0.19383852183818817,0.03419673815369606,-0.10816371440887451
21,396,22052,204,10,0.19635553658008575,0.045006994158029556,0.8109568953514099
22,407,22018,450,2,0.19290266931056976,0.038683921098709106,0.48770660161972046
23,420,23009,1343,2,0.19896875321865082,0.04111044853925705,-0.45023638010025024
24,427,21170,701,2,0.19728925824165344,0.048128917813301086,0.1760539412498474
25,442,7239,86,3,0.1948706954717636,0.04489685222506523,1.1801862716674805
26,444,21451,1,2,0.19397343695163727,0.043761566281318665,2.6777663230895996
27,452,2064,379,3,0.19463981688022614,0.03778357058763504,0.6087554693222046
28,453,19378,735,2,0.19325286149978638,0.040172867476940155,0.10238530486822128
29,464,4689,946,2,0.19324959814548492,0.035256266593933105,-0.09893354773521423
30,488,21586,128,3,0.19668954610824585,0.03428615629673004,0.9266452193260193
31,501,19594,6,3,0.1980510950088501,0.04785069450736046,2.6538257598876953
32,504,2461,1660,3,0.19588731229305267,0.04405301809310913,-0.8800597190856934
33,525,17654,1512,3,0.19669225811958313,0.036654211580753326,-0.6119320392608643
34,527,19870,1239,3,0.1949618011713028,0.04002741724252701,-0.3202053904533386
35,544,10495,522,2,0.19308675825595856,0.03885214030742645,0.31149613857269287
36,549,14862,33,1,0.1936478465795517,0.04200262948870659,1.1460367441177368
37,552,335,1081,2,0.1952647864818573,0.03419778496026993,-0.09499704837799072
38,554,30,1267,3,0.19370794296264648,0.03775564581155777,-0.31955915689468384
39,557,3111,336,5,0.19479943811893463,0.039495863020420074,0.5917196869850159
40,567,23026,638,7,0.19544026255607605,0.04495087265968323,0.2562400698661804
41,570,22330,71,8,0.19744622707366943,0.04607798904180527,1.4976365566253662
42,574,31,1107,2,0.19316230714321136,0.040582407265901566,-0.1520904004573822
43,575,32,1347,2,0.19655261933803558,0.04276851937174797,-0.34856560826301575
44,581,9265,139,2,0.19493095576763153,0.04575703293085098,1.0222251415252686
45,593,16348,306,7,0.19485680758953094,0.047056738287210464,0.8545652031898499
46,611,16050,1498,10,0.1987026482820511,0.04700656980276108,-0.7060108780860901
47,625,3518,1535,7,0.19547434151172638,0.04648090526461601,-0.7722669243812561
48,630,20548,265,2,0.19770613312721252,0.04095858335494995,0.7478047609329224
49,637,36,288,3,0.19744165241718292,0.04384033754467964,0.8014259338378906
50,650,19094,1322,1,0.19534245133399963,0.037337854504585266,-0.45260342955589294
51,664,10306,1,2,0.19823625683784485,0.041377484798431396,3.1848578453063965
52,665,16079,216,1,0.19915761053562164,0.03745362162590027,0.7509472370147705
53,669,3575,7,4,0.19514818489551544,0.0386788509786129,1.7929010391235352
54,749,22890,247,7,0.19448581337928772,0.040984269231557846,0.8131194114685059
55,778,6693,411,3,0.19452659785747528,0.03967466950416565,0.5319579243659973
56,839,15852,2,1,0.20061494410037994,0.04417185112833977,2.3783397674560547
57,852,18811,932,3,0.19709476828575134,0.04705999791622162,0.03729581832885742
58,855,3420,207,4,0.19523636996746063,0.03655388951301575,0.9157038927078247
59,857,2150,430,9,0.19746586680412292,0.03968166187405586,0.5294817686080933
60,867,21936,700,1,0.19535258412361145,0.04089484363794327,0.2995031774044037
61,899,15381,594,2,0.19672891497612,0.041262634098529816,0.28785890340805054
62,900,20703,562,3,0.19357794523239136,0.04205477237701416,0.3737308382987976
63,913,17450,793,2,0.19388777017593384,0.03886548429727554,0.13283026218414307
64,929,50,596,2,0.1955164223909378,0.041630033403635025,0.25297051668167114
65,943,9665,259,6,0.19475358724594116,0.04391299933195114,0.7011505365371704
66,947,22007,640,2,0.19713495671749115,0.0417376384139061,0.2919541895389557
67,948,21372,519,5,0.19430740177631378,0.04274959862232208,0.4196421504020691
68,963,18233,248,5,0.19382627308368683,0.03922788426280022,0.7285694479942322
69,980,21904,42,10,0.1984850913286209,0.04292414337396622,1.623490333557129
70,1021,20072,1407,2,0.19679579138755798,0.043081894516944885,-0.5682790279388428
71,1022,5390,778,8,0.19815538823604584,0.03679317235946655,0.15813827514648438
72,1042,16559,1561,2,0.19724813103675842,0.03796606883406639,-0.9141764044761658
73,1045,21489,206,3,0.19934791326522827,0.05065760761499405,0.8552489280700684
74,1084,7111,806,4,0.19461588561534882,0.04081941395998001,0.0210292749106884
75,1086,13086,675,3,0.19363322854042053,0.038275040686130524,0.1505116969347
76,1093,17474,1402,4,0.19654086232185364,0.043947312980890274,-0.5778321027755737
77,1099,4944,591,3,0.19645248353481293,0.03604930639266968,0.28953465819358826
78,1100,20057,243,2,0.20066358149051666,0.04715342074632645,0.8616942763328552
79,1101,12982,1246,10,0.2010975480079651,0.047981880605220795,-0.3543567657470703
80,1109,7276,1766,8,0.19684067368507385,0.047707729041576385,-2.049515724182129
81,1118,13004,509,2,0.19558937847614288,0.04102925956249237,0.37079721689224243
82,1132,7828,22,4,0.19428615272045135,0.045851729810237885,1.7282274961471558
83,1133,373,352,2,0.1980932056903839,0.04056593030691147,0.5908801555633545
84,1162,15423,928,2,0.19422902166843414,0.03478674590587616,-0.0932048037648201
85,1172,5521,644,3,0.19651666283607483,0.03811539709568024,0.13811159133911133
86,1177,13059,1098,6,0.19658683240413666,0.043490923941135406,-0.3169134557247162
87,1184,8459,25,7,0.1941709965467453,0.034393176436424255,1.8292709589004517
88,1185,21451,26,5,0.1956491768360138,0.0397050604224205,1.5052354335784912
89,1196,67,1611,2,0.19573770463466644,0.03619968146085739,-1.0060012340545654
90,1202,11276,637,2,0.19608856737613678,0.03885796293616295,0.18820607662200928
91,1211,3016,1647,3,0.195107102394104,0.04091816395521164,-0.7964929342269897
92,1217,22845,64,4,0.19454513490200043,0.04380691051483154,1.0119128227233887
93,1226,4083,1,7,0.1955948919057846,0.03903461992740631,3.509195566177368
94,1230,10413,138,4,0.19541819393634796,0.040901847183704376,1.0888562202453613
95,1279,23008,1146,10,0.1989135593175888,0.04488782957196236,-0.23720084130764008
96,1281,20992,835,1,0.1997341513633728,0.04614090919494629,0.06938691437244415
97,1284,9598,1,5,0.19328553974628448,0.04080856218934059,1.9234496355056763
98,1304,13392,112,3,0.19890600442886353,0.056634385138750076,1.1114543676376343
99,1307,21983,844,3,0.2025211602449417,0.051997777074575424,0.048381052911281586
100,1326,5814,566,2,0.19710026681423187,0.04441890865564346,0.35607731342315674
101,1337,3515,26,3,0.19460488855838776,0.03770511969923973,1.3809974193572998
102,1369,22007,924,10,0.19681450724601746,0.042465344071388245,0.05735484138131142
103,1372,20668,1159,5,0.19517630338668823,0.03401072695851326,-0.4069029688835144
104,1373,18656,159,8,0.19771109521389008,0.04281291365623474,0.8657636046409607
105,1380,270,1434,3,0.19557003676891327,0.038796812295913696,-0.5578227043151855
106,1418,11812,344,4,0.19776596128940582,0.04389539361000061,0.5775272250175476
107,1432,10011,1743,2,0.19674192368984222,0.04067467153072357,-1.7945349216461182
108,1437,17496,1212,3,0.19334626197814941,0.0389910563826561,-0.2733479142189026
109,1445,628,1414,3,0.19285057485103607,0.03587796539068222,-0.45294004678726196
110,1454,15337,809,2,0.20135867595672607,0.04506133496761322,0.05805756896734238
111,1476,11968,8,2,0.2020886242389679,0.057012952864170074,2.609168529510498
112,1481,19454,179,2,0.19792978465557098,0.04519123211503029,0.9696255326271057
113,1501,1510,660,2,0.19792775809764862,0.03921739384531975,0.18298818171024323
114,1517,2240,154,2,0.19508206844329834,0.03889000415802002,0.8478801250457764
115,1525,19093,1151,2,0.1983294039964676,0.039737291634082794,-0.2804909348487854
116,1574,5187,474,4,0.19670408964157104,0.05075918883085251,0.4378633499145508
117,1583,19186,4,2,0.19786080718040466,0.052813127636909485,3.3245017528533936
118,1601,16414,755,2,0.19523493945598602,0.04865138605237007,0.11592323333024979
119,1614,85,184,2,0.19670085608959198,0.03427480161190033,0.7968122363090515
120,1617,85,551,5,0.19389061629772186,0.03384271264076233,0.2956146001815796
121,1624,21350,80,10,0.19826368987560272,0.03462701663374901,1.3166015148162842
122,1626,8303,37,10,0.19660696387290955,0.04087412357330322,1.4825035333633423
123,1639,16850,1045,3,0.19665460288524628,0.034512441605329514,-0.21350491046905518
124,1648,2282,69,2,0.19421611726284027,0.044335007667541504,1.0976450443267822
125,1723,1862,1640,3,0.19291457533836365,0.03645535930991173,-0.9292325973510742
126,1743,23032,24,8,0.19824688136577606,0.05001017451286316,2.1554758548736572
127,1765,17957,356,4,0.19436383247375488,0.035888299345970154,0.699105978012085
128,1766,22217,1468,8,0.19803977012634277,0.045042455196380615,-0.5483684539794922
129,1798,21218,573,3,0.19539591670036316,0.04349925369024277,0.28319111466407776
130,1818,13145,1124,1,0.19657115638256073,0.03532266616821289,-0.2647857367992401
131,1826,19653,527,1,0.1993643194437027,0.04446598142385483,0.2961603105068207
132,1829,3843,79,3,0.19936110079288483,0.042884424328804016,1.1871209144592285
133,1830,23014,1,5,0.19197912514209747,0.03983842954039574,2.5509331226348877
134,1846,18838,207,1,0.19356557726860046,0.036336883902549744,0.7621232271194458
135,1860,13318,401,4,0.19841663539409637,0.041965141892433167,0.6343494653701782
136,1885,13115,419,3,0.19531401991844177,0.038593173027038574,0.5417118668556213
137,1890,9168,122,5,0.1929726004600525,0.04290547966957092,1.014932632446289
138,1929,5599,162,10,0.1973525732755661,0.03450241684913635,0.8399179577827454
139,1936,108,1410,3,0.19716611504554749,0.046748898923397064,-0.5006623864173889
140,1939,108,241,2,0.19709394872188568,0.043557584285736084,0.7298550009727478
141,1940,21981,1409,4,0.19482183456420898,0.04187707602977753,-0.5057170391082764
142,1951,20719,266,5,0.19311285018920898,0.04481691122055054,0.6812714338302612
143,2002,3811,819,2,0.1947375237941742,0.0393996424973011,0.04439985752105713
144,2017,7390,578,3,0.19458578526973724,0.0380086824297905,0.3574714660644531
145,2023,7583,145,1,0.19686464965343475,0.043799981474876404,1.0005748271942139
146,2028,712,251,8,0.1973462700843811,0.03461422026157379,0.7950154542922974
147,2049,18465,1353,3,0.19291013479232788,0.03874138742685318,-0.4238888919353485
148,2063,21703,215,4,0.19224423170089722,0.04305192455649376,0.8576544523239136
149,2092,16740,1464,2,0.19700488448143005,0.048694733530282974,-0.5533901453018188
150,2097,13065,665,4,0.19797934591770172,0.04739917069673538,0.15817628800868988
151,2099,4650,1556,2,0.19585992395877838,0.04041922837495804,-0.8332852721214294
152,2102,6517,1056,2,0.19309870898723602,0.03706730902194977,-0.0822860598564148
153,2146,20781,1032,2,0.19334523379802704,0.03785175085067749,-0.05220600217580795
154,2215,3079,354,2,0.1929008811712265,0.04038256034255028,0.6315568685531616
155,2227,11051,341,3,0.19266271591186523,0.03859053552150726,0.6645009517669678
156,2233,22792,831,2,0.19351504743099213,0.04042278230190277,-0.003751426935195923
157,2245,22478,1714,6,0.19413581490516663,0.03948160260915756,-1.4334958791732788
158,2247,22592,1076,2,0.195756196975708,0.04024917632341385,-0.22143781185150146
159,2252,4026,935,2,0.19932635128498077,0.045665934681892395,0.05047444999217987
160,2266,15149,833,2,0.19511911273002625,0.040644221007823944,-0.008991673588752747
161,2269,2719,1626,10,0.2008843570947647,0.03921237587928772,-1.0233879089355469
162,2291,9686,40,2,0.19678767025470734,0.04002257063984871,1.4976110458374023
163,2300,21919,1552,3,0.1938856542110443,0.0349285751581192,-0.6540789008140564
164,2305,22821,792,5,0.19384391605854034,0.04314281418919563,-0.018858619034290314
165,2318,20407,38,2,0.19396938383579254,0.04039737209677696,1.3277366161346436
166,2336,124,1478,2,0.19626471400260925,0.044709593057632446,-0.6670235395431519
167,2346,461,565,2,0.1985768973827362,0.03216063976287842,0.2655084431171417
168,2348,14020,1641,2,0.19449849426746368,0.044471144676208496,-0.7367909550666809
169,2364,128,1343,2,0.19680070877075195,0.0504995658993721,-0.4949153661727905
170,2367,6058,1403,5,0.19148537516593933,0.039038874208927155,-0.4522685408592224
171,2387,21399,1411,2,0.19254975020885468,0.03841560333967209,-0.5164088606834412
172,2423,134,1646,1,0.19415102899074554,0.03459718078374863,-1.011362075805664
173,2449,741,586,3,0.19327595829963684,0.04039207845926285,0.3489452004432678
174,2478,16064,247,2,0.194676011800766,0.03987191617488861,0.6832011938095093
175,2488,11596,1647,2,0.19372203946113586,0.031481459736824036,-0.8730195164680481
176,2494,21406,1133,3,0.19526678323745728,0.042833615094423294,-0.3674791753292084
177,2496,143,13,3,0.19421863555908203,0.03840778023004532,1.6348048448562622
178,2526,17229,6,4,0.1935926079750061,0.0369865708053112,2.3291890621185303
179,2554,23007,232,4,0.19735170900821686,0.044204093515872955,0.8276265859603882
180,2584,22956,28,2,0.19479264318943024,0.03959585726261139,1.7851914167404175
181,2586,19865,970,4,0.19393329322338104,0.043677397072315216,-0.09686806052923203
182,2591,21520,30,1,0.19651876389980316,0.03990805894136429,1.6555814743041992
183,2599,19333,327,3,0.1927052140235901,0.03796639293432236,0.6023588180541992
184,2613,20525,476,5,0.19193772971630096,0.04029040411114693,0.4038991928100586
185,2619,153,1748,3,0.1927701085805893,0.035118624567985535,-1.5233006477355957
186,2639,22995,1382,3,0.19602447748184204,0.04172923415899277,-0.4259711503982544
187,2651,295,1303,4,0.19543246924877167,0.037945739924907684,-0.4336671233177185
188,2670,17953,1408,3,0.19761401414871216,0.03511359542608261,-0.6047868728637695
189,2673,15308,357,4,0.19456036388874054,0.0402010977268219,0.6377357840538025
190,2680,20055,421,2,0.19460928440093994,0.04015881568193436,0.4312107563018799
191,2701,6217,1638,2,0.19937707483768463,0.04874839633703232,-1.1601823568344116
192,2708,13558,1164,4,0.19682317972183228,0.03518529608845711,-0.23632964491844177
193,2712,13216,427,2,0.1930481344461441,0.03923527151346207,0.46267935633659363
194,2760,14821,1033,8,0.19667188823223114,0.04027275741100311,-0.19547629356384277
195,2765,20927,1097,5,0.19438618421554565,0.04213513433933258,-0.10091433674097061
196,2780,17472,1662,2,0.20038451254367828,0.04700136184692383,-1.0538358688354492
197,2792,696,1493,2,0.1994234025478363,0.04458116367459297,-0.5627542734146118
198,2802,20054,1147,3,0.19433479011058807,0.04320960491895676,-0.23639321327209473
199,2812,18065,34,5,0.19319480657577515,0.037228409200906754,1.272293210029602
200,2825,14965,1692,8,0.19756492972373962,0.041789501905441284,-1.234662652015686
201,2847,20872,1023,2,0.19410888850688934,0.035506851971149445,-0.05777750909328461
202,2854,17132,802,9,0.19566255807876587,0.03923344612121582,0.24062928557395935
203,2884,8264,1571,6,0.19471757113933563,0.03326435759663582,-0.9065479636192322
204,2909,14572,15,3,0.1962583214044571,0.048616472631692886,1.9053215980529785
205,2913,21384,62,3,0.1955031454563141,0.04616124555468559,1.3092879056930542
206,2914,20848,197,2,0.19694800674915314,0.04220724105834961,0.8205648064613342
207,2931,23014,380,4,0.19639116525650024,0.035536739975214005,0.5587501525878906
208,2939,21319,7,8,0.19700360298156738,0.04219496250152588,2.6020214557647705
209,2949,22802,181,2,0.20311695337295532,0.04950881376862526,0.896842360496521
210,2952,626,1,5,0.19249066710472107,0.03873852640390396,2.2344765663146973
211,2964,21758,799,2,0.19706378877162933,0.035005372017621994,0.13323090970516205
212,2990,712,1104,10,0.19991686940193176,0.03254085034132004,-0.3009909391403198
213,3069,1898,1538,2,0.2029886394739151,0.03406694531440735,-0.8528820276260376
214,3088,180,1204,4,0.19252334535121918,0.03562512993812561,-0.3139607012271881
215,3099,21101,1003,2,0.1967010647058487,0.03681526333093643,0.009855583310127258
216,3103,5796,47,2,0.19695818424224854,0.04730384796857834,1.5256264209747314
217,3147,21115,103,3,0.1932314932346344,0.04028807580471039,0.9007138013839722
218,3164,20069,852,2,0.19717943668365479,0.04454835131764412,0.0678388774394989
219,3173,4423,940,5,0.192919060587883,0.0419282540678978,-0.025073960423469543
220,3183,20635,309,3,0.19497278332710266,0.037321679294109344,0.6598451137542725
221,3200,14473,521,3,0.1956256479024887,0.03540012240409851,0.35175228118896484
222,3224,6171,3,2,0.19630536437034607,0.052608951926231384,4.976158142089844
223,3230,4205,3,2,0.1956462562084198,0.045820243656635284,2.865556001663208
224,3250,1145,1,2,0.1994020789861679,0.04817274212837219,3.0861856937408447
225,3274,7367,53,5,0.19451981782913208,0.04800247400999069,1.509385585784912
226,3287,21297,1251,2,0.20296180248260498,0.05185411870479584,-0.3743470311164856
227,3289,22998,611,6,0.19319219887256622,0.03884539008140564,0.20373548567295074
228,3305,4581,102,2,0.1973932981491089,0.05482414737343788,1.5083308219909668
229,3370,3382,39,2,0.1958594173192978,0.0404813326895237,1.4124150276184082
230,3394,22217,1237,3,0.19337227940559387,0.04499676823616028,-0.34301862120628357
231,3413,8526,1210,3,0.19595393538475037,0.035118650645017624,-0.39988625049591064
232,3436,20596,1312,2,0.195943683385849,0.04134555533528328,-0.39145153760910034
233,3438,13856,988,3,0.19377873837947845,0.034724559634923935,-0.151750385761261
234,3453,21768,751,2,0.19891610741615295,0.039932798594236374,0.12666022777557373
235,3459,4431,464,4,0.19433799386024475,0.037808775901794434,0.38150858879089355
236,3464,6797,972,2,0.1957484632730484,0.045775845646858215,-0.12396043539047241
237,3472,7196,49,4,0.19567862153053284,0.04358331114053726,1.3316913843154907
238,3473,20837,398,2,0.19726386666297913,0.04061177372932434,0.4755578637123108
239,3486,2466,1151,2,0.19524966180324554,0.039614468812942505,-0.2471931278705597
240,3489,11179,449,3,0.19397370517253876,0.039775364100933075,0.4819278120994568
241,3496,201,385,5,0.19467012584209442,0.03871616721153259,0.5352010726928711
242,3498,17014,1327,2,0.1977849155664444,0.04383476823568344,-0.48600924015045166
243,3503,17476,1503,3,0.19261431694030762,0.03448435664176941,-0.5865921974182129
244,3506,14490,182,3,0.19589760899543762,0.04281177371740341,0.8821470737457275
245,3507,21391,1314,10,0.19713297486305237,0.043573033064603806,-0.37711602449417114
246,3556,5459,38,1,0.19838015735149384,0.04749850928783417,1.337930679321289
247,3569,203,1269,6,0.19606508314609528,0.03259387984871864,-0.4771982729434967
248,3576,953,117,3,0.19837705790996552,0.04865455999970436,1.2751495838165283
249,3597,4066,509,2,0.1973126381635666,0.045054685324430466,0.37697821855545044
250,3614,20924,4,2,0.20417220890522003,0.05311496555805206,2.06673264503479
251,3661,22590,238,4,0.1942860633134842,0.04032720625400543,0.8533316254615784
252,3664,10666,1387,2,0.19618366658687592,0.044032350182533264,-0.43345633149147034
253,3666,22821,107,2,0.19789397716522217,0.05091940984129906,1.0900691747665405
254,3680,213,1504,2,0.196003720164299,0.0408971905708313,-0.7768046259880066
255,3696,6927,932,2,0.19209237396717072,0.03473181277513504,-0.023383745923638344
256,3712,21442,211,4,0.19545091688632965,0.04491918906569481,0.7429772615432739
257,3751,20283,104,3,0.1971907615661621,0.048335593193769455,1.1513546705245972
258,3752,1660,98,10,0.19735608994960785,0.04699835181236267,1.0654053688049316
259,3758,4408,1662,4,0.1971375048160553,0.0463668555021286,-0.9993375539779663
260,3785,4593,89,4,0.19235914945602417,0.04012615978717804,1.1163698434829712
261,3803,11897,1,3,0.1984056830406189,0.05526351556181908,4.705276966094971
262,3812,20298,154,10,0.19915655255317688,0.03885817900300026,0.9337191581726074
263,3817,16990,6,2,0.1926325410604477,0.03952153027057648,2.0199649333953857
264,3836,3466,1276,2,0.19870124757289886,0.047491200268268585,-0.4871469736099243
265,3838,8505,911,3,0.20220841467380524,0.0365922674536705,-0.0506749302148819
266,3870,6110,1581,2,0.19381298124790192,0.04017674922943115,-0.7237314581871033
267,3877,226,1165,2,0.19710344076156616,0.04915326088666916,-0.22233322262763977
268,3890,21147,43,6,0.1937049925327301,0.05192993953824043,1.8859641551971436
269,3899,8178,1027,2,0.1963767111301422,0.04483090713620186,-0.17492735385894775
270,3906,3144,1705,3,0.19357481598854065,0.03743473440408707,-1.258297324180603
271,3908,15848,353,10,0.19716641306877136,0.037770360708236694,0.6150989532470703
272,3919,12220,375,2,0.20090487599372864,0.0453462190926075,0.6153092980384827
273,3921,6764,134,2,0.19770075380802155,0.04823387414216995,1.084145426750183
274,3930,21884,175,2,0.19731828570365906,0.04964515566825867,0.9820734858512878
275,3934,234,731,3,0.19670140743255615,0.04533085972070694,0.11032439023256302
276,3982,3998,579,1,0.19493015110492706,0.03634833171963692,0.24290277063846588
277,3993,4446,1721,3,0.1965773105621338,0.046858031302690506,-1.3444139957427979
278,3998,7799,1172,4,0.19374239444732666,0.040080852806568146,-0.3572397828102112
279,4023,9027,1696,5,0.19564582407474518,0.03603865206241608,-1.1803325414657593
280,4067,7003,1762,4,0.19871966540813446,0.056680768728256226,-2.0874853134155273
281,4069,6685,22,8,0.1975833624601364,0.047546885907649994,2.5983119010925293
282,4071,1333,303,3,0.199980229139328,0.04449772834777832,0.6515342593193054
283,4094,4683,772,3,0.19771522283554077,0.04473245516419411,0.0744248554110527
284,4120,23012,633,3,0.20098651945590973,0.048290103673934937,0.18689057230949402
285,4149,763,562,7,0.19501188397407532,0.04410697519779205,0.2598010003566742
286,4206,4768,51,3,0.1942131221294403,0.04044603556394577,1.1995697021484375
287,4209,6059,172,3,0.1979072391986847,0.05409406125545502,1.0917255878448486
288,4233,8048,35,2,0.1960870921611786,0.04831492900848389,2.0607662200927734
289,4241,22956,309,10,0.19602160155773163,0.04017385467886925,0.6721663475036621
290,4262,15633,97,2,0.1979689747095108,0.04463138058781624,1.092988133430481
291,4267,16835,1233,10,0.19877372682094574,0.03713809698820114,-0.30616262555122375
292,4300,13718,506,2,0.2013663351535797,0.04631858319044113,0.39665845036506653
293,4319,4539,47,6,0.19509314000606537,0.03705884516239166,1.2841579914093018
294,4357,23030,1626,7,0.19470630586147308,0.04443742334842682,-0.990605354309082
295,4444,3931,293,2,0.19479016959667206,0.039786532521247864,0.7909819483757019
296,4456,20989,747,2,0.19674557447433472,0.0434342622756958,0.17288488149642944
297,4477,2357,129,3,0.19257834553718567,0.03884054720401764,0.9879652261734009
298,4481,12440,1,3,0.1935623437166214,0.04326555132865906,2.913905143737793
299,4504,16633,129,2,0.19211289286613464,0.03893550857901573,0.9178879261016846
300,4507,5202,972,3,0.199652299284935,0.032088637351989746,-0.001874241977930069
301,4517,14699,1500,2,0.1944667100906372,0.0385189913213253,-0.5874287486076355
302,4547,22252,1688,4,0.19976377487182617,0.045528873801231384,-1.294238805770874
303,4596,6565,1426,2,0.1952023208141327,0.04093974083662033,-0.578643798828125
304,4600,20077,536,2,0.20073656737804413,0.04586765915155411,0.40150186419487
305,4610,19155,747,2,0.19377796351909637,0.034330181777477264,0.11870701611042023
306,4613,10817,730,2,0.19532786309719086,0.03354152292013168,0.1114758551120758
307,4621,268,24,2,0.1979595571756363,0.04407178610563278,1.8972303867340088
308,4657,11134,1687,10,0.19928735494613647,0.041378993541002274,-1.0506588220596313
309,4676,12048,732,3,0.19324246048927307,0.0369466096162796,0.2801784873008728
310,4715,17142,133,2,0.19724003970623016,0.04240574315190315,1.0526765584945679
311,4736,12607,101,2,0.19947485625743866,0.04967527464032173,1.145518183708191
312,4744,19352,1055,2,0.1974441409111023,0.03608308732509613,-0.19057872891426086
313,4748,284,722,2,0.1920781433582306,0.036933787167072296,0.08281771838665009
314,4767,17085,351,3,0.19786541163921356,0.049815595149993896,0.5686131715774536
315,4823,11171,1,2,0.19930894672870636,0.05058181658387184,4.962270736694336
316,4835,1504,1,3,0.19477692246437073,0.04356110095977783,2.7242188453674316
317,4839,11420,1530,2,0.20083612203598022,0.04386811703443527,-0.8703399300575256
318,4849,21342,252,2,0.19855690002441406,0.039057184010744095,0.819983959197998
319,4851,22952,2,2,0.19747285544872284,0.047200657427310944,2.128363609313965
320,4860,16808,578,5,0.19557838141918182,0.0506565161049366,0.340146005153656
321,4868,20919,83,2,0.19249679148197174,0.041029054671525955,1.1814182996749878
322,4876,570,1606,1,0.19686464965343475,0.04047742858529091,-0.8984450697898865
323,4879,19687,280,1,0.20096725225448608,0.048001982271671295,0.7272985577583313
324,4880,297,907,3,0.19492149353027344,0.04069254547357559,-0.16505320370197296
325,4930,20891,714,4,0.19790329039096832,0.04542699456214905,0.22571241855621338
326,4952,305,95,2,0.19645307958126068,0.04466419294476509,1.252824306488037
327,4956,22425,163,3,0.19578860700130463,0.04905535280704498,0.9509603977203369
328,4965,15856,1169,2,0.19326990842819214,0.038113147020339966,-0.36137938499450684
329,4972,12212,331,2,0.19816742837429047,0.04528242349624634,0.6130638122558594
330,4987,23014,192,6,0.19481372833251953,0.04097353667020798,0.8756279945373535
331,4990,4491,257,2,0.19667889177799225,0.04706321656703949,0.834547758102417
332,5011,1040,2,4,0.19831356406211853,0.03748583048582077,3.240777015686035
333,5022,16616,1361,1,0.1967112123966217,0.03329699486494064,-0.4163556694984436
334,5037,22686,1379,1,0.19697564840316772,0.04323125630617142,-0.38158825039863586
335,5041,18786,2,2,0.2000398337841034,0.050771914422512054,2.7406747341156006
336,5048,5287,94,2,0.19772869348526,0.041549474000930786,1.173668622970581
337,5058,23029,217,5,0.19242732226848602,0.041500963270664215,0.8446149230003357
338,5090,314,1084,2,0.1949356347322464,0.04068143665790558,-0.15662062168121338
339,5094,5262,706,2,0.19609451293945312,0.043975479900836945,0.1380007266998291
340,5107,16607,354,2,0.19635991752147675,0.04273312911391258,0.6092856526374817
341,5125,2953,1223,2,0.19740526378154755,0.04646050184965134,-0.40638893842697144
342,5166,2022,24,5,0.19467666745185852,0.045467548072338104,1.3712927103042603
343,5171,4539,155,4,0.19789570569992065,0.035896554589271545,1.2226462364196777
344,5172,10659,1415,1,0.19763422012329102,0.03497311845421791,-0.4995281398296356
345,5180,12734,251,3,0.19562771916389465,0.0374443456530571,0.7482054233551025
346,5195,16859,138,4,0.19323013722896576,0.04238998144865036,1.0349209308624268
347,5269,14214,1262,3,0.2003473937511444,0.0335661843419075,-0.38242092728614807
348,5270,23032,547,2,0.19265098869800568,0.041438475251197815,0.2618459463119507
349,5273,3929,1416,7,0.19613607227802277,0.045337118208408356,-0.5681084394454956
350,5288,4533,143,4,0.19280657172203064,0.037855878472328186,1.0397526025772095
351,5289,9866,454,2,0.19300734996795654,0.03661684691905975,0.3993385434150696
352,5298,21263,508,2,0.19390498101711273,0.03453461825847626,0.26035070419311523
353,5306,11733,396,6,0.19370277225971222,0.03743033856153488,0.4815855920314789
354,5335,15193,1066,3,0.20194780826568604,0.047040581703186035,-0.24333158135414124
355,5341,18920,131,2,0.1988149881362915,0.04643169790506363,1.0840855836868286
356,5347,22908,1349,3,0.1927361637353897,0.03576488047838211,-0.4305379092693329
357,5348,17019,1274,5,0.19641852378845215,0.04545252025127411,-0.4535254240036011
358,5391,2046,1550,3,0.19244760274887085,0.036146026104688644,-0.7280195355415344
359,5429,18642,607,1,0.1970367282629013,0.036469679325819016,0.2810637354850769
360,5431,21415,10,2,0.19591450691223145,0.04675612226128578,1.9253276586532593
361,5433,21350,316,3,0.1936873346567154,0.0359293669462204,0.5003200173377991
362,5447,21121,412,4,0.19756533205509186,0.04405636340379715,0.5159135460853577
363,5453,21942,17,10,0.19694900512695312,0.03545975685119629,1.7936644554138184
364,5488,349,846,2,0.19437572360038757,0.04019571840763092,-0.04953537881374359
365,5496,5485,1290,3,0.19697503745555878,0.03406331688165665,-0.4373099207878113
366,5501,22928,1350,2,0.1965620517730713,0.03571918234229088,-0.4422512948513031
367,5533,23029,147,4,0.19835244119167328,0.04755553603172302,1.0325323343276978
368,5558,357,352,2,0.1994772106409073,0.043900344520807266,0.6652507781982422
369,5563,23003,899,2,0.1973295956850052,0.041680604219436646,-0.060482196509838104
370,5569,359,936,2,0.19719921052455902,0.033422358334064484,-0.04715907946228981
371,5572,831,22,2,0.19619399309158325,0.041806723922491074,1.654268741607666
372,5587,7310,272,2,0.1945493072271347,0.04293828830122948,0.6651979088783264
373,5591,12831,450,2,0.19270732998847961,0.03672664612531662,0.39295506477355957
374,5632,1570,1601,2,0.19300980865955353,0.03641858324408531,-0.9080916047096252
375,5636,11158,1183,2,0.2008805274963379,0.04606950283050537,-0.260770320892334
376,5638,15975,638,4,0.19569264352321625,0.04189954325556755,0.2992057204246521
377,5644,3381,497,3,0.19511663913726807,0.042653754353523254,0.4212292432785034
378,5659,4885,829,3,0.19811005890369415,0.04473606497049332,0.1366681009531021
379,5680,5491,1,7,0.19508515298366547,0.04058101028203964,2.921431064605713
380,5682,11701,183,3,0.19423046708106995,0.04360231012105942,0.9063674211502075
381,5690,23023,6,2,0.1926935911178589,0.03990941867232323,2.052490234375
382,5691,367,5,2,0.19824326038360596,0.04920107498764992,3.836029529571533
383,5694,11047,1088,2,0.19387024641036987,0.037401486188173294,-0.0991988405585289
384,5725,826,173,5,0.19416484236717224,0.0450010672211647,0.998526930809021
385,5751,17113,1729,4,0.19356034696102142,0.041612494736909866,-1.443166732788086
386,5770,17519,1110,6,0.19389894604682922,0.04712606966495514,-0.2209048867225647
387,5773,373,1180,3,0.19362832605838776,0.037131987512111664,-0.21870824694633484
388,5804,19030,96,2,0.2002783566713333,0.04591784626245499,1.2929199934005737
389,5820,15861,642,2,0.19510158896446228,0.04151234030723572,0.21701648831367493
390,5831,4767,960,3,0.19316333532333374,0.034736521542072296,-0.1466415971517563
391,5843,3163,810,2,0.19570858776569366,0.04834333807229996,0.055344343185424805
392,5871,22809,4,5,0.1964641809463501,0.05913996696472168,3.8219916820526123
393,5879,10160,898,2,0.19478023052215576,0.03563079237937927,0.039136484265327454
394,5892,19034,208,3,0.1930263787508011,0.03865590691566467,0.7664992809295654
395,5957,2003,219,2,0.20162363350391388,0.04588449001312256,0.8625543117523193
396,5973,16592,376,2,0.19415973126888275,0.041588976979255676,0.5343510508537292
397,6000,1247,307,2,0.19654704630374908,0.04701552167534828,0.6762902736663818
398,6033,14418,1,3,0.2002904862165451,0.04965174198150635,2.744083881378174
399,6068,456,1684,3,0.1974080353975296,0.041584357619285583,-1.3267735242843628
400,6096,22704,914,2,0.1958320438861847,0.04365406557917595,-0.021479904651641846
401,6100,23014,113,4,0.1932568997144699,0.037994418293237686,1.2042038440704346
402,6171,19227,610,2,0.19378051161766052,0.0384715273976326,0.14334051311016083
403,6177,396,2,2,0.1936246007680893,0.04408728703856468,1.6039198637008667
404,6196,22533,1271,2,0.20092017948627472,0.05090811103582382,-0.3091915249824524
405,6252,21452,547,7,0.19387632608413696,0.03733320161700249,0.3265240788459778
406,6259,5815,1694,1,0.19900961220264435,0.04134251922369003,-1.306450605392456
407,6280,8586,346,4,0.19918110966682434,0.05070117488503456,0.6294594407081604
408,6283,21396,199,2,0.1982567310333252,0.04454986751079559,1.0039838552474976
409,6284,22217,90,5,0.19559822976589203,0.055959854274988174,1.2798317670822144
410,6289,2370,359,2,0.19711454212665558,0.04850755259394646,0.6179240942001343
411,6312,11927,1325,2,0.19394074380397797,0.039396870881319046,-0.37664589285850525
412,6314,22299,510,2,0.19491679966449738,0.043965816497802734,0.356981098651886
413,6360,20273,52,5,0.19384519755840302,0.047597989439964294,1.8799031972885132
414,6369,1274,1387,9,0.19674678146839142,0.03503965586423874,-0.48263514041900635
415,6404,5377,262,2,0.19802716374397278,0.041826725006103516,0.70537269115448
416,6405,6219,1639,6,0.1943800300359726,0.042619265615940094,-0.9180659651756287
417,6407,3151,462,2,0.20152999460697174,0.05016542226076126,0.424601674079895
418,6440,4196,84,2,0.20091722905635834,0.056351400911808014,1.4900617599487305
419,6494,21436,593,2,0.20254512131214142,0.0415656678378582,0.33307844400405884
420,6509,14084,583,5,0.195118248462677,0.044535860419273376,0.3338657021522522
421,6539,16804,960,3,0.19776573777198792,0.034980226308107376,-0.09035173803567886
422,6554,8775,835,2,0.19304929673671722,0.03798409178853035,0.0752914696931839
423,6595,21277,303,2,0.19639424979686737,0.04401495307683945,0.632056474685669
424,6596,22347,678,5,0.1941215544939041,0.03483286499977112,0.2399212121963501
425,6619,22961,116,2,0.19752226769924164,0.04231077432632446,1.046191692352295
426,6623,22657,419,2,0.19841285049915314,0.04651930555701256,0.52007657289505
427,6631,1408,1746,3,0.1956028789281845,0.04451341927051544,-1.516875982284546
428,6666,21757,1244,3,0.1951703578233719,0.03502710163593292,-0.4132164716720581
429,6669,4536,108,2,0.19518603384494781,0.047611311078071594,1.232347846031189
430,6686,23031,433,4,0.19514013826847076,0.04411251097917557,0.5624940991401672
431,6696,18186,1076,2,0.19571292400360107,0.044043175876140594,-0.10584908723831177
432,6697,21691,1150,4,0.1994331330060959,0.034918420016765594,-0.21919578313827515
433,6706,670,866,2,0.19627399742603302,0.03535880893468857,0.024518311023712158
434,6717,4566,522,7,0.19523555040359497,0.04134485870599747,0.4370272159576416
435,6729,21141,699,4,0.19334354996681213,0.037360239773988724,0.03802414983510971
436,6730,22000,241,2,0.19422896206378937,0.03775954246520996,0.7897428274154663
437,6739,22987,613,8,0.19530725479125977,0.041683442890644073,0.2633991837501526
438,6742,966,101,2,0.1933508664369583,0.04065113887190819,0.956739068031311
439,6750,451,108,2,0.19674961268901825,0.04327672719955444,1.1191314458847046
440,6760,12823,103,3,0.1922394186258316,0.041488923132419586,1.261859655380249
441,6762,15814,763,5,0.19229114055633545,0.04088906943798065,0.16004957258701324
442,6766,4196,1042,3,0.20025484263896942,0.055471859872341156,-0.047474101185798645
443,6768,16613,675,2,0.1964799016714096,0.04634280502796173,0.26088476181030273
444,6770,22970,812,3,0.1964634507894516,0.03992123901844025,0.05743006616830826
445,6787,21758,228,5,0.19237390160560608,0.03687046468257904,0.7334034442901611
446,6804,21003,1,2,0.19325226545333862,0.03854943811893463,2.8483738899230957
447,6820,458,1397,3,0.19472350180149078,0.03797173872590065,-0.5341777205467224
448,6838,22928,1484,6,0.1933329701423645,0.03558142110705376,-0.6214599013328552
449,6859,9462,92,2,0.19221918284893036,0.04304942488670349,1.5216009616851807
450,6874,18842,290,5,0.192719504237175,0.0438091978430748,0.6007950305938721
451,6878,1894,867,4,0.19901283085346222,0.045909300446510315,0.014427095651626587
452,6946,861,1106,4,0.19449341297149658,0.036268748342990875,-0.23250900208950043
453,6951,22861,310,2,0.19398273527622223,0.036048710346221924,0.7372353076934814
454,6967,20687,1765,2,0.20161426067352295,0.042467352002859116,-2.275689125061035
455,6979,8252,423,5,0.19535395503044128,0.04739844799041748,0.5500296950340271
456,6990,23020,1570,3,0.19886887073516846,0.043282099068164825,-0.889376699924469
457,7025,14372,1375,4,0.19982732832431793,0.061268098652362823,-0.5034721493721008
458,7042,23027,1644,4,0.19975347816944122,0.05447808653116226,-1.1800026893615723
459,7043,22961,972,2,0.19873958826065063,0.039708420634269714,-0.016961952671408653
460,7047,2760,1324,3,0.19798316061496735,0.047895126044750214,-0.492092102766037
461,7062,3315,102,3,0.20011259615421295,0.05184098705649376,1.159070372581482
462,7064,14238,1210,2,0.1970835030078888,0.03982796147465706,-0.33830681443214417
463,7092,13580,7,5,0.1949814409017563,0.04865110665559769,2.3481035232543945
464,7093,3163,1515,2,0.19493137300014496,0.04387596994638443,-0.8260599374771118
465,7094,483,1223,2,0.1948932558298111,0.042177289724349976,-0.2609992027282715
466,7095,4507,1,3,0.19355875253677368,0.04020754620432854,2.42582368850708
467,7109,22682,163,8,0.1964922398328781,0.035249002277851105,0.9082306027412415
468,7110,21344,1373,2,0.20083199441432953,0.03781690075993538,-0.49331432580947876
469,7120,22892,1464,7,0.19471928477287292,0.04803888499736786,-0.6362125277519226
470,7139,486,628,2,0.19476580619812012,0.040575847029685974,0.3603358864784241
471,7150,20658,503,2,0.2011764645576477,0.044842854142189026,0.4395068287849426
472,7151,9694,31,2,0.1990087628364563,0.0458371639251709,1.3891348838806152
473,7153,21966,987,3,0.20028145611286163,0.04248517379164696,-0.07765555381774902
474,7166,17941,69,2,0.19662223756313324,0.03779027238488197,1.0952179431915283
475,7173,17099,344,4,0.19451475143432617,0.037681251764297485,0.7841637134552002
476,7176,5108,1660,2,0.1990603506565094,0.04764162749052048,-1.044255256652832
477,7185,16344,222,9,0.19604681432247162,0.03830253332853317,0.8393036127090454
478,7187,22961,1417,3,0.1994933933019638,0.0423804372549057,-0.6084086894989014
479,7192,23025,1501,4,0.19467131793498993,0.04398550093173981,-0.6661197543144226
480,7214,622,447,3,0.1996239870786667,0.061097390949726105,0.4730369448661804
481,7250,22442,1615,2,0.19735898077487946,0.04286278039216995,-0.9243530035018921
482,7260,22975,61,3,0.19725625216960907,0.04640311747789383,1.2381329536437988
483,7261,10331,588,2,0.19808611273765564,0.034815914928913116,0.30620279908180237
484,7262,17216,501,2,0.19447141885757446,0.036937810480594635,0.411711722612381
485,7263,19389,211,8,0.19689145684242249,0.03855935484170914,0.7479156255722046
486,7264,497,1215,2,0.19342952966690063,0.03462066128849983,-0.2904272675514221
487,7271,17645,833,5,0.1928350329399109,0.03863062709569931,0.06560127437114716
488,7276,4557,1082,3,0.19280081987380981,0.04235103726387024,-0.138459712266922
489,7303,22984,492,4,0.1953478902578354,0.04620829224586487,0.3609226942062378
490,7309,22112,124,3,0.1955021172761917,0.0424206480383873,1.0408602952957153
491,7311,13257,1609,3,0.196207195520401,0.048758648335933685,-0.948334813117981
492,7312,12174,376,2,0.19499929249286652,0.037266407161951065,0.5476233959197998
493,7313,501,1227,2,0.19413813948631287,0.043984513729810715,-0.23313137888908386
494,7318,21593,1209,4,0.19266961514949799,0.04011058062314987,-0.24320444464683533
495,7352,5297,786,3,0.19663745164871216,0.04015694558620453,0.11534515023231506
496,7356,7203,1758,4,0.19426804780960083,0.04542594403028488,-1.8292579650878906
497,7364,18630,491,2,0.19449496269226074,0.039686694741249084,0.46029993891716003
498,7432,20547,945,6,0.19416004419326782,0.03944242745637894,-0.071933314204216
499,7453,18770,463,2,0.19673743844032288,0.04607343673706055,0.4304920434951782
500,7517,15006,1,2,0.1935010850429535,0.04483036696910858,1.399867057800293
501,7524,19608,312,2,0.19350793957710266,0.039251908659935,0.5997246503829956
502,7541,5986,1417,2,0.19827429950237274,0.034280262887477875,-0.6062268018722534
503,7557,22237,903,3,0.1934787482023239,0.041922710835933685,0.03609929978847504
504,7576,21893,1483,3,0.19545289874076843,0.03912963345646858,-0.7027522325515747
505,7601,19460,1160,2,0.19781352579593658,0.03419211506843567,-0.2160843461751938
506,7609,20393,819,2,0.19368724524974823,0.04068513959646225,0.150077223777771
507,7628,6261,273,3,0.19553273916244507,0.04259072616696358,0.6724541187286377
508,7638,22925,598,3,0.19416210055351257,0.041980862617492676,0.23915953934192657
509,7651,20792,482,3,0.19704559445381165,0.041485004127025604,0.4842797815799713
510,7657,13314,943,3,0.1976696103811264,0.04221585392951965,-0.028469890356063843
511,7673,525,1652,2,0.1939319521188736,0.03721679747104645,-0.9796003103256226
512,7681,11990,1311,2,0.19653691351413727,0.04066059738397598,-0.4355100393295288
513,7682,10884,761,3,0.19518576562404633,0.04300738126039505,0.12555216252803802
514,7701,4599,16,2,0.1949588656425476,0.04006562381982803,1.739558219909668
515,7702,19110,20,10,0.19688545167446136,0.03770903870463371,1.6317713260650635
516,7707,17029,1006,3,0.19840170443058014,0.03497743606567383,-0.10831435024738312
517,7717,531,69,3,0.19459965825080872,0.040751442313194275,1.126670002937317
518,7719,9220,1604,5,0.19196471571922302,0.03699571639299393,-0.7665206789970398
519,7765,536,25,5,0.19438520073890686,0.0433899462223053,1.4809327125549316
520,7813,13800,510,2,0.19834809005260468,0.045623987913131714,0.40953385829925537
521,7816,922,4,1,0.19927987456321716,0.04900098592042923,2.884857416152954
522,7850,2246,152,3,0.19856232404708862,0.04259582236409187,1.0407136678695679
523,7883,22996,443,2,0.19885461032390594,0.04651094973087311,0.5220488905906677
524,7892,18744,81,4,0.200694739818573,0.0497627891600132,1.2013840675354004
525,7895,20027,452,3,0.19522757828235626,0.04988933727145195,0.3882124423980713
526,7916,6451,314,4,0.1956176459789276,0.047105878591537476,0.6603550314903259
527,7920,554,1227,2,0.19450031220912933,0.04005591571331024,-0.2451951801776886
528,7928,3719,754,1,0.19508473575115204,0.03377040475606918,0.09352071583271027
529,7932,20472,1257,3,0.19429463148117065,0.04234602302312851,-0.3310832977294922
530,7960,21356,634,2,0.1991005837917328,0.04708879441022873,0.33631935715675354
531,7984,563,1389,2,0.19590139389038086,0.04435422271490097,-0.5576313734054565
532,7999,22938,882,2,0.19583022594451904,0.041662875562906265,0.05460004508495331
533,8025,23012,828,2,0.19839642941951752,0.04364810883998871,-0.07269034534692764
534,8032,8090,16,2,0.19768331944942474,0.050683341920375824,2.221108913421631
535,8070,11984,1535,2,0.1990942358970642,0.04426238685846329,-0.8454059362411499
536,8075,20472,785,2,0.1971699595451355,0.04562670364975929,0.10279375314712524
537,8092,22911,1419,1,0.20324139297008514,0.04561861231923103,-0.67133629322052
538,8101,20768,7,2,0.19581355154514313,0.044546037912368774,2.0490965843200684
539,8111,20848,166,3,0.1952393352985382,0.042067937552928925,1.0275367498397827
540,8118,14054,459,3,0.19519013166427612,0.041681721806526184,0.2755458950996399
541,8120,22645,939,3,0.19779300689697266,0.04927723854780197,-0.0890316516160965
542,8132,2283,1622,6,0.19495344161987305,0.0457165390253067,-1.0663845539093018
543,8135,23014,23,9,0.19587606191635132,0.03996482491493225,1.6869213581085205
544,8136,11369,1076,5,0.19296197593212128,0.039512649178504944,-0.16409994661808014
545,8141,18429,551,1,0.19886770844459534,0.04258648678660393,0.3395923376083374
546,8148,20231,322,2,0.19475306570529938,0.04040524363517761,0.5725675821304321
547,8186,8354,1446,2,0.1930471807718277,0.03465411067008972,-0.5025299191474915
548,8226,12656,1,2,0.20127145946025848,0.050657469779253006,4.092278957366943
549,8247,21508,85,3,0.19504807889461517,0.04502943903207779,1.1972099542617798
550,8264,20985,662,2,0.19267359375953674,0.03793039172887802,0.08841116726398468
551,8282,589,1674,5,0.19393114745616913,0.04600505530834198,-1.1887167692184448
552,8284,17142,83,7,0.1958010345697403,0.04216581583023071,1.2295506000518799
553,8287,8397,927,2,0.19707240164279938,0.04136669635772705,0.03814951330423355
554,8294,22638,170,10,0.1983623057603836,0.04100543260574341,0.812943160533905
555,8330,6011,351,3,0.1937389075756073,0.044799961149692535,0.5992950201034546
556,8338,9185,1119,3,0.19414280354976654,0.039881326258182526,-0.2027759552001953
557,8366,6235,1068,4,0.19606497883796692,0.045132528990507126,-0.15395650267601013
558,8389,21098,770,2,0.19457583129405975,0.048103924840688705,0.1698514223098755
559,8398,1266,148,2,0.19658003747463226,0.050343770533800125,1.0226285457611084
560,8414,15635,962,7,0.19486698508262634,0.03661612421274185,-0.11339685320854187
561,8415,16409,311,2,0.19265301525592804,0.042562492191791534,0.6693766117095947
562,8423,8907,892,3,0.19289149343967438,0.03950896114110947,-0.10969486832618713
563,8429,8970,243,2,0.1943141222000122,0.04154326021671295,0.8634925484657288
564,8440,2951,1464,3,0.19745421409606934,0.048807770013809204,-0.6089180111885071
565,8450,19333,918,2,0.19760581851005554,0.03608395904302597,-0.0017967373132705688
566,8498,22851,190,2,0.19714757800102234,0.05220687761902809,0.8762938380241394
567,8508,20768,807,2,0.19351966679096222,0.03683948889374733,0.0680088996887207
568,8511,20888,1753,2,0.1973661333322525,0.044640231877565384,-2.0068325996398926
569,8577,7310,240,10,0.1991054117679596,0.04181613773107529,0.7829344272613525
570,8583,9039,612,2,0.19520533084869385,0.03929795324802399,0.21042540669441223
571,8629,16159,156,6,0.1935751587152481,0.04294957220554352,0.9810359477996826
572,8652,12607,410,3,0.19491934776306152,0.03928713500499725,0.5356265306472778
573,8684,17811,31,5,0.1923723667860031,0.04064059257507324,1.3209446668624878
574,8686,9302,1566,2,0.19433322548866272,0.04923929274082184,-0.8231362700462341
575,8707,628,1305,7,0.1929837167263031,0.03676479309797287,-0.3671344518661499
576,8711,23030,1775,3,0.19799111783504486,0.0452716127038002,-2.272387981414795
577,8745,632,1751,3,0.19337688386440277,0.03981652855873108,-1.5216089487075806
578,8770,10027,558,3,0.19682496786117554,0.04484481364488602,0.33649498224258423
579,8771,635,1666,2,0.2009802758693695,0.03188932314515114,-1.1868525743484497
580,8777,22273,1491,2,0.19450533390045166,0.04389767348766327,-0.5336848497390747
581,8793,20471,66,2,0.20041635632514954,0.051634471863508224,1.1466008424758911
582,8805,9231,866,2,0.20261096954345703,0.05267613008618355,0.054663073271512985
583,8825,16607,1700,2,0.19636017084121704,0.03716529533267021,-1.2383465766906738
584,8834,21996,799,3,0.19213330745697021,0.03956844285130501,0.07071229070425034
585,8843,7077,492,2,0.19910591840744019,0.04537511616945267,0.40581148862838745
586,8899,23009,1218,4,0.19548015296459198,0.04003759101033211,-0.34030812978744507
587,8904,12639,755,3,0.1939043402671814,0.042551010847091675,0.11685475707054138
588,8918,1629,1724,2,0.1937718242406845,0.03478008881211281,-1.2053683996200562
589,8961,8624,159,3,0.19509877264499664,0.043234359472990036,0.9664207696914673
590,9006,14115,881,2,0.1925148218870163,0.03671697899699211,0.0022018998861312866
591,9014,6569,14,5,0.1929706335067749,0.04010855033993721,1.5173088312149048
592,9015,13400,136,3,0.19308313727378845,0.04306480661034584,1.2342450618743896
593,9019,16384,1427,2,0.2016279399394989,0.04087682068347931,-0.6662451028823853
594,9029,22154,796,5,0.1932307779788971,0.03896469622850418,0.08738032728433609
595,9046,6535,315,4,0.19579532742500305,0.046109408140182495,0.6514781713485718
596,9059,16893,181,3,0.1934780776500702,0.04236120730638504,0.9297903776168823
597,9094,4491,332,5,0.1954159140586853,0.047977231442928314,0.7212929725646973
598,9095,21833,257,3,0.19572749733924866,0.04633995518088341,0.7004079222679138
599,9108,653,272,3,0.19628901779651642,0.04109356552362442,0.7949010133743286
600,9115,22446,930,3,0.20019012689590454,0.047089025378227234,-0.1406659036874771
601,9135,694,1740,2,0.2001935988664627,0.04465280473232269,-1.8475995063781738
602,9195,21241,1173,1,0.195376455783844,0.03688335418701172,-0.27955949306488037
603,9207,20180,1118,3,0.1931060552597046,0.03697850555181503,-0.31288257241249084
604,9225,21613,652,2,0.19264833629131317,0.03593132644891739,0.21126747131347656
605,9236,6797,520,2,0.19377373158931732,0.040739089250564575,0.38170599937438965
606,9251,18477,1770,2,0.20024633407592773,0.05857928469777107,-2.3861958980560303
607,9257,22970,22,2,0.19402140378952026,0.0388125404715538,1.1922426223754883
608,9258,19494,117,5,0.19243954122066498,0.03951837122440338,0.9607970714569092
609,9294,8707,1607,2,0.20201539993286133,0.03205754607915878,-0.8842988014221191
610,9302,6191,135,2,0.20098426938056946,0.03833227977156639,1.2628650665283203
611,9315,675,933,2,0.19646626710891724,0.04338045418262482,-0.026763074100017548
612,9324,675,3,3,0.19307152926921844,0.03908665478229523,2.2077131271362305
613,9331,17519,1348,2,0.19595815241336823,0.04473762959241867,-0.49936777353286743
614,9357,20745,573,3,0.19359290599822998,0.03838641941547394,0.3334842026233673
615,9379,9495,1436,2,0.19544081389904022,0.04528374969959259,-0.5041835904121399
616,9397,680,74,2,0.19902125000953674,0.033619511872529984,1.2958133220672607
617,9398,7799,1053,2,0.1942613124847412,0.03527795895934105,-0.17913579940795898
618,9411,17237,675,2,0.19935378432273865,0.04855550825595856,0.17887109518051147
619,9415,22853,73,2,0.20035842061042786,0.05181184411048889,1.6645499467849731
620,9448,20143,1505,4,0.19401122629642487,0.039171285927295685,-0.6645945310592651
621,9458,2026,299,2,0.1922157257795334,0.03981117904186249,0.6805789470672607
622,9468,21350,17,2,0.19377662241458893,0.045565612614154816,1.361518383026123
623,9483,22844,697,7,0.1958068311214447,0.04718884825706482,0.2942592203617096
624,9512,10085,278,2,0.19940908253192902,0.04571858048439026,0.7505415081977844
625,9513,12401,128,2,0.19887712597846985,0.0471176952123642,0.9071661233901978
626,9544,23002,1257,4,0.1934809684753418,0.04011223837733269,-0.3189753592014313
627,9555,14053,1,1,0.19998016953468323,0.04875345528125763,3.063953399658203
628,9562,15862,1187,3,0.19632716476917267,0.04327388107776642,-0.26765552163124084
629,9591,5987,512,9,0.1976311057806015,0.03551526367664337,0.4362497925758362
630,9604,21982,411,6,0.195364847779274,0.037942275404930115,0.5010583400726318
631,9669,3956,192,2,0.1939394772052765,0.043229445815086365,0.8969635367393494
632,9697,712,2,2,0.19427382946014404,0.0435544028878212,1.9586108922958374
633,9733,712,5,2,0.19266998767852783,0.0427311547100544,1.2511510848999023
634,9773,7373,115,3,0.19744223356246948,0.04521626979112625,1.178431510925293
635,9814,21711,445,3,0.19557806849479675,0.04416210204362869,0.4633941948413849
636,9828,22812,461,2,0.19741599261760712,0.04036688432097435,0.36386746168136597
637,9830,22739,323,3,0.19575811922550201,0.04406356066465378,0.6216992735862732
638,9874,14417,199,2,0.19704917073249817,0.042003124952316284,0.8360092639923096
639,9883,18076,803,2,0.20214393734931946,0.0516556017100811,0.09093713760375977
640,9885,4907,1333,2,0.1963704526424408,0.03618135675787926,-0.3627190589904785
641,9917,2668,11,6,0.1963445544242859,0.041884105652570724,1.7786240577697754
642,9921,22889,738,3,0.19672586023807526,0.04153525084257126,0.12915243208408356
643,9928,720,359,2,0.19898106157779694,0.04260791093111038,0.5990681052207947
644,9929,4725,752,2,0.1980046182870865,0.048258960247039795,0.1927725225687027
645,9931,21491,114,2,0.1963677853345871,0.046365320682525635,1.2320724725723267
646,9943,22998,897,3,0.19446581602096558,0.04068634286522865,-0.016780897974967957
647,9969,4603,473,2,0.19634407758712769,0.045889921486377716,0.4620698094367981
648,9973,14084,1156,2,0.19263392686843872,0.036777313798666,-0.22232802212238312
649,9993,9879,275,2,0.19869168102741241,0.03624382242560387,0.7305912971496582
650,10009,9313,129,4,0.19377808272838593,0.039245299994945526,0.8760966658592224
651,10028,6969,321,1,0.19819077849388123,0.044211648404598236,0.7171664834022522
652,10050,15381,671,3,0.19287610054016113,0.0383649617433548,0.1546608805656433
653,10106,21803,528,4,0.1971299648284912,0.04152733087539673,0.3632057309150696
654,10118,3611,18,3,0.1972830593585968,0.04764016717672348,2.039628744125366
655,10156,3434,1,2,0.19522418081760406,0.05041336268186569,2.601783037185669
656,10173,6235,1503,2,0.19676969945430756,0.04345998913049698,-0.735002875328064
657,10186,7338,54,2,0.1953153759241104,0.04670117422938347,1.5773669481277466
658,10216,7524,1670,2,0.19830526411533356,0.03680373728275299,-1.2212527990341187
659,10239,2844,374,2,0.19508680701255798,0.04033154994249344,0.5782610177993774
660,10258,22552,903,4,0.19601428508758545,0.046402208507061005,0.08921089768409729
661,10275,16108,357,3,0.19537889957427979,0.03867479786276817,0.7002402544021606
662,10280,7809,853,2,0.19694241881370544,0.043345093727111816,0.06858251988887787
663,10307,10059,1398,2,0.20522435009479523,0.04881566762924194,-0.5209315419197083
664,10315,741,398,3,0.19631104171276093,0.04298415780067444,0.572464644908905
665,10327,14451,635,3,0.192860409617424,0.03445292264223099,0.19201311469078064
666,10344,3083,1496,2,0.19990286231040955,0.04943651333451271,-0.6913518905639648
667,10383,22133,251,4,0.1967281699180603,0.04497922956943512,0.7606514096260071
668,10390,23009,1733,2,0.19813169538974762,0.03437141329050064,-1.8017503023147583
669,10430,1616,965,1,0.1989106386899948,0.042702384293079376,0.016203254461288452
670,10440,12335,17,3,0.1933603137731552,0.04508693888783455,2.0645840167999268
671,10467,3718,74,5,0.19338013231754303,0.03787444531917572,1.0881614685058594
672,10471,12192,146,3,0.19775892794132233,0.043433357030153275,0.958410382270813
673,10481,8466,215,2,0.19781267642974854,0.03748925402760506,0.9655283689498901
674,10523,22773,913,3,0.19335046410560608,0.037940267473459244,-0.019249945878982544
675,10526,11477,189,4,0.19649256765842438,0.035450585186481476,1.1169779300689697
676,10550,16962,212,8,0.19579051434993744,0.04011278226971626,0.9020959734916687
677,10664,20477,5,6,0.1953045129776001,0.04541587457060814,2.3954856395721436
678,10680,18021,1599,4,0.1997222602367401,0.03256037086248398,-1.0557990074157715
679,10718,22052,875,2,0.1926252692937851,0.037475746124982834,-0.010732054710388184
680,10725,767,1657,2,0.19302214682102203,0.0365917831659317,-0.8418726921081543
681,10734,2579,992,5,0.1943848580121994,0.04116912931203842,-0.1294339895248413
682,10743,8637,998,2,0.19996218383312225,0.04226236790418625,-0.09673501551151276
683,10746,9206,16,4,0.19379442930221558,0.039253219962120056,1.8801780939102173
684,10749,10049,907,3,0.19449757039546967,0.043658770620822906,-0.009077310562133789
685,10760,16404,407,2,0.1943443864583969,0.04290011525154114,0.47634315490722656
686,10782,22979,779,5,0.19483114778995514,0.048682801425457,0.13168199360370636
687,10787,22807,758,5,0.19254657626152039,0.03655830770730972,0.15434756875038147
688,10808,10068,723,2,0.19280442595481873,0.03579951822757721,0.12601758539676666
689,10830,8336,1446,2,0.1980007290840149,0.03356359153985977,-0.654007613658905
690,10835,3990,181,2,0.19355818629264832,0.04020188748836517,0.8702743053436279
691,10836,17962,13,2,0.19351322948932648,0.038464613258838654,1.6917002201080322
692,10846,782,521,5,0.1927369236946106,0.03675989806652069,0.34066900610923767
693,10848,19423,1562,2,0.2009982317686081,0.04595327749848366,-0.9119424223899841
694,10871,21691,2,4,0.19393830001354218,0.04429999738931656,1.5430958271026611
695,10918,17814,824,2,0.1926123946905136,0.03524184972047806,-0.053567998111248016
696,10942,21366,1386,1,0.19835048913955688,0.03815764561295509,-0.624294638633728
697,10949,14358,771,3,0.20119893550872803,0.03328876942396164,0.14545488357543945
698,10951,20348,1359,5,0.19360680878162384,0.043511830270290375,-0.41588345170021057
699,10960,11420,1237,2,0.1938241571187973,0.036757808178663254,-0.3130802512168884
700,10966,4231,1,2,0.19784116744995117,0.05127320438623428,3.9308090209960938
701,10973,4645,1211,3,0.1922670602798462,0.038337185978889465,-0.27235913276672363
702,10985,22929,244,3,0.19487284123897552,0.045196808874607086,0.6709921360015869
703,10991,12956,598,2,0.19356419146060944,0.040296901017427444,0.28207868337631226
704,11042,20979,321,2,0.19383524358272552,0.0394199937582016,0.6218199729919434
705,11045,16829,332,3,0.19312089681625366,0.041124895215034485,0.651875376701355
706,11046,22076,1069,2,0.19276204705238342,0.03393308445811272,-0.15293440222740173
707,11054,22874,482,2,0.19722533226013184,0.04228527843952179,0.4846535623073578
708,11076,4643,1176,2,0.193098247051239,0.04430430755019188,-0.164291650056839
709,11077,14417,90,6,0.19463485479354858,0.04255460947751999,1.1427081823349
710,11082,10900,532,2,0.20493969321250916,0.04800958186388016,0.344241201877594
711,11100,12830,43,2,0.20222631096839905,0.05125023052096367,1.731764793395996
712,11116,18339,466,4,0.19816312193870544,0.046271346509456635,0.5083281397819519
713,11125,805,1218,5,0.19253574311733246,0.042233265936374664,-0.3093218505382538
714,11126,805,540,3,0.19976556301116943,0.05116591230034828,0.41605114936828613
715,11128,16156,7,3,0.19831211864948273,0.043883077800273895,2.3944432735443115
716,11129,15001,435,3,0.1954193413257599,0.041004955768585205,0.48769378662109375
717,11132,20734,174,4,0.19402840733528137,0.03984755650162697,0.8435623049736023
718,11153,22572,16,3,0.1954859048128128,0.04618832468986511,1.937246322631836
719,11168,20913,625,2,0.19342060387134552,0.03954561799764633,0.30487942695617676
720,11181,22575,1115,1,0.19665779173374176,0.037641849368810654,-0.2958410382270813
721,11190,1660,978,5,0.19271345436573029,0.04347338527441025,-0.02966231107711792
722,11197,22922,338,2,0.20315928757190704,0.053974635899066925,0.6109863519668579
723,11199,17410,81,2,0.19755765795707703,0.045603904873132706,1.2605650424957275
724,11201,3484,570,4,0.19769832491874695,0.04802638292312622,0.36438262462615967
725,11204,17717,71,4,0.19671547412872314,0.04698677733540535,1.5960131883621216
726,11211,12306,607,2,0.19468867778778076,0.04007954150438309,0.32215023040771484
727,11284,2046,46,5,0.19515745341777802,0.04427609592676163,1.995276689529419
728,11301,21337,61,5,0.19304952025413513,0.04151081293821335,0.9796018600463867
729,11316,22549,764,6,0.1954735815525055,0.03731611371040344,0.06518691033124924
730,11322,22965,319,5,0.19252336025238037,0.03915473073720932,0.5838966965675354
731,11324,23021,671,2,0.19670093059539795,0.04515719413757324,0.09778725355863571
732,11337,18244,851,10,0.1966148316860199,0.04064781591296196,-0.036887526512145996
733,11364,23024,662,4,0.19338248670101166,0.04240997135639191,0.19851469993591309
734,11365,22964,63,2,0.1977582424879074,0.044870294630527496,1.242442011833191
735,11376,16220,1545,1,0.20095939934253693,0.04238300770521164,-0.8853732943534851
736,11392,21951,766,5,0.19342215359210968,0.03749494627118111,0.11267469823360443
737,11407,18272,59,2,0.19387416541576385,0.04392053931951523,1.1032233238220215
738,11418,10838,23,4,0.1980201005935669,0.04485480859875679,1.895946741104126
739,11450,3637,655,2,0.19484755396842957,0.03892314434051514,0.2756800055503845
740,11460,9725,208,2,0.19693195819854736,0.04696321114897728,0.7814291715621948
741,11461,1402,402,8,0.19642752408981323,0.04324688762426376,0.5886589884757996
742,11482,6293,143,2,0.19755733013153076,0.04189342260360718,0.9555299282073975
743,11505,22004,1355,2,0.20030561089515686,0.03582967072725296,-0.4533677399158478
744,11520,3369,931,4,0.2024652361869812,0.04917231202125549,-0.020250484347343445
745,11530,20302,1558,2,0.19581203162670135,0.03539010137319565,-0.8270298838615417
746,11584,10780,36,3,0.19571591913700104,0.04351453483104706,1.8222692012786865
747,11598,13669,213,2,0.19694362580776215,0.03500795736908913,0.7581522464752197
748,11604,4761,507,6,0.19495049118995667,0.041363269090652466,0.390305757522583
749,11619,22835,933,3,0.1946236789226532,0.03582944720983505,-0.01005624234676361
750,11620,22688,980,3,0.197171151638031,0.044471461325883865,-0.11864911019802094
751,11626,2060,554,7,0.1935003250837326,0.038930319249629974,0.28032320737838745
752,11636,866,484,7,0.19632168114185333,0.05055416002869606,0.5593208074569702
753,11641,21411,452,3,0.19374249875545502,0.038577403873205185,0.4632636308670044
754,11643,868,1,2,0.19807402789592743,0.04921383783221245,4.02036714553833
755,11698,875,1336,2,0.19504858553409576,0.03995300084352493,-0.4092259109020233
756,11702,9775,1743,2,0.19335301220417023,0.036452583968639374,-1.4357067346572876
757,11710,22896,419,9,0.198268324136734,0.047778159379959106,0.6793148517608643
758,11757,23008,322,2,0.19529838860034943,0.04055759310722351,0.7059957981109619
759,11758,22929,1140,3,0.19433659315109253,0.04081747680902481,-0.1980796605348587
760,11815,889,1084,4,0.19590117037296295,0.04531079903244972,-0.14120373129844666
761,11829,21350,536,6,0.19352900981903076,0.034429244697093964,0.3026343882083893
762,11867,22414,316,10,0.19879809021949768,0.04471272975206375,0.7302179336547852
763,11877,16189,1502,3,0.19646532833576202,0.0425887368619442,-0.6485512256622314
764,11883,19222,819,2,0.19957752525806427,0.05255387723445892,0.10167180001735687
765,11891,6019,436,2,0.20251807570457458,0.03951364755630493,0.5991190671920776
766,11899,22645,80,3,0.19583864510059357,0.043815672397613525,1.1113938093185425
767,11901,15883,1671,2,0.19678698480129242,0.04363929480314255,-1.1708881855010986
768,11918,16348,1200,2,0.1967095136642456,0.045427583158016205,-0.35705089569091797
769,11930,22329,198,2,0.19714385271072388,0.03430931270122528,0.858917236328125
770,11957,15869,228,2,0.19634905457496643,0.039001770317554474,0.7443416118621826
771,11962,9376,1348,2,0.19685214757919312,0.046783335506916046,-0.49135228991508484
772,12053,5138,333,2,0.1932971328496933,0.03559669479727745,0.5915223360061646
773,12084,22594,306,3,0.19658546149730682,0.042433202266693115,0.6333144307136536
774,12095,15826,904,3,0.19717709720134735,0.04574275016784668,0.021445661783218384
775,12161,18367,1459,2,0.19799834489822388,0.043862104415893555,-0.5984963774681091
776,12172,11479,111,2,0.20014241337776184,0.045691438019275665,1.0826674699783325
777,12189,12118,137,4,0.19467326998710632,0.03651755303144455,0.901317834854126
778,12203,6636,1,3,0.19310368597507477,0.04411105811595917,2.7843942642211914
779,12208,1901,1329,2,0.19426067173480988,0.03860922157764435,-0.43255171179771423
780,12266,2817,615,1,0.2005254328250885,0.03774892911314964,0.20410847663879395
781,12274,12740,1020,1,0.19601021707057953,0.053369466215372086,0.00034236907958984375
782,12276,15826,1005,3,0.19571220874786377,0.043115563690662384,-0.04117748141288757
783,12292,21992,1512,3,0.1964491307735443,0.047693606466054916,-0.6786520481109619
784,12319,3793,26,2,0.1941681057214737,0.03732968866825104,1.283529281616211
785,12320,10591,393,2,0.19419988989830017,0.03959071636199951,0.5204504728317261
786,12324,2055,1754,2,0.19301864504814148,0.041504211723804474,-1.1641175746917725
787,12329,21624,11,3,0.19313788414001465,0.038416456431150436,1.6156775951385498
788,12337,22183,925,3,0.1971270740032196,0.03460567817091942,-0.06704346835613251
789,12340,4813,339,2,0.1931983381509781,0.03974355012178421,0.6745414137840271
790,12361,17859,519,2,0.2014465481042862,0.036689598113298416,0.47044435143470764
791,12401,2178,928,3,0.1957038938999176,0.039933398365974426,-0.03622448444366455
792,12432,966,1502,2,0.19598053395748138,0.032649926841259,-0.6234614849090576
793,12434,966,226,3,0.1925019472837448,0.040411576628685,0.815831184387207
794,12466,21826,75,2,0.19750678539276123,0.0529361367225647,1.2111682891845703
795,12545,21345,822,3,0.1937190741300583,0.037339236587285995,-0.02747035026550293
796,12575,23002,588,4,0.19336362183094025,0.04194030538201332,0.3278222978115082
797,12579,16883,45,2,0.19296838343143463,0.03839065507054329,1.1127694845199585
798,12598,11991,96,2,0.1999494880437851,0.052232783287763596,1.3423148393630981
799,12623,22004,214,3,0.19453127682209015,0.04368209093809128,0.9184224605560303
800,12624,21826,7,3,0.19430628418922424,0.045171238481998444,1.7242991924285889
801,12635,9590,104,2,0.19719181954860687,0.0411045178771019,1.0074431896209717
802,12661,2706,154,2,0.19315221905708313,0.03820027410984039,1.0486363172531128
803,12683,10843,871,4,0.1927308887243271,0.03767284005880356,0.01958468183875084
804,12723,4262,11,4,0.19391819834709167,0.046705666929483414,3.25022029876709
805,12750,10918,677,4,0.19794698059558868,0.04544805735349655,0.25416332483291626
806,12796,14657,471,3,0.19312624633312225,0.03655882179737091,0.43118250370025635
807,12799,3913,1445,2,0.1931687444448471,0.03192916512489319,-0.505724310874939
808,12802,22591,631,3,0.1928163319826126,0.03991277515888214,0.22328321635723114
809,12844,22228,555,4,0.19465304911136627,0.04156532883644104,0.26745784282684326
810,12854,21115,21,3,0.19611653685569763,0.03958554193377495,1.2972675561904907
811,12856,6053,667,2,0.1969406008720398,0.04358837753534317,0.2428112030029297
812,12857,21956,985,3,0.19488197565078735,0.041252054274082184,-0.05713072419166565
813,12868,14224,102,2,0.19360098242759705,0.037636518478393555,1.0058947801589966
814,12900,15861,1686,7,0.19544470310211182,0.044259969145059586,-1.222037434577942
815,12904,22903,656,4,0.19739027321338654,0.043343525379896164,0.16003242135047913
816,12916,8381,63,3,0.19634684920310974,0.04244978725910187,1.1924582719802856
817,12941,20283,97,1,0.19728687405586243,0.048865776509046555,1.030706524848938
818,12949,13473,240,2,0.19592803716659546,0.0386262983083725,0.8057109117507935
819,12953,22874,1594,2,0.19307173788547516,0.03756002336740494,-0.7220660448074341
820,12976,10661,1602,1,0.19421032071113586,0.03674060478806496,-0.7644299268722534
821,12983,22596,569,1,0.1985190361738205,0.035211071372032166,0.4072580933570862
822,13052,21735,62,7,0.19396311044692993,0.03822575509548187,1.0922507047653198
823,13054,22084,624,2,0.20100238919258118,0.04843638092279434,0.27104634046554565
824,13056,3054,1324,2,0.1976054459810257,0.03341537341475487,-0.4024108648300171
825,13069,21568,1045,1,0.19459201395511627,0.03379776328802109,-0.125445157289505
826,13081,4534,83,6,0.19403663277626038,0.04545389488339424,1.4839781522750854
827,13098,6456,1625,1,0.20127302408218384,0.0549778938293457,-1.0561420917510986
828,13162,19176,8,5,0.194228395819664,0.05014364421367645,2.4987430572509766
829,13173,6513,684,3,0.1927076131105423,0.03837737813591957,0.05495412275195122
830,13211,8974,26,2,0.19453521072864532,0.04467330873012543,1.4321249723434448
831,13232,14477,1,3,0.19586339592933655,0.039430491626262665,3.135631561279297
832,13235,1051,439,4,0.19838733971118927,0.03702869266271591,0.5053503513336182
833,13264,19626,23,3,0.19361981749534607,0.04257430136203766,1.3112084865570068
834,13300,13760,649,2,0.193952277302742,0.04054725915193558,0.14499640464782715
835,13310,3532,1140,2,0.1963135302066803,0.041417136788368225,-0.25324714183807373
836,13342,22636,1635,2,0.19532884657382965,0.04335818812251091,-0.8020161390304565
837,13372,2386,39,4,0.19345708191394806,0.04696294292807579,1.8817355632781982
838,13392,22931,64,3,0.19361911714076996,0.04659363999962807,1.773641586303711
839,13404,11017,1247,3,0.20077785849571228,0.05262034758925438,-0.32816073298454285
840,13410,1081,121,2,0.19831322133541107,0.03954080864787102,1.008657455444336
841,13424,11846,1550,2,0.19352582097053528,0.040811941027641296,-0.6411365270614624
842,13434,8784,506,2,0.19319064915180206,0.042364612221717834,0.44792041182518005
843,13472,8248,601,1,0.20009927451610565,0.04632703959941864,0.37816134095191956
844,13560,23005,594,2,0.19469161331653595,0.04039417952299118,0.21268105506896973
845,13566,22482,1575,3,0.1967819184064865,0.044890694320201874,-0.6860449314117432
846,13570,22344,260,5,0.1933334320783615,0.036550819873809814,0.7371551990509033
847,13604,7196,243,2,0.1977633684873581,0.04633774980902672,0.8528481721878052
848,13610,1101,1059,2,0.19246861338615417,0.034830790013074875,-0.21229220926761627
849,13612,16633,2,2,0.1919250339269638,0.04329729080200195,2.0632903575897217
850,13616,9608,592,3,0.19397872686386108,0.03963708505034447,0.2505183219909668
851,13643,5042,901,2,0.19363397359848022,0.04184086620807648,0.05692915618419647
852,13665,1110,210,1,0.19820597767829895,0.040506478399038315,0.8121803402900696
853,13669,6031,1715,3,0.19305625557899475,0.04643293470144272,-1.2782658338546753
854,13681,22205,118,4,0.19565345346927643,0.045828141272068024,0.9905109405517578
855,13739,20995,1,3,0.19406165182590485,0.03764075040817261,2.385425090789795
856,13741,10037,1302,2,0.19668173789978027,0.05005240440368652,-0.38531622290611267
857,13744,22019,332,2,0.19738154113292694,0.04591842368245125,0.6186867952346802
858,13769,1119,1247,2,0.2005341798067093,0.03574368730187416,-0.28539684414863586
859,13793,11213,1497,2,0.19412721693515778,0.03408220410346985,-0.5603722929954529
860,13795,1121,1166,2,0.1989307850599289,0.03411075100302696,-0.30449390411376953
861,13813,10470,1,2,0.19358237087726593,0.038909196853637695,3.2119922637939453
862,13839,19825,452,2,0.2016916126012802,0.048572126775979996,0.503279983997345
863,13845,1128,404,2,0.19569312036037445,0.038067303597927094,0.4885621666908264
864,13854,6055,1762,4,0.19222934544086456,0.03624806925654411,-1.6587498188018799
865,13863,13556,247,8,0.1965760737657547,0.04014743119478226,0.6853138208389282
866,13913,20722,1679,2,0.19311784207820892,0.038813892751932144,-1.075608730316162
867,13928,22364,760,2,0.19484375417232513,0.041950177401304245,0.03035072237253189
868,13940,9838,207,3,0.19477294385433197,0.04245166480541229,0.8733124732971191
869,13977,22144,179,2,0.1997220516204834,0.0464896634221077,0.857550859451294
870,13984,18104,1109,1,0.1933903694152832,0.04230635613203049,-0.14614103734493256
871,14027,21334,289,3,0.19698835909366608,0.047077782452106476,0.7145127058029175
872,14029,17916,1729,3,0.1979108303785324,0.0451282262802124,-1.5996229648590088
873,14053,18029,202,1,0.1982770562171936,0.03657376766204834,0.7524359822273254
874,14085,22559,1497,2,0.19212161004543304,0.03605319932103157,-0.6448052525520325
875,14090,5101,221,2,0.1961233764886856,0.047956738620996475,0.835687518119812
876,14138,4164,674,3,0.1954236924648285,0.04268680885434151,0.11216439306735992
877,14176,12299,41,3,0.19638065993785858,0.048193804919719696,1.4147953987121582
878,14179,8348,31,2,0.19413137435913086,0.04268039017915726,1.360534906387329
879,14190,19857,299,4,0.192825585603714,0.041006024926900864,0.8316406011581421
880,14195,3768,115,2,0.19833166897296906,0.045834481716156006,1.113345980644226
881,14225,1336,1696,3,0.19789189100265503,0.04620303213596344,-1.1158783435821533
882,14243,8075,1393,1,0.2018193006515503,0.04845942184329033,-0.546238362789154
883,14261,17187,567,1,0.19464294612407684,0.03594495356082916,0.26532724499702454
884,14275,20322,1060,4,0.1932101994752884,0.04055234044790268,-0.20930145680904388
885,14292,19717,494,2,0.19378164410591125,0.03526849299669266,0.40763288736343384
886,14322,10141,709,2,0.19423013925552368,0.040780164301395416,0.04732707142829895
887,14336,2357,210,2,0.2009274959564209,0.034266892820596695,0.8053907155990601
888,14339,6211,1579,2,0.19475935399532318,0.0396045446395874,-0.8221299648284912
889,14342,8840,324,3,0.1931489109992981,0.038048338145017624,0.6451539397239685
890,14347,21170,861,2,0.19668103754520416,0.04722815006971359,0.05178907513618469
891,14370,13085,699,2,0.2005542367696762,0.04695861414074898,0.16876104474067688
892,14376,10594,1543,3,0.1927901655435562,0.03623111918568611,-0.6783231496810913
893,14401,1216,1779,3,0.19265641272068024,0.03755306452512741,-1.8889003992080688
894,14410,9287,35,3,0.19519978761672974,0.04246361926198006,2.1568727493286133
895,14451,11213,134,2,0.20114605128765106,0.049325697124004364,1.0536303520202637
896,14453,2391,153,10,0.19555427134037018,0.036123789846897125,0.946882963180542
897,14462,17469,889,1,0.1967957615852356,0.03903345763683319,0.045926645398139954
898,14477,21873,65,4,0.19305302202701569,0.04203467816114426,1.2556965351104736
899,14484,20043,1035,5,0.1932530254125595,0.036653418093919754,-0.10075171291828156
900,14492,19160,870,2,0.20224885642528534,0.03286612778902054,0.11373831331729889
901,14572,9115,184,4,0.19278575479984283,0.039234451949596405,0.8578819036483765
902,14596,15381,543,3,0.19477076828479767,0.03806053847074509,0.3116144835948944
903,14610,1356,318,3,0.1992778778076172,0.04879344627261162,0.6649813652038574
904,14642,8763,463,2,0.19340571761131287,0.03957503288984299,0.4416673183441162
905,14643,19504,2,2,0.19667765498161316,0.048395298421382904,2.933664560317993
906,14651,1236,1014,2,0.19512152671813965,0.04206906259059906,-0.08820982277393341
907,14653,21776,580,2,0.1943718045949936,0.041511960327625275,0.31994158029556274
908,14670,20283,766,2,0.19505977630615234,0.04215637966990471,0.1442105621099472
909,14686,14727,1057,4,0.19376763701438904,0.037317000329494476,-0.1756744235754013
910,14704,21350,90,3,0.19355137646198273,0.039998751133680344,1.0886611938476562
911,14732,1250,917,3,0.19314271211624146,0.04295506328344345,-0.03323628008365631
912,14763,18116,935,4,0.19661270081996918,0.04213463515043259,-0.1529473215341568
913,14781,22623,572,2,0.19640657305717468,0.043104007840156555,0.3480064570903778
914,14785,1255,1421,2,0.19257287681102753,0.037346504628658295,-0.5021418929100037
915,14831,1259,1070,2,0.19933529198169708,0.057607583701610565,-0.20547714829444885
916,14838,20098,22,1,0.19890457391738892,0.05306354910135269,1.9943679571151733
917,14850,2417,1673,3,0.19405990839004517,0.04085192456841469,-0.8999861478805542
918,14876,7053,342,2,0.19389033317565918,0.03932083398103714,0.6483404636383057
919,14889,20355,261,3,0.19634079933166504,0.041508905589580536,0.817766010761261
920,14892,15985,114,2,0.19459471106529236,0.04109245911240578,0.9469423294067383
921,14913,21489,919,2,0.1943250149488449,0.04202640801668167,-0.03282032161951065
922,14938,23022,412,2,0.20462195575237274,0.05190371721982956,0.5297628045082092
923,15000,16872,86,2,0.19257852435112,0.03822862729430199,1.0033661127090454
924,15002,10403,258,2,0.196378692984581,0.040919698774814606,0.7396903038024902
925,15007,4536,1233,3,0.19452044367790222,0.04625358060002327,-0.27471134066581726
926,15009,1704,683,1,0.19501878321170807,0.035093341022729874,0.10281141102313995
927,15010,18527,930,5,0.19384171068668365,0.03569814935326576,-0.09169363230466843
928,15031,6584,50,2,0.19335301220417023,0.03807630389928818,1.2562893629074097
929,15032,1285,33,3,0.19776679575443268,0.04173018038272858,1.6529803276062012
930,15041,17527,119,2,0.19757580757141113,0.04191043972969055,1.0107263326644897
931,15056,14958,83,3,0.19899289309978485,0.04480694979429245,1.476937174797058
932,15079,12564,1114,2,0.19599932432174683,0.04248371347784996,-0.12521234154701233
933,15093,18022,1624,2,0.200979545712471,0.03280222415924072,-1.0281217098236084
934,15112,15148,412,2,0.19907264411449432,0.04491714760661125,0.5221346020698547
935,15128,17546,1438,2,0.1968912035226822,0.04857026785612106,-0.6504528522491455
936,15158,6465,946,3,0.19403067231178284,0.038369640707969666,0.04150918498635292
937,15159,15955,1687,2,0.19759319722652435,0.05448363721370697,-1.2476917505264282
938,15173,20362,1671,2,0.19412893056869507,0.037918560206890106,-1.0589667558670044
939,15188,19489,6,2,0.193936288356781,0.04014348238706589,1.5206847190856934
940,15190,7624,1007,2,0.1942293643951416,0.03978065028786659,-0.06940598040819168
941,15258,11338,989,2,0.19457627832889557,0.04202880710363388,-0.05132701247930527
942,15272,9157,1118,1,0.19471430778503418,0.037327319383621216,-0.19075272977352142
943,15281,13043,853,2,0.19585047662258148,0.04778631031513214,0.08033826947212219
944,15286,11266,107,4,0.1920904964208603,0.039190277457237244,1.006028175354004
945,15299,2303,237,7,0.1962745487689972,0.039008140563964844,0.879200279712677
946,15348,13899,168,2,0.1934085339307785,0.04210517928004265,0.933551549911499
947,15350,18343,875,1,0.19926045835018158,0.03403501957654953,0.06667699664831161
948,15352,20477,6,1,0.20204493403434753,0.04863560199737549,1.837395191192627
949,15358,1773,318,2,0.1950020045042038,0.0469374805688858,0.6891030073165894
950,15359,19173,1440,2,0.1941983997821808,0.0337861105799675,-0.5366321802139282
951,15360,20473,871,2,0.1962146759033203,0.04070214182138443,0.09568438678979874
952,15377,19587,221,3,0.19481739401817322,0.04279889166355133,0.8058671951293945
953,15418,20902,709,3,0.19269825518131256,0.03719295561313629,0.06438110023736954
954,15443,17218,1555,4,0.19321803748607635,0.03884649649262428,-0.7108315229415894
955,15469,10970,768,2,0.19406159222126007,0.03660789877176285,0.004722416400909424
956,15474,22853,817,3,0.19695542752742767,0.04587356746196747,0.09165147691965103
957,15510,11289,376,3,0.19679012894630432,0.040473416447639465,0.4974125027656555
958,15515,20780,381,3,0.19288896024227142,0.04026356339454651,0.6086665391921997
959,15545,1347,1742,2,0.19416627287864685,0.03865087032318115,-1.4409857988357544
960,15554,21350,412,2,0.1961161345243454,0.03211455047130585,0.45807698369026184
961,15559,1350,978,6,0.19526337087154388,0.043670814484357834,-0.07910025119781494
962,15592,21881,348,2,0.19582736492156982,0.05177820846438408,0.5012723207473755
963,15605,2198,757,6,0.19537074863910675,0.049167875200510025,0.020914122462272644
964,15642,9522,1749,2,0.19430918991565704,0.03652278706431389,-1.4137719869613647
965,15673,14195,39,3,0.19334916770458221,0.04155780375003815,1.2818019390106201
966,15700,17099,204,2,0.1945638656616211,0.04287666082382202,0.9051966071128845
967,15710,22017,1163,2,0.19422076642513275,0.04358914494514465,-0.279052197933197
968,15745,13494,9,3,0.19292084872722626,0.03988639637827873,1.5935066938400269
969,15751,19277,395,3,0.19411233067512512,0.03834179416298866,0.5769778490066528
970,15801,1667,1367,4,0.19541174173355103,0.03496931120753288,-0.45207691192626953
971,15807,7250,1685,1,0.19905270636081696,0.041864268481731415,-1.446528434753418
972,15821,22155,1271,1,0.1985713690519333,0.03201785311102867,-0.39255213737487793
973,15844,11702,224,2,0.19595174491405487,0.038499582558870316,0.8630199432373047
974,15864,16440,1642,2,0.19202598929405212,0.035486217588186264,-0.746591329574585
975,15878,2969,1618,2,0.19493554532527924,0.04270677641034126,-0.7902781367301941
976,15919,21491,919,3,0.19501346349716187,0.043239571154117584,-0.06389781832695007
977,15924,22007,243,2,0.1984243541955948,0.04222699999809265,0.7721030712127686
978,15934,9770,2,1,0.19472649693489075,0.04303015395998955,1.5909156799316406
979,15949,10029,729,2,0.19501261413097382,0.04476611688733101,0.1653118133544922
980,15973,20041,11,6,0.19551526010036469,0.034930095076560974,2.1482107639312744
981,16015,9749,435,1,0.2066752165555954,0.05184619873762131,0.5082457065582275
982,16029,17748,264,4,0.1923949420452118,0.03801620006561279,0.772854208946228
983,16048,18279,44,2,0.19542157649993896,0.04722486808896065,1.7401249408721924
984,16049,16520,1313,3,0.19279532134532928,0.037300750613212585,-0.4311900734901428
985,16090,22890,222,3,0.20243321359157562,0.04668007045984268,0.8329874873161316
986,16128,22574,992,1,0.1961706429719925,0.035264503210783005,-0.034556902945041656
987,16137,12113,1068,2,0.19630558788776398,0.041757531464099884,-0.26631319522857666
988,16143,19792,409,1,0.19500204920768738,0.03415887802839279,0.5035131573677063
989,16178,20069,1116,2,0.1998809576034546,0.0485103465616703,-0.20812730491161346
990,16202,11857,1734,2,0.19455674290657043,0.038051024079322815,-1.3138952255249023
991,16204,1437,473,2,0.19685842096805573,0.03493227809667587,0.40647488832473755
992,16209,3528,1698,2,0.1933618038892746,0.03252485394477844,-0.9816623330116272
993,16225,20940,1240,4,0.19341960549354553,0.04137466102838516,-0.35437464714050293
994,16228,23008,791,2,0.19508160650730133,0.04232186824083328,0.02452835440635681
995,16229,8537,1550,2,0.1942046582698822,0.04058542102575302,-0.6990799903869629
996,16250,12449,959,2,0.1952512562274933,0.041604768484830856,-0.08742420375347137
997,16263,22109,589,2,0.19321361184120178,0.03970174491405487,0.21013185381889343
998,16318,19822,975,2,0.20336051285266876,0.05055179074406624,-0.03057987242937088
999,16322,12560,1053,2,0.19193553924560547,0.03877459466457367,-0.13345405459403992
1000,16325,8023,1488,3,0.1935758739709854,0.04103323817253113,-0.5810223817825317
1001,16392,14523,1134,3,0.2022973597049713,0.042310044169425964,-0.24344471096992493
1002,16417,22132,943,5,0.19401152431964874,0.04976305365562439,-0.057902947068214417
1003,16427,22986,851,2,0.20015904307365417,0.047568436712026596,0.15219298005104065
1004,16431,6015,123,3,0.19699545204639435,0.04263672977685928,1.0581008195877075
1005,16437,14570,1403,2,0.1959487646818161,0.03999963402748108,-0.5293409824371338
1006,16438,22051,1610,1,0.20142559707164764,0.05703144147992134,-1.056774616241455
1007,16443,16127,877,2,0.19766531884670258,0.03935560584068298,0.06736943125724792
1008,16461,17922,1639,2,0.19528989493846893,0.03716500103473663,-0.8269386887550354
1009,16507,21249,370,2,0.1972537785768509,0.04352305829524994,0.5206422209739685
1010,16520,16926,4,3,0.19710969924926758,0.037844620645046234,1.585660457611084
1011,16529,4902,308,4,0.19279541075229645,0.03638830408453941,0.5528782606124878
1012,16542,17107,52,5,0.1926182210445404,0.038135264068841934,1.3012498617172241
1013,16547,19751,75,2,0.19452057778835297,0.046669527888298035,1.2942315340042114
1014,16608,20995,1,2,0.19358260929584503,0.04266945272684097,1.8626362085342407
1015,16609,17235,691,2,0.19376133382320404,0.03444303199648857,0.08812488615512848
1016,16620,1865,1242,2,0.19521068036556244,0.04034765064716339,-0.342909574508667
1017,16623,16217,994,3,0.192856103181839,0.03718934208154678,-0.05498184263706207
1018,16626,13131,1564,2,0.19412508606910706,0.03404759615659714,-0.6137829422950745
1019,16696,2825,587,4,0.1927425116300583,0.03896014764904976,0.32242393493652344
1020,16702,16841,10,4,0.19219213724136353,0.0383882150053978,1.7774505615234375
1021,16710,15817,494,2,0.1940266489982605,0.03587042912840843,0.3750007450580597
1022,16713,5462,294,3,0.19448554515838623,0.04332863911986351,0.7349165081977844
1023,16734,20060,1325,2,0.20052160322666168,0.04626137763261795,-0.38404953479766846
1024,16768,13587,162,2,0.19563518464565277,0.04374506697058678,1.1158771514892578
1025,16773,1552,1,3,0.19553209841251373,0.04778476059436798,5.2978997230529785
1026,16800,11473,1,2,0.1940113604068756,0.048284173011779785,5.44012451171875
1027,16803,10081,410,2,0.1949743926525116,0.038046106696128845,0.4923207461833954
1028,16830,22969,1224,3,0.1933712661266327,0.03743322938680649,-0.36769619584083557
1029,16835,12222,1122,4,0.19504432380199432,0.03589610755443573,-0.36121493577957153
1030,16868,23032,91,2,0.19441761076450348,0.04822351783514023,1.1143107414245605
1031,16869,1551,137,2,0.1958846151828766,0.03812224417924881,1.0256701707839966
1032,16874,5820,258,3,0.19411423802375793,0.042409949004650116,0.6499777436256409
1033,16906,14215,1018,3,0.19808882474899292,0.042317379266023636,-0.13705328106880188
1034,16913,5963,1085,3,0.19430004060268402,0.04170631617307663,-0.1397983580827713
1035,16926,19636,16,2,0.19506140053272247,0.049846913665533066,2.0448720455169678
1036,16931,1564,1044,2,0.20269474387168884,0.04337942600250244,-0.09695557504892349
1037,16939,15834,642,1,0.19524258375167847,0.040535010397434235,0.09769225120544434
1038,16947,2665,94,3,0.19727486371994019,0.0458810031414032,1.066437840461731
1039,17000,19390,19,2,0.1934000700712204,0.041755110025405884,1.371398687362671
1040,17010,22108,734,4,0.1920868456363678,0.034407831728458405,0.13992764055728912
1041,17054,13659,623,2,0.19366778433322906,0.03784766420722008,0.3354833126068115
1042,17055,17216,1477,3,0.19702056050300598,0.039061661809682846,-0.6306673288345337
1043,17070,21445,1737,2,0.2052926868200302,0.055929627269506454,-1.8411815166473389
1044,17090,9490,25,2,0.19630281627178192,0.04768746346235275,1.5180914402008057
1045,17108,12600,388,2,0.19618459045886993,0.03838381543755531,0.5020509362220764
1046,17113,17560,712,5,0.1939181685447693,0.03996066004037857,0.23394885659217834
1047,17121,3491,706,3,0.1947752684354782,0.042392633855342865,0.19999200105667114
1048,17134,21824,446,2,0.1988428384065628,0.044430479407310486,0.5590741038322449
1049,17157,22582,338,3,0.19589625298976898,0.04318447411060333,0.6306749582290649
1050,17189,12536,308,2,0.19719064235687256,0.044866643846035004,0.7166544198989868
1051,17195,8946,149,2,0.1931900978088379,0.04222679138183594,0.9453285336494446
1052,17268,20868,354,6,0.19527305662631989,0.03450731188058853,0.5712144374847412
1053,17300,20766,358,2,0.19650164246559143,0.045787468552589417,0.6291089653968811
1054,17302,4815,1,3,0.19392547011375427,0.03798440098762512,3.510467052459717
1055,17318,23009,1292,4,0.1932706981897354,0.0397820845246315,-0.4916004240512848
1056,17330,22894,1583,5,0.19493164122104645,0.045089516788721085,-0.953675389289856
1057,17333,21889,502,10,0.19908176362514496,0.04555650055408478,0.5061638355255127
1058,17348,22415,341,2,0.19499264657497406,0.03643025830388069,0.7154378890991211
1059,17397,13078,1134,4,0.1927000731229782,0.03490911424160004,-0.23377618193626404
1060,17398,1642,897,2,0.19350388646125793,0.039402853697538376,0.011707350611686707
1061,17399,21685,1316,3,0.19943012297153473,0.034637801349163055,-0.39048483967781067
1062,17423,1645,1291,2,0.20192505419254303,0.04706728458404541,-0.408505916595459
1063,17447,6485,510,2,0.19441942870616913,0.041812021285295486,0.3921600580215454
1064,17453,16841,10,2,0.1941090077161789,0.04179321229457855,1.4650142192840576
1065,17501,4030,863,5,0.193666473031044,0.04045717418193817,-0.02435893565416336
1066,17504,20644,519,2,0.1975870430469513,0.03587285429239273,0.3768790364265442
1067,17533,21760,189,2,0.19231803715229034,0.03852008283138275,0.7986164093017578
1068,17611,3208,1677,6,0.19423268735408783,0.043176040053367615,-1.277097463607788
1069,17621,9882,270,2,0.19279010593891144,0.039828523993492126,0.7256260514259338
1070,17650,22228,105,10,0.1974388062953949,0.04211241751909256,0.9386045932769775
1071,17665,1920,244,3,0.1964224874973297,0.04122399538755417,0.7231628894805908
1072,17748,13154,1676,3,0.19356876611709595,0.03953021392226219,-1.0700353384017944
1073,17770,17729,1564,3,0.19913353025913239,0.041234713047742844,-0.7721484303474426
1074,17810,21639,725,8,0.19602654874324799,0.04529546946287155,0.060259729623794556
1075,17831,21743,300,3,0.19525164365768433,0.03681803494691849,0.6685082912445068
1076,17890,9726,392,2,0.19336162507534027,0.03863731026649475,0.5435720682144165
1077,17891,17157,160,2,0.20063970983028412,0.04309777542948723,1.0844275951385498
1078,17897,3610,702,2,0.19768963754177094,0.037780024111270905,0.21866077184677124
1079,17905,7799,1385,2,0.1999579668045044,0.04697239398956299,-0.48369112610816956
1080,17920,20441,948,2,0.19841799139976501,0.04877001792192459,-0.013731375336647034
1081,17926,22411,1481,2,0.19375139474868774,0.038258135318756104,-0.6418359279632568
1082,17931,21983,951,2,0.19821949303150177,0.047973718494176865,-0.08452166616916656
1083,17955,20555,366,2,0.1970292329788208,0.04876662790775299,0.5801547169685364
1084,17965,4637,45,10,0.19672778248786926,0.0430595837533474,1.2553764581680298
1085,17968,5042,20,4,0.19685091078281403,0.04905908182263374,1.5022222995758057
1086,17980,18851,39,2,0.2005952149629593,0.05016285926103592,1.6961917877197266
1087,17982,18513,817,4,0.1930675208568573,0.03900512307882309,-0.025375844910740852
1088,18003,15088,417,2,0.1927274912595749,0.03998687118291855,0.6179187893867493
1089,18004,22642,483,3,0.19251315295696259,0.03694728761911392,0.45009294152259827
1090,18025,21472,137,3,0.19798889756202698,0.03975881636142731,0.936999499797821
1091,18040,8969,379,2,0.19376839697360992,0.03743799775838852,0.5265396237373352
1092,18051,20098,1693,2,0.1954483687877655,0.044096093624830246,-1.3594927787780762
1093,18053,23018,1181,2,0.1959237903356552,0.030851639807224274,-0.22960242629051208
1094,18071,22792,540,3,0.19391852617263794,0.03665636479854584,0.21928609907627106
1095,18075,9221,600,4,0.1948174685239792,0.042903341352939606,0.3365112245082855
1096,18108,15903,113,2,0.19992099702358246,0.047439076006412506,1.0781298875808716
1097,18152,1770,1591,2,0.19448231160640717,0.038888320326805115,-0.876437246799469
1098,18159,8496,179,2,0.1924361288547516,0.039018794894218445,0.8293218612670898
1099,18172,22904,91,5,0.19346138834953308,0.036560576409101486,1.0386748313903809
1100,18173,17218,1213,2,0.19337515532970428,0.03543272987008095,-0.275177538394928
1101,18182,15603,652,2,0.2045082300901413,0.059845246374607086,0.2090255618095398
1102,18188,12976,1700,2,0.20477668941020966,0.05118114873766899,-1.3732147216796875
1103,18195,13823,332,3,0.19299350678920746,0.04087810963392258,0.6543213725090027
1104,18199,5685,408,3,0.19405852258205414,0.04805458337068558,0.5885730981826782
1105,18225,22983,175,4,0.19621890783309937,0.042411256581544876,0.8494230508804321
1106,18233,22520,320,10,0.19811953604221344,0.04161616414785385,0.6573413610458374
1107,18244,22800,748,2,0.1930033266544342,0.03820393979549408,0.04671846702694893
1108,18280,21939,856,4,0.19625011086463928,0.037085942924022675,0.06997060775756836
1109,18326,22202,861,5,0.1932583600282669,0.038569774478673935,-0.0330037996172905
1110,18357,12309,1610,2,0.19349455833435059,0.04346559941768646,-1.1098097562789917
1111,18386,20030,157,2,0.1952296644449234,0.0411839485168457,0.8915954828262329
1112,18388,2531,29,6,0.19350910186767578,0.039351098239421844,1.5358340740203857
1113,18429,20854,878,3,0.19333383440971375,0.03622948378324509,0.008675061166286469
1114,18443,21060,1411,2,0.1976875513792038,0.044403962790966034,-0.5545724034309387
1115,18448,12607,225,2,0.19700409471988678,0.04673594981431961,0.7192927002906799
1116,18540,22478,1217,6,0.19321297109127045,0.04009757190942764,-0.37098681926727295
1117,18542,17931,591,1,0.20259711146354675,0.04491494596004486,0.14028583467006683
1118,18551,20348,837,3,0.19479551911354065,0.04187560826539993,0.07192936539649963
1119,18583,17957,664,3,0.193545863032341,0.0354909673333168,0.32151249051094055
1120,18595,20483,727,3,0.19766125082969666,0.0462370403110981,0.174607053399086
1121,18620,4379,83,2,0.19550326466560364,0.04132620245218277,1.4503763914108276
1122,18625,7556,566,2,0.19911694526672363,0.04569374769926071,0.2615933418273926
1123,18635,22428,214,2,0.1941707879304886,0.04321612790226936,0.7240739464759827
1124,18637,12542,128,3,0.1931203156709671,0.03862011432647705,0.9960224628448486
1125,18646,10957,295,6,0.19436147809028625,0.04072976112365723,0.6387035250663757
1126,18663,23030,1749,5,0.1914629489183426,0.036949049681425095,-1.2997976541519165
1127,18676,1859,619,2,0.19657550752162933,0.04705069586634636,0.37376701831817627
1128,18688,1860,1379,2,0.1954936683177948,0.04087107256054878,-0.44261059165000916
1129,18708,10310,801,3,0.19435088336467743,0.04443987086415291,0.13313554227352142
1130,18718,15708,265,1,0.1960546225309372,0.04236660897731781,0.8408863544464111
1131,18734,20017,29,4,0.1921999603509903,0.04274102300405502,1.7734789848327637
1132,18739,21618,29,3,0.19288918375968933,0.04473897069692612,1.6876215934753418
1133,18758,22411,689,1,0.19604234397411346,0.039629124104976654,0.09065208584070206
1134,18771,14627,5,2,0.19601887464523315,0.04682323336601257,1.9664535522460938
1135,18807,16345,64,3,0.1931309551000595,0.041190117597579956,1.1904187202453613
1136,18834,19955,486,2,0.19531534612178802,0.04109974205493927,0.32394757866859436
1137,18860,3484,1749,2,0.19634628295898438,0.04275079816579819,-1.5699520111083984
1138,18903,20860,195,3,0.19840462505817413,0.043602265417575836,0.9415566325187683
1139,18911,22344,18,3,0.19417764246463776,0.04377894848585129,1.4276034832000732
1140,18936,22425,1366,5,0.19396726787090302,0.03482428565621376,-0.41094669699668884
1141,18938,9512,1092,3,0.19346021115779877,0.03647049516439438,-0.20335116982460022
1142,18974,17246,174,2,0.19333188235759735,0.038707587867975235,0.9343444108963013
1143,18994,21451,1094,2,0.19707143306732178,0.03881442919373512,-0.11413593590259552
1144,19000,3921,249,3,0.1952148675918579,0.03953252732753754,0.6673639416694641
1145,19007,9656,170,4,0.20099113881587982,0.04287900775671005,0.9095495939254761
1146,19015,1924,1415,4,0.19221659004688263,0.0368817076086998,-0.5094758868217468
1147,19025,22948,524,6,0.19344556331634521,0.03892851620912552,0.24408763647079468
1148,19030,22105,270,2,0.1981460452079773,0.046098917722702026,0.7473253607749939
1149,19031,13869,1230,2,0.19824723899364471,0.05158114433288574,-0.32841944694519043
1150,19032,22900,79,3,0.1955031007528305,0.041846197098493576,1.1361494064331055
1151,19054,10081,86,2,0.19528327882289886,0.04310537502169609,1.031548023223877
1152,19152,4896,1498,2,0.19787342846393585,0.045360811054706573,-0.7541627883911133
1153,19159,1946,284,2,0.19239813089370728,0.0430414080619812,0.6908801198005676
1154,19201,5963,724,3,0.19525131583213806,0.040846969932317734,0.0740182176232338
1155,19214,11578,1433,3,0.19681154191493988,0.0406920425593853,-0.5699551105499268
1156,19225,22894,748,3,0.19310645759105682,0.03960314393043518,0.004460074007511139
1157,19252,20260,39,10,0.19935765862464905,0.0439225472509861,1.6458959579467773
1158,19253,2979,134,3,0.19345536828041077,0.037957124412059784,0.8838410377502441
1159,19266,10026,18,2,0.20035800337791443,0.05435091629624367,1.9065021276474
1160,19269,22574,671,2,0.19325928390026093,0.037986136972904205,0.12294905632734299
1161,19277,19653,20,5,0.19186607003211975,0.04128853231668472,1.6400024890899658
1162,19279,5877,1383,2,0.19520823657512665,0.036362793296575546,-0.42247623205184937
1163,19304,21267,235,4,0.19237260520458221,0.03931542485952377,0.8554654717445374
1164,19306,18840,209,2,0.1937018483877182,0.04002618417143822,0.9053518772125244
1165,19323,4541,1218,2,0.19715765118598938,0.04623408615589142,-0.3249432444572449
1166,19325,6474,1628,7,0.1954888105392456,0.03678985685110092,-1.0668195486068726
1167,19342,15698,1245,3,0.19281092286109924,0.04039979726076126,-0.31463515758514404
1168,19358,11000,90,2,0.20017410814762115,0.04223068058490753,1.0346063375473022
1169,19392,21826,1563,3,0.19842851161956787,0.050666119903326035,-0.8451633453369141
1170,19398,13016,923,5,0.1950918585062027,0.04432154446840286,-0.031974829733371735
1171,19399,20676,82,2,0.1998671144247055,0.04547537863254547,1.235178828239441
1172,19436,2478,1686,5,0.194521963596344,0.0392855629324913,-1.017339825630188
1173,19499,20942,282,6,0.19542501866817474,0.049331698566675186,0.8866713047027588
1174,19544,10842,390,2,0.19517260789871216,0.0412616990506649,0.4163331985473633
1175,19556,7766,424,2,0.19337552785873413,0.03715169057250023,0.40748199820518494
1176,19559,7171,1063,4,0.1982349008321762,0.04802365601062775,-0.25886809825897217
1177,19613,22951,88,2,0.19605092704296112,0.05018991976976395,1.3673737049102783
1178,19615,12739,544,3,0.19657234847545624,0.04739341139793396,0.3081558644771576
1179,19623,5948,1724,3,0.19253996014595032,0.04463840648531914,-1.4105751514434814
1180,19634,7865,1086,2,0.19475102424621582,0.039909154176712036,-0.13152949512004852
1181,19643,10121,918,5,0.1931959092617035,0.04383828490972519,-0.12744098901748657
1182,19654,7543,1,2,0.19350668787956238,0.042991772294044495,2.0299606323242188
1183,19662,20144,227,1,0.2025063931941986,0.0496588870882988,0.8676838874816895
1184,19667,5186,6,5,0.1961432844400406,0.04772808030247688,2.570793867111206
1185,19673,21734,775,2,0.19410689175128937,0.03986436128616333,0.19385960698127747
1186,19728,20685,986,2,0.1926736980676651,0.03593406826257706,-0.17649604380130768
1187,19740,22923,457,4,0.1938515305519104,0.038918592035770416,0.46672120690345764
1188,19762,21230,1336,3,0.19427867233753204,0.0481475293636322,-0.3816157579421997
1189,19769,22076,1624,4,0.19800624251365662,0.043139271438121796,-1.0689952373504639
1190,19781,13801,274,2,0.1967824399471283,0.04567478969693184,0.8210386037826538
1191,19783,12312,193,3,0.19737765192985535,0.04181329905986786,0.7544392943382263
1192,19786,22892,1607,2,0.1956363469362259,0.04368014633655548,-0.9023952484130859
1193,19812,3921,53,2,0.19937394559383392,0.04213050752878189,1.2313312292099
1194,19838,22874,1187,1,0.1953451931476593,0.04231693223118782,-0.266172856092453
1195,19848,10277,18,2,0.19324736297130585,0.0386083647608757,1.1425480842590332
1196,19864,2046,786,2,0.1934516727924347,0.03705332428216934,0.08381433039903641
1197,19885,11141,1000,4,0.19957178831100464,0.04879221320152283,-0.012981459498405457
1198,19897,19549,14,3,0.19396039843559265,0.042701177299022675,1.4950661659240723
1199,19920,21319,13,4,0.19468648731708527,0.04287577047944069,1.8532779216766357
1200,19932,22994,788,2,0.1940029263496399,0.0345892533659935,0.03328666090965271
1201,19950,4027,290,5,0.1940433830022812,0.04635912925004959,0.8372852206230164
1202,19958,21364,189,1,0.19397206604480743,0.042213767766952515,0.881355881690979
1203,19967,14296,76,2,0.1994357407093048,0.03806766867637634,1.0911271572113037
1204,19970,11091,33,3,0.19593383371829987,0.04180742800235748,1.4690632820129395
1205,20013,21321,490,3,0.19445736706256866,0.04102907329797745,0.3802011013031006
1206,20022,16926,487,2,0.19528038799762726,0.03531210869550705,0.46414458751678467
1207,20028,2084,1328,4,0.19681289792060852,0.050466567277908325,-0.4348750412464142
1208,20056,13253,535,2,0.19333508610725403,0.038324736058712006,0.38815775513648987
1209,20125,3890,677,4,0.19492802023887634,0.0383278951048851,0.27683305740356445
1210,20128,22921,159,7,0.1934831589460373,0.04025140404701233,0.7862739562988281
1211,20130,9758,1679,2,0.19643642008304596,0.04609442502260208,-0.9544941186904907
1212,20153,20298,4,2,0.1928744912147522,0.03975168615579605,2.4591684341430664
1213,20154,22861,291,10,0.19717660546302795,0.0370626226067543,0.7748137712478638
1214,20166,17148,833,2,0.20206373929977417,0.054493725299835205,0.07282532751560211
1215,20210,12542,276,6,0.19480319321155548,0.0386238768696785,0.7369880676269531
1216,20246,22861,909,4,0.19558285176753998,0.03968043997883797,0.04389578104019165
1217,20254,4761,232,2,0.20274150371551514,0.04521959647536278,0.8868962526321411
1218,20301,3740,1581,2,0.19383159279823303,0.037340860813856125,-0.8457115292549133
1219,20341,11932,130,6,0.19399893283843994,0.03997495025396347,0.9402775764465332
1220,20359,20926,716,2,0.19838817417621613,0.03511447459459305,0.24986052513122559
1221,20365,18430,697,2,0.19993893802165985,0.04125155881047249,0.2604905366897583
1222,20383,2140,2,3,0.19963695108890533,0.05345205217599869,3.2179155349731445
1223,20385,19486,2,2,0.19401083886623383,0.04057147353887558,2.734113931655884
1224,20449,8717,302,3,0.19478532671928406,0.03872071951627731,0.6689594984054565
1225,20458,7237,5,2,0.19554108381271362,0.04587307199835777,1.8872522115707397
1226,20464,17422,616,3,0.19981341063976288,0.035631075501441956,0.21322916448116302
1227,20472,17785,42,2,0.19670835137367249,0.04320060461759567,1.4236879348754883
1228,20483,7661,1301,8,0.19682011008262634,0.033495254814624786,-0.37425124645233154
1229,20487,21758,16,3,0.1918204426765442,0.03887481242418289,1.5284430980682373
1230,20488,18116,895,2,0.1941380649805069,0.04025932401418686,0.007171351462602615
1231,20501,2152,63,4,0.19296161830425262,0.04559199512004852,1.4222657680511475
1232,20526,23031,648,5,0.19319801032543182,0.04845871403813362,0.27383169531822205
1233,20604,7236,469,1,0.2006220519542694,0.04277035593986511,0.5207107067108154
1234,20606,22382,1067,3,0.1949750781059265,0.039271578192710876,-0.19725073873996735
1235,20607,10524,143,3,0.19936776161193848,0.04772244393825531,0.9794261455535889
1236,20610,20127,948,6,0.19597750902175903,0.03536421060562134,-0.09583505243062973
1237,20678,16440,1575,2,0.193694069981575,0.040526166558265686,-0.8032718896865845
1238,20681,7014,901,5,0.19234998524188995,0.03365347534418106,0.004154738038778305
1239,20686,22633,561,3,0.19685964286327362,0.046678416430950165,0.34193307161331177
1240,20689,18133,1493,5,0.19296082854270935,0.04579763114452362,-0.6195006370544434
1241,20692,21377,107,4,0.19401958584785461,0.044239699840545654,0.9803529381752014
1242,20698,22787,1671,1,0.19546091556549072,0.04206908121705055,-0.9927592277526855
1243,20700,14056,105,2,0.1959097683429718,0.04695211350917816,1.408520221710205
1244,20726,21344,1264,2,0.1999908685684204,0.036217302083969116,-0.3955329656600952
1245,20735,18362,1206,6,0.19460181891918182,0.0403604730963707,-0.23566843569278717
1246,20748,13394,18,5,0.1923835426568985,0.04043738543987274,1.7762433290481567
1247,20771,3584,785,4,0.19362246990203857,0.0421745665371418,0.1080389991402626
1248,20788,22964,16,4,0.1966131329536438,0.04637240618467331,1.7368013858795166
1249,20790,18728,460,1,0.19680550694465637,0.03729410469532013,0.44357770681381226
1250,20815,22929,1063,2,0.20097024738788605,0.04835156351327896,-0.10956074297428131
1251,20822,20995,4,2,0.19397182762622833,0.04316221922636032,1.6425334215164185
1252,20827,17276,18,2,0.19897498190402985,0.04834846034646034,1.7838613986968994
1253,20847,13670,453,2,0.1935110241174698,0.03425062447786331,0.3804072141647339
1254,20874,22229,449,2,0.1935204714536667,0.0360717698931694,0.4242970943450928
1255,20899,18594,27,1,0.20126071572303772,0.0456429198384285,1.5669175386428833
1256,20926,22545,623,1,0.20246322453022003,0.061213258653879166,0.32691776752471924
1257,20943,17912,529,3,0.19589205086231232,0.04163244366645813,0.43916577100753784
1258,20989,4642,794,2,0.19515223801136017,0.042691439390182495,0.1276838481426239
1259,21003,19336,1203,3,0.19502614438533783,0.03827088698744774,-0.24430809915065765
1260,21014,18548,64,2,0.19593411684036255,0.04720618575811386,1.4553200006484985
1261,21075,16414,776,2,0.19278623163700104,0.03541667014360428,0.04718904197216034
1262,21087,22959,78,3,0.19865788519382477,0.047894980758428574,1.179091215133667
1263,21103,7577,1183,6,0.19423775374889374,0.034348197281360626,-0.2609495520591736
1264,21115,5810,640,2,0.19929538667201996,0.04295637458562851,0.3042066991329193
1265,21135,9103,1658,2,0.19549699127674103,0.04185575991868973,-1.0314929485321045
1266,21146,19256,482,2,0.19644002616405487,0.04693244397640228,0.36493852734565735
1267,21178,23026,1355,3,0.1963115632534027,0.04416751116514206,-0.5102697610855103
1268,21204,13241,1231,3,0.19658081233501434,0.042640283703804016,-0.36066824197769165
1269,21281,13436,645,3,0.2008458822965622,0.051159247756004333,0.129104882478714
1270,21301,19659,808,2,0.20138441026210785,0.03419569879770279,-0.12046696990728378
1271,21308,21615,1073,5,0.19257085025310516,0.0392988845705986,-0.12853708863258362
1272,21322,4304,219,3,0.19884541630744934,0.05016784369945526,0.7814778089523315
1273,21335,22349,88,3,0.19691291451454163,0.04270869120955467,1.247841715812683
1274,21355,22434,705,3,0.20015555620193481,0.04579097777605057,0.23823446035385132
1275,21366,16956,268,4,0.19348320364952087,0.03621908277273178,0.7437440752983093
1276,21387,4209,1416,5,0.19440995156764984,0.03631232678890228,-0.5703054666519165
1277,21407,8873,1187,2,0.1989385187625885,0.0459887869656086,-0.2702465057373047
1278,21416,11281,70,3,0.19638600945472717,0.04447167366743088,1.1170084476470947
1279,21446,12804,1099,4,0.1944231241941452,0.03824765235185623,-0.20879553258419037
1280,21457,20141,677,8,0.19830435514450073,0.04024061560630798,0.2882733643054962
1281,21466,10304,425,2,0.1940518170595169,0.04013816639780998,0.5120415687561035
1282,21475,20864,1325,2,0.19587162137031555,0.0420946404337883,-0.44528013467788696
1283,21497,15814,642,4,0.19461442530155182,0.04483950883150101,0.22926008701324463
1284,21501,11540,1227,2,0.1942960023880005,0.03272602707147598,-0.30226418375968933
1285,21512,9479,487,3,0.1960049271583557,0.03572993353009224,0.4144940972328186
1286,21522,8758,1432,2,0.20487743616104126,0.034210361540317535,-0.5302477478981018
1287,21538,22434,241,3,0.19350649416446686,0.04052126035094261,0.8027716279029846
1288,21561,2332,1779,2,0.1982439011335373,0.05007743090391159,-3.436504364013672
1289,21572,21942,85,4,0.19401675462722778,0.03773221746087074,1.1640161275863647
1290,21574,20240,913,3,0.19440583884716034,0.0345241017639637,-0.06810249388217926
1291,21586,22555,1223,7,0.19482837617397308,0.05392477661371231,-0.2897440791130066
1292,21623,22743,1363,2,0.19805561006069183,0.045212361961603165,-0.552631139755249
1293,21661,17438,1285,1,0.1949981302022934,0.0352996364235878,-0.34297382831573486
1294,21677,22775,480,3,0.19249475002288818,0.038943737745285034,0.432975172996521
1295,21716,11337,2,2,0.19968125224113464,0.04533897340297699,2.8120241165161133
1296,21759,4864,383,2,0.2008037269115448,0.04071511700749397,0.5347331762313843
1297,21772,22472,1676,1,0.19815608859062195,0.04745541512966156,-1.373325228691101
1298,21813,16292,5,3,0.19445320963859558,0.03781134635210037,1.913027048110962
1299,21834,14778,174,2,0.19299615919589996,0.042183663696050644,0.7694092392921448
1300,21838,22385,503,3,0.19896918535232544,0.04822561517357826,0.48747166991233826
1301,21842,19186,698,7,0.19446083903312683,0.046260230243206024,0.13174346089363098
1302,21852,22474,192,1,0.19507724046707153,0.04302149638533592,0.8483315110206604
1303,21859,4334,19,2,0.19734695553779602,0.03666245564818382,1.6726913452148438
1304,21890,19794,1272,4,0.19272275269031525,0.03815583884716034,-0.3383049964904785
1305,21896,22532,802,2,0.19550840556621552,0.0421934649348259,0.09081776440143585
1306,21911,22834,1180,1,0.20013268291950226,0.044811636209487915,-0.2394842952489853
1307,21912,22515,333,3,0.20033740997314453,0.05155346542596817,0.67673259973526
1308,21941,9811,878,2,0.19559049606323242,0.034265268594026566,-0.035613492131233215
1309,21955,17716,1203,1,0.19643841683864594,0.03786536306142807,-0.3305939733982086
1310,21960,12930,975,3,0.19300244748592377,0.03716569393873215,-0.005734537728130817
1311,21981,14964,1643,2,0.1925731897354126,0.04074827581644058,-0.9060282707214355
1312,21988,21826,56,8,0.1963370144367218,0.05052117258310318,1.5942420959472656
1313,22006,21124,462,2,0.19272425770759583,0.039111051708459854,0.48335355520248413
1314,22024,10954,1691,3,0.19377247989177704,0.032915081828832626,-1.015594244003296
1315,22037,14510,1291,2,0.192131906747818,0.0384615994989872,-0.3399183452129364
1316,22097,8042,1231,2,0.1957891881465912,0.045339494943618774,-0.236566960811615
1317,22134,14255,178,3,0.19340400397777557,0.04401467740535736,0.9388843774795532
1318,22167,22204,8,6,0.19327406585216522,0.04358946532011032,2.3471221923828125
1319,22172,21217,771,3,0.19862580299377441,0.05006547272205353,0.1822737455368042
1320,22176,22909,764,3,0.1954224854707718,0.04261121153831482,0.027042092755436897
1321,22179,12036,314,2,0.19996249675750732,0.03285912424325943,0.6640303134918213
1322,22183,8766,1045,1,0.19410976767539978,0.032007962465286255,-0.20080174505710602
1323,22213,22821,583,2,0.19623413681983948,0.044254422187805176,0.25231102108955383
1324,22220,3633,53,3,0.19298043847084045,0.042835526168346405,1.146854043006897
1325,22231,22957,1057,4,0.1963219791650772,0.04086461663246155,-0.09572966396808624
1326,22238,10831,71,2,0.19713197648525238,0.04614650830626488,1.2234668731689453
1327,22241,2492,226,3,0.1944756805896759,0.04241255670785904,0.8048298954963684
1328,22254,7779,1460,3,0.1954057365655899,0.04427637159824371,-0.6140593886375427
1329,22290,2920,56,2,0.19327856600284576,0.03891397640109062,1.069715976715088
1330,22302,10918,11,2,0.1997382789850235,0.05144679918885231,2.333528995513916
1331,22310,22356,605,2,0.19631710648536682,0.0442865714430809,0.3386166989803314
1332,22315,8077,260,2,0.19579380750656128,0.03884558379650116,0.7558704614639282
1333,22331,21276,373,6,0.19397298991680145,0.04234246164560318,0.5323262214660645
1334,22366,18548,285,4,0.19478817284107208,0.04302630200982094,0.882066547870636
1335,22387,5436,13,2,0.19400303065776825,0.04088139161467552,1.5742671489715576
1336,22400,5895,677,2,0.20004604756832123,0.04667099192738533,0.2474973201751709
1337,22429,20893,1101,2,0.19418124854564667,0.0408276729285717,-0.09720557928085327
1338,22445,22213,12,8,0.19840553402900696,0.04675021767616272,2.7184548377990723
1339,22463,19474,28,2,0.19314700365066528,0.03874252736568451,1.4366905689239502
1340,22482,17922,1253,2,0.19464316964149475,0.03855278715491295,-0.3304605484008789
1341,22490,22853,1206,2,0.19351936876773834,0.039840832352638245,-0.30685189366340637
1342,22501,19837,585,4,0.19456009566783905,0.040363311767578125,0.2812621295452118
1343,22502,13175,1063,2,0.1994248628616333,0.04819504916667938,-0.20886589586734772
1344,22508,13453,608,4,0.19747939705848694,0.03492957726120949,0.18592408299446106
1345,22515,6884,1755,2,0.19718840718269348,0.055188704282045364,-1.8989853858947754
1346,22538,12705,332,2,0.2024182677268982,0.034984514117240906,0.7105007171630859
1347,22628,12592,1,2,0.19828206300735474,0.04855866730213165,2.802401065826416
1348,22630,5059,36,2,0.19151555001735687,0.04673215001821518,1.704577088356018
1349,22659,2594,1552,3,0.19436684250831604,0.04601053521037102,-0.6857485771179199
1350,22675,23009,734,2,0.19541840255260468,0.04215780645608902,0.07532893121242523
1351,22695,20610,1240,2,0.19908654689788818,0.04558872431516647,-0.3932376205921173
1352,22700,4665,1362,2,0.20080026984214783,0.04241738095879555,-0.4242374897003174
1353,22709,3018,60,3,0.19252188503742218,0.03964995592832565,1.0158073902130127
1354,22710,19985,402,1,0.1951030045747757,0.04013294726610184,0.40205276012420654
1355,22714,20902,5,3,0.1980871707201004,0.04539711773395538,1.9417692422866821
1356,22731,22913,616,2,0.1933050900697708,0.03785884007811546,0.17084772884845734
1357,22743,10454,1432,1,0.1929345726966858,0.0335797518491745,-0.5214532017707825
1358,22767,17099,1210,3,0.19291748106479645,0.03318936377763748,-0.33639347553253174
1359,22774,22018,726,7,0.19347207248210907,0.03879378363490105,0.11785029619932175
1360,22781,9818,2,2,0.19283193349838257,0.037116214632987976,1.9973441362380981
1361,22782,7186,109,3,0.19482262432575226,0.044738635420799255,1.4976434707641602
1362,22799,17569,383,7,0.19576166570186615,0.04126343876123428,0.553151547908783
1363,22827,11953,156,3,0.19381558895111084,0.04075102135539055,0.9247149229049683
1364,22830,21465,782,2,0.1927899420261383,0.039373692125082016,0.12055599689483643
1365,22843,22946,1174,2,0.19180947542190552,0.03710343688726425,-0.22223784029483795
1366,22849,14716,1,3,0.19384989142417908,0.03920481353998184,2.8782200813293457
1367,22864,4019,358,4,0.20105332136154175,0.03541937842965126,0.6753999590873718
1368,22873,22884,832,2,0.19562865793704987,0.03835683315992355,0.037906713783741
1369,22876,19652,1458,2,0.19245252013206482,0.03341086208820343,-0.5099174380302429
1370,22878,16642,297,2,0.2000107318162918,0.043743133544921875,0.6897598505020142
1371,22882,3103,1347,1,0.2031652182340622,0.03288267180323601,-0.5161750316619873
1372,22928,13697,69,3,0.19343674182891846,0.03960573300719261,1.0870715379714966
1373,22929,20978,55,3,0.19212327897548676,0.042749904096126556,1.2729837894439697
1374,22952,2667,1,2,0.19530785083770752,0.04895184934139252,2.601616382598877
1375,22991,16890,1032,2,0.19822543859481812,0.031624168157577515,-0.11356884241104126
1376,23048,17424,1676,2,0.1958567500114441,0.047758426517248154,-1.0037870407104492
1377,23064,21429,31,2,0.19361542165279388,0.04340297728776932,1.2520333528518677
1378,23074,19594,1527,1,0.19551487267017365,0.03390999883413315,-0.6756048202514648
1379,23081,2686,1,2,0.20028303563594818,0.059031352400779724,6.477362155914307
1380,23084,9674,903,4,0.1949051022529602,0.0422949343919754,-0.030539274215698242
1381,23090,12939,816,2,0.19931578636169434,0.03654544800519943,0.14861230552196503
1382,23109,8466,368,2,0.19452595710754395,0.045758530497550964,0.60611891746521
1383,23121,18069,129,3,0.19402757287025452,0.04101825878024101,0.9776924848556519
1384,23122,6718,393,2,0.1938215047121048,0.03570415452122688,0.5171570777893066
1385,23135,4395,14,3,0.19682493805885315,0.04776761680841446,1.5969698429107666
1386,23141,22518,1299,2,0.1984485387802124,0.04224655032157898,-0.3859035074710846
1387,23175,21615,712,2,0.1963968724012375,0.041164107620716095,0.1266012340784073
1388,23176,22033,585,2,0.19436784088611603,0.039698485285043716,0.3466213643550873
1389,23219,22935,281,2,0.2040265053510666,0.048541825264692307,0.6582738161087036
1390,23255,21045,1066,1,0.19302695989608765,0.03679008036851883,-0.21034644544124603
1391,23256,12526,753,2,0.19512207806110382,0.03698236122727394,0.08417956531047821
1392,23269,5491,1403,2,0.19328424334526062,0.03713544085621834,-0.500716507434845
1393,23272,23032,1621,2,0.19423331320285797,0.04215111583471298,-1.0356411933898926
1394,23323,4371,1758,3,0.19728983938694,0.04748407378792763,-1.804963231086731
1395,23341,2758,1465,2,0.1921306699514389,0.04060288146138191,-0.6045786142349243
1396,23350,16433,367,2,0.19820591807365417,0.044838421046733856,0.6546724438667297
1397,23358,17611,1336,2,0.1941128671169281,0.04379504173994064,-0.3759547770023346
1398,23385,20041,108,2,0.1949910968542099,0.03868970274925232,1.1348519325256348
1399,23392,17957,321,2,0.19369077682495117,0.03728506714105606,0.5889530181884766
1400,23442,21500,534,3,0.19765426218509674,0.03921794146299362,0.4264658987522125
1401,23477,9968,393,2,0.19519349932670593,0.044025324285030365,0.602204442024231
1402,23487,20913,625,2,0.19342055916786194,0.03954561799764633,0.3048792779445648
1403,23488,20040,290,2,0.19477015733718872,0.03648347780108452,0.722823977470398
1404,23491,19297,262,2,0.19516615569591522,0.04004454240202904,0.807881236076355
1405,23515,7733,2,1,0.19831641018390656,0.05011282488703728,3.875885009765625
1406,23535,2814,794,2,0.1971568614244461,0.04178525507450104,0.09006673097610474
1407,23546,9384,17,2,0.20178812742233276,0.05582666024565697,2.754497766494751
1408,23551,19895,16,5,0.1924692541360855,0.039135709404945374,1.2630373239517212
1409,23605,14776,740,2,0.19638805091381073,0.04329473897814751,0.16886943578720093
1410,23615,22533,2,2,0.19624322652816772,0.051997922360897064,3.140941858291626
1411,23628,21586,160,2,0.19806478917598724,0.03749457746744156,0.9764136075973511
1412,23654,21195,1428,2,0.1962137520313263,0.04293079674243927,-0.608061671257019
1413,23676,20891,74,2,0.198022723197937,0.046015817672014236,1.3215065002441406
1414,23682,16818,1762,3,0.19554470479488373,0.039996132254600525,-2.5702574253082275
1415,23689,20550,1659,2,0.1920594424009323,0.038673289120197296,-1.038236379623413
1416,23729,22966,128,2,0.19262580573558807,0.04388446360826492,1.269492506980896
1417,23731,17888,1150,3,0.1921726018190384,0.03743869438767433,-0.24910064041614532
1418,23758,22059,140,2,0.19771260023117065,0.04834339767694473,1.0355877876281738
1419,23766,4576,1313,3,0.1926340013742447,0.03703834488987923,-0.3897482752799988
1420,23775,17210,1259,2,0.1973821073770523,0.03903160244226456,-0.39282935857772827
1421,23787,22511,46,3,0.201055645942688,0.05127405375242233,1.7717818021774292
1422,23810,15983,684,3,0.19393356144428253,0.033104605972766876,0.06124602630734444
1423,23832,20282,28,4,0.19240590929985046,0.042748451232910156,1.4025954008102417
1424,23833,11835,126,3,0.19608163833618164,0.03605942055583,0.9494701623916626
1425,23851,15572,266,3,0.19634757936000824,0.04879593104124069,0.7121370434761047
1426,23853,13239,1284,3,0.19593998789787292,0.04575401544570923,-0.3844485282897949
1427,23867,3560,1267,2,0.20096270740032196,0.04758460074663162,-0.40110671520233154
1428,23876,21895,229,6,0.19353240728378296,0.03944235295057297,0.7909101843833923
1429,23913,17805,646,3,0.19436906278133392,0.04114960879087448,0.17443600296974182
1430,23922,17953,5,4,0.19213610887527466,0.0431642159819603,1.7814152240753174
1431,23923,19829,621,5,0.19368867576122284,0.040746286511421204,0.25947535037994385
1432,23939,11142,826,2,0.194854274392128,0.04166857898235321,0.03753659874200821
1433,23943,10945,659,5,0.193321093916893,0.03445157781243324,0.34363794326782227
1434,23945,3469,890,2,0.19697925448417664,0.0322679802775383,-0.005051136016845703
1435,23953,6193,264,3,0.19433815777301788,0.04123908281326294,0.9102995991706848
1436,23964,12288,993,2,0.19371004402637482,0.03867579996585846,-0.17931094765663147
1437,23974,13314,182,2,0.1989891231060028,0.04402519017457962,0.8550808429718018
1438,23976,11979,757,2,0.1971910148859024,0.04344028979539871,0.1303967535495758
1439,23978,13824,1680,2,0.19414913654327393,0.04228368028998375,-1.0504652261734009
1440,23983,6795,8,2,0.19679735600948334,0.04293834790587425,2.2183380126953125
1441,23990,6893,741,2,0.19856974482536316,0.03294644132256508,0.2038494050502777
1442,24060,19304,830,2,0.1986318975687027,0.03835602104663849,0.07246130704879761
1443,24075,19361,1107,2,0.19516001641750336,0.04585292190313339,-0.10573375970125198
1444,24090,9853,968,2,0.19817247986793518,0.04240523278713226,-0.07769700884819031
1445,24097,22926,22,2,0.19479940831661224,0.04299464449286461,1.8710200786590576
1446,24100,2978,1624,2,0.20649364590644836,0.04949938505887985,-0.9936052560806274
1447,24109,5347,1178,3,0.1943061649799347,0.03848652541637421,-0.3367614448070526
1448,24119,14264,1259,2,0.20074322819709778,0.0342072919011116,-0.37151286005973816
1449,24125,15827,5,3,0.1938086450099945,0.03645361214876175,1.9105796813964844
1450,24134,15865,614,2,0.19427433609962463,0.037073906511068344,0.1860731691122055
1451,24139,18362,498,2,0.19315622746944427,0.037910155951976776,0.413691908121109
1452,24144,11925,121,3,0.19341222941875458,0.04153049737215042,0.9935847520828247
1453,24151,10817,1318,2,0.19785475730895996,0.03305330127477646,-0.4505762457847595
1454,24204,20668,4,2,0.1943284422159195,0.044254858046770096,1.462407112121582
1455,24269,12686,828,2,0.1952819675207138,0.04444611445069313,0.041887663304805756
1456,24285,22346,1259,2,0.19534391164779663,0.03278997540473938,-0.3402303457260132
1457,24299,21798,1106,5,0.19333823025226593,0.04134770482778549,-0.2368621528148651
1458,24323,3050,660,3,0.19435374438762665,0.04070177674293518,0.2554427981376648
1459,24333,19794,564,2,0.19361945986747742,0.03530634194612503,0.24361369013786316
1460,24343,22903,344,3,0.19980095326900482,0.04719250276684761,0.5050034523010254
1461,24369,12617,1523,2,0.1993555724620819,0.03380195051431656,-0.6626594066619873
1462,24371,6879,46,3,0.19365347921848297,0.03958754986524582,1.1630313396453857
1463,24395,3730,1641,3,0.19255924224853516,0.04213446378707886,-0.9001840949058533
1464,24398,10401,14,3,0.19554594159126282,0.0449315570294857,1.752869963645935
1465,24407,3073,16,3,0.19254934787750244,0.03776554390788078,1.3698786497116089
1466,24412,22990,123,5,0.1915556937456131,0.03860441595315933,0.9171395301818848
1467,24449,11328,350,2,0.19335775077342987,0.03906736522912979,0.6368022561073303
1468,24480,22939,25,1,0.19472135603427887,0.043347250670194626,1.4549927711486816
1469,24524,16859,126,2,0.19435130059719086,0.043966419994831085,1.0177416801452637
1470,24530,15913,207,2,0.19349440932273865,0.04113771766424179,0.7200132608413696
1471,24544,20503,725,4,0.19751007854938507,0.04491138458251953,0.16259941458702087
1472,24580,3113,35,2,0.19419586658477783,0.044871773570775986,1.5514535903930664
1473,24601,21110,924,2,0.20340098440647125,0.034246157854795456,0.05342378094792366
1474,24616,20312,1042,2,0.1943642944097519,0.03054613247513771,-0.177692249417305
1475,24629,11589,550,2,0.19479350745677948,0.03991173952817917,0.2925475239753723
1476,24636,21734,642,7,0.19502948224544525,0.041986338794231415,0.2878445088863373
1477,24648,16873,298,3,0.1945648044347763,0.03672730177640915,0.7795923352241516
1478,24652,13175,688,2,0.19797538220882416,0.04547460004687309,0.14300543069839478
1479,24738,20641,339,2,0.19646400213241577,0.043082185089588165,0.626724123954773
1480,24755,20801,53,3,0.19415076076984406,0.04323696345090866,1.1755777597427368
1481,24836,12657,454,1,0.1977875679731369,0.04307052865624428,0.5377861857414246
1482,24841,19955,1354,2,0.19881868362426758,0.046962153166532516,-0.44662025570869446
1483,24869,16217,361,2,0.19447511434555054,0.03723397105932236,0.5527182817459106
1484,24911,3188,23,2,0.19427986443042755,0.03682307153940201,1.4093656539916992
1485,24913,20793,419,3,0.1967151015996933,0.04285823181271553,0.5276003479957581
1486,24929,9508,1464,4,0.1972389668226242,0.04738222807645798,-0.6772235035896301
1487,24977,15619,551,4,0.1997920125722885,0.050210222601890564,0.39089345932006836
1488,24978,3825,543,3,0.1946956068277359,0.03951190412044525,0.28540337085723877
1489,24995,8537,1657,2,0.194290891289711,0.040186263620853424,-1.1528233289718628
1490,25069,20803,557,3,0.19586698710918427,0.043338701128959656,0.3388753831386566
1491,25110,19052,3,3,0.19674697518348694,0.04405815154314041,1.9947837591171265
1492,25184,22884,806,2,0.20272453129291534,0.04137181118130684,0.03952818363904953
1493,25197,17183,187,1,0.19444318115711212,0.04224900156259537,0.90513014793396
1494,25198,5082,30,1,0.19434864819049835,0.04353178292512894,1.2483468055725098
1495,25245,5847,95,2,0.19843032956123352,0.04775175452232361,1.1783335208892822
1496,25265,17953,1194,3,0.19750183820724487,0.03477704897522926,-0.21804498136043549
1497,25268,18542,503,4,0.1947242170572281,0.04153291881084442,0.2863670289516449
1498,25289,13001,157,2,0.19330699741840363,0.03790314495563507,0.8976107239723206
1499,25300,8410,317,2,0.19414196908473969,0.04553427919745445,0.6516278982162476
1500,25328,13078,787,2,0.1938009113073349,0.035342782735824585,0.10841721296310425
1501,25329,22355,113,2,0.1962597519159317,0.04519006609916687,1.0773348808288574
1502,25337,22252,464,2,0.19604603946208954,0.041232913732528687,0.43645066022872925
1503,25339,19835,374,3,0.1933068484067917,0.03947509080171585,0.543748140335083
1504,25396,19069,615,3,0.19362519681453705,0.038406502455472946,0.15957550704479218
1505,25397,17369,134,3,0.19416391849517822,0.040054164826869965,1.0258480310440063
1506,25407,11829,159,8,0.1947108954191208,0.03688224032521248,0.8685145378112793
1507,25438,21384,24,5,0.19289995729923248,0.044893503189086914,1.7968189716339111
1508,25440,3344,157,2,0.1994868516921997,0.035927124321460724,0.9286038875579834
1509,25443,3637,72,2,0.19435705244541168,0.040676020085811615,1.066644310951233
1510,25453,22826,29,6,0.19454790651798248,0.04690320044755936,1.789811611175537
1511,25462,21436,485,2,0.19236533343791962,0.03848694637417793,0.38425225019454956
1512,25485,19663,1667,3,0.20043668150901794,0.05232713371515274,-1.043666958808899
1513,25490,20564,561,2,0.1969839334487915,0.04771970212459564,0.2869807779788971
1514,25492,21146,584,2,0.194967120885849,0.039753422141075134,0.35565775632858276
1515,25518,3726,934,3,0.19269035756587982,0.0399981290102005,-0.1484796553850174
1516,25532,3382,174,2,0.19837211072444916,0.042292557656764984,1.1540812253952026
1517,25605,9388,4,3,0.19624879956245422,0.04421905055642128,2.6092538833618164
1518,25607,9388,3,3,0.19319117069244385,0.04855777695775032,2.78920841217041
1519,25609,3396,1629,2,0.19225358963012695,0.03724249079823494,-0.8197106122970581
1520,25612,13511,187,1,0.1936478614807129,0.04132980480790138,0.8485013246536255
1521,25629,10362,136,4,0.19323132932186127,0.041529715061187744,1.0579510927200317
1522,25657,3415,806,3,0.1947329044342041,0.043583258986473083,0.07209998369216919
1523,25658,9868,658,2,0.1943502277135849,0.03857603669166565,0.19287174940109253
1524,25687,22642,609,2,0.19171760976314545,0.035786643624305725,0.13618534803390503
1525,25689,19835,852,7,0.19514060020446777,0.042131319642066956,-0.02546989917755127
1526,25694,22958,144,2,0.1981784999370575,0.045819565653800964,0.9428611397743225
1527,25708,14877,358,3,0.19265428185462952,0.04298926517367363,0.5456580519676208
1528,25714,9384,962,2,0.19416312873363495,0.04515548050403595,-0.11395639926195145
1529,25771,16586,364,2,0.19491904973983765,0.037740156054496765,0.5341345071792603
1530,25789,3485,1510,4,0.1945570707321167,0.03531032055616379,-0.6585633158683777
1531,25792,15648,11,2,0.19512099027633667,0.046103335916996,1.4367637634277344
1532,25862,5520,44,4,0.1937999725341797,0.038425080478191376,1.72652006149292
1533,25867,11106,1125,1,0.19403712451457977,0.04018929600715637,-0.18694598972797394
1534,25885,22472,827,4,0.19318871200084686,0.03957299143075943,-0.05332029610872269
1535,25900,19526,6,2,0.19312922656536102,0.039085615426301956,1.5970613956451416
1536,25938,6195,312,5,0.19385318458080292,0.03947671130299568,0.660888671875
1537,26003,22144,312,2,0.19658012688159943,0.045530419796705246,0.5956736207008362
1538,26008,3712,707,6,0.1937251091003418,0.04419422894716263,0.20532824099063873
1539,26035,6656,1529,2,0.1960059404373169,0.04155927523970604,-0.7954311370849609
1540,26041,15998,18,2,0.192395880818367,0.037894297391176224,1.468024492263794
1541,26065,14871,598,3,0.19454213976860046,0.03527073562145233,0.18450583517551422
1542,26085,21685,1076,2,0.19681057333946228,0.03256474807858467,-0.13248127698898315
1543,26090,20805,280,2,0.19595609605312347,0.038569480180740356,0.7589254975318909
1544,26130,19913,1232,3,0.1942034363746643,0.03406278043985367,-0.28200411796569824
1545,26156,18394,919,6,0.19335494935512543,0.04930971562862396,-0.03390734642744064
1546,26202,18061,1311,2,0.19615909457206726,0.042261987924575806,-0.35881513357162476
1547,26209,22929,136,4,0.1954347789287567,0.043390385806560516,0.9201982021331787
1548,26220,10861,779,3,0.19234967231750488,0.03703904151916504,0.004567831754684448
1549,26230,8044,1686,2,0.1953311264514923,0.04449167847633362,-1.036566972732544
1550,26233,6714,553,2,0.19314734637737274,0.04084378480911255,0.3086189925670624
1551,26234,6497,596,2,0.193716898560524,0.03742017596960068,0.1809835433959961
1552,26241,16198,434,3,0.1942375749349594,0.03683030977845192,0.4370478689670563
1553,26247,7447,99,3,0.1969902217388153,0.042788490653038025,1.1999763250350952
1554,26259,23028,241,2,0.1967410296201706,0.04515624791383743,0.8879568576812744
1555,26267,22565,940,3,0.19256065785884857,0.03859495744109154,0.0030908435583114624
1556,26276,22807,1666,2,0.19764482975006104,0.04385877028107643,-1.009232997894287
1557,26299,3595,663,2,0.19596081972122192,0.04251328855752945,0.27956512570381165
1558,26321,3599,413,2,0.19665206968784332,0.04294699802994728,0.4988495707511902
1559,26349,22714,443,2,0.19890624284744263,0.0455271452665329,0.4172903299331665
1560,26368,13598,520,2,0.1963805854320526,0.03967038914561272,0.37900400161743164
1561,26369,6033,1341,2,0.1927480697631836,0.03385723754763603,-0.44792497158050537
1562,26371,10742,549,2,0.19395141303539276,0.041366808116436005,0.4312926232814789
1563,26377,9694,1,5,0.1954243779182434,0.04496866464614868,2.91174578666687
1564,26387,7373,662,2,0.19462814927101135,0.039520569145679474,0.11878959834575653
1565,26394,13046,19,4,0.1953040212392807,0.04710296913981438,2.102390766143799
1566,26402,14378,3,3,0.1949957311153412,0.04695653170347214,3.338686943054199
1567,26406,22574,89,2,0.19823047518730164,0.03717470169067383,1.5276768207550049
1568,26437,19112,840,2,0.19238752126693726,0.03764556348323822,0.042431652545928955
1569,26448,19900,28,3,0.1932411640882492,0.04115747660398483,1.51775324344635
1570,26530,5108,717,2,0.20143768191337585,0.05462317913770676,0.15509429574012756
1571,26532,8504,185,2,0.20055346190929413,0.03881674259901047,0.8628404140472412
1572,26534,22821,28,3,0.1955917328596115,0.04901620373129845,2.089063882827759
1573,26580,9479,60,2,0.19237469136714935,0.040044575929641724,1.1504063606262207
1574,26583,5903,612,3,0.19983315467834473,0.03566083312034607,0.3393903374671936
1575,26605,22328,654,5,0.193309485912323,0.035694584250450134,0.10252965986728668
1576,26628,4387,827,3,0.1943843811750412,0.03221777454018593,-0.029042363166809082
1577,26630,22004,763,2,0.19918698072433472,0.03607023134827614,0.11137627065181732
1578,26674,13481,362,2,0.19792169332504272,0.03637610748410225,0.6611353158950806
1579,26690,19767,15,2,0.19428899884223938,0.03956862539052963,1.4571373462677002
1580,26817,21758,1220,2,0.19863662123680115,0.03402407467365265,-0.26879677176475525
1581,26818,18274,49,2,0.19441992044448853,0.043924085795879364,1.1193525791168213
1582,26819,3762,172,2,0.19226416945457458,0.03909866884350777,0.9021849632263184
1583,26850,21345,441,3,0.19520480930805206,0.03902442753314972,0.4796315133571625
1584,26854,23031,1425,3,0.19618627429008484,0.04723039269447327,-0.4978296458721161
1585,26857,11685,1,2,0.19582144916057587,0.04076581075787544,2.1565723419189453
1586,26876,22217,864,3,0.19615867733955383,0.05186104029417038,-0.08185277134180069
1587,26886,22892,606,3,0.19654685258865356,0.05005751922726631,0.2707147002220154
1588,26952,12394,192,2,0.19915929436683655,0.04920121282339096,0.8808695077896118
1589,26973,15590,4,2,0.19351434707641602,0.041013143956661224,1.5317188501358032
1590,27003,11829,8,2,0.19484774768352509,0.03719542175531387,1.447798490524292
1591,27006,22480,165,3,0.19730204343795776,0.043179646134376526,0.9482990503311157
1592,27028,18091,180,2,0.19856564700603485,0.04457174241542816,0.8550940752029419
1593,27036,3822,14,3,0.20074890553951263,0.038978055119514465,1.948061466217041
1594,27046,14483,9,3,0.19275347888469696,0.03871416300535202,1.8008317947387695
1595,27054,15266,1,6,0.19314658641815186,0.037014201283454895,2.3365612030029297
1596,27078,20798,1519,1,0.20330791175365448,0.041731156408786774,-0.7470347881317139
1597,27079,21724,797,1,0.20330791175365448,0.0471394918859005,0.13301019370555878
1598,27093,21338,288,1,0.1972929835319519,0.04352513700723648,0.681816577911377
1599,27126,22144,147,2,0.20040586590766907,0.04611899331212044,0.9986928105354309
1600,27176,21364,51,4,0.19300328195095062,0.046860236674547195,1.6833010911941528
1601,27193,3865,1007,2,0.1932981014251709,0.04091476649045944,-0.1286560744047165
1602,27215,3869,725,2,0.19337961077690125,0.03397133946418762,0.05283472687005997
1603,27234,16763,1444,1,0.1931624561548233,0.03949275612831116,-0.5328353643417358
1604,27261,22929,200,2,0.19973796606063843,0.047365643084049225,0.9105028510093689
1605,27273,22994,889,2,0.19505375623703003,0.041171811521053314,0.09919105470180511
1606,27283,17780,1033,3,0.19376753270626068,0.04030343145132065,-0.12176419794559479
1607,27284,11696,230,3,0.19467361271381378,0.04568646103143692,0.7539738416671753
1608,27312,13482,1239,3,0.1953566074371338,0.043408773839473724,-0.3638153672218323
1609,27315,21350,3,5,0.193067267537117,0.03903235122561455,2.194528579711914
1610,27344,6982,1754,2,0.19240334630012512,0.03809202089905739,-1.706223964691162
1611,27366,20517,579,5,0.1929013878107071,0.04035726934671402,0.2255718857049942
1612,27385,21350,885,2,0.19665852189064026,0.031710438430309296,0.00835561752319336
1613,27392,3947,1358,3,0.19471603631973267,0.04169891029596329,-0.517703652381897
1614,27396,3948,88,2,0.20314650237560272,0.04464207962155342,1.4206795692443848
1615,27417,4170,863,2,0.1980983167886734,0.04385702311992645,0.0681094229221344
1616,27434,5108,960,2,0.19522930681705475,0.04451172053813934,-0.06843039393424988
1617,27437,3955,893,2,0.19640178978443146,0.04095238074660301,-0.02641737461090088
1618,27448,22228,537,4,0.19559025764465332,0.042286403477191925,0.3739471733570099
1619,27457,14681,1440,2,0.19435785710811615,0.035185880959033966,-0.482399582862854
1620,27465,17843,1034,1,0.19777847826480865,0.047928586602211,-0.07517818361520767
1621,27509,17976,34,2,0.1951112598180771,0.041808392852544785,1.33997642993927
1622,27511,10229,1,4,0.1939975917339325,0.043233007192611694,3.1342244148254395
1623,27514,21866,21,2,0.2009752243757248,0.047179631888866425,1.7898545265197754
1624,27533,7305,1546,3,0.19803591072559357,0.04392796754837036,-0.6993392705917358
1625,27546,3995,788,2,0.19805049896240234,0.03444471210241318,0.1524256020784378
1626,27551,16772,12,2,0.19248417019844055,0.04367620870471001,1.3791511058807373
1627,27561,10797,1780,4,0.19931820034980774,0.055741697549819946,-3.157339334487915
1628,27584,6314,171,2,0.1940912902355194,0.043449144810438156,0.933698296546936
1629,27623,4020,214,2,0.1939890831708908,0.043084122240543365,0.8502628803253174
1630,27687,22943,943,2,0.19935888051986694,0.043943941593170166,-0.05252690613269806
1631,27688,19859,1122,2,0.19351434707641602,0.039274584501981735,-0.13436073064804077
1632,27690,5745,230,4,0.19330208003520966,0.03855278715491295,0.804083526134491
1633,27691,10077,1248,3,0.19218890368938446,0.03874453529715538,-0.3243679404258728
1634,27694,4045,1313,2,0.19985830783843994,0.05277864262461662,-0.435344398021698
1635,27695,21282,1437,3,0.19568917155265808,0.039986416697502136,-0.49020737409591675
1636,27723,6269,55,2,0.19389599561691284,0.037991542369127274,1.1245884895324707
1637,27750,12454,671,2,0.19974839687347412,0.04511384293437004,0.2613407373428345
1638,27784,19913,600,2,0.1970747411251068,0.04136409983038902,0.32458800077438354
1639,27790,22932,1014,3,0.19795364141464233,0.04562857747077942,-0.08468122780323029
1640,27815,21742,181,2,0.19294528663158417,0.04040392488241196,0.9632734060287476
1641,27868,14417,180,2,0.19975343346595764,0.04517192393541336,0.8960722088813782
1642,27871,4133,1190,5,0.1930902600288391,0.04287010803818703,-0.18583661317825317
1643,27888,21021,338,2,0.20215286314487457,0.0461268275976181,0.6547835469245911
1644,27897,22453,683,3,0.19386187195777893,0.03724375367164612,0.26735663414001465
1645,27915,14062,1220,3,0.19499261677265167,0.04027154669165611,-0.3269566297531128
1646,27927,13376,617,2,0.20273102819919586,0.06035645306110382,0.25578922033309937
1647,27960,16616,384,2,0.19931846857070923,0.051691703498363495,0.5648199319839478
1648,27996,18274,813,2,0.20129549503326416,0.033072758466005325,0.11685127764940262
1649,28019,20753,20,2,0.1939643770456314,0.042752448469400406,1.3890511989593506
1650,28052,21446,1421,2,0.19271115958690643,0.0375082790851593,-0.4859921634197235
1651,28056,17693,14,1,0.1931004822254181,0.043109066784381866,1.9767677783966064
1652,28068,10151,1334,2,0.20288272202014923,0.03390585258603096,-0.5358517169952393
1653,28109,6037,2,3,0.19391532242298126,0.039934560656547546,2.2862331867218018
1654,28151,6716,1127,2,0.19439229369163513,0.040014803409576416,-0.25133487582206726
1655,28157,19837,530,3,0.1975412666797638,0.04685874655842781,0.3693855404853821
1656,28162,8589,692,3,0.1971927136182785,0.040224626660346985,0.10906896740198135
1657,28164,17122,624,2,0.1930386871099472,0.039023447781801224,0.26654309034347534
1658,28177,4284,3,3,0.19742371141910553,0.04585941880941391,2.3850865364074707
1659,28212,22701,1261,2,0.19511674344539642,0.03881826251745224,-0.364052414894104
1660,28219,6020,1678,5,0.19352011382579803,0.03411105275154114,-1.1701622009277344
1661,28222,21758,491,2,0.1960809975862503,0.03482013940811157,0.2697761654853821
1662,28302,15571,21,3,0.1962207853794098,0.03653706610202789,1.837129831314087
1663,28353,8812,385,3,0.20052260160446167,0.03497603163123131,0.5748132467269897
1664,28374,21491,1033,3,0.19600073993206024,0.04500468820333481,-0.2389841377735138
1665,28390,7170,396,3,0.1972687840461731,0.04003901034593582,0.5288556814193726
1666,28392,4365,475,3,0.19620345532894135,0.04399177059531212,0.4130215346813202
1667,28403,19563,1442,4,0.20063859224319458,0.05091411992907524,-0.5640158653259277
1668,28422,15439,17,8,0.1962595283985138,0.043362874537706375,2.301734447479248
1669,28423,22774,344,3,0.19460350275039673,0.04232649505138397,0.6137856841087341
1670,28426,20054,1223,3,0.19365599751472473,0.04363565146923065,-0.2365231215953827
1671,28482,5967,1682,2,0.1978086680173874,0.04283089190721512,-1.2114338874816895
1672,28496,11069,191,2,0.19622120261192322,0.037279482930898666,0.9022252559661865
1673,28501,21699,135,3,0.1933148354291916,0.042878665030002594,0.980019211769104
1674,28504,16291,21,2,0.19294223189353943,0.03837023302912712,1.3858531713485718
1675,28522,21101,1263,1,0.19478371739387512,0.03486333042383194,-0.314357191324234
1676,28548,17822,197,3,0.19369986653327942,0.036463841795921326,0.8099093437194824
1677,28551,18052,23,2,0.19611261785030365,0.042776696383953094,2.2900125980377197
1678,28556,21338,228,3,0.19415974617004395,0.04103692248463631,0.7544403076171875
1679,28607,6378,1225,2,0.20176568627357483,0.048926327377557755,-0.29399070143699646
1680,28625,20923,1707,2,0.19593682885169983,0.03839714452624321,-1.4945982694625854
1681,28676,4438,1103,2,0.19683948159217834,0.04369160905480385,-0.21843942999839783
1682,28716,11690,812,2,0.19587276875972748,0.034622885286808014,0.21170862019062042
1683,28737,22929,867,1,0.1960541158914566,0.034639257937669754,-0.0005725007504224777
1684,28751,5900,1700,2,0.2013058066368103,0.041344866156578064,-1.2653295993804932
1685,28757,22194,1301,2,0.19582894444465637,0.0461793914437294,-0.34474068880081177
1686,28773,20919,513,1,0.1938931792974472,0.03461631387472153,0.3443165421485901
1687,28781,22267,834,2,0.1955685168504715,0.03842303901910782,0.05327939614653587
1688,28839,21775,359,2,0.19392429292201996,0.037202417850494385,0.536555826663971
1689,28868,16859,193,2,0.19391722977161407,0.03888055682182312,0.8303391933441162
1690,28891,22945,543,5,0.19313505291938782,0.04387959837913513,0.4050346612930298
1691,28902,5963,1149,2,0.1957133710384369,0.04209635406732559,-0.2093651294708252
1692,28914,10165,302,2,0.192544087767601,0.04027137905359268,0.6885913014411926
1693,28938,22772,957,3,0.19349704682826996,0.033749498426914215,-0.10922784358263016
1694,28974,9532,1751,3,0.19308362901210785,0.04069550335407257,-1.5275392532348633
1695,28989,19015,511,1,0.1949552297592163,0.03488064184784889,0.3536010980606079
1696,29004,17841,215,2,0.1990022361278534,0.0458994060754776,0.8529180884361267
1697,29008,23029,266,2,0.20667409896850586,0.052297260612249374,0.8007038831710815
1698,29016,21724,447,2,0.19409731030464172,0.03926907479763031,0.49031177163124084
1699,29075,21624,4,2,0.19480964541435242,0.04640562832355499,1.6389212608337402
1700,29095,4611,19,3,0.1968560665845871,0.04500749707221985,1.762476921081543
1701,29113,21751,619,1,0.19792048633098602,0.04258809983730316,0.3304070234298706
1702,29131,21652,1,2,0.20137202739715576,0.052527859807014465,2.6362245082855225
1703,29138,8021,1556,3,0.1987377107143402,0.05059252306818962,-0.8449428081512451
1704,29152,20082,85,3,0.199972465634346,0.04760807380080223,1.2953122854232788
1705,29219,15020,1,2,0.19308523833751678,0.04144328087568283,2.6592345237731934
1706,29259,20781,1288,4,0.19386158883571625,0.039935577660799026,-0.31000685691833496
1707,29270,16085,1001,1,0.20348644256591797,0.03511245176196098,-0.05776151269674301
1708,29287,21915,561,2,0.19615274667739868,0.04086144641041756,0.3151513636112213
1709,29302,22862,593,3,0.1998388022184372,0.05222409963607788,0.31869566440582275
1710,29344,15063,983,4,0.19748471677303314,0.04593838378787041,-0.11092306673526764
1711,29362,21639,499,2,0.1951749473810196,0.04701870679855347,0.3708432912826538
1712,29370,22874,1322,2,0.1930185854434967,0.03256292641162872,-0.3892136812210083
1713,29436,19814,644,2,0.20048344135284424,0.04621396213769913,0.32500433921813965
1714,29444,9018,233,2,0.19279441237449646,0.042287155985832214,0.7843286991119385
1715,29504,15682,2,3,0.1965905725955963,0.0420549251139164,3.576965808868408
1716,29509,22228,941,2,0.1940314769744873,0.034116797149181366,-0.08599460124969482
1717,29553,23005,222,2,0.1974581480026245,0.04427693411707878,0.8808809518814087
1718,29689,9075,1462,2,0.19284673035144806,0.03752113878726959,-0.4979155957698822
1719,29693,15674,1589,3,0.19993329048156738,0.05191126838326454,-0.822809636592865
1720,29720,4878,431,2,0.19453810155391693,0.03603313863277435,0.3961658477783203
1721,29728,14312,386,2,0.19443507492542267,0.04053759574890137,0.5146111845970154
1722,29729,19837,593,3,0.1980181336402893,0.04598497599363327,0.34492701292037964
1723,29741,9164,1,2,0.20159295201301575,0.07426764070987701,3.006899118423462
1724,29746,22884,43,2,0.1972961127758026,0.0414668470621109,1.3771977424621582
1725,29759,17613,1080,2,0.19667856395244598,0.033168695867061615,-0.19744466245174408
1726,29776,4907,58,2,0.1987265944480896,0.04265112057328224,1.697036623954773
1727,29780,22826,405,2,0.19554319977760315,0.0424153171479702,0.41343483328819275
1728,29791,4920,448,2,0.19310778379440308,0.04144100844860077,0.4323968291282654
1729,29798,21775,59,3,0.19812323153018951,0.04096044972538948,1.4761710166931152
1730,29815,22740,359,3,0.195656880736351,0.03754816949367523,0.5304473042488098
1731,29851,21900,1426,3,0.19413882493972778,0.04771162569522858,-0.5752960443496704
1732,29857,13106,49,3,0.193606898188591,0.04285907745361328,1.3299765586853027
1733,29888,4952,329,2,0.1962275505065918,0.039235908538103104,0.6003218293190002
1734,29916,22004,1055,2,0.19900695979595184,0.03496977686882019,-0.13419990241527557
1735,29935,19454,661,2,0.19949370622634888,0.04262714087963104,0.2550264894962311
1736,29976,12079,1371,3,0.20039914548397064,0.04767267033457756,-0.5221216082572937
1737,29984,19819,722,1,0.2004944086074829,0.05288325995206833,0.15367546677589417
1738,29988,10633,1,2,0.1935674250125885,0.04289171099662781,3.8801026344299316
1739,29997,17122,819,2,0.1952684074640274,0.036002255976200104,0.02941398322582245
1740,30000,21945,1180,2,0.2017187476158142,0.04244430363178253,-0.2309027910232544
1741,30004,22894,1549,2,0.19366560876369476,0.035752855241298676,-0.6278083920478821
1742,30135,13821,42,3,0.19337110221385956,0.042511291801929474,1.211957335472107
1743,30150,19633,821,1,0.19759725034236908,0.04307436943054199,0.13359451293945312
1744,30170,21768,456,2,0.19450511038303375,0.03680414333939552,0.3627631664276123
1745,30202,10890,734,4,0.19702523946762085,0.04158823937177658,0.22316166758537292
1746,30229,22932,122,1,0.19770444929599762,0.0462925098836422,1.0503054857254028
1747,30236,22349,76,2,0.19600525498390198,0.04271189495921135,1.4315193891525269
1748,30239,22996,901,3,0.1922961175441742,0.03940262645483017,0.01882479339838028
1749,30261,13591,857,2,0.19448892772197723,0.038736309856176376,-0.020260140299797058
1750,30263,5137,673,2,0.1926870197057724,0.034176915884017944,0.10804705321788788
1751,30303,12630,95,2,0.1927577406167984,0.04203025996685028,0.981797456741333
1752,30311,17171,82,3,0.19627253711223602,0.03842701017856598,1.634373426437378
1753,30367,22703,135,1,0.19838616251945496,0.043357569724321365,1.0657572746276855
1754,30371,14534,639,2,0.19728238880634308,0.04554001986980438,0.33266937732696533
1755,30377,19474,243,2,0.19683632254600525,0.03800421208143234,0.7816481590270996
1756,30397,13296,135,2,0.1937117725610733,0.040461450815200806,1.1014130115509033
1757,30398,6105,422,1,0.19937579333782196,0.04988938942551613,0.5089840888977051
1758,30423,13448,434,3,0.19328023493289948,0.03813827037811279,0.4851754903793335
1759,30442,19160,19,2,0.19313739240169525,0.037928298115730286,1.3896379470825195
1760,30448,19352,568,4,0.19453781843185425,0.03614358976483345,0.36644572019577026
1761,30469,11591,2,2,0.1995895951986313,0.04264591634273529,2.806429386138916
1762,30568,10403,1498,3,0.1977880448102951,0.03885230794548988,-0.7483900785446167
1763,30634,20376,7,4,0.1963622123003006,0.044537074863910675,2.8191683292388916
1764,30668,22837,966,2,0.19492097198963165,0.041386451572179794,-0.1811911016702652
1765,30675,20282,175,2,0.1967170685529709,0.044799238443374634,0.8978541493415833
1766,30676,18272,1293,2,0.19673573970794678,0.03764020651578903,-0.4262694716453552
1767,30680,18807,268,3,0.19550514221191406,0.046333786100149155,0.7541706562042236
1768,30686,17517,852,3,0.1983998417854309,0.05640742927789688,0.011813133955001831
1769,30723,15850,377,2,0.19848568737506866,0.04412074387073517,0.5495917797088623
1770,30737,21505,243,2,0.1953699290752411,0.040384091436862946,0.6752496957778931
1771,30750,16960,1065,1,0.19461588561534882,0.033514998853206635,-0.12308552861213684
1772,30764,22550,288,1,0.2014709711074829,0.04910135269165039,0.7774614691734314
1773,30780,22892,1640,1,0.20050984621047974,0.05103454366326332,-1.1325788497924805
1774,30826,10817,1288,2,0.19774110615253448,0.03360893577337265,-0.3984462320804596
1775,30851,20177,781,2,0.19783243536949158,0.04018031060695648,0.1697852462530136
1776,30941,18794,853,2,0.1963840276002884,0.04127194732427597,0.1392591893672943
1777,30948,21947,6,4,0.19610118865966797,0.046613022685050964,3.0366780757904053
1778,30951,22975,43,1,0.196022629737854,0.044791609048843384,1.5018162727355957
1779,30971,7388,358,2,0.20188376307487488,0.04052437096834183,0.6278616189956665
1780,31018,5520,362,4,0.19451406598091125,0.038220781832933426,0.707807183265686
1781,31039,23008,1279,1,0.19984076917171478,0.04662338271737099,-0.35897231101989746
1782,31060,16627,248,3,0.19498887658119202,0.03765878081321716,0.8430514335632324
1783,31069,15308,402,3,0.19835400581359863,0.03436021879315376,0.5071219801902771
1784,31095,10403,1374,3,0.1926693618297577,0.03616476058959961,-0.45766597986221313
1785,31098,21801,378,2,0.19424469769001007,0.03995739296078682,0.5847355127334595
1786,31126,23019,891,3,0.1973288357257843,0.04349366948008537,0.03652562201023102
1787,31144,21429,70,3,0.19480085372924805,0.036364197731018066,1.3120375871658325
1788,31160,19010,783,2,0.1927064061164856,0.03679385408759117,0.16749592125415802
1789,31179,22347,357,3,0.19295364618301392,0.03878813609480858,0.5904394388198853
1790,31201,21222,149,2,0.19605408608913422,0.04381607472896576,1.0765951871871948
1791,31212,21082,855,1,0.19527755677700043,0.039211053401231766,-0.08785714954137802
1792,31238,22329,14,3,0.19414624571800232,0.04314202070236206,1.468854546546936
1793,31240,20604,1732,2,0.19261330366134644,0.03794597089290619,-1.4668240547180176
1794,31242,18151,96,2,0.1949683278799057,0.03771112859249115,0.9408215284347534
1795,31244,15643,2,2,0.19838370382785797,0.04893500357866287,3.3397574424743652
1796,31258,9156,6,3,0.1963505744934082,0.04402978718280792,2.4038171768188477
1797,31282,23012,751,4,0.1955205500125885,0.04227689281105995,0.16314177215099335
1798,31284,10011,948,2,0.1972363293170929,0.04286233335733414,-0.02753475308418274
1799,31317,12120,694,1,0.19405199587345123,0.033265430480241776,0.08409911394119263
1800,31355,16120,1516,3,0.20074404776096344,0.05814344063401222,-0.6801900863647461
1801,31357,21707,242,3,0.1999037116765976,0.04327382519841194,0.7900341153144836
1802,31415,22700,577,2,0.1948227882385254,0.04271235689520836,0.341939240694046
1803,31430,19136,5,2,0.19573429226875305,0.04513494297862053,2.7913670539855957
1804,31478,13117,11,2,0.19231843948364258,0.04073447361588478,1.3188273906707764
1805,31494,21351,582,2,0.1919693797826767,0.036536261439323425,0.19602954387664795
1806,31523,19746,722,1,0.19520704448223114,0.038790635764598846,0.25887995958328247
1807,31541,17669,1162,6,0.19524051249027252,0.036990005522966385,-0.2197319120168686
1808,31560,10045,920,2,0.1988147646188736,0.04229425638914108,0.04585760831832886
1809,31563,21489,45,1,0.19653941690921783,0.048870816826820374,1.3672218322753906
1810,31626,14242,19,2,0.19512292742729187,0.041090164333581924,1.674128532409668
1811,31633,18213,1622,4,0.1955581158399582,0.0430290624499321,-0.9028707146644592
1812,31645,12017,1179,2,0.1989135593175888,0.04451795667409897,-0.3234393298625946
1813,31708,20039,222,2,0.19380630552768707,0.04175500199198723,0.8276346921920776
1814,31731,21583,80,3,0.19859057664871216,0.04529694840312004,1.2272844314575195
1815,31742,22182,1641,1,0.19850192964076996,0.04383804649114609,-1.0609931945800781
1816,31771,13037,21,2,0.1977536678314209,0.04040543735027313,1.9703316688537598
1817,31808,22981,771,3,0.197091206908226,0.04749830439686775,0.16620689630508423
1818,31841,20012,1302,3,0.195717453956604,0.03380311280488968,-0.4827994704246521
1819,31846,21586,1363,2,0.19864670932292938,0.03295091539621353,-0.5472370982170105
1820,31851,18059,750,3,0.19637691974639893,0.04339087754487991,0.17165933549404144
1821,31862,22845,594,2,0.19847486913204193,0.048258259892463684,0.3432542383670807
1822,31912,16518,1635,2,0.19702991843223572,0.04267644137144089,-1.1428110599517822
1823,31955,22884,676,5,0.19429202377796173,0.0405823215842247,0.2767931818962097
1824,32000,6656,1571,2,0.20097224414348602,0.04808051511645317,-0.8419803977012634
1825,32037,22168,95,3,0.19482886791229248,0.04480059817433357,1.1757701635360718
1826,32046,20666,412,3,0.19492153823375702,0.037883173674345016,0.5577448606491089
1827,32076,13715,2,3,0.20030583441257477,0.056386835873126984,2.131016492843628
1828,32084,23019,294,2,0.1969287097454071,0.04369974881410599,0.6950571537017822
1829,32097,20793,879,1,0.19816385209560394,0.044199008494615555,0.14711470901966095
1830,32143,20683,9,2,0.194269061088562,0.045293178409338,1.8566802740097046
1831,32196,22935,213,3,0.19716358184814453,0.0438113734126091,0.8605470657348633
1832,32197,20705,18,2,0.19530729949474335,0.048635922372341156,2.3374695777893066
1833,32229,10807,81,2,0.19974249601364136,0.046387117356061935,1.3752846717834473
1834,32255,8810,1415,6,0.19341257214546204,0.036330513656139374,-0.5030264258384705
1835,32284,22703,534,3,0.19566144049167633,0.04310671240091324,0.31650441884994507
1836,32310,20333,324,2,0.1929343342781067,0.04125078767538071,0.6743410229682922
1837,32318,22116,628,2,0.20003275573253632,0.04551874101161957,0.28588345646858215
1838,32331,8817,1549,2,0.1940850168466568,0.034836702048778534,-0.589543879032135
1839,32347,21586,21,4,0.19474884867668152,0.03652310371398926,1.3563354015350342
1840,32379,22017,1620,3,0.1976146101951599,0.061491772532463074,-0.9715962409973145
1841,32400,22787,525,3,0.19788293540477753,0.04793163388967514,0.40613898634910583
1842,32431,18278,1638,1,0.1983914077281952,0.04405440762639046,-1.0010772943496704
1843,32447,20127,671,2,0.20120827853679657,0.03701343387365341,0.19047874212265015
1844,32450,19866,14,1,0.20161598920822144,0.051672711968421936,1.7077637910842896
1845,32452,21356,294,3,0.19454173743724823,0.04250270128250122,0.654082179069519
1846,32471,21581,984,3,0.19232918322086334,0.037952035665512085,-0.10800011456012726
1847,32474,21366,165,5,0.19243153929710388,0.04004157334566116,1.0286335945129395
1848,32485,21368,1366,1,0.19446514546871185,0.03204820305109024,-0.416162371635437
1849,32494,21417,1369,2,0.19420798122882843,0.03993266075849533,-0.4850689172744751
1850,32506,17112,92,3,0.1980719119310379,0.03289937227964401,1.3231366872787476
1851,32539,18180,296,2,0.19918939471244812,0.045066069811582565,0.6139084100723267
1852,32558,13396,353,2,0.19430403411388397,0.03575965017080307,0.5755021572113037
1853,32610,20656,172,3,0.19950774312019348,0.052732035517692566,1.1562544107437134
1854,32617,16159,1541,3,0.19898301362991333,0.0463128387928009,-0.8393221497535706
1855,32625,16653,546,2,0.1949751228094101,0.04064147546887398,0.3011222183704376
1856,32645,21221,1,2,0.19806937873363495,0.050433449447155,3.420546531677246
1857,32647,22021,722,2,0.20290789008140564,0.04464711248874664,0.1248185932636261
1858,32657,22980,560,3,0.19656608998775482,0.04260412976145744,0.33865833282470703
1859,32663,21736,19,2,0.19296087324619293,0.03809954598546028,1.3770990371704102
1860,32711,10875,54,2,0.20137609541416168,0.05120805278420448,1.3993384838104248
1861,32730,9569,224,2,0.19532324373722076,0.03868982568383217,0.8740739822387695
1862,32772,11125,1110,5,0.19150221347808838,0.03524011746048927,-0.13062791526317596
1863,32847,10411,1162,2,0.19635532796382904,0.03509416803717613,-0.2831929922103882
1864,32860,22973,1008,1,0.1965237557888031,0.03887568786740303,-0.1763269305229187
1865,32861,14261,1241,1,0.1950937956571579,0.04167313128709793,-0.2519794702529907
1866,32878,19231,5,2,0.1929997205734253,0.03790925070643425,2.381958484649658
1867,32882,16612,735,3,0.19395528733730316,0.0361480787396431,0.07391220331192017
1868,32913,22144,529,4,0.1972023993730545,0.04460287094116211,0.35396575927734375
1869,32923,22968,648,2,0.19447438418865204,0.040778350085020065,0.133324533700943
1870,32956,21060,1253,1,0.20251064002513885,0.04826681315898895,-0.4007927179336548
1871,32965,21982,1304,2,0.20033371448516846,0.04215186461806297,-0.39268484711647034
1872,32989,17231,2,3,0.19448453187942505,0.0427863635122776,2.21766996383667
1873,32993,21263,592,2,0.19418978691101074,0.03531136363744736,0.20590072870254517
1874,33001,20050,2,1,0.19664476811885834,0.04259771108627319,2.7554855346679688
1875,33026,21096,106,1,0.20206692814826965,0.04755138233304024,1.1255382299423218
1876,33027,22997,1025,2,0.1948290914297104,0.03701983392238617,-0.12455978244543076
1877,33042,22032,459,2,0.19835376739501953,0.04595622047781944,0.4866311252117157
1878,33066,20084,1158,2,0.20123831927776337,0.04790343716740608,-0.22615519165992737
1879,33067,23027,1761,3,0.19255827367305756,0.043783038854599,-1.7339822053909302
1880,33092,19364,390,2,0.19223445653915405,0.044788848608732224,0.5782076120376587
1881,33093,6874,1348,2,0.19910289347171783,0.040924184024333954,-0.4215218722820282
1882,33102,15006,1304,3,0.19582241773605347,0.032749809324741364,-0.3271072804927826
1883,33114,22334,208,2,0.19741633534431458,0.041087280958890915,0.8536804914474487
1884,33120,13707,428,2,0.1924714744091034,0.03571208566427231,0.42458081245422363
1885,33146,19786,182,3,0.19437366724014282,0.04104764014482498,0.9329910278320312
1886,33151,6923,1111,2,0.19458074867725372,0.03449235111474991,-0.17654813826084137
1887,33158,21568,546,2,0.1956665962934494,0.042149901390075684,0.3413926362991333
1888,33184,22777,683,2,0.19501811265945435,0.03992122784256935,0.06481608748435974
1889,33196,6952,9,2,0.19854329526424408,0.045179955661296844,2.046875238418579
1890,33226,17424,1758,2,0.20180189609527588,0.05501275509595871,-2.2031357288360596
1891,33248,11477,291,2,0.19352960586547852,0.04237591475248337,0.7291339635848999
1892,33281,17232,91,2,0.1953379362821579,0.03853984549641609,1.2195545434951782
1893,33283,21218,639,2,0.20228347182273865,0.053783200681209564,0.3229281008243561
1894,33286,19384,1303,1,0.19577741622924805,0.03598508983850479,-0.3783183693885803
1895,33324,9209,534,2,0.2033141851425171,0.05297248810529709,0.45433998107910156
1896,33356,21161,925,6,0.1943987011909485,0.04250246286392212,0.05266328155994415
1897,33372,22805,1006,2,0.19468262791633606,0.04261021316051483,-0.15029539167881012
1898,33383,13315,407,3,0.19584043323993683,0.04444338381290436,0.533423125743866
1899,33417,7080,1,2,0.19755300879478455,0.050137441605329514,3.7941133975982666
1900,33516,10469,15,3,0.19557785987854004,0.04324018210172653,1.5345845222473145
1901,33574,22401,1101,3,0.19349421560764313,0.03776974603533745,-0.2572117745876312
1902,33581,20084,903,2,0.19508084654808044,0.0338691808283329,-0.02566704899072647
1903,33614,21230,32,2,0.1994190216064453,0.05376806482672691,1.5776102542877197
1904,33619,22957,407,2,0.20033074915409088,0.04687916487455368,0.5219981074333191
1905,33665,13485,1256,2,0.19698455929756165,0.044981829822063446,-0.3115628957748413
1906,33668,15212,4,1,0.19885653257369995,0.04764952510595322,2.854480743408203
1907,33693,22973,166,3,0.19630464911460876,0.04329979047179222,0.931631326675415
1908,33694,22273,1211,2,0.19797340035438538,0.046447865664958954,-0.3956683278083801
1909,33695,16653,238,2,0.19854310154914856,0.04421933740377426,0.816044270992279
1910,33723,14172,418,4,0.19490374624729156,0.04126577079296112,0.528598964214325
1911,33747,22701,341,8,0.19828031957149506,0.04584544152021408,0.6703795194625854
1912,33764,20688,260,2,0.19526289403438568,0.04453832656145096,0.6953084468841553
1913,33794,22853,646,3,0.19417063891887665,0.04384081810712814,0.1797700971364975
1914,33824,20518,1357,4,0.19245290756225586,0.040165599435567856,-0.4440080225467682
1915,33846,16539,6,4,0.19237281382083893,0.038270313292741776,1.6588687896728516
1916,33850,22932,1320,2,0.1917697787284851,0.03628499060869217,-0.4270976781845093
1917,33868,18884,1136,3,0.19749507308006287,0.03783465549349785,-0.18727721273899078
1918,33870,7460,357,2,0.1923445612192154,0.03887152671813965,0.5997596979141235
1919,33891,22515,172,1,0.20550860464572906,0.053937822580337524,0.9593711495399475
1920,33923,22776,1,2,0.19999158382415771,0.05466963350772858,3.3545279502868652
1921,33930,7514,229,2,0.19655482470989227,0.049579083919525146,0.8680635094642639
1922,33944,18094,92,2,0.1925058811903,0.03668122738599777,1.2660167217254639
1923,33959,23032,100,3,0.19802697002887726,0.050621312111616135,1.1418242454528809
1924,33964,14075,284,2,0.20190177857875824,0.049204546958208084,0.6955342292785645
1925,33965,22095,3,5,0.1931677907705307,0.045569032430648804,2.5713205337524414
1926,33997,19251,1,3,0.1925397515296936,0.04016325622797012,2.3686628341674805
1927,33999,21906,3,2,0.19354769587516785,0.04268885403871536,1.311335802078247
1928,34122,22996,88,2,0.195638969540596,0.044020675122737885,1.1708662509918213
1929,34124,23011,400,2,0.20277972519397736,0.046131059527397156,0.5762251615524292
1930,34151,22878,630,3,0.19717007875442505,0.043618008494377136,0.2695969343185425
1931,34161,17138,40,2,0.19287538528442383,0.038710471242666245,1.5573344230651855
1932,34196,20180,205,3,0.19333654642105103,0.03719412162899971,0.6973257064819336
1933,34217,21626,1527,2,0.1968144327402115,0.0402526818215847,-0.7548439502716064
1934,34221,20362,567,2,0.20060712099075317,0.04235777631402016,0.1797703355550766
1935,34276,14861,96,2,0.19802646338939667,0.04641497880220413,1.1175341606140137
1936,34351,20549,473,3,0.19511616230010986,0.047549597918987274,0.28401270508766174
1937,34361,20411,910,2,0.1988256275653839,0.05273174121975899,0.0032250562217086554
1938,34363,18146,165,2,0.19807100296020508,0.04247722029685974,0.9296494722366333
1939,34366,13989,9,2,0.1955200880765915,0.04234855994582176,1.722935438156128
1940,34381,22941,492,5,0.19372253119945526,0.04613104835152626,0.42357438802719116
1941,34459,21206,22,3,0.19242238998413086,0.03987877443432808,1.5347535610198975
1942,34477,19825,3,2,0.1992672085762024,0.046420466154813766,1.9787652492523193
1943,34478,15519,1204,1,0.1987909972667694,0.04499095678329468,-0.33286038041114807
1944,34491,22834,82,2,0.19531413912773132,0.044227369129657745,1.1302921772003174
1945,34521,15894,1157,3,0.1982496678829193,0.037672754377126694,-0.24774208664894104
1946,34522,9014,225,2,0.19422240555286407,0.0371299684047699,0.914926290512085
1947,34529,16799,157,2,0.194754958152771,0.041173674166202545,0.9224904775619507
1948,34534,16661,262,2,0.19622007012367249,0.04087924212217331,0.796691358089447
1949,34544,22997,617,2,0.1960250288248062,0.03967534005641937,0.22451093792915344
1950,34565,20711,412,5,0.19365786015987396,0.03700072318315506,0.502527117729187
1951,34598,14215,1138,6,0.19564396142959595,0.04321831092238426,-0.14651311933994293
1952,34606,22996,208,2,0.20020326972007751,0.04743298888206482,0.8877117037773132
1953,34609,13693,1,2,0.1940039098262787,0.04648897796869278,1.981545090675354
1954,34618,20792,678,2,0.1920197606086731,0.03682192414999008,0.2549458146095276
1955,34631,10393,1163,2,0.19261221587657928,0.03498893976211548,-0.1921909600496292
1956,34636,8171,862,2,0.1931133270263672,0.03846382349729538,0.1287597417831421
1957,34643,17369,22,3,0.19488291442394257,0.04417748749256134,1.3466613292694092
1958,34659,19415,56,2,0.1966359168291092,0.042847514152526855,1.4080381393432617
1959,34670,10580,8,2,0.1966739147901535,0.05233616754412651,1.5423243045806885
1960,34691,23018,1305,2,0.1945100724697113,0.03198773413896561,-0.3312459886074066
1961,34714,11970,563,2,0.19309355318546295,0.03870519995689392,0.377223938703537
1962,34776,12981,414,2,0.19601792097091675,0.040572766214609146,0.5863551497459412
1963,34831,23021,66,2,0.1948564648628235,0.04314197972416878,1.300416350364685
1964,34833,18069,67,2,0.1934625655412674,0.0378202348947525,0.9918007254600525
1965,34845,8398,208,4,0.19858777523040771,0.043216314166784286,0.823817253112793
1966,34849,15381,365,3,0.1937822848558426,0.04019271209836006,0.5815148949623108
1967,34858,21757,60,2,0.1924818605184555,0.0419093482196331,1.0595463514328003
1968,34891,22228,646,1,0.19453032314777374,0.032944463193416595,0.16022257506847382
1969,34964,18291,604,2,0.19534902274608612,0.040941014885902405,0.37183988094329834
1970,34971,8529,151,2,0.19955480098724365,0.04654724895954132,1.0787789821624756
1971,34978,11648,75,3,0.19259323179721832,0.04046240448951721,1.027494192123413
1972,34980,22958,770,2,0.1965949684381485,0.045980919152498245,0.11855165660381317
1973,35001,17817,4,3,0.1999899446964264,0.05300255864858627,2.489924430847168
1974,35011,21459,727,2,0.2034331113100052,0.055584315210580826,0.25107529759407043
1975,35071,12749,248,3,0.1925332248210907,0.03740334510803223,0.7451636791229248
1976,35078,17021,1682,2,0.196420356631279,0.04729199409484863,-0.953586995601654
1977,35096,21789,13,2,0.19416473805904388,0.03821428492665291,1.397578477859497
1978,35195,23029,487,2,0.19910724461078644,0.04382640868425369,0.45179322361946106
1979,35201,22610,62,2,0.1936587244272232,0.04190739989280701,0.9964852929115295
1980,35213,18430,767,2,0.20317716896533966,0.045954372733831406,0.12160126864910126
1981,35271,21992,963,2,0.20274138450622559,0.0564296618103981,-0.10892480611801147
1982,35273,8916,535,6,0.1947903037071228,0.045695960521698,0.5303652286529541
1983,35276,21803,459,2,0.20063412189483643,0.04135918989777565,0.4039746820926666
1984,35300,15323,1251,2,0.19462385773658752,0.040110692381858826,-0.33051252365112305
1985,35308,16303,975,2,0.19338640570640564,0.03689552843570709,0.028618834912776947
1986,35322,19052,634,4,0.19345681369304657,0.03932338207960129,0.2131713330745697
1987,35328,20746,1293,3,0.1930040717124939,0.03858397156000137,-0.3782463073730469
1988,35336,18362,228,2,0.19558840990066528,0.041675642132759094,0.7878668308258057
1989,35344,15932,304,3,0.19390252232551575,0.03558811545372009,0.6604714393615723
1990,35386,21751,8,1,0.19942502677440643,0.04652862250804901,2.6829872131347656
1991,35402,19647,1407,1,0.1971234679222107,0.041910506784915924,-0.5665112137794495
1992,35404,21326,481,3,0.1963537633419037,0.0419265553355217,0.45245420932769775
1993,35412,20158,70,2,0.19685669243335724,0.04636897146701813,1.4442062377929688
1994,35443,23006,1274,4,0.19284866750240326,0.04542370140552521,-0.3807520866394043
1995,35463,12626,1718,1,0.20114165544509888,0.04167579114437103,-1.4157721996307373
1996,35466,22603,705,2,0.19838333129882812,0.042726702988147736,0.23971231281757355
1997,35477,19652,1596,2,0.1961812973022461,0.04587431997060776,-0.8371932506561279
1998,35489,16546,1511,2,0.1970529854297638,0.03459780663251877,-0.7377412915229797
1999,35530,15398,148,2,0.19782911241054535,0.04352916404604912,1.136573314666748
2000,35532,13811,151,3,0.19331969320774078,0.03718291223049164,0.9661290645599365
2001,35543,21272,1071,2,0.19507047533988953,0.032919228076934814,-0.12922300398349762
2002,35560,21703,6,3,0.19457221031188965,0.04511673003435135,2.012446641921997
2003,35622,15215,560,2,0.19191208481788635,0.037290044128894806,0.2650378346443176
2004,35627,22073,47,1,0.19391892850399017,0.04175150394439697,1.302107572555542
2005,35685,12544,556,2,0.19619667530059814,0.041934553533792496,0.3168244957923889
2006,35705,15633,222,3,0.19275341928005219,0.03935342654585838,0.82160884141922
2007,35707,15339,248,2,0.20113398134708405,0.047118231654167175,0.6717731356620789
2008,35710,23018,1282,1,0.19524551928043365,0.031932443380355835,-0.35326263308525085
2009,35716,18548,92,2,0.19972814619541168,0.05155348777770996,1.6996333599090576
2010,35780,21939,599,2,0.20126678049564362,0.039476387202739716,0.2906706929206848
2011,35798,12421,798,2,0.19427081942558289,0.04033178091049194,-0.05742231011390686
2012,35832,12125,359,2,0.1956111043691635,0.03847230598330498,0.610618531703949
2013,35860,19769,829,2,0.19878840446472168,0.03248637169599533,0.20797689259052277
2014,35898,12221,402,2,0.19949795305728912,0.0487707257270813,0.5543692708015442
2015,35937,10583,299,2,0.19584736227989197,0.0416058674454689,0.7612869143486023
2016,35991,22929,1129,2,0.19381172955036163,0.03467348963022232,-0.23274722695350647
2017,35995,20273,95,3,0.1949736475944519,0.04503174126148224,1.1276564598083496
2018,36004,21757,276,3,0.1926196664571762,0.04034533351659775,0.678064227104187
2019,36031,22924,545,2,0.1945362240076065,0.03997097164392471,0.38341420888900757
2020,36066,21238,3,3,0.1944846659898758,0.04321068897843361,1.4834837913513184
2021,36068,21677,886,2,0.1935182511806488,0.03843442350625992,0.0970323234796524
2022,36092,22144,52,2,0.19714738428592682,0.044552579522132874,1.1788971424102783
2023,36170,17476,1717,2,0.19698677957057953,0.03783325478434563,-1.005025029182434
2024,36229,13928,346,5,0.1944933533668518,0.045517802238464355,0.7105479836463928
2025,36231,11058,484,2,0.19399090111255646,0.038250766694545746,0.4357352554798126
2026,36243,22545,1305,2,0.19971469044685364,0.05399247631430626,-0.3168860077857971
2027,36270,15520,18,3,0.19716781377792358,0.04928211867809296,2.427122116088867
2028,36291,10381,1062,2,0.20432719588279724,0.057308897376060486,-0.178622305393219
2029,36303,19375,109,2,0.20011162757873535,0.04709440842270851,1.0598455667495728
2030,36315,10954,1590,2,0.19678626954555511,0.044923193752765656,-1.0295095443725586
2031,36348,22125,860,1,0.20384661853313446,0.05824707821011543,0.018779180943965912
2032,36351,20827,54,2,0.2001781463623047,0.04943423718214035,1.3233168125152588
2033,36363,22945,202,2,0.19815099239349365,0.04686776176095009,0.9494677782058716
2034,36412,22746,226,3,0.19501450657844543,0.046078264713287354,0.801378071308136
2035,36417,10615,756,1,0.2026747465133667,0.04266137629747391,0.2039240449666977
2036,36430,22721,1396,2,0.1938842535018921,0.03900212049484253,-0.4376009404659271
2037,36464,11254,486,2,0.19866250455379486,0.04889538884162903,0.44473356008529663
2038,36473,15367,37,2,0.19645334780216217,0.042533256113529205,1.3687365055084229
2039,36511,23012,461,2,0.19993162155151367,0.047057364135980606,0.4403596520423889
2040,36514,14918,1,4,0.19559527933597565,0.04429612681269646,2.7008442878723145
2041,36634,20046,462,2,0.1946444809436798,0.040532875806093216,0.45699286460876465
2042,36668,21789,107,1,0.19458405673503876,0.042290862649679184,1.1037044525146484
2043,36705,23016,677,3,0.19533708691596985,0.042032137513160706,0.26348671317100525
2044,36812,20680,199,1,0.20192602276802063,0.047387730330228806,0.889764130115509
2045,36865,22853,1437,3,0.1928233504295349,0.0396997444331646,-0.5337660908699036
2046,36879,19112,6,2,0.19321641325950623,0.042199164628982544,2.3403048515319824
2047,36972,22700,664,2,0.19828885793685913,0.04562262445688248,0.3015437126159668
2048,37083,16008,15,2,0.19399434328079224,0.0397009402513504,1.5085806846618652
2049,37086,23009,214,6,0.19578003883361816,0.040027014911174774,0.8862791657447815
2050,37137,14480,1044,2,0.1963895708322525,0.044239066541194916,-0.12400495260953903
2051,37195,22928,1129,2,0.19368098676204681,0.03580448776483536,-0.23935732245445251
2052,37218,20228,13,4,0.1924147754907608,0.039849333465099335,1.3786821365356445
2053,37222,21053,654,2,0.19299286603927612,0.0374266542494297,0.19069373607635498
2054,37239,22929,739,1,0.19518420100212097,0.0409746952354908,0.17309178411960602
2055,37285,22790,261,1,0.20145951211452484,0.04576648771762848,0.8294142484664917
2056,37293,18675,1395,2,0.1938881129026413,0.04288584738969803,-0.4590094983577728
2057,37294,22144,124,2,0.19798515737056732,0.0442088320851326,1.0230542421340942
2058,37314,19449,1,2,0.19611206650733948,0.04436545446515083,3.6731882095336914
2059,37352,15148,590,2,0.1937096118927002,0.040497470647096634,0.3164614140987396
2060,37441,20929,107,3,0.19498568773269653,0.043498337268829346,1.0711314678192139
2061,37533,17157,291,1,0.1955108493566513,0.036133937537670135,0.6424707770347595
2062,37580,20473,50,2,0.2012137621641159,0.0448111854493618,1.4807169437408447
2063,37593,12819,1012,2,0.19757738709449768,0.03547700494527817,-0.1176641657948494
2064,37619,15342,7,5,0.192794531583786,0.04489068686962128,2.5224337577819824
2065,37657,21380,997,1,0.1994369924068451,0.04228390380740166,-0.18873363733291626
2066,37684,20070,254,3,0.19592218101024628,0.043896373361349106,0.8211329579353333
2067,37691,22808,42,2,0.19443614780902863,0.043751172721385956,1.58692467212677
2068,37702,20522,1715,2,0.2019130438566208,0.04900997877120972,-1.570728063583374
2069,37741,20579,24,2,0.19520729780197144,0.04436487704515457,2.041256904602051
2070,37749,21078,38,1,0.20153629779815674,0.04851718246936798,1.4475352764129639
2071,37753,17748,87,3,0.1928739994764328,0.04269064962863922,1.0716665983200073
2072,37762,23023,1106,2,0.19896161556243896,0.04331164434552193,-0.22328537702560425
2073,37764,14774,940,1,0.20179219543933868,0.04196448624134064,-0.03101174533367157
2074,38156,22929,583,2,0.19385775923728943,0.040033597499132156,0.3621053695678711
2075,38264,19559,33,1,0.1988438069820404,0.045419782400131226,1.6834869384765625
2076,38300,22053,270,2,0.1988023817539215,0.04762588441371918,0.6842002868652344
2077,38372,22979,54,1,0.1977207511663437,0.04892585426568985,1.4723385572433472
2078,38387,18180,1035,1,0.19397136569023132,0.039176493883132935,-0.021594472229480743
2079,38440,21080,90,2,0.19574251770973206,0.049440521746873856,1.440988540649414
2080,38543,21824,1310,2,0.1939965933561325,0.03840475156903267,-0.35641252994537354
2081,38579,16801,1170,2,0.19592060148715973,0.038011498749256134,-0.282371461391449
2082,38662,22526,49,2,0.19586440920829773,0.043962959200143814,1.4787304401397705
2083,38671,23002,33,2,0.19559912383556366,0.04677143320441246,1.4953440427780151
2084,38691,22132,107,2,0.1968744397163391,0.0520496666431427,1.1308444738388062
2085,38703,20057,198,2,0.2007150501012802,0.04998667910695076,0.8906297087669373
2086,38704,19121,10,2,0.19443784654140472,0.04281553253531456,2.3898258209228516
2087,38757,20758,194,2,0.19781367480754852,0.04503629356622696,0.8298383355140686
2088,38785,20850,17,2,0.1967352330684662,0.047921448945999146,2.0565438270568848
2089,38822,21902,124,2,0.19555072486400604,0.040024470537900925,0.9397348165512085
2090,38860,22681,374,1,0.19467853009700775,0.042626310139894485,0.5309452414512634
2091,38886,15708,697,3,0.19475844502449036,0.04129307344555855,0.1183134913444519
2092,38903,21460,3,2,0.19903983175754547,0.049809105694293976,4.351536750793457
2093,38938,20376,1,1,0.20013898611068726,0.046607404947280884,3.7482361793518066
2094,39254,22790,1382,3,0.19370771944522858,0.03874202072620392,-0.3806651830673218
