row_id,user,target,history_length,past_target_cosine,future_target_cosine,delta_future_minus_past,future_better,rank_Anchor-only,rank_Past-only,rank_Future-only,rank_Past+Future,rank_FIR-MIC without future bridge,rank_Per-item + transition/association,rank_FIR-MIC full
0,0,5458,1,0.906144380569458,0.8620703816413879,-0.04407399892807007,0,141,29,97,32,162,51,51
1,5,18349,10,0.8944182395935059,0.7887786626815796,-0.10563957691192627,0,1260,932,974,991,1268,1299,1299
2,8,798,4,0.8683415055274963,0.8498271107673645,-0.018514394760131836,0,693,910,988,934,772,858,858
3,21,16785,1,0.7574015855789185,0.7917319536209106,0.03433036804199219,1,897,83,13,26,917,533,533
4,28,18103,5,0.920079231262207,0.9046573638916016,-0.015421867370605469,0,314,796,522,739,298,245,245
5,31,800,3,0.889100968837738,0.8789370059967041,-0.010163962841033936,0,108,617,953,684,88,116,116
6,54,16989,6,0.8947567343711853,0.7288308143615723,-0.16592592000961304,0,344,313,1154,410,270,382,382
7,55,10102,4,0.834024965763092,0.8636267781257629,0.0296018123626709,1,877,1191,848,1150,937,1020,1020
8,56,14613,2,0.8038082718849182,0.8979204893112183,0.09411221742630005,1,624,698,570,685,575,549,549
9,80,7551,3,0.8912946581840515,0.9034498929977417,0.012155234813690186,1,342,1002,698,980,375,374,374
10,99,1431,5,0.9466261267662048,0.8775246739387512,-0.06910145282745361,0,46,402,733,440,34,35,35
11,122,18060,5,0.9302884340286255,0.9053627848625183,-0.024925649166107178,0,256,421,378,413,221,199,199
12,150,5838,2,0.7574344277381897,0.8632315993309021,0.1057971715927124,1,130,1067,412,989,156,126,126
13,164,8,3,0.8169588446617126,0.8756434321403503,0.058684587478637695,1,804,174,24,118,722,416,416
14,165,8,5,0.859512209892273,0.9028430581092834,0.0433308482170105,1,577,29,17,24,505,206,206
15,167,8,5,0.8875529766082764,0.8998226523399353,0.012269675731658936,1,479,21,17,18,453,166,166
16,168,18315,2,0.9336228370666504,0.9159635305404663,-0.017659306526184082,0,5,252,376,268,7,9,9
17,169,18131,10,0.9074530005455017,0.7832403182983398,-0.12421268224716187,0,20,122,273,114,24,25,25
18,171,18315,10,0.9601954221725464,0.8141030073165894,-0.14609241485595703,0,2,154,537,166,1,1,1
19,172,8,7,0.8709267377853394,0.6900706887245178,-0.18085604906082153,0,177,46,101,30,144,100,100
20,173,18347,10,0.8232468366622925,0.778205394744873,-0.045041441917419434,0,1247,1166,1024,1179,1255,1285,1285
21,174,8,6,0.8836203813552856,0.9040516018867493,0.020431220531463623,1,45,13,5,8,48,10,10
22,175,18277,2,0.8872008919715881,0.8879032135009766,0.0007023215293884277,1,788,204,144,198,723,542,542
23,176,18277,10,0.9352880716323853,0.791278600692749,-0.14400947093963623,0,115,110,283,97,119,104,104
24,177,8,6,0.905292272567749,0.9050936698913574,-0.00019860267639160156,0,142,25,6,19,122,41,41
25,178,8,10,0.9054425954818726,0.7352579832077026,-0.17018461227416992,0,158,24,255,23,140,110,110
26,184,14630,10,0.9402040839195251,0.8330767750740051,-0.10712730884552002,0,122,551,579,551,107,117,117
27,188,16043,3,0.8784369826316833,0.9073248505592346,0.02888786792755127,1,1008,538,235,450,950,827,827
28,195,6753,10,0.9052894711494446,0.8037663102149963,-0.10152316093444824,0,12,294,559,308,14,11,11
29,196,17024,3,0.9116246700286865,0.9030642509460449,-0.008560419082641602,0,91,663,1145,760,99,102,102
30,213,11,3,0.9502257108688354,0.8976959586143494,-0.052529752254486084,0,617,64,110,67,486,333,333
31,217,12,2,0.8613860607147217,0.8808366656303406,0.019450604915618896,1,642,105,62,87,521,333,333
32,226,17943,3,0.8187049031257629,0.8733922839164734,0.05468738079071045,1,1299,355,226,323,1314,1293,1293
33,229,7621,5,0.9230440855026245,0.8957313299179077,-0.027312755584716797,0,325,108,124,107,305,218,218
34,269,15737,4,0.8805052638053894,0.8703302145004272,-0.010175049304962158,0,859,26,25,27,823,512,512
35,277,18179,2,0.8369524478912354,0.8838407397270203,0.04688829183578491,1,320,1054,981,1065,322,349,349
36,289,1736,3,0.7372301816940308,0.8029499053955078,0.06571972370147705,1,1300,175,15,90,1276,1074,1074
37,303,14464,6,0.9262862205505371,0.8608930110931396,-0.06539320945739746,0,241,803,545,771,243,218,218
38,315,7129,4,0.9095091819763184,0.8950362801551819,-0.014472901821136475,0,300,400,419,381,268,210,210
39,321,10682,2,0.758450448513031,0.8136509656906128,0.05520051717758179,1,940,919,256,799,1010,926,926
40,347,14009,3,0.888297975063324,0.8873831629753113,-0.0009148120880126953,0,364,683,1139,781,365,468,468
41,383,12643,1,0.9147555232048035,0.8904586434364319,-0.024296879768371582,0,1,240,998,328,1,1,1
42,406,15569,3,0.8922568559646606,0.8718697428703308,-0.020387113094329834,0,356,435,763,481,336,357,357
43,408,13719,10,0.9081315398216248,0.7536382675170898,-0.1544932723045349,0,39,150,640,170,39,51,51
44,414,17566,2,0.8374660611152649,0.8875426650047302,0.05007660388946533,1,77,972,1198,1032,54,95,95
45,416,18194,2,0.8097851276397705,0.8932910561561584,0.08350592851638794,1,1098,1048,665,1024,1181,1179,1179
46,421,17961,10,0.9030658602714539,0.814733624458313,-0.08833223581314087,0,845,922,820,938,783,843,843
47,450,8854,4,0.9434212446212769,0.9059642553329468,-0.03745698928833008,0,50,137,456,173,42,32,32
48,475,17335,3,0.9384139776229858,0.8621929883956909,-0.07622098922729492,0,139,225,1111,310,134,159,159
49,476,18030,7,0.9242950081825256,0.7787063121795654,-0.1455886960029602,0,698,474,156,400,676,535,535
50,480,10293,2,0.8872456550598145,0.9096837043762207,0.02243804931640625,1,551,289,310,274,543,422,422
51,484,13676,9,0.9450277090072632,0.7962698340415955,-0.14875787496566772,0,95,683,1262,819,96,117,117
52,493,6200,2,0.879586398601532,0.8786641359329224,-0.0009222626686096191,0,162,1097,1257,1152,167,225,225
53,508,4080,6,0.9271084070205688,0.8232755064964294,-0.1038329005241394,0,529,231,474,260,516,504,504
54,542,1429,2,0.9392468333244324,0.8861381411552429,-0.05310869216918945,0,1030,71,228,80,892,748,748
55,555,4208,6,0.9021971225738525,0.8095231056213379,-0.09267401695251465,0,996,1120,1162,1133,931,1101,1101
56,571,18320,10,0.9171980023384094,0.7784568667411804,-0.138741135597229,0,861,225,564,248,831,807,807
57,573,18227,3,0.936945915222168,0.896835207939148,-0.04011070728302002,0,553,120,270,133,421,335,335
58,586,18320,7,0.9263315200805664,0.7032368183135986,-0.22309470176696777,0,267,124,689,149,330,357,357
59,611,7159,8,0.9449810981750488,0.8033657670021057,-0.14161533117294312,0,359,671,714,684,246,261,261
60,617,18261,3,0.918087899684906,0.8909504413604736,-0.027137458324432373,0,113,320,613,353,76,80,80
61,621,18274,10,0.8259426951408386,0.7071256637573242,-0.1188170313835144,0,853,1137,1335,1249,866,1138,1138
62,625,2943,2,0.8994527459144592,0.9193937182426453,0.019940972328186035,1,637,335,299,325,567,454,454
63,642,18250,5,0.9256577491760254,0.8649841547012329,-0.06067359447479248,0,489,235,469,257,434,407,407
64,658,18274,6,0.7984164953231812,0.7411384582519531,-0.05727803707122803,0,622,1212,1208,1227,663,819,819
65,660,18307,3,0.8987662196159363,0.8089909553527832,-0.08977526426315308,0,1098,51,463,66,1137,1150,1150
66,670,2424,2,0.7743875980377197,0.8796645402908325,0.10527694225311279,1,1100,1333,759,1321,1036,1053,1053
67,698,4462,2,0.9100589752197266,0.8703068494796753,-0.03975212574005127,0,87,594,1256,719,90,150,150
68,700,17980,2,0.7860605716705322,0.837065577507019,0.051005005836486816,1,824,727,352,667,893,834,834
69,701,8366,4,0.8085559606552124,0.7788469791412354,-0.02970898151397705,0,343,74,311,87,301,239,239
70,704,15305,3,0.8363142013549805,0.9048337936401367,0.06851959228515625,1,1236,675,193,572,1215,1172,1172
71,719,16458,7,0.8718496561050415,0.7421228885650635,-0.12972676753997803,0,1138,496,941,579,1054,1122,1122
72,724,18307,3,0.8735940456390381,0.8084479570388794,-0.06514608860015869,0,612,18,457,30,619,584,584
73,730,13476,2,0.8522602319717407,0.909015953540802,0.05675572156906128,1,627,1030,1001,1044,587,693,693
74,736,11979,4,0.8964897990226746,0.8976159691810608,0.0011261701583862305,1,539,238,169,211,504,396,396
75,737,18306,10,0.9016997814178467,0.8063815832138062,-0.09531819820404053,0,503,530,604,529,393,376,376
76,738,12035,2,0.8831551671028137,0.9135793447494507,0.030424177646636963,1,667,1090,1201,1129,709,882,882
77,754,607,4,0.8206900954246521,0.7803135514259338,-0.04037654399871826,0,1160,38,212,47,1126,1067,1067
78,755,845,2,0.8402529358863831,0.8445824384689331,0.004329502582550049,1,790,864,1271,977,819,1028,1028
79,757,2045,3,0.9626069664955139,0.869635283946991,-0.09297168254852295,0,10,23,834,39,9,6,6
80,767,12901,5,0.8492349982261658,0.8353058099746704,-0.013929188251495361,0,1086,820,633,805,1129,1171,1171
81,816,17881,6,0.9413649439811707,0.8220235109329224,-0.11934143304824829,0,10,231,808,290,10,12,12
82,836,13323,2,0.8669012784957886,0.8880159854888916,0.021114706993103027,1,367,435,372,421,452,401,401
83,852,1869,10,0.9412437081336975,0.8692779541015625,-0.07196575403213501,0,2,419,138,347,2,1,1
84,855,7522,6,0.8852120041847229,0.8167644143104553,-0.06844758987426758,0,25,152,538,190,20,20,20
85,869,18285,4,0.8907002210617065,0.8914488554000854,0.0007486343383789062,1,500,929,675,906,487,497,497
86,873,514,6,0.9211891889572144,0.8418047428131104,-0.079384446144104,0,1,196,269,205,1,1,1
87,874,7572,2,0.948877215385437,0.9003646373748779,-0.04851257801055908,0,436,127,308,147,343,243,243
88,916,1451,2,0.6936926245689392,0.8826255202293396,0.1889328956604004,1,1055,1282,54,1132,1058,842,842
89,945,17943,5,0.9247255921363831,0.8573503494262695,-0.06737524271011353,0,89,93,266,110,82,71,71
90,954,47,2,0.8782658576965332,0.8959619998931885,0.017696142196655273,1,511,344,257,296,614,530,530
91,958,5969,2,0.9263313412666321,0.9305650591850281,0.004233717918395996,1,174,295,585,318,146,128,128
92,1001,13086,1,0.8431621193885803,0.8502805233001709,0.007118403911590576,1,661,74,85,71,577,386,386
93,1008,50,2,0.8580527901649475,0.8516086935997009,-0.006444096565246582,0,290,31,114,29,255,174,174
94,1021,51,3,0.8264886140823364,0.881817102432251,0.05532848834991455,1,1223,845,232,725,1221,1196,1196
95,1029,18356,9,0.842632532119751,0.7408128380775452,-0.10181969404220581,0,748,572,1002,624,666,765,765
96,1040,16920,2,0.9018539786338806,0.8827359676361084,-0.019118010997772217,0,259,225,285,232,234,181,181
97,1088,58,2,0.8671745657920837,0.7958741784095764,-0.07130038738250732,0,77,18,279,26,121,68,68
98,1107,11876,3,0.7972394227981567,0.9071732759475708,0.10993385314941406,1,934,1192,902,1224,742,839,839
99,1111,18290,4,0.8315977454185486,0.8567878007888794,0.02519005537033081,1,570,796,556,749,500,502,502
100,1112,18330,2,0.9570568799972534,0.9162424206733704,-0.04081445932388306,0,29,236,765,264,29,19,19
101,1140,1270,2,0.8624785542488098,0.8981404304504395,0.03566187620162964,1,651,128,125,110,829,590,590
102,1147,9419,2,0.8488985896110535,0.8917185068130493,0.04281991720199585,1,722,296,238,281,612,512,512
103,1150,18287,10,0.841090202331543,0.8057708144187927,-0.035319387912750244,0,242,1025,577,986,217,201,201
104,1152,18091,2,0.8734612464904785,0.8291527628898621,-0.044308483600616455,0,1088,71,227,78,932,800,800
105,1154,9402,4,0.8396351337432861,0.8806037902832031,0.04096865653991699,1,984,105,17,64,1008,589,589
106,1158,17943,3,0.8433012962341309,0.8736229538917542,0.03032165765762329,1,1279,455,227,390,1284,1283,1283
107,1159,18347,4,0.867961049079895,0.8609223365783691,-0.007038712501525879,0,1123,946,815,928,1113,1159,1159
108,1178,1784,2,0.8801801800727844,0.8622301816940308,-0.017949998378753662,0,272,9,82,9,288,161,161
109,1188,17714,2,0.9236854910850525,0.9142554402351379,-0.00943005084991455,0,162,155,185,143,128,90,90
110,1194,17090,2,0.8713817000389099,0.8823174238204956,0.010935723781585693,1,52,796,1224,890,47,70,70
111,1197,18309,8,0.8795148134231567,0.7418840527534485,-0.13763076066970825,0,228,468,597,474,265,276,276
112,1207,16414,3,0.8961175084114075,0.9097396731376648,0.013622164726257324,1,653,592,510,574,590,579,579
113,1211,64,4,0.7134943008422852,0.8714116215705872,0.157917320728302,1,1326,1337,301,1326,1327,1326,1326
114,1238,17086,3,0.7923202514648438,0.8556850552558899,0.06336480379104614,1,697,1291,1082,1294,643,734,734
115,1242,11385,3,0.9149693250656128,0.8801759481430054,-0.03479337692260742,0,324,75,124,80,333,186,186
116,1255,5718,2,0.8246576189994812,0.8628984689712524,0.03824084997177124,1,1150,513,327,465,1170,1119,1119
117,1273,7199,2,0.9357945919036865,0.908604621887207,-0.027189970016479492,0,128,287,794,341,95,98,98
118,1293,18261,4,0.9158521890640259,0.8619908690452576,-0.05386132001876831,0,747,391,731,429,674,720,720
119,1298,18272,3,0.8510000109672546,0.8888985514640808,0.03789854049682617,1,1110,960,507,919,1029,1023,1023
120,1300,17494,4,0.9372785091400146,0.8932732343673706,-0.04400527477264404,0,150,154,220,151,122,104,104
121,1304,18280,3,0.801913857460022,0.8629461526870728,0.06103229522705078,1,166,891,332,801,159,120,120
122,1308,7145,2,0.8056218028068542,0.8946127891540527,0.08899098634719849,1,760,974,437,899,862,833,833
123,1315,18347,4,0.8621335029602051,0.8613008260726929,-0.000832676887512207,0,1054,1117,810,1094,946,1007,1007
124,1331,18290,3,0.8773651719093323,0.8478228449821472,-0.02954232692718506,0,911,579,906,614,770,828,828
125,1357,18307,5,0.81410151720047,0.7933686375617981,-0.020732879638671875,0,1202,400,432,399,1216,1229,1229
126,1361,18207,2,0.8552674651145935,0.8619652986526489,0.00669783353805542,1,1053,753,668,745,918,956,956
127,1366,10154,5,0.8845760822296143,0.8327046632766724,-0.051871418952941895,0,745,508,632,521,752,797,797
128,1378,2470,4,0.8509355187416077,0.8499747514724731,-0.0009607672691345215,0,1143,700,807,712,1155,1196,1196
129,1389,7643,4,0.8488457202911377,0.8727830648422241,0.023937344551086426,1,766,942,1122,966,789,915,915
130,1394,17077,3,0.8951422572135925,0.8976134657859802,0.0024712085723876953,1,629,168,122,149,661,457,457
131,1404,18346,2,0.8566006422042847,0.8788924813270569,0.022291839122772217,1,170,871,1304,960,163,246,246
132,1407,18271,5,0.9141049385070801,0.879865825176239,-0.034239113330841064,0,638,220,255,219,648,534,534
133,1414,18304,3,0.9380424618721008,0.919747531414032,-0.018294930458068848,0,24,477,673,486,24,16,16
134,1421,17409,3,0.8734810948371887,0.8932055830955505,0.019724488258361816,1,1054,1236,881,1206,1145,1197,1197
135,1430,10084,2,0.7491015791893005,0.8004106283187866,0.051309049129486084,1,1031,303,242,266,990,887,887
136,1440,18346,1,0.8441216945648193,0.8982523679733276,0.0541306734085083,1,324,956,1301,1034,270,404,404
137,1463,1710,9,0.8776425719261169,0.8185915350914001,-0.0590510368347168,0,597,1178,996,1172,558,659,659
138,1482,11166,5,0.9203411340713501,0.7900676131248474,-0.13027352094650269,0,159,30,1026,65,160,177,177
139,1502,17137,3,0.8192271590232849,0.8412912487983704,0.02206408977508545,1,647,814,1276,926,664,832,832
140,1513,254,4,0.8253250122070312,0.8641101121902466,0.03878509998321533,1,407,1101,954,1088,399,461,461
141,1514,16042,2,0.8572789430618286,0.8405717611312866,-0.016707181930541992,0,567,112,99,116,645,419,419
142,1527,4755,2,0.8924401998519897,0.8662346005439758,-0.026205599308013916,0,283,367,846,418,303,321,321
143,1530,18287,6,0.8368841409683228,0.7043542861938477,-0.1325298547744751,0,113,1079,1337,1168,84,177,177
144,1542,6290,3,0.7492644190788269,0.8729727268218994,0.12370830774307251,1,494,1222,579,1162,580,569,569
145,1543,6900,4,0.9312703609466553,0.8808152675628662,-0.05045509338378906,0,43,575,738,599,62,62,62
146,1555,6355,7,0.9079270362854004,0.7455929517745972,-0.16233408451080322,0,243,204,252,186,273,234,234
147,1573,17566,4,0.8892325758934021,0.8645626902580261,-0.024669885635375977,0,163,1176,1068,1162,132,172,172
148,1579,18030,4,0.8527568578720093,0.9024068117141724,0.049649953842163086,1,930,397,317,352,884,805,805
149,1619,4638,3,0.818102240562439,0.9104872345924377,0.09238499402999878,1,786,1136,609,1078,858,864,864
150,1625,16793,10,0.855647623538971,0.8485270738601685,-0.00712054967880249,0,500,1015,246,908,427,321,321
151,1646,2727,2,0.8769153952598572,0.8807924389839172,0.0038770437240600586,1,158,1167,1333,1217,160,268,268
152,1657,8794,4,0.9460583925247192,0.8956817388534546,-0.05037665367126465,0,69,468,794,510,59,59,59
153,1658,17962,3,0.8623925447463989,0.8699471950531006,0.00755465030670166,1,214,796,723,800,233,222,222
154,1673,15257,10,0.9611918926239014,0.8055719137191772,-0.15561997890472412,0,40,130,965,158,40,35,35
155,1697,18237,10,0.8708536028862,0.7639546394348145,-0.1068989634513855,0,1002,866,957,918,934,1053,1053
156,1706,3086,5,0.8642258644104004,0.8364043235778809,-0.02782154083251953,0,253,1124,1095,1136,237,288,288
157,1709,3743,2,0.8088966012001038,0.8331159353256226,0.0242193341255188,1,1215,297,331,292,1258,1232,1232
158,1776,101,3,0.9013928174972534,0.910861074924469,0.009468257427215576,1,242,500,761,537,230,248,248
159,1790,18272,10,0.9335330128669739,0.8439283967018127,-0.08960461616516113,0,139,324,197,275,119,69,69
160,1791,101,5,0.9096695780754089,0.8473634719848633,-0.062306106090545654,0,108,768,1090,831,140,166,166
161,1811,12401,1,0.9237092137336731,0.9531773924827576,0.029468178749084473,1,8,286,717,345,10,7,7
162,1825,6669,6,0.9314513206481934,0.8753141164779663,-0.05613720417022705,0,761,194,169,169,691,521,521
163,1836,9935,2,0.9050830602645874,0.8631306290626526,-0.041952431201934814,0,1176,109,116,107,1054,848,848
164,1858,12327,2,0.841680109500885,0.8670504689216614,0.025370359420776367,1,598,1238,1239,1256,604,764,764
165,1864,108,2,0.8190487027168274,0.8521609902381897,0.033112287521362305,1,1236,101,33,76,1230,1105,1105
166,1882,12872,7,0.9735671281814575,0.7338917851448059,-0.2396753430366516,0,127,28,609,32,118,114,114
167,1885,6041,3,0.8124262690544128,0.8924532532691956,0.08002698421478271,1,939,886,116,695,1066,953,953
168,1887,11230,3,0.8359085321426392,0.8897196650505066,0.05381113290786743,1,1148,1279,721,1262,1124,1185,1185
169,1898,18288,6,0.9193131327629089,0.7944674491882324,-0.12484568357467651,0,212,630,1184,758,205,258,258
170,1900,604,4,0.8984250426292419,0.8356460332870483,-0.0627790093421936,0,113,413,936,473,95,112,112
171,1939,11149,3,0.8573628067970276,0.8920754790306091,0.03471267223358154,1,1037,1222,605,1180,1081,1098,1098
172,1947,17844,1,0.8613532185554504,0.893412709236145,0.03205949068069458,1,329,225,312,196,326,225,225
173,1960,9931,3,0.8467012047767639,0.8688391447067261,0.022137939929962158,1,1035,855,608,822,1044,1077,1077
174,1965,115,3,0.9419237971305847,0.8772746324539185,-0.06464916467666626,0,44,202,1161,288,54,73,73
175,1978,5515,5,0.8602842688560486,0.7950334548950195,-0.06525081396102905,0,499,899,1221,967,531,659,659
176,2003,11676,10,0.9058824777603149,0.8006206750869751,-0.10526180267333984,0,5,1008,1028,1039,5,5,5
177,2021,121,3,0.9251925349235535,0.8839300274848938,-0.04126250743865967,0,124,347,867,400,136,137,137
178,2026,4236,3,0.8490948677062988,0.8890676498413086,0.039972782135009766,1,508,1214,889,1184,458,471,471
179,2040,18237,6,0.9082582592964172,0.8289614915847778,-0.0792967677116394,0,523,427,466,418,566,506,506
180,2046,2321,3,0.8567942380905151,0.8719487190246582,0.015154480934143066,1,676,392,459,402,589,561,561
181,2047,10985,4,0.9298294186592102,0.8896201252937317,-0.040209293365478516,0,127,85,89,82,93,33,33
182,2089,15543,2,0.7625109553337097,0.8698974847793579,0.1073865294456482,1,1191,521,74,395,1120,907,907
183,2090,7838,4,0.8819758296012878,0.8608155846595764,-0.021160244941711426,0,565,156,182,155,484,350,350
184,2112,7115,6,0.9080181121826172,0.8039191961288452,-0.10409891605377197,0,66,73,322,89,82,57,57
185,2136,4673,2,0.918595016002655,0.8390673398971558,-0.07952767610549927,0,2,181,1276,305,2,3,3
186,2156,14449,2,0.9486153721809387,0.8861145377159119,-0.06250083446502686,0,108,54,341,74,104,82,82
187,2158,13983,3,0.859245777130127,0.8548465371131897,-0.004399240016937256,0,1203,236,223,237,1196,1110,1110
188,2169,186,4,0.8840686678886414,0.8906210660934448,0.006552398204803467,1,540,684,532,651,607,576,576
189,2202,804,3,0.8958048820495605,0.8687304854393005,-0.02707439661026001,0,30,560,806,580,27,24,24
190,2203,11599,2,0.9438726902008057,0.9117064476013184,-0.032166242599487305,0,2,189,506,225,2,3,3
191,2226,18035,4,0.8827125430107117,0.8580600023269653,-0.024652540683746338,0,389,266,303,269,369,298,298
192,2245,18298,4,0.850925624370575,0.8920302987098694,0.041104674339294434,1,348,815,427,749,286,262,262
193,2249,18131,1,0.8054249286651611,0.8592730164527893,0.053848087787628174,1,320,426,312,390,336,290,290
194,2269,139,5,0.89568030834198,0.8263595700263977,-0.06932073831558228,0,387,1018,1173,1056,330,444,444
195,2285,9624,1,0.7441813945770264,0.8276689648628235,0.08348757028579712,1,650,1197,1343,1276,740,1037,1037
196,2298,10507,5,0.9469022750854492,0.9197203516960144,-0.027181923389434814,0,13,160,192,154,12,10,10
197,2302,2884,4,0.9424785375595093,0.8790494799613953,-0.06342905759811401,0,568,255,552,290,525,502,502
198,2307,18292,2,0.8773095607757568,0.8997347354888916,0.022425174713134766,1,72,1108,1313,1163,67,116,116
199,2334,1787,9,0.9581459760665894,0.8736218214035034,-0.08452415466308594,0,10,78,76,62,9,7,7
200,2346,147,2,0.9579578638076782,0.8691152334213257,-0.08884263038635254,0,1,15,64,17,1,1,1
201,2347,147,9,0.8834189772605896,0.800861120223999,-0.08255785703659058,0,1069,62,70,48,1116,933,933
202,2355,13716,2,0.870635986328125,0.9391287565231323,0.06849277019500732,1,25,818,685,796,25,27,27
203,2372,379,3,0.8842025399208069,0.9049023389816284,0.020699799060821533,1,20,486,636,504,22,17,17
204,2376,5714,5,0.9205120801925659,0.8561329245567322,-0.06437915563583374,0,231,978,1202,1031,203,277,277
205,2391,10506,4,0.9306054711341858,0.8880239725112915,-0.04258149862289429,0,4,118,430,142,4,4,4
206,2403,16646,2,0.788043200969696,0.8337409496307373,0.04569774866104126,1,235,1245,1340,1276,290,430,430
207,2404,18272,5,0.9520211219787598,0.8597567081451416,-0.09226441383361816,0,6,154,553,212,6,6,6
208,2412,3114,6,0.9408648014068604,0.9003633260726929,-0.04050147533416748,0,367,91,26,65,285,123,123
209,2422,6013,2,0.9336110353469849,0.9123902916908264,-0.021220743656158447,0,8,159,372,186,8,7,7
210,2428,17715,3,0.7862473726272583,0.8833150267601013,0.09706765413284302,1,1258,1040,590,975,1260,1273,1273
211,2444,8791,3,0.8697071671485901,0.846489429473877,-0.023217737674713135,0,866,1000,1236,1060,755,946,946
212,2456,16478,9,0.9390006065368652,0.8270942568778992,-0.11190634965896606,0,129,943,1029,983,109,111,111
213,2465,11627,10,0.8244009613990784,0.7511684894561768,-0.07323247194290161,0,30,562,761,609,34,29,29
214,2470,18088,5,0.8445536494255066,0.7847639918327332,-0.05978965759277344,0,1306,156,374,174,1312,1323,1323
215,2497,7588,3,0.9450826048851013,0.9445788860321045,-0.0005037188529968262,0,233,214,295,215,184,159,159
216,2505,16178,7,0.9440555572509766,0.7409855127334595,-0.2030700445175171,0,841,284,507,300,851,814,814
217,2508,1412,1,0.8519138693809509,0.9251331090927124,0.07321923971176147,1,207,357,556,380,147,146,146
218,2511,7518,2,0.9358927607536316,0.8758412003517151,-0.060051560401916504,0,13,52,100,56,12,8,8
219,2546,12944,6,0.9165419340133667,0.830603837966919,-0.08593809604644775,0,1114,514,596,527,1090,1100,1100
220,2549,17179,3,0.9302129149436951,0.9126276969909668,-0.01758521795272827,0,347,820,1034,847,341,399,399
221,2555,1255,4,0.8638466596603394,0.8663277626037598,0.00248110294342041,1,955,643,336,579,972,929,929
222,2576,15523,4,0.8452324271202087,0.8806015849113464,0.035369157791137695,1,1188,152,27,107,1165,927,927
223,2608,18280,5,0.7983239889144897,0.8434101939201355,0.04508620500564575,1,279,1096,348,997,297,203,203
224,2615,719,2,0.9200964570045471,0.8821837902069092,-0.03791266679763794,0,21,111,348,131,23,22,22
225,2622,13211,2,0.9184661507606506,0.9193833470344543,0.0009171962738037109,1,19,534,798,586,22,22,22
226,2641,5073,5,0.89533531665802,0.8736019134521484,-0.021733403205871582,0,532,45,55,44,547,327,327
227,2643,9111,1,0.8745653629302979,0.895409345626831,0.020843982696533203,1,684,182,205,165,748,594,594
228,2663,2701,2,0.8747011423110962,0.8971621990203857,0.02246105670928955,1,751,930,984,944,719,821,821
229,2664,17862,10,0.8878887295722961,0.7196375727653503,-0.1682511568069458,0,269,153,1098,230,260,341,341
230,2667,18131,9,0.8786296844482422,0.7701991200447083,-0.10843056440353394,0,1269,229,443,246,1238,1209,1209
231,2677,183,5,0.8645428419113159,0.7860286235809326,-0.0785142183303833,0,402,309,840,352,554,572,572
232,2708,2440,2,0.7978026866912842,0.8345252871513367,0.03672260046005249,1,236,653,1273,792,226,322,322
233,2714,2889,2,0.9059394598007202,0.9272478818893433,0.021308422088623047,1,318,604,619,603,233,251,251
234,2720,9107,2,0.8434788584709167,0.8673871755599976,0.02390831708908081,1,1219,411,167,350,1260,1234,1234
235,2730,14579,4,0.9308311939239502,0.882229208946228,-0.04860198497772217,0,220,286,474,306,179,150,150
236,2775,4638,4,0.8500300049781799,0.8498266339302063,-0.0002033710479736328,0,383,1153,1081,1146,367,479,479
237,2777,17856,10,0.9434928894042969,0.8656191825866699,-0.07787370681762695,0,491,763,559,734,464,438,438
238,2784,16266,2,0.8916609883308411,0.9062583446502686,0.01459735631942749,1,484,790,743,786,441,457,457
239,2821,12212,2,0.9065219163894653,0.9007181525230408,-0.0058037638664245605,0,22,351,890,421,18,33,33
240,2833,18337,5,0.8984169960021973,0.8591815829277039,-0.03923541307449341,0,164,428,560,449,142,148,148
241,2845,18134,2,0.8440344333648682,0.9012817144393921,0.057247281074523926,1,1046,1176,967,1163,1112,1177,1177
242,2858,2179,3,0.8528713583946228,0.8878297805786133,0.03495842218399048,1,680,705,607,687,511,510,510
243,2859,2770,4,0.7682271599769592,0.8392026424407959,0.07097548246383667,1,878,1216,715,1174,846,854,854
244,2870,5260,2,0.8387588262557983,0.8539974689483643,0.015238642692565918,1,956,998,1125,1034,976,1093,1093
245,2885,8431,4,0.8777029514312744,0.8742634057998657,-0.0034395456314086914,0,1001,101,79,85,1066,891,891
246,2889,4313,2,0.9189833402633667,0.8462241291999817,-0.07275921106338501,0,63,168,1028,224,81,98,98
247,2898,5355,2,0.8597649335861206,0.9271062016487122,0.06734126806259155,1,520,953,606,909,426,391,391
248,2903,951,6,0.9106482267379761,0.8009612560272217,-0.1096869707107544,0,323,882,1078,925,334,423,423
249,2930,548,2,0.9227237701416016,0.9050902724266052,-0.017633497714996338,0,33,481,862,539,33,51,51
250,2949,2424,2,0.8239343762397766,0.8791409134864807,0.0552065372467041,1,782,998,762,989,766,826,826
251,2961,203,8,0.9574084877967834,0.8362323045730591,-0.12117618322372437,0,48,212,244,203,46,28,28
252,2972,205,5,0.8290328979492188,0.8173450231552124,-0.011687874794006348,0,666,631,618,623,671,663,663
253,2975,16243,5,0.8919050693511963,0.8726166486740112,-0.01928842067718506,0,576,935,867,949,604,658,658
254,2981,18159,2,0.8191303610801697,0.9035477638244629,0.08441740274429321,1,638,1174,500,1113,584,571,571
255,2984,6979,3,0.9370052814483643,0.8911092281341553,-0.045896053314208984,0,15,354,1009,450,19,25,25
256,2997,4527,10,0.932064414024353,0.8073813915252686,-0.12468302249908447,0,421,644,872,706,366,415,415
257,3004,17961,4,0.8980615735054016,0.862540602684021,-0.035520970821380615,0,917,682,1047,741,831,935,935
258,3030,5593,10,0.9143252968788147,0.805952787399292,-0.1083725094795227,0,610,218,381,209,551,463,463
259,3037,10168,3,0.9501333832740784,0.831741213798523,-0.11839216947555542,0,56,309,1341,488,55,91,91
260,3046,18200,6,0.9254821538925171,0.8316317200660706,-0.09385043382644653,0,435,754,767,761,372,391,391
261,3077,18334,10,0.9072848558425903,0.8128249049186707,-0.09445995092391968,0,1011,296,298,281,1014,902,902
262,3106,4930,6,0.9202858805656433,0.7735506296157837,-0.14673525094985962,0,9,709,1224,831,9,12,12
263,3113,14081,2,0.7893036007881165,0.8736993670463562,0.08439576625823975,1,669,1245,1200,1259,662,853,853
264,3128,8849,9,0.9582859873771667,0.8248321413993835,-0.1334538459777832,0,6,488,1020,580,6,6,6
265,3145,16958,2,0.9484996199607849,0.9083471298217773,-0.04015249013900757,0,65,449,1092,531,58,70,70
266,3158,233,2,0.8835387825965881,0.8834086656570435,-0.00013011693954467773,0,109,158,225,156,113,62,62
267,3195,6097,5,0.961542546749115,0.8777815103530884,-0.08376103639602661,0,323,117,303,131,301,219,219
268,3198,17779,2,0.9262694716453552,0.9133641719818115,-0.012905299663543701,0,375,817,1034,868,351,399,399
269,3207,17605,2,0.8130283355712891,0.8952950835227966,0.08226674795150757,1,1166,639,299,547,1183,1147,1147
270,3250,11854,8,0.9421027898788452,0.8563843369483948,-0.08571845293045044,0,221,64,109,63,241,111,111
271,3262,15370,2,0.9744501113891602,0.8943516612052917,-0.08009845018386841,0,48,31,856,45,45,33,33
272,3288,16014,2,0.846355140209198,0.8843492865562439,0.0379941463470459,1,419,1069,915,1077,410,456,456
273,3301,15745,2,0.8353070020675659,0.8704860806465149,0.035179078578948975,1,611,632,570,645,503,491,491
274,3321,17098,1,0.8153012990951538,0.8882514834403992,0.07295018434524536,1,632,757,423,699,691,649,649
275,3329,14823,10,0.9178174734115601,0.8343665599822998,-0.08345091342926025,0,1042,687,509,659,853,865,865
276,3330,13721,3,0.9388113021850586,0.9349237084388733,-0.0038875937461853027,0,144,723,683,709,143,141,141
277,3331,12873,9,0.9040887951850891,0.7993671894073486,-0.10472160577774048,0,190,886,1059,927,173,194,194
278,3334,17699,3,0.8612377643585205,0.9238590002059937,0.06262123584747314,1,277,459,177,389,233,187,187
279,3343,11332,2,0.9374171495437622,0.91355299949646,-0.023864150047302246,0,269,455,857,501,261,258,258
280,3363,13605,5,0.8495245575904846,0.8614464998245239,0.011921942234039307,1,1232,640,270,558,1239,1209,1209
281,3364,18083,3,0.8617395758628845,0.8518843650817871,-0.009855210781097412,0,786,72,96,62,793,630,630
282,3366,11572,4,0.9444027543067932,0.866571307182312,-0.0778314471244812,0,13,473,1023,545,18,16,16
283,3374,10073,1,0.8755943179130554,0.8844531178474426,0.008858799934387207,1,226,179,266,169,232,139,139
284,3381,14970,3,0.9509758949279785,0.8987085223197937,-0.052267372608184814,0,70,365,850,434,62,65,65
285,3389,7037,10,0.9619307518005371,0.7523718476295471,-0.20955890417099,0,92,274,1324,463,92,176,176
286,3391,17951,2,0.9153300523757935,0.8592182993888855,-0.05611175298690796,0,334,261,1075,349,341,367,367
287,3392,5053,6,0.8723041415214539,0.7855105400085449,-0.08679360151290894,0,51,542,642,548,92,73,73
288,3393,6337,2,0.9295912981033325,0.8788650035858154,-0.05072629451751709,0,215,210,1017,293,188,217,217
289,3402,2120,2,0.8918544054031372,0.8982493281364441,0.006394922733306885,1,390,884,1185,964,378,443,443
290,3406,14864,2,0.8547561168670654,0.8964470624923706,0.041690945625305176,1,1016,410,162,342,1044,888,888
291,3448,17787,10,0.9388406872749329,0.7412922382354736,-0.19754844903945923,0,182,117,1059,171,182,226,226
292,3453,8500,9,0.9164161086082458,0.7894733548164368,-0.12694275379180908,0,758,873,1209,944,710,850,850
293,3463,15457,3,0.9082420468330383,0.899943470954895,-0.00829857587814331,0,711,598,561,595,605,603,603
294,3477,17443,2,0.8731684684753418,0.8921776413917542,0.019009172916412354,1,665,559,494,539,565,542,542
295,3484,5294,2,0.8098288178443909,0.8956570625305176,0.08582824468612671,1,1315,718,322,641,1326,1317,1317
296,3492,4801,2,0.8827227354049683,0.9190527200698853,0.03632998466491699,1,257,670,882,703,219,230,230
297,3552,4211,10,0.9397019743919373,0.7568177580833435,-0.18288421630859375,0,226,464,1228,605,215,302,302
298,3553,4223,2,0.8284251093864441,0.8501890301704407,0.021763920783996582,1,1046,340,203,297,1107,1037,1037
299,3556,8726,2,0.8892107009887695,0.8547645807266235,-0.034446120262145996,0,159,421,976,494,161,167,167
300,3576,5100,4,0.964285671710968,0.85013747215271,-0.11414819955825806,0,59,28,809,53,63,59,59
301,3580,18274,10,0.8617274761199951,0.7069668173789978,-0.15476065874099731,0,929,1086,1337,1211,960,1212,1212
302,3589,15493,5,0.964201807975769,0.9124000668525696,-0.05180174112319946,0,27,323,528,333,24,24,24
303,3616,17951,10,0.907182514667511,0.8194788694381714,-0.0877036452293396,0,234,547,423,522,253,176,176
304,3652,9918,2,0.9170644283294678,0.9102721810340881,-0.006792247295379639,0,97,931,1216,1010,95,131,131
305,3653,18200,2,0.9180017113685608,0.9042033553123474,-0.013798356056213379,0,705,631,869,673,683,765,765
306,3656,5170,2,0.9266101121902466,0.8883025646209717,-0.0383075475692749,0,341,212,568,235,338,304,304
307,3697,18014,5,0.9461147785186768,0.8760247826576233,-0.07008999586105347,0,425,97,277,105,380,247,247
308,3703,16193,2,0.8636199235916138,0.9027814865112305,0.0391615629196167,1,1163,571,478,553,1210,1195,1195
309,3771,260,2,0.9486520886421204,0.9217656254768372,-0.026886463165283203,0,23,259,658,293,22,17,17
310,3774,17477,4,0.8098526000976562,0.830078661441803,0.02022606134414673,1,905,866,419,810,912,869,869
311,3783,7607,2,0.8067181706428528,0.8348782658576965,0.02816009521484375,1,542,1276,1317,1293,564,757,757
312,3785,8120,3,0.8718394041061401,0.8791660666465759,0.007326662540435791,1,134,864,1158,936,135,187,187
313,3819,16369,4,0.9295496940612793,0.8392132520675659,-0.09033644199371338,0,111,341,1251,447,100,153,153
314,3823,17814,3,0.9094628691673279,0.8659116625785828,-0.04355120658874512,0,34,850,1249,933,41,48,48
315,3828,3042,2,0.8171512484550476,0.9123693108558655,0.09521806240081787,1,770,780,215,682,751,640,640
316,3860,14357,3,0.965806245803833,0.8917236924171448,-0.07408255338668823,0,2,472,1174,576,2,2,2
317,3862,7747,2,0.8644680976867676,0.8963294625282288,0.03186136484146118,1,470,198,127,152,539,362,362
318,3863,5444,3,0.9636442065238953,0.8786840438842773,-0.08496016263961792,0,90,228,1065,314,67,104,104
319,3895,2587,6,0.8488807678222656,0.7674675583839417,-0.08141320943832397,0,522,1062,1118,1098,481,572,572
320,3936,5680,5,0.8578179478645325,0.8485625982284546,-0.00925534963607788,0,491,1151,729,1140,511,523,523
321,3940,2453,2,0.8798667192459106,0.878277063369751,-0.001589655876159668,0,61,640,963,696,71,81,81
322,3954,9516,2,0.9166913032531738,0.908256471157074,-0.008434832096099854,0,44,647,896,689,55,59,59
323,3988,11969,3,0.872921347618103,0.8797193169593811,0.006797969341278076,1,305,1118,699,1064,304,304,304
324,4001,9516,2,0.9240369200706482,0.908083438873291,-0.015953481197357178,0,191,249,896,296,197,199,199
325,4004,15311,3,0.8605263829231262,0.8827555775642395,0.02222919464111328,1,536,1192,718,1174,522,539,539
326,4024,1880,2,0.9242332577705383,0.8954460620880127,-0.028787195682525635,0,33,560,972,613,40,45,45
327,4039,587,2,0.8794934749603271,0.8793059587478638,-0.0001875162124633789,0,758,776,1110,834,614,731,731
328,4041,16234,1,0.8826308250427246,0.9356405138969421,0.05300968885421753,1,5,696,933,735,5,7,7
329,4070,14500,9,0.8572438359260559,0.8251292109489441,-0.032114624977111816,0,607,1234,697,1197,620,657,657
330,4082,5170,4,0.9431599974632263,0.8948261737823486,-0.048333823680877686,0,176,84,336,97,149,104,104
331,4083,2799,2,0.9043852090835571,0.8902626633644104,-0.014122545719146729,0,101,64,179,63,120,44,44
332,4088,17462,9,0.9379853010177612,0.8249304294586182,-0.11305487155914307,0,238,438,770,468,236,226,226
333,4107,8155,1,0.8517124056816101,0.8486816883087158,-0.003030717372894287,0,597,129,177,128,726,606,606
334,4109,13126,3,0.9012823700904846,0.9159395098686218,0.014657139778137207,1,163,1069,599,1015,191,176,176
335,4116,251,4,0.793948233127594,0.8513170480728149,0.05736881494522095,1,952,830,285,753,911,809,809
336,4117,2404,2,0.8784255385398865,0.8300274014472961,-0.04839813709259033,0,671,32,28,30,821,444,444
337,4132,18150,4,0.8540046811103821,0.8603444695472717,0.0063397884368896484,1,504,1242,1205,1237,526,672,672
338,4217,1009,3,0.7677174210548401,0.8359054327011108,0.06818801164627075,1,1013,1275,1114,1286,1047,1167,1167
339,4223,11135,1,0.8220831155776978,0.9122056365013123,0.0901225209236145,1,350,1000,567,958,341,315,315
340,4224,5213,1,0.912243664264679,0.8980141282081604,-0.014229536056518555,0,28,165,927,213,24,32,32
341,4229,2947,3,0.8472044467926025,0.9042791128158569,0.057074666023254395,1,776,1193,1046,1187,683,776,776
342,4233,17331,2,0.9283246994018555,0.8951265811920166,-0.03319811820983887,0,4,570,1076,649,5,4,4
343,4237,18133,3,0.934851884841919,0.892604649066925,-0.042247235774993896,0,203,520,834,553,228,219,219
344,4257,13506,2,0.874898374080658,0.8809524178504944,0.006054043769836426,1,485,426,702,465,464,461,461
345,4275,8120,3,0.8560043573379517,0.8791736960411072,0.023169338703155518,1,56,1151,1164,1153,62,90,90
346,4277,14960,5,0.8942757844924927,0.8887386322021484,-0.005537152290344238,0,1227,990,863,978,1150,1194,1194
347,4279,5583,8,0.8708460927009583,0.7413856983184814,-0.1294603943824768,0,1180,30,76,30,1232,1083,1083
348,4286,12782,4,0.8617088198661804,0.8414995670318604,-0.02020925283432007,0,682,75,121,81,641,404,404
349,4290,16494,2,0.8623760342597961,0.8958726525306702,0.03349661827087402,1,1116,648,700,664,1069,1097,1097
350,4310,13506,3,0.861657977104187,0.8956295251846313,0.033971548080444336,1,1188,802,459,757,1179,1165,1165
351,4328,17853,1,0.841077983379364,0.9167932868003845,0.07571530342102051,1,308,686,727,699,261,262,262
352,4335,18274,4,0.9040876030921936,0.8220244646072388,-0.08206313848495483,0,8,271,1035,369,8,8,8
353,4340,2884,2,0.8630889058113098,0.894212007522583,0.031123101711273193,1,602,725,634,708,559,566,566
354,4372,9615,9,0.8731803297996521,0.8673872947692871,-0.00579303503036499,0,1242,888,85,686,1247,1151,1151
355,4426,270,2,0.9282000660896301,0.8897591233253479,-0.03844094276428223,0,155,417,1059,500,140,178,178
356,4521,278,9,0.945601761341095,0.8418461084365845,-0.1037556529045105,0,93,495,552,499,89,72,72
357,4542,9034,3,0.8886789679527283,0.8849432468414307,-0.0037357211112976074,0,461,879,1066,908,412,471,471
358,4549,14448,6,0.9029200077056885,0.8086394667625427,-0.09428054094314575,0,474,681,816,693,494,524,524
359,4550,11542,2,0.8540949821472168,0.8992178440093994,0.04512286186218262,1,868,767,917,801,835,924,924
360,4594,15021,6,0.85645592212677,0.755938708782196,-0.10051721334457397,0,310,1226,1254,1239,326,484,484
361,4618,17477,4,0.8540337085723877,0.8287648558616638,-0.025268852710723877,0,920,286,430,291,905,888,888
362,4690,17828,1,0.911102831363678,0.8724599480628967,-0.03864288330078125,0,1031,37,35,32,747,483,483
363,4696,17862,6,0.8484355211257935,0.7685831189155579,-0.0798524022102356,0,921,630,677,629,887,933,933
364,4712,8500,2,0.947567880153656,0.9007150530815125,-0.046852827072143555,0,133,276,943,345,122,118,118
365,4715,17101,5,0.861685574054718,0.7921520471572876,-0.06953352689743042,0,61,1029,1195,1068,135,186,186
366,4727,12207,3,0.9540865421295166,0.9349196553230286,-0.019166886806488037,0,71,188,408,197,67,49,49
367,4737,15672,3,0.8618335127830505,0.8956319093704224,0.033798396587371826,1,258,788,386,731,292,209,209
368,4744,16265,4,0.8637675046920776,0.8674607872962952,0.0036932826042175293,1,919,860,495,803,995,997,997
369,4747,7994,2,0.8044674396514893,0.8802647590637207,0.07579731941223145,1,453,1223,995,1214,434,503,503
370,4751,6234,5,0.8676794171333313,0.7888314723968506,-0.07884794473648071,0,43,874,1266,955,46,58,58
371,4761,1568,4,0.9089795351028442,0.8292423486709595,-0.07973718643188477,0,13,548,1256,662,13,17,17
372,4765,18288,2,0.9182232618331909,0.8999441266059875,-0.01827913522720337,0,580,562,1120,662,435,505,505
373,4773,18315,3,0.8833152651786804,0.9211198091506958,0.03780454397201538,1,1054,666,308,590,958,855,855
374,4794,18214,7,0.9023289680480957,0.7571967840194702,-0.1451321840286255,0,740,1084,770,1070,766,831,831
375,4801,6825,4,0.9180911183357239,0.8848733305931091,-0.033217787742614746,0,6,170,314,182,6,5,5
376,4850,14134,2,0.9080827832221985,0.8427916765213013,-0.06529110670089722,0,79,159,969,235,76,90,90
377,4855,303,2,0.8488208651542664,0.8685355186462402,0.019714653491973877,1,530,676,836,695,398,436,436
378,4869,18293,2,0.8338407278060913,0.863136351108551,0.029295623302459717,1,688,344,541,375,681,654,654
379,4888,13729,2,0.9257146120071411,0.85089111328125,-0.07482349872589111,0,8,43,826,72,8,8,8
380,4903,18307,4,0.8110832571983337,0.8345018029212952,0.023418545722961426,1,1186,543,158,437,1191,1098,1098
381,4907,10732,2,0.8242142200469971,0.8844856023788452,0.060271382331848145,1,804,963,343,878,946,901,901
382,4925,17332,7,0.8167867660522461,0.7277864217758179,-0.08900034427642822,0,12,1251,1122,1268,15,26,26
383,4932,17479,3,0.8146516680717468,0.8813793063163757,0.0667276382446289,1,1308,1157,392,1053,1322,1325,1325
384,4962,18287,2,0.8293511867523193,0.8456213474273682,0.016270160675048828,1,582,1014,1242,1066,580,781,781
385,4981,18131,9,0.9123032689094543,0.7694100737571716,-0.14289319515228271,0,96,113,449,131,112,100,100
386,4984,1898,2,0.8470010161399841,0.876522958278656,0.029521942138671875,1,838,706,421,655,843,836,836
387,4996,18303,6,0.93293297290802,0.8529866337776184,-0.07994633913040161,0,472,396,411,393,408,352,352
388,5003,18344,7,0.9017508029937744,0.786438524723053,-0.11531227827072144,0,55,543,208,478,43,29,29
389,5015,11173,2,0.8796411156654358,0.8973963856697083,0.01775527000427246,1,1084,747,729,751,1071,1117,1117
390,5040,16802,2,0.9205935597419739,0.9196710586547852,-0.0009225010871887207,0,119,205,1057,246,105,116,116
391,5043,12445,3,0.8288681507110596,0.8582900762557983,0.02942192554473877,1,227,1274,1289,1288,219,345,345
392,5058,5227,2,0.887529730796814,0.914078414440155,0.026548683643341064,1,761,459,405,448,683,632,632
393,5087,323,3,0.9020295143127441,0.9098649024963379,0.00783538818359375,1,656,636,511,626,683,667,667
394,5088,18274,5,0.8430446982383728,0.7948522567749023,-0.04819244146347046,0,12,952,1167,998,14,16,16
395,5090,9804,4,0.8885706067085266,0.8537463545799255,-0.034824252128601074,0,163,236,437,257,129,119,119
396,5091,16665,2,0.8902187943458557,0.8989879488945007,0.00876915454864502,1,175,916,1123,984,226,269,269
397,5112,14982,4,0.8150426149368286,0.8559512495994568,0.040908634662628174,1,526,1309,1252,1310,466,622,622
398,5119,18306,4,0.8694208860397339,0.8585399985313416,-0.010880887508392334,0,231,817,730,805,213,225,225
399,5154,18334,2,0.9173145294189453,0.9080160856246948,-0.009298443794250488,0,734,207,192,196,646,521,521
400,5156,10477,2,0.7989372611045837,0.8750254511833191,0.07608819007873535,1,297,1003,1213,1041,274,386,386
401,5182,1203,2,0.8993003964424133,0.9121706485748291,0.012870252132415771,1,191,181,144,165,207,129,129
402,5192,4324,2,0.9395883679389954,0.9153262376785278,-0.02426213026046753,0,114,377,669,425,100,105,105
403,5195,17560,6,0.9399367570877075,0.848383903503418,-0.09155285358428955,0,10,1051,937,1048,11,12,12
404,5203,5920,10,0.9413963556289673,0.7745847105979919,-0.16681164503097534,0,15,197,773,239,16,15,15
405,5217,11453,2,0.8291609287261963,0.9043968915939331,0.07523596286773682,1,719,1008,798,973,628,686,686
406,5223,14897,1,0.8940860629081726,0.8695487380027771,-0.024537324905395508,0,222,101,136,100,169,109,109
407,5233,2279,5,0.898345410823822,0.8097350597381592,-0.08861035108566284,0,1189,251,882,320,1181,1271,1271
408,5248,18290,7,0.9112886786460876,0.7153521776199341,-0.19593650102615356,0,16,345,668,369,15,14,14
409,5258,7361,4,0.7597149014472961,0.824540913105011,0.06482601165771484,1,921,211,30,125,957,487,487
410,5264,18346,4,0.8380649089813232,0.8520542979240417,0.013989388942718506,1,97,1141,1220,1165,86,142,142
411,5266,18280,3,0.7633270621299744,0.8625115156173706,0.09918445348739624,1,436,1273,335,1196,415,353,353
412,5271,13681,3,0.8373647332191467,0.8751873970031738,0.0378226637840271,1,643,165,48,119,661,379,379
413,5292,13480,1,0.734773576259613,0.8686633110046387,0.13388973474502563,1,884,1266,742,1223,866,925,925
414,5311,2494,3,0.7956250905990601,0.8942294120788574,0.09860432147979736,1,1212,856,82,679,1212,1093,1093
415,5328,17243,2,0.9230454564094543,0.8742139935493469,-0.04883146286010742,0,22,711,1319,837,23,28,28
416,5331,12853,1,0.9239636063575745,0.9341065883636475,0.010142982006072998,1,96,635,1228,757,92,140,140
417,5348,16609,2,0.9119137525558472,0.8688679933547974,-0.043045759201049805,0,525,44,153,51,466,322,322
418,5354,15991,2,0.9418213963508606,0.8809230327606201,-0.06089836359024048,0,22,211,1288,306,23,25,25
419,5377,18322,3,0.9274300932884216,0.8690681457519531,-0.058361947536468506,0,505,464,1060,545,455,517,517
420,5386,9356,5,0.8406668901443481,0.8361296057701111,-0.0045372843742370605,0,220,730,721,725,250,255,255
421,5391,7114,2,0.8577401041984558,0.8714548349380493,0.013714730739593506,1,123,752,923,773,132,157,157
422,5398,18291,10,0.9208942651748657,0.8228768110275269,-0.09801745414733887,0,181,981,1123,1048,164,204,204
423,5402,354,2,0.8401259183883667,0.8968600630760193,0.05673414468765259,1,858,399,71,288,934,725,725
424,5416,17596,6,0.8837053775787354,0.8068996071815491,-0.07680577039718628,0,516,1226,1062,1225,503,602,602
425,5419,13400,8,0.920290470123291,0.7970513701438904,-0.12323909997940063,0,155,917,799,900,174,217,217
426,5420,16151,1,0.8124780058860779,0.8952606320381165,0.08278262615203857,1,467,633,475,623,404,320,320
427,5430,2632,2,0.8274617791175842,0.8886057734489441,0.06114399433135986,1,599,692,366,639,721,633,633
428,5431,18133,3,0.8966841697692871,0.8922796845436096,-0.00440448522567749,0,364,851,832,863,425,433,433
429,5523,11068,2,0.865131139755249,0.9082456231117249,0.04311448335647583,1,592,1053,817,1033,547,593,593
430,5560,18307,2,0.8012786507606506,0.8267374038696289,0.02545875310897827,1,1208,203,301,164,1239,1232,1232
431,5585,7809,2,0.8882096409797668,0.8811026215553284,-0.0071070194244384766,0,1189,567,643,568,1202,1214,1214
432,5592,18285,8,0.9224076271057129,0.7950313687324524,-0.1273762583732605,0,267,543,655,548,264,264,264
433,5613,3522,6,0.9384094476699829,0.8459736108779907,-0.09243583679199219,0,822,52,66,50,799,529,529
434,5627,6138,3,0.9010766744613647,0.8189429044723511,-0.08213376998901367,0,299,194,948,270,260,309,309
435,5630,18307,4,0.8409992456436157,0.8345990180969238,-0.0064002275466918945,0,939,266,157,244,946,780,780
436,5636,10465,3,0.946867048740387,0.865210771560669,-0.08165627717971802,0,72,333,1246,457,61,81,81
437,5654,17798,3,0.9549565315246582,0.9100582003593445,-0.04489833116531372,0,241,38,172,47,182,114,114
438,5685,16546,4,0.9164762496948242,0.8680465221405029,-0.04842972755432129,0,247,498,976,583,212,245,245
439,5696,16456,2,0.9438048601150513,0.8953408002853394,-0.048464059829711914,0,213,595,1213,697,202,268,268
440,5740,11986,5,0.9351938962936401,0.8961305618286133,-0.039063334465026855,0,552,451,463,439,542,479,479
441,5757,6276,5,0.9003071784973145,0.825700581073761,-0.07460659742355347,0,397,1148,1301,1189,394,562,562
442,5765,12632,8,0.8997178077697754,0.7297301292419434,-0.16998767852783203,0,116,483,916,547,105,139,139
443,5810,6647,8,0.8892476558685303,0.6977596879005432,-0.19148796796798706,0,129,863,1261,946,124,179,179
444,5839,17235,2,0.7825942635536194,0.8687475323677063,0.08615326881408691,1,781,1056,863,1022,715,760,760
445,5891,17339,3,0.8502035140991211,0.8921039700508118,0.041900455951690674,1,1000,1336,1209,1338,984,1147,1147
446,5897,2376,4,0.8756288290023804,0.8532010316848755,-0.022427797317504883,0,71,908,1035,928,69,87,87
447,5912,18310,1,0.7569079995155334,0.7496317028999329,-0.007276296615600586,0,1257,6,14,7,1265,1092,1092
448,5935,14409,2,0.8568887710571289,0.8255826830863953,-0.03130608797073364,0,678,185,905,246,483,554,554
449,5945,17254,5,0.805046021938324,0.845691442489624,0.04064542055130005,1,747,1301,863,1292,802,891,891
450,5967,9627,4,0.7339080572128296,0.8386602401733398,0.10475218296051025,1,564,951,278,831,565,485,485
451,5970,15566,3,0.9485864043235779,0.8986772894859314,-0.049909114837646484,0,99,96,250,101,121,93,93
452,5980,3713,2,0.904656708240509,0.9139052033424377,0.009248495101928711,1,422,962,1022,977,377,454,454
453,5986,6169,2,0.9204972386360168,0.9126002192497253,-0.007897019386291504,0,76,268,460,297,69,59,59
454,6037,17335,5,0.8791936039924622,0.8497705459594727,-0.029423058032989502,0,340,941,883,948,388,409,409
455,6059,400,3,0.8503900766372681,0.8843472003936768,0.03395712375640869,1,1055,557,230,486,947,836,836
456,6079,16802,3,0.9658563137054443,0.8909993767738342,-0.07485693693161011,0,110,257,1222,369,106,115,115
457,6081,14476,2,0.8814513683319092,0.9210273623466492,0.03957599401473999,1,555,742,719,756,487,503,503
458,6088,11633,4,0.9163678288459778,0.8513626456260681,-0.06500518321990967,0,64,884,1178,949,59,79,79
459,6091,6993,4,0.9468105435371399,0.8754428029060364,-0.07136774063110352,0,752,382,796,432,694,748,748
460,6119,8559,1,0.8866452574729919,0.8334541916847229,-0.05319106578826904,0,117,46,619,81,87,86,86
461,6121,11858,4,0.954281747341156,0.9021986722946167,-0.05208307504653931,0,141,234,702,279,95,82,82
462,6131,5521,4,0.8666509389877319,0.8684437870979309,0.0017928481101989746,1,205,833,909,872,201,226,226
463,6134,16326,4,0.8697669506072998,0.8461248874664307,-0.02364206314086914,0,1212,36,90,36,1221,1151,1151
464,6159,4461,7,0.8762229084968567,0.7009927034378052,-0.1752302050590515,0,236,1311,1288,1327,238,384,384
465,6171,18095,3,0.9565162658691406,0.8827434778213501,-0.07377278804779053,0,7,113,982,162,7,7,7
466,6174,8030,5,0.8672769069671631,0.8144256472587585,-0.05285125970840454,0,98,725,848,739,105,105,105
467,6176,17880,4,0.7926461696624756,0.8357735872268677,0.04312741756439209,1,1169,162,51,105,1206,1043,1043
468,6178,3513,3,0.9043838381767273,0.8753513097763062,-0.029032528400421143,0,349,753,1185,820,327,423,423
469,6180,409,10,0.9067660570144653,0.7973984479904175,-0.10936760902404785,0,52,1004,1148,1102,49,56,56
470,6192,2712,3,0.9128566980361938,0.8295089602470398,-0.08334773778915405,0,102,388,1303,538,104,169,169
471,6201,9019,2,0.8374390602111816,0.816471517086029,-0.020967543125152588,0,215,155,989,188,224,262,262
472,6223,17425,2,0.9860761761665344,0.8895365595817566,-0.09653961658477783,0,1,38,873,62,1,1,1
473,6263,17137,5,0.8605176210403442,0.8192982077598572,-0.04121941328048706,0,489,1253,1181,1263,501,582,582
474,6279,18132,8,0.8885990977287292,0.7044065594673157,-0.18419253826141357,0,757,932,1212,1002,705,841,841
475,6287,3391,2,0.8919060826301575,0.9160495400428772,0.024143457412719727,1,16,603,678,603,16,17,17
476,6298,420,2,0.935934841632843,0.8621048331260681,-0.0738300085067749,0,39,78,1155,113,46,55,55
477,6299,420,2,0.9651278257369995,0.8621659874916077,-0.10296183824539185,0,31,40,1153,68,43,42,42
478,6366,14956,2,0.6869428157806396,0.825579047203064,0.13863623142242432,1,218,1340,973,1337,300,337,337
479,6395,16802,5,0.9070591926574707,0.8701971769332886,-0.03686201572418213,0,124,914,1080,949,128,175,175
480,6476,2026,5,0.9760710597038269,0.8105463981628418,-0.1655246615409851,0,33,5,1131,10,31,31,31
481,6490,5685,4,0.8885947465896606,0.840914249420166,-0.04768049716949463,0,454,176,463,204,521,492,492
482,6497,16949,5,0.914344310760498,0.8663343787193298,-0.04800993204116821,0,56,898,1033,921,51,61,61
483,6525,18356,7,0.896286129951477,0.6878854036331177,-0.20840072631835938,0,10,271,779,305,8,7,7
484,6530,2185,4,0.9350300431251526,0.8099518418312073,-0.1250782012939453,0,58,295,1312,437,51,82,82
485,6539,17711,2,0.9182443618774414,0.8376826047897339,-0.08056175708770752,0,93,221,1334,372,60,118,118
486,6555,9516,2,0.9470120668411255,0.9082808494567871,-0.03873121738433838,0,184,383,894,441,189,194,194
487,6577,17718,5,0.7774041295051575,0.8693562150001526,0.09195208549499512,1,1314,770,42,521,1322,1271,1271
488,6584,12476,4,0.8608254790306091,0.8827305436134338,0.021905064582824707,1,292,1191,778,1174,257,282,282
489,6592,449,3,0.8623279929161072,0.9303596615791321,0.0680316686630249,1,724,591,73,438,805,628,628
490,6606,9635,1,0.8204341530799866,0.8967336416244507,0.07629948854446411,1,171,304,704,301,164,157,157
491,6639,8286,2,0.815346360206604,0.8265178203582764,0.011171460151672363,1,533,151,59,127,510,301,301
492,6663,7775,3,0.8785567283630371,0.8783734440803528,-0.00018328428268432617,0,1110,215,232,219,1156,1043,1043
493,6668,17183,3,0.8645431995391846,0.8776767253875732,0.013133525848388672,1,154,794,831,800,209,238,238
494,6671,2372,1,0.8885456919670105,0.8227416276931763,-0.06580406427383423,0,373,60,249,75,326,265,265
495,6675,14984,3,0.9256275296211243,0.8518475890159607,-0.07377994060516357,0,135,9,19,9,121,43,43
496,6676,18050,3,0.8223691582679749,0.8589572906494141,0.03658813238143921,1,1114,1195,857,1186,1124,1183,1183
497,6691,4929,2,0.9465976357460022,0.8857021331787109,-0.06089550256729126,0,111,520,1263,653,103,124,124
498,6780,1723,2,0.9147784113883972,0.8826932907104492,-0.032085120677948,0,528,40,293,48,450,366,366
499,6799,16096,4,0.960903525352478,0.8379313945770264,-0.12297213077545166,0,2,8,952,26,2,2,2
500,6800,13508,3,0.7292020320892334,0.7658230662345886,0.036621034145355225,1,1173,6,5,5,1079,644,644
501,6831,460,2,0.8683018684387207,0.8541272282600403,-0.01417464017868042,0,336,621,910,661,345,391,391
502,6852,1227,10,0.8968461155891418,0.8007327318191528,-0.09611338376998901,0,228,839,727,848,265,266,266
503,6875,467,4,0.8000074028968811,0.7979246973991394,-0.0020827054977416992,0,943,559,387,518,1026,954,954
504,6900,16413,7,0.9372438788414001,0.7533298134803772,-0.18391406536102295,0,48,330,752,379,64,62,62
505,6909,17042,7,0.9048240184783936,0.7517915368080139,-0.15303248167037964,0,328,759,1053,843,253,331,331
506,6923,4244,6,0.8873943090438843,0.8251632452011108,-0.06223106384277344,0,652,353,360,342,658,566,566
507,6927,15763,2,0.9608019590377808,0.9263386726379395,-0.03446328639984131,0,201,409,1098,493,175,205,205
508,6938,17627,2,0.9459379315376282,0.8926467895507812,-0.053291141986846924,0,36,21,284,29,31,15,15
509,6960,11650,2,0.8736605048179626,0.852143406867981,-0.02151709794998169,0,583,162,152,153,556,372,372
510,6966,18334,4,0.8771653175354004,0.8801988959312439,0.003033578395843506,1,510,370,287,341,510,436,436
511,6969,18159,4,0.9163721203804016,0.8523305058479309,-0.0640416145324707,0,155,321,859,388,135,146,146
512,6972,2670,4,0.8348755240440369,0.8417109847068787,0.006835460662841797,1,343,198,173,181,402,298,298
513,6990,18104,10,0.9075372219085693,0.8816944360733032,-0.025842785835266113,0,31,629,112,511,28,22,22
514,7022,5911,3,0.8434591293334961,0.8435273766517639,6.824731826782227e-05,1,478,65,107,56,446,268,268
515,7032,3675,2,0.8626177906990051,0.9297968745231628,0.06717908382415771,1,772,1103,1073,1140,749,859,859
516,7037,1910,2,0.8656144738197327,0.8974201679229736,0.03180569410324097,1,909,1131,684,1105,908,960,960
517,7045,3316,3,0.9494681358337402,0.9286730289459229,-0.020795106887817383,0,138,334,405,347,109,59,59
518,7069,18253,2,0.837594747543335,0.8826185464859009,0.04502379894256592,1,148,553,1066,619,143,194,194
519,7076,13152,3,0.8574295043945312,0.8792186975479126,0.021789193153381348,1,1134,543,352,503,1140,1101,1101
520,7089,7049,2,0.9690181016921997,0.8689937591552734,-0.10002434253692627,0,9,19,655,22,9,8,8
521,7092,487,2,0.7740182280540466,0.8322277665138245,0.05820953845977783,1,740,1138,536,1069,828,849,849
522,7094,18214,2,0.8830651044845581,0.9034700989723206,0.02040499448776245,1,1031,904,1027,935,940,1048,1048
523,7103,488,3,0.8131405711174011,0.9192092418670654,0.1060686707496643,1,1096,1259,395,1233,1137,1133,1133
524,7107,18356,2,0.8066017031669617,0.8566831350326538,0.05008143186569214,1,663,681,445,628,637,590,590
525,7116,4497,3,0.8273589611053467,0.8312112092971802,0.003852248191833496,1,11,77,21,59,11,7,7
526,7128,490,2,0.7788791656494141,0.8834718465805054,0.10459268093109131,1,1237,1195,513,1160,1266,1267,1267
527,7132,3114,3,0.9207387566566467,0.9159250259399414,-0.004813730716705322,0,1039,64,37,56,887,522,522
528,7134,17494,6,0.8704991936683655,0.8385708332061768,-0.03192836046218872,0,622,439,334,412,558,474,474
529,7137,18131,8,0.9302235245704651,0.7860934138298035,-0.14413011074066162,0,21,87,228,99,22,18,18
530,7139,18320,2,0.8150946497917175,0.8906262516975403,0.07553160190582275,1,1319,671,271,590,1320,1273,1273
531,7140,18137,8,0.8752164840698242,0.7467454671859741,-0.1284710168838501,0,1100,384,562,381,1087,1088,1088
532,7141,18356,6,0.8489592671394348,0.7322444319725037,-0.11671483516693115,0,472,564,1074,637,479,596,596
533,7147,17862,3,0.8514132499694824,0.8487659096717834,-0.0026473402976989746,0,140,194,456,208,125,83,83
534,7151,18137,2,0.844330370426178,0.8757036924362183,0.03137332201004028,1,1285,540,337,503,1236,1191,1191
535,7152,18356,4,0.8493310809135437,0.8344343900680542,-0.014896690845489502,0,717,512,501,497,689,668,668
536,7160,18355,5,0.8951328992843628,0.9088662266731262,0.013733327388763428,1,70,877,422,797,71,61,61
537,7209,16332,2,0.736084520816803,0.8373706936836243,0.10128617286682129,1,1279,716,33,500,1293,1218,1218
538,7214,15658,2,0.8367034196853638,0.898046612739563,0.06134319305419922,1,1292,707,188,605,1304,1286,1286
539,7222,16784,2,0.7666288614273071,0.8967054486274719,0.1300765872001648,1,930,1340,1165,1339,849,1023,1023
540,7247,18289,1,0.8724467158317566,0.9435574412345886,0.07111072540283203,1,135,324,499,324,121,82,82
541,7264,3771,3,0.9538471102714539,0.8490689992904663,-0.10477811098098755,0,5,35,1274,62,5,7,7
542,7401,2372,2,0.8385679721832275,0.8679385185241699,0.029370546340942383,1,1100,118,37,88,1103,899,899
543,7402,9999,2,0.9228250980377197,0.9084874391555786,-0.014337658882141113,0,487,339,448,344,479,427,427
544,7404,8595,2,0.829158365726471,0.8899523019790649,0.060793936252593994,1,428,1325,1224,1326,511,659,659
545,7415,3657,1,0.8198201060295105,0.8199293613433838,0.00010925531387329102,1,357,68,23,53,457,228,228
546,7432,12964,4,0.844688355922699,0.8527572751045227,0.00806891918182373,1,549,1083,867,1079,548,601,601
547,7451,7327,2,0.9140755534172058,0.9222443103790283,0.00816875696182251,1,243,349,336,343,279,196,196
548,7470,17252,6,0.8541784882545471,0.7870094180107117,-0.06716907024383545,0,501,1181,960,1148,475,548,548
549,7475,516,2,0.9052293300628662,0.9167919158935547,0.011562585830688477,1,505,530,681,558,460,450,450
550,7515,10992,2,0.852885901927948,0.8522749543190002,-0.0006109476089477539,0,388,853,1051,918,380,458,458
551,7554,15545,3,0.8715142607688904,0.8982471227645874,0.02673286199569702,1,253,957,1083,998,236,303,303
552,7596,11813,2,0.8724691867828369,0.8861620426177979,0.013692855834960938,1,1149,537,498,539,1091,1091,1091
553,7613,11633,3,0.888831377029419,0.850500226020813,-0.03833115100860596,0,571,964,1306,1074,545,722,722
554,7620,5795,3,0.9655603766441345,0.8812231421470642,-0.08433723449707031,0,3,166,1170,270,2,3,3
555,7640,18226,3,0.9512937664985657,0.8860703110694885,-0.06522345542907715,0,30,268,1051,351,27,30,30
556,7641,2843,2,0.803395688533783,0.8559067249298096,0.05251103639602661,1,1095,1304,1169,1308,1060,1197,1197
557,7695,678,2,0.9565480947494507,0.9290595054626465,-0.0274885892868042,0,22,118,774,149,22,19,19
558,7706,5171,3,0.8748025894165039,0.9038804173469543,0.02907782793045044,1,291,286,316,237,280,195,195
559,7728,18200,2,0.8671882152557373,0.9045548439025879,0.037366628646850586,1,506,848,866,850,587,626,626
560,7734,14318,1,0.8624857068061829,0.9050149917602539,0.042529284954071045,1,304,697,647,688,251,256,256
561,7756,17947,4,0.9378331899642944,0.8764343857765198,-0.06139880418777466,0,391,526,890,579,356,388,388
562,7759,18150,7,0.9257708787918091,0.7224420309066772,-0.20332884788513184,0,224,778,1269,916,210,284,284
563,7770,18292,2,0.7742674350738525,0.9003738760948181,0.12610644102096558,1,224,1148,1310,1189,246,389,389
564,7777,3020,2,0.8105259537696838,0.8704323172569275,0.05990636348724365,1,760,735,352,679,698,598,598
565,7784,18004,1,0.8370551466941833,0.8949374556541443,0.05788230895996094,1,749,339,666,341,829,869,869
566,7790,11979,4,0.9265480041503906,0.8978695869445801,-0.028678417205810547,0,457,73,170,78,438,294,294
567,7805,6483,3,0.8836618065834045,0.9015258550643921,0.01786404848098755,1,944,410,218,357,924,807,807
568,7809,15679,2,0.9272921681404114,0.9348915219306946,0.007599353790283203,1,128,406,506,406,138,105,105
569,7813,16298,4,0.9158787131309509,0.8926758170127869,-0.023202896118164062,0,87,369,525,368,109,75,75
570,7817,3349,3,0.8775947093963623,0.8146822452545166,-0.0629124641418457,0,182,955,1338,1069,194,387,387
571,7862,8699,9,0.9236888885498047,0.7819533944129944,-0.1417354941368103,0,22,226,928,291,25,27,27
572,7874,8443,1,0.8713961839675903,0.9337280988693237,0.0623319149017334,1,269,385,727,413,249,240,240
573,7890,11573,7,0.9609163999557495,0.7645890116691589,-0.19632738828659058,0,120,557,1133,673,103,134,134
574,7891,18174,1,0.8059635162353516,0.9078931212425232,0.10192960500717163,1,980,1274,965,1257,969,1056,1056
575,7903,12339,6,0.8541812896728516,0.7384539246559143,-0.11572736501693726,0,1034,311,745,371,1164,1193,1193
576,7917,6550,4,0.8783844709396362,0.8967052102088928,0.018320739269256592,1,900,32,2,25,832,385,385
577,7927,18275,1,0.8321359753608704,0.9498090744018555,0.11767309904098511,1,347,938,676,897,374,357,357
578,7950,18226,1,0.8776543140411377,0.9107540249824524,0.0330997109413147,1,9,605,1037,684,9,14,14
579,7975,4085,2,0.8517792224884033,0.9008645415306091,0.04908531904220581,1,463,1058,1002,1080,417,456,456
580,7982,554,3,0.7774409651756287,0.8378111720085144,0.06037020683288574,1,1046,118,44,76,1110,855,855
581,7988,11010,2,0.8657780289649963,0.8812506198883057,0.015472590923309326,1,897,643,418,587,862,831,831
582,8004,18219,2,0.9452633261680603,0.9152447581291199,-0.03001856803894043,0,16,369,1115,473,16,27,27
583,8016,9914,5,0.9221287965774536,0.919964611530304,-0.002164185047149658,0,702,703,462,656,638,639,639
584,8022,11781,2,0.9270225167274475,0.8628572225570679,-0.06416529417037964,0,622,32,174,39,591,488,488
585,8043,16666,2,0.8441649675369263,0.882063627243042,0.03789865970611572,1,984,640,435,607,856,826,826
586,8045,16091,2,0.8291463851928711,0.8409645557403564,0.011818170547485352,1,384,966,1301,1038,362,516,516
587,8059,3304,3,0.9035806655883789,0.8831087350845337,-0.020471930503845215,0,457,544,867,602,408,429,429
588,8063,18200,3,0.8779690265655518,0.8817571401596069,0.0037881135940551758,1,827,1015,1059,1040,815,946,946
589,8080,18295,2,0.8894109725952148,0.8975152969360352,0.008104324340820312,1,201,729,1055,797,183,220,220
590,8088,18352,2,0.9254876971244812,0.916102945804596,-0.009384751319885254,0,298,234,473,257,259,254,254
591,8115,5188,2,0.8958731889724731,0.8916505575180054,-0.0042226314544677734,0,142,178,578,195,179,144,144
592,8122,12038,2,0.8776341676712036,0.9167076349258423,0.03907346725463867,1,187,1038,1098,1081,177,204,204
593,8131,6608,10,0.8895916938781738,0.7568956613540649,-0.1326960325241089,0,338,623,1028,710,353,393,393
594,8159,8177,4,0.9666889905929565,0.8783836960792542,-0.08830529451370239,0,43,105,844,159,41,38,38
595,8168,17425,4,0.9659475088119507,0.8874470591545105,-0.07850044965744019,0,116,46,567,60,100,84,84
596,8197,17839,2,0.8857684135437012,0.8770737051963806,-0.008694708347320557,0,733,525,785,554,653,693,693
597,8200,569,2,0.8956881761550903,0.8863734602928162,-0.00931471586227417,0,15,162,754,168,20,14,14
598,8234,9500,3,0.8491564989089966,0.8431321382522583,-0.006024360656738281,0,175,927,1154,980,191,258,258
599,8246,16714,2,0.8699494004249573,0.8857070803642273,0.01575767993927002,1,448,1039,1089,1066,415,502,502
600,8250,9993,2,0.9070085883140564,0.9091435074806213,0.0021349191665649414,1,620,1153,1230,1176,523,672,672
601,8255,7440,6,0.9047878384590149,0.7537914514541626,-0.1509963870048523,0,251,175,827,243,216,222,222
602,8278,8355,3,0.8911400437355042,0.9013369679450989,0.010196924209594727,1,1271,672,648,666,1268,1265,1265
603,8332,4780,4,0.8659082651138306,0.8502064347267151,-0.01570183038711548,0,554,318,347,301,619,546,546
604,8349,14967,2,0.8996946811676025,0.9315699934959412,0.03187531232833862,1,304,728,634,732,306,283,283
605,8374,2616,2,0.9318085312843323,0.8668729066848755,-0.06493562459945679,0,1082,222,823,293,1041,1102,1102
606,8432,13899,3,0.9428900480270386,0.9228265285491943,-0.02006351947784424,0,388,728,973,777,380,400,400
607,8443,1939,3,0.8260329961776733,0.8584997057914734,0.03246670961380005,1,1109,1300,1296,1310,1069,1222,1222
608,8490,738,4,0.8870446085929871,0.8727932572364807,-0.014251351356506348,0,506,123,118,119,466,308,308
609,8506,18307,4,0.7908260226249695,0.8336049318313599,0.04277890920639038,1,1243,660,161,544,1274,1244,1244
610,8507,8535,1,0.9618753790855408,0.8685435652732849,-0.09333181381225586,0,73,12,637,25,76,61,61
611,8513,17805,2,0.8834443688392639,0.8593433499336243,-0.02410101890563965,0,1011,84,97,88,942,736,736
612,8522,4879,3,0.8939999341964722,0.8767388463020325,-0.017261087894439697,0,602,178,339,190,617,554,554
613,8529,3422,2,0.8995856046676636,0.8806849122047424,-0.018900692462921143,0,604,113,90,103,681,425,425
614,8534,3141,3,0.8640797138214111,0.7919407486915588,-0.0721389651298523,0,1030,5,12,5,1027,582,582
615,8543,18287,4,0.7718520164489746,0.7854099869728088,0.013557970523834229,1,92,1322,1331,1330,99,207,207
616,8545,18088,2,0.8563895225524902,0.8293781876564026,-0.027011334896087646,0,936,149,140,147,935,796,796
617,8558,17323,5,0.8952653408050537,0.870978057384491,-0.024287283420562744,0,1010,315,358,317,956,902,902
618,8572,10688,3,0.8985899090766907,0.8955554962158203,-0.0030344128608703613,0,141,1224,1242,1235,144,227,227
619,8597,601,2,0.8458314538002014,0.8445274829864502,-0.0013039708137512207,0,275,763,1115,830,283,341,341
620,8615,10219,2,0.7702658772468567,0.8494256734848022,0.07915979623794556,1,954,1301,1234,1309,921,1055,1055
621,8639,17275,3,0.9016497135162354,0.8794807195663452,-0.022168993949890137,0,291,498,771,536,299,309,309
622,8640,3681,3,0.9302560091018677,0.9025522470474243,-0.02770376205444336,0,28,59,50,56,31,14,14
623,8658,18199,2,0.7945312261581421,0.8315699100494385,0.03703868389129639,1,323,622,855,665,311,338,338
624,8662,17824,10,0.8515153527259827,0.8603476285934448,0.008832275867462158,1,1182,1150,273,1046,1137,1080,1080
625,8665,2056,2,0.8966418504714966,0.8740869164466858,-0.02255493402481079,0,463,150,228,154,526,408,408
626,8714,17962,2,0.8177835941314697,0.8772756457328796,0.05949205160140991,1,818,536,705,575,754,769,769
627,8716,6488,4,0.9084367156028748,0.8676899075508118,-0.04074680805206299,0,7,762,926,797,5,5,5
628,8719,1100,2,0.7972931265830994,0.8601779341697693,0.06288480758666992,1,57,1078,1143,1102,56,86,86
629,8723,2887,3,0.8712946772575378,0.8377490043640137,-0.03354567289352417,0,521,26,14,22,437,206,206
630,8730,1773,2,0.9380609393119812,0.9081977605819702,-0.029863178730010986,0,7,227,568,265,7,7,7
631,8735,18168,2,0.8177694082260132,0.8254632949829102,0.007693886756896973,1,489,514,528,521,422,385,385
632,8738,12462,2,0.890326738357544,0.9072364568710327,0.01690971851348877,1,10,698,1041,758,7,9,9
633,8755,11541,2,0.9294626712799072,0.9100568890571594,-0.019405782222747803,0,2,224,518,249,2,2,2
634,8776,14891,2,0.9027966260910034,0.8924371004104614,-0.010359525680541992,0,9,482,813,520,8,10,10
635,8787,17943,5,0.8946403861045837,0.8573099970817566,-0.03733038902282715,0,1138,107,264,110,1090,1002,1002
636,8795,13586,8,0.9606836438179016,0.7632062435150146,-0.19747740030288696,0,91,87,738,116,92,94,94
637,8813,15717,3,0.761239767074585,0.6515814065933228,-0.10965836048126221,0,141,10,73,11,137,61,61
638,8815,4149,2,0.8936598300933838,0.9219850301742554,0.028325200080871582,1,71,643,560,625,69,69,69
639,8818,18307,4,0.8501030206680298,0.8349608182907104,-0.015142202377319336,0,45,223,158,209,49,37,37
640,8820,18307,4,0.7650575041770935,0.8333719372749329,0.06831443309783936,1,512,257,160,202,605,423,423
641,8829,17453,2,0.8533452153205872,0.8771542310714722,0.02380901575088501,1,650,1139,1104,1161,627,743,743
642,8832,10752,5,0.8459683060646057,0.8384236097335815,-0.00754469633102417,0,1299,40,39,37,1307,1238,1238
643,8860,8155,5,0.8534658551216125,0.8518325686454773,-0.001633286476135254,0,1289,286,157,251,1275,1203,1203
644,8866,17530,2,0.8836348652839661,0.9115774631500244,0.02794259786605835,1,532,979,1090,1013,642,748,748
645,8877,1609,2,0.8967240452766418,0.9128889441490173,0.01616489887237549,1,979,441,306,404,949,850,850
646,8897,8535,2,0.7784420251846313,0.8670517802238464,0.08860975503921509,1,1157,1132,519,1081,1183,1183,1183
647,8931,9118,3,0.826877236366272,0.858475387096405,0.03159815073013306,1,254,1081,488,1013,312,258,258
648,8944,18319,10,0.8707175850868225,0.7258473634719849,-0.14487022161483765,0,993,16,476,20,1005,989,989
649,8964,18030,6,0.9349533915519714,0.8670651316642761,-0.06788825988769531,0,458,334,297,320,440,369,369
650,8969,15570,8,0.8494353294372559,0.7582326531410217,-0.09120267629623413,0,1312,286,273,274,1310,1301,1301
651,8974,11060,2,0.849864661693573,0.8801831007003784,0.03031843900680542,1,281,1030,1127,1073,326,414,414
652,8975,18195,4,0.8835301399230957,0.864595890045166,-0.018934249877929688,0,159,1095,954,1090,183,210,210
653,8976,18324,3,0.9131723642349243,0.933826208114624,0.020653843879699707,1,258,511,489,502,250,222,222
654,9000,18325,2,0.9284156560897827,0.8757456541061401,-0.05267000198364258,0,74,434,1073,521,69,84,84
655,9003,14652,4,0.9259274005889893,0.8296597003936768,-0.0962677001953125,0,128,401,1137,499,126,160,160
656,9014,1934,3,0.9586625099182129,0.8634082674980164,-0.09525424242019653,0,82,120,1226,160,81,80,80
657,9019,18068,1,0.7911354899406433,0.8375958800315857,0.04646039009094238,1,301,592,791,622,395,427,427
658,9027,7168,2,0.792863130569458,0.8759926557540894,0.08312952518463135,1,732,1176,591,1134,688,690,690
659,9044,17825,3,0.737815260887146,0.7878620624542236,0.05004680156707764,1,1208,1092,545,1082,1212,1238,1238
660,9045,1929,2,0.7618811130523682,0.7923079133033752,0.03042680025100708,1,1177,42,3,28,1188,817,817
661,9100,2998,9,0.8733029961585999,0.7861161231994629,-0.08718687295913696,0,48,1255,1298,1292,43,64,64
662,9122,18319,5,0.8665253520011902,0.8894988894462585,0.02297353744506836,1,1294,102,32,81,1286,1088,1088
663,9126,15258,10,0.8920945525169373,0.7432921528816223,-0.14880239963531494,0,670,85,786,94,709,784,784
664,9131,15755,1,0.845806896686554,0.9208448529243469,0.07503795623779297,1,44,326,440,336,47,44,44
665,9185,5318,4,0.9206180572509766,0.8618913888931274,-0.05872666835784912,0,15,306,705,343,12,11,11
666,9204,653,5,0.8628114461898804,0.8244912028312683,-0.03832024335861206,0,267,914,1054,940,287,333,333
667,9207,653,3,0.8705169558525085,0.8739240765571594,0.003407120704650879,1,675,774,857,806,673,729,729
668,9229,18145,2,0.8918247818946838,0.8993628025054932,0.007538020610809326,1,139,433,586,451,168,153,153
669,9263,661,5,0.8766107559204102,0.8569484353065491,-0.019662320613861084,0,694,314,279,294,824,720,720
670,9280,14827,2,0.896625280380249,0.9000155925750732,0.0033903121948242188,1,306,280,240,268,221,156,156
671,9307,665,3,0.9114151000976562,0.8673266172409058,-0.04408848285675049,0,59,341,869,399,49,47,47
672,9359,17513,4,0.9197865724563599,0.8454990386962891,-0.0742875337600708,0,337,208,645,259,334,332,332
673,9365,10110,1,0.9081735610961914,0.899394154548645,-0.008779406547546387,0,157,182,670,227,148,146,146
674,9372,719,6,0.8760971426963806,0.8659299612045288,-0.010167181491851807,0,96,411,169,342,115,61,61
675,9381,7089,2,0.8747381567955017,0.9133992195129395,0.038661062717437744,1,206,1081,1148,1118,189,244,244
676,9403,14592,10,0.8990240693092346,0.6579768061637878,-0.24104726314544678,0,6,85,1314,176,5,11,11
677,9416,13514,3,0.866808295249939,0.8741458654403687,0.0073375701904296875,1,959,384,480,392,891,868,868
678,9433,1402,3,0.9313285946846008,0.8835980892181396,-0.04773050546646118,0,13,435,1132,528,9,11,11
679,9519,13795,4,0.8893006443977356,0.7993036508560181,-0.08999699354171753,0,740,237,789,306,600,651,651
680,9530,9635,3,0.8874287009239197,0.9129940867424011,0.025565385818481445,1,27,658,362,609,23,20,20
681,9544,13210,6,0.950834333896637,0.7919763326644897,-0.15885800123214722,0,3,103,723,154,3,3,3
682,9591,15250,2,0.7992188930511475,0.8806502223014832,0.0814313292503357,1,716,760,240,644,687,539,539
683,9599,10930,4,0.9022656679153442,0.8690274357795715,-0.033238232135772705,0,1058,602,614,614,1035,1043,1043
684,9616,689,2,0.8436058163642883,0.8978459239006042,0.05424010753631592,1,355,530,248,451,387,257,257
685,9624,1578,2,0.9091173410415649,0.9090456366539001,-7.170438766479492e-05,0,791,693,621,674,794,818,818
686,9646,11397,2,0.8073663115501404,0.8799440264701843,0.07257771492004395,1,605,966,907,972,599,676,676
687,9724,7551,3,0.8745455145835876,0.9035537838935852,0.02900826930999756,1,717,941,700,910,744,783,783
688,9728,4901,6,0.8163780570030212,0.8502737879753113,0.03389573097229004,1,1019,173,49,111,887,559,559
689,9735,3118,8,0.8755298256874084,0.7031630873680115,-0.17236673831939697,0,749,837,1190,918,788,954,954
690,9751,12340,3,0.8101007342338562,0.8390966057777405,0.028995871543884277,1,1323,911,506,885,1328,1332,1332
691,9776,18112,2,0.8621551990509033,0.8723171949386597,0.010161995887756348,1,1205,434,284,402,1194,1159,1159
692,9777,14986,3,0.8529723286628723,0.863955557346344,0.01098322868347168,1,644,353,384,332,693,610,610
693,9797,2363,2,0.9754953980445862,0.844346821308136,-0.1311485767364502,0,3,8,1334,16,3,3,3
694,9799,18287,6,0.9559230804443359,0.7015013694763184,-0.2544217109680176,0,13,13,1337,18,13,13,13
695,9811,3389,4,0.9087497591972351,0.8705458641052246,-0.0382038950920105,0,976,34,138,37,973,810,810
696,9817,708,2,0.8434184789657593,0.8777629137039185,0.03434443473815918,1,1201,230,115,178,1180,1001,1001
697,9825,12446,2,0.9396926164627075,0.9304369688034058,-0.009255647659301758,0,14,610,898,650,13,15,15
698,9886,15403,3,0.8872706890106201,0.8854123950004578,-0.0018582940101623535,0,931,1036,1212,1078,854,1025,1025
699,9888,18137,5,0.8662396669387817,0.8540835380554199,-0.012156128883361816,0,994,459,350,425,899,826,826
700,9896,14617,5,0.8263804316520691,0.8115496039390564,-0.014830827713012695,0,885,653,833,678,923,959,959
701,9903,12570,4,0.8246204257011414,0.8719762563705444,0.047355830669403076,1,678,1213,925,1211,612,706,706
702,9941,15854,2,0.9335506558418274,0.8551245927810669,-0.0784260630607605,0,18,116,1317,202,17,29,29
703,9945,6750,1,0.9450675249099731,0.9132838249206543,-0.03178369998931885,0,5,9,953,13,5,4,4
704,9947,1354,2,0.9114320874214172,0.894273579120636,-0.01715850830078125,0,450,281,433,292,440,400,400
705,9951,8921,9,0.9193434715270996,0.8145957589149475,-0.1047477126121521,0,356,516,600,508,312,265,265
706,9970,727,4,0.9541805982589722,0.8445030450820923,-0.10967755317687988,0,28,521,1335,703,26,49,49
707,9974,16789,2,0.7901240587234497,0.8308460116386414,0.04072195291519165,1,277,971,1140,1025,274,336,336
708,9994,12429,1,0.7274595499038696,0.8602374196052551,0.1327778697013855,1,843,299,76,198,761,543,543
709,10011,2853,3,0.9650394916534424,0.8057998418807983,-0.15923964977264404,0,1,4,1337,17,1,1,1
710,10014,17437,2,0.8268198370933533,0.8044829964637756,-0.022336840629577637,0,1070,217,838,263,1105,1183,1183
711,10033,12690,3,0.896759033203125,0.908152163028717,0.011393129825592041,1,353,614,634,601,295,258,258
712,10123,738,4,0.7944064736366272,0.8726536631584167,0.07824718952178955,1,581,966,115,795,588,399,399
713,10125,17388,4,0.9334362149238586,0.8585758209228516,-0.07486039400100708,0,16,327,1256,456,17,19,19
714,10146,18258,7,0.92258220911026,0.7081906199455261,-0.2143915891647339,0,7,114,610,142,6,5,5
715,10154,8999,2,0.9515244960784912,0.8679368495941162,-0.083587646484375,0,46,36,1169,62,39,44,44
716,10156,743,2,0.9145130515098572,0.88932865858078,-0.02518439292907715,0,761,498,814,540,685,759,759
717,10207,18272,2,0.9400070905685425,0.8951786160469055,-0.04482847452163696,0,27,155,474,197,17,20,20
718,10242,18200,3,0.9576987624168396,0.8806695342063904,-0.07702922821044922,0,115,246,1062,325,144,159,159
719,10274,14687,3,0.7822782397270203,0.8604639172554016,0.07818567752838135,1,130,997,616,934,139,124,124
720,10281,11385,2,0.8102695345878601,0.8827394247055054,0.07246989011764526,1,1269,677,87,506,1245,1144,1144
721,10323,4874,2,0.885525107383728,0.8829976916313171,-0.0025274157524108887,0,431,344,571,383,395,359,359
722,10349,14706,2,0.9611766338348389,0.8986526727676392,-0.06252396106719971,0,7,156,682,195,6,6,6
723,10350,762,2,0.8849520087242126,0.8782716989517212,-0.006680309772491455,0,806,520,553,532,863,870,870
724,10362,763,3,0.8936190009117126,0.877144455909729,-0.016474545001983643,0,82,6,112,6,68,41,41
725,10372,6353,2,0.9213928580284119,0.9349702596664429,0.013577401638031006,1,1017,754,790,744,1025,1094,1094
726,10374,5750,3,0.9015010595321655,0.8486900329589844,-0.05281102657318115,0,51,607,1099,684,46,55,55
727,10384,17891,1,0.8808150291442871,0.9339622855186462,0.05314725637435913,1,89,382,717,419,68,75,75
728,10386,18320,10,0.8797450065612793,0.7795198559761047,-0.10022515058517456,0,940,351,561,373,997,951,951
729,10387,18320,3,0.8685765266418457,0.8709891438484192,0.0024126172065734863,1,1124,235,413,248,1168,1130,1130
730,10388,18316,4,0.9116257429122925,0.8125104904174805,-0.09911525249481201,0,8,83,759,133,9,8,8
731,10414,8991,4,0.8717235922813416,0.8814043402671814,0.009680747985839844,1,1252,955,621,913,1237,1254,1254
732,10418,1227,3,0.8400029540061951,0.8467435836791992,0.00674062967300415,1,1090,509,1183,607,1095,1209,1209
733,10421,16178,3,0.8754202723503113,0.9290629029273987,0.0536426305770874,1,1255,572,248,512,1266,1231,1231
734,10447,7919,2,0.8070861101150513,0.8833392858505249,0.07625317573547363,1,300,1182,1034,1181,326,402,402
735,10464,10788,2,0.9274527430534363,0.9291714429855347,0.0017186999320983887,1,112,491,679,515,119,103,103
736,10480,17883,2,0.8542425632476807,0.8521732091903687,-0.0020693540573120117,0,1078,303,281,298,1142,1047,1047
737,10486,12577,3,0.8327105045318604,0.872670590877533,0.03996008634567261,1,402,430,458,433,430,392,392
738,10491,17068,2,0.9130135774612427,0.9008399844169617,-0.012173593044281006,0,986,124,117,116,943,734,734
739,10505,16803,3,0.9479497075080872,0.8543995022773743,-0.09355020523071289,0,43,122,1034,194,35,29,29
740,10516,14467,3,0.807576596736908,0.8645606637001038,0.0569840669631958,1,587,724,187,598,759,654,654
741,10522,14568,2,0.9117113351821899,0.9400051832199097,0.028293848037719727,1,484,834,704,827,488,508,508
742,10530,1245,2,0.8398037552833557,0.8629440069198608,0.023140251636505127,1,728,105,77,87,861,594,594
743,10570,9186,3,0.8980736136436462,0.8756557703018188,-0.022417843341827393,0,21,98,310,102,29,19,19
744,10572,9621,2,0.8662641048431396,0.8282210826873779,-0.03804302215576172,0,531,197,654,231,391,420,420
745,10589,4698,2,0.8874468803405762,0.8152350187301636,-0.0722118616104126,0,153,12,90,10,187,113,113
746,10604,3204,2,0.8686971664428711,0.8242558836936951,-0.044441282749176025,0,360,29,66,30,338,211,211
747,10605,17566,2,0.835750937461853,0.8877109289169312,0.051959991455078125,1,238,1232,1193,1253,211,306,306
748,10624,18216,3,0.9259518980979919,0.8589264750480652,-0.06702542304992676,0,24,126,683,173,23,13,13
749,10640,3178,5,0.7784687876701355,0.8951343894004822,0.11666560173034668,1,36,189,30,102,56,24,24
750,10647,3114,5,0.8686563372612,0.9069191217422485,0.038262784481048584,1,690,206,65,165,600,387,387
751,10651,7381,1,0.8328532576560974,0.9240396022796631,0.09118634462356567,1,110,608,839,639,100,116,116
752,10654,8143,3,0.9559580683708191,0.8953157067298889,-0.060642361640930176,0,43,82,678,120,37,39,39
753,10656,8657,3,0.8737028241157532,0.9279282689094543,0.05422544479370117,1,513,908,712,901,371,371,371
754,10659,18278,4,0.8921273946762085,0.8719838261604309,-0.020143568515777588,0,119,720,641,709,110,118,118
755,10664,2061,3,0.8696191906929016,0.9400686025619507,0.07044941186904907,1,705,941,300,834,632,534,534
756,10666,14393,5,0.8659769892692566,0.8453382849693298,-0.020638704299926758,0,79,769,999,845,96,114,114
757,10669,4294,2,0.8311774730682373,0.8737810254096985,0.04260355234146118,1,1228,1085,854,1060,1249,1270,1270
758,10682,16043,4,0.8097649216651917,0.8585084676742554,0.04874354600906372,1,248,1083,528,1031,300,272,272
759,10709,13451,2,0.8784438967704773,0.9026700258255005,0.024226129055023193,1,665,774,1072,846,620,734,734
760,10740,3485,2,0.8701775074005127,0.8923423290252686,0.02216482162475586,1,184,1009,1099,1050,238,288,288
761,10744,5106,3,0.8981513381004333,0.8813785314559937,-0.016772806644439697,0,630,269,299,264,725,616,616
762,10766,926,2,0.8394995927810669,0.8525615930557251,0.013062000274658203,1,145,131,114,115,155,86,86
763,10808,5027,2,0.8279275894165039,0.8513556122779846,0.023428022861480713,1,457,103,59,81,500,270,270
764,10823,804,3,0.9261619448661804,0.8694807887077332,-0.056681156158447266,0,16,114,802,150,16,16,16
765,10838,11213,2,0.9088132977485657,0.9310680031776428,0.02225470542907715,1,683,961,1020,971,662,761,761
766,10843,7375,3,0.8570595383644104,0.8986427783966064,0.041583240032196045,1,259,914,994,972,277,313,313
767,10854,3076,6,0.8774268627166748,0.7556635737419128,-0.12176328897476196,0,1270,730,1100,794,1238,1292,1292
768,10861,13527,2,0.8503543138504028,0.8665400743484497,0.016185760498046875,1,982,678,501,644,929,929,929
769,10864,17085,6,0.8754214644432068,0.7863014340400696,-0.08912003040313721,0,118,1082,1135,1096,118,161,161
770,10880,18307,2,0.8074080348014832,0.8278037309646606,0.02039569616317749,1,311,249,295,244,315,262,262
771,10881,18307,8,0.8628507852554321,0.6917620897293091,-0.17108869552612305,0,89,145,655,177,114,123,123
772,10883,18244,4,0.9315370917320251,0.9050820469856262,-0.026455044746398926,0,26,229,208,226,27,23,23
773,10884,18307,2,0.8514389395713806,0.8281633853912354,-0.023275554180145264,0,430,204,294,215,416,356,356
774,10887,18227,2,0.8766714334487915,0.8934613466262817,0.016789913177490234,1,562,484,313,441,461,395,395
775,10888,18133,3,0.9304143190383911,0.8921864628791809,-0.038227856159210205,0,165,239,839,292,145,154,154
776,10891,10047,7,0.9092479348182678,0.6494764089584351,-0.25977152585983276,0,152,54,950,75,148,186,186
777,10893,8955,10,0.9523247480392456,0.8196215629577637,-0.13270318508148193,0,251,64,263,59,196,155,155
778,10900,15948,2,0.8816378712654114,0.8625568747520447,-0.0190809965133667,0,260,481,1140,572,228,291,291
779,10907,18307,4,0.8199095129966736,0.8352867364883423,0.015377223491668701,1,396,398,156,345,458,325,325
780,10910,16674,4,0.9633614420890808,0.8515627980232239,-0.11179864406585693,0,74,99,973,160,64,67,67
781,10928,18258,5,0.9057499766349792,0.831022322177887,-0.07472765445709229,0,58,82,597,110,62,56,56
782,10934,14851,2,0.9278454184532166,0.8898630738258362,-0.03798234462738037,0,508,226,521,265,491,456,456
783,10935,17435,2,0.9125247001647949,0.9193322658538818,0.006807565689086914,1,428,844,802,855,397,423,423
784,10944,2508,2,0.8240204453468323,0.8353221416473389,0.011301696300506592,1,290,419,570,425,381,346,346
785,10993,17917,6,0.8791211843490601,0.8594050407409668,-0.01971614360809326,0,560,829,440,761,558,526,526
786,10994,17007,2,0.9047392010688782,0.9024530649185181,-0.0022861361503601074,0,268,862,1230,949,265,381,381
787,10995,17437,2,0.8790917992591858,0.8045905828475952,-0.07450121641159058,0,45,125,839,166,55,60,60
788,11022,18287,6,0.8874898552894592,0.7047768235206604,-0.18271303176879883,0,88,682,1337,867,80,143,143
789,11031,1784,2,0.8090978264808655,0.8650257587432861,0.055927932262420654,1,644,355,76,279,705,449,449
790,11064,15569,3,0.869625449180603,0.870888888835907,0.001263439655303955,1,227,579,776,603,237,250,250
791,11089,4826,2,0.8748293519020081,0.8701839447021484,-0.004645407199859619,0,28,456,784,511,35,35,35
792,11092,11276,3,0.8408647775650024,0.8832671642303467,0.04240238666534424,1,992,939,779,920,930,974,974
793,11128,12387,1,0.7678176760673523,0.9067336916923523,0.138916015625,1,674,620,642,625,699,707,707
794,11138,16359,1,0.88639235496521,0.8808751702308655,-0.005517184734344482,0,766,163,303,180,687,573,573
795,11142,17086,5,0.8525266051292419,0.8595662713050842,0.007039666175842285,1,541,1047,685,1006,507,524,524
796,11149,5370,1,0.7898353934288025,0.8812075853347778,0.09137219190597534,1,1096,1100,512,1023,1090,1104,1104
797,11158,839,2,0.9282797574996948,0.8832784295082092,-0.045001327991485596,0,242,363,1017,458,177,237,237
798,11162,2434,2,0.9343855381011963,0.8208904266357422,-0.1134951114654541,0,6,27,869,47,6,6,6
799,11177,3216,1,0.8900386095046997,0.8748663663864136,-0.015172243118286133,0,112,224,876,282,85,82,82
800,11186,845,2,0.8081612586975098,0.8440414667129517,0.035880208015441895,1,551,871,1281,992,465,619,619
801,11199,12613,4,0.8188304901123047,0.8472938537597656,0.028463363647460938,1,455,1164,603,1118,460,454,454
802,11232,18318,2,0.8364006280899048,0.8492239117622375,0.012823283672332764,1,1091,887,848,875,1123,1197,1197
803,11268,17280,1,0.7497241497039795,0.894004762172699,0.14428061246871948,1,534,824,731,816,607,624,624
804,11274,16665,3,0.9280083179473877,0.8877085447311401,-0.04029977321624756,0,115,658,1126,726,111,132,132
805,11306,4799,3,0.8529998660087585,0.8635168671607971,0.010517001152038574,1,572,997,1001,1012,501,548,548
806,11331,2083,6,0.8951461911201477,0.8563515543937683,-0.038794636726379395,0,606,895,628,855,570,576,576
807,11335,10668,3,0.9613177180290222,0.8871050477027893,-0.07421267032623291,0,18,52,184,62,20,11,11
808,11338,6388,2,0.6812470555305481,0.736747682094574,0.05550062656402588,1,706,30,5,5,702,263,263
809,11343,3969,8,0.8596912026405334,0.6914663314819336,-0.16822487115859985,0,643,763,1225,840,735,896,896
810,11361,5006,3,0.9629476070404053,0.9222122430801392,-0.04073536396026611,0,44,207,432,234,39,32,32
811,11404,18318,2,0.8958255052566528,0.8482570648193359,-0.047568440437316895,0,73,177,859,239,83,94,94
812,11452,15117,5,0.9314541220664978,0.8988784551620483,-0.03257566690444946,0,426,358,362,338,393,316,316
813,11483,10718,2,0.8528753519058228,0.9048627018928528,0.05198734998703003,1,61,985,1025,982,59,71,71
814,11484,3287,3,0.9302512407302856,0.9025346040725708,-0.027716636657714844,0,76,577,748,597,76,67,67
815,11498,5026,3,0.8659892678260803,0.8816152215003967,0.015625953674316406,1,256,704,1040,775,200,258,258
816,11512,13876,2,0.8756762742996216,0.8895019292831421,0.013825654983520508,1,333,263,184,239,273,192,192
817,11528,2289,2,0.8827493786811829,0.8702138066291809,-0.012535572052001953,0,639,311,567,341,534,533,533
818,11576,8125,4,0.8678222298622131,0.8860145211219788,0.018192291259765625,1,84,477,412,471,69,62,62
819,11598,18334,4,0.9084597229957581,0.8803836703300476,-0.02807605266571045,0,499,294,287,286,570,465,465
820,11603,1939,6,0.8984449505805969,0.7761304974555969,-0.122314453125,0,118,871,1242,976,113,159,159
821,11629,17954,10,0.9643220901489258,0.8553922176361084,-0.10892987251281738,0,48,552,572,549,45,27,27
822,11632,16103,4,0.8915388584136963,0.8788008689880371,-0.01273798942565918,0,77,121,95,107,137,32,32
823,11646,17943,6,0.8569621443748474,0.8246745467185974,-0.03228759765625,0,1008,368,246,332,1018,919,919
824,11656,18064,6,0.8792493939399719,0.7543352246284485,-0.12491416931152344,0,827,524,1045,598,713,825,825
825,11681,18326,7,0.8595333099365234,0.7118038535118103,-0.14772945642471313,0,1172,271,278,256,1089,984,984
826,11704,889,2,0.8908511400222778,0.8777681589126587,-0.01308298110961914,0,897,727,1168,818,755,907,907
827,11722,18307,2,0.854296088218689,0.8279832601547241,-0.026312828063964844,0,800,81,293,101,719,624,624
828,11757,3718,5,0.9401095509529114,0.8558922410011292,-0.08421730995178223,0,7,137,650,185,8,6,6
829,11763,8267,1,0.8723348379135132,0.9355014562606812,0.06316661834716797,1,74,456,1020,549,75,100,100
830,11814,9853,2,0.8063281774520874,0.8703839778900146,0.06405580043792725,1,698,736,523,705,586,582,582
831,11818,14423,3,0.771898090839386,0.806561291217804,0.03466320037841797,1,1034,516,330,482,985,887,887
832,11848,10233,4,0.922659158706665,0.8470898866653442,-0.0755692720413208,0,41,457,1034,532,39,50,50
833,11863,12901,3,0.8591078519821167,0.8741339445114136,0.015026092529296875,1,681,661,463,626,689,675,675
834,11874,918,2,0.8193102478981018,0.846727192401886,0.02741694450378418,1,1052,1209,1313,1251,1041,1221,1221
835,11927,18298,4,0.9217281341552734,0.8920998573303223,-0.029628276824951172,0,61,252,430,256,48,42,42
836,11931,1007,3,0.7899027466773987,0.8699338436126709,0.08003109693527222,1,1254,1184,380,1172,1277,1281,1281
837,11932,927,2,0.921833336353302,0.9106871485710144,-0.011146187782287598,0,556,276,399,283,624,561,561
838,11944,15354,6,0.8777840733528137,0.7552862763404846,-0.1224977970123291,0,329,1023,1269,1082,333,479,479
839,11953,14850,4,0.9381226897239685,0.8934645652770996,-0.044658124446868896,0,167,594,857,644,148,152,152
840,11956,17407,7,0.9583150744438171,0.7369591593742371,-0.22135591506958008,0,104,122,776,149,93,90,90
841,12035,3181,2,0.9033693671226501,0.9021171927452087,-0.0012521743774414062,0,1059,437,409,421,1086,1087,1087
842,12045,16332,7,0.8636110424995422,0.6401206851005554,-0.22349035739898682,0,1017,21,425,27,1000,976,976
843,12075,18268,3,0.8668468594551086,0.9172077775001526,0.050360918045043945,1,850,350,85,280,911,662,662
844,12091,10468,2,0.8587918281555176,0.9141591787338257,0.055367350578308105,1,1144,1168,976,1160,1177,1258,1258
845,12099,11941,2,0.8598660826683044,0.9048237204551697,0.044957637786865234,1,26,1017,1050,1041,46,52,52
846,12125,18273,2,0.8493175506591797,0.9141623973846436,0.06484484672546387,1,126,706,648,693,114,131,131
847,12129,16914,2,0.7458318471908569,0.8390980362892151,0.09326618909835815,1,79,885,1045,913,105,136,136
848,12137,17943,3,0.8520850539207458,0.8749363422393799,0.022851288318634033,1,495,266,215,234,485,388,388
849,12147,6706,5,0.9359235763549805,0.8140618205070496,-0.12186175584793091,0,37,5,599,11,45,23,23
850,12195,12528,2,0.8599932193756104,0.8937981128692627,0.033804893493652344,1,551,843,1051,937,557,663,663
851,12202,18307,2,0.7590809464454651,0.827535092830658,0.06845414638519287,1,1280,1036,294,923,1292,1285,1285
852,12224,9118,10,0.8939092755317688,0.8217746615409851,-0.07213461399078369,0,906,161,136,113,852,691,691
853,12226,18236,1,0.8172022104263306,0.8419022560119629,0.024700045585632324,1,626,127,146,96,671,504,504
854,12232,1651,2,0.8467731475830078,0.9383630752563477,0.09158992767333984,1,128,1069,864,1056,127,169,169
855,12265,14751,2,0.8147730231285095,0.885208249092102,0.07043522596359253,1,840,793,280,667,905,832,832
856,12270,6879,9,0.9153716564178467,0.8224312663078308,-0.09294039011001587,0,136,332,413,328,158,120,120
857,12294,15705,3,0.912939727306366,0.9158617258071899,0.0029219985008239746,1,39,477,500,487,59,50,50
858,12306,16791,4,0.9093429446220398,0.8541673421859741,-0.055175602436065674,0,484,707,1016,747,460,528,528
859,12314,5163,2,0.9200429320335388,0.890657365322113,-0.02938556671142578,0,535,347,744,403,496,521,521
860,12340,16791,4,0.8327233195304871,0.8498601913452148,0.017136871814727783,1,644,1051,1039,1095,646,756,756
861,12342,5119,2,0.8664818406105042,0.8979103565216064,0.031428515911102295,1,710,664,557,653,606,611,611
862,12355,1118,3,0.87831050157547,0.8054539561271667,-0.07285654544830322,0,624,48,338,63,691,618,618
863,12375,13373,3,0.8410482406616211,0.9039799571037292,0.06293171644210815,1,316,1268,569,1226,318,301,301
864,12409,9866,3,0.9199197292327881,0.9009161591529846,-0.019003570079803467,0,307,158,359,174,269,221,221
865,12410,18307,5,0.8196564316749573,0.7941717505455017,-0.025484681129455566,0,869,323,429,318,778,735,735
866,12443,18333,2,0.848274827003479,0.9068813920021057,0.05860656499862671,1,103,1139,1041,1161,142,173,173
867,12451,9405,3,0.8845013976097107,0.8812110424041748,-0.0032903552055358887,0,510,254,195,229,553,431,431
868,12455,18320,3,0.8768068552017212,0.8702196478843689,-0.006587207317352295,0,971,251,415,270,1002,959,959
869,12484,18298,4,0.9676179885864258,0.8918552398681641,-0.07576274871826172,0,3,57,434,77,3,3,3
870,12498,18315,7,0.9375515580177307,0.78865647315979,-0.14889508485794067,0,19,264,118,209,18,16,16
871,12525,18276,6,0.8615211248397827,0.8921161890029907,0.030595064163208008,1,827,513,83,388,848,627,627
872,12526,17086,2,0.8094640970230103,0.887066125869751,0.07760202884674072,1,966,1183,758,1151,866,905,905
873,12528,18287,3,0.8003562688827515,0.8008362054824829,0.0004799365997314453,1,187,1214,1337,1261,180,302,302
874,12532,18307,5,0.8259219527244568,0.7937974333763123,-0.03212451934814453,0,988,375,431,389,985,944,944
875,12536,18277,2,0.7820930480957031,0.8888420462608337,0.10674899816513062,1,850,648,141,529,821,624,624
876,12538,18258,4,0.9360195994377136,0.8200815916061401,-0.11593800783157349,0,22,11,802,38,20,20,20
877,12541,18334,8,0.905839741230011,0.8216332793235779,-0.0842064619064331,0,448,294,208,274,543,412,412
878,12567,6751,2,0.879958987236023,0.9021660089492798,0.022207021713256836,1,811,198,34,133,905,642,642
879,12604,13362,4,0.925725519657135,0.8623901009559631,-0.06333541870117188,0,21,383,948,463,29,29,29
880,12614,13884,3,0.9564879536628723,0.9209972023963928,-0.03549075126647949,0,298,323,678,363,227,210,210
881,12615,10459,3,0.904714822769165,0.8948302268981934,-0.00988459587097168,0,336,1110,1046,1119,346,390,390
882,12616,13654,4,0.9554497599601746,0.8839210867881775,-0.07152867317199707,0,96,580,1154,676,87,120,120
883,12637,7962,1,0.6646075248718262,0.8769826292991638,0.21237510442733765,1,959,1295,1284,1296,1024,1126,1126
884,12643,2881,2,0.8437827229499817,0.8912403583526611,0.04745763540267944,1,920,267,74,201,960,717,717
885,12644,13316,3,0.9285523891448975,0.8935889601707458,-0.03496342897415161,0,4,646,1210,756,4,5,5
886,12655,9233,3,0.8692154884338379,0.8800254464149475,0.01080995798110962,1,107,1239,1300,1263,120,201,201
887,12662,18195,7,0.8686056733131409,0.7511879801750183,-0.11741769313812256,0,55,1193,618,1145,66,76,76
888,12666,13237,2,0.8862303495407104,0.8901720643043518,0.003941714763641357,1,488,403,739,445,512,551,551
889,12667,15439,1,0.8037859201431274,0.7757025361061096,-0.028083384037017822,0,253,6,137,5,225,125,125
890,12670,4768,2,0.9530248641967773,0.8837679624557495,-0.06925690174102783,0,9,159,923,223,10,9,9
891,12677,8479,3,0.9400128722190857,0.9018669724464417,-0.03814589977264404,0,170,687,1118,747,185,220,220
892,12692,14484,2,0.9146727919578552,0.8750967383384705,-0.039576053619384766,0,1182,83,168,89,1135,1019,1019
893,12733,7560,2,0.8418573141098022,0.8356801867485046,-0.006177127361297607,0,216,474,772,519,252,281,281
894,12749,18216,3,0.8324203491210938,0.8579455018043518,0.025525152683258057,1,485,632,694,642,454,459,459
895,12760,13395,3,0.9134529829025269,0.8636120557785034,-0.04984092712402344,0,1002,258,522,283,999,1017,1017
896,12764,2489,5,0.9657108783721924,0.8726316690444946,-0.09307920932769775,0,1,325,788,396,1,2,2
897,12801,18307,4,0.8510110378265381,0.8336288332939148,-0.01738220453262329,0,1040,150,168,141,982,836,836
898,12811,16435,2,0.8784156441688538,0.9418440461158752,0.06342840194702148,1,406,901,521,860,456,429,429
899,12831,15705,1,0.8991549611091614,0.9130138754844666,0.013858914375305176,1,434,426,735,477,365,404,404
900,12840,1088,9,0.8656414747238159,0.8213785290718079,-0.04426294565200806,0,92,1205,693,1168,116,101,101
901,12853,15758,2,0.8980804681777954,0.9209211468696594,0.022840678691864014,1,33,750,848,774,30,37,37
902,12866,14860,4,0.8894199132919312,0.8792036175727844,-0.010216295719146729,0,107,309,208,275,158,104,104
903,12873,17473,2,0.9227362871170044,0.8571212887763977,-0.06561499834060669,0,257,142,1209,229,192,251,251
904,12874,8413,2,0.8936346769332886,0.9058741331100464,0.012239456176757812,1,643,628,1198,751,588,724,724
905,12892,4219,2,0.8679090142250061,0.8405957221984863,-0.027313292026519775,0,67,332,937,409,74,93,93
906,12901,4128,2,0.9261254072189331,0.904330313205719,-0.02179509401321411,0,63,346,569,375,70,67,67
907,12915,9229,6,0.8540539145469666,0.6927680373191833,-0.1612858772277832,0,826,987,1342,1138,729,1031,1031
908,12921,4097,3,0.9327780604362488,0.8848204016685486,-0.047957658767700195,0,2,152,454,177,2,1,1
909,12941,3276,3,0.9605408310890198,0.8662461638450623,-0.09429466724395752,0,2,5,147,11,2,2,2
910,12946,14677,2,0.8803674578666687,0.9202873706817627,0.039919912815093994,1,338,1186,1249,1214,388,562,562
911,12999,16033,2,0.8462636470794678,0.873534083366394,0.02727043628692627,1,63,83,90,73,65,41,41
912,13002,18252,2,0.9035274386405945,0.9007502794265747,-0.0027771592140197754,0,412,640,724,667,334,365,365
913,13033,17880,2,0.7635905742645264,0.8487750291824341,0.08518445491790771,1,563,207,24,65,708,381,381
914,13112,17025,4,0.8882021307945251,0.8063324093818665,-0.08186972141265869,0,556,415,1118,510,515,621,621
915,13113,2817,6,0.9609215259552002,0.8380680084228516,-0.12285351753234863,0,150,125,422,147,112,89,89
916,13134,5687,2,0.9119816422462463,0.9133818745613098,0.0014002323150634766,1,58,433,510,441,48,43,43
917,13145,17303,2,0.9415844678878784,0.9070543050765991,-0.0345301628112793,0,59,359,812,411,58,48,48
918,13176,1081,3,0.8484936356544495,0.858376681804657,0.00988304615020752,1,879,49,45,44,1025,715,715
919,13189,2990,3,0.7919734120368958,0.8639427423477173,0.07196933031082153,1,262,1141,956,1167,224,253,253
920,13240,13396,2,0.9587128758430481,0.9015874862670898,-0.05712538957595825,0,1,91,430,122,1,1,1
921,13244,18051,2,0.9150149822235107,0.9085882306098938,-0.006426751613616943,0,649,432,460,439,647,587,587
922,13268,16106,2,0.9182170629501343,0.8778495788574219,-0.0403674840927124,0,107,65,456,91,114,106,106
923,13303,11651,3,0.9226304292678833,0.9179978370666504,-0.00463259220123291,0,166,853,1040,889,170,212,212
924,13304,17020,2,0.8340560793876648,0.8374980688095093,0.0034419894218444824,1,986,1046,1215,1084,921,1078,1078
925,13317,9299,2,0.8595584630966187,0.8946404457092285,0.03508198261260986,1,445,178,90,136,445,242,242
926,13333,18237,3,0.8689208030700684,0.8712021112442017,0.0022813081741333008,1,957,626,656,637,934,924,924
927,13342,16614,1,0.7059326171875,0.8884997963905334,0.18256717920303345,1,403,1203,1321,1245,341,532,532
928,13358,3694,3,0.8457111120223999,0.8737871050834656,0.028075993061065674,1,1011,548,341,507,1038,982,982
929,13376,9009,3,0.8941942453384399,0.8612016439437866,-0.03299260139465332,0,788,906,1182,966,736,876,876
930,13387,15195,2,0.9063021540641785,0.897795557975769,-0.008506596088409424,0,808,253,325,254,802,753,753
931,13395,4304,1,0.8220326900482178,0.8819291591644287,0.05989646911621094,1,1190,491,713,530,1084,1124,1124
932,13398,6048,2,0.9190309047698975,0.9160251021385193,-0.003005802631378174,0,190,431,988,518,146,190,190
933,13399,6995,4,0.8740324974060059,0.8556751012802124,-0.018357396125793457,0,59,680,920,731,42,51,51
934,13423,15311,5,0.9742270112037659,0.8495317697525024,-0.12469524145126343,0,9,39,769,60,6,5,5
935,13439,8476,3,0.9354123473167419,0.8831111788749695,-0.05230116844177246,0,20,192,398,215,17,17,17
936,13489,14582,6,0.9232274293899536,0.8270962238311768,-0.09613120555877686,0,343,360,511,376,303,295,295
937,13504,17545,4,0.8602107167243958,0.8504473567008972,-0.009763360023498535,0,749,1192,1180,1200,807,951,951
938,13518,14883,2,0.9040729403495789,0.8824825882911682,-0.021590352058410645,0,80,16,262,20,67,41,41
939,13530,7663,4,0.8258215188980103,0.85788494348526,0.032063424587249756,1,1083,1036,877,1018,1041,1074,1074
940,13562,1133,5,0.9039362668991089,0.9006907343864441,-0.003245532512664795,0,103,619,373,560,135,107,107
941,13623,8756,4,0.9249818921089172,0.8801279664039612,-0.044853925704956055,0,127,386,793,448,105,127,127
942,13660,9687,2,0.8559857606887817,0.8867056965827942,0.03071993589401245,1,21,135,189,124,23,21,21
943,13709,2632,4,0.8421581983566284,0.87442547082901,0.03226727247238159,1,986,860,349,776,1071,1027,1027
944,13722,3359,5,0.8847104907035828,0.832963764667511,-0.05174672603607178,0,887,162,347,184,806,725,725
945,13746,14423,2,0.8893820643424988,0.8194311857223511,-0.0699508786201477,0,622,79,218,90,506,388,388
946,13819,7991,4,0.7656161189079285,0.8204234838485718,0.05480736494064331,1,1256,993,472,922,1264,1253,1253
947,13883,18246,2,0.8911617994308472,0.9361572265625,0.04499542713165283,1,808,575,586,591,766,778,778
948,13886,18209,3,0.8604846000671387,0.8684902787208557,0.008005678653717041,1,215,358,380,335,184,137,137
949,13910,5037,2,0.8996073603630066,0.9353177547454834,0.03571039438247681,1,705,945,729,948,682,717,717
950,13934,1304,10,0.865680992603302,0.786869466304779,-0.07881152629852295,0,565,1258,1184,1287,517,667,667
951,13935,17714,10,0.9272034764289856,0.7601277828216553,-0.16707569360733032,0,23,57,951,73,28,25,25
952,13944,5765,2,0.8425824642181396,0.8780446648597717,0.03546220064163208,1,872,1007,947,1056,794,892,892
953,14048,13369,2,0.9569066166877747,0.9087739586830139,-0.04813265800476074,0,4,293,1032,382,4,8,8
954,14054,7500,2,0.8806381225585938,0.9126860499382019,0.032047927379608154,1,99,374,620,400,83,90,90
955,14090,17285,2,0.9130237102508545,0.8452143669128418,-0.0678093433380127,0,243,131,1287,188,191,292,292
956,14136,15413,3,0.9269397854804993,0.8577441573143005,-0.06919562816619873,0,199,330,1170,438,145,189,189
957,14204,10536,1,0.7644369006156921,0.829075038433075,0.06463813781738281,1,1297,387,126,303,1310,1266,1266
958,14251,14934,2,0.8499100208282471,0.9119935035705566,0.06208348274230957,1,384,964,1028,986,309,349,349
959,14254,18305,2,0.9592052698135376,0.9213336110115051,-0.03787165880203247,0,5,314,820,378,3,8,8
960,14270,17756,2,0.8843169212341309,0.8926934003829956,0.008376479148864746,1,646,1189,1328,1236,525,684,684
961,14273,17385,3,0.9469417333602905,0.9059209227561951,-0.04102081060409546,0,68,170,543,210,66,49,49
962,14296,1706,2,0.9033612608909607,0.8621069192886353,-0.04125434160232544,0,13,548,1311,680,11,15,15
963,14331,18139,3,0.9673877954483032,0.8871520757675171,-0.08023571968078613,0,1,84,545,118,1,1,1
964,14342,16123,3,0.8731658458709717,0.8545529246330261,-0.018612921237945557,0,1072,988,1285,1068,991,1148,1148
965,14347,5895,2,0.8362014889717102,0.8994178175926208,0.06321632862091064,1,1135,1107,397,1063,1146,1151,1151
966,14366,5425,6,0.8863821625709534,0.8644996285438538,-0.02188253402709961,0,242,537,286,486,249,177,177
967,14393,1551,3,0.8991135358810425,0.8273199796676636,-0.0717935562133789,0,39,35,235,42,39,36,36
968,14404,9606,7,0.8672254085540771,0.714702844619751,-0.15252256393432617,0,682,883,758,877,648,700,700
969,14438,12047,6,0.8802624344825745,0.8015653491020203,-0.0786970853805542,0,111,356,438,363,118,95,95
970,14454,5605,4,0.9264414310455322,0.8409689664840698,-0.0854724645614624,0,149,541,1159,642,124,156,156
971,14468,17235,6,0.8154972791671753,0.819830596446991,0.004333317279815674,1,1140,1323,566,1302,1150,1163,1163
972,14479,11554,3,0.9346725940704346,0.890979528427124,-0.04369306564331055,0,85,215,677,241,82,65,65
973,14594,18208,3,0.951371431350708,0.9263663291931152,-0.025005102157592773,0,64,306,539,328,62,41,41
974,14625,6599,4,0.7917737364768982,0.863825798034668,0.07205206155776978,1,767,511,104,404,822,675,675
975,14674,17616,1,0.8720206022262573,0.8706802725791931,-0.001340329647064209,0,110,88,158,91,110,48,48
976,14682,16270,5,0.9034096002578735,0.8561722636222839,-0.0472373366355896,0,743,747,959,777,643,726,726
977,14683,5968,2,0.9039391875267029,0.9136625528335571,0.009723365306854248,1,658,312,459,325,598,570,570
978,14694,8301,3,0.8520834445953369,0.9015146493911743,0.0494312047958374,1,760,1194,653,1170,727,742,742
979,14714,18274,9,0.8576979637145996,0.7882805466651917,-0.06941741704940796,0,17,953,727,950,20,20,20
980,14732,17177,2,0.8699002861976624,0.8917205333709717,0.021820247173309326,1,663,685,786,700,588,628,628
981,14738,18148,2,0.9225126504898071,0.9206593632698059,-0.0018532872200012207,0,62,224,241,216,64,49,49
982,14742,8972,2,0.9415128231048584,0.910747766494751,-0.030765056610107422,0,2,100,269,115,1,1,1
983,14749,12497,2,0.8953918218612671,0.8979086875915527,0.0025168657302856445,1,155,120,138,107,156,97,97
984,14772,17586,2,0.855187177658081,0.8275741934776306,-0.02761298418045044,0,568,94,189,100,615,448,448
985,14786,18232,3,0.8916102647781372,0.9246651530265808,0.033054888248443604,1,971,1111,876,1109,934,1012,1012
986,14787,17086,4,0.7944955825805664,0.8549167513847351,0.0604211688041687,1,675,1207,814,1180,637,696,696
987,14790,7329,2,0.8796274065971375,0.8696786165237427,-0.009948790073394775,0,91,223,416,237,84,75,75
988,14791,11551,2,0.8426670432090759,0.8915876746177673,0.048920631408691406,1,186,1110,1160,1134,177,245,245
989,14800,17699,2,0.903147280216217,0.8996652960777283,-0.0034819841384887695,0,1074,342,376,341,981,929,929
990,14804,6369,4,0.877273440361023,0.883631706237793,0.0063582658767700195,1,1020,892,418,841,1029,1012,1012
991,14852,18279,3,0.770450234413147,0.8710583448410034,0.10060811042785645,1,479,1256,210,1147,482,371,371
992,14876,16200,3,0.946255624294281,0.8573395013809204,-0.0889161229133606,0,64,428,1307,569,52,73,73
993,14899,18218,5,0.7720213532447815,0.762407660484314,-0.00961369276046753,0,928,1332,1330,1337,919,1124,1124
994,14929,2083,2,0.8574162125587463,0.9006463289260864,0.04323011636734009,1,171,1074,1063,1094,173,208,208
995,14934,1280,2,0.8588241338729858,0.8951143622398376,0.03629022836685181,1,179,255,199,235,160,112,112
996,14959,11567,4,0.9487316608428955,0.8660082817077637,-0.08272337913513184,0,195,129,623,178,150,148,148
997,14994,7324,4,0.9183614253997803,0.8939050436019897,-0.024456381797790527,0,506,206,309,204,364,284,284
998,15000,15269,2,0.8961166739463806,0.89151531457901,-0.0046013593673706055,0,112,380,883,454,103,117,117
999,15038,18280,3,0.800543487071991,0.8619533181190491,0.061409831047058105,1,730,867,333,754,659,564,564
1000,15046,10128,5,0.9160014390945435,0.8495601415634155,-0.06644129753112793,0,83,230,636,276,94,96,96
1001,15048,7797,2,0.8830039501190186,0.8662602305412292,-0.016743719577789307,0,934,157,375,182,944,870,870
1002,15103,2139,2,0.8656646013259888,0.8582513928413391,-0.007413208484649658,0,329,222,295,220,247,213,213
1003,15124,12508,8,0.9244428873062134,0.7373700737953186,-0.18707281351089478,0,24,234,856,295,26,30,30
1004,15154,15349,2,0.8238049745559692,0.8100188374519348,-0.013786137104034424,0,20,34,94,35,29,8,8
1005,15157,13506,1,0.7005875706672668,0.8957432508468628,0.19515568017959595,1,1236,1217,609,1203,1226,1235,1235
1006,15193,18349,4,0.8801096081733704,0.8765338659286499,-0.003575742244720459,0,1292,742,710,741,1284,1305,1305
1007,15200,13419,1,0.888487696647644,0.9254953861236572,0.037007689476013184,1,102,1011,1333,1124,96,155,155
1008,15213,1313,2,0.8597676753997803,0.8801540732383728,0.02038639783859253,1,1284,321,193,268,1268,1234,1234
1009,15225,4530,3,0.9211821556091309,0.9185470342636108,-0.0026351213455200195,0,549,497,380,449,515,464,464
1010,15236,9572,3,0.7415015697479248,0.8107424378395081,0.06924086809158325,1,1139,87,8,33,1133,786,786
1011,15280,5574,3,0.9506283402442932,0.8742104768753052,-0.07641786336898804,0,165,166,756,218,123,116,116
1012,15285,3496,4,0.8714941740036011,0.9036828279495239,0.03218865394592285,1,886,1165,536,1120,855,861,861
1013,15301,15305,3,0.8631222248077393,0.9038699269294739,0.04074770212173462,1,338,518,197,433,365,251,251
1014,15302,11494,2,0.9255114793777466,0.8819658160209656,-0.043545663356781006,0,2,195,727,237,2,2,2
1015,15317,17194,4,0.8217092752456665,0.8619637489318848,0.04025447368621826,1,36,1239,1102,1221,38,63,63
1016,15344,12651,3,0.9542686939239502,0.8661919832229614,-0.08807671070098877,0,5,130,967,190,5,3,3
1017,15355,18307,2,0.8747738003730774,0.8281755447387695,-0.04659825563430786,0,99,116,291,132,85,60,60
1018,15364,1616,2,0.8851287961006165,0.882932722568512,-0.002196073532104492,0,116,486,778,522,122,133,133
1019,15390,1344,2,0.8091316223144531,0.8806315064430237,0.07149988412857056,1,197,1102,935,1073,246,313,313
1020,15400,18079,2,0.8758946657180786,0.8836272954940796,0.0077326297760009766,1,721,718,737,711,745,773,773
1021,15435,2184,3,0.7910323739051819,0.8737937211990356,0.08276134729385376,1,488,1300,997,1292,526,606,606
1022,15459,14632,5,0.9134799838066101,0.8451906442642212,-0.06828933954238892,0,23,20,262,24,23,19,19
1023,15466,16243,4,0.8622629642486572,0.87869793176651,0.016434967517852783,1,496,1092,913,1090,514,570,570
1024,15479,17262,6,0.8553904891014099,0.7903164029121399,-0.06507408618927002,0,1237,21,119,23,1249,1190,1190
1025,15499,16628,2,0.8158302903175354,0.8689581155776978,0.053127825260162354,1,211,1043,1227,1083,198,289,289
1026,15510,5032,2,0.9462876915931702,0.9101830720901489,-0.03610461950302124,0,3,22,261,29,2,2,2
1027,15532,7551,1,0.826447606086731,0.8974099159240723,0.07096230983734131,1,405,419,1123,520,504,598,598
1028,15543,12564,2,0.9245634078979492,0.8679382801055908,-0.0566251277923584,0,329,18,17,14,411,171,171
1029,15546,4997,4,0.8547041416168213,0.7870614528656006,-0.0676426887512207,0,1120,259,939,325,1070,1131,1131
1030,15558,17998,2,0.8251950740814209,0.8951804637908936,0.06998538970947266,1,969,1007,568,943,917,918,918
1031,15572,8902,1,0.7485997080802917,0.7447836995124817,-0.0038160085678100586,0,29,9,11,6,43,23,23
1032,15614,18325,4,0.877734899520874,0.8663727045059204,-0.011362195014953613,0,146,904,789,896,139,160,160
1033,15621,12104,2,0.8099313378334045,0.9000861048698425,0.09015476703643799,1,546,804,1114,923,464,593,593
1034,15682,15312,6,0.9119272828102112,0.8353704810142517,-0.07655680179595947,0,5,103,203,106,7,5,5
1035,15690,14153,3,0.8970323204994202,0.837481677532196,-0.05955064296722412,0,324,180,847,254,242,261,261
1036,15717,2276,7,0.9464877843856812,0.7780976891517639,-0.16839009523391724,0,22,472,396,444,22,14,14
1037,15728,9034,3,0.8334931135177612,0.8850658535957336,0.05157274007797241,1,151,1194,1062,1186,181,237,237
1038,15761,14153,2,0.7657385468482971,0.8482475876808167,0.08250904083251953,1,356,746,770,756,326,349,349
1039,15772,5739,3,0.7688711881637573,0.8145838975906372,0.04571270942687988,1,701,1335,1324,1337,599,839,839
1040,15795,6325,2,0.8668126463890076,0.9205779433250427,0.053765296936035156,1,849,276,119,215,771,552,552
1041,15806,6163,10,0.9493904709815979,0.7664083242416382,-0.18298214673995972,0,2,99,763,111,2,2,2
1042,15808,7479,8,0.9197352528572083,0.8083004355430603,-0.11143481731414795,0,271,928,757,915,219,229,229
1043,15822,15536,1,0.8010461926460266,0.8755683898925781,0.07452219724655151,1,617,291,218,247,769,671,671
1044,15823,17696,2,0.872783362865448,0.8598131537437439,-0.012970209121704102,0,1252,231,362,240,1254,1242,1242
1045,15827,7000,4,0.9065424799919128,0.8660449385643005,-0.040497541427612305,0,15,250,598,291,19,20,20
1046,15855,10828,2,0.8823449015617371,0.8745773434638977,-0.0077675580978393555,0,355,189,195,185,372,282,282
1047,15864,3614,3,0.8795315623283386,0.8779630661010742,-0.0015684962272644043,0,332,352,378,348,348,313,313
1048,15912,2093,3,0.9667795300483704,0.9077065587043762,-0.05907297134399414,0,10,219,693,263,7,7,7
1049,15935,11500,2,0.8821626901626587,0.879823625087738,-0.0023390650749206543,0,217,1093,1329,1160,197,335,335
1050,15971,13943,2,0.8999028205871582,0.8867680430412292,-0.013134777545928955,0,754,410,656,438,786,793,793
1051,15981,6327,4,0.9129775762557983,0.9138647317886353,0.0008871555328369141,1,385,237,311,233,304,231,231
1052,15985,17264,3,0.8227781653404236,0.8814905285835266,0.05871236324310303,1,944,1261,838,1239,955,986,986
1053,16030,4158,4,0.9039790630340576,0.888397216796875,-0.015581846237182617,0,1172,186,193,180,1159,1111,1111
1054,16054,8999,2,0.8246506452560425,0.8687339425086975,0.04408329725265503,1,595,1228,1161,1247,674,845,845
1055,16055,3747,2,0.7824108600616455,0.892622709274292,0.11021184921264648,1,1073,975,114,806,1110,935,935
1056,16085,17824,6,0.8458837270736694,0.7864644527435303,-0.05941927433013916,0,451,1139,1112,1162,415,538,538
1057,16099,3541,2,0.7972711324691772,0.8976904153823853,0.10041928291320801,1,771,1088,702,1066,837,833,833
1058,16105,14565,5,0.948154628276825,0.9109295606613159,-0.03722506761550903,0,8,148,218,154,9,6,6
1059,16174,18098,3,0.9224750399589539,0.85393887758255,-0.06853616237640381,0,364,375,1159,459,320,419,419
1060,16205,17886,2,0.9659618139266968,0.9258756041526794,-0.040086209774017334,0,107,341,784,394,86,81,81
1061,16220,14565,1,0.8702147603034973,0.9080548882484436,0.03784012794494629,1,573,403,324,380,551,495,495
1062,16288,18195,2,0.8487254977226257,0.898219645023346,0.049494147300720215,1,479,1175,909,1164,486,546,546
1063,16325,16394,5,0.7460429668426514,0.7746648788452148,0.028621912002563477,1,1283,1181,1164,1195,1288,1318,1318
1064,16411,10478,2,0.9266344904899597,0.8710851669311523,-0.05554932355880737,0,123,165,1062,239,104,133,133
1065,16421,1739,3,0.8871269226074219,0.8781684041023254,-0.008958518505096436,0,451,704,997,745,414,510,510
1066,16433,2198,2,0.8266288042068481,0.8976696729660034,0.07104086875915527,1,731,1070,373,973,774,696,696
1067,16449,10682,3,0.8606756329536438,0.8084704875946045,-0.05220514535903931,0,267,47,286,57,419,282,282
1068,16472,5992,2,0.9003902077674866,0.9071499705314636,0.006759762763977051,1,386,151,217,131,390,270,270
1069,16499,15640,2,0.8588786125183105,0.8821773529052734,0.02329874038696289,1,1046,1098,1171,1129,1046,1182,1182
1070,16501,11986,4,0.9571855068206787,0.912403404712677,-0.04478210210800171,0,209,290,381,298,179,128,128
1071,16533,11467,1,0.9348534345626831,0.9057305455207825,-0.029122889041900635,0,1,187,446,220,1,1,1
1072,16535,6848,2,0.9273722767829895,0.9213452935218811,-0.0060269832611083984,0,58,933,875,924,73,77,77
1073,16544,17149,2,0.8682170510292053,0.8534727096557617,-0.014744341373443604,0,217,779,1260,867,219,338,338
1074,16548,1486,3,0.8800238966941833,0.8858280777931213,0.005804181098937988,1,341,1200,1157,1219,318,387,387
1075,16554,16707,2,0.9174075126647949,0.8954636454582214,-0.021943867206573486,0,151,137,691,175,140,150,150
1076,16636,9949,2,0.93718022108078,0.9199588894844055,-0.01722133159637451,0,82,68,248,70,69,50,50
1077,16666,18185,5,0.8867548704147339,0.8464612364768982,-0.04029363393783569,0,716,702,684,701,743,791,791
1078,16672,11904,3,0.9268368482589722,0.8935967087745667,-0.03324013948440552,0,112,784,1172,863,98,114,114
1079,16675,18072,2,0.8300243616104126,0.7657504081726074,-0.06427395343780518,0,1178,5,4,4,1228,817,817
1080,16718,18309,3,0.8194994330406189,0.8645244836807251,0.0450250506401062,1,791,465,415,441,748,689,689
1081,16746,17960,1,0.8116450905799866,0.914462149143219,0.10281705856323242,1,622,763,759,787,623,643,643
1082,16750,13181,2,0.9412850141525269,0.873254120349884,-0.06803089380264282,0,18,169,1179,280,17,20,20
1083,16843,18014,2,0.8742303252220154,0.8936437964439392,0.019413471221923828,1,562,317,243,269,501,345,345
1084,16850,14407,8,0.9208183884620667,0.7623106241226196,-0.15850776433944702,0,836,430,739,475,761,794,794
1085,16851,13782,2,0.8807300925254822,0.9143852591514587,0.03365516662597656,1,11,600,493,595,11,11,11
1086,16869,1529,2,0.8845558762550354,0.9337546229362488,0.04919874668121338,1,521,1021,532,987,510,483,483
1087,16876,15991,3,0.8438944220542908,0.8945409059524536,0.05064648389816284,1,603,1151,1047,1171,566,684,684
1088,16919,18330,3,0.9559035897254944,0.9062909483909607,-0.04961264133453369,0,35,145,818,191,31,27,27
1089,16920,17940,2,0.9277151226997375,0.9002208113670349,-0.027494311332702637,0,230,172,770,218,229,223,223
1090,16923,17090,5,0.888553261756897,0.8454294204711914,-0.043123841285705566,0,166,1148,1107,1145,139,184,184
1091,16956,18335,3,0.9196616411209106,0.9430052042007446,0.023343563079833984,1,151,729,508,687,141,124,124
1092,16974,16799,2,0.9698877334594727,0.9107447266578674,-0.059143006801605225,0,122,214,1193,342,88,126,126
1093,16980,10153,3,0.9084345102310181,0.901651918888092,-0.006782591342926025,0,27,1067,1107,1077,15,29,29
1094,17008,17099,3,0.8833377957344055,0.9133632779121399,0.030025482177734375,1,507,1200,797,1175,484,499,499
1095,17020,8139,4,0.9024717211723328,0.9080564379692078,0.005584716796875,1,40,646,362,587,41,30,30
1096,17026,16018,2,0.7438808083534241,0.8225396871566772,0.07865887880325317,1,468,1325,1056,1321,445,568,568
1097,17047,14207,3,0.8579605221748352,0.8654234409332275,0.007462918758392334,1,397,340,301,329,384,351,351
1098,17057,10204,2,0.882525622844696,0.9169578552246094,0.03443223237991333,1,338,845,822,835,245,279,279
1099,17060,18307,5,0.8093518018722534,0.7942656874656677,-0.015086114406585693,0,1132,423,428,412,1021,973,973
1100,17071,1553,2,0.8499923348426819,0.865411639213562,0.015419304370880127,1,838,217,67,172,849,580,580
1101,17087,9450,5,0.8075783848762512,0.7581550478935242,-0.04942333698272705,0,419,714,1030,758,478,564,564
1102,17101,2093,9,0.9557898044586182,0.8704632520675659,-0.08532655239105225,0,17,339,251,317,14,11,11
1103,17121,16953,5,0.8881882429122925,0.8092435598373413,-0.07894468307495117,0,513,58,502,87,474,431,431
1104,17124,10673,2,0.9083777070045471,0.8488991856575012,-0.0594785213470459,0,164,326,1224,434,153,195,195
1105,17152,17085,2,0.8579491376876831,0.8899867534637451,0.03203761577606201,1,327,1221,1005,1200,334,432,432
1106,17183,17209,3,0.8563693761825562,0.872995138168335,0.01662576198577881,1,1217,611,295,541,1195,1157,1157
1107,17202,13844,5,0.912664532661438,0.7924989461898804,-0.12016558647155762,0,164,82,623,126,128,123,123
1108,17212,6427,3,0.8272426128387451,0.780335009098053,-0.04690760374069214,0,1078,3,4,3,992,556,556
1109,17220,3558,1,0.7840468883514404,0.8697810173034668,0.08573412895202637,1,131,229,501,256,142,148,148
1110,17224,15436,4,0.8861663937568665,0.8221435546875,-0.06402283906936646,0,524,672,1166,751,463,585,585
1111,17267,17891,2,0.8451656103134155,0.9277100563049316,0.08254444599151611,1,979,995,647,944,983,994,994
1112,17276,12421,2,0.9208335280418396,0.8775102496147156,-0.04332327842712402,0,254,141,933,203,198,237,237
1113,17300,15345,4,0.934807538986206,0.9194329977035522,-0.015374541282653809,0,546,94,97,95,473,284,284
1114,17372,1600,2,0.8795065879821777,0.8350069522857666,-0.04449963569641113,0,796,13,49,18,838,519,519
1115,17457,11561,2,0.825211226940155,0.9120707511901855,0.08685952425003052,1,510,613,276,529,362,291,291
1116,17495,13746,4,0.922578752040863,0.9061164259910583,-0.016462326049804688,0,266,903,858,910,257,293,293
1117,17519,7728,2,0.8928099870681763,0.9010313749313354,0.00822138786315918,1,61,519,916,577,57,68,68
1118,17524,5858,2,0.839828610420227,0.8853534460067749,0.04552483558654785,1,767,710,236,599,872,800,800
1119,17598,12390,2,0.8293920755386353,0.8886128067970276,0.059220731258392334,1,496,1049,1080,1060,415,510,510
1120,17631,16332,2,0.7579408288002014,0.838651180267334,0.08071035146713257,1,1217,323,32,218,1237,1051,1051
1121,17671,18277,2,0.810524046421051,0.8887564539909363,0.07823240756988525,1,973,626,141,506,1001,817,817
1122,17672,17085,3,0.8169264793395996,0.8631892204284668,0.04626274108886719,1,299,1168,1192,1178,388,532,532
1123,17673,18277,4,0.8648940324783325,0.8769848346710205,0.012090802192687988,1,1006,319,157,284,980,812,812
1124,17677,18232,4,0.8960369229316711,0.8863743543624878,-0.00966256856918335,0,461,936,1055,958,486,615,615
1125,17682,17566,3,0.82084059715271,0.8585222959518433,0.0376816987991333,1,124,1096,1288,1152,123,212,212
1126,17684,18307,2,0.8616137504577637,0.8276779651641846,-0.0339357852935791,0,1030,179,294,190,1049,996,996
1127,17687,18334,2,0.8552194237709045,0.9066661596298218,0.051446735858917236,1,643,519,201,415,654,503,503
1128,17726,14458,4,0.9455758929252625,0.9204044938087463,-0.025171399116516113,0,469,214,136,193,378,244,244
1129,17759,6715,7,0.8805792331695557,0.6598628759384155,-0.22071635723114014,0,1166,53,261,51,1206,1128,1128
1130,17762,14127,3,0.801750123500824,0.8313242793083191,0.029574155807495117,1,1246,1313,1097,1308,1274,1314,1314
1131,17766,12513,4,0.9445948600769043,0.9152801632881165,-0.029314696788787842,0,151,464,569,481,129,123,123
1132,17802,15592,3,0.8702086806297302,0.8901057243347168,0.019897043704986572,1,910,160,128,135,836,626,626
1133,17838,2113,2,0.8455915451049805,0.909590482711792,0.06399893760681152,1,1303,489,93,366,1310,1266,1266
1134,17873,12848,2,0.9372771382331848,0.9005607962608337,-0.036716341972351074,0,121,176,444,215,106,88,88
1135,17893,1670,2,0.8677210211753845,0.8985639810562134,0.030842959880828857,1,524,806,728,801,606,621,621
1136,17953,17564,1,0.7822266221046448,0.8684883713722229,0.08626174926757812,1,670,560,612,574,653,643,643
1137,17991,2971,2,0.8621073961257935,0.8643456101417542,0.0022382140159606934,1,506,140,102,126,485,283,283
1138,17995,16729,2,0.879120409488678,0.9058087468147278,0.026688337326049805,1,317,685,840,721,348,376,376
1139,18018,1690,3,0.9077490568161011,0.8644623160362244,-0.04328674077987671,0,2,581,1259,688,7,9,9
1140,18024,13448,4,0.8667603731155396,0.8618990778923035,-0.004861295223236084,0,744,1041,1006,1058,724,818,818
1141,18025,14224,3,0.9367589354515076,0.8676363229751587,-0.06912261247634888,0,79,31,91,34,70,35,35
1142,18031,2858,5,0.8720803260803223,0.826817512512207,-0.045262813568115234,0,463,837,805,830,433,449,449
1143,18039,15079,2,0.9414243698120117,0.8965082764625549,-0.04491609334945679,0,40,250,1087,336,44,48,48
1144,18047,14827,2,0.82378751039505,0.8989166021347046,0.07512909173965454,1,956,988,239,869,931,859,859
1145,18057,3421,4,0.9110763072967529,0.9046297073364258,-0.0064465999603271484,0,419,725,578,692,447,455,455
1146,18064,1696,2,0.9578636884689331,0.8974383473396301,-0.06042534112930298,0,18,98,545,134,17,10,10
1147,18077,18315,2,0.8313976526260376,0.9169004559516907,0.08550280332565308,1,32,742,360,675,39,32,32
1148,18125,12726,2,0.8241668939590454,0.9005154967308044,0.07634860277175903,1,916,1162,735,1158,902,972,972
1149,18177,15989,2,0.9540756940841675,0.8818933963775635,-0.072182297706604,0,34,314,1302,453,34,55,55
1150,18224,1800,2,0.8291134238243103,0.9039413332939148,0.07482790946960449,1,372,331,274,305,308,229,229
1151,18236,16635,3,0.9432949423789978,0.9062651991844177,-0.03702974319458008,0,18,211,445,244,17,18,18
1152,18246,10517,2,0.9262630343437195,0.8768828511238098,-0.04938018321990967,0,268,83,436,102,270,207,207
1153,18247,18064,1,0.7840582132339478,0.8790395259857178,0.09498131275177002,1,1156,1240,535,1198,1144,1150,1150
1154,18341,17227,2,0.6989573836326599,0.8429908752441406,0.1440334916114807,1,1088,1333,1317,1337,1033,1193,1193
1155,18343,4770,4,0.8636549711227417,0.846946120262146,-0.016708850860595703,0,21,402,373,388,26,23,23
1156,18350,10576,2,0.9471661448478699,0.9182177186012268,-0.028948426246643066,0,4,185,352,201,4,3,3
1157,18365,6783,2,0.871848464012146,0.8283570408821106,-0.0434914231300354,0,190,830,1337,938,193,295,295
1158,18395,7385,2,0.8161731958389282,0.8710060119628906,0.0548328161239624,1,1109,907,617,875,1153,1166,1166
1159,18461,5369,2,0.9426650404930115,0.890500009059906,-0.05216503143310547,0,18,301,1020,386,15,16,16
1160,18470,17742,1,0.8169102072715759,0.9213206171989441,0.10441040992736816,1,826,855,606,836,849,848,848
1161,18593,12414,2,0.8728690147399902,0.879942774772644,0.007073760032653809,1,280,381,586,406,303,308,308
1162,18602,17453,3,0.8964672684669495,0.8648390173912048,-0.03162825107574463,0,48,794,1129,857,46,58,58
1163,18645,5465,2,0.8818342685699463,0.9128430485725403,0.031008780002593994,1,350,1022,1217,1068,238,308,308
1164,18685,14450,2,0.8604259490966797,0.8855706453323364,0.02514469623565674,1,1021,570,381,521,1024,952,952
1165,18703,15523,2,0.8443582057952881,0.8545008301734924,0.010142624378204346,1,840,158,50,119,802,600,600
1166,18711,6350,4,0.8588189482688904,0.8845973610877991,0.02577841281890869,1,339,251,183,217,315,243,243
1167,18712,7664,2,0.8273956775665283,0.9157334566116333,0.08833777904510498,1,1061,929,315,804,1157,1105,1105
1168,18724,2743,3,0.9032930135726929,0.8802035450935364,-0.023089468479156494,0,394,160,218,166,328,239,239
1169,18778,10204,3,0.8598207235336304,0.918313205242157,0.05849248170852661,1,55,1188,700,1169,59,62,62
1170,18792,17714,3,0.9396960139274597,0.9035530686378479,-0.036142945289611816,0,771,128,261,137,612,505,505
1171,18845,3209,1,0.8273447155952454,0.930031418800354,0.10268670320510864,1,1207,1307,1092,1311,1164,1251,1251
1172,19003,10422,2,0.8093246817588806,0.8069157600402832,-0.002408921718597412,0,718,11,9,10,805,479,479
1173,19089,5555,2,0.8737185001373291,0.8932183980941772,0.019499897956848145,1,207,1254,1214,1257,228,308,308
1174,19112,1884,3,0.8969327211380005,0.8841580748558044,-0.012774646282196045,0,964,143,144,140,905,734,734
1175,19133,18326,1,0.7898111939430237,0.8525445461273193,0.06273335218429565,1,602,362,424,372,570,494,494
1176,19139,18112,1,0.7319697141647339,0.8600236773490906,0.1280539631843567,1,1226,1103,451,1033,1236,1237,1237
1177,19140,1866,2,0.9137635231018066,0.8259791731834412,-0.08778434991836548,0,526,6,29,7,517,232,232
1178,19156,17724,3,0.8487655520439148,0.9163822531700134,0.06761670112609863,1,166,1251,854,1239,229,248,248
1179,19182,17521,3,0.95707106590271,0.9000499844551086,-0.05702108144760132,0,1,103,480,118,1,1,1
1180,19205,14676,3,0.9219139814376831,0.9089640974998474,-0.012949883937835693,0,293,184,145,174,261,146,146
1181,19224,9447,4,0.8582980036735535,0.8306484818458557,-0.027649521827697754,0,99,1124,1176,1162,95,139,139
1182,19257,12210,3,0.8959274291992188,0.8584415912628174,-0.03748583793640137,0,38,43,448,57,41,29,29
1183,19262,18150,3,0.8456584811210632,0.8990088105201721,0.05335032939910889,1,679,1119,1082,1122,644,803,803
1184,19263,11705,1,0.8023228645324707,0.9015428423881531,0.09921997785568237,1,162,957,1252,1047,204,265,265
1185,19276,1885,4,0.9104440808296204,0.8507110476493835,-0.059733033180236816,0,45,1012,1224,1072,40,57,57
1186,19311,5602,1,0.8147695064544678,0.9018242359161377,0.08705472946166992,1,504,886,1105,937,487,587,587
1187,19318,18209,4,0.8601291179656982,0.8602531552314758,0.0001240372657775879,1,295,544,334,511,248,185,185
1188,19354,6295,7,0.9312135577201843,0.7224265336990356,-0.20878702402114868,0,101,648,1271,773,85,136,136
1189,19377,16132,2,0.8619835376739502,0.9022238254547119,0.04024028778076172,1,337,789,729,800,313,294,294
1190,19408,4834,2,0.9212170243263245,0.884197473526001,-0.037019550800323486,0,178,323,843,382,143,182,182
1191,19415,17473,2,0.9246277213096619,0.8576264381408691,-0.06700128316879272,0,33,101,1205,156,37,41,41
1192,19484,18261,5,0.8851618766784668,0.8542956113815308,-0.030866265296936035,0,1178,920,726,895,1152,1211,1211
1193,19490,18023,3,0.8591935038566589,0.9206064939498901,0.0614129900932312,1,246,1147,914,1111,238,289,289
1194,19525,12093,2,0.8110621571540833,0.7882331609725952,-0.022828996181488037,0,752,266,691,312,897,973,973
1195,19541,18305,2,0.9333447813987732,0.9215294718742371,-0.011815309524536133,0,184,396,819,433,155,146,146
1196,19575,2062,3,0.8056514263153076,0.8350808620452881,0.02942943572998047,1,563,1303,1181,1311,583,727,727
1197,19634,9633,2,0.8165192604064941,0.8936405181884766,0.07712125778198242,1,769,986,521,948,800,794,794
1198,19663,15607,2,0.9699796438217163,0.8481108546257019,-0.1218687891960144,0,13,15,1241,42,15,19,19
1199,19683,7946,2,0.8599968552589417,0.8708349466323853,0.010838091373443604,1,148,1198,1321,1240,142,213,213
1200,19720,9142,2,0.8637423515319824,0.8922567963600159,0.028514444828033447,1,522,1205,1139,1215,521,628,628
1201,19732,18337,2,0.9354417324066162,0.8889192342758179,-0.04652249813079834,0,98,138,543,188,92,91,91
1202,19854,15569,2,0.9333236813545227,0.8721472024917603,-0.06117647886276245,0,8,170,844,224,9,9,9
1203,19858,15500,2,0.9450669288635254,0.9307915568351746,-0.01427537202835083,0,117,558,676,563,118,98,98
1204,19859,6979,3,0.9370530247688293,0.8915268778800964,-0.04552614688873291,0,18,369,1006,456,14,22,22
1205,19896,9866,3,0.9080694317817688,0.9005705714225769,-0.0074988603591918945,0,682,286,357,288,671,574,574
1206,19919,5686,4,0.9337493181228638,0.8643084168434143,-0.06944090127944946,0,78,124,372,145,80,70,70
1207,19943,15782,1,0.943579375743866,0.8647032380104065,-0.07887613773345947,0,31,2,1037,5,27,28,28
1208,19947,17227,2,0.6941392421722412,0.8418130278587341,0.14767378568649292,1,1049,1333,1320,1336,941,1142,1142
1209,19948,18307,8,0.834081768989563,0.6913642287254333,-0.14271754026412964,0,1260,307,656,335,1232,1246,1246
1210,19983,17075,6,0.8915168046951294,0.8045934438705444,-0.08692336082458496,0,59,477,867,522,51,55,55
1211,20033,2029,4,0.9656160473823547,0.8664801716804504,-0.0991358757019043,0,5,319,1093,413,4,6,6
1212,20038,18315,3,0.940868616104126,0.9203220009803772,-0.02054661512374878,0,3,116,317,130,4,3,3
1213,20043,6335,2,0.8804591298103333,0.9116125702857971,0.031153440475463867,1,78,983,659,938,76,69,69
1214,20047,2030,2,0.8417466282844543,0.824277937412262,-0.017468690872192383,0,728,125,256,133,808,662,662
1215,20051,18307,10,0.8087673187255859,0.7602913975715637,-0.04847592115402222,0,1337,565,219,471,1335,1334,1334
1216,20056,6970,3,0.860320508480072,0.868848443031311,0.008527934551239014,1,1023,774,667,769,911,946,946
1217,20075,16720,2,0.7580495476722717,0.9017232060432434,0.14367365837097168,1,1093,1229,1004,1206,1065,1167,1167
1218,20085,8761,3,0.913459300994873,0.9080653786659241,-0.005393922328948975,0,230,462,691,486,221,212,212
1219,20106,13980,2,0.9198676943778992,0.8856114149093628,-0.03425627946853638,0,828,51,109,57,741,564,564
1220,20107,15253,2,0.8412826061248779,0.8651817440986633,0.0238991379737854,1,213,192,122,171,204,143,143
1221,20166,2045,4,0.964869499206543,0.8652965426445007,-0.09957295656204224,0,3,53,627,86,1,2,2
1222,20186,11187,3,0.9032134413719177,0.9310418963432312,0.027828454971313477,1,499,438,337,408,443,387,387
1223,20190,10107,2,0.8731129765510559,0.8888440728187561,0.015731096267700195,1,87,422,308,401,129,80,80
1224,20217,17523,3,0.8675155639648438,0.9034596681594849,0.03594410419464111,1,563,596,450,551,598,543,543
1225,20219,18195,10,0.9004607200622559,0.7493550181388855,-0.15110570192337036,0,66,953,1299,1059,60,87,87
1226,20277,3637,1,0.7707552313804626,0.9096686840057373,0.13891345262527466,1,890,1166,764,1140,866,889,889
1227,20278,9740,2,0.9232762455940247,0.9192591905593872,-0.004017055034637451,0,72,438,685,469,67,72,72
1228,20332,2075,4,0.8793157935142517,0.8757571578025818,-0.003558635711669922,0,32,696,679,697,32,40,40
1229,20352,12477,2,0.8017714023590088,0.8434529900550842,0.04168158769607544,1,696,1200,1164,1233,685,823,823
1230,20369,5489,6,0.9375913143157959,0.8088237047195435,-0.12876760959625244,0,43,330,1007,401,45,51,51
1231,20387,7000,2,0.9099549055099487,0.8914947509765625,-0.01846015453338623,0,9,267,533,296,10,12,12
1232,20412,3451,2,0.8429327607154846,0.9018397927284241,0.05890703201293945,1,1145,1236,1156,1245,1169,1232,1232
1233,20421,16985,2,0.80162113904953,0.7812321186065674,-0.020389020442962646,0,509,2,34,3,352,184,184
1234,20453,15222,3,0.9105390906333923,0.8951030969619751,-0.015435993671417236,0,339,809,1077,862,370,447,447
1235,20466,18179,2,0.9126651883125305,0.8827835321426392,-0.029881656169891357,0,144,338,992,427,145,165,165
1236,20467,17640,1,0.8979838490486145,0.9298495650291443,0.031865715980529785,1,593,354,446,350,530,485,485
1237,20484,4206,2,0.7787445783615112,0.8734100461006165,0.09466546773910522,1,1117,1138,1151,1136,1025,1128,1128
1238,20592,17799,2,0.8944145441055298,0.91554194688797,0.021127402782440186,1,120,906,1080,956,148,168,168
1239,20630,5831,1,0.9566413760185242,0.9023566246032715,-0.054284751415252686,0,69,46,621,70,61,43,43
1240,20651,4713,2,0.9526088833808899,0.8857518434524536,-0.06685703992843628,0,1,128,438,152,1,1,1
1241,20693,10067,3,0.9091638922691345,0.928196907043457,0.01903301477432251,1,131,536,372,507,119,100,100
1242,20744,17090,3,0.8502223491668701,0.8487597107887268,-0.0014626383781433105,0,409,1222,1312,1263,359,525,525
1243,20748,18274,3,0.8325186967849731,0.8306965231895447,-0.0018221735954284668,0,579,1193,1172,1195,603,721,721
1244,20772,18254,2,0.9076805710792542,0.90392005443573,-0.00376051664352417,0,345,329,997,411,283,329,329
1245,20783,2142,2,0.8688568472862244,0.9137051105499268,0.04484826326370239,1,17,776,623,752,17,20,20
1246,20831,18307,3,0.8654449582099915,0.8103026151657104,-0.055142343044281006,0,434,175,454,212,455,414,414
1247,20841,14676,3,0.844698965549469,0.9082887768745422,0.06358981132507324,1,642,571,150,463,571,419,419
1248,20847,11418,3,0.8622035384178162,0.8821002244949341,0.01989668607711792,1,810,542,318,486,796,718,718
1249,20851,14188,2,0.8754304647445679,0.888185977935791,0.012755513191223145,1,495,174,117,167,507,332,332
1250,20853,15782,2,0.8990446925163269,0.8648363351821899,-0.03420835733413696,0,70,340,824,396,63,57,57
1251,20854,9326,3,0.8999702334403992,0.9015326499938965,0.0015624165534973145,1,1132,861,703,842,1084,1136,1136
1252,20872,16200,4,0.9048266410827637,0.8745977282524109,-0.030228912830352783,0,108,909,1050,934,98,118,118
1253,20887,10977,1,0.9153069257736206,0.9240685701370239,0.00876164436340332,1,18,253,227,238,25,10,10
1254,20904,17393,2,0.8937147855758667,0.8854625225067139,-0.008252263069152832,0,203,121,394,134,200,126,126
1255,20922,5220,1,0.8454296588897705,0.8792744278907776,0.03384476900100708,1,346,539,455,511,338,286,286
1256,20937,2173,2,0.8643220663070679,0.8287012577056885,-0.035620808601379395,0,965,197,908,273,930,998,998
1257,20938,18334,2,0.9088875651359558,0.907233715057373,-0.0016538500785827637,0,1096,232,198,217,1159,1121,1121
1258,20958,3469,1,0.7063713669776917,0.8923109769821167,0.18593961000442505,1,900,963,92,774,1017,790,790
1259,20995,4453,2,0.8999016880989075,0.9137042164802551,0.013802528381347656,1,689,621,811,644,707,757,757
1260,21004,15673,2,0.950264573097229,0.9263674020767212,-0.023897171020507812,0,164,439,833,501,134,143,143
1261,21038,10138,4,0.942163348197937,0.8457860946655273,-0.09637725353240967,0,19,412,1234,550,19,24,24
1262,21047,16702,3,0.9211302399635315,0.8841612935066223,-0.03696894645690918,0,137,296,1038,389,113,141,141
1263,21102,18205,2,0.8999794721603394,0.9002749919891357,0.0002955198287963867,1,832,585,613,576,738,751,751
1264,21113,2284,5,0.9349884390830994,0.850007951259613,-0.08498048782348633,0,319,402,915,465,277,318,318
1265,21122,16791,3,0.8490378260612488,0.8680801391601562,0.01904231309890747,1,446,1106,1078,1126,350,417,417
1266,21145,5951,2,0.8571259379386902,0.919874370098114,0.06274843215942383,1,226,653,909,703,225,253,253
1267,21156,11280,3,0.8420657515525818,0.7886766195297241,-0.053389132022857666,0,1237,92,255,110,1175,1138,1138
1268,21165,14552,3,0.8907598853111267,0.8761249780654907,-0.014634907245635986,0,395,566,678,591,454,455,455
1269,21184,17376,2,0.9385383725166321,0.9296205043792725,-0.00891786813735962,0,359,836,1027,892,337,389,389
1270,21194,17662,3,0.8711763024330139,0.8347353935241699,-0.036440908908843994,0,306,1111,1318,1181,326,471,471
1271,21203,17071,2,0.9578569531440735,0.9133216142654419,-0.04453533887863159,0,45,85,813,136,45,43,43
1272,21204,15508,4,0.8929703831672668,0.8856398463249207,-0.007330536842346191,0,725,873,564,848,676,679,679
1273,21227,6318,3,0.8347148895263672,0.8551682233810425,0.020453333854675293,1,640,778,600,758,619,628,628
1274,21350,6924,3,0.9188713431358337,0.9274812340736389,0.008609890937805176,1,58,262,445,272,54,44,44
1275,21383,2295,6,0.8771580457687378,0.8605703115463257,-0.01658773422241211,0,995,514,176,421,884,714,714
1276,21533,15709,1,0.8721768856048584,0.8590091466903687,-0.013167738914489746,0,676,78,238,85,831,727,727
1277,21589,17979,2,0.7641164660453796,0.8191773891448975,0.05506092309951782,1,1146,1013,371,898,1181,1176,1176
1278,21598,2275,2,0.9634074568748474,0.9260584115982056,-0.037349045276641846,0,73,444,1125,556,47,61,61
1279,21600,11465,2,0.838280975818634,0.8657880425453186,0.02750706672668457,1,395,390,315,369,453,382,382
1280,21602,14752,2,0.8682467341423035,0.8825168609619141,0.014270126819610596,1,174,594,838,635,218,241,241
1281,21701,11507,4,0.9035701155662537,0.9054355025291443,0.001865386962890625,1,139,558,352,516,113,85,85
1282,21715,8212,1,0.7940370440483093,0.9311167597770691,0.13707971572875977,1,1229,1300,1270,1305,1091,1180,1180
1283,21772,18287,3,0.8407658338546753,0.7994962930679321,-0.041269540786743164,0,316,1180,1338,1237,315,533,533
1284,21777,18334,2,0.8145142197608948,0.9075136780738831,0.09299945831298828,1,506,474,196,392,479,365,365
1285,21797,18298,4,0.9190887808799744,0.8931699395179749,-0.02591884136199951,0,32,507,419,483,25,21,21
1286,21804,5605,2,0.9228603839874268,0.8587116003036499,-0.06414878368377686,0,93,390,1318,511,90,107,107
1287,21811,2308,2,0.8556244969367981,0.8929775357246399,0.0373530387878418,1,699,747,618,732,779,806,806
1288,21823,13267,2,0.9505695104598999,0.9168970584869385,-0.033672451972961426,0,50,406,978,480,39,46,46
1289,21878,17494,2,0.8459253907203674,0.9111109375953674,0.065185546875,1,226,513,189,442,223,167,167
1290,21909,10284,3,0.9112956523895264,0.8614136576652527,-0.04988199472427368,0,43,481,1217,594,41,47,47
1291,21923,18287,3,0.8836603760719299,0.80034339427948,-0.08331698179244995,0,119,338,1338,527,106,190,190
1292,21927,18307,5,0.844027042388916,0.7934867739677429,-0.050540268421173096,0,1125,275,434,293,1077,1030,1030
1293,21941,7191,2,0.8115609288215637,0.8416120409965515,0.030051112174987793,1,438,1195,1331,1241,493,697,697
1294,21944,5503,2,0.9084974527359009,0.9066668152809143,-0.0018306374549865723,0,423,751,913,781,395,426,426
1295,21963,16074,2,0.8373851776123047,0.8986679315567017,0.06128275394439697,1,652,1269,878,1263,675,755,755
1296,21982,16948,1,0.8987137675285339,0.9245610237121582,0.025847256183624268,1,356,791,1142,855,307,374,374
1297,22031,7573,2,0.9419229626655579,0.9149044156074524,-0.02701854705810547,0,65,603,957,656,65,68,68
1298,22045,16809,4,0.933706521987915,0.8513669371604919,-0.0823395848274231,0,211,426,1028,503,207,238,238
1299,22050,3741,2,0.8969774842262268,0.8901765942573547,-0.00680088996887207,0,694,207,266,201,709,589,589
1300,22059,17824,3,0.9231913685798645,0.8992478251457214,-0.023943543434143066,0,11,158,741,222,10,14,14
1301,22068,14576,2,0.7974715828895569,0.9275514483451843,0.13007986545562744,1,645,860,702,841,614,640,640
1302,22072,17588,7,0.8334199786186218,0.6926133036613464,-0.1408066749572754,0,1300,285,389,284,1283,1256,1256
1303,22085,13576,2,0.8543148040771484,0.8667502999305725,0.012435495853424072,1,332,1137,1266,1190,342,435,435
1304,22180,6169,4,0.895132303237915,0.8924359083175659,-0.002696394920349121,0,828,422,480,432,789,745,745
1305,22219,5706,4,0.9203604459762573,0.8664162755012512,-0.053944170475006104,0,1,267,619,302,1,1,1
1306,22224,15249,2,0.8858442306518555,0.9008054137229919,0.014961183071136475,1,210,1171,1267,1195,201,264,264
1307,22357,11536,3,0.9306747913360596,0.8786273002624512,-0.0520474910736084,0,214,532,1275,677,214,297,297
1308,22362,18281,3,0.8483041524887085,0.8793399930000305,0.03103584051132202,1,845,431,284,402,853,775,775
1309,22386,4277,2,0.8465657830238342,0.8557268977165222,0.009161114692687988,1,260,1127,1320,1184,266,387,387
1310,22399,18254,1,0.910703718662262,0.9187167882919312,0.00801306962966919,1,89,559,998,627,73,92,92
1311,22549,18281,3,0.8761320114135742,0.8795037865638733,0.0033717751502990723,1,772,245,283,249,677,568,568
1312,22556,15601,2,0.895423948764801,0.8735268115997314,-0.02189713716506958,0,962,63,138,68,872,666,666
1313,22562,15334,1,0.9513616561889648,0.9367034435272217,-0.014658212661743164,0,80,349,1269,482,77,96,96
1314,22613,17352,3,0.9266031980514526,0.9059612154960632,-0.020641982555389404,0,298,575,713,595,413,409,409
1315,22630,18320,5,0.8913339376449585,0.8711401224136353,-0.020193815231323242,0,1171,322,300,313,1200,1175,1175
1316,22638,2483,2,0.8901634812355042,0.8560868501663208,-0.03407663106918335,0,6,52,136,60,7,2,2
1317,22732,7713,3,0.9061312079429626,0.8911543488502502,-0.014976859092712402,0,364,935,1227,1007,322,441,441
1318,22746,13014,2,0.8607468605041504,0.9019536375999451,0.04120677709579468,1,1299,1040,607,1016,1285,1316,1316
1319,22749,17816,2,0.9413763284683228,0.9031019806861877,-0.03827434778213501,0,464,98,251,112,403,258,258
1320,22774,15721,2,0.9541340470314026,0.9060042500495911,-0.04812979698181152,0,65,260,1147,349,66,72,72
1321,22805,15545,1,0.9394535422325134,0.9360136985778809,-0.0034398436546325684,0,59,255,858,314,55,54,54
1322,22839,14074,2,0.9173528552055359,0.9119589328765869,-0.005393922328948975,0,65,702,1127,777,51,66,66
1323,22910,2537,2,0.8094003796577454,0.8770298957824707,0.06762951612472534,1,1057,1277,590,1253,1072,1109,1109
1324,22927,11209,2,0.9139476418495178,0.941282331943512,0.02733469009399414,1,303,875,561,824,247,216,216
1325,22932,13312,2,0.8676470518112183,0.888323962688446,0.020676910877227783,1,93,936,1257,1005,91,124,124
1326,22955,18145,2,0.9436261653900146,0.8990181088447571,-0.04460805654525757,0,77,108,586,124,83,58,58
1327,22960,7215,2,0.8809176683425903,0.9145084023475647,0.033590734004974365,1,380,1214,1189,1252,329,419,419
1328,22967,18298,2,0.9693071842193604,0.8978121876716614,-0.07149499654769897,0,5,102,569,153,5,5,5
1329,22968,14125,1,0.850335419178009,0.9317209720611572,0.0813855528831482,1,460,1103,1060,1159,501,568,568
1330,22974,18278,4,0.8802675604820251,0.8725121021270752,-0.007755458354949951,0,936,762,644,744,820,822,822
1331,22996,2562,3,0.9194241166114807,0.8849008679389954,-0.03452324867248535,0,90,443,685,489,91,76,76
1332,23009,13091,2,0.9402748942375183,0.8901830315589905,-0.05009186267852783,0,111,192,1006,269,99,120,120
1333,23099,11865,2,0.7807425260543823,0.8608502149581909,0.0801076889038086,1,992,1318,1158,1315,920,1068,1068
1334,23111,17316,2,0.8952656984329224,0.8766618967056274,-0.018603801727294922,0,168,454,1147,563,179,203,203
1335,23112,2573,2,0.9206501245498657,0.9252291917800903,0.004579067230224609,1,704,496,455,492,601,553,553
1336,23118,2575,3,0.8162974715232849,0.8713024258613586,0.05500495433807373,1,441,1308,941,1304,423,460,460
1337,23124,13432,2,0.8636626601219177,0.8953478336334229,0.03168517351150513,1,458,954,908,988,418,479,479
1338,23179,9679,2,0.7649770379066467,0.9001661539077759,0.13518911600112915,1,1336,1208,305,1132,1328,1328,1328
1339,23180,7134,2,0.9097416996955872,0.9038490056991577,-0.005892693996429443,0,236,669,1068,735,228,274,274
1340,23211,8352,3,0.9299293756484985,0.8435195684432983,-0.0864098072052002,0,282,350,1145,465,233,297,297
1341,23236,17474,1,0.9008818864822388,0.8892444968223572,-0.011637389659881592,0,221,504,1037,582,189,215,215
1342,23250,18069,2,0.9409692883491516,0.8997283577919006,-0.04124093055725098,0,232,37,420,51,176,95,95
1343,23256,13780,1,0.8937623500823975,0.9043287634849548,0.010566413402557373,1,150,481,1083,567,154,216,216
1344,23285,18274,2,0.7761774659156799,0.8476015329360962,0.07142406702041626,1,440,1025,1084,1048,440,539,539
1345,23304,3248,2,0.8467708826065063,0.8963452577590942,0.04957437515258789,1,459,553,369,504,461,372,372
1346,23327,2600,2,0.9218968152999878,0.8993130922317505,-0.022583723068237305,0,225,456,720,502,254,228,228
1347,23346,3436,7,0.9510450959205627,0.7356476783752441,-0.2153974175453186,0,4,34,161,27,4,3,3
1348,23378,14814,1,0.7763106226921082,0.8851780295372009,0.10886740684509277,1,279,764,566,749,285,286,286
1349,23393,2612,3,0.8687573075294495,0.8567714095115662,-0.0119858980178833,0,13,331,407,338,13,14,14
1350,23420,12608,2,0.8869829773902893,0.8428929448127747,-0.04409003257751465,0,632,239,944,311,478,544,544
1351,23426,15519,3,0.8460464477539062,0.8880485892295837,0.04200214147567749,1,1037,1212,945,1191,1010,1085,1085
1352,23476,11411,1,0.8655906915664673,0.9051049947738647,0.03951430320739746,1,921,505,455,493,867,839,839
1353,23519,18084,1,0.8226882219314575,0.8379064202308655,0.015218198299407959,1,1305,327,139,266,1303,1289,1289
1354,23525,15334,2,0.9155626893043518,0.9182405471801758,0.0026778578758239746,1,150,1143,1241,1169,150,218,218
1355,23544,12949,2,0.8077961206436157,0.9008108973503113,0.09301477670669556,1,1185,919,259,851,1145,1083,1083
1356,23602,3783,3,0.7930783033370972,0.7964940667152405,0.0034157633781433105,1,645,2,3,2,708,361,361
1357,23769,17270,3,0.8894559144973755,0.9257844090461731,0.03632849454879761,1,79,738,492,698,82,64,64
1358,23805,3782,2,0.9127533435821533,0.8546691536903381,-0.058084189891815186,0,1045,53,41,47,1061,879,879
1359,23824,18012,4,0.8434785008430481,0.8257218599319458,-0.017756640911102295,0,434,1134,1322,1185,409,607,607
1360,23847,9061,6,0.9403824806213379,0.8154712915420532,-0.12491118907928467,0,2,347,929,426,2,2,2
1361,23849,17941,2,0.891936719417572,0.9162157773971558,0.02427905797958374,1,451,532,627,540,433,411,411
1362,23857,10274,3,0.8140136003494263,0.8249121308326721,0.01089853048324585,1,541,39,15,27,419,192,192
1363,23875,8813,5,0.9427335262298584,0.9056766629219055,-0.03705686330795288,0,680,89,131,84,572,433,433
1364,23893,17085,2,0.8914404511451721,0.8902932405471802,-0.0011472105979919434,0,97,435,1003,510,119,140,140
1365,23904,18244,3,0.9314501285552979,0.9119430780410767,-0.01950705051422119,0,696,219,245,214,603,475,475
1366,23911,4017,2,0.909250795841217,0.8769782185554504,-0.0322725772857666,0,139,85,490,112,122,106,106
1367,23921,18307,5,0.8329674005508423,0.7932974100112915,-0.03966999053955078,0,1094,267,434,284,1087,1073,1073
1368,23925,18334,2,0.8851950764656067,0.9078701734542847,0.02267509698867798,1,570,283,188,259,494,384,384
1369,23945,7661,3,0.9132574200630188,0.8907819390296936,-0.022475481033325195,0,5,277,397,289,7,5,5
1370,23972,15190,3,0.9794583916664124,0.8412424921989441,-0.13821589946746826,0,21,75,1331,104,20,33,33
1371,23999,4380,2,0.7753905653953552,0.9233070015907288,0.14791643619537354,1,1085,1265,624,1263,1057,1121,1121
1372,24003,2971,3,0.9516980051994324,0.8630055785179138,-0.08869242668151855,0,178,30,133,37,168,94,94
1373,24050,6108,2,0.8491803407669067,0.894778311252594,0.045597970485687256,1,761,924,756,915,605,622,622
1374,24072,6330,3,0.8552541136741638,0.8604810237884521,0.00522691011428833,1,320,67,75,64,382,221,221
1375,24092,14883,1,0.8304476737976074,0.8982110619544983,0.06776338815689087,1,361,130,104,101,263,165,165
1376,24155,2770,2,0.8101953864097595,0.8939107060432434,0.08371531963348389,1,1033,1176,339,1118,971,907,907
1377,24243,18244,2,0.9020315408706665,0.9192469120025635,0.017215371131896973,1,22,215,196,205,20,18,18
1378,24274,3994,2,0.9347437620162964,0.908970296382904,-0.025773465633392334,0,167,378,610,408,181,165,165
1379,24335,17539,2,0.8607116937637329,0.9195672273635864,0.058855533599853516,1,720,1007,824,997,686,733,733
1380,24355,17025,5,0.8983946442604065,0.8273231983184814,-0.07107144594192505,0,353,416,754,453,326,364,364
1381,24362,9678,3,0.8454920649528503,0.9182901978492737,0.07279813289642334,1,900,858,178,726,915,769,769
1382,24407,12340,2,0.799702525138855,0.851732075214386,0.052029550075531006,1,1254,844,400,781,1287,1285,1285
1383,24515,18324,5,0.9627372622489929,0.9014570116996765,-0.061280250549316406,0,56,116,552,130,51,41,41
1384,24518,15607,4,0.9643115997314453,0.8355530500411987,-0.12875854969024658,0,10,30,1024,65,10,15,15
1385,24572,16096,2,0.76435387134552,0.8991034030914307,0.13474953174591064,1,1214,1154,472,1149,1189,1204,1204
1386,24580,2853,2,0.8071133494377136,0.8234314322471619,0.016318082809448242,1,613,1230,1342,1268,642,919,919
1387,24605,13239,2,0.8763026595115662,0.9031957387924194,0.02689307928085327,1,336,1013,873,1001,305,334,334
1388,24757,17146,2,0.8835103511810303,0.9269654154777527,0.04345506429672241,1,257,1191,1241,1219,253,317,317
1389,24760,13540,2,0.7440415024757385,0.8912820816040039,0.14724057912826538,1,690,1065,1095,1079,676,787,787
1390,24761,7440,2,0.7392503023147583,0.8384019136428833,0.099151611328125,1,541,659,636,659,640,647,647
1391,24784,9372,2,0.8518818616867065,0.887112021446228,0.035230159759521484,1,755,1269,1270,1282,706,857,857
1392,24831,5236,3,0.8123458623886108,0.8291928768157959,0.01684701442718506,1,920,1311,1207,1312,951,1116,1116
1393,24845,12334,3,0.925921618938446,0.9186668992042542,-0.0072547197341918945,0,4,79,89,73,4,2,2
1394,24872,3582,2,0.8624056577682495,0.8616823554039001,-0.0007233023643493652,0,1061,200,199,200,1049,882,882
1395,24929,17021,2,0.8043330311775208,0.852310061454773,0.0479770302772522,1,962,559,355,520,936,812,812
1396,24952,18164,10,0.8737002015113831,0.7768815755844116,-0.09681862592697144,0,1330,175,136,150,1326,1266,1266
1397,24957,17943,6,0.8574798703193665,0.8263354301452637,-0.031144440174102783,0,998,383,240,342,1021,910,910
1398,24962,18307,4,0.8011764287948608,0.8332041501998901,0.0320277214050293,1,1129,205,167,170,1072,952,952
1399,24964,18209,3,0.8749424815177917,0.868367612361908,-0.006574869155883789,0,451,260,382,261,396,336,336
1400,24966,18276,4,0.8937108516693115,0.8770460486412048,-0.01666480302810669,0,95,246,253,244,109,86,86
1401,24967,17085,3,0.8505968451499939,0.8627557754516602,0.01215893030166626,1,410,1162,1193,1190,406,517,517
1402,25115,10314,2,0.872169554233551,0.8749973177909851,0.002827763557434082,1,456,653,839,676,393,395,395
1403,25207,7530,2,0.8185008764266968,0.8457038998603821,0.027203023433685303,1,109,730,917,751,111,134,134
1404,25242,15579,1,0.7570022344589233,0.9025693535804749,0.1455671191215515,1,840,1004,1011,1008,789,858,858
1405,25318,14174,2,0.9761390686035156,0.9257118105888367,-0.050427258014678955,0,92,282,1108,367,73,93,93
1406,25321,17385,2,0.8983590602874756,0.9143676161766052,0.01600855588912964,1,584,576,500,554,503,432,432
1407,25324,15042,3,0.9233680963516235,0.8740604519844055,-0.04930764436721802,0,41,833,1245,924,42,68,68
1408,25355,13195,2,0.9166145920753479,0.9158487915992737,-0.0007658004760742188,0,150,364,537,373,137,122,122
1409,25356,11261,4,0.8756487369537354,0.8478583693504333,-0.027790367603302002,0,156,868,1088,905,136,168,168
1410,25379,11732,3,0.9212186932563782,0.8709379434585571,-0.050280749797821045,0,33,25,247,34,40,18,18
1411,25382,14176,1,0.8834461569786072,0.8980953693389893,0.01464921236038208,1,74,259,1121,354,56,80,80
1412,25395,8525,1,0.8651235699653625,0.8757020831108093,0.010578513145446777,1,262,377,617,402,304,266,266
1413,25399,11922,6,0.939876139163971,0.8187064528465271,-0.12116968631744385,0,59,533,925,585,54,58,58
1414,25403,16300,2,0.9167447090148926,0.8874921202659607,-0.029252588748931885,0,532,154,256,158,402,283,283
1415,25544,17862,2,0.8602306842803955,0.8793872594833374,0.019156575202941895,1,1006,227,202,204,960,822,822
1416,25580,7349,2,0.9440717697143555,0.9048665165901184,-0.03920525312423706,0,2,174,589,227,2,2,2
1417,25586,18320,2,0.8668515086174011,0.8908266425132751,0.023975133895874023,1,495,197,270,196,612,481,481
1418,25591,18273,3,0.9673224091529846,0.9034318923950195,-0.06389051675796509,0,1,88,726,130,1,1,1
1419,25604,8796,2,0.8370791077613831,0.9024973511695862,0.06541824340820312,1,771,591,560,602,784,767,767
1420,25605,17566,4,0.8391626477241516,0.8643020391464233,0.02513939142227173,1,242,1295,1072,1293,211,275,275
1421,25669,8999,3,0.8584116697311401,0.8798676133155823,0.02145594358444214,1,240,972,904,975,280,308,308
1422,25670,18069,2,0.9227922558784485,0.9003042578697205,-0.022487998008728027,0,175,141,422,169,167,131,131
1423,25695,14523,2,0.850979208946228,0.8332455158233643,-0.01773369312286377,0,3,315,745,379,4,7,7
1424,25703,4735,1,0.9220134615898132,0.9259607791900635,0.003947317600250244,1,36,293,461,324,33,34,34
1425,25710,3102,2,0.8979789614677429,0.8624747395515442,-0.03550422191619873,0,896,146,279,154,867,740,740
1426,25727,9308,2,0.82831871509552,0.8301727175712585,0.0018540024757385254,1,1334,93,165,85,1334,1326,1326
1427,25744,18088,2,0.8477914333343506,0.8290253281593323,-0.01876610517501831,0,1257,148,132,145,1239,1146,1146
1428,25758,17090,2,0.8804600834846497,0.881849467754364,0.0013893842697143555,1,64,1174,1213,1201,54,98,98
1429,25778,17961,3,0.8960558176040649,0.891311526298523,-0.004744291305541992,0,559,690,987,731,527,593,593
1430,25790,5883,2,0.7498014569282532,0.7919471859931946,0.042145729064941406,1,1026,114,54,73,949,669,669
1431,25813,17009,2,0.872852623462677,0.9051542282104492,0.03230160474777222,1,338,730,675,735,305,318,318
1432,25877,18280,3,0.7827370166778564,0.8621118068695068,0.07937479019165039,1,348,1249,330,1136,353,253,253
1433,25891,18315,3,0.9050532579421997,0.9208588004112244,0.015805542469024658,1,331,450,312,411,314,242,242
1434,25894,9355,2,0.7981193661689758,0.8848583102226257,0.0867389440536499,1,936,708,126,566,923,730,730
1435,25973,16129,2,0.9415763020515442,0.8693247437477112,-0.07225155830383301,0,110,254,1044,349,98,113,113
1436,25992,3209,2,0.930152416229248,0.925019383430481,-0.00513303279876709,0,2,371,946,439,2,3,3
1437,26010,12691,2,0.8826447129249573,0.8845886588096619,0.0019439458847045898,1,885,80,42,64,816,538,538
1438,26016,3212,2,0.8133084177970886,0.881388247013092,0.06807982921600342,1,705,1243,1030,1226,830,950,950
1439,26020,18130,2,0.8884816765785217,0.894008994102478,0.005527317523956299,1,557,191,297,184,471,370,370
1440,26021,18278,4,0.8810519576072693,0.8721062541007996,-0.008945703506469727,0,98,784,642,757,104,105,105
1441,26046,10985,3,0.879883885383606,0.864448606967926,-0.015435278415679932,0,1058,183,258,187,979,880,880
1442,26071,3234,2,0.8631049990653992,0.8535705208778381,-0.009534478187561035,0,128,156,231,152,199,123,123
1443,26126,9595,3,0.9815146327018738,0.8310284614562988,-0.15048617124557495,0,28,40,1313,87,26,30,30
1444,26153,10165,2,0.9028230905532837,0.9054356813430786,0.002612590789794922,1,143,570,1223,686,166,224,224
1445,26204,15215,1,0.7997201681137085,0.9277011156082153,0.12798094749450684,1,810,995,932,980,862,939,939
1446,26218,6921,2,0.9170120358467102,0.9054311513900757,-0.011580884456634521,0,640,395,769,432,450,444,444
1447,26223,9124,3,0.9200161099433899,0.9227081537246704,0.0026920437812805176,1,300,77,59,60,201,48,48
1448,26280,7774,2,0.7612897753715515,0.8430604934692383,0.08177071809768677,1,960,641,113,500,945,758,758
1449,26307,17325,2,0.9329776763916016,0.9180670380592346,-0.014910638332366943,0,172,659,989,717,148,158,158
1450,26309,12262,2,0.9120907783508301,0.9213968515396118,0.009306073188781738,1,399,230,419,232,300,244,244
1451,26324,18316,2,0.8514065742492676,0.8826229572296143,0.03121638298034668,1,770,378,217,344,744,613,613
1452,26383,18307,4,0.8394442200660706,0.8331670761108398,-0.006277143955230713,0,1016,280,167,254,979,809,809
1453,26405,17441,2,0.8315463662147522,0.8746786713600159,0.04313230514526367,1,299,1273,1313,1290,316,419,419
1454,26410,11168,3,0.9015480875968933,0.9024649858474731,0.000916898250579834,1,959,751,669,746,940,993,993
1455,26464,16729,4,0.9583679437637329,0.9018508195877075,-0.05651712417602539,0,182,291,574,314,170,140,140
1456,26622,15587,2,0.8672332167625427,0.9109543561935425,0.043721139430999756,1,6,896,851,905,6,7,7
1457,26625,3536,2,0.9155173301696777,0.8647233843803406,-0.05079394578933716,0,428,106,355,119,387,297,297
1458,26648,3413,2,0.7826126217842102,0.8751373291015625,0.0925247073173523,1,1090,880,346,807,1061,1013,1013
1459,26714,12040,2,0.8402761816978455,0.8951497673988342,0.05487358570098877,1,588,913,658,937,534,530,530
1460,26724,14679,2,0.9532232284545898,0.9227691292762756,-0.03045409917831421,0,299,362,786,401,262,244,244
1461,26748,17634,2,0.8269803524017334,0.8642371892929077,0.037256836891174316,1,546,1099,731,1066,619,650,650
1462,26769,6075,2,0.7414090633392334,0.8648446202278137,0.12343555688858032,1,778,1297,598,1273,920,962,962
1463,26770,16149,1,0.838240921497345,0.9087680578231812,0.07052713632583618,1,455,578,676,594,398,421,421
1464,26775,17802,2,0.8959723711013794,0.8468518853187561,-0.04912048578262329,0,794,69,408,95,757,720,720
1465,26778,17219,1,0.8578200340270996,0.9439945220947266,0.08617448806762695,1,787,1183,1022,1177,751,837,837
1466,26789,17900,2,0.8347019553184509,0.8614152669906616,0.026713311672210693,1,1154,326,166,279,1128,1026,1026
1467,26856,18045,2,0.7316513061523438,0.8361414074897766,0.10449010133743286,1,716,487,52,326,713,467,467
1468,26882,6936,2,0.9490087032318115,0.8701593279838562,-0.07884937524795532,0,46,44,170,52,38,28,28
1469,26912,11202,3,0.8832473158836365,0.8866236209869385,0.003376305103302002,1,6,946,1202,1003,6,10,10
1470,26920,18279,5,0.871778130531311,0.8521906733512878,-0.019587457180023193,0,153,277,266,276,135,119,119
1471,26922,18298,2,0.9516464471817017,0.8978157043457031,-0.053830742835998535,0,4,142,578,195,4,5,5
1472,26986,5207,3,0.9290169477462769,0.9023358821868896,-0.026681065559387207,0,434,347,437,361,403,375,375
1473,27080,15199,1,0.8803070187568665,0.8925272822380066,0.012220263481140137,1,167,623,1314,827,183,256,256
1474,27108,14355,1,0.9611958265304565,0.9205371737480164,-0.040658652782440186,0,1,189,1056,266,1,1,1
1475,27180,18313,1,0.8019005656242371,0.8512364625930786,0.04933589696884155,1,285,109,164,82,254,161,161
1476,27203,18010,2,0.830280601978302,0.8849698901176453,0.05468928813934326,1,547,523,285,451,450,345,345
1477,27225,9002,1,0.8588730096817017,0.9412662386894226,0.08239322900772095,1,688,630,1197,785,686,913,913
1478,27228,18214,2,0.8716111779212952,0.9031032919883728,0.03149211406707764,1,493,876,1038,932,445,529,529
1479,27260,18244,2,0.9057818055152893,0.9188433289527893,0.0130615234375,1,758,310,201,278,759,583,583
1480,27278,4517,3,0.7768549919128418,0.760610818862915,-0.016244173049926758,0,1024,5,10,5,1070,636,636
1481,27292,15859,2,0.9084219932556152,0.9114022254943848,0.0029802322387695312,1,203,419,462,401,209,174,174
1482,27340,3972,1,0.957968533039093,0.9159091711044312,-0.042059361934661865,0,49,40,793,58,46,44,44
1483,27348,4173,4,0.940970242023468,0.8993090987205505,-0.04166114330291748,0,313,307,530,316,305,268,268
1484,27438,7289,2,0.8807509541511536,0.9224234819412231,0.04167252779006958,1,392,457,461,456,503,469,469
1485,27554,11804,2,0.8581830263137817,0.8900611996650696,0.03187817335128784,1,961,230,158,186,916,780,780
1486,27606,7919,3,0.9742218852043152,0.876796543598175,-0.09742534160614014,0,20,23,1011,69,14,15,15
1487,27645,14076,3,0.9148333668708801,0.8800600171089172,-0.03477334976196289,0,41,101,192,110,33,28,28
1488,27664,10739,2,0.8930590152740479,0.8568193316459656,-0.036239683628082275,0,929,370,905,428,893,961,961
1489,27696,9738,2,0.9078044295310974,0.8704535961151123,-0.03735083341598511,0,418,279,791,337,377,386,386
1490,27777,14318,2,0.8387284278869629,0.9007387161254883,0.06201028823852539,1,1017,898,569,844,1021,1011,1011
1491,27794,15318,2,0.9228383302688599,0.9138383865356445,-0.008999943733215332,0,132,523,1066,599,113,134,134
1492,27945,14590,5,0.9728737473487854,0.8678789138793945,-0.10499483346939087,0,2,36,484,54,2,2,2
1493,27976,7753,3,0.9741091132164001,0.8379873037338257,-0.13612180948257446,0,41,12,1167,28,39,39,39
1494,27987,3887,2,0.8233339190483093,0.8826873302459717,0.059353411197662354,1,126,941,799,933,169,177,177
1495,27990,15436,3,0.8878353834152222,0.8555256724357605,-0.03230971097946167,0,612,299,1059,371,615,742,742
1496,28012,9956,3,0.9070436954498291,0.8889951705932617,-0.018048524856567383,0,482,228,712,272,469,482,482
1497,28023,6041,2,0.8307762742042542,0.8915097117424011,0.06073343753814697,1,1079,282,86,228,1034,866,866
1498,28092,13680,2,0.9178814888000488,0.9134666919708252,-0.004414796829223633,0,411,290,358,296,372,303,303
1499,28105,3952,3,0.9197958111763,0.8497983813285828,-0.06999742984771729,0,31,710,1314,838,36,64,64
1500,28148,18311,2,0.8806508183479309,0.9076640605926514,0.02701324224472046,1,314,1181,1021,1196,290,330,330
1501,28166,18334,3,0.9011396169662476,0.9051114916801453,0.003971874713897705,1,765,134,208,132,703,579,579
1502,28233,16055,4,0.8403119444847107,0.8546690940856934,0.014357149600982666,1,95,1251,1175,1254,107,169,169
1503,28253,17751,2,0.8966383337974548,0.8886409401893616,-0.007997393608093262,0,96,396,453,406,86,78,78
1504,28261,11102,3,0.8639408349990845,0.8620010018348694,-0.0019398331642150879,0,560,561,704,573,486,517,517
1505,28281,18326,7,0.8729289770126343,0.7090635895729065,-0.16386538743972778,0,1232,305,278,285,1197,1127,1127
1506,28317,9450,3,0.8405744433403015,0.8087795972824097,-0.031794846057891846,0,817,261,717,307,601,647,647
1507,28331,4052,2,0.8125657439231873,0.8601465225219727,0.0475807785987854,1,260,1007,1025,1033,254,287,287
1508,28421,18296,2,0.9342828392982483,0.9082550406455994,-0.026027798652648926,0,54,810,1248,900,49,67,67
1509,28447,17849,2,0.7691248059272766,0.8693556189537048,0.10023081302642822,1,1326,751,113,613,1338,1335,1335
1510,28450,17666,2,0.9575687050819397,0.8648553490638733,-0.0927133560180664,0,3,115,1293,206,3,3,3
1511,28517,15275,2,0.889726996421814,0.8637926578521729,-0.025934338569641113,0,160,440,928,494,183,190,190
1512,28520,4125,2,0.8597871661186218,0.858059287071228,-0.0017278790473937988,0,31,346,642,391,46,40,40
1513,28526,18236,2,0.8403141498565674,0.845756471157074,0.005442321300506592,1,1209,65,132,58,1247,1140,1140
1514,28537,12270,2,0.9246761798858643,0.9037904739379883,-0.020885705947875977,0,1,319,896,399,1,1,1
1515,28554,18331,2,0.8989852666854858,0.8955821990966797,-0.0034030675888061523,0,220,970,1338,1077,234,343,343
1516,28582,4120,2,0.8814511895179749,0.8497063517570496,-0.03174483776092529,0,244,547,1230,680,225,284,284
1517,28619,10644,3,0.7815058827400208,0.894763708114624,0.11325782537460327,1,1314,977,45,727,1325,1299,1299
1518,28643,17825,2,0.7064867615699768,0.8119834661483765,0.10549670457839966,1,1266,1322,307,1297,1200,1181,1181
1519,28712,17430,2,0.9083639979362488,0.8935724496841431,-0.014791548252105713,0,69,723,997,762,66,68,68
1520,28931,17813,2,0.9965400099754333,0.8543566465377808,-0.1421833634376526,0,1,8,863,12,1,1,1
1521,28992,16178,2,0.8606499433517456,0.924718976020813,0.06406903266906738,1,915,525,297,463,911,804,804
1522,28997,18279,3,0.8589199185371399,0.8716652393341064,0.012745320796966553,1,964,310,198,290,904,740,740
1523,29050,18243,1,0.8451288342475891,0.9101808071136475,0.06505197286605835,1,844,951,924,961,711,804,804
1524,29093,5033,2,0.8733072280883789,0.904106855392456,0.03079962730407715,1,89,574,522,571,95,92,92
1525,29140,13368,2,0.8492938280105591,0.8495656251907349,0.00027179718017578125,1,293,37,86,39,339,147,147
1526,29169,18030,2,0.946940541267395,0.9145938158035278,-0.03234672546386719,0,688,160,360,188,592,487,487
1527,29242,10920,2,0.9038538336753845,0.8860251903533936,-0.017828643321990967,0,25,81,106,76,25,17,17
1528,29275,18333,1,0.8136292695999146,0.9212315678596497,0.10760229825973511,1,291,1227,1047,1219,402,468,468
1529,29282,16043,2,0.7983353137969971,0.9108262062072754,0.11249089241027832,1,527,994,207,844,547,373,373
1530,29296,11969,3,0.7734398245811462,0.8811600804328918,0.1077202558517456,1,892,1329,692,1298,847,872,872
1531,29311,18313,10,0.9117445945739746,0.7843309044837952,-0.12741369009017944,0,503,75,128,72,444,314,314
1532,29350,18331,2,0.9376484155654907,0.8959892988204956,-0.04165911674499512,0,126,882,1337,1013,144,287,287
1533,29353,10884,3,0.8646771907806396,0.8638478517532349,-0.0008293390274047852,0,652,41,71,42,712,522,522
1534,29371,7926,2,0.8365582227706909,0.8966881036758423,0.06012988090515137,1,686,446,295,387,708,610,610
1535,29373,18290,2,0.8076711893081665,0.86980801820755,0.062136828899383545,1,1153,1040,648,991,1138,1145,1145
1536,29486,4441,2,0.886393129825592,0.876967191696167,-0.009425938129425049,0,1201,1007,1246,1057,1136,1260,1260
1537,29491,13557,1,0.8634609580039978,0.9309805035591125,0.06751954555511475,1,287,956,1119,1039,300,361,361
1538,29543,17805,3,0.8958055973052979,0.8636062145233154,-0.03219938278198242,0,914,32,106,34,890,676,676
1539,29584,7349,1,0.7489511966705322,0.8909050822257996,0.14195388555526733,1,1336,1285,1034,1273,1324,1335,1335
1540,29596,7674,2,0.869455099105835,0.8738222718238831,0.004367172718048096,1,349,888,925,889,330,363,363
1541,29720,13495,3,0.9283424019813538,0.8805398941040039,-0.047802507877349854,0,473,341,864,396,492,557,557
1542,29759,12523,3,0.7908287048339844,0.830933153629303,0.040104448795318604,1,1247,861,523,817,1301,1316,1316
1543,29781,17588,2,0.8308959603309631,0.8698582053184509,0.03896224498748779,1,1100,341,132,295,1132,1003,1003
1544,29783,18276,6,0.9339485168457031,0.8933435082435608,-0.040605008602142334,0,17,99,85,98,18,15,15
1545,29791,18307,3,0.8040866851806641,0.8092622756958008,0.005175590515136719,1,576,349,453,355,592,563,563
1546,29842,18334,3,0.8710793852806091,0.9052286148071289,0.034149229526519775,1,782,389,212,355,819,670,670
1547,29843,14145,2,0.8871952891349792,0.8888004422187805,0.0016051530838012695,1,36,124,631,158,45,37,37
1548,29847,16349,2,0.8984706401824951,0.904692530632019,0.006221890449523926,1,75,311,362,315,68,65,65
1549,29874,6337,2,0.9629451632499695,0.8782627582550049,-0.0846824049949646,0,48,22,1023,23,46,48,48
1550,29892,11596,3,0.8873103857040405,0.8813074827194214,-0.006002902984619141,0,802,534,625,545,797,796,796
1551,29895,15709,4,0.9203023314476013,0.8564847111701965,-0.06381762027740479,0,1075,96,179,103,1043,900,900
1552,29918,17003,1,0.8637340664863586,0.9227975010871887,0.05906343460083008,1,102,797,754,792,93,99,99
1553,29941,18265,3,0.9445585608482361,0.8854463696479797,-0.05911219120025635,0,5,150,427,169,5,5,5
1554,30073,18288,1,0.8829048871994019,0.9128919243812561,0.029987037181854248,1,292,283,1169,392,208,269,269
1555,30103,8135,2,0.8260961174964905,0.8630618453025818,0.03696572780609131,1,200,827,964,860,200,255,255
1556,30154,4868,2,0.9150981903076172,0.9123610258102417,-0.0027371644973754883,0,401,193,387,207,367,318,318
1557,30345,16068,2,0.9014065265655518,0.9053733944892883,0.003966867923736572,1,192,841,1310,983,199,283,283
1558,30444,17090,8,0.8918680548667908,0.7619937658309937,-0.12987428903579712,0,16,1072,951,1081,16,15,15
1559,30451,18309,3,0.8643594980239868,0.8656805157661438,0.0013210177421569824,1,51,222,406,227,57,55,55
1560,30454,18276,6,0.8801897764205933,0.8921453952789307,0.011955618858337402,1,50,294,85,237,73,43,43
1561,30455,18280,4,0.8260466456413269,0.8195299506187439,-0.006516695022583008,0,43,615,611,611,45,59,59
1562,30577,11570,2,0.8241590261459351,0.8660447001457214,0.04188567399978638,1,248,1228,1332,1263,220,364,364
1563,30704,5186,2,0.8927350640296936,0.837921142578125,-0.054813921451568604,0,41,266,1201,373,34,38,38
1564,30725,14604,2,0.8851943016052246,0.9046084880828857,0.019414186477661133,1,291,402,773,480,232,237,237
1565,30886,9383,2,0.9356776475906372,0.9040127992630005,-0.03166484832763672,0,423,849,1307,980,377,528,528
1566,30946,5305,3,0.9301775097846985,0.8661707639694214,-0.0640067458152771,0,18,5,165,9,17,13,13
1567,30957,18261,3,0.9047196507453918,0.8898904323577881,-0.01482921838760376,0,393,503,620,517,331,320,320
1568,30974,15606,2,0.9696905612945557,0.84134840965271,-0.1283421516418457,0,65,12,1247,25,64,74,74
1569,30976,18347,5,0.8501987457275391,0.833228588104248,-0.016970157623291016,0,1167,1079,1014,1102,1194,1256,1256
1570,31077,11144,2,0.946803629398346,0.9307958483695984,-0.01600778102874756,0,230,843,1068,878,222,262,262
1571,31079,18355,2,0.8989588618278503,0.910372793674469,0.011413931846618652,1,42,440,699,467,46,53,53
1572,31135,8813,2,0.8492571711540222,0.900275707244873,0.05101853609085083,1,641,403,144,307,614,403,403
1573,31287,18290,3,0.7824861407279968,0.8486444354057312,0.06615829467773438,1,1018,1189,901,1160,1051,1110,1110
1574,31303,6345,3,0.8784229755401611,0.850956380367279,-0.02746659517288208,0,794,264,354,268,771,711,711
1575,31313,17991,2,0.8861309885978699,0.9006714224815369,0.014540433883666992,1,336,315,340,320,290,248,248
1576,31364,18255,2,0.8315855860710144,0.8997993469238281,0.06821376085281372,1,141,689,156,569,176,95,95
1577,31386,10110,3,0.8587849140167236,0.9210822582244873,0.06229734420776367,1,685,770,302,697,720,604,604
1578,31431,17566,2,0.8425745368003845,0.887397050857544,0.044822514057159424,1,52,1150,1201,1172,49,84,84
1579,31445,18307,3,0.8602560758590698,0.8086217045783997,-0.051634371280670166,0,650,164,461,201,622,582,582
1580,31487,5686,2,0.8369627594947815,0.8948820233345032,0.05791926383972168,1,1312,684,255,582,1297,1288,1288
1581,31545,18307,5,0.8367871642112732,0.7940301895141602,-0.04275697469711304,0,1274,368,430,371,1276,1262,1262
1582,31669,18044,2,0.8958656787872314,0.8460820317268372,-0.04978364706039429,0,170,187,639,236,218,212,212
1583,31686,9968,2,0.8897867202758789,0.9087472558021545,0.018960535526275635,1,901,256,188,219,793,624,624
1584,31688,10251,2,0.7618337869644165,0.8780587315559387,0.11622494459152222,1,1001,1218,130,1124,1022,896,896
1585,31762,14841,1,0.895840048789978,0.8977243900299072,0.0018843412399291992,1,387,528,780,568,363,371,371
1586,31773,8308,3,0.8439480066299438,0.861287534236908,0.01733952760696411,1,1014,734,556,694,1022,1003,1003
1587,31774,5868,2,0.922103226184845,0.9261763691902161,0.004073143005371094,1,319,396,394,360,292,218,218
1588,31778,11023,2,0.8764194846153259,0.872085690498352,-0.004333794116973877,0,93,629,1328,800,82,138,138
1589,31803,18250,6,0.9183788895606995,0.8613390326499939,-0.057039856910705566,0,36,219,262,217,25,26,26
1590,31818,18307,3,0.824268639087677,0.8082274794578552,-0.016041159629821777,0,795,282,467,297,778,745,745
1591,31864,14601,2,0.7741753458976746,0.9119940400123596,0.13781869411468506,1,687,1283,706,1278,716,750,750
1592,31910,10152,2,0.9098491072654724,0.8956531882286072,-0.014195919036865234,0,306,262,721,295,304,279,279
1593,31936,13064,1,0.7589141726493835,0.9277175664901733,0.1688033938407898,1,1138,1155,1224,1177,1193,1253,1253
1594,32040,18289,3,0.9736591577529907,0.9295846819877625,-0.04407447576522827,0,47,231,526,242,44,30,30
1595,32082,11615,2,0.9409549236297607,0.904318630695343,-0.036636292934417725,0,95,178,445,201,64,58,58
1596,32154,18349,3,0.8849368095397949,0.8838564157485962,-0.0010803937911987305,0,1194,534,884,580,1192,1245,1245
1597,32518,18334,2,0.9173718690872192,0.907879114151001,-0.009492754936218262,0,250,59,190,70,199,139,139
1598,32556,13328,2,0.9240384101867676,0.85904461145401,-0.06499379873275757,0,4,95,602,132,4,4,4
1599,32631,17566,3,0.8357420563697815,0.8580312728881836,0.0222892165184021,1,153,1231,1290,1259,163,254,254
1600,32635,13448,1,0.8380276560783386,0.9080478549003601,0.07002019882202148,1,304,829,973,888,390,462,462
1601,32673,18261,2,0.8626309633255005,0.8981313705444336,0.035500407218933105,1,167,449,564,471,103,120,120
1602,32681,18272,3,0.8382865190505981,0.8886855244636536,0.05039900541305542,1,867,850,505,814,829,814,814
1603,32704,15563,2,0.9488588571548462,0.904345691204071,-0.044513165950775146,0,148,419,1156,521,148,186,186
1604,32746,17266,1,0.9388390183448792,0.9273041486740112,-0.01153486967086792,0,2,569,1133,673,2,3,3
1605,32750,18281,2,0.8966630101203918,0.8903264999389648,-0.006336510181427002,0,547,189,203,183,466,358,358
1606,32818,18307,4,0.8545917868614197,0.8340654373168945,-0.020526349544525146,0,416,78,160,78,398,284,284
1607,32856,18231,3,0.8819179534912109,0.8781686425209045,-0.0037493109703063965,0,701,433,593,440,626,634,634
1608,32858,17437,1,0.6460968852043152,0.8320572972297668,0.18596041202545166,1,1221,1322,509,1308,1271,1262,1262
1609,32884,13348,2,0.8329612612724304,0.8928157091140747,0.05985444784164429,1,1015,866,1022,910,897,1019,1019
1610,32912,15063,2,0.7963334321975708,0.8913320899009705,0.09499865770339966,1,1144,1140,557,1100,1164,1190,1190
1611,32938,16049,2,0.893202006816864,0.8658231496810913,-0.027378857135772705,0,570,290,1107,376,536,643,643
1612,32954,10861,1,0.9077725410461426,0.9288133978843689,0.02104085683822632,1,198,208,402,203,224,168,168
1613,32996,18334,3,0.8614054322242737,0.904995858669281,0.043590426445007324,1,832,545,213,481,786,623,623
1614,33081,17441,1,0.9781087040901184,0.8969396352767944,-0.08116906881332397,0,1,78,1293,150,1,4,4
1615,33116,18315,2,0.8985016345977783,0.916330873966217,0.01782923936843872,1,451,264,375,273,366,311,311
1616,33155,9944,3,0.8163337111473083,0.8892078399658203,0.07287412881851196,1,244,1064,635,1030,248,251,251
1617,33156,18274,5,0.8448522090911865,0.7956388592720032,-0.04921334981918335,0,176,885,1173,928,207,296,296
1618,33159,18307,2,0.8264492154121399,0.8271048665046692,0.0006556510925292969,1,856,195,298,201,867,761,761
1619,33166,18307,2,0.9214745759963989,0.8273773193359375,-0.09409725666046143,0,48,19,298,26,57,40,40
1620,33184,11226,2,0.9151194095611572,0.8739354610443115,-0.0411839485168457,0,5,5,37,6,6,5,5
1621,33275,7091,2,0.8629854321479797,0.9083150029182434,0.04532957077026367,1,722,766,305,668,719,602,602
1622,33432,17188,2,0.8579280972480774,0.8594768643379211,0.00154876708984375,1,1105,68,223,70,1005,899,899
1623,33482,18177,3,0.8951172232627869,0.8577584624290466,-0.037358760833740234,0,713,52,192,68,642,515,515
1624,33502,12335,2,0.7351630330085754,0.9163383841514587,0.1811753511428833,1,1283,1302,394,1244,1278,1293,1293
1625,33611,18307,5,0.8335558772087097,0.7930178642272949,-0.040538012981414795,0,520,308,430,323,582,538,538
1626,33614,18334,3,0.8756424784660339,0.9041818380355835,0.02853935956954956,1,862,408,213,358,840,707,707
1627,33655,16935,1,0.7794107794761658,0.8495214581489563,0.07011067867279053,1,832,451,76,332,936,752,752
1628,33659,18309,3,0.9034550189971924,0.8657522797584534,-0.037702739238739014,0,1052,228,404,246,957,903,903
1629,33690,18307,2,0.8235516548156738,0.827030599117279,0.0034789443016052246,1,1200,382,297,351,1214,1185,1185
1630,33786,18287,3,0.8398622870445251,0.8018275499343872,-0.03803473711013794,0,134,961,1337,1075,132,228,228
1631,33851,17477,2,0.8273000717163086,0.876052975654602,0.04875290393829346,1,1223,678,155,555,1153,1062,1062
1632,33913,13873,3,0.8539836406707764,0.8798990249633789,0.02591538429260254,1,238,1228,1115,1229,253,321,321
1633,34025,18290,2,0.8562290668487549,0.8690600395202637,0.012830972671508789,1,581,663,664,667,502,525,525
1634,34085,14757,1,0.7888451814651489,0.7691013813018799,-0.019743800163269043,0,929,6,7,6,921,646,646
1635,34141,18187,2,0.9164499640464783,0.8828339576721191,-0.03361600637435913,0,574,46,347,51,432,329,329
1636,34248,17464,2,0.8209948539733887,0.8318800926208496,0.010885238647460938,1,375,858,1198,920,354,419,419
1637,34252,18334,2,0.9157056212425232,0.9061996340751648,-0.009505987167358398,0,90,177,196,170,87,71,71
1638,34273,18278,4,0.8662071228027344,0.87259840965271,0.006391286849975586,1,1112,821,641,796,982,999,999
1639,34295,17303,1,0.9423370361328125,0.9268757700920105,-0.015461266040802002,0,92,212,657,261,72,55,55
1640,34360,16157,2,0.9349573254585266,0.8948924541473389,-0.040064871311187744,0,288,27,407,23,223,144,144
1641,34404,18290,3,0.7859874963760376,0.8488158583641052,0.06282836198806763,1,1148,1240,897,1227,1128,1178,1178
1642,34423,17090,5,0.8708440065383911,0.8455432653427124,-0.02530074119567871,0,12,1175,1107,1171,13,13,13
1643,34424,18261,3,0.8789886832237244,0.8881968855857849,0.009208202362060547,1,54,517,656,536,50,49,49
1644,34432,14400,2,0.7823559045791626,0.827698290348053,0.04534238576889038,1,1091,939,528,879,1108,1093,1093
1645,34482,18252,2,0.9352579116821289,0.9002915024757385,-0.03496640920639038,0,37,206,726,247,33,33,33
1646,34491,18315,3,0.9438239932060242,0.9199467897415161,-0.023877203464508057,0,1,288,322,287,1,1,1
1647,34604,18315,3,0.9261949062347412,0.9217508435249329,-0.00444406270980835,0,632,328,305,313,552,449,449
1648,34626,18326,5,0.8269950151443481,0.7874631285667419,-0.0395318865776062,0,1013,562,816,601,1075,1122,1122
1649,34804,12274,1,0.8649684190750122,0.8413096070289612,-0.023658812046051025,0,1048,72,256,82,897,783,783
1650,34836,17261,2,0.9282591938972473,0.8952663540840149,-0.03299283981323242,0,19,324,783,396,17,21,21
1651,34837,18190,3,0.941003143787384,0.9241828322410583,-0.016820311546325684,0,46,578,840,614,46,40,40
1652,34949,16948,2,0.9195575714111328,0.9156256914138794,-0.003931879997253418,0,111,429,1049,514,123,154,154
1653,34968,10130,2,0.8916141986846924,0.8987040519714355,0.007089853286743164,1,501,119,85,110,420,269,269
1654,34979,10153,2,0.8260044455528259,0.8939224481582642,0.06791800260543823,1,454,1301,1280,1304,413,573,573
1655,34989,18352,1,0.8472151756286621,0.9042365550994873,0.057021379470825195,1,44,260,797,333,46,53,53
1656,35016,18195,2,0.9225184917449951,0.8983973860740662,-0.024121105670928955,0,20,333,913,394,20,21,21
1657,35022,18307,2,0.8347864151000977,0.8274648785591125,-0.007321536540985107,0,1319,71,296,81,1310,1294,1294
1658,35031,18307,3,0.764680802822113,0.8092010021209717,0.04452019929885864,1,793,695,457,647,817,763,763
1659,35033,18258,3,0.8857285976409912,0.8773205876350403,-0.008408010005950928,0,629,328,362,328,577,515,515
1660,35044,18352,1,0.7719100713729858,0.9048274755477905,0.1329174041748047,1,1016,981,789,958,1001,1036,1036
1661,35058,18298,2,0.9038959741592407,0.8990237712860107,-0.0048722028732299805,0,34,412,562,432,24,26,26
1662,35059,18309,2,0.6971821188926697,0.8812792301177979,0.18409711122512817,1,1233,1181,295,1097,1167,1126,1126
1663,35068,18356,3,0.7642324566841125,0.8284982442855835,0.06426578760147095,1,492,350,776,378,492,532,532
1664,35087,18346,4,0.8762609362602234,0.8524792194366455,-0.02378171682357788,0,274,1085,1222,1121,226,299,299
1665,35089,16492,2,0.9215198755264282,0.8937294483184814,-0.027790427207946777,0,334,98,373,123,255,213,213
1666,35094,12924,2,0.8525205254554749,0.8950027823448181,0.04248225688934326,1,335,1104,1132,1124,389,483,483
1667,35098,18209,2,0.8598058819770813,0.8602843284606934,0.00047844648361206055,1,139,379,511,392,126,124,124
1668,35103,18334,2,0.8242261409759521,0.9059853553771973,0.08175921440124512,1,580,339,203,294,498,352,352
1669,35104,18334,2,0.9208124279975891,0.9060283303260803,-0.014784097671508789,0,103,114,197,124,104,68,68
1670,35110,18307,3,0.8244695663452148,0.8086814880371094,-0.01578807830810547,0,478,49,459,53,509,486,486
1671,35122,18309,2,0.8375028371810913,0.8785735964775085,0.041070759296417236,1,1186,762,309,659,1183,1144,1144
1672,35133,15755,2,0.9388027787208557,0.8986859321594238,-0.040116846561431885,0,268,114,646,121,251,207,207
1673,35214,18341,3,0.9161556959152222,0.8918431997299194,-0.024312496185302734,0,58,327,553,342,53,51,51
1674,35218,18334,3,0.8594643473625183,0.9043058753013611,0.04484152793884277,1,518,288,212,263,524,408,408
1675,35227,11501,2,0.8299827575683594,0.8725752234458923,0.04259246587753296,1,752,1206,1297,1244,743,969,969
1676,35252,17943,2,0.8145312070846558,0.8732030987739563,0.05867189168930054,1,1308,437,236,359,1313,1319,1319
1677,35256,17588,2,0.8446014523506165,0.8691455721855164,0.024544119834899902,1,1206,193,138,158,1171,1026,1026
1678,35262,18276,2,0.8662713766098022,0.8948456645011902,0.02857428789138794,1,516,288,225,257,561,431,431
1679,35280,18327,2,0.8777281641960144,0.8724342584609985,-0.005293905735015869,0,89,550,1178,653,86,119,119
1680,35296,17588,3,0.9231687188148499,0.8631444573402405,-0.060024261474609375,0,688,55,182,66,729,569,569
1681,35391,18307,2,0.7968472838401794,0.8277373909950256,0.03089010715484619,1,955,449,294,387,946,844,844
1682,35419,18287,2,0.8273137807846069,0.844102144241333,0.016788363456726074,1,29,1080,1256,1122,32,47,47
1683,35446,18290,2,0.8529066443443298,0.8676464557647705,0.014739811420440674,1,52,130,689,149,55,54,54
1684,35458,18356,2,0.7869302034378052,0.8572202324867249,0.07029002904891968,1,439,306,439,308,410,377,377
1685,35470,18352,1,0.8472151756286621,0.9042365550994873,0.057021379470825195,1,44,260,797,333,46,53,53
1686,35515,17090,2,0.7674144506454468,0.8816182017326355,0.11420375108718872,1,707,1328,1227,1326,594,742,742
1687,35526,18146,6,0.8912292122840881,0.7791277766227722,-0.11210143566131592,0,39,585,1100,667,33,43,43
1688,35529,18134,3,0.8304217457771301,0.8724944591522217,0.04207271337509155,1,1224,1213,1187,1216,1210,1271,1271
1689,35572,18356,2,0.8166234493255615,0.8580107092857361,0.04138725996017456,1,253,510,428,495,240,236,236
1690,35575,18280,4,0.7964395880699158,0.8183227181434631,0.021883130073547363,1,216,873,618,838,220,202,202
1691,35579,18237,1,0.8125442862510681,0.8957445621490479,0.08320027589797974,1,882,714,471,662,807,757,757
1692,35588,18248,2,0.9151162505149841,0.8637447357177734,-0.05137151479721069,0,8,223,989,305,6,5,5
