row_id,user,target,rank,history_length,predicted_stay,target_stay_similarity,target_score
0,0,5458,6,1,0.4811672270298004,0.3735187351703644,2.82224440574646
1,5,18349,470,10,0.47150173783302307,0.5775706768035889,0.29532933235168457
2,8,798,1148,4,0.5063729286193848,0.5141133069992065,-0.9249409437179565
3,21,16785,1126,1,0.47788119316101074,0.416515052318573,-0.8298635482788086
4,28,18103,792,5,0.49851205945014954,0.6674185991287231,-0.28305768966674805
5,31,800,11,3,0.5127914547920227,0.596648633480072,3.1588499546051025
6,54,16989,293,6,0.4879194498062134,0.5688857436180115,0.6410114765167236
7,55,10102,1226,4,0.4978023171424866,0.4199382960796356,-1.1133148670196533
8,56,14613,1124,2,0.4963350296020508,0.3303937613964081,-0.8911252021789551
9,80,7551,194,3,0.5042943954467773,0.5998218059539795,0.8841133117675781
10,99,1431,459,5,0.5015273094177246,0.45974230766296387,0.2591524124145508
11,122,18060,19,5,0.4989982545375824,0.49516889452934265,2.215912103652954
12,150,5838,234,2,0.5043972730636597,0.5927395224571228,0.9205177426338196
13,164,8,596,3,0.5016734004020691,0.526318371295929,0.06850986182689667
14,165,8,831,5,0.49542632699012756,0.5197471380233765,-0.35407817363739014
15,167,8,543,5,0.49717530608177185,0.5684799551963806,0.14154203236103058
16,168,18315,53,2,0.4999614953994751,0.5788195729255676,2.0529842376708984
17,169,18131,245,10,0.4729279577732086,0.48919618129730225,0.8015615940093994
18,171,18315,754,10,0.471463143825531,0.5215719938278198,-0.184922993183136
19,172,8,694,7,0.5019772052764893,0.5297477841377258,-0.10695144534111023
20,173,18347,577,10,0.4725957214832306,0.46645230054855347,0.13720756769180298
21,174,8,541,6,0.48456528782844543,0.5178841352462769,0.18946999311447144
22,175,18277,200,2,0.5007583498954773,0.6537632346153259,1.0934922695159912
23,176,18277,155,10,0.47203928232192993,0.6852094531059265,0.8405019044876099
24,177,8,1107,6,0.48848283290863037,0.6115744113922119,-0.8168959021568298
25,178,8,830,10,0.47255489230155945,0.5850168466567993,-0.27673661708831787
26,184,14630,230,10,0.47178611159324646,0.5475202798843384,0.7977299690246582
27,188,16043,1321,3,0.5046367645263672,0.42149871587753296,-1.684027075767517
28,195,6753,65,10,0.4714570641517639,0.2719219923019409,1.4353535175323486
29,196,17024,705,3,0.5013763904571533,0.5427558422088623,-0.1697625070810318
30,213,11,1276,3,0.5108794569969177,0.5735375881195068,-1.4932783842086792
31,217,12,749,2,0.49669769406318665,0.5526941418647766,-0.2134629338979721
32,226,17943,627,3,0.5102637410163879,0.6561509966850281,-0.04325442016124725
33,229,7621,1004,5,0.49961692094802856,0.5374671816825867,-0.6721825003623962
34,269,15737,108,4,0.4930915832519531,0.4312826097011566,0.9705126285552979
35,277,18179,276,2,0.5028833150863647,0.7482966184616089,0.7517632246017456
36,289,1736,232,3,0.5065592527389526,0.5765530467033386,0.8885961174964905
37,303,14464,602,6,0.484050452709198,0.5289183259010315,0.12319278717041016
38,315,7129,1190,4,0.5030474662780762,0.45053285360336304,-1.029809594154358
39,321,10682,1107,2,0.4991427958011627,0.5693626403808594,-0.8547095656394958
40,347,14009,1097,3,0.505689263343811,0.33320412039756775,-0.8670617341995239
41,383,12643,141,1,0.47963687777519226,0.5592637658119202,1.3502657413482666
42,406,15569,975,3,0.5061978101730347,0.5303515195846558,-0.6317099928855896
43,408,13719,212,10,0.4719187021255493,0.5211537480354309,0.8384940028190613
44,414,17566,160,2,0.4972691237926483,0.5708227157592773,1.2509571313858032
45,416,18194,361,2,0.5008683800697327,0.5854561924934387,0.5074602365493774
46,421,17961,904,10,0.4729601740837097,0.5357950925827026,-0.4441562592983246
47,450,8854,167,4,0.506479799747467,0.5738003253936768,1.045716643333435
48,475,17335,234,3,0.502244770526886,0.30073317885398865,0.7999564409255981
49,476,18030,123,7,0.5031326413154602,0.5061952471733093,1.2366130352020264
50,480,10293,820,2,0.4933811128139496,0.5088145136833191,-0.30940109491348267
51,484,13676,174,9,0.47690001130104065,0.30798158049583435,0.94902503490448
52,493,6200,37,2,0.4991118013858795,0.36787140369415283,1.7262085676193237
53,508,4080,791,6,0.4834029972553253,0.47148260474205017,-0.2374545782804489
54,542,1429,940,2,0.5023040771484375,0.5349339842796326,-0.5039160251617432
55,555,4208,1184,6,0.4876640737056732,0.5193263292312622,-0.9866964817047119
56,571,18320,589,10,0.47244390845298767,0.50416499376297,0.05929510295391083
57,573,18227,740,3,0.5084293484687805,0.4933774173259735,-0.23957625031471252
58,586,18320,144,7,0.5058484673500061,0.48906856775283813,1.1407841444015503
59,611,7159,1004,8,0.49918943643569946,0.5109306573867798,-0.6536757349967957
60,617,18261,405,3,0.5037117004394531,0.5688604116439819,0.36015331745147705
61,621,18274,409,10,0.47054991126060486,0.4044138193130493,0.38249632716178894
62,625,2943,1127,2,0.49586349725723267,0.5278539657592773,-0.9767240881919861
63,642,18250,406,5,0.49702489376068115,0.6295201182365417,0.40207406878471375
64,658,18274,670,6,0.4881551265716553,0.3841013014316559,0.05152624845504761
65,660,18307,272,3,0.5077255368232727,0.5211299657821655,0.7126196026802063
66,670,2424,1091,2,0.5049309134483337,0.7935805320739746,-0.92293381690979
67,698,4462,691,2,0.4948411285877228,0.30566519498825073,-0.07796752452850342
68,700,17980,413,2,0.49486178159713745,0.4969826936721802,0.42399922013282776
69,701,8366,465,4,0.5049614906311035,0.44536125659942627,0.23764245212078094
70,704,15305,386,3,0.5084591507911682,0.44397249817848206,0.4821772277355194
71,719,16458,779,7,0.5014761686325073,0.5327978134155273,-0.1859988272190094
72,724,18307,544,3,0.5005871057510376,0.46031785011291504,0.159530907869339
73,730,13476,928,2,0.49854522943496704,0.5326098203659058,-0.49051395058631897
74,736,11979,111,4,0.5031919479370117,0.5118871331214905,1.3225665092468262
75,737,18306,858,10,0.47173935174942017,0.4625050723552704,-0.3026658296585083
76,738,12035,641,2,0.49781641364097595,0.3302583694458008,-0.008117526769638062
77,754,607,1151,4,0.5094678997993469,0.5218241214752197,-0.8817225694656372
78,755,845,701,2,0.4994080662727356,0.4990280866622925,-0.18348310887813568
79,757,2045,2,3,0.49246180057525635,0.292813777923584,3.786649703979492
80,767,12901,996,5,0.4988204836845398,0.5084776878356934,-0.5923519730567932
81,816,17881,553,6,0.4873768091201782,0.4916493594646454,0.11687565594911575
82,836,13323,163,2,0.4996944069862366,0.26928776502609253,1.2379435300827026
83,852,1869,2,10,0.47194036841392517,0.5843442678451538,5.487865447998047
84,855,7522,642,6,0.487473726272583,0.5359125137329102,0.04143691062927246
85,869,18285,793,4,0.4999949336051941,0.4796662926673889,-0.24727942049503326
86,873,514,114,6,0.4882272779941559,0.6172146797180176,1.220177173614502
87,874,7572,1044,2,0.5065284967422485,0.414607435464859,-0.8544291853904724
88,916,1451,1136,2,0.5014558434486389,0.5886520743370056,-0.9970598220825195
89,945,17943,278,5,0.501091718673706,0.7016353607177734,0.775802493095398
90,954,47,21,2,0.5038981437683105,0.6922177076339722,2.6534616947174072
91,958,5969,89,2,0.5008546710014343,0.5414156317710876,1.6964513063430786
92,1001,13086,475,1,0.4769224524497986,0.6217980980873108,0.191487118601799
93,1008,50,104,2,0.49327489733695984,0.4717879593372345,1.390447735786438
94,1021,51,1258,3,0.5070168972015381,0.48640093207359314,-1.408864974975586
95,1029,18356,1314,9,0.48155179619789124,0.5724335312843323,-1.8849635124206543
96,1040,16920,1012,2,0.501865029335022,0.5868432521820068,-0.6613839268684387
97,1088,58,19,2,0.49838849902153015,0.496028870344162,2.340097665786743
98,1107,11876,1171,3,0.5047761797904968,0.5103353261947632,-1.0508933067321777
99,1111,18290,1327,4,0.5065197944641113,0.39055100083351135,-1.7343946695327759
100,1112,18330,816,2,0.49438244104385376,0.38851314783096313,-0.324618399143219
101,1140,1270,568,2,0.49262920022010803,0.4687384068965912,0.051864802837371826
102,1147,9419,1242,2,0.502139151096344,0.5194120407104492,-1.2872979640960693
103,1150,18287,487,10,0.4719008803367615,0.40745654702186584,0.2593136727809906
104,1152,18091,630,2,0.5009338855743408,0.5850142240524292,-0.07212816923856735
105,1154,9402,1279,4,0.5004676580429077,0.5163286328315735,-1.3596408367156982
106,1158,17943,405,3,0.49690505862236023,0.48885399103164673,0.30646494030952454
107,1159,18347,972,4,0.5092653632164001,0.507519543170929,-0.5949124693870544
108,1178,1784,1321,2,0.49728700518608093,0.34862807393074036,-1.7556569576263428
109,1188,17714,257,2,0.49871382117271423,0.5458860993385315,0.8018689155578613
110,1194,17090,1255,2,0.4987228512763977,0.5106566548347473,-1.2554857730865479
111,1197,18309,761,8,0.49939799308776855,0.6365123987197876,-0.16146314144134521
112,1207,16414,1105,3,0.4977913200855255,0.3916902244091034,-0.7963970899581909
113,1211,64,235,4,0.5025531649589539,0.5463773012161255,0.8376560807228088
114,1238,17086,389,3,0.5108214616775513,0.5863975882530212,0.4929361045360565
115,1242,11385,1335,3,0.4997757375240326,0.35478708148002625,-2.0015926361083984
116,1255,5718,229,2,0.5005826950073242,0.5751977562904358,0.8535993695259094
117,1273,7199,351,2,0.5017343163490295,0.6001719236373901,0.5827499628067017
118,1293,18261,559,4,0.49717068672180176,0.5052290558815002,0.1217627227306366
119,1298,18272,494,3,0.5065812468528748,0.47327324748039246,0.2562892436981201
120,1300,17494,416,4,0.5054937601089478,0.4812033176422119,0.3908054232597351
121,1304,18280,875,3,0.5012003183364868,0.5081331729888916,-0.40648069977760315
122,1308,7145,330,2,0.49712732434272766,0.5286599397659302,0.5670191645622253
123,1315,18347,1158,4,0.5024191737174988,0.4202575385570526,-0.9236119985580444
124,1331,18290,1114,3,0.5030113458633423,0.3648408055305481,-0.8071849346160889
125,1357,18307,229,5,0.4950594902038574,0.47737282514572144,0.8346700668334961
126,1361,18207,1246,2,0.5032612681388855,0.763214647769928,-1.480503797531128
127,1366,10154,1122,5,0.49764856696128845,0.5043824911117554,-0.8069760203361511
128,1378,2470,139,4,0.5071659684181213,0.5160222053527832,1.1891164779663086
129,1389,7643,800,4,0.5073906779289246,0.5282979011535645,-0.3215672969818115
130,1394,17077,678,3,0.5099382400512695,0.5346592664718628,-0.12473596632480621
131,1404,18346,632,2,0.4931764602661133,0.5030195116996765,-0.03301350772380829
132,1407,18271,1021,5,0.4965093433856964,0.6470569968223572,-0.6047977805137634
133,1414,18304,519,3,0.5018850564956665,0.49637162685394287,0.25632065534591675
134,1421,17409,811,3,0.5103259682655334,0.6393972635269165,-0.33177608251571655
135,1430,10084,719,2,0.4951556324958801,0.45794644951820374,-0.17104315757751465
136,1440,18346,395,1,0.48067283630371094,0.5452588796615601,0.3817596435546875
137,1463,1710,1171,9,0.47939807176589966,0.505979061126709,-0.9610912799835205
138,1482,11166,894,5,0.4967542886734009,0.5669041275978088,-0.4304428696632385
139,1502,17137,1064,3,0.508949339389801,0.4204346835613251,-0.7366905212402344
140,1513,254,751,4,0.5069282650947571,0.5838624238967896,-0.17270338535308838
141,1514,16042,1170,2,0.4979620575904846,0.4325462281703949,-0.9413744211196899
142,1527,4755,946,2,0.49932944774627686,0.41985493898391724,-0.5325115919113159
143,1530,18287,178,6,0.4866797626018524,0.3821443021297455,1.1225509643554688
144,1542,6290,263,3,0.5067813992500305,0.49283915758132935,0.8244328498840332
145,1543,6900,972,4,0.5058053731918335,0.4394642114639282,-0.6078987121582031
146,1555,6355,264,7,0.4972195029258728,0.3881461024284363,0.6928130984306335
147,1573,17566,534,4,0.5027795433998108,0.5866159200668335,0.2550709843635559
148,1579,18030,774,4,0.5073506832122803,0.5645606517791748,-0.2925659120082855
149,1619,4638,291,3,0.5112862586975098,0.5281437635421753,0.7289896011352539
150,1625,16793,807,10,0.4717583954334259,0.42743438482284546,-0.14030572772026062
151,1646,2727,42,2,0.4984198808670044,0.47760850191116333,1.8673838376998901
152,1657,8794,224,4,0.5020737648010254,0.5307968258857727,0.8337730169296265
153,1658,17962,565,3,0.5036325454711914,0.6132248640060425,0.12075531482696533
154,1673,15257,210,10,0.46811142563819885,0.38335859775543213,0.8360685706138611
155,1697,18237,1261,10,0.47305768728256226,0.515632688999176,-1.3377609252929688
156,1706,3086,1175,5,0.4968462586402893,0.3834882080554962,-0.8893921375274658
157,1709,3743,212,2,0.49778255820274353,0.5117767453193665,0.955362856388092
158,1776,101,79,3,0.5046833753585815,0.4829352796077728,1.5179111957550049
159,1790,18272,995,10,0.470662385225296,0.46461471915245056,-0.48952335119247437
160,1791,101,286,5,0.49721217155456543,0.48721909523010254,0.6794190406799316
161,1811,12401,11,1,0.48034605383872986,0.45973634719848633,2.7820818424224854
162,1825,6669,1191,6,0.4851444363594055,0.37391728162765503,-0.9477837085723877
163,1836,9935,1096,2,0.504285454750061,0.6017976403236389,-0.8545512557029724
164,1858,12327,1307,2,0.4994677007198334,0.41356024146080017,-1.4609636068344116
165,1864,108,904,2,0.503214418888092,0.6782128810882568,-0.4707070589065552
166,1882,12872,184,7,0.49584653973579407,0.43031182885169983,0.9115474820137024
167,1885,6041,1119,3,0.5027331113815308,0.5851477384567261,-0.8450814485549927
168,1887,11230,697,3,0.5009135007858276,0.47159600257873535,0.0005301657947711647
169,1898,18288,25,6,0.48638081550598145,0.3727160096168518,2.0082666873931885
170,1900,604,307,4,0.5054652690887451,0.4824317395687103,0.6485480666160583
171,1939,11149,1294,3,0.5010268688201904,0.4559434652328491,-1.5193287134170532
172,1947,17844,492,1,0.4746086895465851,0.27220645546913147,0.3057364523410797
173,1960,9931,1132,3,0.503964364528656,0.44572344422340393,-0.8986477255821228
174,1965,115,8,3,0.5029377341270447,0.32243067026138306,2.5510189533233643
175,1978,5515,236,5,0.4918389320373535,0.37358003854751587,0.7564224004745483
176,2003,11676,144,10,0.4721195101737976,0.5959057211875916,1.1057687997817993
177,2021,121,799,3,0.5079330205917358,0.37885719537734985,-0.25911086797714233
178,2026,4236,932,3,0.5065647959709167,0.3232121467590332,-0.5022721886634827
179,2040,18237,201,6,0.488092303276062,0.5372527241706848,0.9289603233337402
180,2046,2321,568,3,0.5089529752731323,0.5959895253181458,0.09751949459314346
181,2047,10985,448,4,0.506029486656189,0.5419080853462219,0.27805018424987793
182,2089,15543,661,2,0.4981139898300171,0.5557583570480347,-0.01703806221485138
183,2090,7838,476,4,0.5058854818344116,0.5356164574623108,0.2315596342086792
184,2112,7115,608,6,0.48792001605033875,0.6367842555046082,0.11430372297763824
185,2136,4673,2,2,0.4935668706893921,0.3329832851886749,4.469267845153809
186,2156,14449,167,2,0.5002145171165466,0.624441921710968,1.1398046016693115
187,2158,13983,288,3,0.5079712271690369,0.6358067393302917,0.6356762647628784
188,2169,186,264,4,0.5000819563865662,0.39892497658729553,0.7867577075958252
189,2202,804,690,3,0.5066536068916321,0.40833351016044617,-0.08503499627113342
190,2203,11599,1128,2,0.49731069803237915,0.42633625864982605,-0.9579876661300659
191,2226,18035,1093,4,0.4995421767234802,0.5664029121398926,-0.7665960788726807
192,2245,18298,447,4,0.5000882148742676,0.46560904383659363,0.28613877296447754
193,2249,18131,1016,1,0.48107507824897766,0.4320404529571533,-0.6963928937911987
194,2269,139,269,5,0.5004293322563171,0.5756630897521973,0.7496669888496399
195,2285,9624,1340,1,0.4776962399482727,0.277357816696167,-1.9531067609786987
196,2298,10507,898,5,0.4999898672103882,0.707706093788147,-0.46340832114219666
197,2302,2884,669,4,0.509859025478363,0.7248244881629944,0.014777779579162598
198,2307,18292,322,2,0.495430052280426,0.4584832787513733,0.5752364993095398
199,2334,1787,5,9,0.4772169888019562,0.4664859175682068,3.3337953090667725
200,2346,147,1,2,0.5030337572097778,0.7326634526252747,8.243886947631836
201,2347,147,894,9,0.47813254594802856,0.6183254718780518,-0.3622397482395172
202,2355,13716,317,2,0.5043449997901917,0.5262575149536133,0.5747570991516113
203,2372,379,472,3,0.5081232190132141,0.594477117061615,0.30815500020980835
204,2376,5714,932,5,0.4965879023075104,0.5641142725944519,-0.5395241379737854
205,2391,10506,234,4,0.5071202516555786,0.5544160604476929,0.9004710912704468
206,2403,16646,342,2,0.49659594893455505,0.4158399701118469,0.520387589931488
207,2404,18272,1231,5,0.49867361783981323,0.465854674577713,-1.2278424501419067
208,2412,3114,408,6,0.48700496554374695,0.5995323061943054,0.3765992522239685
209,2422,6013,540,2,0.5035417079925537,0.5374415516853333,0.16948270797729492
210,2428,17715,1046,3,0.5116117000579834,0.6608431935310364,-0.7728694677352905
211,2444,8791,583,3,0.5071170926094055,0.4757804870605469,0.1111750677227974
212,2456,16478,132,9,0.47607797384262085,0.45880821347236633,0.8830568790435791
213,2465,11627,78,10,0.4726073741912842,0.3830764889717102,1.4741730690002441
214,2470,18088,117,5,0.4983883798122406,0.4438639283180237,1.1438865661621094
215,2497,7588,839,3,0.5064789652824402,0.5369071960449219,-0.4381019175052643
216,2505,16178,779,7,0.5091743469238281,0.5189534425735474,-0.2695717513561249
217,2508,1412,624,1,0.47865718603134155,0.3731645941734314,0.03274848312139511
218,2511,7518,304,2,0.4948276877403259,0.5466689467430115,0.6830346584320068
219,2546,12944,1307,6,0.49115487933158875,0.7189407348632812,-1.6587177515029907
220,2549,17179,727,3,0.5101969242095947,0.4869796335697174,-0.1645004004240036
221,2555,1255,687,4,0.5034401416778564,0.6192185878753662,-0.08366215229034424
222,2576,15523,20,4,0.5065189003944397,0.5755596160888672,2.173488140106201
223,2608,18280,798,5,0.4998767673969269,0.5867697596549988,-0.27845996618270874
224,2615,719,851,2,0.4995236098766327,0.4419395327568054,-0.3155508041381836
225,2622,13211,805,2,0.502092719078064,0.4937068223953247,-0.2876117527484894
226,2641,5073,74,5,0.5002539753913879,0.5324886441230774,1.6278783082962036
227,2643,9111,1175,1,0.4789245128631592,0.49120286107063293,-1.0911731719970703
228,2663,2701,114,2,0.49913734197616577,0.5276309251785278,1.474765658378601
229,2664,17862,604,10,0.4721693694591522,0.5790153741836548,0.06986945867538452
230,2667,18131,986,9,0.48112887144088745,0.5428061485290527,-0.6515561938285828
231,2677,183,458,5,0.5021805167198181,0.6295678615570068,0.3084217607975006
232,2708,2440,1081,2,0.49836695194244385,0.4045465290546417,-0.8524584770202637
233,2714,2889,903,2,0.5026291608810425,0.5940582752227783,-0.5359262824058533
234,2720,9107,1045,2,0.4980609714984894,0.5190374255180359,-0.7621759176254272
235,2730,14579,355,4,0.507416844367981,0.564707338809967,0.5771342515945435
236,2775,4638,291,4,0.5063711404800415,0.48149609565734863,0.7485491037368774
237,2777,17856,485,10,0.47198185324668884,0.45379966497421265,0.244657963514328
238,2784,16266,500,2,0.5016301274299622,0.5322818756103516,0.26326054334640503
239,2821,12212,355,2,0.5003706812858582,0.5129525661468506,0.5953938364982605
240,2833,18337,1322,5,0.5010303258895874,0.5606493949890137,-1.808452844619751
241,2845,18134,518,2,0.5013024210929871,0.5299360752105713,0.19889500737190247
242,2858,2179,1178,3,0.5059394836425781,0.5862972140312195,-1.025766372680664
243,2859,2770,48,4,0.5043155550956726,0.5276176929473877,2.019379138946533
244,2870,5260,887,2,0.4969077706336975,0.46048399806022644,-0.5095224976539612
245,2885,8431,1325,4,0.5006477236747742,0.3369736671447754,-1.6318514347076416
246,2889,4313,541,2,0.5015328526496887,0.5309284925460815,0.07845257967710495
247,2898,5355,744,2,0.5003498196601868,0.5976795554161072,-0.19873405992984772
248,2903,951,282,6,0.49112147092819214,0.3678741455078125,0.770724892616272
249,2930,548,1092,2,0.4969179332256317,0.5581920742988586,-0.7823644876480103
250,2949,2424,1231,2,0.4995028078556061,0.635840892791748,-1.3244757652282715
251,2961,203,114,8,0.5005888938903809,0.42788147926330566,1.3142269849777222
252,2972,205,1177,5,0.4970450699329376,0.555809736251831,-1.1422479152679443
253,2975,16243,585,5,0.49666768312454224,0.4698784649372101,0.059616200625896454
254,2981,18159,1111,2,0.49947139620780945,0.5353670716285706,-0.7798510789871216
255,2984,6979,540,3,0.5088927745819092,0.6759435534477234,0.18415752053260803
256,2997,4527,939,10,0.47063079476356506,0.4386391341686249,-0.46180272102355957
257,3004,17961,465,4,0.5057615637779236,0.5114787817001343,0.2464817315340042
258,3030,5593,93,10,0.472451776266098,0.2772893011569977,1.4584529399871826
259,3037,10168,347,3,0.49588343501091003,0.3015168607234955,0.5531908273696899
260,3046,18200,517,6,0.4872246980667114,0.556641161441803,0.2147919237613678
261,3077,18334,1153,10,0.4719143509864807,0.45852038264274597,-0.8954164981842041
262,3106,4930,111,6,0.4854140877723694,0.28610408306121826,1.2325830459594727
263,3113,14081,44,2,0.49784010648727417,0.2661833167076111,1.6593198776245117
264,3128,8849,80,9,0.47708824276924133,0.466061532497406,1.4987704753875732
265,3145,16958,117,2,0.49901241064071655,0.48833969235420227,1.3666603565216064
266,3158,233,1002,2,0.5017958879470825,0.662355899810791,-0.6834537982940674
267,3195,6097,826,5,0.499149352312088,0.3322238028049469,-0.3637820780277252
268,3198,17779,1267,2,0.5005453824996948,0.511062502861023,-1.3844181299209595
269,3207,17605,897,2,0.5024417042732239,0.6420721411705017,-0.46126872301101685
270,3250,11854,263,8,0.5017942190170288,0.6828703880310059,0.7730902433395386
271,3262,15370,257,2,0.49590763449668884,0.41962116956710815,0.791197657585144
272,3288,16014,940,2,0.5004124045372009,0.5528852343559265,-0.5684531927108765
273,3301,15745,1048,2,0.49955400824546814,0.6778950691223145,-0.6451729536056519
274,3321,17098,807,1,0.48170846700668335,0.41202422976493835,-0.34365081787109375
275,3329,14823,983,10,0.4720827341079712,0.6133322715759277,-0.5402352809906006
276,3330,13721,759,3,0.5085350871086121,0.594036340713501,-0.25385427474975586
277,3331,12873,681,9,0.47638800740242004,0.44808435440063477,-0.06552152335643768
278,3334,17699,369,3,0.5037277340888977,0.47570469975471497,0.59083092212677
279,3343,11332,452,2,0.4893615245819092,0.3914356529712677,0.29010599851608276
280,3363,13605,1260,5,0.4967016279697418,0.48533549904823303,-1.3254046440124512
281,3364,18083,501,3,0.4941743016242981,0.4205026924610138,0.27701711654663086
282,3366,11572,278,4,0.4969530403614044,0.5031740665435791,0.613556981086731
283,3374,10073,1153,1,0.47970396280288696,0.5265973806381226,-1.012744665145874
284,3381,14970,114,3,0.5091521739959717,0.561664879322052,1.292507529258728
285,3389,7037,760,10,0.4712889492511749,0.4499041736125946,-0.1559096872806549
286,3391,17951,146,2,0.4999404549598694,0.48243722319602966,1.1477597951889038
287,3392,5053,218,6,0.48794490098953247,0.5084483027458191,0.7937746047973633
288,3393,6337,144,2,0.49420738220214844,0.438332736492157,1.2090531587600708
289,3402,2120,521,2,0.4998837411403656,0.4464353621006012,0.23427744209766388
290,3406,14864,305,2,0.49806323647499084,0.5914261937141418,0.6980450749397278
291,3448,17787,782,10,0.4728156328201294,0.5781075954437256,-0.21112866699695587
292,3453,8500,629,9,0.4776703715324402,0.5426093339920044,0.01759319379925728
293,3463,15457,103,3,0.5089911222457886,0.5738738775253296,1.3829201459884644
294,3477,17443,1182,2,0.4976467192173004,0.38875076174736023,-1.0568794012069702
295,3484,5294,430,2,0.48994573950767517,0.42089226841926575,0.3365318179130554
296,3492,4801,501,2,0.4990922510623932,0.4827044904232025,0.14022932946681976
297,3552,4211,182,10,0.4732399582862854,0.5072969794273376,1.001235842704773
298,3553,4223,1107,2,0.5001943111419678,0.5211387872695923,-0.8558998107910156
299,3556,8726,656,2,0.49569353461265564,0.49514535069465637,-0.017458848655223846
300,3576,5100,585,4,0.5065491199493408,0.6358843445777893,0.1180722713470459
301,3580,18274,731,10,0.4712611734867096,0.4125072956085205,-0.037394821643829346
302,3589,15493,1154,5,0.49907657504081726,0.5649685263633728,-0.9614588618278503
303,3616,17951,128,10,0.47140374779701233,0.4592745304107666,1.0906810760498047
304,3652,9918,1239,2,0.49640658497810364,0.4353151023387909,-1.2706642150878906
305,3653,18200,254,2,0.49536243081092834,0.4879748225212097,0.7490108013153076
306,3656,5170,430,2,0.5021495819091797,0.6162773370742798,0.38862931728363037
307,3697,18014,1096,5,0.4948733448982239,0.42735034227371216,-0.7274566292762756
308,3703,16193,1161,2,0.5029955506324768,0.6896324753761292,-0.9850895404815674
309,3771,260,962,2,0.4898103177547455,0.46273013949394226,-0.5335541367530823
310,3774,17477,854,4,0.5061490535736084,0.6280157566070557,-0.382644385099411
311,3783,7607,206,2,0.501839816570282,0.5039910674095154,1.0044786930084229
312,3785,8120,451,3,0.5098427534103394,0.468456894159317,0.3195062279701233
313,3819,16369,83,4,0.5015177726745605,0.4276920258998871,1.5324493646621704
314,3823,17814,143,3,0.5056774616241455,0.5380763411521912,1.0718348026275635
315,3828,3042,1306,2,0.49696627259254456,0.37457525730133057,-1.5526726245880127
316,3860,14357,7,3,0.5024454593658447,0.4596000611782074,2.827822208404541
317,3862,7747,1187,2,0.4978252351284027,0.4459064304828644,-0.9649032950401306
318,3863,5444,31,3,0.5107331275939941,0.44496744871139526,2.079420804977417
319,3895,2587,874,6,0.4883551299571991,0.3887231945991516,-0.3805709481239319
320,3936,5680,944,5,0.4966161251068115,0.5606303811073303,-0.4494127333164215
321,3940,2453,161,2,0.5026052594184875,0.7451772689819336,1.1656713485717773
322,3954,9516,230,2,0.4928901493549347,0.25617924332618713,0.8478274941444397
323,3988,11969,479,3,0.5028499960899353,0.4559168219566345,0.30967915058135986
324,4001,9516,72,2,0.4966238737106323,0.26808735728263855,1.4612414836883545
325,4004,15311,521,3,0.5007370114326477,0.3677982985973358,0.17256945371627808
326,4024,1880,435,2,0.4982210695743561,0.544881284236908,0.3699873089790344
327,4039,587,888,2,0.5006009340286255,0.47858643531799316,-0.4020182192325592
328,4041,16234,1260,1,0.4789295494556427,0.3789876103401184,-1.322500467300415
329,4070,14500,449,9,0.4772239327430725,0.6095423102378845,0.3097526431083679
330,4082,5170,244,4,0.5038078427314758,0.5565431714057922,0.7494057416915894
331,4083,2799,474,2,0.49562695622444153,0.47179991006851196,0.34405866265296936
332,4088,17462,760,9,0.4776541590690613,0.4884546101093292,-0.14011991024017334
333,4107,8155,1171,1,0.47374606132507324,0.6493390798568726,-0.9823880791664124
334,4109,13126,1264,3,0.49925950169563293,0.3707180619239807,-1.3748750686645508
335,4116,251,1101,4,0.49829885363578796,0.4938680827617645,-0.7138134837150574
336,4117,2404,805,2,0.501177966594696,0.6390203237533569,-0.3097248375415802
337,4132,18150,375,4,0.5074125528335571,0.6537951231002808,0.541368842124939
338,4217,1009,1097,3,0.5080476999282837,0.5610830187797546,-0.8445616364479065
339,4223,11135,985,1,0.4765109717845917,0.5764696598052979,-0.7174102663993835
340,4224,5213,266,1,0.47638779878616333,0.5355926752090454,0.762182891368866
341,4229,2947,807,3,0.5026651620864868,0.5624812841415405,-0.2928007245063782
342,4233,17331,206,2,0.4954283833503723,0.3722049593925476,0.8486098647117615
343,4237,18133,640,3,0.5092490315437317,0.5362678170204163,0.006885271519422531
344,4257,13506,588,2,0.4939556121826172,0.4924188256263733,0.03664465248584747
345,4275,8120,1224,3,0.5128066539764404,0.5001965165138245,-1.3892966508865356
346,4277,14960,495,5,0.49927008152008057,0.5888474583625793,0.2346060574054718
347,4279,5583,88,8,0.5008684992790222,0.41359931230545044,1.3879284858703613
348,4286,12782,284,4,0.5036942362785339,0.5121380090713501,0.7963676452636719
349,4290,16494,662,2,0.4980407655239105,0.47432705760002136,-0.04584663733839989
350,4310,13506,457,3,0.4963214695453644,0.5067608952522278,0.34972846508026123
351,4328,17853,779,1,0.47604477405548096,0.5217915177345276,-0.2747034728527069
352,4335,18274,261,4,0.5055224299430847,0.4141334295272827,0.7012612223625183
353,4340,2884,835,2,0.4959988296031952,0.6123891472816467,-0.442833811044693
354,4372,9615,1262,9,0.4777279198169708,0.5909117460250854,-1.3935132026672363
355,4426,270,801,2,0.5027794241905212,0.6180300712585449,-0.3130114674568176
356,4521,278,873,9,0.4767632782459259,0.4809683859348297,-0.308695524930954
357,4542,9034,537,3,0.5104972720146179,0.6245810389518738,0.203833669424057
358,4549,14448,434,6,0.48768702149391174,0.5190358757972717,0.39383557438850403
359,4550,11542,90,2,0.4981997609138489,0.4353111684322357,1.4697225093841553
360,4594,15021,579,6,0.4901076555252075,0.4814806282520294,0.08944731950759888
361,4618,17477,140,4,0.5054529309272766,0.615199863910675,1.1648156642913818
362,4690,17828,401,1,0.4756999909877777,0.6616741418838501,0.3230401277542114
363,4696,17862,595,6,0.48649200797080994,0.6047766804695129,0.04404732584953308
364,4712,8500,930,2,0.5002231597900391,0.5474097728729248,-0.5179619193077087
365,4715,17101,853,5,0.49655091762542725,0.5042701959609985,-0.33958014845848083
366,4727,12207,104,3,0.5075637102127075,0.5344818234443665,1.4363009929656982
367,4737,15672,39,3,0.505337655544281,0.4104994535446167,2.069368600845337
368,4744,16265,1155,4,0.5005090832710266,0.40387094020843506,-0.8906853199005127
369,4747,7994,958,2,0.49704355001449585,0.4013635218143463,-0.5933161973953247
370,4751,6234,423,5,0.4958345890045166,0.45372244715690613,0.3639034628868103
371,4761,1568,1112,4,0.5092276334762573,0.475961297750473,-0.8656220436096191
372,4765,18288,305,2,0.5040304660797119,0.45322081446647644,0.6440862417221069
373,4773,18315,309,3,0.4952068626880646,0.45904380083084106,0.5695279240608215
374,4794,18214,1018,7,0.5071600675582886,0.46761974692344666,-0.5876488089561462
375,4801,6825,80,4,0.4966428577899933,0.482663631439209,1.468695878982544
376,4850,14134,1271,2,0.5016691088676453,0.4724697768688202,-1.444671869277954
377,4855,303,345,2,0.5017362833023071,0.5824952721595764,0.5700499415397644
378,4869,18293,195,2,0.5002507567405701,0.5856959223747253,0.9893178343772888
379,4888,13729,38,2,0.49862951040267944,0.4721148610115051,2.2210211753845215
380,4903,18307,1157,4,0.5012274980545044,0.4794834554195404,-0.8910288214683533
381,4907,10732,1084,2,0.49096107482910156,0.4245961606502533,-0.7301567196846008
382,4925,17332,34,7,0.5071964263916016,0.3541739881038666,1.9344477653503418
383,4932,17479,70,3,0.5126507878303528,0.7020721435546875,1.856573462486267
384,4962,18287,739,2,0.5030262470245361,0.43112605810165405,-0.23418918251991272
385,4981,18131,543,9,0.477253794670105,0.5184024572372437,0.1508772224187851
386,4984,1898,879,2,0.49625399708747864,0.524572491645813,-0.3895310163497925
387,4996,18303,574,6,0.49017053842544556,0.7182862758636475,0.09061974287033081
388,5003,18344,728,7,0.5028877854347229,0.5651478171348572,-0.13593102991580963
389,5015,11173,591,2,0.5019588470458984,0.4510408341884613,0.03682860732078552
390,5040,16802,62,2,0.4845956265926361,0.2589905858039856,1.6382782459259033
391,5043,12445,287,3,0.4958801567554474,0.39861494302749634,0.6077962517738342
392,5058,5227,570,2,0.49516037106513977,0.48818570375442505,0.1193055808544159
393,5087,323,1157,3,0.5063521862030029,0.6034642457962036,-0.8830215334892273
394,5088,18274,868,5,0.5004763603210449,0.41518300771713257,-0.3891112208366394
395,5090,9804,801,4,0.5068770051002502,0.5859513282775879,-0.27384522557258606
396,5091,16665,887,2,0.5028290152549744,0.5263062119483948,-0.44219911098480225
397,5112,14982,544,4,0.5059317946434021,0.5218977332115173,0.18923591077327728
398,5119,18306,105,4,0.5049362182617188,0.44409632682800293,1.3773458003997803
399,5154,18334,16,2,0.4977225661277771,0.4437374472618103,3.3071224689483643
400,5156,10477,201,2,0.4995664656162262,0.45114392042160034,1.0396754741668701
401,5182,1203,43,2,0.49973002076148987,0.5319671034812927,2.4849939346313477
402,5192,4324,245,2,0.49611803889274597,0.49032315611839294,0.7940430641174316
403,5195,17560,64,6,0.48946499824523926,0.5019923448562622,1.6069523096084595
404,5203,5920,533,10,0.4723413288593292,0.6011145710945129,0.14687736332416534
405,5217,11453,1130,2,0.4987930655479431,0.46483027935028076,-1.00454580783844
406,5223,14897,1181,1,0.4812217652797699,0.5186581611633301,-1.0104719400405884
407,5233,2279,1106,5,0.49423354864120483,0.4186573326587677,-0.7576261758804321
408,5248,18290,258,7,0.5010693073272705,0.3473031520843506,0.7257934808731079
409,5258,7361,740,4,0.5010884404182434,0.4720378816127777,-0.21632900834083557
410,5264,18346,613,4,0.50640469789505,0.6128799319267273,0.0344255268573761
411,5266,18280,798,3,0.5061106085777283,0.5503341555595398,-0.3383064270019531
412,5271,13681,1083,3,0.4898217022418976,0.4067288935184479,-0.6811745762825012
413,5292,13480,522,1,0.47384870052337646,0.7276057004928589,0.15319547057151794
414,5311,2494,1245,3,0.5069471001625061,0.5776852369308472,-1.3405839204788208
415,5328,17243,38,2,0.5016329884529114,0.42946478724479675,2.3600287437438965
416,5331,12853,1138,1,0.48069414496421814,0.6043860912322998,-0.8875889778137207
417,5348,16609,1289,2,0.5038878321647644,0.6412369608879089,-1.5077842473983765
418,5354,15991,21,2,0.4988657534122467,0.5437251329421997,1.8909037113189697
419,5377,18322,658,3,0.4968012273311615,0.425368994474411,-0.042070984840393066
420,5386,9356,272,5,0.501947283744812,0.6493338942527771,0.764755129814148
421,5391,7114,435,2,0.4991678297519684,0.5510662794113159,0.3138737678527832
422,5398,18291,889,10,0.4731679856777191,0.49113550782203674,-0.40411627292633057
423,5402,354,176,2,0.5021857619285583,0.5538859367370605,1.0550668239593506
424,5416,17596,1293,6,0.48528650403022766,0.5235810875892639,-1.6846158504486084
425,5419,13400,376,8,0.49975287914276123,0.5153314471244812,0.4239492118358612
426,5420,16151,350,1,0.4794057309627533,0.6100910902023315,0.5615507364273071
427,5430,2632,1253,2,0.49735167622566223,0.3880469799041748,-1.3182997703552246
428,5431,18133,1282,3,0.5090951323509216,0.5243489146232605,-1.5127606391906738
429,5523,11068,1026,2,0.4973849356174469,0.5945494771003723,-0.6940999031066895
430,5560,18307,729,2,0.49238133430480957,0.4283933639526367,-0.18098440766334534
431,5585,7809,605,2,0.5033552646636963,0.6678512096405029,-0.020594634115695953
432,5592,18285,1173,8,0.4956161081790924,0.48589184880256653,-0.970634400844574
433,5613,3522,851,6,0.48866310715675354,0.5689311027526855,-0.41015785932540894
434,5627,6138,895,3,0.49796193838119507,0.4255335330963135,-0.33149483799934387
435,5630,18307,1291,4,0.5004775524139404,0.4749150276184082,-1.3335522413253784
436,5636,10465,524,3,0.5098369717597961,0.5597214698791504,0.18557727336883545
437,5654,17798,392,3,0.5121865272521973,0.6338884830474854,0.4587259888648987
438,5685,16546,876,4,0.50082927942276,0.5672750473022461,-0.3857550024986267
439,5696,16456,64,2,0.4970122277736664,0.557296097278595,1.7561821937561035
440,5740,11986,329,5,0.5002182126045227,0.6429408192634583,0.6966410875320435
441,5757,6276,879,5,0.4998897612094879,0.5791417956352234,-0.3841277062892914
442,5765,12632,940,8,0.49847984313964844,0.5404293537139893,-0.4917178153991699
443,5810,6647,24,8,0.5006908774375916,0.3717713952064514,2.0828747749328613
444,5839,17235,579,2,0.5004910230636597,0.5318906903266907,0.03066442720592022
445,5891,17339,855,3,0.507712185382843,0.3676591217517853,-0.33589300513267517
446,5897,2376,257,4,0.5064815282821655,0.5524443984031677,0.7574840784072876
447,5912,18310,380,1,0.4804006814956665,0.489616721868515,0.45841461420059204
448,5935,14409,713,2,0.5001587271690369,0.574557900428772,-0.11535920202732086
449,5945,17254,516,5,0.4960056245326996,0.49011164903640747,0.262565940618515
450,5967,9627,1163,4,0.5066748261451721,0.3821101784706116,-1.0630468130111694
451,5970,15566,822,3,0.5081313848495483,0.5904350876808167,-0.26701536774635315
452,5980,3713,576,2,0.4972369372844696,0.3690183162689209,0.10040450096130371
453,5986,6169,686,2,0.49933746457099915,0.6307646632194519,-0.08924645185470581
454,6037,17335,507,5,0.5015106201171875,0.3336493670940399,0.20695573091506958
455,6059,400,969,3,0.5094904899597168,0.649960994720459,-0.6077055931091309
456,6079,16802,595,3,0.5030096769332886,0.3633909523487091,0.11191737651824951
457,6081,14476,347,2,0.50288987159729,0.5539551377296448,0.6026632785797119
458,6088,11633,211,4,0.5055361986160278,0.5542018413543701,0.9922673106193542
459,6091,6993,683,4,0.5034297704696655,0.4761083424091339,-0.09946192800998688
460,6119,8559,750,1,0.4806712865829468,0.34964820742607117,-0.23589757084846497
461,6121,11858,489,4,0.5082710385322571,0.5836179852485657,0.33081454038619995
462,6131,5521,876,4,0.4927971065044403,0.38203075528144836,-0.46475017070770264
463,6134,16326,741,4,0.5016175508499146,0.41048604249954224,-0.19833438098430634
464,6159,4461,1234,7,0.5017212629318237,0.3689776659011841,-1.0624243021011353
465,6171,18095,2,3,0.5074292421340942,0.45714980363845825,5.8248114585876465
466,6174,8030,146,5,0.4977695643901825,0.5573004484176636,1.1114472150802612
467,6176,17880,71,4,0.5105686783790588,0.7373906373977661,1.7760696411132812
468,6178,3513,123,3,0.5107045769691467,0.6135358810424805,1.4480849504470825
469,6180,409,32,10,0.4724659323692322,0.3070356249809265,1.8214974403381348
470,6192,2712,144,3,0.5047299861907959,0.4819977879524231,1.1617971658706665
471,6201,9019,1216,2,0.49677780270576477,0.44977420568466187,-1.1313432455062866
472,6223,17425,128,2,0.4939597249031067,0.35532402992248535,1.2025986909866333
473,6263,17137,114,5,0.5005196928977966,0.43410566449165344,1.2010070085525513
474,6279,18132,1050,8,0.5001854300498962,0.48993924260139465,-0.6467260718345642
475,6287,3391,533,2,0.5041720271110535,0.6472510695457458,0.16308650374412537
476,6298,420,4,2,0.4827694594860077,0.22182133793830872,2.857442617416382
477,6299,420,53,2,0.48813650012016296,0.24895568192005157,1.6504356861114502
478,6366,14956,170,2,0.5041439533233643,0.7486258149147034,1.2203116416931152
479,6395,16802,623,5,0.49994760751724243,0.3964267373085022,0.007164686918258667
480,6476,2026,48,5,0.48983216285705566,0.3253876566886902,1.60929274559021
481,6490,5685,564,4,0.4970242381095886,0.502098798751831,0.08466251194477081
482,6497,16949,364,5,0.49719202518463135,0.6315165758132935,0.41593948006629944
483,6525,18356,17,7,0.5030155181884766,0.4953920841217041,2.147209405899048
484,6530,2185,5,4,0.5029300451278687,0.3925180733203888,3.9807655811309814
485,6539,17711,443,2,0.49482256174087524,0.4498791992664337,0.3174859881401062
486,6555,9516,31,2,0.5017711520195007,0.28700464963912964,2.0630340576171875
487,6577,17718,1217,5,0.4957767426967621,0.5056759715080261,-0.972288966178894
488,6584,12476,295,4,0.5048512816429138,0.5620246529579163,0.6377615332603455
489,6592,449,906,3,0.5001109838485718,0.566860020160675,-0.4452926814556122
490,6606,9635,180,1,0.4816068708896637,0.5439401268959045,1.0982695817947388
491,6639,8286,37,2,0.5015830397605896,0.5468072295188904,2.081052780151367
492,6663,7775,752,3,0.5074006915092468,0.6163203120231628,-0.1842668354511261
493,6668,17183,402,3,0.5110068917274475,0.678503692150116,0.40430498123168945
494,6671,2372,507,1,0.4802955687046051,0.5647194981575012,0.1385146677494049
495,6675,14984,145,3,0.5064482688903809,0.5768957138061523,1.2075129747390747
496,6676,18050,196,3,0.5112531185150146,0.5878012776374817,0.9622323513031006
497,6691,4929,23,2,0.4925999045372009,0.3829450011253357,2.3525238037109375
498,6780,1723,966,2,0.49540507793426514,0.556472897529602,-0.497634619474411
499,6799,16096,3,4,0.505342960357666,0.4075831472873688,5.535482883453369
500,6800,13508,706,3,0.5123035311698914,0.6799393892288208,-0.07852573692798615
501,6831,460,1097,2,0.49711352586746216,0.5197077989578247,-0.7597606182098389
502,6852,1227,321,10,0.47156408429145813,0.43368470668792725,0.5703762769699097
503,6875,467,235,4,0.5060772895812988,0.4086723327636719,0.8489565849304199
504,6900,16413,119,7,0.5075370073318481,0.49313822388648987,1.2022043466567993
505,6909,17042,167,7,0.5101075768470764,0.7092264294624329,1.185109257698059
506,6923,4244,782,6,0.48802199959754944,0.49351778626441956,-0.19974787533283234
507,6927,15763,916,2,0.49863165616989136,0.48037710785865784,-0.453610897064209
508,6938,17627,556,2,0.49901577830314636,0.5566117167472839,0.15335613489151
509,6960,11650,898,2,0.5022052526473999,0.7120724320411682,-0.5564113259315491
510,6966,18334,23,4,0.5082354545593262,0.5226330757141113,2.745124340057373
511,6969,18159,293,4,0.5068865418434143,0.5496441125869751,0.6503519415855408
512,6972,2670,560,4,0.5054839253425598,0.6687496900558472,0.1798200011253357
513,6990,18104,284,10,0.4727695882320404,0.6702780723571777,0.7048119902610779
514,7022,5911,725,3,0.509026050567627,0.5037181377410889,-0.1251080185174942
515,7032,3675,470,2,0.4899815618991852,0.43028390407562256,0.3374134302139282
516,7037,1910,1194,2,0.49766072630882263,0.5279379487037659,-1.0606169700622559
517,7045,3316,534,3,0.5089845061302185,0.5556530356407166,0.2131148874759674
518,7069,18253,601,2,0.5058475136756897,0.8448315262794495,0.05437830090522766
519,7076,13152,161,3,0.5092980265617371,0.5431510210037231,1.1160558462142944
520,7089,7049,13,2,0.4965820014476776,0.4006608724594116,3.9316205978393555
521,7092,487,1224,2,0.5001843571662903,0.5056096315383911,-1.1934411525726318
522,7094,18214,221,2,0.49960726499557495,0.46112021803855896,0.9148391485214233
523,7103,488,1321,3,0.5036019086837769,0.45985743403434753,-1.7597248554229736
524,7107,18356,991,2,0.5030152201652527,0.5771079063415527,-0.681714653968811
525,7116,4497,139,3,0.5120572447776794,0.29424500465393066,1.1748449802398682
526,7128,490,1120,2,0.49188968539237976,0.4132399260997772,-0.8427551984786987
527,7132,3114,1041,3,0.4958396852016449,0.5032526254653931,-0.5861790776252747
528,7134,17494,599,6,0.49034473299980164,0.5430436730384827,0.08187910914421082
529,7137,18131,472,8,0.49814745783805847,0.49137839674949646,0.3192942440509796
530,7139,18320,723,2,0.4952414035797119,0.43191006779670715,-0.24288906157016754
531,7140,18137,1147,8,0.49972453713417053,0.6265584826469421,-0.9069297313690186
532,7141,18356,649,6,0.48778918385505676,0.5083026885986328,0.0012316126376390457
533,7147,17862,282,3,0.49582305550575256,0.4951341152191162,0.6584534645080566
534,7151,18137,807,2,0.4896952509880066,0.46069568395614624,-0.35480886697769165
535,7152,18356,1188,4,0.4954160153865814,0.42780497670173645,-1.0058050155639648
536,7160,18355,267,5,0.49812936782836914,0.472443550825119,0.7644516229629517
537,7209,16332,534,2,0.4988398253917694,0.524029552936554,0.06017161160707474
538,7214,15658,1087,2,0.50196373462677,0.5625411868095398,-0.8352939486503601
539,7222,16784,401,2,0.49975717067718506,0.4910338521003723,0.44133391976356506
540,7247,18289,554,1,0.47855857014656067,0.6710202693939209,0.1167963445186615
541,7264,3771,73,3,0.5080039501190186,0.4017947316169739,1.5003719329833984
542,7401,2372,942,2,0.5002142786979675,0.616818368434906,-0.495308518409729
543,7402,9999,504,2,0.5044795274734497,0.7166298031806946,0.23388931155204773
544,7404,8595,857,2,0.5028512477874756,0.5369631052017212,-0.4419780373573303
545,7415,3657,322,1,0.47760725021362305,0.5451585054397583,0.6212946772575378
546,7432,12964,1045,4,0.4946393072605133,0.39447516202926636,-0.6506443023681641
547,7451,7327,315,2,0.49499425292015076,0.5495039820671082,0.5846182703971863
548,7470,17252,147,6,0.4868553876876831,0.5488350987434387,1.2502546310424805
549,7475,516,58,2,0.49453234672546387,0.422512412071228,1.6207938194274902
550,7515,10992,260,2,0.4871752858161926,0.4014078974723816,0.6527666449546814
551,7554,15545,1218,3,0.5044540762901306,0.3962690532207489,-1.2398550510406494
552,7596,11813,459,2,0.49872663617134094,0.5438718199729919,0.26698538661003113
553,7613,11633,122,3,0.4996951222419739,0.4560268521308899,1.067181944847107
554,7620,5795,507,3,0.510979413986206,0.5375109314918518,0.26249390840530396
555,7640,18226,67,3,0.5072507262229919,0.2758896052837372,1.46524977684021
556,7641,2843,473,2,0.4935987591743469,0.5333436131477356,0.27242597937583923
557,7695,678,941,2,0.49233102798461914,0.5543981194496155,-0.4814157783985138
558,7706,5171,45,3,0.501530647277832,0.45064422488212585,1.7102924585342407
559,7728,18200,801,2,0.5015200972557068,0.6064739227294922,-0.3396327495574951
560,7734,14318,915,1,0.47923675179481506,0.5464522242546082,-0.5398914813995361
561,7756,17947,422,4,0.504402220249176,0.633376955986023,0.39243414998054504
562,7759,18150,1141,7,0.5073665976524353,0.6958264112472534,-0.9163448810577393
563,7770,18292,71,2,0.5018954277038574,0.5430543422698975,1.6762295961380005
564,7777,3020,370,2,0.49559369683265686,0.3714534640312195,0.5133988857269287
565,7784,18004,932,1,0.48134467005729675,0.42383313179016113,-0.49919411540031433
566,7790,11979,999,4,0.5025293231010437,0.49117258191108704,-0.5629479289054871
567,7805,6483,1117,3,0.510154664516449,0.5204793214797974,-0.946542501449585
568,7809,15679,213,2,0.4894874095916748,0.3910185396671295,0.8972168564796448
569,7813,16298,164,4,0.5040364265441895,0.49488165974617004,0.9058891534805298
570,7817,3349,511,3,0.5016893148422241,0.43768665194511414,0.17984987795352936
571,7862,8699,310,9,0.47870925068855286,0.6054884791374207,0.5715208649635315
572,7874,8443,503,1,0.47991812229156494,0.4393191933631897,0.21056857705116272
573,7890,11573,605,7,0.49670469760894775,0.4464784562587738,0.07901997864246368
574,7891,18174,184,1,0.47265270352363586,0.7861244082450867,1.0584471225738525
575,7903,12339,768,6,0.48671630024909973,0.5130391120910645,-0.2424190193414688
576,7917,6550,418,4,0.5085815787315369,0.5306054353713989,0.42025667428970337
577,7927,18275,45,1,0.48001304268836975,0.3652704656124115,2.0006539821624756
578,7950,18226,174,1,0.4775333106517792,0.2809755802154541,1.1863256692886353
579,7975,4085,143,2,0.4981168210506439,0.5629972219467163,1.225442886352539
580,7982,554,805,3,0.4996369183063507,0.5065172910690308,-0.2895035743713379
581,7988,11010,183,2,0.49967584013938904,0.4755232632160187,1.019887924194336
582,8004,18219,778,2,0.4977068603038788,0.43217405676841736,-0.2053370177745819
583,8016,9914,1077,5,0.499182790517807,0.5289937257766724,-0.713456928730011
584,8022,11781,1182,2,0.4932759404182434,0.5377587676048279,-0.9992905855178833
585,8043,16666,779,2,0.5062761902809143,0.6391417980194092,-0.3695445656776428
586,8045,16091,505,2,0.5015361309051514,0.46897122263908386,0.17259712517261505
587,8059,3304,595,3,0.500515341758728,0.4779985547065735,0.08153173327445984
588,8063,18200,1099,3,0.5075904130935669,0.5703694820404053,-0.8187764286994934
589,8080,18295,155,2,0.499887615442276,0.48433566093444824,1.247172474861145
590,8088,18352,659,2,0.49992555379867554,0.5160331726074219,-0.016746679320931435
591,8115,5188,811,2,0.49709469079971313,0.5198686122894287,-0.3044683337211609
592,8122,12038,655,2,0.5012311935424805,0.4082316756248474,-0.038476765155792236
593,8131,6608,1155,10,0.4725892245769501,0.5370814800262451,-0.9147655367851257
594,8159,8177,736,4,0.49898093938827515,0.4495134949684143,-0.1695084273815155
595,8168,17425,765,4,0.49108994007110596,0.2944817841053009,-0.19651198387145996
596,8197,17839,51,2,0.5042449831962585,0.7246485352516174,2.040842294692993
597,8200,569,30,2,0.49918463826179504,0.5983894467353821,2.1710691452026367
598,8234,9500,472,3,0.4942895770072937,0.3993592858314514,0.3129136562347412
599,8246,16714,961,2,0.5025266408920288,0.5034629106521606,-0.6518220901489258
600,8250,9993,652,2,0.5020993947982788,0.5777308344841003,-0.07869504392147064
601,8255,7440,1167,6,0.48868075013160706,0.6118136048316956,-1.0406208038330078
602,8278,8355,1085,3,0.5079913139343262,0.5643534660339355,-0.8500075340270996
603,8332,4780,1334,4,0.5074142813682556,0.4624764025211334,-2.212239980697632
604,8349,14967,751,2,0.4871262311935425,0.3810579776763916,-0.04148997366428375
605,8374,2616,1178,2,0.5007651448249817,0.4849616289138794,-1.0011358261108398
606,8432,13899,603,3,0.5027011036872864,0.45128166675567627,0.10185414552688599
607,8443,1939,729,3,0.506868839263916,0.45038408041000366,-0.13871397078037262
608,8490,738,613,4,0.5112378597259521,0.5986911058425903,0.021221177652478218
609,8506,18307,1028,4,0.4995292127132416,0.45203790068626404,-0.6008049845695496
610,8507,8535,288,1,0.4775770902633667,0.3598635792732239,0.6352574229240417
611,8513,17805,1109,2,0.4990338981151581,0.6243288516998291,-0.8511816263198853
612,8522,4879,623,3,0.5012797713279724,0.49371716380119324,0.011869661509990692
613,8529,3422,816,2,0.5023356080055237,0.6771023869514465,-0.297160267829895
614,8534,3141,919,3,0.5026512742042542,0.5510093569755554,-0.48900121450424194
615,8543,18287,115,4,0.5011142492294312,0.3615081012248993,1.4596436023712158
616,8545,18088,914,2,0.5032599568367004,0.5223882794380188,-0.5282876491546631
617,8558,17323,858,5,0.4974728524684906,0.5929622650146484,-0.3830721974372864
618,8572,10688,1156,3,0.5097445249557495,0.33595746755599976,-1.0409409999847412
619,8597,601,840,2,0.4975769519805908,0.4887598156929016,-0.3817777633666992
620,8615,10219,1342,2,0.4990870952606201,0.3547661602497101,-2.2841813564300537
621,8639,17275,296,3,0.5087224245071411,0.5931710004806519,0.6589802503585815
622,8640,3681,358,3,0.5082455277442932,0.6036086082458496,0.4649658203125
623,8658,18199,414,2,0.4911102056503296,0.4743358790874481,0.40006011724472046
624,8662,17824,131,10,0.47416409850120544,0.6334604620933533,1.1532442569732666
625,8665,2056,599,2,0.5015377998352051,0.6955927610397339,0.013270795345306396
626,8714,17962,603,2,0.5000427961349487,0.6591489315032959,0.13075411319732666
627,8716,6488,465,4,0.5018745064735413,0.4141830503940582,0.2869776785373688
628,8719,1100,61,2,0.503074049949646,0.524907648563385,1.690566062927246
629,8723,2887,592,3,0.5063635110855103,0.557087242603302,-0.067818284034729
630,8730,1773,84,2,0.5035768747329712,0.6164343953132629,1.5923525094985962
631,8735,18168,1293,2,0.49902936816215515,0.39435693621635437,-1.579105257987976
632,8738,12462,3,2,0.5028340220451355,0.6156885623931885,4.380340099334717
633,8755,11541,2,2,0.501237154006958,0.5336552858352661,4.884603023529053
634,8776,14891,1279,2,0.49441611766815186,0.4332195222377777,-1.309645175933838
635,8787,17943,402,5,0.498139888048172,0.6112580895423889,0.3125985860824585
636,8795,13586,205,8,0.493730753660202,0.45181766152381897,0.8710867762565613
637,8813,15717,164,3,0.5080944299697876,0.634255051612854,1.1649558544158936
638,8815,4149,585,2,0.4984072744846344,0.5705485343933105,-0.0384267196059227
639,8818,18307,17,4,0.5067702531814575,0.5232941508293152,2.9035160541534424
640,8820,18307,1028,4,0.49712643027305603,0.443610280752182,-0.7684284448623657
641,8829,17453,46,2,0.503826916217804,0.6116189956665039,2.042562246322632
642,8832,10752,1321,5,0.4966660439968109,0.4361635148525238,-1.9632657766342163
643,8860,8155,878,5,0.5008971691131592,0.6160869598388672,-0.43868517875671387
644,8866,17530,726,2,0.49943509697914124,0.5128995180130005,-0.20775778591632843
645,8877,1609,1284,2,0.5002509355545044,0.5277883410453796,-1.5166691541671753
646,8897,8535,141,2,0.5003764629364014,0.5133741497993469,1.2133499383926392
647,8931,9118,786,3,0.5027418732643127,0.5594527721405029,-0.17185187339782715
648,8944,18319,550,10,0.47211122512817383,0.5295009016990662,0.17038831114768982
649,8964,18030,293,6,0.48603564500808716,0.5151367783546448,0.649568498134613
650,8969,15570,468,8,0.4991791546344757,0.6485445499420166,0.2409660816192627
651,8974,11060,660,2,0.49541959166526794,0.5077847838401794,0.016986757516860962
652,8975,18195,1281,4,0.5072950124740601,0.5977468490600586,-1.4010003805160522
653,8976,18324,1168,3,0.5075553059577942,0.387346476316452,-1.0994666814804077
654,9000,18325,262,2,0.49894723296165466,0.5526776909828186,0.8709495663642883
655,9003,14652,325,4,0.49669116735458374,0.3908706307411194,0.5626857280731201
656,9014,1934,156,3,0.4970242381095886,0.3341103494167328,1.0149976015090942
657,9019,18068,295,1,0.47904375195503235,0.5732162594795227,0.74750155210495
658,9027,7168,1123,2,0.49993896484375,0.4506511390209198,-0.9086939096450806
659,9044,17825,1255,3,0.4982294738292694,0.34594589471817017,-1.1079713106155396
660,9045,1929,1147,2,0.5033140778541565,0.6380700469017029,-0.9634737968444824
661,9100,2998,812,9,0.4750255346298218,0.30730199813842773,-0.21511295437812805
662,9122,18319,725,5,0.5003226399421692,0.5994489192962646,-0.16798992455005646
663,9126,15258,1014,10,0.47316959500312805,0.5229304432868958,-0.5770111083984375
664,9131,15755,27,1,0.48123469948768616,0.37176287174224854,2.5171360969543457
665,9185,5318,1142,4,0.5084800720214844,0.5788859128952026,-1.0140858888626099
666,9204,653,1250,5,0.49832016229629517,0.4915989935398102,-1.3788354396820068
667,9207,653,869,3,0.5022956132888794,0.4528822600841522,-0.3566167652606964
668,9229,18145,197,2,0.5005342364311218,0.5064173340797424,0.9283062219619751
669,9263,661,1167,5,0.495797723531723,0.3684154450893402,-0.854202389717102
670,9280,14827,1086,2,0.5013518333435059,0.5415259599685669,-0.8568856120109558
671,9307,665,395,3,0.5093846321105957,0.7279006838798523,0.4484313130378723
672,9359,17513,4,4,0.5034564733505249,0.41058149933815,2.790360689163208
673,9365,10110,83,1,0.4759298264980316,0.6377218961715698,1.665615200996399
674,9372,719,540,6,0.4860970675945282,0.420034259557724,0.13088710606098175
675,9381,7089,478,2,0.5002439022064209,0.5105182528495789,0.3236280679702759
676,9403,14592,29,10,0.47152218222618103,0.4871482849121094,1.3512110710144043
677,9416,13514,269,3,0.4982669949531555,0.45289984345436096,0.6428467035293579
678,9433,1402,68,3,0.5057238936424255,0.4963098466396332,1.708665132522583
679,9519,13795,243,4,0.5014052391052246,0.5565456748008728,0.6885177493095398
680,9530,9635,1137,3,0.5083760023117065,0.6551400423049927,-0.9121149778366089
681,9544,13210,6,6,0.4905547499656677,0.5465507507324219,2.414292573928833
682,9591,15250,1110,2,0.4996126890182495,0.47708743810653687,-0.8308197855949402
683,9599,10930,181,4,0.5067640542984009,0.5758923292160034,1.0596903562545776
684,9616,689,1045,2,0.4861820340156555,0.45364975929260254,-0.630486249923706
685,9624,1578,1130,2,0.4986304044723511,0.49430546164512634,-0.8606119751930237
686,9646,11397,1282,2,0.4912203848361969,0.35793301463127136,-1.6220810413360596
687,9724,7551,522,3,0.5028260350227356,0.5873042345046997,0.1694299578666687
688,9728,4901,986,6,0.4868030250072479,0.4980461299419403,-0.5990501046180725
689,9735,3118,910,8,0.49842941761016846,0.5226430892944336,-0.3822404742240906
690,9751,12340,795,3,0.5036855340003967,0.5113655924797058,-0.19468894600868225
691,9776,18112,951,2,0.4967323839664459,0.6057749390602112,-0.5944702625274658
692,9777,14986,448,3,0.5101067423820496,0.517702579498291,0.3442474901676178
693,9797,2363,1,2,0.49183759093284607,0.3086002469062805,7.0219926834106445
694,9799,18287,26,6,0.48350462317466736,0.31988996267318726,2.525696039199829
695,9811,3389,772,4,0.5063299536705017,0.6031143069267273,-0.2545953392982483
696,9817,708,978,2,0.5006052255630493,0.6039351224899292,-0.5867202281951904
697,9825,12446,276,2,0.5027432441711426,0.6074379682540894,0.7458561658859253
698,9886,15403,1136,3,0.501878023147583,0.4930720627307892,-1.0198849439620972
699,9888,18137,472,5,0.4958459138870239,0.5523584485054016,0.3477739691734314
700,9896,14617,796,5,0.49728068709373474,0.4324829578399658,-0.3304300010204315
701,9903,12570,289,4,0.5060561299324036,0.5860470533370972,0.6013434529304504
702,9941,15854,309,2,0.49410510063171387,0.3179938793182373,0.7107388377189636
703,9945,6750,296,1,0.47888755798339844,0.4065956175327301,0.5065264105796814
704,9947,1354,1095,2,0.5010594725608826,0.681783139705658,-0.7918821573257446
705,9951,8921,212,9,0.4762037396430969,0.5823761224746704,0.8200339078903198
706,9970,727,6,4,0.4996902346611023,0.3185599744319916,2.423933506011963
707,9974,16789,1093,2,0.4888610243797302,0.40762385725975037,-0.7862462401390076
708,9994,12429,660,1,0.47832155227661133,0.4375036060810089,-0.09501059353351593
709,10011,2853,6,3,0.49733811616897583,0.38720130920410156,4.457066535949707
710,10014,17437,944,2,0.4974838197231293,0.47075915336608887,-0.6033833622932434
711,10033,12690,903,3,0.5092479586601257,0.6220849752426147,-0.44622328877449036
712,10123,738,236,4,0.5013878345489502,0.49269723892211914,0.9923734068870544
713,10125,17388,16,4,0.5033222436904907,0.38445180654525757,2.8954527378082275
714,10146,18258,615,7,0.5069501996040344,0.5641067624092102,0.06509096920490265
715,10154,8999,2,2,0.5013362169265747,0.5801519751548767,2.955397129058838
716,10156,743,239,2,0.5032029747962952,0.700303852558136,0.7949097156524658
717,10207,18272,844,2,0.5011060237884521,0.47988277673721313,-0.35619616508483887
718,10242,18200,297,3,0.501113772392273,0.49088940024375916,0.6452134251594543
719,10274,14687,412,3,0.5128910541534424,0.6076425909996033,0.4890109598636627
720,10281,11385,1327,2,0.4955303966999054,0.3842464089393616,-1.5571905374526978
721,10323,4874,942,2,0.49305933713912964,0.5526127815246582,-0.5264726877212524
722,10349,14706,4,2,0.49693578481674194,0.3952150046825409,3.7892704010009766
723,10350,762,579,2,0.5032798647880554,0.5026944279670715,0.09243638813495636
724,10362,763,141,3,0.5041270852088928,0.5805658102035522,1.28165602684021
725,10372,6353,616,2,0.5003214478492737,0.6647273302078247,-0.020369142293930054
726,10374,5750,37,3,0.506452202796936,0.570711612701416,2.130556106567383
727,10384,17891,909,1,0.47921836376190186,0.5230819582939148,-0.5240517854690552
728,10386,18320,429,10,0.47268861532211304,0.4872402548789978,0.310374915599823
729,10387,18320,139,3,0.5022768378257751,0.4630032181739807,1.1917611360549927
730,10388,18316,1,4,0.5051659941673279,0.542853057384491,3.667140245437622
731,10414,8991,740,4,0.5042471885681152,0.49437248706817627,-0.24421562254428864
732,10418,1227,1042,3,0.5007604956626892,0.42484012246131897,-0.722787082195282
733,10421,16178,935,3,0.5044777393341064,0.46958425641059875,-0.5276690721511841
734,10447,7919,761,2,0.5058209300041199,0.6708856225013733,-0.29215729236602783
735,10464,10788,1157,2,0.4928450882434845,0.42523863911628723,-0.9632123708724976
736,10480,17883,903,2,0.4988109767436981,0.5655696392059326,-0.4563444256782532
737,10486,12577,446,3,0.49582645297050476,0.5021636486053467,0.23210258781909943
738,10491,17068,588,2,0.5022085309028625,0.6407005190849304,0.11370757222175598
739,10505,16803,304,3,0.5041179060935974,0.49843689799308777,0.6147844791412354
740,10516,14467,917,3,0.4985750615596771,0.49732884764671326,-0.4248049259185791
741,10522,14568,939,2,0.4994491934776306,0.4823295772075653,-0.5208477973937988
742,10530,1245,1031,2,0.5036141276359558,0.6390939354896545,-0.7465256452560425
743,10570,9186,908,3,0.5004488229751587,0.4978955388069153,-0.5317404270172119
744,10572,9621,1062,2,0.5025772452354431,0.5947431921958923,-0.7750210762023926
745,10589,4698,990,2,0.5008500218391418,0.4440174698829651,-0.6839599609375
746,10604,3204,694,2,0.4986725151538849,0.550373375415802,-0.15169353783130646
747,10605,17566,1052,2,0.503559947013855,0.7380703091621399,-0.8317580223083496
748,10624,18216,38,3,0.49842724204063416,0.5264843106269836,1.6996729373931885
749,10640,3178,624,5,0.49504050612449646,0.5335619449615479,-0.025857605040073395
750,10647,3114,1219,5,0.4980407655239105,0.5931529402732849,-1.1028721332550049
751,10651,7381,283,1,0.475249707698822,0.6454900503158569,0.7247328758239746
752,10654,8143,307,3,0.5030257105827332,0.5908807516098022,0.7481141090393066
753,10656,8657,336,3,0.5096677541732788,0.5645551681518555,0.6457319259643555
754,10659,18278,1097,4,0.5072193145751953,0.5019184947013855,-0.8497283458709717
755,10664,2061,736,3,0.5063650012016296,0.4929582178592682,-0.19930626451969147
756,10666,14393,163,5,0.49460968375205994,0.47090673446655273,1.0393425226211548
757,10669,4294,1289,2,0.5030405521392822,0.4664696753025055,-1.7473655939102173
758,10682,16043,826,4,0.5087041258811951,0.4807863235473633,-0.34836384654045105
759,10709,13451,77,2,0.4956820011138916,0.42958566546440125,1.3392831087112427
760,10740,3485,773,2,0.49429014325141907,0.3302004337310791,-0.26727211475372314
761,10744,5106,1111,3,0.5075726509094238,0.567169189453125,-0.9238155484199524
762,10766,926,468,2,0.49966156482696533,0.5531826615333557,0.3041706085205078
763,10808,5027,334,2,0.4973717927932739,0.4635910391807556,0.6231444478034973
764,10823,804,137,3,0.5087648034095764,0.4162982404232025,1.2643810510635376
765,10838,11213,342,2,0.5006463527679443,0.5737091302871704,0.6240235567092896
766,10843,7375,380,3,0.4982213079929352,0.5170013308525085,0.4386509656906128
767,10854,3076,719,6,0.4886176884174347,0.5389628410339355,-0.14139506220817566
768,10861,13527,1234,2,0.5023203492164612,0.5066986083984375,-1.1973572969436646
769,10864,17085,150,6,0.4871092140674591,0.5819072723388672,1.174576997756958
770,10880,18307,901,2,0.5020204782485962,0.5450258851051331,-0.5642883777618408
771,10881,18307,79,8,0.4999082386493683,0.5121556520462036,1.569717288017273
772,10883,18244,382,4,0.49950945377349854,0.49555742740631104,0.46851658821105957
773,10884,18307,602,2,0.5000278353691101,0.5048946142196655,0.06957603245973587
774,10887,18227,421,2,0.5020636320114136,0.5198172926902771,0.4295876622200012
775,10888,18133,288,3,0.5029006600379944,0.4640495181083679,0.6856343746185303
776,10891,10047,1034,7,0.5112674832344055,0.5891809463500977,-0.7268084287643433
777,10893,8955,770,10,0.47210514545440674,0.556905210018158,-0.23552434146404266
778,10900,15948,283,2,0.506355345249176,0.7823184728622437,0.782543957233429
779,10907,18307,1262,4,0.5078535676002502,0.5424255132675171,-1.5569448471069336
780,10910,16674,332,4,0.5058966875076294,0.4914318025112152,0.48049670457839966
781,10928,18258,179,5,0.4963221549987793,0.538360595703125,1.0821963548660278
782,10934,14851,793,2,0.5026385188102722,0.6612757444381714,-0.36591097712516785
783,10935,17435,1152,2,0.49580761790275574,0.394524484872818,-1.0073497295379639
784,10944,2508,766,2,0.49818798899650574,0.448790580034256,-0.20177631080150604
785,10993,17917,873,6,0.4876697361469269,0.4418696463108063,-0.47516950964927673
786,10994,17007,403,2,0.5000991225242615,0.5263178944587708,0.39488229155540466
787,10995,17437,469,2,0.49982303380966187,0.47624143958091736,0.2352745532989502
788,11022,18287,231,6,0.4879441559314728,0.4086572527885437,0.840464174747467
789,11031,1784,1337,2,0.5000428557395935,0.3834856450557709,-2.1380794048309326
790,11064,15569,239,3,0.5060527324676514,0.49435749650001526,0.6731292605400085
791,11089,4826,385,2,0.5006695985794067,0.4822893440723419,0.5061210989952087
792,11092,11276,1018,3,0.5071332454681396,0.5832821726799011,-0.6546759605407715
793,11128,12387,143,1,0.48061421513557434,0.48843973875045776,1.3831803798675537
794,11138,16359,298,1,0.47856375575065613,0.6469428539276123,0.6935939788818359
795,11142,17086,107,5,0.4971517324447632,0.5223042368888855,1.2282142639160156
796,11149,5370,163,1,0.47544386982917786,0.7134144902229309,1.0408504009246826
797,11158,839,1171,2,0.49858754873275757,0.42535078525543213,-1.004884958267212
798,11162,2434,15,2,0.49919572472572327,0.5444631576538086,4.0643510818481445
799,11177,3216,345,1,0.48089659214019775,0.5157087445259094,0.6282435059547424
800,11186,845,849,2,0.49460479617118835,0.44412726163864136,-0.3521037995815277
801,11199,12613,1240,4,0.4965343475341797,0.4956628084182739,-1.0928914546966553
802,11232,18318,742,2,0.5010956525802612,0.6327483057975769,-0.20693349838256836
803,11268,17280,383,1,0.4804130792617798,0.44666749238967896,0.374172180891037
804,11274,16665,53,3,0.5024097561836243,0.44034555554389954,1.7617501020431519
805,11306,4799,1316,3,0.4976322054862976,0.38162821531295776,-1.2937082052230835
806,11331,2083,1234,6,0.4853191077709198,0.45214033126831055,-1.1104532480239868
807,11335,10668,276,3,0.5121513605117798,0.6323971748352051,0.7383707165718079
808,11338,6388,105,2,0.5041345953941345,0.6257956624031067,1.5174895524978638
809,11343,3969,1142,8,0.5000389814376831,0.48246774077415466,-0.7628872394561768
810,11361,5006,790,3,0.5099605917930603,0.6658884286880493,-0.2571057081222534
811,11404,18318,328,2,0.49951958656311035,0.6016977429389954,0.6451416015625
812,11452,15117,741,5,0.497751384973526,0.5336109399795532,-0.2101658135652542
813,11483,10718,1072,2,0.5001811385154724,0.7001331448554993,-0.7948859930038452
814,11484,3287,567,3,0.49755972623825073,0.5260602831840515,0.060223013162612915
815,11498,5026,616,3,0.5053778886795044,0.4406719207763672,-0.012840047478675842
816,11512,13876,1110,2,0.5004971027374268,0.5677781105041504,-1.0158092975616455
817,11528,2289,1309,2,0.5008169412612915,0.5252054333686829,-1.783774733543396
818,11576,8125,101,4,0.5076409578323364,0.564071774482727,1.3903204202651978
819,11598,18334,18,4,0.500768780708313,0.4430733323097229,2.2721762657165527
820,11603,1939,15,6,0.4862777292728424,0.41707944869995117,2.131319284439087
821,11629,17954,90,10,0.47395628690719604,0.4830145835876465,1.4343159198760986
822,11632,16103,806,4,0.5070648789405823,0.7104998230934143,-0.21036770939826965
823,11646,17943,226,6,0.48435819149017334,0.5214124321937561,0.7189194560050964
824,11656,18064,434,6,0.4893026053905487,0.49041375517845154,0.3952213227748871
825,11681,18326,1139,7,0.5051280856132507,0.4341348111629486,-1.0310006141662598
826,11704,889,762,2,0.4971145987510681,0.5451016426086426,-0.2613387703895569
827,11722,18307,1038,2,0.5009273290634155,0.533552348613739,-0.7856358289718628
828,11757,3718,364,5,0.49239328503608704,0.434999942779541,0.48293954133987427
829,11763,8267,136,1,0.4774767756462097,0.366487592458725,1.137805461883545
830,11814,9853,908,2,0.5019298791885376,0.5362436175346375,-0.5248017311096191
831,11818,14423,1095,3,0.5066241025924683,0.47609683871269226,-0.8853882551193237
832,11848,10233,4,4,0.5020982623100281,0.33719688653945923,2.8209261894226074
833,11863,12901,736,3,0.5056014060974121,0.47963640093803406,-0.15460315346717834
834,11874,918,424,2,0.4987453818321228,0.5058661699295044,0.3421552777290344
835,11927,18298,302,4,0.5070277452468872,0.5521276593208313,0.6109762787818909
836,11931,1007,1135,3,0.5027341246604919,0.5372705459594727,-0.8851450085639954
837,11932,927,52,2,0.5055297017097473,0.7483988404273987,1.939240574836731
838,11944,15354,679,6,0.4859989285469055,0.3850271701812744,0.031251370906829834
839,11953,14850,218,4,0.49387818574905396,0.3603658378124237,0.8397948741912842
840,11956,17407,207,7,0.49824610352516174,0.4261065721511841,0.8611722588539124
841,12035,3181,124,2,0.4953501522541046,0.4427427351474762,1.3024954795837402
842,12045,16332,1179,7,0.5022870302200317,0.5280505418777466,-0.9630675315856934
843,12075,18268,336,3,0.5068445801734924,0.6322639584541321,0.46104007959365845
844,12091,10468,969,2,0.49886414408683777,0.6022260189056396,-0.5372867584228516
845,12099,11941,136,2,0.5004122853279114,0.5111847519874573,1.2052037715911865
846,12125,18273,784,2,0.4976062774658203,0.4286719560623169,-0.3174368441104889
847,12129,16914,434,2,0.5039705634117126,0.43143710494041443,0.29249799251556396
848,12137,17943,762,3,0.5058169960975647,0.6206957101821899,-0.2507178783416748
849,12147,6706,1,5,0.49427181482315063,0.39062970876693726,3.830341339111328
850,12195,12528,244,2,0.5002943277359009,0.5516882538795471,0.8072340488433838
851,12202,18307,1239,2,0.49838536977767944,0.4846462905406952,-1.2771333456039429
852,12224,9118,796,10,0.46886059641838074,0.5042465925216675,-0.26986318826675415
853,12226,18236,773,1,0.4783128798007965,0.5098364949226379,-0.29730433225631714
854,12232,1651,905,2,0.49020159244537354,0.465139776468277,-0.5157909989356995
855,12265,14751,55,2,0.49950113892555237,0.5837329626083374,1.9712978601455688
856,12270,6879,144,9,0.4792335629463196,0.5643022656440735,1.2644866704940796
857,12294,15705,894,3,0.5028294920921326,0.5045701265335083,-0.5104717016220093
858,12306,16791,364,4,0.5077681541442871,0.589288592338562,0.530396044254303
859,12314,5163,785,2,0.4968630373477936,0.5058645009994507,-0.24681812524795532
860,12340,16791,519,4,0.5025504231452942,0.5097250938415527,0.15363895893096924
861,12342,5119,29,2,0.5012584924697876,0.5733718872070312,2.3789944648742676
862,12355,1118,104,3,0.4982512593269348,0.5156995058059692,1.2140299081802368
863,12375,13373,412,3,0.4992363154888153,0.40812671184539795,0.3912208080291748
864,12409,9866,69,3,0.5112992525100708,0.545046329498291,1.6292884349822998
865,12410,18307,640,5,0.5029122829437256,0.5917867422103882,-0.010465146973729134
866,12443,18333,400,2,0.5007594227790833,0.5617051124572754,0.46083804965019226
867,12451,9405,69,3,0.5084292888641357,0.6361783742904663,1.7397767305374146
868,12455,18320,386,3,0.5067480802536011,0.47725144028663635,0.3853331506252289
869,12484,18298,584,4,0.5086374878883362,0.555061936378479,0.06617280840873718
870,12498,18315,429,7,0.5007350444793701,0.498531699180603,0.3524697721004486
871,12525,18276,294,6,0.489016592502594,0.5113512873649597,0.7398439645767212
872,12526,17086,969,2,0.49777868390083313,0.5247462391853333,-0.645190417766571
873,12528,18287,1014,3,0.4951905310153961,0.32643070816993713,-0.5356993079185486
874,12532,18307,960,5,0.501143217086792,0.5484397411346436,-0.5844777226448059
875,12536,18277,538,2,0.49272605776786804,0.5094718337059021,0.1455785036087036
876,12538,18258,78,4,0.5043214559555054,0.5475799441337585,1.462188720703125
877,12541,18334,509,8,0.502629280090332,0.5184457898139954,0.21816658973693848
878,12567,6751,6,2,0.5014176964759827,0.46792712807655334,3.640622854232788
879,12604,13362,942,4,0.5007771849632263,0.3930324912071228,-0.45590490102767944
880,12614,13884,56,3,0.5089084506034851,0.5901837944984436,1.7962431907653809
881,12615,10459,403,3,0.5004205107688904,0.4217810034751892,0.43949180841445923
882,12616,13654,602,4,0.5030547380447388,0.6042076349258423,0.08672228455543518
883,12637,7962,426,1,0.46779435873031616,0.562219500541687,0.3701140284538269
884,12643,2881,1132,2,0.5028940439224243,0.6452994346618652,-0.8895971775054932
885,12644,13316,564,3,0.49837279319763184,0.39592525362968445,0.20413817465305328
886,12655,9233,616,3,0.5077363848686218,0.4793602526187897,0.010215923190116882
887,12662,18195,817,7,0.4986315369606018,0.48628613352775574,-0.2833561301231384
888,12666,13237,426,2,0.4989273250102997,0.6493966579437256,0.36044442653656006
889,12667,15439,25,1,0.4797140955924988,0.43390294909477234,2.3704116344451904
890,12670,4768,58,2,0.49932464957237244,0.46843835711479187,1.843133568763733
891,12677,8479,321,3,0.500068187713623,0.34619608521461487,0.6231319904327393
892,12692,14484,990,2,0.5059044361114502,0.6639513373374939,-0.671290397644043
893,12733,7560,1129,2,0.5006910562515259,0.574860155582428,-1.0554745197296143
894,12749,18216,8,3,0.5077420473098755,0.6386138200759888,2.3566203117370605
895,12760,13395,829,3,0.5079370737075806,0.5329567790031433,-0.3257777988910675
896,12764,2489,1136,5,0.5001312494277954,0.7075893878936768,-0.9703619480133057
897,12801,18307,1128,4,0.5066444277763367,0.5111401081085205,-0.9370201230049133
898,12811,16435,45,2,0.5053452849388123,0.6216068267822266,2.0887339115142822
899,12831,15705,503,1,0.48097512125968933,0.44645896553993225,0.21829810738563538
900,12840,1088,196,9,0.4744754731655121,0.40060752630233765,0.7410663366317749
901,12853,15758,26,2,0.5035719275474548,0.6857078075408936,2.2007429599761963
902,12866,14860,247,4,0.5061766505241394,0.5390130877494812,0.7785695195198059
903,12873,17473,503,2,0.4997512102127075,0.36319923400878906,0.23547008633613586
904,12874,8413,136,2,0.49880361557006836,0.5476164817810059,1.1411547660827637
905,12892,4219,142,2,0.49087631702423096,0.39827656745910645,1.285021424293518
906,12901,4128,569,2,0.5012710690498352,0.5281149744987488,0.11201794445514679
907,12915,9229,1278,6,0.4871055781841278,0.44414159655570984,-1.6115363836288452
908,12921,4097,1,3,0.5025744438171387,0.5008798837661743,6.39245080947876
909,12941,3276,150,3,0.4997914731502533,0.5824925303459167,1.1559795141220093
910,12946,14677,1171,2,0.503608763217926,0.47043555974960327,-1.065821647644043
911,12999,16033,118,2,0.502782940864563,0.7075714468955994,1.3658273220062256
912,13002,18252,587,2,0.5058821439743042,0.6000995635986328,0.09077642112970352
913,13033,17880,968,2,0.49565809965133667,0.5743892192840576,-0.5997833013534546
914,13112,17025,135,4,0.5074148178100586,0.49705690145492554,1.2320032119750977
915,13113,2817,481,6,0.4877193570137024,0.5902735590934753,0.312081515789032
916,13134,5687,789,2,0.4968037009239197,0.5089614391326904,-0.2563554346561432
917,13145,17303,57,2,0.4934594929218292,0.37806224822998047,1.7587233781814575
918,13176,1081,438,3,0.5012163519859314,0.6050145626068115,0.41590121388435364
919,13189,2990,448,3,0.4986039102077484,0.4934439957141876,0.3927574157714844
920,13240,13396,2,2,0.5015759468078613,0.5680088400840759,3.8019890785217285
921,13244,18051,1308,2,0.5034290552139282,0.49027949571609497,-1.7324802875518799
922,13268,16106,24,2,0.4992757737636566,0.457443505525589,2.5714144706726074
923,13303,11651,148,3,0.5075422525405884,0.5521800518035889,1.1491422653198242
924,13304,17020,1242,2,0.5009622573852539,0.46097955107688904,-1.2606910467147827
925,13317,9299,976,2,0.49877989292144775,0.4564182162284851,-0.6727773547172546
926,13333,18237,216,3,0.4970995783805847,0.4331759214401245,0.9742811918258667
927,13342,16614,114,1,0.47649085521698,0.46128731966018677,1.5388802289962769
928,13358,3694,61,3,0.5078176259994507,0.5634065866470337,1.7258813381195068
929,13376,9009,998,3,0.5073126554489136,0.5851918458938599,-0.7120696306228638
930,13387,15195,785,2,0.5039144158363342,0.6873990297317505,-0.3411977291107178
931,13395,4304,1333,1,0.477250337600708,0.5724873542785645,-1.9081743955612183
932,13398,6048,1031,2,0.502339780330658,0.5162253975868225,-0.7459034323692322
933,13399,6995,33,4,0.5088108777999878,0.2954021692276001,1.7581477165222168
934,13423,15311,325,5,0.49566131830215454,0.3897823989391327,0.5471581220626831
935,13439,8476,1193,3,0.5057908296585083,0.521030068397522,-1.1440660953521729
936,13489,14582,962,6,0.4890795946121216,0.5767539739608765,-0.5398186445236206
937,13504,17545,694,4,0.5018846392631531,0.39792075753211975,-0.09128767251968384
938,13518,14883,73,2,0.49810895323753357,0.439972847700119,1.4563909769058228
939,13530,7663,1080,4,0.5075305700302124,0.4844071567058563,-0.8057002425193787
940,13562,1133,278,5,0.49742552638053894,0.4566315710544586,0.6834660172462463
941,13623,8756,260,4,0.506357729434967,0.5639802813529968,0.8627551794052124
942,13660,9687,730,2,0.49658820033073425,0.5579180121421814,-0.2147131860256195
943,13709,2632,835,4,0.5068193078041077,0.43299055099487305,-0.3539389371871948
944,13722,3359,676,5,0.5008217096328735,0.6207659840583801,-0.11153396964073181
945,13746,14423,515,2,0.49991217255592346,0.47549694776535034,0.14777058362960815
946,13819,7991,1043,4,0.5073893070220947,0.7012462019920349,-0.731968879699707
947,13883,18246,1108,2,0.49429550766944885,0.5020989775657654,-0.8226932883262634
948,13886,18209,398,3,0.5055933594703674,0.6494907140731812,0.4401509463787079
949,13910,5037,125,2,0.5023332238197327,0.6226189732551575,1.3098855018615723
950,13934,1304,128,10,0.4732663333415985,0.47153976559638977,1.144877314567566
951,13935,17714,624,10,0.47078737616539,0.5152294635772705,0.062110841274261475
952,13944,5765,791,2,0.4902532696723938,0.45337939262390137,-0.28885534405708313
953,14048,13369,658,2,0.49769774079322815,0.5226215720176697,-0.025684252381324768
954,14054,7500,488,2,0.5003608465194702,0.4384734034538269,0.3463749885559082
955,14090,17285,1079,2,0.4992322325706482,0.3727489113807678,-0.89255291223526
956,14136,15413,543,3,0.5043962597846985,0.3605417013168335,0.18366020917892456
957,14204,10536,137,1,0.47789305448532104,0.5173346996307373,1.3035693168640137
958,14251,14934,854,2,0.502097487449646,0.504981279373169,-0.41539037227630615
959,14254,18305,106,2,0.4998400807380676,0.5616134405136108,1.356868863105774
960,14270,17756,148,2,0.5000606775283813,0.5248767137527466,1.1539306640625
961,14273,17385,564,3,0.49832814931869507,0.3893797993659973,0.1747022122144699
962,14296,1706,1065,2,0.4977252185344696,0.33124005794525146,-0.7706907987594604
963,14331,18139,1,3,0.5108835101127625,0.6711031794548035,4.443151950836182
964,14342,16123,398,3,0.5077525973320007,0.5692018866539001,0.4009886085987091
965,14347,5895,314,2,0.49623027443885803,0.45120471715927124,0.5805606245994568
966,14366,5425,1079,6,0.4859953820705414,0.5881012082099915,-0.8554573059082031
967,14393,1551,475,3,0.5069937109947205,0.6475199460983276,0.25546666979789734
968,14404,9606,987,7,0.5078573226928711,0.6819562315940857,-0.5599309206008911
969,14438,12047,1085,6,0.48866721987724304,0.5454276204109192,-0.7911942005157471
970,14454,5605,229,4,0.5052729249000549,0.5205332040786743,0.7764587998390198
971,14468,17235,1040,6,0.48580753803253174,0.4967671036720276,-0.6256701350212097
972,14479,11554,102,3,0.49856680631637573,0.25875961780548096,1.2556740045547485
973,14594,18208,343,3,0.4989739954471588,0.5074281692504883,0.5560473799705505
974,14625,6599,1176,4,0.49452367424964905,0.39215999841690063,-0.98049396276474
975,14674,17616,232,1,0.47873908281326294,0.546570897102356,0.8996453881263733
976,14682,16270,863,5,0.4955655634403229,0.5160827040672302,-0.3292747735977173
977,14683,5968,611,2,0.5046483874320984,0.5402118563652039,0.005570933222770691
978,14694,8301,793,3,0.5022823214530945,0.5794175267219543,-0.31920111179351807
979,14714,18274,236,9,0.4770377576351166,0.40693190693855286,0.8301689028739929
980,14732,17177,537,2,0.5018884539604187,0.5069326758384705,0.14453892409801483
981,14738,18148,629,2,0.5018349289894104,0.6614081859588623,0.0071156322956085205
982,14742,8972,58,2,0.5004855394363403,0.5769166350364685,1.849015474319458
983,14749,12497,468,2,0.5006644129753113,0.5906708836555481,0.1927335262298584
984,14772,17586,527,2,0.5015572905540466,0.5599913597106934,0.1341676563024521
985,14786,18232,1024,3,0.5075583457946777,0.562595009803772,-0.6757211685180664
986,14787,17086,148,4,0.5019863247871399,0.5050563216209412,1.1673413515090942
987,14790,7329,1193,2,0.49756136536598206,0.4513845145702362,-1.1307590007781982
988,14791,11551,589,2,0.4922165274620056,0.4056900143623352,0.08615990728139877
989,14800,17699,1274,2,0.5014423131942749,0.5325085520744324,-1.4336357116699219
990,14804,6369,710,4,0.5022984147071838,0.49635934829711914,-0.13014140725135803
991,14852,18279,681,3,0.4989307224750519,0.5145240426063538,-0.15001986920833588
992,14876,16200,113,3,0.5039858222007751,0.45960602164268494,1.151313304901123
993,14899,18218,457,5,0.4989117383956909,0.6696275472640991,0.2675899863243103
994,14929,2083,530,2,0.5016404390335083,0.5197737812995911,0.22613835334777832
995,14934,1280,545,2,0.4992879033088684,0.5888233184814453,0.21960501372814178
996,14959,11567,137,4,0.5088239908218384,0.6904359459877014,1.0987730026245117
997,14994,7324,411,4,0.5048418641090393,0.6329160332679749,0.44306260347366333
998,15000,15269,674,2,0.5019811987876892,0.6060015559196472,-0.1782093644142151
999,15038,18280,952,3,0.5024226307868958,0.53204745054245,-0.616375744342804
1000,15046,10128,150,5,0.5016011595726013,0.5657961368560791,1.2197363376617432
1001,15048,7797,865,2,0.5006138682365417,0.5524207353591919,-0.3941478431224823
1002,15103,2139,558,2,0.497947096824646,0.5184748768806458,0.15483753383159637
1003,15124,12508,1216,8,0.497986763715744,0.584371030330658,-1.1533223390579224
1004,15154,15349,892,2,0.5002278685569763,0.5729415416717529,-0.3895823359489441
1005,15157,13506,436,1,0.47941717505455017,0.45703426003456116,0.38459402322769165
1006,15193,18349,126,4,0.5071755647659302,0.6122376918792725,1.3628628253936768
1007,15200,13419,649,1,0.47982028126716614,0.4101170301437378,-0.052905306220054626
1008,15213,1313,220,2,0.5051805973052979,0.7191792726516724,0.9000476598739624
1009,15225,4530,293,3,0.5090153217315674,0.540831446647644,0.6600218415260315
1010,15236,9572,429,3,0.5075576901435852,0.6809664964675903,0.2933952510356903
1011,15280,5574,181,3,0.5009046792984009,0.4208018183708191,0.9598991870880127
1012,15285,3496,755,4,0.5036055445671082,0.6251961588859558,-0.17790991067886353
1013,15301,15305,1193,3,0.4970930218696594,0.3673776090145111,-0.9639893770217896
1014,15302,11494,310,2,0.5011414289474487,0.679466724395752,0.6984183192253113
1015,15317,17194,791,4,0.5097877383232117,0.35634535551071167,-0.31640905141830444
1016,15344,12651,904,3,0.510283887386322,0.5302548408508301,-0.4710129499435425
1017,15355,18307,1203,2,0.4997001886367798,0.5139554738998413,-1.1841294765472412
1018,15364,1616,911,2,0.5012495517730713,0.584402322769165,-0.49711790680885315
1019,15390,1344,1286,2,0.502404510974884,0.54277104139328,-1.4718024730682373
1020,15400,18079,1102,2,0.4881827235221863,0.3831317722797394,-0.7449313402175903
1021,15435,2184,1257,3,0.5137121081352234,0.5680258870124817,-1.299144983291626
1022,15459,14632,410,5,0.4972120225429535,0.5517359375953674,0.48045575618743896
1023,15466,16243,370,4,0.5029230117797852,0.46700605750083923,0.5519219040870667
1024,15479,17262,774,6,0.48761484026908875,0.6957226395606995,-0.16300278902053833
1025,15499,16628,181,2,0.4989367723464966,0.49526694416999817,1.0668569803237915
1026,15510,5032,580,2,0.4995800256729126,0.6256185173988342,0.10581180453300476
1027,15532,7551,470,1,0.4785643517971039,0.45813074707984924,0.24371474981307983
1028,15543,12564,10,2,0.4997940957546234,0.4710441827774048,3.296940326690674
1029,15546,4997,630,4,0.5077326893806458,0.5766993165016174,0.043101463466882706
1030,15558,17998,893,2,0.5024411082267761,0.5963568687438965,-0.5255699753761292
1031,15572,8902,360,1,0.48107022047042847,0.46955406665802,0.5564923286437988
1032,15614,18325,1176,4,0.5060985088348389,0.5853992700576782,-1.0457401275634766
1033,15621,12104,177,2,0.5008812546730042,0.5341231226921082,1.1618932485580444
1034,15682,15312,1138,6,0.489917129278183,0.7382848858833313,-1.0665642023086548
1035,15690,14153,865,3,0.504902184009552,0.4529375433921814,-0.3145280182361603
1036,15717,2276,542,7,0.5003032684326172,0.47271010279655457,0.18201354146003723
1037,15728,9034,542,3,0.5042735934257507,0.5643485188484192,0.15211674571037292
1038,15761,14153,677,2,0.4999980330467224,0.4743960499763489,-0.0008286833763122559
1039,15772,5739,755,3,0.5091701149940491,0.4413369596004486,-0.19574052095413208
1040,15795,6325,1045,2,0.4959340989589691,0.5029392242431641,-0.6495262384414673
1041,15806,6163,52,10,0.473019003868103,0.6326886415481567,1.7097043991088867
1042,15808,7479,322,8,0.497728168964386,0.49582639336586,0.567433774471283
1043,15822,15536,659,1,0.47739461064338684,0.4017676115036011,-0.03778216242790222
1044,15823,17696,563,2,0.5025187730789185,0.6779451966285706,0.11541515588760376
1045,15827,7000,25,4,0.5059823989868164,0.6369993686676025,2.0853965282440186
1046,15855,10828,404,2,0.5009097456932068,0.6164697408676147,0.4396182894706726
1047,15864,3614,29,3,0.5112337470054626,0.2940106689929962,1.9617033004760742
1048,15912,2093,1083,3,0.5035459399223328,0.5786250829696655,-0.739805281162262
1049,15935,11500,189,2,0.5026339888572693,0.5562474131584167,1.0021693706512451
1050,15971,13943,468,2,0.49591708183288574,0.4312075078487396,0.38017040491104126
1051,15981,6327,548,4,0.5059669613838196,0.4341210722923279,0.12066732347011566
1052,15985,17264,958,3,0.5045334696769714,0.5983881950378418,-0.6408116817474365
1053,16030,4158,256,4,0.5061994194984436,0.4772127866744995,0.8119384050369263
1054,16054,8999,373,2,0.4966328740119934,0.506255030632019,0.47510725259780884
1055,16055,3747,313,2,0.4992925524711609,0.6172503232955933,0.6169016361236572
1056,16085,17824,622,6,0.48896071314811707,0.6591949462890625,0.0690104067325592
1057,16099,3541,374,2,0.5013788938522339,0.42903199791908264,0.45704713463783264
1058,16105,14565,572,5,0.5001859664916992,0.6542003750801086,0.09885445237159729
1059,16174,18098,331,3,0.505043089389801,0.6229868531227112,0.5952683687210083
1060,16205,17886,146,2,0.5065189599990845,0.7069370746612549,1.3362524509429932
1061,16220,14565,61,1,0.47834908962249756,0.6028773784637451,2.0174036026000977
1062,16288,18195,289,2,0.49947085976600647,0.5582762956619263,0.7670518755912781
1063,16325,16394,437,5,0.49961769580841064,0.5821827054023743,0.2518986165523529
1064,16411,10478,859,2,0.48565033078193665,0.354361891746521,-0.22616299986839294
1065,16421,1739,475,3,0.5073663592338562,0.6582507491111755,0.256145179271698
1066,16433,2198,915,2,0.5022727847099304,0.6490886211395264,-0.507746160030365
1067,16449,10682,5,3,0.5120963454246521,0.6640908122062683,3.001681089401245
1068,16472,5992,517,2,0.49820640683174133,0.5563811659812927,0.19715498387813568
1069,16499,15640,60,2,0.4982847571372986,0.4535052180290222,1.840563416481018
1070,16501,11986,1205,4,0.5067342519760132,0.6462652683258057,-1.0118666887283325
1071,16533,11467,517,1,0.4752970039844513,0.6611871123313904,0.20921894907951355
1072,16535,6848,587,2,0.49830061197280884,0.4828718304634094,0.10613624006509781
1073,16544,17149,79,2,0.49773135781288147,0.49524229764938354,1.4875268936157227
1074,16548,1486,980,3,0.49586793780326843,0.4717852473258972,-0.4549252390861511
1075,16554,16707,101,2,0.5049298405647278,0.3085007667541504,1.6293623447418213
1076,16636,9949,468,2,0.5041016936302185,0.5136840343475342,0.2766377329826355
1077,16666,18185,1117,5,0.49813467264175415,0.45672330260276794,-0.8533080816268921
1078,16672,11904,647,3,0.510258674621582,0.6134297847747803,-0.0439208447933197
1079,16675,18072,132,2,0.4987410604953766,0.5990803837776184,1.3643877506256104
1080,16718,18309,644,3,0.4960971474647522,0.4948626160621643,-0.002428293228149414
1081,16746,17960,120,1,0.47991594672203064,0.5712007880210876,1.2223669290542603
1082,16750,13181,59,2,0.49974286556243896,0.4292408525943756,1.950981616973877
1083,16843,18014,643,2,0.4936625361442566,0.42870232462882996,-0.0060498639941215515
1084,16850,14407,647,8,0.4997687339782715,0.5816142559051514,-0.02985672652721405
1085,16851,13782,1,2,0.4980570673942566,0.5104992985725403,4.9892425537109375
1086,16869,1529,1342,2,0.49260327219963074,0.30135640501976013,-2.570970058441162
1087,16876,15991,1035,3,0.4974673092365265,0.49387362599372864,-0.6289166212081909
1088,16919,18330,1055,3,0.49775582551956177,0.37520405650138855,-0.7196301221847534
1089,16920,17940,13,2,0.4972213804721832,0.38889607787132263,2.6601767539978027
1090,16923,17090,541,5,0.5008372068405151,0.5707135796546936,0.15730760991573334
1091,16956,18335,949,3,0.5116173624992371,0.6013668179512024,-0.5246180295944214
1092,16974,16799,492,2,0.49593380093574524,0.4631606936454773,0.21344110369682312
1093,16980,10153,608,3,0.5064634084701538,0.4340178668498993,0.04533110558986664
1094,17008,17099,1071,3,0.5052340626716614,0.3687855005264282,-0.7922253608703613
1095,17020,8139,87,4,0.5034645795822144,0.5192577242851257,1.3386632204055786
1096,17026,16018,1054,2,0.49967077374458313,0.5972960591316223,-0.7738322615623474
1097,17047,14207,844,3,0.5094483494758606,0.6961886286735535,-0.4217883050441742
1098,17057,10204,126,2,0.4992733895778656,0.4722311496734619,1.3460068702697754
1099,17060,18307,536,5,0.49906107783317566,0.5308551788330078,0.09082828462123871
1100,17071,1553,585,2,0.49866870045661926,0.6217657923698425,0.14985233545303345
1101,17087,9450,111,5,0.4965885877609253,0.4507177770137787,1.30448579788208
1102,17101,2093,132,9,0.4779248535633087,0.6505073308944702,1.2233655452728271
1103,17121,16953,160,5,0.49763309955596924,0.4652286171913147,1.037970781326294
1104,17124,10673,348,2,0.4931703209877014,0.4588969945907593,0.6092969179153442
1105,17152,17085,138,2,0.5027227401733398,0.6852858662605286,1.2459592819213867
1106,17183,17209,1190,3,0.5089209675788879,0.6483748555183411,-1.0812455415725708
1107,17202,13844,1010,5,0.49791860580444336,0.5753510594367981,-0.518477737903595
1108,17212,6427,302,3,0.5101783871650696,0.5769473910331726,0.7622828483581543
1109,17220,3558,112,1,0.48104411363601685,0.4245368540287018,1.3700602054595947
1110,17224,15436,514,4,0.49980148673057556,0.5044589042663574,0.22413718700408936
1111,17267,17891,1108,2,0.5040982365608215,0.6149352192878723,-0.979834794998169
1112,17276,12421,364,2,0.5027834177017212,0.640404999256134,0.52708899974823
1113,17300,15345,610,4,0.5060775876045227,0.5609112977981567,0.07831598818302155
1114,17372,1600,107,2,0.495525598526001,0.48031049966812134,1.282724380493164
1115,17457,11561,703,2,0.5011113286018372,0.499569296836853,-0.1945110708475113
1116,17495,13746,402,4,0.5056552886962891,0.5824409127235413,0.4002254903316498
1117,17519,7728,486,2,0.49941226840019226,0.5811726450920105,0.18972516059875488
1118,17524,5858,647,2,0.5002771615982056,0.5873223543167114,-0.06548839807510376
1119,17598,12390,1242,2,0.5031383037567139,0.5823788642883301,-1.3238592147827148
1120,17631,16332,1292,2,0.5059881806373596,0.6920261979103088,-1.5555839538574219
1121,17671,18277,285,2,0.4891810119152069,0.46183449029922485,0.7148977518081665
1122,17672,17085,606,3,0.4983745217323303,0.5261956453323364,-0.0841488391160965
1123,17673,18277,477,4,0.5000379085540771,0.5784998536109924,0.24342483282089233
1124,17677,18232,1117,4,0.5037120580673218,0.5321691036224365,-0.8721768260002136
1125,17682,17566,274,3,0.5068114995956421,0.6240860223770142,0.6680655479431152
1126,17684,18307,128,2,0.4967752695083618,0.4682110846042633,1.4426352977752686
1127,17687,18334,36,2,0.49492159485816956,0.4199214577674866,2.636098623275757
1128,17726,14458,830,4,0.5062916278839111,0.6201526522636414,-0.28746935725212097
1129,17759,6715,817,7,0.5041088461875916,0.4381263554096222,-0.23323014378547668
1130,17762,14127,1163,3,0.49693259596824646,0.4407862424850464,-0.905910313129425
1131,17766,12513,345,4,0.5030361413955688,0.6043950319290161,0.5938385725021362
1132,17802,15592,863,3,0.5070008635520935,0.5425732135772705,-0.4007701277732849
1133,17838,2113,617,2,0.5009278059005737,0.5366182923316956,-0.019178982824087143
1134,17873,12848,696,2,0.5011340379714966,0.6033627986907959,-0.16573108732700348
1135,17893,1670,506,2,0.49495643377304077,0.5232552289962769,0.15730538964271545
1136,17953,17564,1130,1,0.4804687201976776,0.6038647890090942,-0.879082441329956
1137,17991,2971,390,2,0.5030725598335266,0.6665109395980835,0.4054133892059326
1138,17995,16729,520,2,0.4933835566043854,0.44121482968330383,0.09438567608594894
1139,18018,1690,55,3,0.4997345507144928,0.3131332993507385,1.6991838216781616
1140,18024,13448,1227,4,0.4962333142757416,0.40454238653182983,-1.1207317113876343
1141,18025,14224,196,3,0.5079700946807861,0.5589086413383484,1.0143814086914062
1142,18031,2858,319,5,0.49192094802856445,0.3814409673213959,0.5861918330192566
1143,18039,15079,23,2,0.4885965585708618,0.385191410779953,2.1690304279327393
1144,18047,14827,1156,2,0.48974722623825073,0.3923581838607788,-0.8873704671859741
1145,18057,3421,1097,4,0.5080387592315674,0.5472536087036133,-0.9314734935760498
1146,18064,1696,17,2,0.49768051505088806,0.35386916995048523,2.0834732055664062
1147,18077,18315,625,2,0.48386886715888977,0.3393625020980835,0.01338677853345871
1148,18125,12726,616,2,0.49084901809692383,0.3468877673149109,-0.012682303786277771
1149,18177,15989,65,2,0.5018632411956787,0.559114933013916,1.7101486921310425
1150,18224,1800,756,2,0.5035389065742493,0.6537190675735474,-0.2948629856109619
1151,18236,16635,311,3,0.50654137134552,0.5389342904090881,0.6689286231994629
1152,18246,10517,411,2,0.5003159642219543,0.5906460285186768,0.3673171401023865
1153,18247,18064,705,1,0.4751882255077362,0.5252078175544739,-0.1522301882505417
1154,18341,17227,649,2,0.5030217170715332,0.5214447379112244,-0.0330253541469574
1155,18343,4770,345,4,0.5006549954414368,0.5133989453315735,0.6084055304527283
1156,18350,10576,528,2,0.5033671855926514,0.7159357666969299,0.23094457387924194
1157,18365,6783,982,2,0.4886109232902527,0.3711225986480713,-0.5527015328407288
1158,18395,7385,1194,2,0.5017393231391907,0.5640273094177246,-1.1314716339111328
1159,18461,5369,1112,2,0.5024462938308716,0.48985493183135986,-0.8686753511428833
1160,18470,17742,1118,1,0.48054584860801697,0.41102877259254456,-0.9242174625396729
1161,18593,12414,336,2,0.5014095902442932,0.6497911214828491,0.571082353591919
1162,18602,17453,178,3,0.509634256362915,0.554780125617981,0.947458803653717
1163,18645,5465,227,2,0.4994172751903534,0.4616750478744507,0.9487571120262146
1164,18685,14450,1024,2,0.495640367269516,0.5215656757354736,-0.6043176054954529
1165,18703,15523,251,2,0.501717746257782,0.6012911796569824,0.8079633712768555
1166,18711,6350,1107,4,0.5082871913909912,0.6981202363967896,-0.8697162866592407
1167,18712,7664,614,2,0.5012220740318298,0.6017895936965942,0.048129573464393616
1168,18724,2743,1137,3,0.5053150653839111,0.5672080516815186,-0.9196107387542725
1169,18778,10204,247,3,0.5064162015914917,0.4855836033821106,0.8041589856147766
1170,18792,17714,1308,3,0.5049768090248108,0.552964985370636,-1.5521289110183716
1171,18845,3209,194,1,0.48134955763816833,0.41412124037742615,0.9766067862510681
1172,19003,10422,1148,2,0.4949415624141693,0.5791820287704468,-1.000435471534729
1173,19089,5555,891,2,0.5025214552879333,0.4822675287723541,-0.4824332594871521
1174,19112,1884,123,3,0.5111407041549683,0.6756343841552734,1.3529045581817627
1175,19133,18326,479,1,0.47527772188186646,0.512480616569519,0.23308385908603668
1176,19139,18112,615,1,0.4810085892677307,0.5797504186630249,0.037984877824783325
1177,19140,1866,317,2,0.5028328895568848,0.6462305188179016,0.6926649808883667
1178,19156,17724,1256,3,0.5099886059761047,0.5692043900489807,-1.2668925523757935
1179,19182,17521,3,3,0.5006959438323975,0.3252803087234497,2.895192861557007
1180,19205,14676,501,3,0.5089175701141357,0.6503276228904724,0.22877530753612518
1181,19224,9447,523,4,0.502867579460144,0.4435195326805115,0.20187151432037354
1182,19257,12210,268,3,0.5018507838249207,0.5315980911254883,0.6768122315406799
1183,19262,18150,540,3,0.5073463320732117,0.7350965142250061,0.09682336449623108
1184,19263,11705,325,1,0.4772522747516632,0.6580047011375427,0.5944109559059143
1185,19276,1885,1294,4,0.5061711072921753,0.3828839063644409,-1.4608237743377686
1186,19311,5602,511,1,0.469092458486557,0.8044993877410889,0.18946915864944458
1187,19318,18209,1099,4,0.5079448223114014,0.6621571779251099,-0.8632940053939819
1188,19354,6295,532,7,0.5087879300117493,0.5410844683647156,0.1630811244249344
1189,19377,16132,152,2,0.4978954792022705,0.5178375840187073,1.1280267238616943
1190,19408,4834,70,2,0.5003024935722351,0.6296261548995972,1.820603370666504
1191,19415,17473,13,2,0.48998117446899414,0.29735705256462097,2.3540170192718506
1192,19484,18261,1124,5,0.49291253089904785,0.4819697141647339,-0.7900437116622925
1193,19490,18023,648,3,0.5094383955001831,0.6944016218185425,-0.004372924566268921
1194,19525,12093,965,2,0.4954124987125397,0.39968329668045044,-0.5282901525497437
1195,19541,18305,429,2,0.49710187315940857,0.5312479734420776,0.30530017614364624
1196,19575,2062,1303,3,0.49411988258361816,0.3594743609428406,-1.4925819635391235
1197,19634,9633,501,2,0.4987371861934662,0.5511472821235657,0.24740755558013916
1198,19663,15607,28,2,0.4956970512866974,0.3964454233646393,2.1482677459716797
1199,19683,7946,241,2,0.48988011479377747,0.35638827085494995,0.6893973350524902
1200,19720,9142,171,2,0.504413902759552,0.603789210319519,1.216530680656433
1201,19732,18337,1280,2,0.4905579686164856,0.4678567945957184,-1.4306703805923462
1202,19854,15569,292,2,0.5050965547561646,0.6253728866577148,0.7812572717666626
1203,19858,15500,405,2,0.502779483795166,0.6657152771949768,0.398682177066803
1204,19859,6979,1002,3,0.5000539422035217,0.5573127269744873,-0.4977358281612396
1205,19896,9866,64,3,0.5098280906677246,0.5464385151863098,1.6938191652297974
1206,19919,5686,434,4,0.5086972713470459,0.607755720615387,0.37828221917152405
1207,19943,15782,263,1,0.4763009250164032,0.6248300671577454,0.7399935126304626
1208,19947,17227,714,2,0.5032715201377869,0.5347623229026794,-0.18895673751831055
1209,19948,18307,971,8,0.5005766153335571,0.5169816613197327,-0.5308415293693542
1210,19983,17075,541,6,0.487875759601593,0.577942967414856,0.11962547898292542
1211,20033,2029,34,4,0.501123309135437,0.45388123393058777,1.8574141263961792
1212,20038,18315,243,3,0.5011433362960815,0.5051910281181335,0.7634533047676086
1213,20043,6335,618,2,0.5028546452522278,0.6821680665016174,-0.004831746220588684
1214,20047,2030,558,2,0.4994305968284607,0.4725848436355591,0.1775195449590683
1215,20051,18307,1314,10,0.47184333205223083,0.468241423368454,-1.4096887111663818
1216,20056,6970,1099,3,0.5033994317054749,0.416502982378006,-0.862798810005188
1217,20075,16720,1140,2,0.4980952739715576,0.4788910448551178,-0.8736734390258789
1218,20085,8761,497,3,0.49385514855384827,0.36241552233695984,0.2348463535308838
1219,20106,13980,529,2,0.5025054812431335,0.6923762559890747,0.1736622452735901
1220,20107,15253,861,2,0.5013498663902283,0.6285008192062378,-0.4134923219680786
1221,20166,2045,4,4,0.4945644438266754,0.3068750202655792,3.2977213859558105
1222,20186,11187,390,3,0.5102273225784302,0.5205737352371216,0.46590787172317505
1223,20190,10107,898,2,0.4958702325820923,0.5081645846366882,-0.4532908797264099
1224,20217,17523,203,3,0.510607123374939,0.6514405012130737,0.9692292213439941
1225,20219,18195,752,10,0.47191306948661804,0.5600152611732483,-0.0534813329577446
1226,20277,3637,985,1,0.48116081953048706,0.4235474467277527,-0.6253926753997803
1227,20278,9740,20,2,0.5005536079406738,0.5251370668411255,2.815579652786255
1228,20332,2075,398,4,0.5059683322906494,0.6475509405136108,0.5159652233123779
1229,20352,12477,1115,2,0.5007322430610657,0.4234500825405121,-0.8990052342414856
1230,20369,5489,924,6,0.48808854818344116,0.5164026021957397,-0.4361763000488281
1231,20387,7000,248,2,0.4944017827510834,0.5155099630355835,0.7090076208114624
1232,20412,3451,787,2,0.4999946355819702,0.5008319020271301,-0.2712833881378174
1233,20421,16985,917,2,0.4996953010559082,0.5480384230613708,-0.45421597361564636
1234,20453,15222,833,3,0.5013195872306824,0.3624773323535919,-0.3309963047504425
1235,20466,18179,399,2,0.49128150939941406,0.5238673686981201,0.43025892972946167
1236,20467,17640,944,1,0.4778425395488739,0.3963811993598938,-0.5241531133651733
1237,20484,4206,1323,2,0.5016807913780212,0.613664984703064,-1.8538898229599
1238,20592,17799,866,2,0.49869871139526367,0.48064514994621277,-0.47409501671791077
1239,20630,5831,292,1,0.4808642268180847,0.5385359525680542,0.6480940580368042
1240,20651,4713,1,2,0.49365103244781494,0.36718475818634033,5.491208076477051
1241,20693,10067,334,3,0.5033991932868958,0.608429491519928,0.5576560497283936
1242,20744,17090,816,3,0.5075286030769348,0.5565283894538879,-0.31326791644096375
1243,20748,18274,519,3,0.49890708923339844,0.3650590181350708,0.1824759840965271
1244,20772,18254,514,2,0.5021348595619202,0.5955939292907715,0.24344992637634277
1245,20783,2142,346,2,0.4999755024909973,0.561077892780304,0.5264998078346252
1246,20831,18307,6,3,0.5087634921073914,0.5251897573471069,2.6948208808898926
1247,20841,14676,1231,3,0.49777430295944214,0.46611467003822327,-1.3127586841583252
1248,20847,11418,70,3,0.5131045579910278,0.7792789340019226,1.775831937789917
1249,20851,14188,1051,2,0.506338357925415,0.692494809627533,-0.8403772115707397
1250,20853,15782,1161,2,0.5048326849937439,0.6691000461578369,-1.1448860168457031
1251,20854,9326,1191,3,0.5044488906860352,0.5264440774917603,-1.0665397644042969
1252,20872,16200,78,4,0.5076768398284912,0.5061466693878174,1.4119102954864502
1253,20887,10977,943,1,0.47693589329719543,0.5526005625724792,-0.4943709075450897
1254,20904,17393,1234,2,0.4992925524711609,0.4129039943218231,-1.196730613708496
1255,20922,5220,769,1,0.4711357653141022,0.6296219825744629,-0.2647154927253723
1256,20937,2173,27,2,0.5006620287895203,0.5212328433990479,2.334590435028076
1257,20938,18334,1127,2,0.5015869140625,0.5122697353363037,-0.8985927104949951
1258,20958,3469,194,1,0.48022374510765076,0.4423960745334625,1.038371205329895
1259,20995,4453,899,2,0.49463674426078796,0.3254292607307434,-0.4579942226409912
1260,21004,15673,1328,2,0.5010875463485718,0.5330780744552612,-1.777754545211792
1261,21038,10138,3,4,0.5027604103088379,0.3653748631477356,3.0436346530914307
1262,21047,16702,1005,3,0.5101960301399231,0.463518887758255,-0.6946609616279602
1263,21102,18205,1308,2,0.5023365020751953,0.705584704875946,-1.6494866609573364
1264,21113,2284,894,5,0.49606266617774963,0.42910096049308777,-0.4011838436126709
1265,21122,16791,785,3,0.4965350329875946,0.44786760210990906,-0.1975543200969696
1266,21145,5951,1307,2,0.48883694410324097,0.29245731234550476,-1.6349126100540161
1267,21156,11280,767,3,0.5009469389915466,0.5504660606384277,-0.19083073735237122
1268,21165,14552,357,3,0.501698911190033,0.42148134112358093,0.5396813750267029
1269,21184,17376,1095,2,0.49943381547927856,0.5304064154624939,-0.8494184613227844
1270,21194,17662,1247,3,0.5055019855499268,0.4545298218727112,-1.2262349128723145
1271,21203,17071,599,2,0.5030490756034851,0.49595847725868225,0.10515506565570831
1272,21204,15508,297,4,0.50541090965271,0.5716001391410828,0.6623402833938599
1273,21227,6318,821,3,0.5075424313545227,0.6321359872817993,-0.309917151927948
1274,21350,6924,1017,3,0.4938599765300751,0.4685390293598175,-0.7316946387290955
1275,21383,2295,322,6,0.48372912406921387,0.5436443090438843,0.5526678562164307
1276,21533,15709,356,1,0.473187118768692,0.7490182518959045,0.5337129831314087
1277,21589,17979,1090,2,0.503624677658081,0.580231249332428,-0.7970871925354004
1278,21598,2275,120,2,0.5013511180877686,0.5339512228965759,1.298289179801941
1279,21600,11465,417,2,0.4828627109527588,0.2904651463031769,0.4187137484550476
1280,21602,14752,752,2,0.5035417675971985,0.6858475208282471,-0.24004654586315155
1281,21701,11507,644,4,0.5072469115257263,0.7375004887580872,-0.005600571632385254
1282,21715,8212,1209,1,0.4814670979976654,0.4299444556236267,-1.0865532159805298
1283,21772,18287,1102,3,0.5050301551818848,0.3796621859073639,-0.8937780857086182
1284,21777,18334,667,2,0.5002599358558655,0.495297372341156,-0.11802537739276886
1285,21797,18298,506,4,0.49957025051116943,0.4590057134628296,0.25606462359428406
1286,21804,5605,132,2,0.4925905466079712,0.4220888614654541,1.110843300819397
1287,21811,2308,633,2,0.5046355128288269,0.549616277217865,-0.08331829309463501
1288,21823,13267,935,2,0.49849796295166016,0.5425455570220947,-0.5359542369842529
1289,21878,17494,666,2,0.49891647696495056,0.46600979566574097,-0.08875521272420883
1290,21909,10284,9,3,0.5096602439880371,0.5525908470153809,3.1073222160339355
1291,21923,18287,122,3,0.501139760017395,0.36343348026275635,1.3366608619689941
1292,21927,18307,1036,5,0.5001976490020752,0.5313103199005127,-0.7555046677589417
1293,21941,7191,554,2,0.4899793863296509,0.38460347056388855,0.14003679156303406
1294,21944,5503,542,2,0.49331310391426086,0.4606754779815674,0.20086553692817688
1295,21963,16074,1179,2,0.4906337261199951,0.35818973183631897,-0.9990704655647278
1296,21982,16948,1157,1,0.48088493943214417,0.39854392409324646,-0.9474782347679138
1297,22031,7573,990,2,0.4998435378074646,0.4041166305541992,-0.6503225564956665
1298,22045,16809,867,4,0.5078521370887756,0.6318067312240601,-0.36584603786468506
1299,22050,3741,286,2,0.5035881400108337,0.6609429717063904,0.7126426696777344
1300,22059,17824,244,3,0.5101908445358276,0.6781074404716492,0.8782215714454651
1301,22068,14576,1060,2,0.5004708766937256,0.6375481486320496,-0.765324592590332
1302,22072,17588,993,7,0.4996641278266907,0.47271186113357544,-0.4712230861186981
1303,22085,13576,80,2,0.5039529204368591,0.5608320832252502,1.682984471321106
1304,22180,6169,964,4,0.510258138179779,0.7749918699264526,-0.6505983471870422
1305,22219,5706,4,4,0.5015271902084351,0.3091391324996948,2.7189595699310303
1306,22224,15249,583,2,0.4965323507785797,0.4608222544193268,0.11302575469017029
1307,22357,11536,363,3,0.5082963705062866,0.5893722772598267,0.5550646781921387
1308,22362,18281,294,3,0.4991433322429657,0.5102684497833252,0.6968011856079102
1309,22386,4277,1254,2,0.500683069229126,0.390127032995224,-1.3938202857971191
1310,22399,18254,142,1,0.47943374514579773,0.5453457236289978,1.1396195888519287
1311,22549,18281,709,3,0.5094937086105347,0.62615567445755,-0.1610378623008728
1312,22556,15601,637,2,0.5022572875022888,0.6918638944625854,-0.021073460578918457
1313,22562,15334,13,1,0.48056355118751526,0.3494281470775604,2.8301093578338623
1314,22613,17352,472,3,0.5054574608802795,0.48580873012542725,0.3070579767227173
1315,22630,18320,417,5,0.49604976177215576,0.47300833463668823,0.41296854615211487
1316,22638,2483,23,2,0.5022620558738708,0.6870569586753845,2.245770215988159
1317,22732,7713,717,3,0.5110068917274475,0.601281464099884,-0.15146425366401672
1318,22746,13014,630,2,0.4996991753578186,0.6027550101280212,-0.002765744924545288
1319,22749,17816,422,2,0.4987913966178894,0.594901978969574,0.42029958963394165
1320,22774,15721,448,2,0.5023782253265381,0.6147316098213196,0.3444150388240814
1321,22805,15545,354,1,0.4770545959472656,0.46658340096473694,0.5781784653663635
1322,22839,14074,4,2,0.5005192160606384,0.5429977178573608,3.623155355453491
1323,22910,2537,1206,2,0.4982626736164093,0.6786847114562988,-1.147033452987671
1324,22927,11209,737,2,0.49361100792884827,0.4147087037563324,-0.18872493505477905
1325,22932,13312,1232,2,0.5045551657676697,0.5497469902038574,-1.3670566082000732
1326,22955,18145,570,2,0.49608683586120605,0.4460289776325226,0.14475277066230774
1327,22960,7215,271,2,0.4914577603340149,0.34202882647514343,0.6066348552703857
1328,22967,18298,289,2,0.4983510673046112,0.4871675968170166,0.7504178285598755
1329,22968,14125,1113,1,0.4814521074295044,0.39900967478752136,-0.8714172840118408
1330,22974,18278,633,4,0.5075188875198364,0.5367646813392639,-0.010220356285572052
1331,22996,2562,544,3,0.5048065781593323,0.5054235458374023,0.2043353170156479
1332,23009,13091,283,2,0.49783703684806824,0.5341984629631042,0.6316790580749512
1333,23099,11865,721,2,0.49424880743026733,0.5067048072814941,-0.14536750316619873
1334,23111,17316,595,2,0.5022627711296082,0.429227352142334,0.07752177119255066
1335,23112,2573,554,2,0.5012181997299194,0.6030455827713013,0.14684034883975983
1336,23118,2575,617,3,0.4974454641342163,0.4324042499065399,0.08920702338218689
1337,23124,13432,578,2,0.4907907247543335,0.41098445653915405,0.10286977142095566
1338,23179,9679,724,2,0.48811909556388855,0.43862128257751465,-0.06413593888282776
1339,23180,7134,1270,2,0.5042076706886292,0.5737316608428955,-1.4156229496002197
1340,23211,8352,517,3,0.5108871459960938,0.5266495943069458,0.18003857135772705
1341,23236,17474,81,1,0.47969725728034973,0.333204060792923,1.6254831552505493
1342,23250,18069,581,2,0.4927128553390503,0.3787258267402649,0.09269677102565765
1343,23256,13780,757,1,0.47297403216362,0.7834257483482361,-0.30152565240859985
1344,23285,18274,1206,2,0.4974707067012787,0.3812170624732971,-1.1052286624908447
1345,23304,3248,264,2,0.49839961528778076,0.5347586870193481,0.7888148427009583
1346,23327,2600,935,2,0.499729186296463,0.4380364716053009,-0.5103713870048523
1347,23346,3436,1,7,0.5087217092514038,0.6903225183486938,6.123318672180176
1348,23378,14814,1096,1,0.4799838066101074,0.4706985354423523,-0.7639566659927368
1349,23393,2612,1030,3,0.5087748169898987,0.5218067765235901,-0.712434709072113
1350,23420,12608,357,2,0.49919164180755615,0.6445382237434387,0.41158878803253174
1351,23426,15519,338,3,0.5079204440116882,0.48208147287368774,0.48382461071014404
1352,23476,11411,166,1,0.4778973162174225,0.5126662850379944,1.2174572944641113
1353,23519,18084,310,1,0.4788205325603485,0.5189885497093201,0.7063471674919128
1354,23525,15334,844,2,0.5007761716842651,0.42417073249816895,-0.4165313243865967
1355,23544,12949,167,2,0.4907552897930145,0.338632732629776,0.9488726854324341
1356,23602,3783,652,3,0.5064218044281006,0.5480539798736572,-0.01960468664765358
1357,23769,17270,82,3,0.5122190713882446,0.6202647089958191,1.5421615839004517
1358,23805,3782,46,2,0.5043321847915649,0.6683908700942993,2.1782562732696533
1359,23824,18012,1115,4,0.5080574154853821,0.6169469356536865,-0.8183702826499939
1360,23847,9061,282,6,0.48754581809043884,0.5069176554679871,0.7465084195137024
1361,23849,17941,412,2,0.49372225999832153,0.33028706908226013,0.4473578631877899
1362,23857,10274,87,3,0.511777400970459,0.59390789270401,1.5435895919799805
1363,23875,8813,138,5,0.4997580051422119,0.5853660702705383,1.1942859888076782
1364,23893,17085,487,2,0.4993733763694763,0.5965572595596313,0.24721428751945496
1365,23904,18244,855,3,0.505101203918457,0.5393667817115784,-0.4151622951030731
1366,23911,4017,1332,2,0.50334632396698,0.45075860619544983,-1.7884280681610107
1367,23921,18307,1249,5,0.4999486207962036,0.4993610978126526,-1.370267629623413
1368,23925,18334,568,2,0.4990091919898987,0.4593445360660553,0.12274635583162308
1369,23945,7661,914,3,0.5062819123268127,0.4648326337337494,-0.4367671608924866
1370,23972,15190,51,3,0.4929008185863495,0.3077385723590851,1.6573752164840698
1371,23999,4380,1234,2,0.4853959083557129,0.3372374475002289,-1.1324619054794312
1372,24003,2971,890,3,0.49853968620300293,0.5139385461807251,-0.4011436104774475
1373,24050,6108,171,2,0.4985175132751465,0.6088725328445435,0.9912118911743164
1374,24072,6330,1157,3,0.5073376297950745,0.644558310508728,-0.9361869692802429
1375,24092,14883,579,1,0.4786606431007385,0.34539803862571716,0.09063474833965302
1376,24155,2770,494,2,0.5038318037986755,0.6299777626991272,0.25008097290992737
1377,24243,18244,222,2,0.5025618076324463,0.6049118638038635,1.0160036087036133
1378,24274,3994,95,2,0.5006436109542847,0.44826650619506836,1.428033709526062
1379,24335,17539,533,2,0.49935758113861084,0.4888670742511749,0.1794165074825287
1380,24355,17025,286,5,0.5002968907356262,0.4740878939628601,0.676504373550415
1381,24362,9678,986,3,0.4998035132884979,0.5332872867584229,-0.59015953540802
1382,24407,12340,591,2,0.4986932575702667,0.5154126882553101,0.10228517651557922
1383,24515,18324,375,5,0.4974026381969452,0.37880033254623413,0.5363047122955322
1384,24518,15607,76,4,0.4970824420452118,0.38345640897750854,1.4861105680465698
1385,24572,16096,1327,2,0.49182531237602234,0.33908501267433167,-1.9716631174087524
1386,24580,2853,1316,2,0.5025582313537598,0.5165453553199768,-1.741987943649292
1387,24605,13239,413,2,0.4949125349521637,0.33058345317840576,0.2561667859554291
1388,24757,17146,1186,2,0.5020468235015869,0.6599964499473572,-1.0286295413970947
1389,24760,13540,136,2,0.5046284198760986,0.6151543259620667,1.3603498935699463
1390,24761,7440,267,2,0.5046159029006958,0.6713437438011169,0.8271492123603821
1391,24784,9372,1021,2,0.498394250869751,0.5025851726531982,-0.6302374005317688
1392,24831,5236,171,3,0.5038340091705322,0.4716750383377075,0.8569804430007935
1393,24845,12334,178,3,0.5047484636306763,0.4411214292049408,0.960040271282196
1394,24872,3582,156,2,0.5012969970703125,0.48682036995887756,1.3791766166687012
1395,24929,17021,590,2,0.5002296566963196,0.5626171827316284,0.05209854245185852
1396,24952,18164,630,10,0.4716823697090149,0.5366233587265015,-0.014723159372806549
1397,24957,17943,615,6,0.4871477484703064,0.5861822366714478,-0.0057777464389801025
1398,24962,18307,1178,4,0.4974723160266876,0.43256160616874695,-0.9726150631904602
1399,24964,18209,998,3,0.5021498203277588,0.5628197193145752,-0.6090840101242065
1400,24966,18276,779,4,0.5059470534324646,0.4996781051158905,-0.23274102807044983
1401,24967,17085,270,3,0.49948054552078247,0.5344738364219666,0.7709295749664307
1402,25115,10314,687,2,0.5010094046592712,0.5282343626022339,-0.16176721453666687
1403,25207,7530,232,2,0.5014427900314331,0.5845140814781189,0.8417927622795105
1404,25242,15579,1194,1,0.4702370762825012,0.6061740517616272,-1.0960007905960083
1405,25318,14174,484,2,0.5003465414047241,0.6372149586677551,0.35677456855773926
1406,25321,17385,898,2,0.5002220869064331,0.44943568110466003,-0.46170851588249207
1407,25324,15042,280,3,0.504766047000885,0.5788393020629883,0.7464971542358398
1408,25355,13195,457,2,0.4916253983974457,0.44966191053390503,0.19426922500133514
1409,25356,11261,785,4,0.5094439387321472,0.4899534583091736,-0.3143431842327118
1410,25379,11732,209,3,0.5045912265777588,0.46771159768104553,1.0007935762405396
1411,25382,14176,96,1,0.4667902886867523,0.6446875929832458,1.8266626596450806
1412,25395,8525,918,1,0.47398728132247925,0.6660246253013611,-0.4982984662055969
1413,25399,11922,284,6,0.4850557744503021,0.46604782342910767,0.6193185448646545
1414,25403,16300,940,2,0.4987052381038666,0.5541028380393982,-0.5188945531845093
1415,25544,17862,298,2,0.49864065647125244,0.5985786318778992,0.6483925580978394
1416,25580,7349,128,2,0.4889501631259918,0.40213602781295776,0.9413157105445862
1417,25586,18320,244,2,0.48944398760795593,0.3677743673324585,0.8039088845252991
1418,25591,18273,66,3,0.5030702948570251,0.44516900181770325,1.5405211448669434
1419,25604,8796,1236,2,0.490124374628067,0.3448376953601837,-1.1475480794906616
1420,25605,17566,435,4,0.5037826895713806,0.5938478708267212,0.40890252590179443
1421,25669,8999,235,3,0.5002653002738953,0.4798264801502228,0.8117977976799011
1422,25670,18069,486,2,0.5024269223213196,0.4899187982082367,0.3091685175895691
1423,25695,14523,314,2,0.5016140937805176,0.5793407559394836,0.5992147326469421
1424,25703,4735,43,1,0.4748231768608093,0.6879545450210571,2.373042583465576
1425,25710,3102,1047,2,0.5016886591911316,0.5610061287879944,-0.7557915449142456
1426,25727,9308,1158,2,0.49662911891937256,0.4378144145011902,-1.0062254667282104
1427,25744,18088,852,2,0.5017069578170776,0.506666898727417,-0.37578055262565613
1428,25758,17090,1013,2,0.5000059008598328,0.5344685316085815,-0.7242475748062134
1429,25778,17961,702,3,0.5078927874565125,0.5105783343315125,-0.04162786155939102
1430,25790,5883,829,2,0.5022825002670288,0.5309543013572693,-0.36021167039871216
1431,25813,17009,107,2,0.49875035881996155,0.5709028840065002,1.361193299293518
1432,25877,18280,789,3,0.5103038549423218,0.6087265610694885,-0.2453448474407196
1433,25891,18315,214,3,0.5045517086982727,0.5163833498954773,0.8896180391311646
1434,25894,9355,384,2,0.4941345453262329,0.49558231234550476,0.3958547115325928
1435,25973,16129,205,2,0.4987335205078125,0.49072784185409546,0.8743326663970947
1436,25992,3209,1,2,0.49782735109329224,0.43795156478881836,5.163151264190674
1437,26010,12691,1000,2,0.4974500834941864,0.3769637942314148,-0.6240415573120117
1438,26016,3212,978,2,0.5039240717887878,0.5032728314399719,-0.6790401935577393
1439,26020,18130,1005,2,0.49104464054107666,0.3673090934753418,-0.6834381222724915
1440,26021,18278,151,4,0.49730321764945984,0.43619799613952637,1.1199015378952026
1441,26046,10985,499,3,0.5025489926338196,0.48336225748062134,0.22633546590805054
1442,26071,3234,65,2,0.5022105574607849,0.5485584139823914,1.7234742641448975
1443,26126,9595,535,3,0.5086937546730042,0.350300669670105,0.18211433291435242
1444,26153,10165,179,2,0.49456995725631714,0.35894066095352173,1.0631742477416992
1445,26204,15215,912,1,0.4771406650543213,0.6197434663772583,-0.48294270038604736
1446,26218,6921,647,2,0.49733245372772217,0.5949560403823853,-0.020612269639968872
1447,26223,9124,413,3,0.5073345303535461,0.678419291973114,0.4004189074039459
1448,26280,7774,902,2,0.4994472563266754,0.5473764538764954,-0.5085785388946533
1449,26307,17325,324,2,0.4967811107635498,0.47013476490974426,0.563978374004364
1450,26309,12262,1067,2,0.49287253618240356,0.4366893172264099,-0.6843987703323364
1451,26324,18316,376,2,0.5015684962272644,0.575873851776123,0.4763014018535614
1452,26383,18307,953,4,0.5028022527694702,0.4799555838108063,-0.5501912832260132
1453,26405,17441,54,2,0.49464210867881775,0.3897441029548645,1.6567299365997314
1454,26410,11168,663,3,0.5061429142951965,0.48280423879623413,-0.0692368596792221
1455,26464,16729,725,4,0.5064656138420105,0.508544921875,-0.1181328222155571
1456,26622,15587,386,2,0.4929032623767853,0.5300217270851135,0.4661882519721985
1457,26625,3536,145,2,0.4989042580127716,0.6109469532966614,1.2387032508850098
1458,26648,3413,400,2,0.4947619140148163,0.544212818145752,0.3686978220939636
1459,26714,12040,941,2,0.48446884751319885,0.33250880241394043,-0.5046177506446838
1460,26724,14679,169,2,0.49779012799263,0.5258821249008179,1.0923374891281128
1461,26748,17634,35,2,0.5006315112113953,0.5478777289390564,2.013139486312866
1462,26769,6075,69,2,0.49821919202804565,0.5103905200958252,1.5109935998916626
1463,26770,16149,537,1,0.47695010900497437,0.6510276198387146,0.12622474133968353
1464,26775,17802,797,2,0.5033751130104065,0.6065085530281067,-0.34814128279685974
1465,26778,17219,1261,1,0.47083139419555664,0.5855036973953247,-1.2852978706359863
1466,26789,17900,223,2,0.49987277388572693,0.6097073554992676,0.9125196933746338
1467,26856,18045,515,2,0.4983842372894287,0.5561800599098206,0.25351327657699585
1468,26882,6936,27,2,0.500698983669281,0.6413943767547607,2.0453076362609863
1469,26912,11202,973,3,0.5069883465766907,0.44393059611320496,-0.6199636459350586
1470,26920,18279,595,5,0.4992816746234894,0.6362441778182983,0.03435148298740387
1471,26922,18298,872,2,0.5029429197311401,0.5832716226577759,-0.4298347532749176
1472,26986,5207,1171,3,0.5103467106819153,0.5406476259231567,-1.034295916557312
1473,27080,15199,252,1,0.4799864590167999,0.3168564438819885,0.9188917279243469
1474,27108,14355,1,1,0.4809587299823761,0.43294745683670044,3.9504554271698
1475,27180,18313,648,1,0.47756779193878174,0.7197837829589844,-0.06081041693687439
1476,27203,18010,119,2,0.5021535158157349,0.6026051640510559,1.3997206687927246
1477,27225,9002,826,1,0.48046234250068665,0.5887244939804077,-0.31579604744911194
1478,27228,18214,341,2,0.5007839202880859,0.4779091775417328,0.49519169330596924
1479,27260,18244,264,2,0.5028106570243835,0.6051119565963745,0.7165471911430359
1480,27278,4517,1124,3,0.49873700737953186,0.5030871629714966,-0.8143078088760376
1481,27292,15859,742,2,0.49846553802490234,0.6692618131637573,-0.24786710739135742
1482,27340,3972,408,1,0.4788159430027008,0.35559383034706116,0.41392195224761963
1483,27348,4173,818,4,0.5015833973884583,0.4425557851791382,-0.23693624138832092
1484,27438,7289,14,2,0.4936368465423584,0.5004487037658691,2.4532792568206787
1485,27554,11804,516,2,0.49456337094306946,0.3724012076854706,0.23103603720664978
1486,27606,7919,1049,3,0.5024462342262268,0.5027343034744263,-0.6964842081069946
1487,27645,14076,521,3,0.5116368532180786,0.6710523962974548,0.2123846560716629
1488,27664,10739,1092,2,0.502533495426178,0.4058525860309601,-0.8663004636764526
1489,27696,9738,796,2,0.49177029728889465,0.4949425160884857,-0.22005915641784668
1490,27777,14318,196,2,0.4979124069213867,0.5125865936279297,1.043969988822937
1491,27794,15318,553,2,0.49272722005844116,0.3994622528553009,0.08822417259216309
1492,27945,14590,18,5,0.49211788177490234,0.4677048921585083,2.191471576690674
1493,27976,7753,262,3,0.49976301193237305,0.3034861981868744,0.7925614714622498
1494,27987,3887,934,2,0.4995213449001312,0.546919047832489,-0.46140170097351074
1495,27990,15436,579,3,0.5029376149177551,0.5336839556694031,0.08011561632156372
1496,28012,9956,249,3,0.5042778253555298,0.618168294429779,0.7134574055671692
1497,28023,6041,988,2,0.4914017915725708,0.5380344986915588,-0.4732643961906433
1498,28092,13680,413,2,0.5013049840927124,0.6270575523376465,0.37693965435028076
1499,28105,3952,574,3,0.5107665061950684,0.4341645836830139,0.12672647833824158
1500,28148,18311,70,2,0.5006816983222961,0.5961451530456543,1.7846364974975586
1501,28166,18334,1136,3,0.49114617705345154,0.3398343026638031,-0.8595200777053833
1502,28233,16055,348,4,0.5014215707778931,0.32940855622291565,0.544089674949646
1503,28253,17751,59,2,0.5001142621040344,0.5556182861328125,1.9210560321807861
1504,28261,11102,333,3,0.5114222764968872,0.6153985261917114,0.6150911450386047
1505,28281,18326,1086,7,0.5055325031280518,0.4394538402557373,-0.7474215626716614
1506,28317,9450,1008,3,0.5035772323608398,0.42889827489852905,-0.6622487902641296
1507,28331,4052,956,2,0.49907949566841125,0.5077323913574219,-0.5106065273284912
1508,28421,18296,1042,2,0.5023790597915649,0.6507893800735474,-0.7005062103271484
1509,28447,17849,1029,2,0.48767518997192383,0.38630130887031555,-0.6267478466033936
1510,28450,17666,522,2,0.49649935960769653,0.49864235520362854,0.15543125569820404
1511,28517,15275,472,2,0.5027048587799072,0.5427988767623901,0.3775920271873474
1512,28520,4125,395,2,0.4959460496902466,0.5902973413467407,0.4560510516166687
1513,28526,18236,1132,2,0.501130223274231,0.5187621116638184,-0.9164384007453918
1514,28537,12270,6,2,0.501994252204895,0.47951409220695496,5.721071243286133
1515,28554,18331,301,2,0.5013776421546936,0.5333934426307678,0.7115381360054016
1516,28582,4120,864,2,0.4917237162590027,0.3361164927482605,-0.41233769059181213
1517,28619,10644,944,3,0.5046353340148926,0.5229367017745972,-0.44881293177604675
1518,28643,17825,587,2,0.4943540692329407,0.34674131870269775,0.13552725315093994
1519,28712,17430,646,2,0.5001571178436279,0.4741693437099457,-0.008128762245178223
1520,28931,17813,6,2,0.4962768852710724,0.46082165837287903,4.520931720733643
1521,28992,16178,1204,2,0.4954126179218292,0.43227729201316833,-1.1600265502929688
1522,28997,18279,462,3,0.5079221725463867,0.6351581811904907,0.2968743145465851
1523,29050,18243,1041,1,0.4686826169490814,0.5165885090827942,-0.8125900030136108
1524,29093,5033,264,2,0.5004268288612366,0.5816407203674316,0.7678440809249878
1525,29140,13368,1108,2,0.4970424771308899,0.46324166655540466,-0.8641976118087769
1526,29169,18030,657,2,0.5035037994384766,0.6058140993118286,-0.04678984731435776
1527,29242,10920,329,2,0.49888738989830017,0.47001516819000244,0.6326493620872498
1528,29275,18333,11,1,0.4751034080982208,0.6398960947990417,2.9593775272369385
1529,29282,16043,919,2,0.4976681172847748,0.40833210945129395,-0.44475722312927246
1530,29296,11969,1233,3,0.49782121181488037,0.4175172448158264,-1.1959682703018188
1531,29311,18313,340,10,0.47385671734809875,0.6892551183700562,0.5033506155014038
1532,29350,18331,482,2,0.49011915922164917,0.3836764395236969,0.33587050437927246
1533,29353,10884,596,3,0.4966212809085846,0.4685567319393158,0.05833430588245392
1534,29371,7926,97,2,0.5030319094657898,0.7576603293418884,1.540310025215149
1535,29373,18290,1255,2,0.5000256299972534,0.3930310606956482,-1.418596863746643
1536,29486,4441,937,2,0.5040126442909241,0.5481666922569275,-0.6097846031188965
1537,29491,13557,886,1,0.4796218276023865,0.39064010977745056,-0.40268418192863464
1538,29543,17805,931,3,0.4995409846305847,0.5868673324584961,-0.43800508975982666
1539,29584,7349,848,1,0.48084962368011475,0.48318085074424744,-0.3634415566921234
1540,29596,7674,814,2,0.5022600293159485,0.674057126045227,-0.3957885205745697
1541,29720,13495,366,3,0.5008305311203003,0.44256290793418884,0.4399666488170624
1542,29759,12523,1196,3,0.49833977222442627,0.38429200649261475,-1.0787692070007324
1543,29781,17588,655,2,0.5013096332550049,0.5633879899978638,-0.1374383121728897
1544,29783,18276,2,6,0.4906056523323059,0.54409259557724,3.441702127456665
1545,29791,18307,502,3,0.5030750632286072,0.4977506995201111,0.24286359548568726
1546,29842,18334,1254,3,0.5064142942428589,0.476439505815506,-1.190834641456604
1547,29843,14145,97,2,0.4900234639644623,0.34567224979400635,1.1863735914230347
1548,29847,16349,450,2,0.5021534562110901,0.7185071706771851,0.33509933948516846
1549,29874,6337,43,2,0.49858513474464417,0.4837988317012787,1.9288289546966553
1550,29892,11596,1130,3,0.5045903921127319,0.44134432077407837,-0.831718385219574
1551,29895,15709,1001,4,0.5105401277542114,0.6967377662658691,-0.726930558681488
1552,29918,17003,42,1,0.4804038405418396,0.3855571150779724,2.320040225982666
1553,29941,18265,1013,3,0.5099902749061584,0.633301317691803,-0.7957648634910583
1554,30073,18288,110,1,0.480880469083786,0.336936891078949,1.2669764757156372
1555,30103,8135,897,2,0.49711543321609497,0.48571330308914185,-0.519216001033783
1556,30154,4868,447,2,0.5028941035270691,0.48635876178741455,0.3601774275302887
1557,30345,16068,922,2,0.4903436005115509,0.41260769963264465,-0.42465946078300476
1558,30444,17090,704,8,0.4982968866825104,0.5130321979522705,-0.17909249663352966
1559,30451,18309,182,3,0.4979621171951294,0.5314801335334778,0.976077139377594
1560,30454,18276,508,6,0.4870857298374176,0.47759050130844116,0.2121714949607849
1561,30455,18280,585,4,0.5042186975479126,0.5812656283378601,0.14502623677253723
1562,30577,11570,28,2,0.5007417798042297,0.4493958652019501,2.1516201496124268
1563,30704,5186,68,2,0.49908679723739624,0.5788281559944153,1.820006012916565
1564,30725,14604,436,2,0.495449036359787,0.40791159868240356,0.32394254207611084
1565,30886,9383,231,2,0.49475806951522827,0.4895760416984558,0.8371923565864563
1566,30946,5305,206,3,0.5076045989990234,0.6376110911369324,1.0211734771728516
1567,30957,18261,984,3,0.49963870644569397,0.49826580286026,-0.5543690919876099
1568,30974,15606,26,2,0.4888099431991577,0.3040812015533447,2.2798073291778564
1569,30976,18347,636,5,0.49736323952674866,0.43347129225730896,-0.08191081881523132
1570,31077,11144,92,2,0.5004683136940002,0.6948709487915039,1.366692304611206
1571,31079,18355,715,2,0.49883678555488586,0.4640810489654541,-0.11022865772247314
1572,31135,8813,700,2,0.49758750200271606,0.48831412196159363,-0.14941196143627167
1573,31287,18290,1341,3,0.510232150554657,0.41060230135917664,-2.4938244819641113
1574,31303,6345,680,3,0.5030128359794617,0.5242469906806946,-0.07668876647949219
1575,31313,17991,568,2,0.5029560327529907,0.5988321900367737,0.08375244587659836
1576,31364,18255,120,2,0.4949406683444977,0.45520442724227905,1.3725848197937012
1577,31386,10110,772,3,0.5079338550567627,0.5656948089599609,-0.204213947057724
1578,31431,17566,560,2,0.4985557794570923,0.6323778629302979,0.08507072925567627
1579,31445,18307,729,3,0.5086646676063538,0.5242803692817688,-0.20679578185081482
1580,31487,5686,951,2,0.4992477297782898,0.5484724640846252,-0.5719323754310608
1581,31545,18307,65,5,0.49745550751686096,0.5188289284706116,1.8229899406433105
1582,31669,18044,215,2,0.5034022331237793,0.6271405816078186,0.9379985332489014
1583,31686,9968,427,2,0.4971522390842438,0.49536481499671936,0.34777674078941345
1584,31688,10251,673,2,0.49320173263549805,0.5481313467025757,-0.028545647859573364
1585,31762,14841,454,1,0.4785788059234619,0.5935943126678467,0.34493300318717957
1586,31773,8308,364,3,0.5073678493499756,0.6001114249229431,0.4672025144100189
1587,31774,5868,890,2,0.4997282922267914,0.6380847096443176,-0.4139289855957031
1588,31778,11023,581,2,0.49624165892601013,0.46626973152160645,0.021729905158281326
1589,31803,18250,867,6,0.48957791924476624,0.6783093810081482,-0.42371243238449097
1590,31818,18307,939,3,0.49966442584991455,0.46422088146209717,-0.5344194173812866
1591,31864,14601,806,2,0.4967721700668335,0.43103793263435364,-0.28273823857307434
1592,31910,10152,48,2,0.486787348985672,0.33839911222457886,1.68866765499115
1593,31936,13064,888,1,0.4787842333316803,0.6060298681259155,-0.4921219050884247
1594,32040,18289,330,3,0.5050053000450134,0.6194531321525574,0.5734649896621704
1595,32082,11615,413,2,0.4937858581542969,0.4549161493778229,0.3595271408557892
1596,32154,18349,397,3,0.5062131285667419,0.5935957431793213,0.538394033908844
1597,32518,18334,325,2,0.49729791283607483,0.4366784989833832,0.6158245801925659
1598,32556,13328,102,2,0.502970278263092,0.5965284705162048,1.4137791395187378
1599,32631,17566,732,3,0.5032621026039124,0.5888195037841797,-0.20061716437339783
1600,32635,13448,1301,1,0.47912418842315674,0.3649568557739258,-1.5260900259017944
1601,32673,18261,67,2,0.5036977529525757,0.6590561866760254,1.9917744398117065
1602,32681,18272,1071,3,0.4940665662288666,0.3660280108451843,-0.6872910261154175
1603,32704,15563,23,2,0.4941231906414032,0.4310207664966583,1.892148494720459
1604,32746,17266,567,1,0.47930169105529785,0.6251809000968933,0.1043013334274292
1605,32750,18281,192,2,0.500989556312561,0.59964519739151,1.0560575723648071
1606,32818,18307,789,4,0.5044940710067749,0.5238608717918396,-0.31173598766326904
1607,32856,18231,993,3,0.5005905628204346,0.42712700366973877,-0.5292283892631531
1608,32858,17437,1327,1,0.47850897908210754,0.5067594051361084,-1.8830119371414185
1609,32884,13348,1243,2,0.4978717863559723,0.5879544615745544,-1.199766755104065
1610,32912,15063,635,2,0.4955124855041504,0.5363394618034363,0.033531710505485535
1611,32938,16049,936,2,0.4979356825351715,0.5013619065284729,-0.487410306930542
1612,32954,10861,376,1,0.48065486550331116,0.3618527054786682,0.4847068786621094
1613,32996,18334,1298,3,0.5014830231666565,0.44717487692832947,-1.3064762353897095
1614,33081,17441,2,1,0.4794502854347229,0.43664950132369995,3.4517974853515625
1615,33116,18315,318,2,0.5028880834579468,0.607318639755249,0.7536097168922424
1616,33155,9944,1155,3,0.49769073724746704,0.41707101464271545,-1.0299489498138428
1617,33156,18274,1135,5,0.49903497099876404,0.4062275290489197,-0.9620798230171204
1618,33159,18307,74,2,0.5000234842300415,0.5356143116950989,1.715904712677002
1619,33166,18307,554,2,0.499850332736969,0.5183248519897461,0.049013569951057434
1620,33184,11226,1099,2,0.5017661452293396,0.336444228887558,-0.9188138246536255
1621,33275,7091,38,2,0.48977720737457275,0.3973569869995117,1.2537699937820435
1622,33432,17188,1109,2,0.5011380314826965,0.46017396450042725,-0.8924314379692078
1623,33482,18177,383,3,0.508662760257721,0.5444023609161377,0.48158612847328186
1624,33502,12335,918,2,0.5047531127929688,0.7131485342979431,-0.5214409232139587
1625,33611,18307,626,5,0.4965302348136902,0.48624804615974426,0.012023529037833214
1626,33614,18334,103,3,0.500758171081543,0.43001365661621094,1.5246700048446655
1627,33655,16935,1030,1,0.4814366400241852,0.5356160402297974,-0.654401421546936
1628,33659,18309,510,3,0.5045692324638367,0.6065177321434021,0.168032705783844
1629,33690,18307,989,2,0.4947594106197357,0.44523394107818604,-0.6176002025604248
1630,33786,18287,250,3,0.4993746876716614,0.3330044448375702,0.7012760639190674
1631,33851,17477,572,2,0.4897797107696533,0.4825849235057831,0.1850362867116928
1632,33913,13873,824,3,0.5071498155593872,0.5021011829376221,-0.2831123173236847
1633,34025,18290,622,2,0.5006808638572693,0.39404982328414917,-0.06172308325767517
1634,34085,14757,1309,1,0.48050692677497864,0.4193846881389618,-1.7038276195526123
1635,34141,18187,519,2,0.4970409572124481,0.44469118118286133,0.21492931246757507
1636,34248,17464,294,2,0.498566210269928,0.5569097399711609,0.6331495642662048
1637,34252,18334,132,2,0.4984205961227417,0.4499417543411255,1.3251746892929077
1638,34273,18278,925,4,0.5075665712356567,0.5114632844924927,-0.5571685433387756
1639,34295,17303,547,1,0.4784720242023468,0.4479692876338959,0.09587419033050537
1640,34360,16157,300,2,0.4923449754714966,0.456430584192276,0.6576600670814514
1641,34404,18290,1334,3,0.5012776255607605,0.3586229681968689,-1.5672482252120972
1642,34423,17090,159,5,0.5013399124145508,0.5523446798324585,1.1139689683914185
1643,34424,18261,646,3,0.50899738073349,0.5964187979698181,-0.05248279869556427
1644,34432,14400,1178,2,0.5004119277000427,0.4858640134334564,-1.0803238153457642
1645,34482,18252,64,2,0.4983765184879303,0.4537639319896698,1.6447064876556396
1646,34491,18315,970,3,0.5065429210662842,0.538090169429779,-0.578877866268158
1647,34604,18315,197,3,0.5084800720214844,0.5619438886642456,1.0711514949798584
1648,34626,18326,930,5,0.4997880160808563,0.4658232629299164,-0.5158965587615967
1649,34804,12274,109,1,0.47891443967819214,0.5761277079582214,1.560132622718811
1650,34836,17261,1065,2,0.5008463859558105,0.5392073392868042,-0.7359739542007446
1651,34837,18190,473,3,0.5008284449577332,0.38576701283454895,0.27630531787872314
1652,34949,16948,108,2,0.4965329170227051,0.3946681320667267,1.3732248544692993
1653,34968,10130,1270,2,0.5002031922340393,0.4685831665992737,-1.4767216444015503
1654,34979,10153,1296,2,0.49437183141708374,0.3800026476383209,-1.634035348892212
1655,34989,18352,228,1,0.4779650568962097,0.539648711681366,0.8529089689254761
1656,35016,18195,355,2,0.5009002089500427,0.5961681008338928,0.4754088222980499
1657,35022,18307,1089,2,0.4980139136314392,0.4733441472053528,-0.924640953540802
1658,35031,18307,829,3,0.5106062889099121,0.5632855892181396,-0.31531649827957153
1659,35033,18258,598,3,0.5054459571838379,0.5438621640205383,0.03350052237510681
1660,35044,18352,906,1,0.47673511505126953,0.5687915682792664,-0.4991975426673889
1661,35058,18298,119,2,0.5028532147407532,0.5719441175460815,1.496989369392395
1662,35059,18309,99,2,0.49772173166275024,0.5972040891647339,1.549943208694458
1663,35068,18356,1055,3,0.4985883831977844,0.44625261425971985,-0.8410217761993408
1664,35087,18346,125,4,0.5028337240219116,0.5927688479423523,1.3489415645599365
1665,35089,16492,408,2,0.501488983631134,0.610098123550415,0.3516262471675873
1666,35094,12924,1124,2,0.4985646903514862,0.4798343777656555,-0.9536304473876953
1667,35098,18209,657,2,0.4939037263393402,0.523612916469574,-0.04980769753456116
1668,35103,18334,220,2,0.49678876996040344,0.4458160996437073,1.017406702041626
1669,35104,18334,254,2,0.4975649118423462,0.44626283645629883,0.9085308313369751
1670,35110,18307,842,3,0.4972975552082062,0.4208519756793976,-0.37471309304237366
1671,35122,18309,583,2,0.4975965619087219,0.5788819789886475,0.12181791663169861
1672,35133,15755,986,2,0.5007065534591675,0.45070651173591614,-0.5409771800041199
1673,35214,18341,630,3,0.5085565447807312,0.5207938551902771,-0.03533463925123215
1674,35218,18334,1232,3,0.5021225810050964,0.44479331374168396,-1.2643394470214844
1675,35227,11501,1066,2,0.5039886236190796,0.5274044871330261,-0.8197529315948486
1676,35252,17943,300,2,0.4966591000556946,0.5394191145896912,0.6627711057662964
1677,35256,17588,1045,2,0.49566003680229187,0.4835473597049713,-0.7863645553588867
1678,35262,18276,11,2,0.5010214447975159,0.5224329233169556,2.2784698009490967
1679,35280,18327,834,2,0.5023263692855835,0.5824224352836609,-0.3845764398574829
1680,35296,17588,894,3,0.5099384784698486,0.5697111487388611,-0.4996308386325836
1681,35391,18307,1172,2,0.48975032567977905,0.4121071398258209,-0.9592152237892151
1682,35419,18287,471,2,0.5023910999298096,0.4278622269630432,0.27643534541130066
1683,35446,18290,608,2,0.4842264950275421,0.2596605122089386,-0.007819652557373047
1684,35458,18356,947,2,0.49677222967147827,0.466941237449646,-0.6408482193946838
1685,35470,18352,228,1,0.4779650568962097,0.539648711681366,0.8529089689254761
1686,35515,17090,628,2,0.49303698539733887,0.4422161877155304,-0.04868747293949127
1687,35526,18146,803,6,0.4900265634059906,0.5446736216545105,-0.2733437418937683
1688,35529,18134,1049,3,0.5106000900268555,0.5619147419929504,-0.7470333576202393
1689,35572,18356,1218,2,0.49774807691574097,0.49932900071144104,-1.126007080078125
1690,35575,18280,591,4,0.5006358027458191,0.5297457575798035,0.0747143030166626
1691,35579,18237,249,1,0.47923269867897034,0.3875787854194641,0.7510976791381836
1692,35588,18248,497,2,0.49962756037712097,0.4296899139881134,0.232736736536026
