row_id,user,target,rank,history_length,predicted_stay,target_stay_similarity,target_score
0,0,5458,76,1,0.2932380735874176,0.042758792638778687,1.4079338312149048
1,5,18349,1307,10,0.2958250343799591,0.0324370339512825,-1.4261746406555176
2,8,798,778,4,0.2945789396762848,0.031921014189720154,-0.25045159459114075
3,21,16785,558,1,0.2931433320045471,0.034923702478408813,0.0925121009349823
4,28,18103,265,5,0.29692986607551575,0.03200038522481918,0.6910418272018433
5,31,800,178,3,0.2955048680305481,0.03373849391937256,0.9713319540023804
6,54,16989,463,6,0.2975904941558838,0.036069728434085846,0.35197263956069946
7,55,10102,924,4,0.294808954000473,0.03126366063952446,-0.435090035200119
8,56,14613,500,2,0.2932804524898529,0.0318172387778759,0.1729094535112381
9,80,7551,330,3,0.2956189513206482,0.03194591775536537,0.36390066146850586
10,99,1431,40,5,0.29707634449005127,0.03507190942764282,2.09930682182312
11,122,18060,287,5,0.2968786656856537,0.035225290805101395,0.6519135236740112
12,150,5838,159,2,0.2948584258556366,0.03122038021683693,1.068616271018982
13,164,8,550,3,0.2952882647514343,0.03398316726088524,0.12384313344955444
14,165,8,297,5,0.2978194057941437,0.03595265373587608,0.7068130373954773
15,167,8,228,5,0.29692521691322327,0.037335652858018875,0.7965449094772339
16,168,18315,10,2,0.29827621579170227,0.03774113208055496,2.892895221710205
17,169,18131,22,10,0.296218603849411,0.036676131188869476,2.36100172996521
18,171,18315,1,10,0.2951408326625824,0.036627210676670074,3.6943798065185547
19,172,8,66,7,0.2937873899936676,0.03794509172439575,1.6649123430252075
20,173,18347,1292,10,0.29584458470344543,0.03081844374537468,-1.447584629058838
21,174,8,17,6,0.2965581715106964,0.036955300718545914,2.314842462539673
22,175,18277,547,2,0.29792892932891846,0.03873658552765846,0.14236998558044434
23,176,18277,97,10,0.2954372465610504,0.039370097219944,1.3514467477798462
24,177,8,59,6,0.2984328866004944,0.0373750776052475,1.6336265802383423
25,178,8,115,10,0.29599466919898987,0.03746800497174263,1.2840778827667236
26,184,14630,125,10,0.2957412600517273,0.034631453454494476,1.2669486999511719
27,188,16043,642,3,0.29604455828666687,0.03429301455616951,-0.027750417590141296
28,195,6753,11,10,0.2945793867111206,0.03282695263624191,2.8573033809661865
29,196,17024,51,3,0.2935582101345062,0.03127468377351761,1.4243806600570679
30,213,11,345,3,0.29415199160575867,0.03594665229320526,0.5472983121871948
31,217,12,419,2,0.29590001702308655,0.03452115133404732,0.29187214374542236
32,226,17943,1220,3,0.2940619885921478,0.03765660896897316,-1.0178016424179077
33,229,7621,146,5,0.29887571930885315,0.03620171546936035,1.1932332515716553
34,269,15737,681,4,0.2950557470321655,0.035340454429388046,-0.07312331348657608
35,277,18179,337,2,0.2955903112888336,0.03232545033097267,0.490794837474823
36,289,1736,1072,3,0.29405322670936584,0.034605588763952255,-0.7067476511001587
37,303,14464,147,6,0.29591771960258484,0.03253597021102905,1.0772247314453125
38,315,7129,221,4,0.29530587792396545,0.03351135924458504,0.8488455414772034
39,321,10682,854,2,0.2961132824420929,0.033101074397563934,-0.3829226493835449
40,347,14009,487,3,0.2943842113018036,0.03291958570480347,0.18125998973846436
41,383,12643,1,1,0.29278942942619324,0.040649741888046265,4.772848129272461
42,406,15569,306,3,0.2958698570728302,0.035567887127399445,0.6962177753448486
43,408,13719,45,10,0.2964251935482025,0.036536622792482376,2.112804889678955
44,414,17566,114,2,0.2950070798397064,0.031180500984191895,1.2894978523254395
45,416,18194,1131,2,0.29643338918685913,0.03092016465961933,-0.9046374559402466
46,421,17961,814,10,0.2954586148262024,0.032792750746011734,-0.23209655284881592
47,450,8854,49,4,0.29524722695350647,0.03465177118778229,1.8387298583984375
48,475,17335,169,3,0.2956155240535736,0.034747540950775146,1.0231558084487915
49,476,18030,581,7,0.29422804713249207,0.03402305394411087,0.12750929594039917
50,480,10293,388,2,0.2955203950405121,0.03343993425369263,0.38157132267951965
51,484,13676,120,9,0.29535701870918274,0.03319913148880005,1.2787851095199585
52,493,6200,248,2,0.29586929082870483,0.03235970437526703,0.7137705087661743
53,508,4080,446,6,0.29518046975135803,0.03458349406719208,0.30984264612197876
54,542,1429,816,2,0.2962609827518463,0.03968188911676407,-0.2918773591518402
55,555,4208,1110,6,0.2960596978664398,0.03142464533448219,-0.749512791633606
56,571,18320,871,10,0.29522496461868286,0.03526701405644417,-0.408233642578125
57,573,18227,397,3,0.2954118251800537,0.03616366535425186,0.44865527749061584
58,586,18320,445,7,0.29394134879112244,0.03529302775859833,0.30064529180526733
59,611,7159,228,8,0.29474717378616333,0.03315611928701401,0.7501295804977417
60,617,18261,125,3,0.2956812381744385,0.03528621047735214,1.2636938095092773
61,621,18274,1181,10,0.29573512077331543,0.03233370929956436,-0.93855881690979
62,625,2943,469,2,0.2976941168308258,0.03480879217386246,0.2465052753686905
63,642,18250,498,5,0.29741737246513367,0.03350342437624931,0.14788204431533813
64,658,18274,665,6,0.29779529571533203,0.03092878684401512,-0.09415896981954575
65,660,18307,1154,3,0.296993613243103,0.0348186194896698,-0.8200846910476685
66,670,2424,946,2,0.2969766855239868,0.03127984702587128,-0.5521612763404846
67,698,4462,150,2,0.29646971821784973,0.033549197018146515,1.0626945495605469
68,700,17980,880,2,0.2957821786403656,0.03184486925601959,-0.36583665013313293
69,701,8366,257,4,0.29515528678894043,0.034142471849918365,0.6283751130104065
70,704,15305,1259,3,0.29530832171440125,0.03289986401796341,-1.164036750793457
71,719,16458,1034,7,0.2918553352355957,0.031234093010425568,-0.6487608551979065
72,724,18307,581,3,0.29422727227211,0.035664480179548264,0.01964748650789261
73,730,13476,644,2,0.2945426106452942,0.03154376149177551,-0.04286201670765877
74,736,11979,463,4,0.29579469561576843,0.03441388159990311,0.297044575214386
75,737,18306,391,10,0.2943172752857208,0.034993164241313934,0.4222567081451416
76,738,12035,912,2,0.29434236884117126,0.030848776921629906,-0.40592142939567566
77,754,607,767,4,0.2953439950942993,0.038202572613954544,-0.24475502967834473
78,755,845,957,2,0.2943549156188965,0.03220906853675842,-0.49868232011795044
79,757,2045,15,3,0.2941715717315674,0.03809138387441635,2.5042669773101807
80,767,12901,1108,5,0.29732567071914673,0.033094145357608795,-0.7799297571182251
81,816,17881,10,6,0.29509925842285156,0.034796491265296936,3.0610735416412354
82,836,13323,494,2,0.2965725362300873,0.03326217830181122,0.1914939284324646
83,852,1869,1,10,0.2959045171737671,0.03623826801776886,4.6954145431518555
84,855,7522,15,6,0.2948452830314636,0.036639511585235596,2.8732287883758545
85,869,18285,411,4,0.295846164226532,0.032454714179039,0.44490888714790344
86,873,514,1,6,0.2982906997203827,0.037019163370132446,3.909050941467285
87,874,7572,344,2,0.2972240447998047,0.03654249757528305,0.6477512717247009
88,916,1451,850,2,0.29412999749183655,0.029947688803076744,-0.3340184688568115
89,945,17943,72,5,0.2967380881309509,0.03858722746372223,1.6223582029342651
90,954,47,599,2,0.29571953415870667,0.032177526503801346,0.004583410918712616
91,958,5969,187,2,0.2951332628726959,0.03409251198172569,0.8606598973274231
92,1001,13086,467,1,0.2928047776222229,0.03701703995466232,0.25878891348838806
93,1008,50,262,2,0.29447221755981445,0.034507229924201965,0.6292963027954102
94,1021,51,1021,3,0.29489558935165405,0.03171508014202118,-0.656569242477417
95,1029,18356,817,9,0.29606232047080994,0.03455290198326111,-0.2945837676525116
96,1040,16920,186,2,0.29530277848243713,0.03608874976634979,0.9603708386421204
97,1088,58,98,2,0.2965356707572937,0.035897038877010345,1.1386951208114624
98,1107,11876,923,3,0.2923264801502228,0.030481336638331413,-0.4122224450111389
99,1111,18290,536,4,0.29575952887535095,0.03357502073049545,0.16710159182548523
100,1112,18330,19,2,0.29502397775650024,0.034566644579172134,1.9193781614303589
101,1140,1270,514,2,0.29640308022499084,0.032767847180366516,0.1090567335486412
102,1147,9419,525,2,0.29672104120254517,0.03676677867770195,0.3094226121902466
103,1150,18287,291,10,0.2959308624267578,0.03282788395881653,0.5743597745895386
104,1152,18091,927,2,0.29654425382614136,0.034477196633815765,-0.4879400134086609
105,1154,9402,580,4,0.29583701491355896,0.03449789434671402,0.05244412273168564
106,1158,17943,1190,3,0.29544350504875183,0.03604637831449509,-0.99143385887146
107,1159,18347,1182,4,0.2963602840900421,0.03212708979845047,-0.9376911520957947
108,1178,1784,152,2,0.29620254039764404,0.03718122839927673,1.0515079498291016
109,1188,17714,119,2,0.29547759890556335,0.03709336370229721,1.2240960597991943
110,1194,17090,60,2,0.29391127824783325,0.03231767192482948,1.6414085626602173
111,1197,18309,239,8,0.29515010118484497,0.03521641343832016,0.7801821231842041
112,1207,16414,599,3,0.2954912781715393,0.03336960822343826,-0.01344621554017067
113,1211,64,1331,4,0.29353657364845276,0.02819797396659851,-1.800647497177124
114,1238,17086,803,3,0.2958873510360718,0.029982687905430794,-0.28758612275123596
115,1242,11385,94,3,0.2968802750110626,0.0375775471329689,1.2624242305755615
116,1255,5718,1172,2,0.29534462094306946,0.032533347606658936,-1.0252195596694946
117,1273,7199,119,2,0.2953832745552063,0.035391002893447876,1.18683660030365
118,1293,18261,748,4,0.29682615399360657,0.03421857953071594,-0.19049973785877228
119,1298,18272,996,3,0.29616987705230713,0.03221431002020836,-0.5657259225845337
120,1300,17494,116,4,0.2967741787433624,0.03517484664916992,1.3298603296279907
121,1304,18280,105,3,0.29487648606300354,0.034015655517578125,1.2142442464828491
122,1308,7145,783,2,0.2938461899757385,0.029610205441713333,-0.24745479226112366
123,1315,18347,1041,4,0.2951696813106537,0.032864779233932495,-0.7164844274520874
124,1331,18290,878,3,0.29682499170303345,0.034034088253974915,-0.4213591516017914
125,1357,18307,1211,5,0.2981549799442291,0.032859183847904205,-0.9889482855796814
126,1361,18207,972,2,0.2981364130973816,0.032440513372421265,-0.5401630997657776
127,1366,10154,591,5,0.2974001467227936,0.035429805517196655,0.01968403160572052
128,1378,2470,1278,4,0.29664668440818787,0.03202039748430252,-1.3302195072174072
129,1389,7643,913,4,0.29688575863838196,0.03395804017782211,-0.5209692716598511
130,1394,17077,498,3,0.2965671718120575,0.03467101603746414,0.16632811725139618
131,1404,18346,245,2,0.29505106806755066,0.03206091374158859,0.7989652752876282
132,1407,18271,529,5,0.2984125316143036,0.03379334509372711,0.16484613716602325
133,1414,18304,15,3,0.2954603433609009,0.03244294226169586,2.1109306812286377
134,1421,17409,1190,3,0.2960030436515808,0.030794622376561165,-1.0072978734970093
135,1430,10084,852,2,0.2949129045009613,0.03227189928293228,-0.3357022702693939
136,1440,18346,443,1,0.293328195810318,0.032747380435466766,0.2920641005039215
137,1463,1710,569,9,0.296356201171875,0.03257285803556442,0.09445422142744064
138,1482,11166,141,5,0.29555293917655945,0.0345870703458786,1.0432647466659546
139,1502,17137,757,3,0.29439929127693176,0.03241772949695587,-0.24276643991470337
140,1513,254,491,4,0.2947918772697449,0.032470036298036575,0.23048518598079681
141,1514,16042,307,2,0.29671114683151245,0.037160519510507584,0.656411349773407
142,1527,4755,279,2,0.2962905466556549,0.03611915558576584,0.7100919485092163
143,1530,18287,220,6,0.2966923713684082,0.03254915773868561,0.8029930591583252
144,1542,6290,539,3,0.2946456968784332,0.030809614807367325,0.21764464676380157
145,1543,6900,32,4,0.29725393652915955,0.03376765549182892,1.703569769859314
146,1555,6355,260,7,0.29280009865760803,0.036581456661224365,0.6294065117835999
147,1573,17566,159,4,0.2963694930076599,0.03160357475280762,0.9384746551513672
148,1579,18030,814,4,0.29330015182495117,0.03105267882347107,-0.2692735195159912
149,1619,4638,908,3,0.29600805044174194,0.03261890262365341,-0.4483719766139984
150,1625,16793,465,10,0.2946968674659729,0.033926986157894135,0.1907830387353897
151,1646,2727,331,2,0.2948920726776123,0.03201880678534508,0.5286583304405212
152,1657,8794,67,4,0.29549095034599304,0.03394573926925659,1.497385025024414
153,1658,17962,235,3,0.2959182560443878,0.03293084725737572,0.7796263098716736
154,1673,15257,39,10,0.2929949462413788,0.03761832416057587,2.034102201461792
155,1697,18237,928,10,0.29519179463386536,0.033147722482681274,-0.5567619204521179
156,1706,3086,316,5,0.2949375808238983,0.03188718110322952,0.3985075056552887
157,1709,3743,1235,2,0.2972129285335541,0.03602255508303642,-1.16094970703125
158,1776,101,301,3,0.2936546504497528,0.033865123987197876,0.7483996748924255
159,1790,18272,75,10,0.29540014266967773,0.03582235798239708,1.3152287006378174
160,1791,101,174,5,0.29517921805381775,0.03233981132507324,1.0233845710754395
161,1811,12401,11,1,0.2938639223575592,0.03335867077112198,2.330448865890503
162,1825,6669,587,6,0.29694998264312744,0.035631973296403885,0.07616066187620163
163,1836,9935,927,2,0.29610851407051086,0.040270864963531494,-0.5112245082855225
164,1858,12327,678,2,0.29578498005867004,0.031481556594371796,-0.14831514656543732
165,1864,108,1161,2,0.29622170329093933,0.03580532222986221,-0.9369052052497864
166,1882,12872,122,7,0.2919682264328003,0.03761222958564758,1.19929838180542
167,1885,6041,651,3,0.29526957869529724,0.031940825283527374,0.029435090720653534
168,1887,11230,1186,3,0.29605093598365784,0.03089790791273117,-0.9281563758850098
169,1898,18288,277,6,0.29411739110946655,0.03247654438018799,0.728604257106781
170,1900,604,114,4,0.29699617624282837,0.034426458179950714,1.1558657884597778
171,1939,11149,993,3,0.29525884985923767,0.03083980083465576,-0.5563892722129822
172,1947,17844,260,1,0.29472219944000244,0.034037377685308456,0.7663255333900452
173,1960,9931,976,3,0.2953073978424072,0.033231984823942184,-0.5889165997505188
174,1965,115,112,3,0.29418960213661194,0.03517477959394455,1.3431968688964844
175,1978,5515,672,5,0.2970487177371979,0.03124156780540943,-0.10870635509490967
176,2003,11676,5,10,0.29617398977279663,0.03161197528243065,2.755223274230957
177,2021,121,210,3,0.2945994436740875,0.03303980454802513,0.9678006172180176
178,2026,4236,596,3,0.2949914336204529,0.031605690717697144,-0.03389713913202286
179,2040,18237,531,6,0.29725369811058044,0.0350041538476944,0.1356617659330368
180,2046,2321,575,3,0.2953287959098816,0.03930331766605377,0.041443102061748505
181,2047,10985,41,4,0.2962704002857208,0.03934696316719055,1.6825534105300903
182,2089,15543,913,2,0.2947498559951782,0.033482056111097336,-0.49306249618530273
183,2090,7838,524,4,0.29591166973114014,0.03452787548303604,0.1545858085155487
184,2112,7115,37,6,0.29824888706207275,0.0400359183549881,2.1310787200927734
185,2136,4673,4,2,0.295133501291275,0.03491000086069107,3.2897238731384277
186,2156,14449,94,2,0.29455438256263733,0.03560013696551323,1.3055548667907715
187,2158,13983,1150,3,0.2948130965232849,0.03817503899335861,-0.8933584690093994
188,2169,186,552,4,0.2950296103954315,0.03348333388566971,0.06034628674387932
189,2202,804,21,3,0.2972617447376251,0.03557910397648811,1.9517595767974854
190,2203,11599,3,2,0.2959910035133362,0.03710703179240227,4.7709808349609375
191,2226,18035,256,4,0.2977674901485443,0.03637521341443062,0.7317869663238525
192,2245,18298,341,4,0.2955114543437958,0.033049844205379486,0.5266812443733215
193,2249,18131,233,1,0.29241979122161865,0.034177206456661224,0.7932592630386353
194,2269,139,409,5,0.29855877161026,0.031552258878946304,0.44950011372566223
195,2285,9624,863,1,0.2920365631580353,0.029191050678491592,-0.349040687084198
196,2298,10507,10,5,0.2955380082130432,0.036184847354888916,2.810350179672241
197,2302,2884,464,4,0.2959625720977783,0.033876266330480576,0.34003791213035583
198,2307,18292,96,2,0.2965184152126312,0.031806670129299164,1.3085416555404663
199,2334,1787,9,9,0.296134889125824,0.03772781044244766,3.4008398056030273
200,2346,147,1,2,0.294254869222641,0.048047974705696106,8.354827880859375
201,2347,147,842,9,0.29625260829925537,0.03715309500694275,-0.27726423740386963
202,2355,13716,28,2,0.29315584897994995,0.034865010529756546,1.8310922384262085
203,2372,379,19,3,0.2958069145679474,0.03645816445350647,2.1829514503479004
204,2376,5714,263,5,0.2972162067890167,0.033119432628154755,0.6425811648368835
205,2391,10506,6,4,0.296667218208313,0.03609887510538101,3.4582114219665527
206,2403,16646,402,2,0.2962852418422699,0.02794797532260418,0.40707993507385254
207,2404,18272,6,5,0.2965499758720398,0.03795327991247177,4.258851051330566
208,2412,3114,192,6,0.297110915184021,0.039164960384368896,0.8542012572288513
209,2422,6013,7,2,0.29580023884773254,0.037930913269519806,2.7800052165985107
210,2428,17715,1247,3,0.29447343945503235,0.03237120062112808,-1.2167752981185913
211,2444,8791,998,3,0.2955917418003082,0.03256876394152641,-0.6354063153266907
212,2456,16478,162,9,0.29609131813049316,0.03204943984746933,0.9795064330101013
213,2465,11627,28,10,0.29483792185783386,0.033218905329704285,2.136230945587158
214,2470,18088,1313,5,0.2971799969673157,0.03599976748228073,-1.48418390750885
215,2497,7588,138,3,0.2952723503112793,0.03537413105368614,1.253028154373169
216,2505,16178,537,7,0.29618436098098755,0.03933517634868622,0.17076469957828522
217,2508,1412,231,1,0.2932666540145874,0.033086612820625305,0.7425777316093445
218,2511,7518,8,2,0.29370883107185364,0.04988996684551239,3.01246976852417
219,2546,12944,958,6,0.297565221786499,0.03479974716901779,-0.47433629631996155
220,2549,17179,400,3,0.2960226535797119,0.031852468848228455,0.39728960394859314
221,2555,1255,918,4,0.29607459902763367,0.032766878604888916,-0.4899507761001587
222,2576,15523,1193,4,0.2964736819267273,0.033953554928302765,-0.9705536961555481
223,2608,18280,168,5,0.29696816205978394,0.03274712711572647,0.9313666224479675
224,2615,719,16,2,0.29572609066963196,0.03750268369913101,2.3425521850585938
225,2622,13211,20,2,0.2968112826347351,0.03601857274770737,2.0731139183044434
226,2641,5073,433,5,0.296671599149704,0.03841633349657059,0.3817146420478821
227,2643,9111,586,1,0.2931206524372101,0.03559407964348793,0.04205169528722763
228,2663,2701,908,2,0.296673983335495,0.031635019928216934,-0.4829452633857727
229,2664,17862,328,10,0.2950213551521301,0.035700589418411255,0.5429736971855164
230,2667,18131,1194,9,0.29756227135658264,0.03544538840651512,-1.0459941625595093
231,2677,183,458,5,0.29619792103767395,0.036197368055582047,0.3854553699493408
232,2708,2440,284,2,0.29422977566719055,0.03466980904340744,0.501848578453064
233,2714,2889,269,2,0.2975531816482544,0.03511228784918785,0.7318813800811768
234,2720,9107,1175,2,0.2968001961708069,0.034859225153923035,-0.8490267992019653
235,2730,14579,212,4,0.29608267545700073,0.03360482677817345,0.8122440576553345
236,2775,4638,477,4,0.29775071144104004,0.033513426780700684,0.2519267201423645
237,2777,17856,464,10,0.29567235708236694,0.034721046686172485,0.27055656909942627
238,2784,16266,429,2,0.29650282859802246,0.03424490615725517,0.31126025319099426
239,2821,12212,31,2,0.29661282896995544,0.03518054261803627,2.1458661556243896
240,2833,18337,123,5,0.29711443185806274,0.03403589129447937,1.2383480072021484
241,2845,18134,1159,2,0.29832330346107483,0.03240872174501419,-0.8804991841316223
242,2858,2179,486,3,0.29592108726501465,0.03629416599869728,0.24422644078731537
243,2859,2770,985,4,0.295661598443985,0.03256871551275253,-0.562745213508606
244,2870,5260,1051,2,0.2960182726383209,0.03145976737141609,-0.6924927830696106
245,2885,8431,664,4,0.2949763536453247,0.03817867487668991,-0.010833065956830978
246,2889,4313,64,2,0.2951631546020508,0.033933479338884354,1.470525860786438
247,2898,5355,382,2,0.2947147488594055,0.03403756767511368,0.42914578318595886
248,2903,951,454,6,0.29829442501068115,0.03290002793073654,0.3621481657028198
249,2930,548,41,2,0.2961464524269104,0.03388679772615433,1.66266667842865
250,2949,2424,622,2,0.2940604090690613,0.03696725517511368,-0.021287433803081512
251,2961,203,52,8,0.2960933446884155,0.038649462163448334,1.6388918161392212
252,2972,205,534,5,0.2968069911003113,0.034831784665584564,0.12332195788621902
253,2975,16243,600,5,0.2949855625629425,0.03245868533849716,-0.03048599883913994
254,2981,18159,565,2,0.29615557193756104,0.03202302008867264,0.10446840524673462
255,2984,6979,13,3,0.2962516248226166,0.03465946391224861,2.3350117206573486
256,2997,4527,419,10,0.29533490538597107,0.03395813703536987,0.3600596487522125
257,3004,17961,1026,4,0.29780590534210205,0.03311370313167572,-0.6366069316864014
258,3030,5593,743,10,0.2942063808441162,0.03577910363674164,-0.2487373948097229
259,3037,10168,72,3,0.2945597171783447,0.035271190106868744,1.4899202585220337
260,3046,18200,428,6,0.29656532406806946,0.03289884328842163,0.242210254073143
261,3077,18334,959,10,0.29631251096725464,0.034412674605846405,-0.5013973116874695
262,3106,4930,14,6,0.2951757609844208,0.03289409726858139,2.1789135932922363
263,3113,14081,989,2,0.2950895428657532,0.03085789829492569,-0.5642173886299133
264,3128,8849,6,9,0.2951520085334778,0.03398847579956055,2.565068483352661
265,3145,16958,82,2,0.2966306805610657,0.03372256085276604,1.5770585536956787
266,3158,233,53,2,0.2963499426841736,0.03719251602888107,1.7890300750732422
267,3195,6097,205,5,0.2970506548881531,0.0386250764131546,0.7688062787055969
268,3198,17779,335,2,0.2962208688259125,0.034506261348724365,0.6250247359275818
269,3207,17605,1140,2,0.2959982752799988,0.031020039692521095,-0.9387859106063843
270,3250,11854,184,8,0.2941042184829712,0.03437349945306778,1.0245158672332764
271,3262,15370,35,2,0.29349908232688904,0.0372186005115509,1.812881350517273
272,3288,16014,452,2,0.2949511706829071,0.03125115483999252,0.3309215307235718
273,3301,15745,523,2,0.2941969335079193,0.03223462030291557,0.25832927227020264
274,3321,17098,566,1,0.2944600284099579,0.03427361696958542,0.11062389612197876
275,3329,14823,958,10,0.29519158601760864,0.034892190247774124,-0.5358976125717163
276,3330,13721,88,3,0.29551059007644653,0.0331587940454483,1.274505615234375
277,3331,12873,251,9,0.2959486246109009,0.03372723609209061,0.867942214012146
278,3334,17699,218,3,0.2947688400745392,0.03774721175432205,0.931351900100708
279,3343,11332,293,2,0.29487189650535583,0.03428668528795242,0.7109106779098511
280,3363,13605,1269,5,0.29696890711784363,0.03382796794176102,-1.108184814453125
281,3364,18083,644,3,0.29409295320510864,0.03574896603822708,-0.019582469016313553
282,3366,11572,15,4,0.2954319715499878,0.034177422523498535,2.2270872592926025
283,3374,10073,147,1,0.2938377559185028,0.0374579094350338,1.2867282629013062
284,3381,14970,86,3,0.2959432303905487,0.03447799012064934,1.2820405960083008
285,3389,7037,104,10,0.29433587193489075,0.03484458476305008,1.3669921159744263
286,3391,17951,399,2,0.2943650782108307,0.035707347095012665,0.4303158223628998
287,3392,5053,50,6,0.29549261927604675,0.03382996469736099,1.5124534368515015
288,3393,6337,254,2,0.2948104441165924,0.033988215029239655,0.8382907509803772
289,3402,2120,476,2,0.29411113262176514,0.032700810581445694,0.3020866811275482
290,3406,14864,990,2,0.29552313685417175,0.03583832457661629,-0.5335585474967957
291,3448,17787,186,10,0.2953021824359894,0.03679908066987991,1.1092249155044556
292,3453,8500,810,9,0.29705291986465454,0.03253555670380592,-0.23022055625915527
293,3463,15457,841,3,0.2965419888496399,0.032234832644462585,-0.3597573935985565
294,3477,17443,595,2,0.29575830698013306,0.035670723766088486,0.14841055870056152
295,3484,5294,1337,2,0.29342198371887207,0.031210992485284805,-1.8207191228866577
296,3492,4801,239,2,0.29438912868499756,0.033906616270542145,0.7978579998016357
297,3552,4211,231,10,0.295869380235672,0.03486375883221626,0.8755809664726257
298,3553,4223,1038,2,0.2961115539073944,0.034989215433597565,-0.6791613101959229
299,3556,8726,177,2,0.29624417424201965,0.03365842625498772,0.9923937320709229
300,3576,5100,57,4,0.2934289872646332,0.03797294199466705,1.6861212253570557
301,3580,18274,1227,10,0.29491186141967773,0.032367393374443054,-1.071390151977539
302,3589,15493,21,5,0.29742148518562317,0.03421768918633461,2.0097010135650635
303,3616,17951,185,10,0.2943696677684784,0.0332159698009491,1.0138880014419556
304,3652,9918,83,2,0.29560670256614685,0.032225415110588074,1.3893277645111084
305,3653,18200,769,2,0.29560473561286926,0.03280559182167053,-0.2506657540798187
306,3656,5170,272,2,0.2963232398033142,0.034564316272735596,0.724337637424469
307,3697,18014,317,5,0.29574471712112427,0.037010595202445984,0.6321859359741211
308,3703,16193,1062,2,0.29505977034568787,0.037246547639369965,-0.7211454510688782
309,3771,260,9,2,0.29528188705444336,0.03549126535654068,2.1796045303344727
310,3774,17477,826,4,0.2955496609210968,0.03279808163642883,-0.35111770033836365
311,3783,7607,781,2,0.2961842715740204,0.029770245775580406,-0.2378876954317093
312,3785,8120,211,3,0.2952549159526825,0.03244907408952713,0.8991803526878357
313,3819,16369,169,4,0.2942692041397095,0.034210626035928726,0.9936036467552185
314,3823,17814,42,3,0.2955174446105957,0.03284861892461777,1.5982911586761475
315,3828,3042,647,2,0.29400137066841125,0.03129379823803902,-0.024191007018089294
316,3860,14357,2,3,0.2959354519844055,0.03490494564175606,2.9616925716400146
317,3862,7747,364,2,0.296644002199173,0.032550543546676636,0.45276397466659546
318,3863,5444,119,3,0.2954823970794678,0.03510117903351784,1.2460941076278687
319,3895,2587,639,6,0.29706841707229614,0.0328436940908432,0.03396230190992355
320,3936,5680,483,5,0.2974298894405365,0.03197655454277992,0.23733842372894287
321,3940,2453,72,2,0.2971994876861572,0.03290138393640518,1.425139307975769
322,3954,9516,79,2,0.29581278562545776,0.03452931344509125,1.362898588180542
323,3988,11969,339,3,0.2959704101085663,0.03155956044793129,0.5540439486503601
324,4001,9516,288,2,0.29354339838027954,0.034255027770996094,0.6453037858009338
325,4004,15311,642,3,0.2957151532173157,0.03148431330919266,0.027827396988868713
326,4024,1880,24,2,0.2955907881259918,0.03593793511390686,1.8030445575714111
327,4039,587,778,2,0.2970559895038605,0.035416606813669205,-0.12069310247898102
328,4041,16234,4,1,0.29373815655708313,0.03585120663046837,2.41955828666687
329,4070,14500,583,9,0.29615581035614014,0.0313832089304924,0.06553269922733307
330,4082,5170,124,4,0.2945791482925415,0.03603778034448624,1.2041534185409546
331,4083,2799,49,2,0.2957381010055542,0.034495897591114044,1.5695464611053467
332,4088,17462,245,9,0.29572823643684387,0.032310109585523605,0.8622581362724304
333,4107,8155,450,1,0.2935759425163269,0.037240274250507355,0.36099401116371155
334,4109,13126,107,3,0.2962353229522705,0.03288818150758743,1.1435348987579346
335,4116,251,864,4,0.2940041720867157,0.03246083855628967,-0.4199453890323639
336,4117,2404,488,2,0.2966257631778717,0.03994431346654892,0.20910227298736572
337,4132,18150,599,4,0.29614996910095215,0.032615989446640015,0.025637038052082062
338,4217,1009,1027,3,0.2932562232017517,0.029978903010487556,-0.6570183038711548
339,4223,11135,269,1,0.2946690618991852,0.031270306557416916,0.6743909120559692
340,4224,5213,24,1,0.29500526189804077,0.03593750298023224,1.8865877389907837
341,4229,2947,756,3,0.29575470089912415,0.03246133029460907,-0.18855313956737518
342,4233,17331,4,2,0.29681316018104553,0.03597521409392357,3.3490397930145264
343,4237,18133,205,3,0.2965461313724518,0.034177765250205994,0.9140343070030212
344,4257,13506,434,2,0.29462653398513794,0.033669471740722656,0.4004574716091156
345,4275,8120,79,3,0.29692602157592773,0.0324389711022377,1.482884407043457
346,4277,14960,1239,5,0.2980821132659912,0.034589823335409164,-1.182167410850525
347,4279,5583,1121,8,0.29654455184936523,0.04039803147315979,-0.8836402893066406
348,4286,12782,420,4,0.29723474383354187,0.037202388048172,0.3430520296096802
349,4290,16494,1138,2,0.2959095239639282,0.032686781138181686,-0.8083146214485168
350,4310,13506,1129,3,0.29527658224105835,0.03223948925733566,-0.8633064031600952
351,4328,17853,249,1,0.29641881585121155,0.03466561436653137,0.8121917843818665
352,4335,18274,8,4,0.29761257767677307,0.035476312041282654,3.7585866451263428
353,4340,2884,499,2,0.2967788279056549,0.033743131905794144,0.33438289165496826
354,4372,9615,1144,9,0.29690173268318176,0.03313116729259491,-0.8604390621185303
355,4426,270,186,2,0.29544001817703247,0.035367172211408615,0.8717949986457825
356,4521,278,66,9,0.2969125807285309,0.035504572093486786,1.4791358709335327
357,4542,9034,494,3,0.2960728704929352,0.03347044065594673,0.18797056376934052
358,4549,14448,545,6,0.294853538274765,0.033601514995098114,0.1685882955789566
359,4550,11542,995,2,0.29425761103630066,0.03412705287337303,-0.5747979879379272
360,4594,15021,446,6,0.29587751626968384,0.0313587412238121,0.32314804196357727
361,4618,17477,943,4,0.2950376868247986,0.033737339079380035,-0.5000683069229126
362,4690,17828,589,1,0.29394951462745667,0.03880354389548302,0.049588173627853394
363,4696,17862,887,6,0.2966625988483429,0.03338195011019707,-0.393699049949646
364,4712,8500,121,2,0.2939925491809845,0.03522776439785957,1.1870481967926025
365,4715,17101,87,5,0.29551932215690613,0.032254889607429504,1.274448275566101
366,4727,12207,70,3,0.2946225106716156,0.035381291061639786,1.5127986669540405
367,4737,15672,223,3,0.29552099108695984,0.03396691754460335,0.8732383847236633
368,4744,16265,958,4,0.2950594425201416,0.03263062611222267,-0.556796669960022
369,4747,7994,489,2,0.2942146956920624,0.030476687476038933,0.1907981038093567
370,4751,6234,44,5,0.29662495851516724,0.03283128887414932,1.6318669319152832
371,4761,1568,14,4,0.29648682475090027,0.035711340606212616,2.4534506797790527
372,4765,18288,610,2,0.2961125373840332,0.03430625796318054,0.04858442395925522
373,4773,18315,932,3,0.2967691421508789,0.03428364917635918,-0.5015196800231934
374,4794,18214,915,7,0.29402002692222595,0.031392902135849,-0.40032652020454407
375,4801,6825,3,4,0.2961195409297943,0.033299658447504044,3.5753633975982666
376,4850,14134,66,2,0.2946479320526123,0.03461242467164993,1.4412304162979126
377,4855,303,601,2,0.2955027222633362,0.03412441164255142,0.009784244000911713
378,4869,18293,665,2,0.29433688521385193,0.03410084545612335,-0.09934371709823608
379,4888,13729,9,2,0.29502424597740173,0.037571802735328674,3.065434217453003
380,4903,18307,1106,4,0.2963297963142395,0.03296021744608879,-0.85409015417099
381,4907,10732,871,2,0.29626011848449707,0.03177837282419205,-0.38993746042251587
382,4925,17332,33,7,0.29415151476860046,0.03234493359923363,1.906029224395752
383,4932,17479,1332,3,0.2963477671146393,0.031001050025224686,-1.733274221420288
384,4962,18287,808,2,0.2970578670501709,0.03343752771615982,-0.21235930919647217
385,4981,18131,71,9,0.297232061624527,0.03527039289474487,1.368539571762085
386,4984,1898,768,2,0.29588910937309265,0.03359435126185417,-0.24771417677402496
387,4996,18303,370,6,0.29592737555503845,0.03504831716418266,0.6166728138923645
388,5003,18344,38,7,0.29397112131118774,0.03277383744716644,1.9111378192901611
389,5015,11173,1097,2,0.29497426748275757,0.03294970840215683,-0.805048406124115
390,5040,16802,159,2,0.2953983247280121,0.032688990235328674,1.0626881122589111
391,5043,12445,383,3,0.2950352728366852,0.03313543647527695,0.4888809025287628
392,5058,5227,660,2,0.2958160638809204,0.03385382145643234,-0.0910668894648552
393,5087,323,621,3,0.2942012846469879,0.03442739322781563,-0.0108187235891819
394,5088,18274,11,5,0.2967303395271301,0.03293883055448532,3.4131131172180176
395,5090,9804,143,4,0.29664382338523865,0.03425544127821922,1.064799189567566
396,5091,16665,200,2,0.2938002943992615,0.032648053020238876,0.8463917970657349
397,5112,14982,619,4,0.29498544335365295,0.030921639874577522,0.0031294487416744232
398,5119,18306,229,4,0.29542645812034607,0.033915262669324875,0.7278680205345154
399,5154,18334,851,2,0.2965105175971985,0.03574538603425026,-0.37794598937034607
400,5156,10477,417,2,0.29548120498657227,0.03638026863336563,0.3396387994289398
401,5182,1203,187,2,0.2958357036113739,0.036113470792770386,0.9963226318359375
402,5192,4324,111,2,0.2956524193286896,0.03780963271856308,1.2953710556030273
403,5195,17560,19,6,0.2972941994667053,0.03255363926291466,2.1518008708953857
404,5203,5920,13,10,0.2949694097042084,0.03513925522565842,2.808286190032959
405,5217,11453,674,2,0.2947124242782593,0.03680739179253578,-0.06553956866264343
406,5223,14897,108,1,0.29376426339149475,0.03914153575897217,1.3619837760925293
407,5233,2279,1247,5,0.2964147627353668,0.03354264795780182,-1.1425447463989258
408,5248,18290,19,7,0.2943077087402344,0.034253545105457306,2.769237756729126
409,5258,7361,406,4,0.29405248165130615,0.033146120607852936,0.23729607462882996
410,5264,18346,134,4,0.29707828164100647,0.03153618052601814,1.198955774307251
411,5266,18280,330,3,0.29463115334510803,0.03151446208357811,0.5715425610542297
412,5271,13681,308,3,0.2941562235355377,0.036780815571546555,0.5562165379524231
413,5292,13480,886,1,0.29490768909454346,0.03083089552819729,-0.460671067237854
414,5311,2494,1074,3,0.29422736167907715,0.03203991800546646,-0.7392680048942566
415,5328,17243,24,2,0.2971097230911255,0.033662885427474976,2.08481502532959
416,5331,12853,94,1,0.29382961988449097,0.03369361534714699,1.4420099258422852
417,5348,16609,321,2,0.29504695534706116,0.03868381679058075,0.578683614730835
418,5354,15991,28,2,0.2945649325847626,0.03476991876959801,1.8840646743774414
419,5377,18322,529,3,0.295226126909256,0.033268459141254425,0.17738765478134155
420,5386,9356,283,5,0.29700136184692383,0.036289386451244354,0.686765730381012
421,5391,7114,143,2,0.29596927762031555,0.03341797739267349,1.1811631917953491
422,5398,18291,168,10,0.2955586612224579,0.034367937594652176,1.0018935203552246
423,5402,354,846,2,0.29637259244918823,0.034079909324645996,-0.2994163930416107
424,5416,17596,536,6,0.29498881101608276,0.03238523378968239,0.16906483471393585
425,5419,13400,198,8,0.2958258092403412,0.032935336232185364,0.9921619296073914
426,5420,16151,376,1,0.29295092821121216,0.03200947865843773,0.6436006426811218
427,5430,2632,583,2,0.29455697536468506,0.03172227367758751,-0.017293035984039307
428,5431,18133,319,3,0.29579997062683105,0.03245824575424194,0.5011785626411438
429,5523,11068,542,2,0.295444518327713,0.031575147062540054,0.1816970854997635
430,5560,18307,1238,2,0.2943507730960846,0.031148197129368782,-0.985133707523346
431,5585,7809,1167,2,0.2980480194091797,0.03488222509622574,-0.9859791994094849
432,5592,18285,160,8,0.2955063283443451,0.03332914412021637,0.9818878769874573
433,5613,3522,455,6,0.30084794759750366,0.043707214295864105,0.27287644147872925
434,5627,6138,266,3,0.29526400566101074,0.0370359867811203,0.6639993786811829
435,5630,18307,743,4,0.29693856835365295,0.032927654683589935,-0.20719243586063385
436,5636,10465,81,3,0.29454708099365234,0.035122837871313095,1.4624406099319458
437,5654,17798,192,3,0.29547882080078125,0.03683462738990784,1.0027269124984741
438,5685,16546,255,4,0.29571041464805603,0.0331372395157814,0.7519360184669495
439,5696,16456,309,2,0.2954767942428589,0.03350803628563881,0.722923994064331
440,5740,11986,494,5,0.296107679605484,0.034873005002737045,0.10506097972393036
441,5757,6276,555,5,0.297112375497818,0.03220972418785095,0.13099651038646698
442,5765,12632,116,8,0.29657232761383057,0.03295781463384628,1.3696120977401733
443,5810,6647,247,8,0.29484888911247253,0.03438344597816467,0.7854963541030884
444,5839,17235,784,2,0.2954959273338318,0.03354419022798538,-0.3376764953136444
445,5891,17339,1157,3,0.2960435450077057,0.030768487602472305,-0.8894988298416138
446,5897,2376,85,4,0.2952931821346283,0.03286932408809662,1.3467872142791748
447,5912,18310,1156,1,0.2941986620426178,0.03737271949648857,-0.9586825370788574
448,5935,14409,683,2,0.2951221168041229,0.03383423015475273,-0.03844687342643738
449,5945,17254,853,5,0.29497942328453064,0.030025120824575424,-0.3283897042274475
450,5967,9627,513,4,0.2956286370754242,0.032751549035310745,0.18415172398090363
451,5970,15566,61,3,0.29513731598854065,0.040383122861385345,1.6454750299453735
452,5980,3713,503,2,0.2975098192691803,0.034510210156440735,0.19315440952777863
453,5986,6169,53,2,0.29540425539016724,0.03617480397224426,1.5943167209625244
454,6037,17335,409,5,0.2956252694129944,0.03151625022292137,0.48085862398147583
455,6059,400,870,3,0.2957098186016083,0.03429348021745682,-0.39068806171417236
456,6079,16802,119,3,0.2942988872528076,0.03429032862186432,1.2259987592697144
457,6081,14476,604,2,0.29508891701698303,0.03200751915574074,0.020009107887744904
458,6088,11633,86,4,0.29685431718826294,0.03264985978603363,1.4502886533737183
459,6091,6993,791,4,0.2961543798446655,0.03419126942753792,-0.2743145227432251
460,6119,8559,82,1,0.2949770987033844,0.03546831011772156,1.3814945220947266
461,6121,11858,137,4,0.2946884036064148,0.03591659665107727,1.2281805276870728
462,6131,5521,201,4,0.2943723499774933,0.03245057538151741,0.9216251373291016
463,6134,16326,1140,4,0.29558369517326355,0.03471513092517853,-0.8558522462844849
464,6159,4461,263,7,0.29495182633399963,0.03259170055389404,0.7736658453941345
465,6171,18095,9,3,0.29539522528648376,0.03599115088582039,2.9691481590270996
466,6174,8030,128,5,0.29693034291267395,0.03261983022093773,1.144711971282959
467,6176,17880,1182,4,0.29508301615715027,0.03333196043968201,-0.9855929017066956
468,6178,3513,460,3,0.29509028792381287,0.03297354653477669,0.3597165048122406
469,6180,409,74,10,0.2939893305301666,0.0327594056725502,1.36963951587677
470,6192,2712,184,3,0.29559385776519775,0.032597437500953674,0.9578405618667603
471,6201,9019,195,2,0.29233574867248535,0.03308374434709549,0.9402746558189392
472,6223,17425,1,2,0.2934533953666687,0.03909311443567276,3.6199865341186523
473,6263,17137,628,5,0.2955334782600403,0.0319921113550663,-0.06389163434505463
474,6279,18132,852,8,0.2963462173938751,0.032150305807590485,-0.34811434149742126
475,6287,3391,17,2,0.2970815896987915,0.03417585417628288,2.2165045738220215
476,6298,420,83,2,0.2936999499797821,0.03610178828239441,1.4813354015350342
477,6299,420,50,2,0.29238635301589966,0.037467967718839645,1.8364429473876953
478,6366,14956,340,2,0.29540348052978516,0.031043555587530136,0.5426023006439209
479,6395,16802,157,5,0.297855019569397,0.032577261328697205,1.105180025100708
480,6476,2026,45,5,0.29383760690689087,0.037927545607089996,1.9725340604782104
481,6490,5685,316,4,0.2952464520931244,0.038477517664432526,0.5755491852760315
482,6497,16949,51,5,0.29592835903167725,0.033821217715740204,1.4650392532348633
483,6525,18356,20,7,0.2943871021270752,0.03561116009950638,2.3374667167663574
484,6530,2185,150,4,0.29544076323509216,0.03583158552646637,1.0624268054962158
485,6539,17711,119,2,0.2954830229282379,0.03398542478680611,1.309186577796936
486,6555,9516,263,2,0.29582831263542175,0.03314398229122162,0.6968148350715637
487,6577,17718,1316,5,0.29700347781181335,0.03177502006292343,-1.502454161643982
488,6584,12476,293,4,0.29565826058387756,0.03231064975261688,0.6295406818389893
489,6592,449,638,3,0.2961117625236511,0.03184901922941208,0.04520780220627785
490,6606,9635,164,1,0.29255539178848267,0.03284982219338417,1.0267202854156494
491,6639,8286,320,2,0.2956960201263428,0.04412486404180527,0.558043897151947
492,6663,7775,1179,3,0.29499077796936035,0.03452679514884949,-0.936224639415741
493,6668,17183,253,3,0.2966962158679962,0.032661184668540955,0.7377086877822876
494,6671,2372,335,1,0.293667733669281,0.03645525127649307,0.5806459188461304
495,6675,14984,80,3,0.29709145426750183,0.04310881718993187,1.3798083066940308
496,6676,18050,1159,3,0.2952583134174347,0.029545530676841736,-0.8676701188087463
497,6691,4929,149,2,0.29590338468551636,0.03382141888141632,0.9817389845848083
498,6780,1723,383,2,0.2953144609928131,0.03465297445654869,0.4787362813949585
499,6799,16096,2,4,0.2953377664089203,0.03636430203914642,4.250924587249756
500,6800,13508,1026,3,0.2955207824707031,0.033760733902454376,-0.7129173874855042
501,6831,460,235,2,0.2968859374523163,0.03293926268815994,0.7585704326629639
502,6852,1227,247,10,0.29515883326530457,0.032567400485277176,0.7931902408599854
503,6875,467,1074,4,0.2963400185108185,0.032660774886608124,-0.7807735204696655
504,6900,16413,87,7,0.2937287390232086,0.03365285322070122,1.3644074201583862
505,6909,17042,338,7,0.29518571496009827,0.03455793112516403,0.5009579062461853
506,6923,4244,579,6,0.2963886857032776,0.0330309122800827,0.08604586124420166
507,6927,15763,223,2,0.2943372130393982,0.032820940017700195,0.8468579053878784
508,6938,17627,19,2,0.2938553988933563,0.03638920933008194,2.1601150035858154
509,6960,11650,327,2,0.29605230689048767,0.034897178411483765,0.5242343544960022
510,6966,18334,623,4,0.29688259959220886,0.03256350755691528,-0.019785098731517792
511,6969,18159,135,4,0.29566413164138794,0.03576432913541794,1.1487929821014404
512,6972,2670,297,4,0.29555806517601013,0.03279336541891098,0.6434000730514526
513,6990,18104,27,10,0.29591014981269836,0.033628202974796295,2.126107931137085
514,7022,5911,215,3,0.294737309217453,0.03758113831281662,0.7183966040611267
515,7032,3675,906,2,0.29440534114837646,0.031285617500543594,-0.4730696380138397
516,7037,1910,955,2,0.2968049645423889,0.030601011589169502,-0.5040473937988281
517,7045,3316,102,3,0.295902818441391,0.03557581454515457,1.20416259765625
518,7069,18253,170,2,0.29517146944999695,0.03343798965215683,1.035903811454773
519,7076,13152,1146,3,0.29623913764953613,0.03629947453737259,-0.8894535899162292
520,7089,7049,8,2,0.2929089367389679,0.041615184396505356,3.453394889831543
521,7092,487,715,2,0.2959420084953308,0.03158704191446304,-0.09411763399839401
522,7094,18214,1160,2,0.29618000984191895,0.033167921006679535,-0.9977138638496399
523,7103,488,1026,3,0.2942235767841339,0.03083939105272293,-0.6522018909454346
524,7107,18356,658,2,0.2954897880554199,0.03187697008252144,-0.08054713159799576
525,7116,4497,10,3,0.29514431953430176,0.03618532046675682,3.0616648197174072
526,7128,490,1224,2,0.29570215940475464,0.03165792301297188,-1.1188862323760986
527,7132,3114,602,3,0.294216513633728,0.038485221564769745,0.03233017027378082
528,7134,17494,496,6,0.29654955863952637,0.03418903052806854,0.22547487914562225
529,7137,18131,20,8,0.2945804297924042,0.03673502802848816,2.4657058715820312
530,7139,18320,1293,2,0.2943798303604126,0.03452476114034653,-1.4368810653686523
531,7140,18137,1166,8,0.2946491837501526,0.036071691662073135,-0.8850033283233643
532,7141,18356,490,6,0.29593807458877563,0.03318928927183151,0.27524474263191223
533,7147,17862,160,3,0.2945730686187744,0.033674828708171844,1.0124672651290894
534,7151,18137,1137,2,0.29736581444740295,0.037532076239585876,-0.8704835176467896
535,7152,18356,668,4,0.2954466938972473,0.03454427793622017,-0.10085584968328476
536,7160,18355,77,5,0.2974429428577423,0.03360927850008011,1.4060763120651245
537,7209,16332,1237,2,0.2958846986293793,0.03331492841243744,-1.0902743339538574
538,7214,15658,1237,2,0.2960677444934845,0.03578372672200203,-1.1170889139175415
539,7222,16784,1051,2,0.29346171021461487,0.02950546145439148,-0.7474428415298462
540,7247,18289,71,1,0.29217809438705444,0.0346476286649704,1.297938585281372
541,7264,3771,9,3,0.2937135696411133,0.03424106165766716,2.2898805141448975
542,7401,2372,986,2,0.29565539956092834,0.03544726222753525,-0.5726801156997681
543,7402,9999,496,2,0.2967945337295532,0.03474806994199753,0.2848355770111084
544,7404,8595,539,2,0.2966346740722656,0.03156936913728714,0.16416999697685242
545,7415,3657,238,1,0.29566407203674316,0.039971984922885895,0.8066498637199402
546,7432,12964,595,4,0.2956463098526001,0.03130650520324707,0.0756651759147644
547,7451,7327,221,2,0.29621726274490356,0.035131823271512985,0.8892020583152771
548,7470,17252,544,6,0.2963383197784424,0.032778605818748474,0.10274499654769897
549,7475,516,588,2,0.29476863145828247,0.032399486750364304,0.09868790209293365
550,7515,10992,435,2,0.29654544591903687,0.03248422220349312,0.34456175565719604
551,7554,15545,267,3,0.2932479977607727,0.03158945590257645,0.7018353939056396
552,7596,11813,1030,2,0.2968069016933441,0.03413140028715134,-0.6626932621002197
553,7613,11633,824,3,0.2948237657546997,0.03188386559486389,-0.33351218700408936
554,7620,5795,2,3,0.29476991295814514,0.036340050399303436,3.545729875564575
555,7640,18226,54,3,0.2951076924800873,0.034505754709243774,1.6718041896820068
556,7641,2843,1211,2,0.2961725890636444,0.030419450253248215,-1.069030523300171
557,7695,678,14,2,0.295030802488327,0.03540859371423721,2.1855478286743164
558,7706,5171,234,3,0.29328152537345886,0.03234197944402695,0.7804033756256104
559,7728,18200,523,2,0.2971991300582886,0.03231874108314514,0.26395362615585327
560,7734,14318,200,1,0.2941274642944336,0.03364600986242294,0.8900891542434692
561,7756,17947,336,4,0.2956884205341339,0.03487853705883026,0.5268262624740601
562,7759,18150,227,7,0.29350966215133667,0.03444111347198486,0.9286515116691589
563,7770,18292,366,2,0.29612210392951965,0.034434348344802856,0.5459904074668884
564,7777,3020,735,2,0.2935599088668823,0.031906913965940475,-0.14898796379566193
565,7784,18004,803,1,0.2937314212322235,0.03272278606891632,-0.2153322696685791
566,7790,11979,283,4,0.2950507700443268,0.03543100878596306,0.6123536825180054
567,7805,6483,874,3,0.29609787464141846,0.03480226546525955,-0.369131863117218
568,7809,15679,122,2,0.2937988340854645,0.03319462016224861,1.2050505876541138
569,7813,16298,64,4,0.29389265179634094,0.034275054931640625,1.3715094327926636
570,7817,3349,335,3,0.29616841673851013,0.033791422843933105,0.5859421491622925
571,7862,8699,36,9,0.29596108198165894,0.034972645342350006,1.9016821384429932
572,7874,8443,217,1,0.29301753640174866,0.03495045751333237,0.9181165099143982
573,7890,11573,133,7,0.2936345338821411,0.03378494828939438,1.1988006830215454
574,7891,18174,1060,1,0.29549407958984375,0.03180061653256416,-0.7555211186408997
575,7903,12339,1026,6,0.2965198755264282,0.03383811563253403,-0.6765120625495911
576,7917,6550,633,4,0.29483455419540405,0.03695356845855713,0.05366436392068863
577,7927,18275,384,1,0.29408663511276245,0.03572244569659233,0.6008074879646301
578,7950,18226,25,1,0.2945384681224823,0.03451119735836983,1.7983616590499878
579,7975,4085,517,2,0.29425233602523804,0.031174179166555405,0.20933076739311218
580,7982,554,1074,3,0.2940967381000519,0.035136133432388306,-0.7188316583633423
581,7988,11010,965,2,0.2961812913417816,0.03283337876200676,-0.5376001000404358
582,8004,18219,14,2,0.2951604425907135,0.03488480672240257,2.0728659629821777
583,8016,9914,638,5,0.2960997223854065,0.034639760851860046,0.027283210307359695
584,8022,11781,448,2,0.2961931526660919,0.03654272109270096,0.4584953486919403
585,8043,16666,920,2,0.2966742515563965,0.03206270560622215,-0.5448176860809326
586,8045,16091,577,2,0.2961386442184448,0.032308369874954224,0.12533153593540192
587,8059,3304,491,3,0.2946872413158417,0.03197842836380005,0.19211655855178833
588,8063,18200,866,3,0.2950190603733063,0.03206198662519455,-0.40713319182395935
589,8080,18295,236,2,0.2946574091911316,0.03242599964141846,0.7169193625450134
590,8088,18352,287,2,0.2958926260471344,0.0341084860265255,0.5562503337860107
591,8115,5188,137,2,0.2945540249347687,0.03505052626132965,0.9805278778076172
592,8122,12038,220,2,0.2946545481681824,0.0316605269908905,0.7858918905258179
593,8131,6608,320,10,0.29539626836776733,0.03334961086511612,0.643041729927063
594,8159,8177,26,4,0.29480603337287903,0.0348547138273716,1.8631677627563477
595,8168,17425,72,4,0.2939005494117737,0.0357670783996582,1.4802045822143555
596,8197,17839,864,2,0.29692208766937256,0.032947756350040436,-0.3641069531440735
597,8200,569,19,2,0.2937047779560089,0.0340033657848835,1.7831299304962158
598,8234,9500,234,3,0.293914258480072,0.03186316788196564,0.8975538015365601
599,8246,16714,541,2,0.29781872034072876,0.0320921465754509,0.2996833920478821
600,8250,9993,664,2,0.29667165875434875,0.032432299107313156,-0.09994539618492126
601,8255,7440,205,6,0.29623305797576904,0.035505928099155426,1.0128761529922485
602,8278,8355,1221,3,0.29603439569473267,0.033514462411403656,-1.1392667293548584
603,8332,4780,451,4,0.2958386540412903,0.033486753702163696,0.375977098941803
604,8349,14967,271,2,0.2949310541152954,0.033898837864398956,0.7146425843238831
605,8374,2616,1039,2,0.2980332374572754,0.0378020778298378,-0.6208837032318115
606,8432,13899,432,3,0.29539036750793457,0.03296305984258652,0.34684064984321594
607,8443,1939,1242,3,0.296061635017395,0.0295790396630764,-1.1005830764770508
608,8490,738,344,4,0.29682695865631104,0.03503989055752754,0.5887240171432495
609,8506,18307,1249,4,0.29553452134132385,0.032600000500679016,-1.150068998336792
610,8507,8535,54,1,0.2936650812625885,0.04095052555203438,1.6844509840011597
611,8513,17805,784,2,0.2957553565502167,0.03472457081079483,-0.2224845588207245
612,8522,4879,643,3,0.2953360974788666,0.03630061447620392,-0.0443582683801651
613,8529,3422,455,2,0.295951783657074,0.035389792174100876,0.3644299805164337
614,8534,3141,789,3,0.29519927501678467,0.04014239460229874,-0.302969753742218
615,8543,18287,212,4,0.29658210277557373,0.030026283115148544,0.9803575277328491
616,8545,18088,671,2,0.2977663576602936,0.03911060467362404,0.0013332962989807129
617,8558,17323,1015,5,0.2976749539375305,0.03276314586400986,-0.6064246296882629
618,8572,10688,221,3,0.2955935001373291,0.03219711035490036,0.9211828708648682
619,8597,601,313,2,0.2950775623321533,0.03445885330438614,0.5520567297935486
620,8615,10219,957,2,0.29559820890426636,0.030127115547657013,-0.5327399373054504
621,8639,17275,314,3,0.29507365822792053,0.03294631093740463,0.6834151744842529
622,8640,3681,13,3,0.2968871593475342,0.03736031427979469,2.618921995162964
623,8658,18199,348,2,0.2948334813117981,0.032116811722517014,0.5923075675964355
624,8662,17824,1260,10,0.29584965109825134,0.031843073666095734,-1.126489281654358
625,8665,2056,282,2,0.2965008616447449,0.03593502566218376,0.6661297082901001
626,8714,17962,826,2,0.294811874628067,0.03253290802240372,-0.3090452253818512
627,8716,6488,7,4,0.2952244281768799,0.03339375928044319,2.5300681591033936
628,8719,1100,113,2,0.29582324624061584,0.03617221117019653,1.3083138465881348
629,8723,2887,281,3,0.29637062549591064,0.03822525218129158,0.6262030005455017
630,8730,1773,8,2,0.294818252325058,0.03859473764896393,3.782525062561035
631,8735,18168,332,2,0.29454219341278076,0.036275602877140045,0.5277641415596008
632,8738,12462,16,2,0.29498445987701416,0.0326530784368515,2.1324622631073
633,8755,11541,2,2,0.29473328590393066,0.03586890920996666,3.0736143589019775
634,8776,14891,8,2,0.29604944586753845,0.03521253913640976,3.082723379135132
635,8787,17943,1017,5,0.2980479598045349,0.03801244497299194,-0.6071544289588928
636,8795,13586,115,8,0.29383835196495056,0.03625838831067085,1.2878583669662476
637,8813,15717,60,3,0.29616478085517883,0.04065283015370369,1.5891033411026
638,8815,4149,63,2,0.29721522331237793,0.036916155368089676,1.5028395652770996
639,8818,18307,53,4,0.2985651195049286,0.03721984103322029,1.8311809301376343
640,8820,18307,418,4,0.29366442561149597,0.03052010014653206,0.30250853300094604
641,8829,17453,845,2,0.29599857330322266,0.031953856348991394,-0.36685729026794434
642,8832,10752,1164,5,0.2973056435585022,0.03700669854879379,-0.8566056489944458
643,8860,8155,1265,5,0.29692140221595764,0.03538932278752327,-1.2367078065872192
644,8866,17530,655,2,0.29457029700279236,0.03234118968248367,-0.05918732285499573
645,8877,1609,693,2,0.2969515025615692,0.036829929798841476,-0.08655029535293579
646,8897,8535,1218,2,0.29605039954185486,0.032461367547512054,-1.0897754430770874
647,8931,9118,196,3,0.29700207710266113,0.03175758570432663,0.917885422706604
648,8944,18319,828,10,0.29415571689605713,0.03534563630819321,-0.27113574743270874
649,8964,18030,424,6,0.29690638184547424,0.03463643044233322,0.29419586062431335
650,8969,15570,1301,8,0.2939538359642029,0.03268064558506012,-1.4959594011306763
651,8974,11060,394,2,0.29545095562934875,0.03077932819724083,0.46776169538497925
652,8975,18195,140,4,0.29683446884155273,0.0321892574429512,1.0584620237350464
653,8976,18324,179,3,0.29503995180130005,0.0349033884704113,1.0203542709350586
654,9000,18325,87,2,0.29585060477256775,0.03485468775033951,1.4509146213531494
655,9003,14652,153,4,0.29569923877716064,0.034423284232616425,1.0491749048233032
656,9014,1934,86,3,0.29313358664512634,0.036988310515880585,1.5793492794036865
657,9019,18068,390,1,0.2952147424221039,0.035164058208465576,0.4118628203868866
658,9027,7168,654,2,0.29414811730384827,0.02951185032725334,-0.03516758978366852
659,9044,17825,1169,3,0.2954264283180237,0.032325174659490585,-0.8736990690231323
660,9045,1929,1020,2,0.29676446318626404,0.032630518078804016,-0.6274623274803162
661,9100,2998,65,9,0.2961985766887665,0.031550947576761246,1.5029551982879639
662,9122,18319,1229,5,0.2974812686443329,0.03437568247318268,-1.0652438402175903
663,9126,15258,813,10,0.29454630613327026,0.03399251401424408,-0.26651304960250854
664,9131,15755,87,1,0.2936254143714905,0.03662159666419029,1.4068833589553833
665,9185,5318,9,4,0.2963089942932129,0.03927180916070938,2.707343101501465
666,9204,653,213,5,0.2975888252258301,0.03678976744413376,0.8399354219436646
667,9207,653,590,3,0.29494667053222656,0.03389566391706467,0.07645422220230103
668,9229,18145,155,2,0.29629430174827576,0.032127637416124344,1.0457375049591064
669,9263,661,685,5,0.29868245124816895,0.03513017296791077,-0.12550237774848938
670,9280,14827,194,2,0.2956807315349579,0.03830564767122269,0.8999709486961365
671,9307,665,52,3,0.29402536153793335,0.03513976186513901,1.6277666091918945
672,9359,17513,461,4,0.29482752084732056,0.036467939615249634,0.31307488679885864
673,9365,10110,161,1,0.29418742656707764,0.037212714552879333,1.0587873458862305
674,9372,719,68,6,0.2963103950023651,0.03386498987674713,1.4450372457504272
675,9381,7089,281,2,0.2969062328338623,0.03221727907657623,0.5691149234771729
676,9403,14592,12,10,0.29619356989860535,0.03825832158327103,2.895935297012329
677,9416,13514,959,3,0.29528483748435974,0.034195028245449066,-0.47851523756980896
678,9433,1402,18,3,0.29494616389274597,0.03428444266319275,2.0983176231384277
679,9519,13795,783,4,0.296948105096817,0.036551378667354584,-0.236118882894516
680,9530,9635,22,3,0.2956707775592804,0.03353404998779297,2.3472847938537598
681,9544,13210,3,6,0.2975209951400757,0.037574030458927155,3.0644044876098633
682,9591,15250,543,2,0.2967497408390045,0.03460121154785156,0.1339891403913498
683,9599,10930,1110,4,0.2964325249195099,0.03344997763633728,-0.8264786005020142
684,9616,689,257,2,0.2942037582397461,0.032655395567417145,0.8505688905715942
685,9624,1578,806,2,0.29724106192588806,0.03271379694342613,-0.304968923330307
686,9646,11397,565,2,0.29490309953689575,0.0325513631105423,0.10632181167602539
687,9724,7551,706,3,0.29565057158470154,0.03405436873435974,-0.12016703933477402
688,9728,4901,579,6,0.29457107186317444,0.03367367014288902,0.001811295747756958
689,9735,3118,911,8,0.2942028343677521,0.03198579326272011,-0.4546573758125305
690,9751,12340,1328,3,0.2943166494369507,0.031096020713448524,-1.785678744316101
691,9776,18112,1120,2,0.2973685562610626,0.03370638191699982,-0.7446622252464294
692,9777,14986,681,3,0.294353187084198,0.033126600086688995,-0.1054672822356224
693,9797,2363,3,2,0.29082968831062317,0.04042912274599075,4.208924293518066
694,9799,18287,14,6,0.2932724952697754,0.036551736295223236,2.5664520263671875
695,9811,3389,793,4,0.29559364914894104,0.03461732342839241,-0.23046398162841797
696,9817,708,1146,2,0.2951241731643677,0.03166521340608597,-0.819571852684021
697,9825,12446,15,2,0.296031653881073,0.034274324774742126,2.3240253925323486
698,9886,15403,962,3,0.2969474494457245,0.03189542889595032,-0.4655820429325104
699,9888,18137,856,5,0.29778626561164856,0.0347849577665329,-0.3640749752521515
700,9896,14617,997,5,0.29642534255981445,0.03191639855504036,-0.6798408627510071
701,9903,12570,846,4,0.2931985855102539,0.031124597415328026,-0.4006492495536804
702,9941,15854,31,2,0.2950458228588104,0.0346011146903038,1.9452029466629028
703,9945,6750,3,1,0.2937305271625519,0.036221131682395935,3.322309732437134
704,9947,1354,371,2,0.2961895167827606,0.03705623745918274,0.38167357444763184
705,9951,8921,276,9,0.29550743103027344,0.03370692580938339,0.677463948726654
706,9970,727,50,4,0.2950706481933594,0.03359343111515045,1.6503099203109741
707,9974,16789,302,2,0.29510757327079773,0.030638620257377625,0.6330143213272095
708,9994,12429,618,1,0.2907544672489166,0.0353059358894825,0.02227131277322769
709,10011,2853,1,3,0.2941845953464508,0.03705573081970215,5.873892307281494
710,10014,17437,1069,2,0.2950555980205536,0.034053824841976166,-0.6908817291259766
711,10033,12690,268,3,0.2949671745300293,0.033746298402547836,0.804179847240448
712,10123,738,479,4,0.29620423913002014,0.03160659223794937,0.20985344052314758
713,10125,17388,23,4,0.293499618768692,0.03422706201672554,2.197643756866455
714,10146,18258,9,7,0.29490119218826294,0.03472724184393883,2.921851634979248
715,10154,8999,77,2,0.2947886884212494,0.034888941794633865,1.3961268663406372
716,10156,743,897,2,0.29676228761672974,0.03163021057844162,-0.417857825756073
717,10207,18272,18,2,0.2963368892669678,0.037914518266916275,2.4409780502319336
718,10242,18200,116,3,0.2950918674468994,0.034720420837402344,1.1925945281982422
719,10274,14687,161,3,0.2959209680557251,0.030557602643966675,1.009963035583496
720,10281,11385,1108,2,0.2958179712295532,0.03307340666651726,-0.7935206890106201
721,10323,4874,356,2,0.297747403383255,0.034082427620887756,0.48154178261756897
722,10349,14706,8,2,0.2947840988636017,0.040373578667640686,3.0111823081970215
723,10350,762,910,2,0.2960522174835205,0.033321674913167953,-0.4280094802379608
724,10362,763,61,3,0.2933625876903534,0.036059677600860596,1.6772255897521973
725,10372,6353,1080,2,0.2969302237033844,0.034577883780002594,-0.7333969473838806
726,10374,5750,72,3,0.29686853289604187,0.03269787132740021,1.4969643354415894
727,10384,17891,80,1,0.29308396577835083,0.03416362404823303,1.4457036256790161
728,10386,18320,1012,10,0.2957703471183777,0.035274751484394073,-0.6210894584655762
729,10387,18320,1199,3,0.2941615879535675,0.033038120716810226,-1.1510800123214722
730,10388,18316,14,4,0.2966438829898834,0.03648620471358299,3.05269718170166
731,10414,8991,1286,4,0.29716864228248596,0.03224395588040352,-1.3446645736694336
732,10418,1227,1142,3,0.2931502163410187,0.03211003541946411,-0.8784409761428833
733,10421,16178,1153,3,0.2953150272369385,0.034032419323921204,-0.9489138126373291
734,10447,7919,365,2,0.29724472761154175,0.03144809231162071,0.5093899965286255
735,10464,10788,72,2,0.29515355825424194,0.03464986011385918,1.5231045484542847
736,10480,17883,998,2,0.29580003023147583,0.03518611192703247,-0.6473678350448608
737,10486,12577,255,3,0.29287728667259216,0.03421666473150253,0.58440101146698
738,10491,17068,766,2,0.295766144990921,0.03800974413752556,-0.2136392593383789
739,10505,16803,51,3,0.29411885142326355,0.03581879287958145,1.499346375465393
740,10516,14467,505,3,0.29461953043937683,0.03137101233005524,0.2609226703643799
741,10522,14568,463,2,0.29754379391670227,0.03372005373239517,0.4015381336212158
742,10530,1245,454,2,0.2962115406990051,0.03255748003721237,0.2700085937976837
743,10570,9186,15,3,0.2955864667892456,0.037278153002262115,2.9479551315307617
744,10572,9621,529,2,0.2964458763599396,0.032746925950050354,0.2038981318473816
745,10589,4698,86,2,0.29250332713127136,0.04344287887215614,1.5839349031448364
746,10604,3204,174,2,0.2954772710800171,0.04019074887037277,0.9762305617332458
747,10605,17566,288,2,0.2963765561580658,0.030784079805016518,0.6873819828033447
748,10624,18216,14,3,0.29535341262817383,0.03704345226287842,2.2631969451904297
749,10640,3178,27,5,0.2936198115348816,0.03495320677757263,2.034457206726074
750,10647,3114,425,5,0.29779186844825745,0.03470982611179352,0.3942781090736389
751,10651,7381,130,1,0.29249733686447144,0.0323566272854805,1.2777494192123413
752,10654,8143,53,3,0.2955240309238434,0.035029880702495575,1.667723298072815
753,10656,8657,410,3,0.2939295768737793,0.03226654604077339,0.37685006856918335
754,10659,18278,84,4,0.2961527705192566,0.034695934504270554,1.3399848937988281
755,10664,2061,585,3,0.29588988423347473,0.032850705087184906,0.05727407708764076
756,10666,14393,106,5,0.2957845628261566,0.031656574457883835,1.4358055591583252
757,10669,4294,1191,2,0.2972959876060486,0.03420446813106537,-1.0620371103286743
758,10682,16043,189,4,0.2960505783557892,0.0328543521463871,0.8502115607261658
759,10709,13451,828,2,0.29534468054771423,0.03242254629731178,-0.31592947244644165
760,10740,3485,276,2,0.2958661615848541,0.033094655722379684,0.6976770162582397
761,10744,5106,409,3,0.2960321009159088,0.03626508638262749,0.38658037781715393
762,10766,926,116,2,0.29532310366630554,0.03666967898607254,1.371978998184204
763,10808,5027,267,2,0.29494062066078186,0.03819546103477478,0.727436363697052
764,10823,804,18,3,0.295060396194458,0.03427442908287048,2.340319871902466
765,10838,11213,839,2,0.2958647310733795,0.03140423819422722,-0.3205723166465759
766,10843,7375,375,3,0.2931462526321411,0.03121323138475418,0.4625878632068634
767,10854,3076,1301,6,0.2955816984176636,0.03302552551031113,-1.4021837711334229
768,10861,13527,860,2,0.296815425157547,0.036824166774749756,-0.3147837519645691
769,10864,17085,136,6,0.2970362901687622,0.03272201865911484,1.1932090520858765
770,10880,18307,281,2,0.29419222474098206,0.03496437519788742,0.6497970819473267
771,10881,18307,98,8,0.29518043994903564,0.034000661224126816,1.4076499938964844
772,10883,18244,29,4,0.2975928485393524,0.0379810556769371,2.3783159255981445
773,10884,18307,400,2,0.29475319385528564,0.035686783492565155,0.4442735016345978
774,10887,18227,428,2,0.295888215303421,0.03473983705043793,0.4414721131324768
775,10888,18133,162,3,0.2961399257183075,0.0338023416697979,1.0461958646774292
776,10891,10047,139,7,0.29650983214378357,0.03742196410894394,1.2069576978683472
777,10893,8955,194,10,0.2942120134830475,0.03789765015244484,0.822360098361969
778,10900,15948,337,2,0.29573875665664673,0.03333866596221924,0.5227267146110535
779,10907,18307,282,4,0.2972436249256134,0.03433946147561073,0.710577666759491
780,10910,16674,78,4,0.29560136795043945,0.03562325984239578,1.4224120378494263
781,10928,18258,75,5,0.29792869091033936,0.03407018631696701,1.5139285326004028
782,10934,14851,445,2,0.2984464764595032,0.035217177122831345,0.36039313673973083
783,10935,17435,389,2,0.29635339975357056,0.032085396349430084,0.45568400621414185
784,10944,2508,232,2,0.29658374190330505,0.03292747214436531,0.7955299615859985
785,10993,17917,595,6,0.29640644788742065,0.03312021493911743,-0.05893421918153763
786,10994,17007,401,2,0.2965593636035919,0.03325536102056503,0.39844614267349243
787,10995,17437,44,2,0.2951144874095917,0.04080785810947418,1.9399774074554443
788,11022,18287,142,6,0.29499655961990356,0.033251553773880005,0.9618775248527527
789,11031,1784,345,2,0.2943602502346039,0.04157620668411255,0.5173683166503906
790,11064,15569,224,3,0.29661107063293457,0.03375130891799927,0.8360403180122375
791,11089,4826,42,2,0.29584431648254395,0.03577468544244766,1.7880655527114868
792,11092,11276,967,3,0.29589927196502686,0.033803217113018036,-0.5574293732643127
793,11128,12387,860,1,0.29312556982040405,0.03642122074961662,-0.31753209233283997
794,11138,16359,643,1,0.29538780450820923,0.03956570476293564,-0.021297037601470947
795,11142,17086,641,5,0.298604816198349,0.03154031187295914,-0.08371996879577637
796,11149,5370,1161,1,0.2947331666946411,0.03138091787695885,-0.8990761637687683
797,11158,839,287,2,0.29556193947792053,0.03585118427872658,0.774925172328949
798,11162,2434,6,2,0.2952723503112793,0.03968220204114914,3.825782537460327
799,11177,3216,90,1,0.2942478060722351,0.03545718640089035,1.21677565574646
800,11186,845,613,2,0.2946745753288269,0.03201189264655113,0.013147246092557907
801,11199,12613,371,4,0.29528942704200745,0.03152496740221977,0.4504876136779785
802,11232,18318,1185,2,0.29758864641189575,0.03160500526428223,-1.0064520835876465
803,11268,17280,725,1,0.29223570227622986,0.03245862200856209,-0.16138847172260284
804,11274,16665,144,3,0.29542770981788635,0.033706896007061005,1.0625331401824951
805,11306,4799,551,3,0.29603803157806396,0.032338909804821014,0.12125509977340698
806,11331,2083,519,6,0.2959628105163574,0.032965611666440964,0.15975193679332733
807,11335,10668,16,3,0.29557907581329346,0.03699696809053421,2.1916332244873047
808,11338,6388,298,2,0.2941959798336029,0.03408225625753403,0.55344557762146
809,11343,3969,775,8,0.29410552978515625,0.0352044552564621,-0.25520437955856323
810,11361,5006,40,3,0.29627662897109985,0.0354917049407959,1.9366486072540283
811,11404,18318,89,2,0.2941112518310547,0.03798015043139458,1.5065218210220337
812,11452,15117,274,5,0.29865607619285583,0.03503580763936043,0.635662853717804
813,11483,10718,57,2,0.29638421535491943,0.03302600607275963,1.6056188344955444
814,11484,3287,62,3,0.29590436816215515,0.03401641175150871,1.590728998184204
815,11498,5026,300,3,0.29415613412857056,0.03542661666870117,0.7288353443145752
816,11512,13876,208,2,0.29574456810951233,0.03754090890288353,0.8887994289398193
817,11528,2289,523,2,0.2954786717891693,0.03669646382331848,0.2645692229270935
818,11576,8125,60,4,0.2974129915237427,0.03729650378227234,1.6565604209899902
819,11598,18334,691,4,0.2962888777256012,0.03252675384283066,-0.11184544116258621
820,11603,1939,199,6,0.29515329003334045,0.03231635317206383,0.971964418888092
821,11629,17954,41,10,0.29554516077041626,0.0343317911028862,1.643686294555664
822,11632,16103,9,4,0.2953540086746216,0.03682111203670502,1.845999002456665
823,11646,17943,943,6,0.29688647389411926,0.033881790935993195,-0.49020519852638245
824,11656,18064,886,6,0.2962198853492737,0.03452949970960617,-0.4450547695159912
825,11681,18326,1148,7,0.2946540415287018,0.03370452672243118,-0.9902276396751404
826,11704,889,921,2,0.29671722650527954,0.03312863036990166,-0.4565770924091339
827,11722,18307,682,2,0.29433202743530273,0.0351094976067543,-0.1364387720823288
828,11757,3718,7,5,0.2954632341861725,0.036245059221982956,2.476433038711548
829,11763,8267,97,1,0.2950820326805115,0.032263509929180145,1.3111530542373657
830,11814,9853,675,2,0.29469215869903564,0.034279003739356995,-0.0929097980260849
831,11818,14423,945,3,0.29492294788360596,0.032966215163469315,-0.5162239074707031
832,11848,10233,81,4,0.29476895928382874,0.034895334392786026,1.4758083820343018
833,11863,12901,652,3,0.296465128660202,0.03352699056267738,-0.03318435698747635
834,11874,918,1224,2,0.2950234115123749,0.030223511159420013,-1.098089337348938
835,11927,18298,55,4,0.29527658224105835,0.03319130465388298,1.6451125144958496
836,11931,1007,1249,3,0.2937115728855133,0.0304839126765728,-1.156936526298523
837,11932,927,539,2,0.2954752445220947,0.034400589764118195,0.160993754863739
838,11944,15354,507,6,0.2961214482784271,0.03184468299150467,0.17531165480613708
839,11953,14850,178,4,0.2948743999004364,0.03411613404750824,1.00216805934906
840,11956,17407,99,7,0.29437777400016785,0.03409424051642418,1.4285168647766113
841,12035,3181,1155,2,0.2965407967567444,0.03299589455127716,-0.9043287038803101
842,12045,16332,949,7,0.29344072937965393,0.03560144081711769,-0.537359356880188
843,12075,18268,741,3,0.2945188283920288,0.03451821953058243,-0.2054264396429062
844,12091,10468,1233,2,0.29660841822624207,0.03131011500954628,-1.1999003887176514
845,12099,11941,35,2,0.29593923687934875,0.03337714821100235,1.879118800163269
846,12125,18273,99,2,0.295863538980484,0.0349503718316555,1.4229917526245117
847,12129,16914,137,2,0.29577213525772095,0.03110446035861969,1.1123700141906738
848,12137,17943,259,3,0.293166846036911,0.03624542057514191,0.71552973985672
849,12147,6706,53,5,0.2933935821056366,0.03893721103668213,1.8115237951278687
850,12195,12528,657,2,0.29324522614479065,0.03163294494152069,-0.10062761604785919
851,12202,18307,1280,2,0.2960130274295807,0.03180798143148422,-1.3200361728668213
852,12224,9118,787,10,0.2945255637168884,0.03396506980061531,-0.2567693889141083
853,12226,18236,424,1,0.295986533164978,0.0336381196975708,0.405849814414978
854,12232,1651,131,2,0.2958439290523529,0.03285427391529083,1.1799887418746948
855,12265,14751,857,2,0.29420438408851624,0.03139568865299225,-0.32053714990615845
856,12270,6879,162,9,0.2965051829814911,0.03326621279120445,0.998989462852478
857,12294,15705,14,3,0.29659050703048706,0.03470269590616226,1.9823119640350342
858,12306,16791,555,4,0.2954891324043274,0.03296998143196106,0.1068858951330185
859,12314,5163,461,2,0.2977428436279297,0.03350592777132988,0.2151528298854828
860,12340,16791,759,4,0.29480427503585815,0.0305116418749094,-0.17468152940273285
861,12342,5119,771,2,0.29645705223083496,0.03383493423461914,-0.21893878281116486
862,12355,1118,524,3,0.29632771015167236,0.03637029975652695,0.2967444658279419
863,12375,13373,303,3,0.2950982451438904,0.031018223613500595,0.6056493520736694
864,12409,9866,372,3,0.2955324649810791,0.0342184454202652,0.4954463541507721
865,12410,18307,751,5,0.29791998863220215,0.034633226692676544,-0.23138150572776794
866,12443,18333,140,2,0.29422563314437866,0.030960796400904655,0.9784066081047058
867,12451,9405,461,3,0.29361531138420105,0.035369206219911575,0.2938063442707062
868,12455,18320,1077,3,0.295430988073349,0.03568067401647568,-0.7729073762893677
869,12484,18298,3,4,0.2958188056945801,0.03583935648202896,4.295053482055664
870,12498,18315,11,7,0.2948038578033447,0.03636034578084946,3.200591564178467
871,12525,18276,592,6,0.2958291471004486,0.034444767981767654,0.05228215083479881
872,12526,17086,990,2,0.2963663637638092,0.030432291328907013,-0.5278902053833008
873,12528,18287,316,3,0.2966111898422241,0.03112650290131569,0.5905483365058899
874,12532,18307,843,5,0.29892754554748535,0.03386055305600166,-0.3777181804180145
875,12536,18277,537,2,0.2947278320789337,0.03417196124792099,0.10648233443498611
876,12538,18258,22,4,0.2954846918582916,0.03517715632915497,2.0813863277435303
877,12541,18334,527,8,0.29562538862228394,0.03557441383600235,0.17977172136306763
878,12567,6751,807,2,0.2964378893375397,0.038674354553222656,-0.301570326089859
879,12604,13362,21,4,0.29458802938461304,0.03467971831560135,1.8262897729873657
880,12614,13884,301,3,0.29516878724098206,0.035358697175979614,0.7089136838912964
881,12615,10459,458,3,0.29690003395080566,0.03243570774793625,0.2611008882522583
882,12616,13654,119,4,0.2939271330833435,0.03356115147471428,1.2460426092147827
883,12637,7962,1096,1,0.2941223680973053,0.03064938262104988,-0.9223279356956482
884,12643,2881,742,2,0.2960537075996399,0.0346764475107193,-0.14181427657604218
885,12644,13316,4,3,0.2953898012638092,0.032938309013843536,3.461961269378662
886,12655,9233,168,3,0.29589736461639404,0.03138401359319687,0.8228592276573181
887,12662,18195,32,7,0.29383131861686707,0.0311984084546566,2.041240692138672
888,12666,13237,538,2,0.2951618432998657,0.03368135541677475,0.061101093888282776
889,12667,15439,264,1,0.29354557394981384,0.03785848990082741,0.590672492980957
890,12670,4768,9,2,0.2939700186252594,0.040300849825143814,3.144648313522339
891,12677,8479,225,3,0.29482781887054443,0.033122286200523376,0.7501354813575745
892,12692,14484,1043,2,0.29577839374542236,0.036137115210294724,-0.6814362406730652
893,12733,7560,213,2,0.2966495156288147,0.03400536999106407,0.9977781176567078
894,12749,18216,505,3,0.2934345006942749,0.03229464963078499,0.21730998158454895
895,12760,13395,882,3,0.29475924372673035,0.04041404277086258,-0.3369487226009369
896,12764,2489,1,5,0.29770198464393616,0.0356191024184227,3.302530288696289
897,12801,18307,918,4,0.2967132031917572,0.03332045301795006,-0.45668768882751465
898,12811,16435,439,2,0.2951940894126892,0.03453466296195984,0.3864091634750366
899,12831,15705,398,1,0.29471102356910706,0.03541819751262665,0.5067127346992493
900,12840,1088,114,9,0.2949029803276062,0.030981719493865967,1.073107361793518
901,12853,15758,59,2,0.29647353291511536,0.03273487836122513,1.6977354288101196
902,12866,14860,122,4,0.29642605781555176,0.03534941375255585,1.251767873764038
903,12873,17473,328,2,0.29530102014541626,0.034046273678541183,0.5984671115875244
904,12874,8413,787,2,0.29456278681755066,0.031691405922174454,-0.2067469358444214
905,12892,4219,96,2,0.29696568846702576,0.03551648184657097,1.5554933547973633
906,12901,4128,59,2,0.29685917496681213,0.03380388393998146,1.7618086338043213
907,12915,9229,899,6,0.2969232201576233,0.033390603959560394,-0.44818753004074097
908,12921,4097,3,3,0.2953743040561676,0.03618539497256279,5.282877445220947
909,12941,3276,2,3,0.29498761892318726,0.04092917591333389,4.119062423706055
910,12946,14677,473,2,0.2945142984390259,0.03186344727873802,0.16175469756126404
911,12999,16033,49,2,0.29413464665412903,0.03420776501297951,1.8173284530639648
912,13002,18252,467,2,0.29637205600738525,0.03274650499224663,0.3228016793727875
913,13033,17880,384,2,0.2945856750011444,0.03432265669107437,0.40972042083740234
914,13112,17025,601,4,0.296848326921463,0.035654954612255096,0.03055490553379059
915,13113,2817,145,6,0.2981804609298706,0.03721019625663757,1.153907060623169
916,13134,5687,45,2,0.2966979146003723,0.03443864732980728,1.8908231258392334
917,13145,17303,55,2,0.2954607903957367,0.036283258348703384,1.7711199522018433
918,13176,1081,692,3,0.29516029357910156,0.03537600487470627,-0.12823042273521423
919,13189,2990,251,3,0.2923159599304199,0.03226462006568909,0.577663004398346
920,13240,13396,1,2,0.29862165451049805,0.04027711600065231,6.06773567199707
921,13244,18051,547,2,0.29786649346351624,0.035754431039094925,0.16477131843566895
922,13268,16106,136,2,0.29526835680007935,0.03571063280105591,1.082079291343689
923,13303,11651,250,3,0.29563629627227783,0.03409421816468239,0.710084080696106
924,13304,17020,990,2,0.296099990606308,0.03090648539364338,-0.5551463961601257
925,13317,9299,238,2,0.29536107182502747,0.032949816435575485,0.8142188191413879
926,13333,18237,925,3,0.29555758833885193,0.033575646579265594,-0.5270118713378906
927,13342,16614,613,1,0.2924043536186218,0.03429746627807617,0.021901749074459076
928,13358,3694,1153,3,0.295791357755661,0.031579241156578064,-0.9215972423553467
929,13376,9009,885,3,0.2969070076942444,0.033578548580408096,-0.40537720918655396
930,13387,15195,816,2,0.29609572887420654,0.03246328979730606,-0.3051770329475403
931,13395,4304,1170,1,0.2949562668800354,0.033006131649017334,-1.0651060342788696
932,13398,6048,160,2,0.2947688698768616,0.036897625774145126,1.1236956119537354
933,13399,6995,96,4,0.29719027876853943,0.03429950773715973,1.347198724746704
934,13423,15311,9,5,0.2945277988910675,0.03716324269771576,2.7271132469177246
935,13439,8476,15,3,0.2966308295726776,0.03844995051622391,2.985574245452881
936,13489,14582,298,6,0.2976457476615906,0.035318467766046524,0.5985552072525024
937,13504,17545,959,4,0.29728516936302185,0.03121275082230568,-0.5251122117042542
938,13518,14883,52,2,0.2954704165458679,0.03872663900256157,1.6097608804702759
939,13530,7663,1069,4,0.2963619530200958,0.03247819095849991,-0.7664303183555603
940,13562,1133,105,5,0.29667845368385315,0.033590275794267654,1.3905329704284668
941,13623,8756,133,4,0.29675400257110596,0.036266766488552094,1.34070885181427
942,13660,9687,20,2,0.294868141412735,0.034160301089286804,3.0136306285858154
943,13709,2632,1046,4,0.29673147201538086,0.03226177766919136,-0.697128415107727
944,13722,3359,671,5,0.29722800850868225,0.03642241656780243,-0.06842590123414993
945,13746,14423,503,2,0.2971915304660797,0.03768797218799591,0.21623563766479492
946,13819,7991,1237,4,0.2950330376625061,0.03184995427727699,-1.15305495262146
947,13883,18246,756,2,0.2952420711517334,0.03164555877447128,-0.20692341029644012
948,13886,18209,179,3,0.2963002622127533,0.033177025616168976,1.0081164836883545
949,13910,5037,787,2,0.2960238456726074,0.03193628787994385,-0.26416754722595215
950,13934,1304,733,10,0.29454731941223145,0.03231052681803703,-0.14604514837265015
951,13935,17714,19,10,0.29284974932670593,0.03712902218103409,2.387974500656128
952,13944,5765,799,2,0.29471853375434875,0.03118462860584259,-0.30080991983413696
953,14048,13369,7,2,0.29531407356262207,0.036534618586301804,2.43546986579895
954,14054,7500,108,2,0.29411694407463074,0.03481465205550194,1.3000389337539673
955,14090,17285,280,2,0.2946828007698059,0.03458927571773529,0.6146115660667419
956,14136,15413,204,3,0.2956656515598297,0.03502391278743744,0.7704979777336121
957,14204,10536,1299,1,0.29323384165763855,0.0294104665517807,-1.437307596206665
958,14251,14934,375,2,0.2947211265563965,0.03396230190992355,0.48310089111328125
959,14254,18305,9,2,0.29529720544815063,0.035582978278398514,1.9579740762710571
960,14270,17756,785,2,0.296539306640625,0.031636543571949005,-0.2920953035354614
961,14273,17385,40,3,0.29449212551116943,0.03583789989352226,1.661832332611084
962,14296,1706,12,2,0.2957126796245575,0.03375909477472305,2.4611833095550537
963,14331,18139,1,3,0.295663446187973,0.03594651073217392,3.7111434936523438
964,14342,16123,1204,3,0.29536426067352295,0.031247567385435104,-1.116114616394043
965,14347,5895,1111,2,0.295346200466156,0.0319812074303627,-0.7452335953712463
966,14366,5425,208,6,0.2949075996875763,0.03388337045907974,0.8464532494544983
967,14393,1551,43,3,0.29596248269081116,0.03575568646192551,2.0699543952941895
968,14404,9606,542,7,0.2945469617843628,0.03178078681230545,0.1547127664089203
969,14438,12047,87,6,0.29621604084968567,0.03449821099638939,1.5453360080718994
970,14454,5605,177,4,0.29468053579330444,0.03352532163262367,0.9310095906257629
971,14468,17235,1220,6,0.29595717787742615,0.031127840280532837,-1.1512163877487183
972,14479,11554,88,3,0.2946617603302002,0.03576678782701492,1.4110772609710693
973,14594,18208,43,3,0.2949250340461731,0.03556438535451889,1.657713770866394
974,14625,6599,562,4,0.292948842048645,0.03297065943479538,0.15422002971172333
975,14674,17616,102,1,0.2944110333919525,0.035313937813043594,1.287573218345642
976,14682,16270,676,5,0.29770538210868835,0.03621921315789223,-0.016811616718769073
977,14683,5968,667,2,0.296538382768631,0.033995144069194794,-0.0686141699552536
978,14694,8301,636,3,0.2957915961742401,0.030876073986291885,-0.02687256410717964
979,14714,18274,19,9,0.2970520257949829,0.03310834988951683,2.614138126373291
980,14732,17177,703,2,0.29653507471084595,0.03243853896856308,-0.07836753129959106
981,14738,18148,49,2,0.29721784591674805,0.03600405901670456,1.7674272060394287
982,14742,8972,1,2,0.29771533608436584,0.03580928593873978,3.76638126373291
983,14749,12497,68,2,0.29604601860046387,0.03514639660716057,1.6357792615890503
984,14772,17586,405,2,0.2950842082500458,0.039825715124607086,0.384756475687027
985,14786,18232,953,3,0.2940835654735565,0.032136380672454834,-0.46096736192703247
986,14787,17086,732,4,0.29532426595687866,0.03051668591797352,-0.20730245113372803
987,14790,7329,72,2,0.2947017550468445,0.03721337020397186,1.6433625221252441
988,14791,11551,249,2,0.2949061095714569,0.03181418776512146,0.7701207995414734
989,14800,17699,884,2,0.2963583767414093,0.03723078966140747,-0.3544718027114868
990,14804,6369,884,4,0.2947291135787964,0.03258597478270531,-0.3758183717727661
991,14852,18279,327,3,0.29738563299179077,0.033595889806747437,0.5524395108222961
992,14876,16200,89,3,0.29567939043045044,0.034768056124448776,1.3952007293701172
993,14899,18218,1156,5,0.2971048653125763,0.029338760301470757,-0.9447320699691772
994,14929,2083,191,2,0.29569709300994873,0.030773421749472618,0.9628123641014099
995,14934,1280,120,2,0.29460716247558594,0.03854186460375786,1.206028938293457
996,14959,11567,146,4,0.2959612011909485,0.03542125225067139,1.0795176029205322
997,14994,7324,397,4,0.2949168086051941,0.03764190897345543,0.41733458638191223
998,15000,15269,117,2,0.2946423292160034,0.035189006477594376,1.3244478702545166
999,15038,18280,586,3,0.2964172661304474,0.034016743302345276,0.0921643078327179
1000,15046,10128,90,5,0.2986164689064026,0.034468553960323334,1.5165455341339111
1001,15048,7797,989,2,0.29527682065963745,0.03228702396154404,-0.5596125721931458
1002,15103,2139,286,2,0.295676589012146,0.038544293493032455,0.7193944454193115
1003,15124,12508,14,8,0.2945474684238434,0.035786211490631104,2.732694625854492
1004,15154,15349,7,2,0.2960662245750427,0.03812861070036888,2.632596492767334
1005,15157,13506,1218,1,0.2918236553668976,0.028465354815125465,-1.0912424325942993
1006,15193,18349,1319,4,0.2959928810596466,0.032545410096645355,-1.5729734897613525
1007,15200,13419,146,1,0.2940117418766022,0.032989099621772766,1.1794737577438354
1008,15213,1313,1270,2,0.2947959005832672,0.03341534733772278,-1.0821112394332886
1009,15225,4530,562,3,0.2952020466327667,0.03204076737165451,0.17711859941482544
1010,15236,9572,968,3,0.2955103814601898,0.03722255304455757,-0.5351552963256836
1011,15280,5574,223,3,0.29636844992637634,0.0344448983669281,0.9591723084449768
1012,15285,3496,891,4,0.2958161532878876,0.03141680732369423,-0.48213502764701843
1013,15301,15305,275,3,0.29482564330101013,0.03240957111120224,0.6105573177337646
1014,15302,11494,2,2,0.29425114393234253,0.03827540576457977,5.0605597496032715
1015,15317,17194,52,4,0.2959975004196167,0.032967522740364075,1.682334542274475
1016,15344,12651,2,3,0.2955383062362671,0.035413410514593124,2.330869197845459
1017,15355,18307,56,2,0.29632431268692017,0.038024723529815674,1.6300749778747559
1018,15364,1616,113,2,0.2965543270111084,0.03295012563467026,1.1973029375076294
1019,15390,1344,267,2,0.2961084842681885,0.03155803680419922,0.7146215438842773
1020,15400,18079,794,2,0.2962722182273865,0.03308265283703804,-0.2782936096191406
1021,15435,2184,395,3,0.29438671469688416,0.031385332345962524,0.40886667370796204
1022,15459,14632,18,5,0.2969290614128113,0.03598279878497124,2.420502185821533
1023,15466,16243,592,4,0.2958064377307892,0.030845513567328453,0.0272987000644207
1024,15479,17262,1192,6,0.29493629932403564,0.0345274992287159,-1.0086147785186768
1025,15499,16628,407,2,0.29689598083496094,0.03213443607091904,0.5470674633979797
1026,15510,5032,2,2,0.29383721947669983,0.037389159202575684,4.207505226135254
1027,15532,7551,431,1,0.2937438189983368,0.032725296914577484,0.3281322717666626
1028,15543,12564,297,2,0.2950872778892517,0.04059147834777832,0.5282124280929565
1029,15546,4997,1160,4,0.2952606678009033,0.035149820148944855,-0.933319628238678
1030,15558,17998,850,2,0.2968200147151947,0.03272223100066185,-0.368697851896286
1031,15572,8902,25,1,0.29306674003601074,0.03692297264933586,2.3418211936950684
1032,15614,18325,152,4,0.2969178557395935,0.03218480944633484,1.063340663909912
1033,15621,12104,678,2,0.2931115925312042,0.030652226880192757,-0.03834827244281769
1034,15682,15312,5,6,0.2952989935874939,0.0384676456451416,3.579380989074707
1035,15690,14153,332,3,0.29343175888061523,0.03511257469654083,0.5429697632789612
1036,15717,2276,29,7,0.29260605573654175,0.034003712236881256,1.9423500299453735
1037,15728,9034,213,3,0.29551565647125244,0.031405940651893616,0.8276267647743225
1038,15761,14153,388,2,0.29398462176322937,0.03224075213074684,0.36368903517723083
1039,15772,5739,820,3,0.29423049092292786,0.029986949637532234,-0.287930428981781
1040,15795,6325,621,2,0.29549136757850647,0.03380471095442772,0.020727388560771942
1041,15806,6163,1,10,0.29336321353912354,0.03792860358953476,5.063793659210205
1042,15808,7479,257,8,0.2946806252002716,0.03302900493144989,0.6799846887588501
1043,15822,15536,631,1,0.29306161403656006,0.033409375697374344,-0.08894135802984238
1044,15823,17696,1204,2,0.2954728901386261,0.03704160451889038,-1.0493063926696777
1045,15827,7000,22,4,0.2977393567562103,0.03425975516438484,2.7435433864593506
1046,15855,10828,224,2,0.2964012920856476,0.040360867977142334,0.8510564565658569
1047,15864,3614,434,3,0.29482412338256836,0.033327553421258926,0.36070388555526733
1048,15912,2093,6,3,0.2951061725616455,0.036709703505039215,2.866785764694214
1049,15935,11500,420,2,0.2974134087562561,0.031779419630765915,0.2818039059638977
1050,15971,13943,771,2,0.2961311638355255,0.033502623438835144,-0.16473621129989624
1051,15981,6327,279,4,0.29455825686454773,0.034157395362854004,0.6128286123275757
1052,15985,17264,1067,3,0.29587188363075256,0.029978744685649872,-0.7522884607315063
1053,16030,4158,1162,4,0.2959161400794983,0.03459843620657921,-0.9258031845092773
1054,16054,8999,840,2,0.2959195673465729,0.030803466215729713,-0.30363649129867554
1055,16055,3747,1097,2,0.2948917746543884,0.031742751598358154,-0.7773773074150085
1056,16085,17824,507,6,0.2963466942310333,0.030887484550476074,0.11574073880910873
1057,16099,3541,800,2,0.29377198219299316,0.03210494667291641,-0.2758594751358032
1058,16105,14565,6,5,0.29694950580596924,0.036222729831933975,4.148212432861328
1059,16174,18098,537,3,0.2959626019001007,0.03519701957702637,0.16094088554382324
1060,16205,17886,135,2,0.29605770111083984,0.03471605107188225,1.182665467262268
1061,16220,14565,609,1,0.29496467113494873,0.0349576510488987,0.07819932699203491
1062,16288,18195,618,2,0.29576200246810913,0.030872313305735588,0.022771984338760376
1063,16325,16394,1327,5,0.29768136143684387,0.03039877861738205,-1.5376596450805664
1064,16411,10478,131,2,0.2948988080024719,0.037784915417432785,1.318121075630188
1065,16421,1739,471,3,0.2968614101409912,0.032969117164611816,0.24836602807044983
1066,16433,2198,630,2,0.29641062021255493,0.03280520439147949,0.019229847937822342
1067,16449,10682,297,3,0.29584094882011414,0.03651662915945053,0.6670360565185547
1068,16472,5992,322,2,0.29441794753074646,0.03302592784166336,0.5605825781822205
1069,16499,15640,1240,2,0.2963196039199829,0.03326834738254547,-1.1612459421157837
1070,16501,11986,105,4,0.2961774468421936,0.03568394109606743,1.237125277519226
1071,16533,11467,1,1,0.29580584168434143,0.038626961410045624,3.597334861755371
1072,16535,6848,83,2,0.2974357008934021,0.03256024420261383,1.3494776487350464
1073,16544,17149,353,2,0.2966505289077759,0.03533829376101494,0.6246596574783325
1074,16548,1486,390,3,0.2952415645122528,0.03213297948241234,0.38424399495124817
1075,16554,16707,196,2,0.2943061292171478,0.03678195923566818,0.8848057389259338
1076,16636,9949,54,2,0.295189768075943,0.03690745681524277,1.8015429973602295
1077,16666,18185,858,5,0.29824593663215637,0.033206358551979065,-0.3497726321220398
1078,16672,11904,102,3,0.2954055666923523,0.03253059834241867,1.2679306268692017
1079,16675,18072,832,2,0.2953156530857086,0.041855618357658386,-0.37677374482154846
1080,16718,18309,790,3,0.2944393754005432,0.033462390303611755,-0.26129838824272156
1081,16746,17960,682,1,0.2916022539138794,0.032096464186906815,-0.10165001451969147
1082,16750,13181,20,2,0.2955356240272522,0.03668221831321716,1.9848005771636963
1083,16843,18014,431,2,0.29484930634498596,0.033343203365802765,0.4556509554386139
1084,16850,14407,926,8,0.2953258454799652,0.033756423741579056,-0.447297066450119
1085,16851,13782,12,2,0.29674163460731506,0.03367433324456215,2.628685235977173
1086,16869,1529,449,2,0.2956761121749878,0.03229213133454323,0.2886694073677063
1087,16876,15991,678,3,0.29456204175949097,0.030810046941041946,-0.13494755327701569
1088,16919,18330,30,3,0.29455122351646423,0.033831942826509476,1.9364985227584839
1089,16920,17940,329,2,0.29496413469314575,0.033549964427948,0.6479898691177368
1090,16923,17090,218,5,0.29840779304504395,0.031832873821258545,0.8344770073890686
1091,16956,18335,143,3,0.2963237464427948,0.03395448625087738,1.0767822265625
1092,16974,16799,153,2,0.29557523131370544,0.03404172137379646,1.0693533420562744
1093,16980,10153,28,3,0.2966341972351074,0.033887118101119995,1.764108657836914
1094,17008,17099,437,3,0.29627785086631775,0.032816797494888306,0.3905019164085388
1095,17020,8139,38,4,0.2955249845981598,0.03343169391155243,1.9350875616073608
1096,17026,16018,549,2,0.2959739565849304,0.028968513011932373,0.17764265835285187
1097,17047,14207,387,3,0.29475632309913635,0.03523607552051544,0.3601931929588318
1098,17057,10204,393,2,0.2952314019203186,0.033844150602817535,0.46476617455482483
1099,17060,18307,1004,5,0.2985295355319977,0.03407399356365204,-0.6751552820205688
1100,17071,1553,718,2,0.2963527739048004,0.03637749329209328,-0.139210507273674
1101,17087,9450,507,5,0.29649868607521057,0.03306572139263153,0.28193700313568115
1102,17101,2093,20,9,0.29576507210731506,0.0352700874209404,2.715836524963379
1103,17121,16953,474,5,0.2966182827949524,0.034578751772642136,0.31516599655151367
1104,17124,10673,215,2,0.295889288187027,0.034270912408828735,0.9306128621101379
1105,17152,17085,466,2,0.29736971855163574,0.03159265220165253,0.23964865505695343
1106,17183,17209,1160,3,0.2957339882850647,0.03336527198553085,-0.913332998752594
1107,17202,13844,92,5,0.29800039529800415,0.038485996425151825,1.2512576580047607
1108,17212,6427,882,3,0.2957610785961151,0.045143745839595795,-0.3872949481010437
1109,17220,3558,158,1,0.29022809863090515,0.034330498427152634,1.0592011213302612
1110,17224,15436,602,4,0.2986270487308502,0.03401216119527817,0.0029313229024410248
1111,17267,17891,940,2,0.2955470681190491,0.03494106978178024,-0.46170252561569214
1112,17276,12421,259,2,0.29655638337135315,0.035494983196258545,0.7569149136543274
1113,17300,15345,350,4,0.2959023416042328,0.03635207563638687,0.5113699436187744
1114,17372,1600,700,2,0.2964007258415222,0.03529521822929382,-0.05369962006807327
1115,17457,11561,414,2,0.2945624887943268,0.03317427635192871,0.3713821768760681
1116,17495,13746,294,4,0.2960217297077179,0.03178004175424576,0.5792272090911865
1117,17519,7728,51,2,0.2954404652118683,0.03690172731876373,1.7093799114227295
1118,17524,5858,775,2,0.29635053873062134,0.032146867364645004,-0.2644123136997223
1119,17598,12390,477,2,0.2958987057209015,0.03076150268316269,0.26763397455215454
1120,17631,16332,1039,2,0.2960195243358612,0.03649613633751869,-0.6976437568664551
1121,17671,18277,781,2,0.29603028297424316,0.035335250198841095,-0.25906386971473694
1122,17672,17085,443,3,0.2958548367023468,0.030940432101488113,0.2936149835586548
1123,17673,18277,707,4,0.29656222462654114,0.03547774627804756,-0.1398164927959442
1124,17677,18232,547,4,0.2979484796524048,0.03343820571899414,0.11644458770751953
1125,17682,17566,177,3,0.2960437536239624,0.031765203922986984,1.0287997722625732
1126,17684,18307,1083,2,0.29678744077682495,0.03555034101009369,-0.7485938668251038
1127,17687,18334,839,2,0.29588794708251953,0.032605256885290146,-0.3645566403865814
1128,17726,14458,315,4,0.29826706647872925,0.03775901347398758,0.5275026559829712
1129,17759,6715,1150,7,0.29483720660209656,0.03522592410445213,-0.886943519115448
1130,17762,14127,1288,3,0.295502245426178,0.03094380348920822,-1.4160879850387573
1131,17766,12513,168,4,0.2966545820236206,0.033758290112018585,0.9620539546012878
1132,17802,15592,578,3,0.295210599899292,0.038182083517313004,0.0781690925359726
1133,17838,2113,1289,2,0.2964039742946625,0.03337135910987854,-1.3432488441467285
1134,17873,12848,106,2,0.29639068245887756,0.036732450127601624,1.2975990772247314
1135,17893,1670,565,2,0.29503804445266724,0.03548092022538185,0.1040731891989708
1136,17953,17564,575,1,0.2919187843799591,0.03298122063279152,0.09430638700723648
1137,17991,2971,409,2,0.2952238619327545,0.035519517958164215,0.39632195234298706
1138,17995,16729,343,2,0.2950820326805115,0.0321367122232914,0.4289340376853943
1139,18018,1690,10,3,0.29476720094680786,0.033814966678619385,2.5110907554626465
1140,18024,13448,845,4,0.29476022720336914,0.032071489840745926,-0.2690742611885071
1141,18025,14224,62,3,0.29668959975242615,0.039815474301576614,1.6780900955200195
1142,18031,2858,442,5,0.29727470874786377,0.034509312361478806,0.24341531097888947
1143,18039,15079,47,2,0.29436805844306946,0.03543872758746147,1.6429334878921509
1144,18047,14827,902,2,0.29591572284698486,0.03189011663198471,-0.48191916942596436
1145,18057,3421,398,4,0.29695212841033936,0.0334024541079998,0.48616740107536316
1146,18064,1696,14,2,0.2954578399658203,0.036000899970531464,1.9123300313949585
1147,18077,18315,24,2,0.2957058250904083,0.03311671316623688,2.262948513031006
1148,18125,12726,1021,2,0.2947942018508911,0.029730377718806267,-0.6411730051040649
1149,18177,15989,55,2,0.29535698890686035,0.03404093161225319,1.5512675046920776
1150,18224,1800,199,2,0.29461759328842163,0.03362299129366875,0.8727514147758484
1151,18236,16635,21,3,0.2949000298976898,0.035350702702999115,2.2263236045837402
1152,18246,10517,243,2,0.29536470770835876,0.037409424781799316,0.7735555171966553
1153,18247,18064,1178,1,0.29616856575012207,0.031443264335393906,-1.0059946775436401
1154,18341,17227,1199,2,0.29638704657554626,0.030366888269782066,-1.0730456113815308
1155,18343,4770,12,4,0.2964472770690918,0.0371101051568985,2.303358316421509
1156,18350,10576,3,2,0.297048419713974,0.036787185817956924,3.0925803184509277
1157,18365,6783,253,2,0.29649871587753296,0.03258340060710907,0.8633794784545898
1158,18395,7385,1114,2,0.2961670756340027,0.0324384868144989,-0.9097010493278503
1159,18461,5369,15,2,0.2942909896373749,0.03866913914680481,2.1333982944488525
1160,18470,17742,832,1,0.2946179509162903,0.032489411532878876,-0.36553823947906494
1161,18593,12414,276,2,0.2947900593280792,0.03536669909954071,0.6915345191955566
1162,18602,17453,57,3,0.2958499491214752,0.034422412514686584,2.232571601867676
1163,18645,5465,467,2,0.2957739531993866,0.03157610073685646,0.29411014914512634
1164,18685,14450,824,2,0.29636892676353455,0.035487864166498184,-0.36800122261047363
1165,18703,15523,712,2,0.2967044413089752,0.0356433130800724,-0.0768345296382904
1166,18711,6350,176,4,0.2952330708503723,0.03366196155548096,0.9302417039871216
1167,18712,7664,955,2,0.29427748918533325,0.03427684307098389,-0.5143691301345825
1168,18724,2743,242,3,0.2971535623073578,0.03642193228006363,0.7420328855514526
1169,18778,10204,60,3,0.29366081953048706,0.031476765871047974,1.5742530822753906
1170,18792,17714,626,3,0.2972714304924011,0.03497100621461868,0.02253922075033188
1171,18845,3209,1270,1,0.2948478162288666,0.028911864385008812,-1.348152995109558
1172,19003,10422,317,2,0.2958041727542877,0.03598639369010925,0.6473471522331238
1173,19089,5555,265,2,0.29850366711616516,0.032129958271980286,0.6376418471336365
1174,19112,1884,925,3,0.2953977584838867,0.0351487472653389,-0.43658512830734253
1175,19133,18326,687,1,0.29739153385162354,0.033933334052562714,-0.031787265092134476
1176,19139,18112,1201,1,0.29462847113609314,0.030082257464528084,-1.0893237590789795
1177,19140,1866,379,2,0.29675915837287903,0.039321623742580414,0.5615876913070679
1178,19156,17724,136,3,0.29563212394714355,0.03256022930145264,1.198156714439392
1179,19182,17521,1,3,0.29533714056015015,0.03751533478498459,3.74289608001709
1180,19205,14676,203,3,0.29636070132255554,0.03901572525501251,0.957190752029419
1181,19224,9447,125,4,0.29572394490242004,0.03223685547709465,1.0658246278762817
1182,19257,12210,27,3,0.29519158601760864,0.03567948192358017,2.086747407913208
1183,19262,18150,757,3,0.294921338558197,0.03213421255350113,-0.2669442892074585
1184,19263,11705,233,1,0.2915166914463043,0.030141137540340424,0.6979533433914185
1185,19276,1885,38,4,0.2954999506473541,0.03233952075242996,1.5307605266571045
1186,19311,5602,701,1,0.29394882917404175,0.0333237498998642,-0.07793834805488586
1187,19318,18209,166,4,0.2962377667427063,0.03491953760385513,0.9640872478485107
1188,19354,6295,117,7,0.29290497303009033,0.034771814942359924,1.2330490350723267
1189,19377,16132,371,2,0.294638454914093,0.03235805779695511,0.48840442299842834
1190,19408,4834,229,2,0.2958087623119354,0.03525061905384064,0.8753573894500732
1191,19415,17473,59,2,0.29397299885749817,0.03391050547361374,1.5997371673583984
1192,19484,18261,1168,5,0.29775965213775635,0.030701205134391785,-0.7960420250892639
1193,19490,18023,290,3,0.2957443594932556,0.030605321750044823,0.6436884999275208
1194,19525,12093,846,2,0.2957404553890228,0.03190184757113457,-0.37131208181381226
1195,19541,18305,191,2,0.2949260175228119,0.0327787771821022,0.9532871842384338
1196,19575,2062,506,3,0.2950880229473114,0.031000910326838493,0.21709313988685608
1197,19634,9633,837,2,0.2935628890991211,0.029813608154654503,-0.30082404613494873
1198,19663,15607,24,2,0.2930684983730316,0.03642846271395683,1.8792299032211304
1199,19683,7946,253,2,0.29635223746299744,0.031658660620450974,0.6882296800613403
1200,19720,9142,755,2,0.29436802864074707,0.030804647132754326,-0.170146644115448
1201,19732,18337,87,2,0.29669541120529175,0.03471407666802406,1.504301905632019
1202,19854,15569,9,2,0.2948988080024719,0.03649897128343582,3.036057710647583
1203,19858,15500,111,2,0.29638001322746277,0.03196803480386734,1.3303792476654053
1204,19859,6979,18,3,0.29604217410087585,0.0365457758307457,2.422492742538452
1205,19896,9866,800,3,0.29584237933158875,0.032804131507873535,-0.28423652052879333
1206,19919,5686,65,4,0.29632890224456787,0.03980260714888573,1.733445644378662
1207,19943,15782,28,1,0.2936708331108093,0.03573068976402283,1.9815285205841064
1208,19947,17227,1167,2,0.2942095100879669,0.0283784419298172,-0.908746063709259
1209,19948,18307,1198,8,0.29524651169776917,0.0349060595035553,-1.0822055339813232
1210,19983,17075,55,6,0.2972477376461029,0.03675656020641327,2.025392770767212
1211,20033,2029,7,4,0.2943308651447296,0.035405755043029785,2.8698108196258545
1212,20038,18315,4,3,0.29543718695640564,0.03632240742444992,3.30566668510437
1213,20043,6335,45,2,0.29628071188926697,0.034117504954338074,1.5664809942245483
1214,20047,2030,693,2,0.29499319195747375,0.036944009363651276,-0.0704173892736435
1215,20051,18307,1338,10,0.2933645248413086,0.031209031119942665,-1.748595118522644
1216,20056,6970,1068,3,0.29569947719573975,0.03305763751268387,-0.6993565559387207
1217,20075,16720,1171,2,0.2976367771625519,0.03267958387732506,-0.9697580337524414
1218,20085,8761,202,3,0.29449889063835144,0.03361210599541664,0.856628954410553
1219,20106,13980,653,2,0.2961975634098053,0.03771211951971054,-0.016810834407806396
1220,20107,15253,121,2,0.29651132225990295,0.035942986607551575,1.298837423324585
1221,20166,2045,2,4,0.29572102427482605,0.03754036873579025,2.7707931995391846
1222,20186,11187,457,3,0.2965600788593292,0.03616856783628464,0.24683035910129547
1223,20190,10107,82,2,0.29669663310050964,0.03400030732154846,1.4071277379989624
1224,20217,17523,575,3,0.2953910827636719,0.036949142813682556,0.08642859756946564
1225,20219,18195,82,10,0.29593533277511597,0.032563596963882446,1.4432588815689087
1226,20277,3637,886,1,0.2941584587097168,0.032844435423612595,-0.3846372663974762
1227,20278,9740,105,2,0.29546433687210083,0.03623874858021736,1.3622549772262573
1228,20332,2075,33,4,0.2971664071083069,0.03434979170560837,2.0518791675567627
1229,20352,12477,818,2,0.2942289412021637,0.030679859220981598,-0.27735382318496704
1230,20369,5489,44,6,0.2963421046733856,0.033837687224149704,1.9014828205108643
1231,20387,7000,11,2,0.29454344511032104,0.03715324401855469,2.551678419113159
1232,20412,3451,1207,2,0.29621243476867676,0.031728994101285934,-1.1749942302703857
1233,20421,16985,181,2,0.29552772641181946,0.03849627822637558,1.027314305305481
1234,20453,15222,442,3,0.29511088132858276,0.031712647527456284,0.2763289511203766
1235,20466,18179,138,2,0.2950645089149475,0.03528419882059097,1.184037685394287
1236,20467,17640,387,1,0.29462987184524536,0.034263286739587784,0.45570752024650574
1237,20484,4206,1129,2,0.29693737626075745,0.03143509104847908,-0.8798550367355347
1238,20592,17799,129,2,0.29470565915107727,0.03204181045293808,1.052568793296814
1239,20630,5831,57,1,0.29271990060806274,0.037812959402799606,2.070751905441284
1240,20651,4713,1,2,0.296367883682251,0.03931451588869095,5.0744733810424805
1241,20693,10067,102,3,0.29579034447669983,0.033704742789268494,1.2614760398864746
1242,20744,17090,503,3,0.2953106760978699,0.02998540736734867,0.21544930338859558
1243,20748,18274,650,3,0.2960324287414551,0.03113693743944168,-0.12647494673728943
1244,20772,18254,345,2,0.2937130928039551,0.03443033993244171,0.5430790185928345
1245,20783,2142,10,2,0.2968129515647888,0.03331013768911362,2.497774600982666
1246,20831,18307,543,3,0.295879989862442,0.03687126934528351,0.19555078446865082
1247,20841,14676,409,3,0.29448238015174866,0.03336998075246811,0.3861209452152252
1248,20847,11418,815,3,0.2959962785243988,0.03339751064777374,-0.2852517068386078
1249,20851,14188,301,2,0.2961370348930359,0.034508343786001205,0.5835887789726257
1250,20853,15782,54,2,0.2970719039440155,0.03413904458284378,1.6385695934295654
1251,20854,9326,1111,3,0.2968520522117615,0.033190786838531494,-0.7865468263626099
1252,20872,16200,181,4,0.2983962595462799,0.03257182240486145,0.91102534532547
1253,20887,10977,8,1,0.294325590133667,0.04059365391731262,2.124837875366211
1254,20904,17393,103,2,0.2966442406177521,0.03402169048786163,1.2160730361938477
1255,20922,5220,242,1,0.29567456245422363,0.03421546518802643,0.9203895926475525
1256,20937,2173,1095,2,0.2957550883293152,0.03489600867033005,-0.856217622756958
1257,20938,18334,1138,2,0.2956298291683197,0.0356852225959301,-0.8192475438117981
1258,20958,3469,798,1,0.29124781489372253,0.029381349682807922,-0.32116764783859253
1259,20995,4453,781,2,0.2955906093120575,0.03284585475921631,-0.25987711548805237
1260,21004,15673,116,2,0.29549723863601685,0.03523952513933182,1.3630515336990356
1261,21038,10138,35,4,0.29454782605171204,0.035232532769441605,1.830877423286438
1262,21047,16702,154,3,0.2936931550502777,0.03409288078546524,1.0747122764587402
1263,21102,18205,676,2,0.2961823344230652,0.034003764390945435,-0.08690302073955536
1264,21113,2284,378,5,0.29733529686927795,0.034071724861860275,0.44448673725128174
1265,21122,16791,409,3,0.2941628396511078,0.03146347030997276,0.4144132733345032
1266,21145,5951,221,2,0.2942834794521332,0.032235268503427505,0.8544392585754395
1267,21156,11280,1174,3,0.2947924733161926,0.0363728329539299,-0.9458356499671936
1268,21165,14552,503,3,0.296213835477829,0.03292005509138107,0.24656587839126587
1269,21184,17376,371,2,0.2963661253452301,0.03283684700727463,0.48646679520606995
1270,21194,17662,372,3,0.2956668436527252,0.03225758299231529,0.48403841257095337
1271,21203,17071,39,2,0.2945021688938141,0.03433994948863983,1.7466380596160889
1272,21204,15508,619,4,0.295444130897522,0.03285657614469528,0.026420187205076218
1273,21227,6318,488,3,0.29574811458587646,0.032388247549533844,0.22526226937770844
1274,21350,6924,41,3,0.2939186096191406,0.03550790995359421,2.3147013187408447
1275,21383,2295,969,6,0.29698994755744934,0.032867930829524994,-0.5592276453971863
1276,21533,15709,659,1,0.29533374309539795,0.036040060222148895,-0.00743064284324646
1277,21589,17979,1153,2,0.29742512106895447,0.033398449420928955,-0.8826010823249817
1278,21598,2275,91,2,0.29598772525787354,0.03508234769105911,1.369737982749939
1279,21600,11465,349,2,0.29537028074264526,0.03694469854235649,0.5486724972724915
1280,21602,14752,226,2,0.29483452439308167,0.034411363303661346,0.8240675330162048
1281,21701,11507,114,4,0.29666954278945923,0.03320300579071045,1.1620073318481445
1282,21715,8212,1228,1,0.2943577170372009,0.029237529262900352,-1.2435400485992432
1283,21772,18287,478,3,0.29611799120903015,0.03173082321882248,0.20684398710727692
1284,21777,18334,486,2,0.29397132992744446,0.031201370060443878,0.19914096593856812
1285,21797,18298,27,4,0.2964509129524231,0.03289758041501045,2.2245945930480957
1286,21804,5605,113,2,0.2958243489265442,0.034179165959358215,1.2934393882751465
1287,21811,2308,770,2,0.2967381477355957,0.0316586010158062,-0.2480190396308899
1288,21823,13267,43,2,0.29766902327537537,0.03340061008930206,1.7486991882324219
1289,21878,17494,199,2,0.2950266897678375,0.03275890648365021,1.0180118083953857
1290,21909,10284,67,3,0.29587480425834656,0.03235642984509468,1.4657483100891113
1291,21923,18287,251,3,0.295044869184494,0.03391776233911514,0.8017833232879639
1292,21927,18307,963,5,0.29845044016838074,0.03496420010924339,-0.5818679332733154
1293,21941,7191,721,2,0.29497742652893066,0.029873743653297424,-0.0895506888628006
1294,21944,5503,460,2,0.29561716318130493,0.03415313735604286,0.31179001927375793
1295,21963,16074,684,2,0.2950926125049591,0.031212197616696358,-0.07599185407161713
1296,21982,16948,360,1,0.29370051622390747,0.033008117228746414,0.6069167256355286
1297,22031,7573,60,2,0.2956737279891968,0.035847052931785583,1.532562255859375
1298,22045,16809,220,4,0.2960537374019623,0.03272515907883644,0.8013145923614502
1299,22050,3741,569,2,0.2958453595638275,0.036795586347579956,0.1500919759273529
1300,22059,17824,10,3,0.29473263025283813,0.03436049073934555,2.9274401664733887
1301,22068,14576,602,2,0.2938975691795349,0.035675738006830215,0.14396901428699493
1302,22072,17588,1179,7,0.2943595051765442,0.03364865481853485,-0.9817646741867065
1303,22085,13576,520,2,0.2948126792907715,0.03204541280865669,0.1611192375421524
1304,22180,6169,663,4,0.2968801259994507,0.03747692331671715,-0.0059539396315813065
1305,22219,5706,1,4,0.2949567139148712,0.033542923629283905,4.160372734069824
1306,22224,15249,229,2,0.2970027029514313,0.03246815502643585,0.8957362771034241
1307,22357,11536,247,3,0.2960551679134369,0.03331144526600838,0.6838599443435669
1308,22362,18281,651,3,0.2953702211380005,0.03561713546514511,0.009564332664012909
1309,22386,4277,347,2,0.2957058548927307,0.032455455511808395,0.4437671899795532
1310,22399,18254,117,1,0.29566311836242676,0.033425867557525635,1.0881311893463135
1311,22549,18281,471,3,0.2959844470024109,0.03644322231411934,0.29066765308380127
1312,22556,15601,672,2,0.29699960350990295,0.03821179270744324,-0.08245018869638443
1313,22562,15334,121,1,0.2926589548587799,0.034308113157749176,1.231579065322876
1314,22613,17352,440,3,0.296056866645813,0.032536059617996216,0.39592939615249634
1315,22630,18320,1236,5,0.29800233244895935,0.03449954092502594,-1.1971919536590576
1316,22638,2483,4,2,0.29598671197891235,0.036443378776311874,2.967409610748291
1317,22732,7713,394,3,0.29677361249923706,0.03294198587536812,0.48689594864845276
1318,22746,13014,1303,2,0.295186847448349,0.031435854732990265,-1.3903777599334717
1319,22749,17816,284,2,0.29624634981155396,0.03775972127914429,0.7175735235214233
1320,22774,15721,77,2,0.29390132427215576,0.03541436046361923,1.4774079322814941
1321,22805,15545,71,1,0.293148010969162,0.03445230424404144,1.5807507038116455
1322,22839,14074,123,2,0.2964910864830017,0.03418371081352234,1.2475441694259644
1323,22910,2537,1009,2,0.29479387402534485,0.030715573579072952,-0.5661484003067017
1324,22927,11209,241,2,0.2963699698448181,0.03158704563975334,0.7298970818519592
1325,22932,13312,100,2,0.2954443395137787,0.03352191299200058,1.3201712369918823
1326,22955,18145,59,2,0.2945224344730377,0.0357205867767334,1.4580252170562744
1327,22960,7215,478,2,0.2956620156764984,0.03115711361169815,0.3248386085033417
1328,22967,18298,6,2,0.2956596314907074,0.036806270480155945,4.026604175567627
1329,22968,14125,528,1,0.2938101887702942,0.03144000470638275,0.12106834352016449
1330,22974,18278,805,4,0.2956106662750244,0.033133309334516525,-0.2745310068130493
1331,22996,2562,56,3,0.2958694100379944,0.03537042438983917,1.4556597471237183
1332,23009,13091,96,2,0.29568880796432495,0.0348791740834713,1.348832368850708
1333,23099,11865,1082,2,0.2954716682434082,0.02914775162935257,-0.7480729222297668
1334,23111,17316,179,2,0.2927420735359192,0.03453899174928665,0.9740950465202332
1335,23112,2573,540,2,0.29615429043769836,0.03583614528179169,0.13109782338142395
1336,23118,2575,479,3,0.29507964849472046,0.030491944402456284,0.297404944896698
1337,23124,13432,527,2,0.2941952049732208,0.03281821310520172,0.11805976927280426
1338,23179,9679,1335,2,0.29312196373939514,0.028243781998753548,-1.7885438203811646
1339,23180,7134,238,2,0.2975708842277527,0.03325542435050011,0.8090311288833618
1340,23211,8352,309,3,0.2963874936103821,0.034123554825782776,0.639807403087616
1341,23236,17474,260,1,0.29553794860839844,0.03623775392770767,0.7712612152099609
1342,23250,18069,146,2,0.29400435090065,0.03630581498146057,1.0049439668655396
1343,23256,13780,171,1,0.2933402359485626,0.033763740211725235,0.9682997465133667
1344,23285,18274,489,2,0.2952214777469635,0.03635784983634949,0.36059650778770447
1345,23304,3248,401,2,0.2950080633163452,0.03336183726787567,0.43312641978263855
1346,23327,2600,220,2,0.29621806740760803,0.034098975360393524,0.9574849009513855
1347,23346,3436,4,7,0.2923482656478882,0.03697153925895691,3.4220290184020996
1348,23378,14814,265,1,0.2925916910171509,0.03250923007726669,0.5515338182449341
1349,23393,2612,12,3,0.2958306074142456,0.0370231457054615,2.844973087310791
1350,23420,12608,619,2,0.2948968708515167,0.03601028025150299,0.005496121942996979
1351,23426,15519,1114,3,0.29659172892570496,0.031472787261009216,-0.8338121771812439
1352,23476,11411,938,1,0.29433149099349976,0.03502791002392769,-0.49634143710136414
1353,23519,18084,1297,1,0.29671695828437805,0.03300841897726059,-1.5466892719268799
1354,23525,15334,199,2,0.2971317768096924,0.03182745724916458,0.8535833954811096
1355,23544,12949,1129,2,0.2932634949684143,0.031322628259658813,-0.8656845092773438
1356,23602,3783,511,3,0.29485881328582764,0.0363590233027935,0.18401676416397095
1357,23769,17270,72,3,0.2953740060329437,0.03403139486908913,1.369814157485962
1358,23805,3782,940,2,0.2970905005931854,0.041937507688999176,-0.4518945813179016
1359,23824,18012,468,4,0.29609742760658264,0.03140730783343315,0.3109823763370514
1360,23847,9061,2,6,0.2948495149612427,0.035208702087402344,4.374017238616943
1361,23849,17941,533,2,0.2956978976726532,0.03333650529384613,0.12240155786275864
1362,23857,10274,437,3,0.29485079646110535,0.036819327622652054,0.31668826937675476
1363,23875,8813,452,5,0.2966620624065399,0.03790932893753052,0.33471542596817017
1364,23893,17085,127,2,0.29536643624305725,0.03560923412442207,1.2743251323699951
1365,23904,18244,643,3,0.2950928807258606,0.036514103412628174,-0.003592483699321747
1366,23911,4017,94,2,0.29556983709335327,0.037349291145801544,1.380208134651184
1367,23921,18307,923,5,0.296528697013855,0.03672625869512558,-0.44431936740875244
1368,23925,18334,558,2,0.29654574394226074,0.03601815551519394,0.18942949175834656
1369,23945,7661,5,3,0.29616978764533997,0.03613028675317764,2.685734748840332
1370,23972,15190,25,3,0.29298779368400574,0.03708568960428238,2.05288028717041
1371,23999,4380,1073,2,0.2922854721546173,0.030177757143974304,-0.6617873907089233
1372,24003,2971,113,3,0.2950391471385956,0.03708351403474808,1.256379246711731
1373,24050,6108,693,2,0.29498904943466187,0.03306056559085846,-0.05415749549865723
1374,24072,6330,188,3,0.29557204246520996,0.03521561622619629,1.0503778457641602
1375,24092,14883,185,1,0.29289036989212036,0.03534151613712311,0.8921074271202087
1376,24155,2770,953,2,0.2947220504283905,0.0320005901157856,-0.49935781955718994
1377,24243,18244,24,2,0.2971309423446655,0.03542684018611908,2.286550998687744
1378,24274,3994,178,2,0.29689571261405945,0.03508753329515457,0.9157468676567078
1379,24335,17539,716,2,0.2956453263759613,0.032701537013053894,-0.09778054058551788
1380,24355,17025,427,5,0.2973698079586029,0.036500442773103714,0.41067323088645935
1381,24362,9678,770,3,0.2957213222980499,0.031093597412109375,-0.228171244263649
1382,24407,12340,1286,2,0.29520145058631897,0.030831869691610336,-1.314415693283081
1383,24515,18324,41,5,0.29509201645851135,0.03560851514339447,1.8264271020889282
1384,24518,15607,10,4,0.2943061292171478,0.03548750281333923,2.307522773742676
1385,24572,16096,1161,2,0.2934495508670807,0.029538597911596298,-0.8927969336509705
1386,24580,2853,730,2,0.29566970467567444,0.030567189678549767,-0.1839340776205063
1387,24605,13239,390,2,0.2953864634037018,0.032903678715229034,0.5157296657562256
1388,24757,17146,271,2,0.29509779810905457,0.03351201117038727,0.7616939544677734
1389,24760,13540,832,2,0.2951623499393463,0.03594665229320526,-0.37374934554100037
1390,24761,7440,665,2,0.2945748269557953,0.03596685081720352,-0.05257337912917137
1391,24784,9372,864,2,0.29585060477256775,0.031017858535051346,-0.3981259763240814
1392,24831,5236,1153,3,0.29633843898773193,0.02992546372115612,-0.8684639930725098
1393,24845,12334,2,3,0.296438604593277,0.03866017609834671,4.130036354064941
1394,24872,3582,1128,2,0.29532358050346375,0.03661239519715309,-0.8784157633781433
1395,24929,17021,870,2,0.2952102720737457,0.03249054402112961,-0.425828754901886
1396,24952,18164,1264,10,0.29679617285728455,0.03572821989655495,-1.2808705568313599
1397,24957,17943,895,6,0.2979045808315277,0.03663075342774391,-0.43573272228240967
1398,24962,18307,989,4,0.2951756417751312,0.031719427555799484,-0.6065844297409058
1399,24964,18209,388,3,0.2944320738315582,0.033270351588726044,0.4196816086769104
1400,24966,18276,56,4,0.29604801535606384,0.03637901321053505,1.8161609172821045
1401,24967,17085,560,3,0.2949693202972412,0.030344586819410324,0.13058559596538544
1402,25115,10314,414,2,0.29581937193870544,0.036000460386276245,0.5639147162437439
1403,25207,7530,123,2,0.2962287962436676,0.03527805954217911,1.1768840551376343
1404,25242,15579,776,1,0.29269587993621826,0.03667028248310089,-0.283588707447052
1405,25318,14174,97,2,0.2945222854614258,0.03346291184425354,1.2577016353607178
1406,25321,17385,434,2,0.29474928975105286,0.03329721838235855,0.24483931064605713
1407,25324,15042,59,3,0.2963516414165497,0.033021192997694016,1.56165611743927
1408,25355,13195,138,2,0.29528048634529114,0.03337971866130829,1.0793309211730957
1409,25356,11261,176,4,0.2950482666492462,0.033902596682310104,0.9787406921386719
1410,25379,11732,17,3,0.2956012785434723,0.03633406385779381,2.0505926609039307
1411,25382,14176,92,1,0.29485565423965454,0.03674183785915375,1.3743680715560913
1412,25395,8525,246,1,0.29546454548835754,0.03599480539560318,0.9152902960777283
1413,25399,11922,56,6,0.2960599958896637,0.03377864882349968,1.6713218688964844
1414,25403,16300,404,2,0.2964318096637726,0.038180507719516754,0.5219566226005554
1415,25544,17862,976,2,0.29533281922340393,0.034400809556245804,-0.5161823034286499
1416,25580,7349,2,2,0.29532390832901,0.03819812834262848,3.726909637451172
1417,25586,18320,555,2,0.29598286747932434,0.03676851838827133,0.07482725381851196
1418,25591,18273,1,3,0.29484066367149353,0.036851074546575546,6.307860374450684
1419,25604,8796,709,2,0.2930750548839569,0.031217899173498154,-0.1678842455148697
1420,25605,17566,275,4,0.2959928810596466,0.030238181352615356,0.6170806884765625
1421,25669,8999,276,3,0.29419806599617004,0.03163258358836174,0.6936635971069336
1422,25670,18069,159,2,0.29462164640426636,0.03436751291155815,1.120387315750122
1423,25695,14523,4,2,0.2964368462562561,0.041405852884054184,3.4663450717926025
1424,25703,4735,46,1,0.2948513925075531,0.03860019892454147,1.6824464797973633
1425,25710,3102,673,2,0.29689598083496094,0.03567031770944595,-0.08846889436244965
1426,25727,9308,1295,2,0.29400792717933655,0.03631875291466713,-1.4749670028686523
1427,25744,18088,1091,2,0.29634642601013184,0.0395318977534771,-0.7757337093353271
1428,25758,17090,99,2,0.2958929240703583,0.03143756836652756,1.2189245223999023
1429,25778,17961,671,3,0.295293390750885,0.03296168893575668,-0.06556754559278488
1430,25790,5883,800,2,0.29383525252342224,0.0411301851272583,-0.2954382002353668
1431,25813,17009,361,2,0.29445117712020874,0.034077003598213196,0.40428227186203003
1432,25877,18280,237,3,0.2968398928642273,0.03267721086740494,0.6662091612815857
1433,25891,18315,264,3,0.2954869568347931,0.03392574191093445,0.6821046471595764
1434,25894,9355,620,2,0.2947026491165161,0.032839566469192505,-0.002955920994281769
1435,25973,16129,128,2,0.2967824637889862,0.034712933003902435,1.1443521976470947
1436,25992,3209,7,2,0.2969723343849182,0.03663777559995651,3.1241354942321777
1437,26010,12691,546,2,0.2959449589252472,0.040345028042793274,0.1860743761062622
1438,26016,3212,851,2,0.29669931530952454,0.031079154461622238,-0.3471178412437439
1439,26020,18130,459,2,0.2965790033340454,0.03274856507778168,0.2246987670660019
1440,26021,18278,88,4,0.2965807020664215,0.03412139415740967,1.2407289743423462
1441,26046,10985,1016,3,0.2960531413555145,0.03242821246385574,-0.6263176798820496
1442,26071,3234,113,2,0.29450327157974243,0.039746057242155075,1.2362719774246216
1443,26126,9595,24,3,0.29304856061935425,0.037615373730659485,2.2007274627685547
1444,26153,10165,227,2,0.29506877064704895,0.03396058827638626,0.8931788206100464
1445,26204,15215,876,1,0.29347723722457886,0.032070230692625046,-0.41036537289619446
1446,26218,6921,536,2,0.2963903844356537,0.0333302766084671,0.18416190147399902
1447,26223,9124,246,3,0.2959721088409424,0.03515198081731796,0.8884497284889221
1448,26280,7774,877,2,0.2934841513633728,0.031319353729486465,-0.42615318298339844
1449,26307,17325,200,2,0.29502901434898376,0.03423072397708893,0.9637742042541504
1450,26309,12262,269,2,0.2965187728404999,0.03685607761144638,0.7430670857429504
1451,26324,18316,614,2,0.2969081997871399,0.03681255504488945,0.04350624233484268
1452,26383,18307,886,4,0.2952895164489746,0.035629548132419586,-0.43388691544532776
1453,26405,17441,465,2,0.2962999939918518,0.03138474375009537,0.25445833802223206
1454,26410,11168,987,3,0.29624131321907043,0.0321824848651886,-0.5229125022888184
1455,26464,16729,146,4,0.29475176334381104,0.035182252526283264,1.0956592559814453
1456,26622,15587,7,2,0.2965112328529358,0.03315258026123047,3.494734764099121
1457,26625,3536,428,2,0.2951388657093048,0.036571040749549866,0.36394935846328735
1458,26648,3413,1020,2,0.29349151253700256,0.03046560473740101,-0.6142082214355469
1459,26714,12040,548,2,0.29428818821907043,0.031093139201402664,0.1186494305729866
1460,26724,14679,294,2,0.29525506496429443,0.03399646282196045,0.6640765070915222
1461,26748,17634,692,2,0.2959207594394684,0.03251896798610687,-0.10899887979030609
1462,26769,6075,932,2,0.2942730188369751,0.030696749687194824,-0.5018573999404907
1463,26770,16149,449,1,0.2939816117286682,0.03399897366762161,0.38936135172843933
1464,26775,17802,803,2,0.29524508118629456,0.03636913001537323,-0.26846423745155334
1465,26778,17219,837,1,0.2951955795288086,0.0312469694763422,-0.38895756006240845
1466,26789,17900,1134,2,0.29613587260246277,0.03547131270170212,-0.837135910987854
1467,26856,18045,655,2,0.295460045337677,0.03527865931391716,0.009322725236415863
1468,26882,6936,48,2,0.29416561126708984,0.039645664393901825,1.7988983392715454
1469,26912,11202,8,3,0.29611194133758545,0.03353032469749451,2.2512431144714355
1470,26920,18279,82,5,0.2987828552722931,0.035867173224687576,1.5105003118515015
1471,26922,18298,3,2,0.2951619029045105,0.036295197904109955,3.5593678951263428
1472,26986,5207,371,3,0.2954894006252289,0.03770267590880394,0.53200763463974
1473,27080,15199,316,1,0.29397112131118774,0.0314570888876915,0.5057165026664734
1474,27108,14355,1,1,0.2949695289134979,0.03660241514444351,3.723118782043457
1475,27180,18313,236,1,0.29296889901161194,0.03368251770734787,0.7564651966094971
1476,27203,18010,388,2,0.29498425126075745,0.03398275002837181,0.42897263169288635
1477,27225,9002,834,1,0.29333436489105225,0.03161633759737015,-0.337395578622818
1478,27228,18214,631,2,0.2948012948036194,0.03265414014458656,-0.05019155889749527
1479,27260,18244,615,2,0.2966296970844269,0.035153523087501526,0.056348543614149094
1480,27278,4517,716,3,0.29595044255256653,0.04074425995349884,-0.12451289594173431
1481,27292,15859,150,2,0.29508787393569946,0.03169538453221321,1.085479497909546
1482,27340,3972,50,1,0.2942798137664795,0.03611958399415016,1.809225082397461
1483,27348,4173,270,4,0.29541918635368347,0.03463424742221832,0.8340156674385071
1484,27438,7289,582,2,0.29453980922698975,0.036073654890060425,0.02167593687772751
1485,27554,11804,926,2,0.2944701910018921,0.03277598321437836,-0.436384916305542
1486,27606,7919,14,3,0.2953956723213196,0.0345461368560791,2.188076972961426
1487,27645,14076,33,3,0.2953542470932007,0.03633011132478714,1.9860820770263672
1488,27664,10739,992,2,0.2969610393047333,0.034402552992105484,-0.5123300552368164
1489,27696,9738,382,2,0.2951168715953827,0.03600636124610901,0.3756553530693054
1490,27777,14318,1007,2,0.29692861437797546,0.03732828050851822,-0.6115776300430298
1491,27794,15318,164,2,0.29581549763679504,0.03331834822893143,0.9861354827880859
1492,27945,14590,2,5,0.29536059498786926,0.036430392414331436,3.3993685245513916
1493,27976,7753,41,3,0.29352355003356934,0.038036148995161057,1.9606199264526367
1494,27987,3887,110,2,0.2932536005973816,0.03254026919603348,1.169191837310791
1495,27990,15436,760,3,0.29553067684173584,0.03290356695652008,-0.26744428277015686
1496,28012,9956,514,3,0.2953510582447052,0.032728906720876694,0.14441432058811188
1497,28023,6041,740,2,0.29606589674949646,0.04042370989918709,-0.1121872067451477
1498,28092,13680,299,2,0.2977723181247711,0.03622523695230484,0.6539133191108704
1499,28105,3952,46,3,0.2952422797679901,0.035667721182107925,1.742333173751831
1500,28148,18311,339,2,0.29450252652168274,0.03211353346705437,0.5562431812286377
1501,28166,18334,615,3,0.2953212857246399,0.03281213715672493,-0.030337076634168625
1502,28233,16055,125,4,0.29473021626472473,0.032986119389534,1.1086304187774658
1503,28253,17751,94,2,0.2950044870376587,0.03692588582634926,1.390854001045227
1504,28261,11102,540,3,0.29418498277664185,0.03414011746644974,0.20550638437271118
1505,28281,18326,1247,7,0.2948211133480072,0.03656880557537079,-1.1792281866073608
1506,28317,9450,590,3,0.29325631260871887,0.03507104888558388,0.035814881324768066
1507,28331,4052,280,2,0.295383483171463,0.03178522735834122,0.7749972343444824
1508,28421,18296,54,2,0.29519614577293396,0.03326255828142166,1.5714547634124756
1509,28447,17849,1334,2,0.29337918758392334,0.03034355863928795,-1.7278666496276855
1510,28450,17666,3,2,0.2952313721179962,0.0347001850605011,2.5874338150024414
1511,28517,15275,194,2,0.2947186529636383,0.033947452902793884,0.8857160806655884
1512,28520,4125,44,2,0.2968299388885498,0.03529756888747215,1.6592605113983154
1513,28526,18236,1027,2,0.29455316066741943,0.03384476900100708,-0.6512365937232971
1514,28537,12270,1,2,0.2953704297542572,0.036163367331027985,4.152968883514404
1515,28554,18331,332,2,0.29497411847114563,0.032337870448827744,0.5477483868598938
1516,28582,4120,312,2,0.29434889554977417,0.033507972955703735,0.6845197677612305
1517,28619,10644,1291,3,0.2961578369140625,0.03250810503959656,-1.4470431804656982
1518,28643,17825,1120,2,0.2945743501186371,0.030436407774686813,-0.8241791725158691
1519,28712,17430,62,2,0.2970351278781891,0.03267250955104828,1.613439917564392
1520,28931,17813,1,2,0.2936860918998718,0.04380708560347557,5.557358264923096
1521,28992,16178,638,2,0.2951827049255371,0.03231501951813698,-0.030756767839193344
1522,28997,18279,728,3,0.2958347201347351,0.03421023488044739,-0.1769385039806366
1523,29050,18243,911,1,0.29514268040657043,0.030829142779111862,-0.48419302701950073
1524,29093,5033,101,2,0.2963198721408844,0.0330318957567215,1.3591244220733643
1525,29140,13368,151,2,0.29446500539779663,0.03348637372255325,1.0952715873718262
1526,29169,18030,569,2,0.29697534441947937,0.036969274282455444,0.05011405050754547
1527,29242,10920,18,2,0.2953642010688782,0.03728712350130081,2.2917113304138184
1528,29275,18333,492,1,0.29425960779190063,0.03146170824766159,0.2408245950937271
1529,29282,16043,314,2,0.29381465911865234,0.032221607863903046,0.5196846127510071
1530,29296,11969,874,3,0.295492023229599,0.028029929846525192,-0.3822157680988312
1531,29311,18313,319,10,0.2962489724159241,0.03726948797702789,0.5044918060302734
1532,29350,18331,220,2,0.2942851781845093,0.03307969123125076,0.9496801495552063
1533,29353,10884,444,3,0.29577377438545227,0.03850676119327545,0.3521673083305359
1534,29371,7926,577,2,0.2949540317058563,0.03180777281522751,0.12504518032073975
1535,29373,18290,1141,2,0.2950912415981293,0.032234176993370056,-0.9116816520690918
1536,29486,4441,1249,2,0.29549822211265564,0.03418641909956932,-1.144007921218872
1537,29491,13557,240,1,0.293232798576355,0.032660458236932755,0.7757759094238281
1538,29543,17805,736,3,0.2959155738353729,0.03460020571947098,-0.17936022579669952
1539,29584,7349,1337,1,0.2950840890407562,0.0324065163731575,-2.433701276779175
1540,29596,7674,342,2,0.29776689410209656,0.03299371153116226,0.508342981338501
1541,29720,13495,569,3,0.29561886191368103,0.033521976321935654,0.11604830622673035
1542,29759,12523,1222,3,0.2941541373729706,0.03251432254910469,-1.0345145463943481
1543,29781,17588,904,2,0.29686662554740906,0.03586393594741821,-0.4422963261604309
1544,29783,18276,22,6,0.29972419142723083,0.03899308294057846,2.378762722015381
1545,29791,18307,581,3,0.2958942949771881,0.033011309802532196,0.1449996531009674
1546,29842,18334,671,3,0.2955533564090729,0.03552097827196121,-0.023640673607587814
1547,29843,14145,35,2,0.29521462321281433,0.033467672765254974,1.9470266103744507
1548,29847,16349,66,2,0.29467418789863586,0.03521978110074997,1.7214220762252808
1549,29874,6337,53,2,0.2932758629322052,0.03680881857872009,1.5043939352035522
1550,29892,11596,799,3,0.2947899103164673,0.03320016711950302,-0.31241828203201294
1551,29895,15709,878,4,0.29660171270370483,0.03772731497883797,-0.37530574202537537
1552,29918,17003,133,1,0.29284927248954773,0.03210962563753128,1.2474528551101685
1553,29941,18265,3,3,0.2957472503185272,0.03781925141811371,3.8220272064208984
1554,30073,18288,324,1,0.2929117977619171,0.032498400658369064,0.5784532427787781
1555,30103,8135,255,2,0.2957512140274048,0.034393031150102615,0.7809867858886719
1556,30154,4868,288,2,0.29618388414382935,0.03576324135065079,0.5817849636077881
1557,30345,16068,224,2,0.2938465476036072,0.032358765602111816,0.8868193626403809
1558,30444,17090,13,8,0.2955954372882843,0.03125376999378204,3.442068576812744
1559,30451,18309,64,3,0.2949558198451996,0.035539254546165466,1.555600881576538
1560,30454,18276,35,6,0.2961113750934601,0.03668052703142166,2.111612319946289
1561,30455,18280,38,4,0.29514646530151367,0.03440641984343529,2.0512239933013916
1562,30577,11570,487,2,0.29626497626304626,0.03203433007001877,0.23301219940185547
1563,30704,5186,59,2,0.2956470847129822,0.03392045199871063,1.5195858478546143
1564,30725,14604,288,2,0.2934049069881439,0.03316407650709152,0.5997692346572876
1565,30886,9383,578,2,0.29531270265579224,0.032599546015262604,0.05353311449289322
1566,30946,5305,11,3,0.29525429010391235,0.04003676772117615,2.640577554702759
1567,30957,18261,362,3,0.29624706506729126,0.03326531499624252,0.437114953994751
1568,30974,15606,101,2,0.29286280274391174,0.037103310227394104,1.358912706375122
1569,30976,18347,1238,5,0.29678669571876526,0.030865749344229698,-1.1147010326385498
1570,31077,11144,257,2,0.2965947389602661,0.033749647438526154,0.8545697927474976
1571,31079,18355,42,2,0.29611602425575256,0.03330126032233238,1.771512508392334
1572,31135,8813,384,2,0.295251727104187,0.034304872155189514,0.3875318169593811
1573,31287,18290,993,3,0.29428723454475403,0.031139662489295006,-0.5410292148590088
1574,31303,6345,701,3,0.29659050703048706,0.03624703735113144,-0.10518208146095276
1575,31313,17991,285,2,0.2941320240497589,0.03600801154971123,0.6186088919639587
1576,31364,18255,112,2,0.2948116064071655,0.03299946337938309,1.2882012128829956
1577,31386,10110,501,3,0.2960069179534912,0.034412894397974014,0.18219530582427979
1578,31431,17566,78,2,0.29627376794815063,0.031592532992362976,1.4964768886566162
1579,31445,18307,591,3,0.2967361509799957,0.03628390654921532,0.1028180792927742
1580,31487,5686,1283,2,0.29659101366996765,0.036010079085826874,-1.4197919368743896
1581,31545,18307,1286,5,0.2983734607696533,0.033910393714904785,-1.416377305984497
1582,31669,18044,206,2,0.29608672857284546,0.03449424356222153,0.8908930420875549
1583,31686,9968,731,2,0.2944013178348541,0.0343928262591362,-0.1336858868598938
1584,31688,10251,877,2,0.29394057393074036,0.03018582984805107,-0.37861743569374084
1585,31762,14841,389,1,0.2947734594345093,0.03315775841474533,0.6439325213432312
1586,31773,8308,988,3,0.2963082492351532,0.03345615416765213,-0.5788329243659973
1587,31774,5868,212,2,0.296596884727478,0.033561963587999344,0.8692913055419922
1588,31778,11023,139,2,0.29482218623161316,0.03330230712890625,0.9636318683624268
1589,31803,18250,28,6,0.2974283993244171,0.03547929227352142,2.178790807723999
1590,31818,18307,690,3,0.2959396243095398,0.03404298424720764,-0.11584627628326416
1591,31864,14601,732,2,0.2933167815208435,0.030158311128616333,-0.15818087756633759
1592,31910,10152,300,2,0.29461848735809326,0.03314773365855217,0.7485380172729492
1593,31936,13064,1220,1,0.29153135418891907,0.03241381794214249,-1.2092775106430054
1594,32040,18289,26,3,0.2954997718334198,0.03719092532992363,1.8649342060089111
1595,32082,11615,72,2,0.29696395993232727,0.036834634840488434,1.475786805152893
1596,32154,18349,1283,3,0.2937619984149933,0.034661758691072464,-1.2691779136657715
1597,32518,18334,245,2,0.2929227352142334,0.03714587166905403,0.818773627281189
1598,32556,13328,6,2,0.2956639230251312,0.036728158593177795,3.460834264755249
1599,32631,17566,205,3,0.2951565086841583,0.029942039400339127,0.9679729342460632
1600,32635,13448,346,1,0.2931642234325409,0.033622268587350845,0.49518102407455444
1601,32673,18261,217,2,0.29621145129203796,0.036362867802381516,0.9609604477882385
1602,32681,18272,705,3,0.2942963242530823,0.03220103308558464,-0.06727509200572968
1603,32704,15563,219,2,0.2959500253200531,0.033756256103515625,0.9706150889396667
1604,32746,17266,2,1,0.29529887437820435,0.03452447056770325,2.6360666751861572
1605,32750,18281,346,2,0.29635491967201233,0.04087480157613754,0.5303436517715454
1606,32818,18307,344,4,0.29408296942710876,0.03654438257217407,0.5550557374954224
1607,32856,18231,729,3,0.2949185371398926,0.03292304277420044,-0.20560063421726227
1608,32858,17437,1139,1,0.2940455377101898,0.03035617247223854,-0.9894386529922485
1609,32884,13348,968,2,0.2935645282268524,0.03176054731011391,-0.5229759812355042
1610,32912,15063,1226,2,0.2955237329006195,0.031011469662189484,-1.122585415840149
1611,32938,16049,612,2,0.294504314661026,0.03488372266292572,0.04505404084920883
1612,32954,10861,152,1,0.2946639955043793,0.03498541936278343,1.2085065841674805
1613,32996,18334,635,3,0.295592725276947,0.03434322774410248,-0.07125549763441086
1614,33081,17441,5,1,0.29316988587379456,0.03645522892475128,2.3457891941070557
1615,33116,18315,321,2,0.29455700516700745,0.03457236662507057,0.5773167014122009
1616,33155,9944,229,3,0.29447486996650696,0.03228330612182617,0.8416314721107483
1617,33156,18274,179,5,0.29813647270202637,0.032742369920015335,0.9722200036048889
1618,33159,18307,891,2,0.29675811529159546,0.034292083233594894,-0.4423975646495819
1619,33166,18307,40,2,0.29653728008270264,0.03734985366463661,1.8977289199829102
1620,33184,11226,4,2,0.2956262528896332,0.044205911457538605,3.561812400817871
1621,33275,7091,728,2,0.2962426245212555,0.032732829451560974,-0.14766541123390198
1622,33432,17188,1015,2,0.29557642340660095,0.033096469938755035,-0.6292120814323425
1623,33482,18177,744,3,0.2958005666732788,0.035181015729904175,-0.17675714194774628
1624,33502,12335,1282,2,0.2943199872970581,0.030181044712662697,-1.3473719358444214
1625,33611,18307,423,5,0.2964022159576416,0.03404057025909424,0.2808922529220581
1626,33614,18334,920,3,0.2955942451953888,0.03273603320121765,-0.44996899366378784
1627,33655,16935,444,1,0.2919347286224365,0.03274088352918625,0.34227558970451355
1628,33659,18309,1033,3,0.29578426480293274,0.03523748368024826,-0.6535522937774658
1629,33690,18307,1170,2,0.29638156294822693,0.033771008253097534,-0.8773934841156006
1630,33786,18287,248,3,0.29581502079963684,0.032332997769117355,0.7391703724861145
1631,33851,17477,1122,2,0.29622703790664673,0.03550541400909424,-0.8212313652038574
1632,33913,13873,255,3,0.2957497239112854,0.03211246430873871,0.6875666975975037
1633,34025,18290,639,2,0.29769638180732727,0.03344738855957985,0.016459405422210693
1634,34085,14757,624,1,0.29356226325035095,0.04100222885608673,0.10757654905319214
1635,34141,18187,469,2,0.29584193229675293,0.03420151770114899,0.29240846633911133
1636,34248,17464,481,2,0.2954238951206207,0.033753059804439545,0.3055591881275177
1637,34252,18334,113,2,0.294863760471344,0.03700854629278183,1.373416543006897
1638,34273,18278,947,4,0.29667118191719055,0.03445854038000107,-0.543173611164093
1639,34295,17303,58,1,0.29361045360565186,0.03621102124452591,1.500838279724121
1640,34360,16157,225,2,0.2941797971725464,0.03439940884709358,0.7895770072937012
1641,34404,18290,1165,3,0.29548364877700806,0.030339470133185387,-0.940811812877655
1642,34423,17090,14,5,0.2980429232120514,0.03059227019548416,3.256883382797241
1643,34424,18261,62,3,0.295885294675827,0.03379647061228752,1.5812984704971313
1644,34432,14400,1045,2,0.2974714934825897,0.03140461817383766,-0.7104489207267761
1645,34482,18252,47,2,0.29468876123428345,0.036079294979572296,2.0523102283477783
1646,34491,18315,1,3,0.2970312535762787,0.0370352566242218,6.515885353088379
1647,34604,18315,553,3,0.2950820326805115,0.03519146889448166,0.14027076959609985
1648,34626,18326,1021,5,0.29792773723602295,0.035668496042490005,-0.6242254972457886
1649,34804,12274,1081,1,0.29229724407196045,0.035354312509298325,-0.7855454683303833
1650,34836,17261,14,2,0.2954753339290619,0.03487367182970047,2.315305471420288
1651,34837,18190,37,3,0.29420921206474304,0.033715639263391495,1.7282637357711792
1652,34949,16948,153,2,0.2938233017921448,0.03298657387495041,1.1297177076339722
1653,34968,10130,264,2,0.2962067723274231,0.038140181452035904,0.7859821915626526
1654,34979,10153,502,2,0.29676395654678345,0.031204484403133392,0.18248119950294495
1655,34989,18352,50,1,0.2922220230102539,0.03580523654818535,1.8955004215240479
1656,35016,18195,21,2,0.29530149698257446,0.03473828360438347,2.3884453773498535
1657,35022,18307,1303,2,0.295090913772583,0.0320160798728466,-1.347674012184143
1658,35031,18307,727,3,0.29514801502227783,0.03339105471968651,-0.1927657127380371
1659,35033,18258,711,3,0.2956964671611786,0.03447280451655388,-0.13527876138687134
1660,35044,18352,1016,1,0.2921466529369354,0.03067697212100029,-0.6481446027755737
1661,35058,18298,40,2,0.2969803810119629,0.03348635882139206,1.856810212135315
1662,35059,18309,1182,2,0.29123955965042114,0.028496041893959045,-0.925743818283081
1663,35068,18356,386,3,0.29196199774742126,0.032347340136766434,0.3867611885070801
1664,35087,18346,393,4,0.2958872616291046,0.03175570070743561,0.4486992359161377
1665,35089,16492,211,2,0.29465097188949585,0.035061877220869064,0.7642121315002441
1666,35094,12924,402,2,0.29494068026542664,0.030235059559345245,0.3403386175632477
1667,35098,18209,109,2,0.29817524552345276,0.03409738093614578,1.3062219619750977
1668,35103,18334,592,2,0.292940229177475,0.031618475914001465,-0.01350373774766922
1669,35104,18334,112,2,0.29633957147598267,0.03378244489431381,1.307656168937683
1670,35110,18307,437,3,0.2950514853000641,0.03291188180446625,0.342201292514801
1671,35122,18309,1100,2,0.2960013151168823,0.032751813530921936,-0.761931836605072
1672,35133,15755,240,2,0.2948909103870392,0.03399290889501572,0.8365815877914429
1673,35214,18341,57,3,0.2948009967803955,0.035251133143901825,1.7591339349746704
1674,35218,18334,428,3,0.29450950026512146,0.0332900732755661,0.3693312704563141
1675,35227,11501,933,2,0.293803870677948,0.030692361295223236,-0.4520835280418396
1676,35252,17943,1295,2,0.2934691607952118,0.033614203333854675,-1.2459574937820435
1677,35256,17588,895,2,0.29612305760383606,0.035986173897981644,-0.43038511276245117
1678,35262,18276,441,2,0.2950708568096161,0.03661370277404785,0.29465749859809875
1679,35280,18327,108,2,0.2949928641319275,0.03370661288499832,1.3502933979034424
1680,35296,17588,391,3,0.2955418825149536,0.03887183219194412,0.4090915322303772
1681,35391,18307,868,2,0.2944405674934387,0.031970102339982986,-0.3618510961532593
1682,35419,18287,43,2,0.2961263954639435,0.032584480941295624,1.8725770711898804
1683,35446,18290,58,2,0.2943435609340668,0.03312603756785393,1.4688833951950073
1684,35458,18356,397,2,0.29353800415992737,0.03234393149614334,0.35055121779441833
1685,35470,18352,50,1,0.2922220230102539,0.03580523654818535,1.8955004215240479
1686,35515,17090,865,2,0.2972693145275116,0.02983391284942627,-0.3978506922721863
1687,35526,18146,35,6,0.296354740858078,0.03429563716053963,2.1663477420806885
1688,35529,18134,1261,3,0.29616066813468933,0.031724732369184494,-1.3382753133773804
1689,35572,18356,242,2,0.296202689409256,0.03627944365143776,0.8549725413322449
1690,35575,18280,180,4,0.2959466278553009,0.03434157744050026,0.9041688442230225
1691,35579,18237,815,1,0.2945086359977722,0.033849671483039856,-0.39836692810058594
1692,35588,18248,9,2,0.2960631847381592,0.03552531450986862,2.872504949569702
