row_id,user,target,history_length,past_target_cosine,future_target_cosine,delta_future_minus_past,future_better,rank_Anchor-only,rank_Past-only,rank_Future-only,rank_Past+Future,rank_FIR-MIC without future bridge,rank_Per-item + transition/association,rank_FIR-MIC full
0,17,22665,2,0.8918324708938599,0.857842743396759,-0.03398972749710083,0,1065,1563,1570,1583,1085,1281,1281
1,29,22642,10,0.9325593709945679,0.7743476033210754,-0.15821176767349243,0,559,1174,1307,1200,484,647,647
2,31,22893,6,0.9478031396865845,0.7561019062995911,-0.1917012333869934,0,1609,460,629,440,1574,1593,1593
3,45,23031,2,0.8879364132881165,0.7620541453361511,-0.12588226795196533,0,1344,720,1203,769,1336,1416,1416
4,53,7596,6,0.9490236043930054,0.8171417713165283,-0.13188183307647705,0,36,1291,572,1243,40,34,34
5,55,21826,2,0.958509087562561,0.8531424403190613,-0.10536664724349976,0,11,858,733,863,13,11,11
6,80,6054,2,0.9060329794883728,0.6221287846565247,-0.28390419483184814,0,1724,3,107,3,1739,1726,1726
7,87,16756,3,0.9816916584968567,0.722037136554718,-0.25965452194213867,0,46,378,1489,434,47,35,35
8,112,8,2,0.9361745119094849,0.7482592463493347,-0.18791526556015015,0,782,311,1032,290,688,656,656
9,152,22453,2,0.9580623507499695,0.7241899967193604,-0.23387235403060913,0,78,202,1489,240,58,45,45
10,161,9983,4,0.9461241960525513,0.797055721282959,-0.14906847476959229,0,969,839,718,846,889,847,847
11,183,23032,5,0.9376218318939209,0.8105284571647644,-0.1270933747291565,0,494,1119,917,1157,486,478,478
12,205,2528,2,0.9082261919975281,0.8436974883079529,-0.0645287036895752,0,244,1296,1335,1360,280,329,329
13,226,41,3,0.9303017258644104,0.7517447471618652,-0.17855697870254517,0,523,342,413,236,505,451,451
14,239,11170,2,0.9274183511734009,0.8436983823776245,-0.08371996879577637,0,684,1039,1436,1119,670,813,813
15,252,4668,2,0.9683731198310852,0.8064774870872498,-0.16189563274383545,0,16,405,1086,425,14,15,15
16,291,6572,3,0.9237807989120483,0.8746346831321716,-0.04914611577987671,0,63,1649,1050,1646,46,58,58
17,323,1062,2,0.91399085521698,0.7376355528831482,-0.1763553023338318,0,626,514,1578,676,672,979,979
18,335,4501,3,0.9218476414680481,0.6741329431533813,-0.24771469831466675,0,1529,27,995,28,1467,1497,1497
19,352,19666,2,0.9696602821350098,0.7988693118095398,-0.17079097032546997,0,6,494,563,444,7,4,4
20,367,21826,3,0.8346366882324219,0.8396304845809937,0.004993796348571777,1,1314,1691,115,1672,1320,1217,1217
21,396,22052,10,0.9592860341072083,0.7687133550643921,-0.19057267904281616,0,518,644,964,687,490,480,480
22,407,22018,2,0.9497083425521851,0.7465848326683044,-0.20312350988388062,0,376,413,1503,505,393,489,489
23,420,23009,2,0.9075844883918762,0.8312364220619202,-0.07634806632995605,0,1203,1322,990,1317,1225,1255,1255
24,427,21170,2,0.9309813380241394,0.8223670721054077,-0.10861426591873169,0,845,977,297,888,875,707,707
25,442,7239,3,0.9364315271377563,0.8229488730430603,-0.11348265409469604,0,250,672,181,581,204,28,28
26,444,21451,2,0.9553420543670654,0.6960275769233704,-0.25931447744369507,0,1,97,1489,105,1,1,1
27,452,2064,3,0.9462611079216003,0.7361651659011841,-0.21009594202041626,0,258,441,1753,650,261,444,444
28,453,19378,2,0.8833443522453308,0.8092361092567444,-0.07410824298858643,0,818,1257,212,1096,842,496,496
29,464,4689,2,0.8554199934005737,0.8440030813217163,-0.011416912078857422,0,1392,1469,38,1364,1074,863,863
30,488,21586,3,0.9050512313842773,0.7049655914306641,-0.20008563995361328,0,80,255,1741,397,78,152,152
31,501,19594,3,0.9494330286979675,0.8315006494522095,-0.11793237924575806,0,8,873,818,893,8,8,8
32,504,2461,3,0.8856281638145447,0.8235417008399963,-0.06208646297454834,0,1704,1434,149,1331,1703,1672,1672
33,525,17654,3,0.9089320302009583,0.7876611351966858,-0.12127089500427246,0,1412,1023,1752,1311,1331,1571,1571
34,527,19870,3,0.8637672662734985,0.7927303314208984,-0.0710369348526001,0,1128,1053,1645,1282,1066,1342,1342
35,544,10495,2,0.9700006246566772,0.7414411902427673,-0.2285594344139099,0,497,263,1188,177,495,519,519
36,549,14862,1,0.9795143008232117,0.6847873330116272,-0.2947269678115845,0,26,115,1644,134,30,31,31
37,552,335,2,0.8331196308135986,0.7561541795730591,-0.07696545124053955,0,1067,568,929,601,1008,1024,1024
38,554,30,3,0.8467231392860413,0.8565869331359863,0.009863793849945068,1,1255,1746,142,1713,1354,1252,1252
39,557,3111,5,0.9674705266952515,0.7128260731697083,-0.2546444535255432,0,288,302,1406,303,258,265,265
40,567,23026,7,0.9408394694328308,0.8114491701126099,-0.12939029932022095,0,951,487,307,461,931,633,633
41,570,22330,8,0.9358412623405457,0.7996944189071655,-0.13614684343338013,0,32,1641,1125,1601,42,40,40
42,574,31,2,0.900995135307312,0.8435547947883606,-0.057440340518951416,0,1278,1347,423,1271,1178,1095,1095
43,575,32,2,0.9213270545005798,0.8517661094665527,-0.0695609450340271,0,1410,1548,866,1471,1331,1361,1361
44,581,9265,2,0.9264029860496521,0.8425554633140564,-0.0838475227355957,0,111,974,1496,1099,123,127,127
45,593,16348,7,0.9494024515151978,0.8010214567184448,-0.14838099479675293,0,325,882,1414,972,366,436,436
46,611,16050,10,0.9525124430656433,0.7616569995880127,-0.19085544347763062,0,1409,209,425,223,1419,1296,1296
47,625,3518,7,0.934181272983551,0.7761040925979614,-0.1580771803855896,0,1673,404,351,390,1660,1616,1616
48,630,20548,2,0.936160683631897,0.8009793758392334,-0.13518130779266357,0,372,675,858,719,454,468,468
49,637,36,3,0.9441642761230469,0.7834386229515076,-0.1607256531715393,0,271,419,737,376,262,266,266
50,650,19094,1,0.888114333152771,0.7791823744773865,-0.10893195867538452,0,1355,873,700,860,1254,1254,1254
51,664,10306,2,0.9553956389427185,0.8415852189064026,-0.11381042003631592,0,1,993,1309,1114,1,1,1
52,665,16079,1,0.9380018711090088,0.7233823537826538,-0.21461951732635498,0,307,199,1538,235,260,404,404
53,669,3575,4,0.9455850124359131,0.7760471105575562,-0.16953790187835693,0,6,964,1711,1284,5,13,13
54,749,22890,7,0.930485725402832,0.8207619190216064,-0.10972380638122559,0,259,1599,1608,1609,270,384,384
55,778,6693,3,0.965289831161499,0.6641765832901001,-0.3011132478713989,0,381,73,1573,85,375,468,468
56,839,15852,1,0.9565582871437073,0.8581568598747253,-0.09840142726898193,0,1,1225,1774,1461,1,4,4
57,852,18811,3,0.9209228157997131,0.8252686262130737,-0.0956541895866394,0,1169,1048,52,892,1104,750,750
58,855,3420,4,0.9343234300613403,0.7117253541946411,-0.22259807586669922,0,287,115,945,109,282,183,183
59,857,2150,9,0.9401990175247192,0.7433590888977051,-0.19683992862701416,0,443,905,925,952,419,385,385
60,867,21936,1,0.8440676927566528,0.8375166058540344,-0.006551086902618408,0,814,1711,1372,1708,850,968,968
61,899,15381,2,0.9156181812286377,0.8024794459342957,-0.11313873529434204,0,717,602,1265,666,616,725,725
62,900,20703,3,0.9400814175605774,0.7776520848274231,-0.1624293327331543,0,596,507,401,439,751,611,611
63,913,17450,2,0.9039355516433716,0.8519753813743591,-0.05196017026901245,0,628,1638,1300,1670,673,771,771
64,929,50,2,0.9035758376121521,0.8368207216262817,-0.06675511598587036,0,453,1530,776,1489,513,507,507
65,943,9665,6,0.928561806678772,0.7960406541824341,-0.1325211524963379,0,643,1163,170,1004,708,457,457
66,947,22007,2,0.9059122800827026,0.7822264432907104,-0.12368583679199219,0,966,459,223,394,868,678,678
67,948,21372,5,0.8986057043075562,0.7920680046081543,-0.10653769969940186,0,539,1404,1106,1435,567,512,512
68,963,18233,5,0.903394877910614,0.8261774182319641,-0.0772174596786499,0,297,1611,1287,1621,324,302,302
69,980,21904,10,0.9738595485687256,0.7965968251228333,-0.17726272344589233,0,30,844,1056,875,28,24,24
70,1021,20072,2,0.9361492395401001,0.8211612701416016,-0.11498796939849854,0,1405,631,941,688,1338,1361,1361
71,1022,5390,8,0.9082056283950806,0.7453851699829102,-0.1628204584121704,0,501,1551,1587,1581,419,649,649
72,1042,16559,2,0.8815538287162781,0.8487086296081543,-0.03284519910812378,0,1540,1679,1396,1666,1505,1561,1561
73,1045,21489,3,0.963850736618042,0.8006637096405029,-0.16318702697753906,0,334,490,627,460,346,309,309
74,1084,7111,4,0.9479110836982727,0.8015267848968506,-0.14638429880142212,0,720,746,599,763,678,617,617
75,1086,13086,3,0.9143131971359253,0.8604604005813599,-0.05385279655456543,0,546,1637,934,1636,549,516,516
76,1093,17474,4,0.9035294055938721,0.8478061556816101,-0.05572324991226196,0,1150,1718,1657,1737,1089,1317,1317
77,1099,4944,3,0.9060104489326477,0.733077883720398,-0.17293256521224976,0,463,184,1377,243,472,610,610
78,1100,20057,2,0.955062747001648,0.7946317791938782,-0.16043096780776978,0,329,555,835,552,270,264,264
79,1101,12982,10,0.9375172853469849,0.7923605442047119,-0.14515674114227295,0,974,1146,1091,1140,1057,1081,1081
80,1109,7276,8,0.9230057001113892,0.6964296102523804,-0.2265760898590088,0,1772,62,2,19,1773,1746,1746
81,1118,13004,2,0.9557765126228333,0.7064393758773804,-0.24933713674545288,0,371,200,1554,227,338,490,490
82,1132,7828,4,0.9026418328285217,0.834975004196167,-0.06766682863235474,0,55,1355,89,1165,89,52,52
83,1133,373,2,0.9040796756744385,0.846360445022583,-0.05771923065185547,0,256,1676,1731,1710,274,506,506
84,1162,15423,2,0.9170361757278442,0.8672243356704712,-0.04981184005737305,0,626,1635,1181,1653,675,764,764
85,1172,5521,3,0.8867203593254089,0.793140172958374,-0.09358018636703491,0,371,1440,1531,1613,392,522,522
86,1177,13059,6,0.8665852546691895,0.7557257413864136,-0.11085951328277588,0,1021,1067,38,829,1014,709,709
87,1184,8459,7,0.9517746567726135,0.7532102465629578,-0.19856441020965576,0,24,105,205,112,17,10,10
88,1185,21451,5,0.9401903748512268,0.6938056945800781,-0.24638468027114868,0,19,92,1487,118,19,23,23
89,1196,67,2,0.9036732912063599,0.6962108612060547,-0.20746243000030518,0,1534,64,1364,75,1492,1577,1577
90,1202,11276,2,0.9370128512382507,0.839515745639801,-0.09749710559844971,0,582,1236,1160,1297,579,613,613
91,1211,3016,3,0.8687862753868103,0.7931698560714722,-0.07561641931533813,0,1452,1403,642,1390,1547,1547,1547
92,1217,22845,4,0.966618001461029,0.7643375992774963,-0.20228040218353271,0,340,372,767,304,386,228,228
93,1226,4083,7,0.9707863330841064,0.8393775224685669,-0.13140881061553955,0,1,825,973,842,1,1,1
94,1230,10413,4,0.9232125878334045,0.8186721801757812,-0.10454040765762329,0,270,1255,1020,1291,231,169,169
95,1279,23008,10,0.958572506904602,0.7619085311889648,-0.1966639757156372,0,1176,726,1370,823,1141,1261,1261
96,1281,20992,1,0.8839676380157471,0.780480682849884,-0.10348695516586304,0,626,528,1123,582,692,735,735
97,1284,9598,5,0.9920889735221863,0.7072672247886658,-0.2848217487335205,0,1,321,1541,364,1,1,1
98,1304,13392,3,0.9301363229751587,0.8025479316711426,-0.1275883913040161,0,234,487,67,294,237,119,119
99,1307,21983,3,0.9309788942337036,0.7906628251075745,-0.14031606912612915,0,1051,618,947,649,824,828,828
100,1326,5814,2,0.9355072975158691,0.7968505620956421,-0.13865673542022705,0,786,592,347,496,699,478,478
101,1337,3515,3,0.9328343272209167,0.7662774920463562,-0.16655683517456055,0,44,779,1728,1106,73,118,118
102,1369,22007,10,0.951178252696991,0.7728255391120911,-0.1783527135848999,0,908,290,344,283,848,664,664
103,1372,20668,5,0.9092095494270325,0.737647294998169,-0.17156225442886353,0,737,613,1742,872,804,1233,1233
104,1373,18656,8,0.9346441030502319,0.7541804909706116,-0.18046361207962036,0,118,1227,1282,1256,119,177,177
105,1380,270,3,0.8593388795852661,0.8643856048583984,0.005046725273132324,1,1013,1764,1391,1765,1288,1385,1385
106,1418,11812,4,0.9412289261817932,0.7805719375610352,-0.16065698862075806,0,530,560,874,571,462,430,430
107,1432,10011,2,0.8193333148956299,0.8710534572601318,0.05172014236450195,1,1739,1763,365,1735,1725,1707,1707
108,1437,17496,3,0.9574410915374756,0.7661091089248657,-0.19133198261260986,0,1285,465,714,387,1198,1195,1195
109,1445,628,3,0.8522989749908447,0.8094451427459717,-0.04285383224487305,0,1210,1559,279,1525,1185,1119,1119
110,1454,15337,2,0.8760957717895508,0.7887542843818665,-0.08734148740768433,0,1121,686,178,561,1349,1149,1149
111,1476,11968,2,0.9599132537841797,0.7438270449638367,-0.21608620882034302,0,8,44,27,23,12,7,7
112,1481,19454,2,0.8956279158592224,0.8151733875274658,-0.08045452833175659,0,145,961,664,936,184,155,155
113,1501,1510,2,0.8988668918609619,0.7997589111328125,-0.09910798072814941,0,594,825,793,812,529,497,497
114,1517,2240,2,0.9457327723503113,0.6706745028495789,-0.2750582695007324,0,134,48,1660,69,171,200,200
115,1525,19093,2,0.8919047713279724,0.800998866558075,-0.09090590476989746,0,1086,1160,967,1186,1165,1149,1149
116,1574,5187,4,0.9672406315803528,0.7860852479934692,-0.18115538358688354,0,864,517,367,381,794,672,672
117,1583,19186,2,0.9572676420211792,0.8294822573661804,-0.12778538465499878,0,8,42,797,73,8,6,6
118,1601,16414,2,0.899053692817688,0.8386930823326111,-0.060360610485076904,0,723,1300,1604,1382,538,717,717
119,1614,85,2,0.9132241606712341,0.7445460557937622,-0.16867810487747192,0,117,358,1607,487,119,231,231
120,1617,85,5,0.9334540367126465,0.7030301094055176,-0.2304239273071289,0,307,307,1703,430,304,492,492
121,1624,21350,10,0.9295111298561096,0.7535144686698914,-0.17599666118621826,0,37,346,226,319,38,27,27
122,1626,8303,10,0.9453309774398804,0.8141341209411621,-0.13119685649871826,0,185,1104,572,1007,222,231,231
123,1639,16850,3,0.9065107703208923,0.7126004099845886,-0.1939103603363037,0,1061,244,1688,351,867,1159,1159
124,1648,2282,2,0.9405471086502075,0.8237351179122925,-0.11681199073791504,0,190,907,128,802,339,89,89
125,1723,1862,3,0.9175117015838623,0.7334674000740051,-0.18404430150985718,0,1593,433,978,398,1609,1645,1645
126,1743,23032,8,0.9636521339416504,0.7789978384971619,-0.18465429544448853,0,39,734,405,678,34,20,20
127,1765,17957,4,0.9227193593978882,0.6972140073776245,-0.22550535202026367,0,281,235,1743,381,256,450,450
128,1766,22217,8,0.8905166387557983,0.7503154873847961,-0.1402011513710022,0,1568,1179,635,1104,1558,1526,1526
129,1798,21218,3,0.9345488548278809,0.8119709491729736,-0.12257790565490723,0,736,797,166,670,827,614,614
130,1818,13145,1,0.9029526710510254,0.8179662823677063,-0.08498638868331909,0,988,1082,525,1056,1032,1010,1010
131,1826,19653,1,0.8426917195320129,0.7624373435974121,-0.08025437593460083,0,497,334,1276,419,273,357,357
132,1829,3843,3,0.940462052822113,0.8041048645973206,-0.13635718822479248,0,117,819,1528,981,161,216,216
133,1830,23014,5,0.9167384505271912,0.8136987090110779,-0.10303974151611328,0,1,1630,1771,1737,1,1,1
134,1846,18838,1,0.8766809701919556,0.8326473832130432,-0.044033586978912354,0,452,1024,771,1019,454,243,243
135,1860,13318,4,0.9293652772903442,0.8260871171951294,-0.10327816009521484,0,287,1406,1412,1481,270,312,312
136,1885,13115,3,0.945945143699646,0.7279604077339172,-0.21798473596572876,0,370,195,1532,233,392,461,461
137,1890,9168,5,0.9167177677154541,0.8015115857124329,-0.11520618200302124,0,122,1511,1769,1657,91,237,237
138,1929,5599,10,0.9458876252174377,0.7429333925247192,-0.2029542326927185,0,94,274,353,279,119,114,114
139,1936,108,3,0.9240609407424927,0.8331080079078674,-0.09095293283462524,0,1405,1393,443,1364,1433,1401,1401
140,1939,108,2,0.9247469305992126,0.846071183681488,-0.07867574691772461,0,361,1234,1299,1287,366,431,431
141,1940,21981,4,0.9271436929702759,0.7890815138816833,-0.13806217908859253,0,1264,837,143,744,1232,1111,1111
142,1951,20719,5,0.9611733555793762,0.8020159006118774,-0.15915745496749878,0,533,657,395,602,512,290,290
143,2002,3811,2,0.9087424874305725,0.835071325302124,-0.07367116212844849,0,947,1452,409,1416,908,820,820
144,2017,7390,3,0.9042655229568481,0.815512478351593,-0.08875304460525513,0,439,1467,1356,1560,407,419,419
145,2023,7583,1,0.8550207018852234,0.8097829222679138,-0.04523777961730957,0,184,1247,984,1290,156,156,156
146,2028,712,8,0.9215126633644104,0.7025793194770813,-0.2189333438873291,0,141,612,1428,743,135,210,210
147,2049,18465,3,0.9038631916046143,0.8343028426170349,-0.06956034898757935,0,1411,1506,518,1467,1321,1298,1298
148,2063,21703,4,0.9831554293632507,0.6692899465560913,-0.3138654828071594,0,143,135,1735,168,111,203,203
149,2092,16740,2,0.9122481942176819,0.8012052774429321,-0.11104291677474976,0,1677,495,103,349,1641,1600,1600
150,2097,13065,4,0.9534802436828613,0.8103356957435608,-0.14314454793930054,0,805,914,1063,983,779,870,870
151,2099,4650,2,0.9040016531944275,0.827479898929596,-0.07652175426483154,0,1576,1226,643,1197,1552,1565,1565
152,2102,6517,2,0.90777188539505,0.8493086099624634,-0.05846327543258667,0,1214,1409,602,1366,1053,1025,1025
153,2146,20781,2,0.9258117079734802,0.8089872002601624,-0.11682450771331787,0,1207,712,141,606,1225,1079,1079
154,2215,3079,2,0.966793417930603,0.7596092224121094,-0.20718419551849365,0,293,463,1444,544,320,328,328
155,2227,11051,3,0.8890345096588135,0.8601667881011963,-0.028867721557617188,0,360,1748,1371,1763,244,162,162
156,2233,22792,2,0.9284679293632507,0.8076876401901245,-0.12078028917312622,0,719,933,1088,975,645,694,694
157,2245,22478,6,0.8957939743995667,0.8235270380973816,-0.07226693630218506,0,1704,1657,273,1559,1696,1676,1676
158,2247,22592,2,0.9169995188713074,0.866012454032898,-0.050987064838409424,0,657,1697,1725,1739,680,1091,1091
159,2252,4026,2,0.9112922549247742,0.7490114569664001,-0.16228079795837402,0,757,172,256,106,942,674,674
160,2266,15149,2,0.921318769454956,0.8464636206626892,-0.07485514879226685,0,841,1284,451,1245,792,714,714
161,2269,2719,10,0.8825352787971497,0.7475888133049011,-0.13494646549224854,0,1708,318,104,271,1702,1662,1662
162,2291,9686,2,0.9221482276916504,0.854416012763977,-0.06773221492767334,0,24,1520,1572,1582,28,53,53
163,2300,21919,3,0.9008359313011169,0.7893568873405457,-0.11147904396057129,0,1374,876,918,893,1367,1425,1425
164,2305,22821,5,0.8913058042526245,0.8079392313957214,-0.08336657285690308,0,982,1392,600,1339,1042,985,985
165,2318,20407,2,0.9045079350471497,0.858523964881897,-0.045983970165252686,0,47,1639,294,1551,73,18,18
166,2336,124,2,0.9179610013961792,0.8584074378013611,-0.059553563594818115,0,1500,1609,1112,1575,1512,1551,1551
167,2346,461,2,0.8229180574417114,0.7831200361251831,-0.03979802131652832,0,689,1434,1587,1482,714,961,961
168,2348,14020,2,0.9040132761001587,0.8243849277496338,-0.0796283483505249,0,1710,1324,206,1241,1682,1662,1662
169,2364,128,2,0.9287859797477722,0.8309009075164795,-0.09788507223129272,0,1122,621,120,487,1482,1260,1260
170,2367,6058,5,0.9374899864196777,0.7563942670822144,-0.18109571933746338,0,1565,481,81,350,1545,1479,1479
171,2387,21399,2,0.868626058101654,0.8437551856040955,-0.024870872497558594,0,1428,1617,23,1503,1414,1307,1307
172,2423,134,1,0.8367010354995728,0.7664901614189148,-0.07021087408065796,0,1640,1080,45,954,1660,1625,1625
173,2449,741,3,0.931321382522583,0.790203332901001,-0.14111804962158203,0,772,778,1154,859,627,608,608
174,2478,16064,2,0.8743084073066711,0.8432304263114929,-0.031077980995178223,0,214,1740,953,1712,204,101,101
175,2488,11596,2,0.8773546814918518,0.7935511469841003,-0.08380353450775146,0,1664,888,92,796,1638,1599,1599
176,2494,21406,3,0.9150463938713074,0.8559418320655823,-0.0591045618057251,0,1058,1548,556,1486,1139,1102,1102
177,2496,143,3,0.9302001595497131,0.7624722123146057,-0.16772794723510742,0,12,649,1378,777,23,8,8
178,2526,17229,4,0.9461081624031067,0.7238984107971191,-0.22220975160598755,0,6,340,1750,522,6,6,6
179,2554,23007,4,0.9688900113105774,0.7926210165023804,-0.17626899480819702,0,450,450,405,365,303,231,231
180,2584,22956,2,0.9659023284912109,0.8609750866889954,-0.10492724180221558,0,27,1130,1712,1313,24,34,34
181,2586,19865,4,0.9301190972328186,0.8040741682052612,-0.12604492902755737,0,1225,663,302,600,1216,1037,1037
182,2591,21520,1,0.9272044897079468,0.7882140874862671,-0.1389904022216797,0,56,313,414,262,53,45,45
183,2599,19333,3,0.9536161422729492,0.7361484169960022,-0.21746772527694702,0,319,310,1480,348,316,366,366
184,2613,20525,5,0.9076451063156128,0.8225800395011902,-0.08506506681442261,0,519,1212,77,1050,594,444,444
185,2619,153,3,0.8844378590583801,0.7833243012428284,-0.10111355781555176,0,1742,992,177,907,1764,1759,1759
186,2639,22995,3,0.9459236264228821,0.8458330631256104,-0.10009056329727173,0,1255,1195,492,1175,1254,1214,1214
187,2651,295,4,0.835317850112915,0.8188680410385132,-0.016449809074401855,0,828,1763,1771,1775,767,1404,1404
188,2670,17953,3,0.918098509311676,0.6938915848731995,-0.22420692443847656,0,1240,275,1772,459,1067,1495,1495
189,2673,15308,4,0.9629451632499695,0.6927563548088074,-0.2701888084411621,0,442,79,1527,115,419,509,509
190,2680,20055,2,0.9320862293243408,0.8176369667053223,-0.11444926261901855,0,420,936,851,962,406,362,362
191,2701,6217,2,0.9196950793266296,0.8211462497711182,-0.09854882955551147,0,1593,1001,290,929,1651,1636,1636
192,2708,13558,4,0.9184078574180603,0.7656205892562866,-0.15278726816177368,0,1270,746,1343,863,1124,1242,1242
193,2712,13216,2,0.9156431555747986,0.8732650279998779,-0.042378127574920654,0,446,1644,776,1613,444,422,422
194,2760,14821,8,0.9268048405647278,0.7582026720046997,-0.16860216856002808,0,1019,771,91,627,1065,728,728
195,2765,20927,5,0.8960641026496887,0.7109202742576599,-0.1851438283920288,0,1218,194,551,151,1191,1150,1150
196,2780,17472,2,0.925253689289093,0.7788907289505005,-0.14636296033859253,0,1637,410,743,439,1651,1654,1654
197,2792,696,2,0.8859153985977173,0.8482306003570557,-0.03768479824066162,0,1420,1695,1390,1695,1405,1499,1499
198,2802,20054,3,0.9060253500938416,0.8143284320831299,-0.09169691801071167,0,1399,1200,50,1050,1355,1199,1199
199,2812,18065,5,0.9479281902313232,0.7256017923355103,-0.222326397895813,0,22,389,1516,467,23,28,28
200,2825,14965,8,0.9076187610626221,0.7273930311203003,-0.18022572994232178,0,1709,464,40,327,1708,1628,1628
201,2847,20872,2,0.8725490570068359,0.8352327942848206,-0.03731626272201538,0,952,1467,701,1463,865,849,849
202,2854,17132,9,0.9428388476371765,0.7455897927284241,-0.19724905490875244,0,823,594,123,465,737,364,364
203,2884,8264,6,0.9084738492965698,0.7146912813186646,-0.19378256797790527,0,1391,510,1233,590,1367,1434,1434
204,2909,14572,3,0.9491777420043945,0.8507354855537415,-0.09844225645065308,0,13,1195,606,1174,13,10,10
205,2913,21384,3,0.9480528235435486,0.8676547408103943,-0.0803980827331543,0,101,1547,1127,1562,110,114,114
206,2914,20848,2,0.9276935458183289,0.8320115804672241,-0.09568196535110474,0,227,1224,1351,1352,254,284,284
207,2931,23014,4,0.8992048501968384,0.8293351531028748,-0.06986969709396362,0,233,1748,1762,1765,402,763,763
208,2939,21319,8,0.9404201507568359,0.7580856680870056,-0.18233448266983032,0,6,1405,1608,1468,5,7,7
209,2949,22802,2,0.9092304110527039,0.8489324450492859,-0.06029796600341797,0,92,1544,1736,1608,79,148,148
210,2952,626,5,0.9126990437507629,0.8110971450805664,-0.10160189867019653,0,1,1715,1560,1763,1,1,1
211,2964,21758,2,0.9272007942199707,0.7531630396842957,-0.17403775453567505,0,528,416,1666,538,606,853,853
212,2990,712,10,0.9302152395248413,0.7777108550071716,-0.15250438451766968,0,841,626,510,597,832,769,769
213,3069,1898,2,0.9103400707244873,0.7291542291641235,-0.18118584156036377,0,1657,257,824,257,1622,1649,1649
214,3088,180,4,0.8568333983421326,0.8145041465759277,-0.042329251766204834,0,1106,1594,690,1591,990,1004,1004
215,3099,21101,2,0.9085457921028137,0.7948043346405029,-0.11374145746231079,0,1163,798,490,764,1070,987,987
216,3103,5796,2,0.9214496612548828,0.8598495721817017,-0.06160008907318115,0,49,1380,1619,1466,47,56,56
217,3147,21115,3,0.9709348082542419,0.7108336687088013,-0.2601011395454407,0,165,299,1454,313,163,127,127
218,3164,20069,2,0.9180528521537781,0.790381669998169,-0.12767118215560913,0,1308,670,294,574,1171,988,988
219,3173,4423,5,0.9008883833885193,0.8218031525611877,-0.07908523082733154,0,939,1605,1146,1608,1182,1217,1217
220,3183,20635,3,0.9405514001846313,0.7554168701171875,-0.18513453006744385,0,206,445,1420,515,302,416,416
221,3200,14473,3,0.9233258366584778,0.7378048896789551,-0.1855209469795227,0,411,331,1494,408,468,664,664
222,3224,6171,2,0.971382737159729,0.7986592650413513,-0.17272347211837769,0,3,15,879,24,3,2,2
223,3230,4205,2,0.9507839679718018,0.7841411232948303,-0.16664284467697144,0,3,299,681,277,3,3,3
224,3250,1145,2,0.9666862487792969,0.8015291690826416,-0.16515707969665527,0,1,152,735,198,1,1,1
225,3274,7367,5,0.9505050778388977,0.7436842322349548,-0.20682084560394287,0,18,134,452,109,60,40,40
226,3287,21297,2,0.8947128057479858,0.763007402420044,-0.1317054033279419,0,1171,523,700,532,1138,1069,1069
227,3289,22998,6,0.9411135911941528,0.7399524450302124,-0.20116114616394043,0,687,767,1395,911,732,976,976
228,3305,4581,2,0.9485523700714111,0.8226774334907532,-0.12587493658065796,0,100,500,379,445,84,73,73
229,3370,3382,2,0.9663600921630859,0.7594514489173889,-0.20690864324569702,0,83,272,1176,225,70,42,42
230,3394,22217,3,0.898941695690155,0.809062659740448,-0.08987903594970703,0,1553,1130,49,927,1609,1530,1530
231,3413,8526,3,0.9311137795448303,0.7370179295539856,-0.19409584999084473,0,870,296,1616,410,1014,1247,1247
232,3436,20596,2,0.9172005653381348,0.7963054180145264,-0.1208951473236084,0,1424,731,560,724,1454,1394,1394
233,3438,13856,3,0.8772569298744202,0.777268648147583,-0.09998828172683716,0,932,905,323,852,1101,1033,1033
234,3453,21768,2,0.8846089243888855,0.8311249613761902,-0.05348396301269531,0,887,1460,916,1412,990,1035,1035
235,3459,4431,4,0.9649408459663391,0.7578245997428894,-0.2071162462234497,0,547,472,1200,477,474,497,497
236,3464,6797,2,0.9179232120513916,0.7983313202857971,-0.11959189176559448,0,1256,690,601,666,1201,1183,1183
237,3472,7196,4,0.9568679332733154,0.8182610869407654,-0.13860684633255005,0,93,984,905,1028,93,48,48
238,3473,20837,2,0.9321824908256531,0.8618638515472412,-0.07031863927841187,0,342,1592,1659,1627,305,468,468
239,3486,2466,2,0.8882927894592285,0.8360239267349243,-0.0522688627243042,0,1016,1399,156,1321,1088,942,942
240,3489,11179,3,0.9333882331848145,0.8052151203155518,-0.1281731128692627,0,471,977,1075,1039,444,376,376
241,3496,201,5,0.8596087694168091,0.8227925300598145,-0.03681623935699463,0,276,1750,1410,1750,411,465,465
242,3498,17014,2,0.8496654033660889,0.8503310680389404,0.0006656646728515625,1,1129,1724,1561,1720,1202,1340,1340
243,3503,17476,3,0.7730098366737366,0.8023144006729126,0.029304563999176025,1,1039,1755,483,1750,1107,1087,1087
244,3506,14490,3,0.9638303518295288,0.8496318459510803,-0.11419850587844849,0,141,1021,1167,1074,113,131,131
245,3507,21391,10,0.9354501366615295,0.7489964962005615,-0.18645364046096802,0,1504,533,785,557,1487,1452,1452
246,3556,5459,1,0.9140521287918091,0.8364173173904419,-0.07763481140136719,0,39,766,820,771,76,46,46
247,3569,203,6,0.8562663197517395,0.7006294131278992,-0.15563690662384033,0,1016,320,1391,424,932,1095,1095
248,3576,953,3,0.9495192170143127,0.8228608965873718,-0.12665832042694092,0,164,943,586,925,148,137,137
249,3597,4066,2,0.9088572263717651,0.8205892443656921,-0.088267982006073,0,927,1125,724,1111,881,838,838
250,3614,20924,2,0.9574385285377502,0.8718522787094116,-0.08558624982833862,0,2,1406,1719,1513,1,5,5
251,3661,22590,4,0.9643024802207947,0.7482454180717468,-0.21605706214904785,0,286,315,1243,309,255,205,205
252,3664,10666,2,0.9336756467819214,0.7731350064277649,-0.1605406403541565,0,1420,508,543,411,1355,1349,1349
253,3666,22821,2,0.9184107780456543,0.8187997937202454,-0.09961098432540894,0,118,1154,860,1172,173,163,163
254,3680,213,2,0.8976312279701233,0.8209109306335449,-0.07672029733657837,0,1351,1333,720,1310,1282,1260,1260
255,3696,6927,2,0.9028086066246033,0.8307219743728638,-0.0720866322517395,0,724,1263,670,1263,766,754,754
256,3712,21442,4,0.9299449324607849,0.8298274278640747,-0.1001175045967102,0,200,1407,454,1362,213,128,128
257,3751,20283,3,0.9586057066917419,0.8313782215118408,-0.12722748517990112,0,117,777,323,685,117,90,90
258,3752,1660,10,0.9439226984977722,0.7483498454093933,-0.1955728530883789,0,84,760,1399,867,88,245,245
259,3758,4408,4,0.9273754954338074,0.7704274654388428,-0.1569480299949646,0,1740,206,69,118,1731,1671,1671
260,3785,4593,4,0.9815528988838196,0.676525354385376,-0.3050275444984436,0,164,60,1449,53,147,87,87
261,3803,11897,3,0.9667896032333374,0.8316119313240051,-0.13517767190933228,0,1,697,81,496,1,1,1
262,3812,20298,10,0.8972821235656738,0.8298856616020203,-0.06739646196365356,0,374,1616,537,1469,302,308,308
263,3817,16990,2,0.9690625071525574,0.7172800898551941,-0.2517824172973633,0,5,133,1537,158,3,5,5
264,3836,3466,2,0.8771756887435913,0.8657029867172241,-0.011472702026367188,0,1014,1737,1086,1716,996,1054,1054
265,3838,8505,3,0.9163403511047363,0.7232500314712524,-0.1930903196334839,0,923,234,1264,270,1037,1094,1094
266,3870,6110,2,0.8832252025604248,0.8199693560600281,-0.06325584650039673,0,1489,1222,964,1272,1533,1576,1576
267,3877,226,2,0.9340640902519226,0.740328848361969,-0.1937352418899536,0,1149,81,93,42,1388,1196,1196
268,3890,21147,6,0.9757333397865295,0.7716083526611328,-0.20412498712539673,0,56,535,501,470,46,34,34
269,3899,8178,2,0.9272028207778931,0.8298816084861755,-0.09732121229171753,0,974,722,538,677,909,827,827
270,3906,3144,3,0.9064075946807861,0.7418645024299622,-0.16454309225082397,0,1720,451,528,368,1698,1700,1700
271,3908,15848,10,0.9550754427909851,0.7841452956199646,-0.1709301471710205,0,274,433,49,349,240,122,122
272,3919,12220,2,0.956727921962738,0.872726321220398,-0.08400160074234009,0,288,1450,1277,1504,221,219,219
273,3921,6764,2,0.9545027613639832,0.815693736076355,-0.13880902528762817,0,209,401,612,393,204,164,164
274,3930,21884,2,0.9136329293251038,0.8384949564933777,-0.07513797283172607,0,269,1051,1328,1116,201,243,243
275,3934,234,3,0.8648420572280884,0.8267119526863098,-0.038130104541778564,0,623,1700,1381,1716,612,781,781
276,3982,3998,1,0.9262879490852356,0.7313765287399292,-0.1949114203453064,0,575,445,1203,405,643,716,716
277,3993,4446,3,0.9020596146583557,0.8122954964637756,-0.08976411819458008,0,1734,1240,281,1101,1723,1709,1709
278,3998,7799,4,0.9438785910606384,0.8332273960113525,-0.11065119504928589,0,1087,1149,621,1125,961,907,907
279,4023,9027,5,0.9135780930519104,0.7348929643630981,-0.17868512868881226,0,1572,494,1403,609,1580,1654,1654
280,4067,7003,4,0.9203268885612488,0.7788768410682678,-0.14145004749298096,0,1763,500,64,328,1765,1756,1756
281,4069,6685,8,0.926239013671875,0.7629753947257996,-0.16326361894607544,0,20,1499,1636,1564,18,22,22
282,4071,1333,3,0.945014476776123,0.7815418243408203,-0.16347265243530273,0,317,418,680,377,299,260,260
283,4094,4683,3,0.9235309958457947,0.8503071069717407,-0.07322388887405396,0,668,1563,1387,1600,586,706,706
284,4120,23012,3,0.9522479176521301,0.7906317114830017,-0.16161620616912842,0,803,391,329,296,740,585,585
285,4149,763,7,0.8740740418434143,0.7958753705024719,-0.07819867134094238,0,698,1723,1661,1720,672,864,864
286,4206,4768,3,0.9633753895759583,0.6765466928482056,-0.2868286967277527,0,66,80,1595,94,67,68,68
287,4209,6059,3,0.9287700653076172,0.8075180649757385,-0.12125200033187866,0,416,752,63,526,346,184,184
288,4233,8048,2,0.9455666542053223,0.8504140973091125,-0.09515255689620972,0,42,911,1158,999,38,48,48
289,4241,22956,10,0.9136789441108704,0.7720890641212463,-0.14158987998962402,0,348,1595,1743,1654,346,561,561
290,4262,15633,2,0.9391916394233704,0.8145500421524048,-0.12464159727096558,0,201,782,330,687,130,74,74
291,4267,16835,10,0.9482964873313904,0.6850231289863586,-0.26327335834503174,0,706,63,632,88,787,709,709
292,4300,13718,2,0.9203091263771057,0.8162268400192261,-0.10408228635787964,0,627,726,882,743,619,606,606
293,4319,4539,6,0.9544029235839844,0.7067689895629883,-0.2476339340209961,0,36,419,1686,556,38,48,48
294,4357,23030,7,0.9270355105400085,0.8201819658279419,-0.10685354471206665,0,1592,1084,1032,1068,1652,1675,1675
295,4444,3931,2,0.963994026184082,0.7807528972625732,-0.1832411289215088,0,267,514,1441,629,245,207,207
296,4456,20989,2,0.9098809361457825,0.8277727961540222,-0.08210813999176025,0,809,1200,610,1177,705,513,513
297,4477,2357,3,0.9695079326629639,0.7240838408470154,-0.2454240918159485,0,114,320,1669,421,100,111,111
298,4481,12440,3,0.9326902627944946,0.8160274028778076,-0.11666285991668701,0,1,993,1353,1141,2,1,1
299,4504,16633,2,0.9571169018745422,0.7060931324958801,-0.2510237693786621,0,87,111,1600,132,93,108,108
300,4507,5202,3,0.9116219282150269,0.7579784393310547,-0.15364348888397217,0,767,814,1772,1149,772,1146,1146
301,4517,14699,2,0.9207592010498047,0.7588332891464233,-0.16192591190338135,0,1308,552,1212,571,1233,1353,1353
302,4547,22252,4,0.9315096139907837,0.8424591422080994,-0.08905047178268433,0,1655,1442,1129,1453,1652,1688,1688
303,4596,6565,2,0.9286823868751526,0.6941716074943542,-0.23451077938079834,0,1524,141,1193,87,1570,1629,1629
304,4600,20077,2,0.9343746304512024,0.8199237585067749,-0.11445087194442749,0,778,911,587,855,765,708,708
305,4610,19155,2,0.7993181347846985,0.7134028077125549,-0.08591532707214355,0,489,90,611,91,450,360,360
306,4613,10817,2,0.8557532429695129,0.7633683681488037,-0.09238487482070923,0,426,383,1707,560,448,786,786
307,4621,268,2,0.9141647219657898,0.8426787853240967,-0.07148593664169312,0,12,1669,1780,1759,11,25,25
308,4657,11134,10,0.8820107579231262,0.6721178293228149,-0.20989292860031128,0,1553,1239,1777,1527,1599,1732,1732
309,4676,12048,3,0.9675130248069763,0.7407757639884949,-0.22673726081848145,0,392,492,1680,680,464,808,808
310,4715,17142,2,0.9081178307533264,0.8325907588005066,-0.07552707195281982,0,176,1305,923,1283,153,126,126
311,4736,12607,2,0.9453573226928711,0.8330196738243103,-0.11233764886856079,0,182,743,300,657,120,75,75
312,4744,19352,2,0.8602221608161926,0.7255455255508423,-0.13467663526535034,0,858,144,1131,187,850,899,899
313,4748,284,2,0.905174732208252,0.8332902193069458,-0.07188451290130615,0,745,1440,1071,1479,835,921,921
314,4767,17085,3,0.9138707518577576,0.8335597515106201,-0.08031100034713745,0,276,1536,1371,1586,333,440,440
315,4823,11171,2,0.9680505990982056,0.8148926496505737,-0.15315794944763184,0,1,496,1238,584,1,1,1
316,4835,1504,3,0.9765179753303528,0.709658145904541,-0.26685982942581177,0,1,221,1428,186,1,1,1
317,4839,11420,2,0.8814438581466675,0.8464257121086121,-0.03501814603805542,0,1297,1568,1066,1564,1261,1322,1322
318,4849,21342,2,0.9254598021507263,0.8287843465805054,-0.09667545557022095,0,291,1260,1603,1348,315,477,477
319,4851,22952,2,0.9629027247428894,0.8354437947273254,-0.12745893001556396,0,2,898,196,776,2,2,2
320,4860,16808,5,0.9391829967498779,0.7998709082603455,-0.13931208848953247,0,864,980,959,1013,870,862,862
321,4868,20919,2,0.9160991311073303,0.7958363890647888,-0.1202627420425415,0,138,339,1266,335,84,79,79
322,4876,570,1,0.8043782114982605,0.8325955867767334,0.0282173752784729,1,1562,1675,570,1652,1517,1507,1507
323,4879,19687,1,0.9044457077980042,0.8320074081420898,-0.0724382996559143,0,415,1135,890,1135,333,335,335
324,4880,297,3,0.8871750831604004,0.8564360737800598,-0.030739009380340576,0,876,1651,644,1614,891,883,883
325,4930,20891,4,0.9243276715278625,0.8419065475463867,-0.08242112398147583,0,484,1561,1143,1572,538,600,600
326,4952,305,2,0.934852123260498,0.8819851875305176,-0.05286693572998047,0,106,1515,857,1486,97,103,103
327,4956,22425,3,0.9483030438423157,0.8140767812728882,-0.1342262625694275,0,359,799,483,742,297,252,252
328,4965,15856,2,0.911384642124176,0.8610777854919434,-0.050306856632232666,0,793,1548,1250,1610,804,936,936
329,4972,12212,2,0.9262973666191101,0.8986201286315918,-0.02767723798751831,0,206,1738,1546,1734,234,324,324
330,4987,23014,6,0.8890810608863831,0.7822948694229126,-0.10678619146347046,0,116,1596,1612,1727,189,224,224
331,4990,4491,2,0.9262585639953613,0.817699670791626,-0.10855889320373535,0,340,932,255,806,394,284,284
332,5011,1040,4,0.909767210483551,0.7488419413566589,-0.1609252691268921,0,1,851,1613,1085,1,2,2
333,5022,16616,1,0.8781983256340027,0.7995947599411011,-0.07860356569290161,0,1328,991,364,926,1470,1432,1432
334,5037,22686,1,0.849716305732727,0.8126785159111023,-0.037037789821624756,0,1463,1367,190,1172,1492,1391,1391
335,5041,18786,2,0.9597302079200745,0.8566890358924866,-0.10304117202758789,0,2,1175,1355,1227,2,2,2
336,5048,5287,2,0.9198228716850281,0.8264603614807129,-0.09336251020431519,0,116,1073,1012,1112,95,102,102
337,5058,23029,5,0.9516446590423584,0.835610568523407,-0.11603409051895142,0,293,1365,1064,1389,272,242,242
338,5090,314,2,0.9365947842597961,0.8234115839004517,-0.11318320035934448,0,1160,1001,1182,1096,1082,1131,1131
339,5094,5262,2,0.9086207747459412,0.84300696849823,-0.06561380624771118,0,1063,1536,815,1501,1117,1023,1023
340,5107,16607,2,0.9802142381668091,0.6627570986747742,-0.3174571394920349,0,357,29,1500,28,325,330,330
341,5125,2953,2,0.9148018956184387,0.8361920714378357,-0.07860982418060303,0,1151,1414,1049,1398,1210,1254,1254
342,5166,2022,5,0.9643173813819885,0.8487841486930847,-0.11553323268890381,0,68,1404,631,1380,57,15,15
343,5171,4539,4,0.9596453905105591,0.743543267250061,-0.21610212326049805,0,95,440,1750,667,107,204,204
344,5172,10659,1,0.8590626120567322,0.7673529982566833,-0.09170961380004883,0,947,1085,1770,1415,1007,1391,1391
345,5180,12734,3,0.9077392220497131,0.6066275835037231,-0.30111163854599,0,254,9,1656,9,260,310,310
346,5195,16859,4,0.9832829833030701,0.6851855516433716,-0.2980974316596985,0,113,193,1541,207,110,93,93
347,5269,14214,3,0.938903272151947,0.703783392906189,-0.23511987924575806,0,992,161,1688,261,990,1304,1304
348,5270,23032,2,0.8913822770118713,0.8152956366539001,-0.07608664035797119,0,584,1084,616,1082,588,546,546
349,5273,3929,7,0.9501588344573975,0.8391545414924622,-0.1110042929649353,0,1564,1131,1178,1145,1527,1542,1542
350,5288,4533,4,0.9844153523445129,0.7131091952323914,-0.2713061571121216,0,190,249,1543,294,166,153,153
351,5289,9866,2,0.9158848524093628,0.7733490467071533,-0.14253580570220947,0,528,683,1265,737,463,472,472
352,5298,21263,2,0.875393807888031,0.7836021184921265,-0.09179168939590454,0,594,905,706,891,488,446,446
353,5306,11733,6,0.9247779846191406,0.625943124294281,-0.2988348603248596,0,348,18,1276,15,324,283,283
354,5335,15193,3,0.9474132657051086,0.7764723896980286,-0.17094087600708008,0,1371,442,763,407,1320,1254,1254
355,5341,18920,2,0.9306012392044067,0.8463582992553711,-0.08424293994903564,0,107,1320,1646,1440,100,142,142
356,5347,22908,3,0.8848023414611816,0.8417881727218628,-0.04301416873931885,0,1350,1489,118,1373,1313,1166,1166
357,5348,17019,5,0.8940330743789673,0.8221744298934937,-0.07185864448547363,0,1372,1585,461,1487,1325,1189,1189
358,5391,2046,3,0.8796010613441467,0.8262234330177307,-0.053377628326416016,0,1312,1654,1299,1694,1344,1486,1486
359,5429,18642,1,0.9057826399803162,0.7529611587524414,-0.15282148122787476,0,618,423,1293,450,591,652,652
360,5431,21415,2,0.9770821928977966,0.821976363658905,-0.1551058292388916,0,11,603,764,607,9,9,9
361,5433,21350,3,0.9179531931877136,0.7249926328659058,-0.19296056032180786,0,151,313,1682,444,125,228,228
362,5447,21121,4,0.9220777153968811,0.8496078252792358,-0.07246989011764526,0,260,1667,1048,1644,263,289,289
363,5453,21942,10,0.9525192379951477,0.7134831547737122,-0.23903608322143555,0,11,201,767,245,9,9,9
364,5488,349,2,0.9099471569061279,0.7983096241950989,-0.11163753271102905,0,712,881,1035,916,756,812,812
365,5496,5485,3,0.8872365951538086,0.6851359605789185,-0.20210063457489014,0,1249,65,1508,102,1240,1429,1429
366,5501,22928,2,0.8632468581199646,0.82941734790802,-0.03382951021194458,0,1111,1658,1219,1652,1259,1311,1311
367,5533,23029,4,0.9681168794631958,0.8619118928909302,-0.10620498657226562,0,215,1175,215,1036,178,95,95
368,5558,357,2,0.9360969066619873,0.8347102403640747,-0.1013866662979126,0,391,1033,923,1075,380,379,379
369,5563,23003,2,0.9189825057983398,0.8580379486083984,-0.060944557189941406,0,648,1590,1622,1612,617,841,841
370,5569,359,2,0.8922900557518005,0.7869648337364197,-0.10532522201538086,0,802,700,1229,794,751,847,847
371,5572,831,2,0.9299361705780029,0.8406474590301514,-0.08928871154785156,0,25,1074,519,1017,30,13,13
372,5587,7310,2,0.888322114944458,0.8145945072174072,-0.07372760772705078,0,435,763,913,778,341,349,349
373,5591,12831,2,0.9052239060401917,0.7635338306427002,-0.14169007539749146,0,596,619,589,571,544,483,483
374,5632,1570,2,0.8632261753082275,0.8184008598327637,-0.04482531547546387,0,1446,1640,729,1653,1475,1478,1478
375,5636,11158,2,0.9138367176055908,0.8444103598594666,-0.06942635774612427,0,1146,1474,1309,1479,1368,1471,1471
376,5638,15975,4,0.9571258425712585,0.7908506393432617,-0.16627520322799683,0,543,673,1123,742,528,552,552
377,5644,3381,3,0.9570346474647522,0.7461898326873779,-0.21084481477737427,0,747,370,978,268,754,695,695
378,5659,4885,3,0.9445319175720215,0.8104602694511414,-0.13407164812088013,0,983,871,1028,924,853,906,906
379,5680,5491,7,0.9538893699645996,0.8022672533988953,-0.15162211656570435,0,1,813,1333,906,1,1,1
380,5682,11701,3,0.9778574109077454,0.6674657464027405,-0.3103916645050049,0,173,142,1547,145,179,164,164
381,5690,23023,2,0.9480840563774109,0.8561913371086121,-0.09189271926879883,0,6,1411,927,1440,5,5,5
382,5691,367,2,0.9403768181800842,0.7943645119667053,-0.1460123062133789,0,5,150,1049,207,4,5,5
383,5694,11047,2,0.7971625328063965,0.7853272557258606,-0.011835277080535889,0,1179,1709,68,1672,1124,977,977
384,5725,826,5,0.9552524089813232,0.7987962365150452,-0.15645617246627808,0,258,605,473,530,245,193,193
385,5751,17113,4,0.9011863470077515,0.8072119355201721,-0.09397441148757935,0,1736,1172,185,1037,1731,1725,1725
386,5770,17519,6,0.9512466788291931,0.7380902767181396,-0.21315640211105347,0,1489,395,30,184,1447,1159,1159
387,5773,373,3,0.9274197220802307,0.8247441053390503,-0.10267561674118042,0,1014,1441,1401,1596,993,1250,1250
388,5804,19030,2,0.9234773516654968,0.8192303776741028,-0.10424697399139404,0,79,1153,1664,1358,37,78,78
389,5820,15861,2,0.9502959847450256,0.8529269099235535,-0.09736907482147217,0,580,1052,511,999,819,672,672
390,5831,4767,3,0.8994861841201782,0.8132767081260681,-0.08620947599411011,0,939,1111,281,1049,964,841,841
391,5843,3163,2,0.9179282784461975,0.7881129384040833,-0.12981534004211426,0,904,617,162,455,1169,936,936
392,5871,22809,5,0.9475255012512207,0.8438878059387207,-0.1036376953125,0,5,1159,116,1012,5,4,4
393,5879,10160,2,0.8523997068405151,0.8424881100654602,-0.009911596775054932,0,468,1719,1635,1762,521,827,827
394,5892,19034,3,0.9189583659172058,0.8366312384605408,-0.08232712745666504,0,194,1223,1212,1314,217,196,196
395,5957,2003,2,0.896507203578949,0.8054165840148926,-0.0910906195640564,0,396,962,702,943,359,313,313
396,5973,16592,2,0.9366774559020996,0.8085699677467346,-0.128107488155365,0,475,885,1157,948,452,408,408
397,6000,1247,2,0.9165655970573425,0.8226115703582764,-0.09395402669906616,0,543,1213,679,1196,543,450,450
398,6033,14418,3,0.9692314863204956,0.8680652379989624,-0.1011662483215332,0,1,1312,1011,1338,1,1,1
399,6068,456,3,0.9330483078956604,0.79660564661026,-0.1364426612854004,0,1601,874,1237,982,1621,1640,1640
400,6096,22704,2,0.9342089295387268,0.8457049131393433,-0.08850401639938354,0,1210,1259,406,1172,952,775,775
401,6100,23014,4,0.9210387468338013,0.8279306888580322,-0.09310805797576904,0,102,1650,1757,1747,102,192,192
402,6171,19227,2,0.9196909070014954,0.8162012100219727,-0.1034896969795227,0,665,963,1097,1044,595,626,626
403,6177,396,2,0.9795825481414795,0.6638078689575195,-0.31577467918395996,0,2,46,1689,54,2,1,1
404,6196,22533,2,0.9499096274375916,0.7970613837242126,-0.1528482437133789,0,1382,589,215,451,1324,1216,1216
405,6252,21452,7,0.9456943869590759,0.7919918298721313,-0.15370255708694458,0,365,328,504,340,381,361,361
406,6259,5815,1,0.8662986159324646,0.7236947417259216,-0.14260387420654297,0,1732,136,159,117,1736,1731,1731
407,6280,8586,4,0.9225707054138184,0.8607812523841858,-0.06178945302963257,0,624,1468,106,1274,692,356,356
408,6283,21396,2,0.9020857214927673,0.8593476414680481,-0.04273808002471924,0,216,1569,1120,1572,144,165,165
409,6284,22217,5,0.918009340763092,0.7962539196014404,-0.12175542116165161,0,126,965,267,878,183,123,123
410,6289,2370,2,0.8953667879104614,0.8374561667442322,-0.05791062116622925,0,577,1493,908,1478,536,546,546
411,6312,11927,2,0.9215356707572937,0.8148723840713501,-0.1066632866859436,0,1268,908,404,862,1308,1212,1212
412,6314,22299,2,0.9167091846466064,0.8146024346351624,-0.10210675001144409,0,639,500,488,483,704,625,625
413,6360,20273,5,0.9413341879844666,0.8386731147766113,-0.10266107320785522,0,51,1176,1165,1227,74,65,65
414,6369,1274,9,0.8589315414428711,0.7814995646476746,-0.07743197679519653,0,1407,1684,993,1688,1359,1446,1446
415,6404,5377,2,0.8955920338630676,0.8004111051559448,-0.0951809287071228,0,116,1233,1745,1419,141,301,301
416,6405,6219,6,0.9351689219474792,0.7934824228286743,-0.14168649911880493,0,1659,1142,473,1081,1677,1679,1679
417,6407,3151,2,0.950265645980835,0.8475217819213867,-0.10274386405944824,0,604,1073,1113,1125,375,389,389
418,6440,4196,2,0.9240978360176086,0.85333251953125,-0.07076531648635864,0,69,1391,158,1226,80,50,50
419,6494,21436,2,0.9164242148399353,0.7636870741844177,-0.15273714065551758,0,623,180,444,195,725,640,640
420,6509,14084,5,0.9123591184616089,0.7856332659721375,-0.12672585248947144,0,575,914,356,842,581,446,446
421,6539,16804,3,0.9211913347244263,0.7204735279083252,-0.20071780681610107,0,744,211,1694,336,777,1038,1038
422,6554,8775,2,0.9300101399421692,0.77949059009552,-0.15051954984664917,0,1089,540,866,516,918,920,920
423,6595,21277,2,0.9171082973480225,0.8466521501541138,-0.07045614719390869,0,347,1503,1000,1464,146,121,121
424,6596,22347,5,0.9457340240478516,0.7089256644248962,-0.23680835962295532,0,373,389,1737,569,324,617,617
425,6619,22961,2,0.9311665296554565,0.8582510948181152,-0.07291543483734131,0,70,1539,1519,1607,63,104,104
426,6623,22657,2,0.9265989661216736,0.8481462001800537,-0.07845276594161987,0,589,1308,527,1254,506,429,429
427,6631,1408,3,0.9358176589012146,0.7947461009025574,-0.14107155799865723,0,1756,694,755,717,1763,1768,1768
428,6666,21757,3,0.9049285650253296,0.7067469954490662,-0.19818156957626343,0,1165,78,1385,94,1096,1173,1173
429,6669,4536,2,0.9404031038284302,0.8254139423370361,-0.11498916149139404,0,129,742,124,560,132,89,89
430,6686,23031,4,0.9437315464019775,0.7618637681007385,-0.181867778301239,0,518,518,1019,524,564,576,576
431,6696,18186,2,0.9343903064727783,0.8070095181465149,-0.12738078832626343,0,1321,811,650,793,1145,1095,1095
432,6697,21691,4,0.9340869784355164,0.72201007604599,-0.21207690238952637,0,1038,277,1514,345,1088,1224,1224
433,6706,670,2,0.9317837357521057,0.7423356175422668,-0.18944811820983887,0,961,328,1646,441,816,1093,1093
434,6717,4566,7,0.9629485607147217,0.8336358666419983,-0.1293126940727234,0,696,1048,1153,1071,654,717,717
435,6729,21141,4,0.9320251941680908,0.773114025592804,-0.15891116857528687,0,819,704,1172,757,723,824,824
436,6730,22000,2,0.9552307724952698,0.7437825202941895,-0.21144825220108032,0,186,474,1451,562,241,234,234
437,6739,22987,8,0.947868287563324,0.7447884678840637,-0.20307981967926025,0,905,1292,1729,1456,909,1253,1253
438,6742,966,2,0.9637553691864014,0.7361334562301636,-0.2276219129562378,0,60,385,1660,484,67,92,92
439,6750,451,2,0.9004600644111633,0.8651272058486938,-0.03533285856246948,0,109,1743,1692,1748,134,205,205
440,6760,12823,3,0.942497968673706,0.8479388952255249,-0.09455907344818115,0,81,546,1684,748,75,118,118
441,6762,15814,5,0.9339860081672668,0.8391816020011902,-0.09480440616607666,0,1015,1170,42,960,964,641,641
442,6766,4196,3,0.9158321022987366,0.8390982151031494,-0.07673388719558716,0,1060,1430,629,1384,1074,994,994
443,6768,16613,2,0.870769739151001,0.7532433271408081,-0.11752641201019287,0,1032,113,12,58,1127,568,568
444,6770,22970,3,0.9157310128211975,0.8572934865951538,-0.0584375262260437,0,539,1410,591,1377,521,391,391
445,6787,21758,5,0.9567908048629761,0.7205572724342346,-0.23623353242874146,0,175,345,1725,497,167,260,260
446,6804,21003,2,0.9781070351600647,0.7385616898536682,-0.23954534530639648,0,1,265,1665,355,1,1,1
447,6820,458,3,0.9396806955337524,0.7459337711334229,-0.1937469244003296,0,1304,515,1219,492,1249,1373,1373
448,6838,22928,6,0.8382291793823242,0.7854583263397217,-0.05277085304260254,0,1162,1632,1260,1637,1198,1316,1316
449,6859,9462,2,0.8942050933837891,0.8194237947463989,-0.07478129863739014,0,110,780,75,569,87,66,66
450,6874,18842,5,0.9625068306922913,0.8118810653686523,-0.15062576532363892,0,536,660,131,564,471,189,189
451,6878,1894,4,0.905681312084198,0.8401137590408325,-0.06556755304336548,0,867,1574,732,1528,730,633,633
452,6946,861,4,0.8678237199783325,0.8111770749092102,-0.056646645069122314,0,1176,1277,511,1251,1181,1149,1149
453,6951,22861,2,0.943206787109375,0.7636969685554504,-0.17950981855392456,0,361,548,1391,618,386,391,391
454,6967,20687,2,0.8904471397399902,0.804358959197998,-0.08608818054199219,0,1764,1241,1538,1332,1761,1773,1773
455,6979,8252,5,0.9290348291397095,0.8182962536811829,-0.11073857545852661,0,718,1088,339,1020,609,397,397
456,6990,23020,3,0.931360125541687,0.8386821746826172,-0.09267795085906982,0,1593,1193,689,1191,1541,1545,1545
457,7025,14372,4,0.9337567090988159,0.7410547733306885,-0.19270193576812744,0,1519,145,314,110,1565,1502,1502
458,7042,23027,4,0.93561851978302,0.7480149865150452,-0.18760353326797485,0,1713,361,181,233,1708,1695,1695
459,7043,22961,2,0.8832151889801025,0.8589878678321838,-0.0242273211479187,0,887,1727,1573,1731,905,1116,1116
460,7047,2760,3,0.9086567759513855,0.7146692872047424,-0.19398748874664307,0,1417,253,657,186,1433,1430,1430
461,7062,3315,3,0.9608773589134216,0.7710206508636475,-0.18985670804977417,0,131,216,188,156,124,88,88
462,7064,14238,2,0.9302517175674438,0.7584922909736633,-0.17175942659378052,0,1304,483,1083,482,1255,1348,1348
463,7092,13580,5,0.9641305804252625,0.82443767786026,-0.13969290256500244,0,11,1005,915,1043,9,8,8
464,7093,3163,2,0.893877387046814,0.7866441011428833,-0.10723328590393066,0,1521,752,189,626,1624,1571,1571
465,7094,483,2,0.942632794380188,0.8178662657737732,-0.1247665286064148,0,1124,899,940,947,1136,1165,1165
466,7095,4507,3,0.948955774307251,0.643510639667511,-0.30544513463974,0,1,34,1732,39,1,1,1
467,7109,22682,8,0.9441943764686584,0.6475098729133606,-0.29668450355529785,0,63,39,444,46,56,39,39
468,7110,21344,2,0.8794407844543457,0.8244859576225281,-0.05495482683181763,0,1390,1540,1605,1602,1375,1515,1515
469,7120,22892,7,0.9225647449493408,0.7833312749862671,-0.13923346996307373,0,1531,455,337,444,1549,1404,1404
470,7139,486,2,0.91329425573349,0.8274012804031372,-0.08589297533035278,0,597,1120,1309,1204,486,581,581
471,7150,20658,2,0.9341716766357422,0.8529740571975708,-0.08119761943817139,0,669,1230,223,1096,763,571,571
472,7151,9694,2,0.9348622560501099,0.880179226398468,-0.054683029651641846,0,19,1623,1543,1649,18,29,29
473,7153,21966,3,0.9254037141799927,0.8463166356086731,-0.07908707857131958,0,781,1490,1166,1510,756,789,789
474,7166,17941,2,0.9401304721832275,0.6969586610794067,-0.2431718111038208,0,82,225,1661,284,91,108,108
475,7173,17099,4,0.9359645247459412,0.7258142232894897,-0.21015030145645142,0,256,354,1588,446,254,312,312
476,7176,5108,2,0.9072638750076294,0.8334400653839111,-0.07382380962371826,0,1633,1102,196,957,1667,1639,1639
477,7185,16344,9,0.9426153302192688,0.6920684576034546,-0.2505468726158142,0,417,411,962,409,451,418,418
478,7187,22961,3,0.9069550633430481,0.8555480241775513,-0.051407039165496826,0,1124,1699,1440,1707,1068,1244,1244
479,7192,23025,4,0.9376775622367859,0.8204445838928223,-0.11723297834396362,0,1594,928,603,911,1506,1502,1502
480,7214,622,3,0.9378384351730347,0.8075370192527771,-0.13030141592025757,0,663,659,56,437,736,463,463
481,7250,22442,2,0.8975706100463867,0.8409377932548523,-0.056632816791534424,0,1648,1439,104,1216,1629,1522,1522
482,7260,22975,3,0.9653053283691406,0.8070899248123169,-0.15821540355682373,0,100,563,613,530,85,62,62
483,7261,10331,2,0.8616531491279602,0.7644720673561096,-0.09718108177185059,0,637,541,188,440,657,488,488
484,7262,17216,2,0.943556547164917,0.7925795316696167,-0.1509770154953003,0,590,643,1100,729,554,570,570
485,7263,19389,8,0.9443650841712952,0.6711388230323792,-0.273226261138916,0,191,210,1243,283,203,257,257
486,7264,497,2,0.884234607219696,0.8565645217895508,-0.027670085430145264,0,1032,1716,1203,1727,1024,1130,1130
487,7271,17645,5,0.900306224822998,0.8365510106086731,-0.06375521421432495,0,929,1502,372,1424,912,788,788
488,7276,4557,3,0.8311370611190796,0.802104651927948,-0.029032409191131592,0,1350,968,109,829,1343,1133,1133
489,7303,22984,4,0.9474295377731323,0.7913550138473511,-0.15607452392578125,0,840,827,1182,921,952,1058,1058
490,7309,22112,3,0.9535540342330933,0.8258674740791321,-0.12768656015396118,0,166,881,971,922,100,96,96
491,7311,13257,3,0.8575983047485352,0.8405352234840393,-0.01706308126449585,0,1699,1723,119,1651,1685,1598,1598
492,7312,12174,2,0.9522226452827454,0.6991162896156311,-0.25310635566711426,0,264,135,1713,198,230,367,367
493,7313,501,2,0.86563640832901,0.8283350467681885,-0.03730136156082153,0,1491,831,151,684,1270,1028,1028
494,7318,21593,4,0.832065761089325,0.8130605816841125,-0.019005179405212402,0,703,1754,1154,1748,925,1001,1001
495,7352,5297,3,0.8902184963226318,0.8325507640838623,-0.05766773223876953,0,704,1582,1256,1605,574,653,653
496,7356,7203,4,0.9492195248603821,0.8002793192863464,-0.14894020557403564,0,1773,661,124,544,1773,1769,1769
497,7364,18630,2,0.9510297775268555,0.838707447052002,-0.11232233047485352,0,466,1089,1270,1202,449,447,447
498,7432,20547,6,0.9114313125610352,0.7981392741203308,-0.11329203844070435,0,783,1521,1168,1550,748,849,849
499,7453,18770,2,0.9337502717971802,0.8651226758956909,-0.06862759590148926,0,820,1397,707,1352,683,636,636
500,7517,15006,2,0.9909794926643372,0.6900521516799927,-0.3009273409843445,0,1,191,1766,264,1,1,1
501,7524,19608,2,0.9654659628868103,0.6944902539253235,-0.2709757089614868,0,285,126,1602,144,253,296,296
502,7541,5986,2,0.8799558877944946,0.7623542547225952,-0.11760163307189941,0,1408,484,668,501,1394,1358,1358
503,7557,22237,3,0.917357325553894,0.7696365118026733,-0.1477208137512207,0,1226,466,155,304,1175,1049,1049
504,7576,21893,3,0.9226794242858887,0.850155234336853,-0.07252418994903564,0,1346,1368,894,1387,1292,1337,1337
505,7601,19460,2,0.8969805240631104,0.7225241661071777,-0.17445635795593262,0,1152,105,1029,143,1032,1068,1068
506,7609,20393,2,0.9205973744392395,0.8747783899307251,-0.045818984508514404,0,1001,1548,168,1403,927,693,693
507,7628,6261,3,0.9463084936141968,0.8578925132751465,-0.08841598033905029,0,221,1348,647,1341,201,139,139
508,7638,22925,3,0.9438127279281616,0.8413524627685547,-0.10246026515960693,0,664,1163,249,1092,662,531,531
509,7651,20792,3,0.9220687747001648,0.8213056325912476,-0.10076314210891724,0,276,1317,1674,1495,282,556,556
510,7657,13314,3,0.9269139170646667,0.7995905876159668,-0.12732332944869995,0,831,725,162,591,954,745,745
511,7673,525,2,0.9005630016326904,0.7468172907829285,-0.15374571084976196,0,1643,498,638,461,1689,1689,1689
512,7681,11990,2,0.9121986031532288,0.8207367062568665,-0.0914618968963623,0,1438,998,482,963,1416,1393,1393
513,7682,10884,3,0.8832352161407471,0.7180992960929871,-0.16513592004776,0,684,165,120,94,848,586,586
514,7701,4599,2,0.9590932726860046,0.6808152198791504,-0.27827805280685425,0,31,23,1362,22,30,25,25
515,7702,19110,10,0.9488702416419983,0.7939913868904114,-0.15487885475158691,0,28,635,186,566,25,13,13
516,7707,17029,3,0.9303433895111084,0.7388891577720642,-0.1914542317390442,0,942,356,1393,394,910,990,990
517,7717,531,3,0.9361898899078369,0.8423166871070862,-0.09387320280075073,0,121,1595,1358,1686,129,59,59
518,7719,9220,5,0.8675103187561035,0.8045103549957275,-0.06299996376037598,0,1547,1658,585,1581,1490,1489,1489
519,7765,536,5,0.9362683892250061,0.7985441088676453,-0.13772428035736084,0,97,814,330,772,100,23,23
520,7813,13800,2,0.9132105112075806,0.8560298681259155,-0.05718064308166504,0,461,1515,1363,1541,483,589,589
521,7816,922,1,0.9663655161857605,0.8050425052642822,-0.16132301092147827,0,3,92,1687,210,3,4,4
522,7850,2246,3,0.9303335547447205,0.851001501083374,-0.07933205366134644,0,124,1592,1103,1601,125,145,145
523,7883,22996,2,0.9439985156059265,0.7914949655532837,-0.15250355005264282,0,646,392,199,295,664,462,462
524,7892,18744,4,0.9555395245552063,0.785066545009613,-0.17047297954559326,0,242,371,429,318,225,150,150
525,7895,20027,3,0.9080275297164917,0.8430067300796509,-0.06502079963684082,0,550,1313,960,1320,710,743,743
526,7916,6451,4,0.9509815573692322,0.840910017490387,-0.11007153987884521,0,407,1171,741,1168,428,392,392
527,7920,554,2,0.9154151678085327,0.8253556489944458,-0.09005951881408691,0,1284,1218,968,1241,1089,1130,1130
528,7928,3719,1,0.9071853160858154,0.764163076877594,-0.14302223920822144,0,604,624,1129,626,638,693,693
529,7932,20472,3,0.9242960810661316,0.8242974877357483,-0.0999985933303833,0,1168,1245,543,1221,1247,1215,1215
530,7960,21356,2,0.9509739279747009,0.8316659331321716,-0.1193079948425293,0,807,988,547,958,497,307,307
531,7984,563,2,0.9311767816543579,0.816510021686554,-0.11466675996780396,0,1449,894,453,859,1594,1590,1590
532,7999,22938,2,0.937721312046051,0.8014563322067261,-0.13626497983932495,0,1045,831,846,840,948,970,970
533,8025,23012,2,0.9421441555023193,0.7923004627227783,-0.14984369277954102,0,1051,572,194,477,1055,810,810
534,8032,8090,2,0.9593002796173096,0.7707540392875671,-0.18854624032974243,0,24,182,579,154,27,22,22
535,8070,11984,2,0.8997526168823242,0.7736713886260986,-0.12608122825622559,0,1490,688,419,605,1541,1486,1486
536,8075,20472,2,0.914993941783905,0.8346588015556335,-0.08033514022827148,0,999,1214,172,1092,1012,748,748
537,8092,22911,1,0.8481104373931885,0.7764952778816223,-0.07161515951156616,0,1501,1172,123,965,1456,1320,1320
538,8101,20768,2,0.9473004341125488,0.8672178983688354,-0.08008253574371338,0,7,1394,1212,1454,7,7,7
539,8111,20848,3,0.9430736899375916,0.8375938534736633,-0.10547983646392822,0,151,1070,1283,1173,145,155,155
540,8118,14054,3,0.9320914149284363,0.7913828492164612,-0.1407085657119751,0,474,749,944,800,498,495,495
541,8120,22645,3,0.9527618885040283,0.7705807685852051,-0.18218111991882324,0,1166,502,617,395,1129,1109,1109
542,8132,2283,6,0.9212511777877808,0.7933348417282104,-0.1279163360595703,0,1663,1163,126,977,1685,1610,1610
543,8135,23014,9,0.9474912285804749,0.7745895385742188,-0.1729016900062561,0,21,1410,1545,1506,20,23,23
544,8136,11369,5,0.935160219669342,0.7085573673248291,-0.22660285234451294,0,735,160,1410,195,886,1068,1068
545,8141,18429,1,0.9180049896240234,0.8612589836120605,-0.05674600601196289,0,263,1497,1529,1537,312,386,386
546,8148,20231,2,0.9356350898742676,0.8442782759666443,-0.09135681390762329,0,397,1361,811,1349,376,191,191
547,8186,8354,2,0.8810292482376099,0.8217630386352539,-0.05926620960235596,0,1402,1285,691,1286,1385,1390,1390
548,8226,12656,2,0.9655946493148804,0.8493882417678833,-0.11620640754699707,0,1,876,1489,988,1,1,1
549,8247,21508,3,0.9473096132278442,0.7955859899520874,-0.15172362327575684,0,157,697,712,665,155,143,143
550,8264,20985,2,0.9022390842437744,0.7789348363876343,-0.12330424785614014,0,770,736,793,723,774,801,801
551,8282,589,5,0.9562448263168335,0.7715590000152588,-0.1846858263015747,0,1690,510,409,417,1682,1684,1684
552,8284,17142,7,0.950153112411499,0.8476096987724304,-0.1025434136390686,0,91,1025,903,996,59,40,40
553,8287,8397,2,0.9060669541358948,0.8168230652809143,-0.08924388885498047,0,918,1015,590,996,844,689,689
554,8294,22638,10,0.9361718893051147,0.812987744808197,-0.12318414449691772,0,503,1253,745,1154,581,495,495
555,8330,6011,3,0.9444230198860168,0.810397744178772,-0.13402527570724487,0,610,763,181,680,676,505,505
556,8338,9185,3,0.9503265023231506,0.8183452486991882,-0.1319812536239624,0,1196,983,1330,1121,1183,1345,1345
557,8366,6235,4,0.9471757411956787,0.8605015277862549,-0.08667421340942383,0,969,1532,702,1460,842,766,766
558,8389,21098,2,0.9360587000846863,0.7850068807601929,-0.1510518193244934,0,1145,568,80,424,1131,977,977
559,8398,1266,2,0.905515193939209,0.8374543190002441,-0.06806087493896484,0,290,967,560,913,267,202,202
560,8414,15635,7,0.8669343590736389,0.7836750745773315,-0.08325928449630737,0,813,1257,1150,1249,827,832,832
561,8415,16409,2,0.9745376110076904,0.7155990600585938,-0.2589385509490967,0,288,305,1496,340,280,273,273
562,8423,8907,3,0.8855448961257935,0.7463066577911377,-0.13923823833465576,0,1114,616,1082,652,906,1026,1026
563,8429,8970,2,0.9334366917610168,0.8120749592781067,-0.12136173248291016,0,231,706,1077,762,234,268,268
564,8440,2951,3,0.9502243995666504,0.6995786428451538,-0.2506457567214966,0,1570,38,274,23,1590,1530,1530
565,8450,19333,2,0.886498212814331,0.7579782605171204,-0.1285199522972107,0,830,235,1063,290,743,800,800
566,8498,22851,2,0.9266940355300903,0.7935625314712524,-0.1331315040588379,0,543,494,45,294,512,265,265
567,8508,20768,2,0.8476213216781616,0.8653934001922607,0.01777207851409912,1,805,1763,231,1761,823,713,713
568,8511,20888,2,0.9140548706054688,0.7760272026062012,-0.13802766799926758,0,1754,584,17,333,1757,1755,1755
569,8577,7310,10,0.9155848026275635,0.7990315556526184,-0.11655324697494507,0,264,1004,719,937,293,236,236
570,8583,9039,2,0.9319248199462891,0.8371387124061584,-0.09478610754013062,0,646,1214,897,1234,597,579,579
571,8629,16159,6,0.9436302185058594,0.7825183272361755,-0.16111189126968384,0,297,934,586,913,308,164,164
572,8652,12607,3,0.9244219064712524,0.8230080008506775,-0.10141390562057495,0,552,959,119,862,481,401,401
573,8684,17811,5,0.9362752437591553,0.7993572354316711,-0.13691800832748413,0,106,1295,1660,1555,52,83,83
574,8686,9302,2,0.8872582912445068,0.8026902675628662,-0.08456802368164062,0,1585,936,807,945,1568,1594,1594
575,8707,628,7,0.8429886102676392,0.7842694520950317,-0.05871915817260742,0,934,1577,1584,1583,978,1212,1212
576,8711,23030,3,0.9202684760093689,0.8169143795967102,-0.10335409641265869,0,1766,1099,346,1028,1765,1765,1765
577,8745,632,3,0.9523681402206421,0.7321941256523132,-0.22017401456832886,0,1754,274,653,164,1751,1756,1756
578,8770,10027,3,0.9437870979309082,0.7800033092498779,-0.16378378868103027,0,725,459,465,336,666,502,502
579,8771,635,2,0.8889293670654297,0.793374240398407,-0.0955551266670227,0,1659,1057,1755,1299,1631,1735,1735
580,8777,22273,2,0.9536955952644348,0.6768354773521423,-0.2768601179122925,0,1597,43,839,20,1595,1618,1618
581,8793,20471,2,0.9226935505867004,0.8761800527572632,-0.046513497829437256,0,75,1481,763,1433,66,55,55
582,8805,9231,2,0.9400343298912048,0.7847828269004822,-0.15525150299072266,0,1031,554,743,513,1073,994,994
583,8825,16607,2,0.7962855696678162,0.704739511013031,-0.09154605865478516,0,1675,66,313,75,1641,1639,1639
584,8834,21996,3,0.9309150576591492,0.7862827777862549,-0.1446322798728943,0,805,785,572,754,980,972,972
585,8843,7077,2,0.9193449020385742,0.8576501607894897,-0.06169474124908447,0,571,1360,388,1246,650,481,481
586,8899,23009,4,0.926548421382904,0.8035194277763367,-0.12302899360656738,0,980,1153,1209,1246,907,1019,1019
587,8904,12639,3,0.9241743683815002,0.8417794108390808,-0.08239495754241943,0,990,1512,633,1472,792,727,727
588,8918,1629,2,0.913676917552948,0.6916916370391846,-0.22198528051376343,0,1621,300,953,158,1708,1717,1717
589,8961,8624,3,0.9347101449966431,0.8572986721992493,-0.0774114727973938,0,114,1503,1185,1524,115,152,152
590,9006,14115,2,0.9401153326034546,0.8251386880874634,-0.11497664451599121,0,1044,943,712,944,985,961,961
591,9014,6569,5,0.8885824084281921,0.8335756063461304,-0.05500680208206177,0,18,1723,1229,1722,52,34,34
592,9015,13400,3,0.9213827848434448,0.8503836989402771,-0.07099908590316772,0,178,585,385,482,145,129,129
593,9019,16384,2,0.8848555088043213,0.8286539912223816,-0.0562015175819397,0,1216,1430,1576,1504,1284,1428,1428
594,9029,22154,5,0.951055645942688,0.7780357599258423,-0.1730198860168457,0,691,702,1282,808,590,726,726
595,9046,6535,4,0.9457188844680786,0.8445395827293396,-0.10117930173873901,0,249,1092,1020,1137,258,257,257
596,9059,16893,3,0.987542450428009,0.7125676870346069,-0.2749747633934021,0,161,235,1597,275,183,177,177
597,9094,4491,5,0.9391984939575195,0.8103464245796204,-0.12885206937789917,0,376,823,400,776,419,335,335
598,9095,21833,3,0.9405233263969421,0.8286501169204712,-0.11187320947647095,0,283,1049,489,1006,277,231,231
599,9108,653,3,0.9429216980934143,0.773597240447998,-0.16932445764541626,0,371,649,1219,661,352,254,254
600,9115,22446,3,0.9068663120269775,0.8742046356201172,-0.03266167640686035,0,876,1649,453,1594,1141,1001,1001
601,9135,694,2,0.9003439545631409,0.8173415660858154,-0.08300238847732544,0,1709,1107,325,1008,1716,1722,1722
602,9195,21241,1,0.9153704047203064,0.773980975151062,-0.14138942956924438,0,1088,668,585,622,1001,982,982
603,9207,20180,3,0.9284375905990601,0.7068837881088257,-0.22155380249023438,0,1093,372,1389,352,956,1217,1217
604,9225,21613,2,0.9099798202514648,0.7856181859970093,-0.12436163425445557,0,659,744,528,697,669,625,625
605,9236,6797,2,0.9440175294876099,0.780558168888092,-0.16345936059951782,0,667,599,1168,604,628,666,666
606,9251,18477,2,0.8658134937286377,0.6335985660552979,-0.23221492767333984,0,1770,2,1,1,1773,1769,1769
607,9257,22970,2,0.9502999782562256,0.8512399792671204,-0.09905999898910522,0,44,1315,971,1354,67,18,18
608,9258,19494,5,0.9503687024116516,0.6630204916000366,-0.287348210811615,0,66,234,1780,405,62,197,197
609,9294,8707,2,0.8948842287063599,0.7475962042808533,-0.1472880244255066,0,1630,413,1471,549,1591,1667,1667
610,9302,6191,2,0.9548969268798828,0.7580447793006897,-0.19685214757919312,0,89,402,1706,548,85,121,121
611,9315,675,2,0.8822121620178223,0.8468968868255615,-0.03531527519226074,0,913,1585,994,1561,995,1026,1026
612,9324,675,3,0.9312223792076111,0.8306722640991211,-0.10055011510848999,0,3,1231,835,1249,3,3,3
613,9331,17519,2,0.9239317774772644,0.7529922723770142,-0.17093950510025024,0,1634,454,636,361,1595,1608,1608
614,9357,20745,3,0.9482579827308655,0.769235372543335,-0.17902261018753052,0,526,583,1282,611,488,490,490
615,9379,9495,2,0.9169617295265198,0.7309986352920532,-0.18596309423446655,0,1586,369,29,153,1613,1518,1518
616,9397,680,2,0.8477683067321777,0.7167274951934814,-0.1310408115386963,0,59,49,1093,89,106,93,93
617,9398,7799,2,0.8901423215866089,0.8266965746879578,-0.06344574689865112,0,1132,1142,639,1149,1020,1010,1010
618,9411,17237,2,0.9356476068496704,0.8396357297897339,-0.09601187705993652,0,689,1084,831,1066,545,534,534
619,9415,22853,2,0.9057064056396484,0.7587620615959167,-0.1469443440437317,0,95,168,223,151,133,97,97
620,9448,20143,4,0.9512864947319031,0.724237859249115,-0.22704863548278809,0,1469,229,589,142,1486,1479,1479
621,9458,2026,2,0.9401261806488037,0.728281557559967,-0.21184462308883667,0,302,388,1608,488,280,302,302
622,9468,21350,2,0.9804028272628784,0.6844168305397034,-0.29598599672317505,0,11,173,1763,245,8,13,13
623,9483,22844,7,0.9188234806060791,0.811625063419342,-0.10719841718673706,0,922,1474,1577,1518,952,1186,1186
624,9512,10085,2,0.9386625289916992,0.7988590598106384,-0.1398034691810608,0,564,572,311,486,537,349,349
625,9513,12401,2,0.9518224000930786,0.7542933225631714,-0.19752907752990723,0,337,286,856,215,231,200,200
626,9544,23002,4,0.9123682975769043,0.8180716037750244,-0.09429669380187988,0,1205,1312,146,1202,1178,1054,1054
627,9555,14053,1,0.9343079924583435,0.7785252332687378,-0.1557827591896057,0,1,51,319,65,1,1,1
628,9562,15862,3,0.9560116529464722,0.8295291662216187,-0.12648248672485352,0,1239,958,456,922,1274,1138,1138
629,9591,5987,9,0.9300819635391235,0.6689862608909607,-0.26109570264816284,0,353,262,1167,290,400,415,415
630,9604,21982,6,0.9443092346191406,0.7766293287277222,-0.16767990589141846,0,455,820,741,823,430,374,374
631,9669,3956,2,0.9717899560928345,0.6709579825401306,-0.30083197355270386,0,176,101,1755,136,171,247,247
632,9697,712,2,0.9911782145500183,0.7263078093528748,-0.26487040519714355,0,2,355,1670,432,2,2,2
633,9733,712,2,0.987221360206604,0.7257412075996399,-0.2614801526069641,0,4,360,1671,441,3,5,5
634,9773,7373,3,0.9541932344436646,0.8090444803237915,-0.14514875411987305,0,158,811,1210,883,119,142,142
635,9814,21711,3,0.912700891494751,0.8350588083267212,-0.07764208316802979,0,419,1562,1068,1583,566,554,554
636,9828,22812,2,0.9105132818222046,0.8237326741218567,-0.0867806077003479,0,516,1242,1272,1341,479,530,530
637,9830,22739,3,0.9127451181411743,0.807641327381134,-0.10510379076004028,0,383,738,377,669,411,333,333
638,9874,14417,2,0.9427176117897034,0.8728486895561218,-0.06986892223358154,0,89,1549,1549,1579,109,168,168
639,9883,18076,2,0.9218608736991882,0.8707578778266907,-0.05110299587249756,0,1099,1500,1113,1507,669,726,726
640,9885,4907,2,0.838049054145813,0.8128482103347778,-0.025200843811035156,0,1125,1658,1644,1682,1052,1331,1331
641,9917,2668,6,0.9846580624580383,0.6517595052719116,-0.3328985571861267,0,12,132,1703,174,12,12,12
642,9921,22889,3,0.9311588406562805,0.8230828642845154,-0.10807597637176514,0,619,1115,549,1108,577,501,501
643,9928,720,2,0.9221050143241882,0.8718342185020447,-0.050270795822143555,0,335,1437,1160,1440,287,336,336
644,9929,4725,2,0.8942365050315857,0.8194894194602966,-0.07474708557128906,0,622,1346,291,1232,853,599,599
645,9931,21491,2,0.9474807381629944,0.8188615441322327,-0.12861919403076172,0,199,765,564,751,217,189,189
646,9943,22998,3,0.935168981552124,0.7946333885192871,-0.14053559303283691,0,1069,760,563,745,1047,1022,1022
647,9969,4603,2,0.9137334227561951,0.8317282199859619,-0.08200520277023315,0,692,1194,849,1150,543,534,534
648,9973,14084,2,0.7946129441261292,0.7979294657707214,0.003316521644592285,1,1314,1065,476,1030,1349,1290,1290
649,9993,9879,2,0.8337423205375671,0.669337272644043,-0.16440504789352417,0,505,11,131,10,388,212,212
650,10009,9313,4,0.9368440508842468,0.7864663004875183,-0.15037775039672852,0,230,500,311,387,161,88,88
651,10028,6969,1,0.9149485230445862,0.8112360835075378,-0.10371243953704834,0,280,934,817,944,343,342,342
652,10050,15381,3,0.9558994174003601,0.7658566236495972,-0.19004279375076294,0,653,568,1352,614,596,742,742
653,10106,21803,4,0.9334729313850403,0.7483114004135132,-0.1851615309715271,0,604,544,1335,608,570,680,680
654,10118,3611,3,0.9652367234230042,0.8406237959861755,-0.12461292743682861,0,8,763,1574,921,7,9,9
655,10156,3434,2,0.9734445810317993,0.8190590143203735,-0.15438556671142578,0,2,133,1507,230,2,2,2
656,10173,6235,2,0.9156817197799683,0.8606153726577759,-0.05506634712219238,0,1424,1499,1118,1519,1471,1518,1518
657,10186,7338,2,0.9534252882003784,0.8469003438949585,-0.10652494430541992,0,57,797,1635,982,54,74,74
658,10216,7524,2,0.9209637641906738,0.7935210466384888,-0.12744271755218506,0,1662,941,1569,1115,1658,1704,1704
659,10239,2844,2,0.9422996044158936,0.7480483651161194,-0.19425123929977417,0,536,448,1217,397,485,447,447
660,10258,22552,4,0.9416429400444031,0.8544570207595825,-0.08718591928482056,0,1023,1448,412,1392,1147,993,993
661,10275,16108,3,0.864102303981781,0.7998673915863037,-0.0642349123954773,0,399,1242,1077,1314,396,354,354
662,10280,7809,2,0.8717251420021057,0.8113592863082886,-0.06036585569381714,0,853,1457,430,1376,850,650,650
663,10307,10059,2,0.9130467772483826,0.8103042840957642,-0.10274249315261841,0,1432,1001,316,915,1397,1219,1219
664,10315,741,3,0.9328351616859436,0.799268364906311,-0.13356679677963257,0,422,708,899,734,383,402,402
665,10327,14451,3,0.9057912826538086,0.73707115650177,-0.16872012615203857,0,728,487,742,455,883,899,899
666,10344,3083,2,0.9035924673080444,0.8326245546340942,-0.0709679126739502,0,1328,1464,1022,1436,1168,1207,1207
667,10383,22133,4,0.9364938139915466,0.7798113822937012,-0.15668243169784546,0,327,354,140,247,342,178,178
668,10390,23009,2,0.8448857069015503,0.8349072933197021,-0.009978413581848145,0,1742,1680,718,1624,1725,1742,1742
669,10430,1616,1,0.9099969267845154,0.8027083277702332,-0.10728859901428223,0,637,952,1414,1115,896,980,980
670,10440,12335,3,0.9584319591522217,0.7924930453300476,-0.16593891382217407,0,16,486,1505,587,17,20,20
671,10467,3718,5,0.9575617909431458,0.7051798701286316,-0.25238192081451416,0,25,179,1605,230,21,38,38
672,10471,12192,3,0.9417187571525574,0.8422912359237671,-0.09942752122879028,0,130,1290,1424,1368,106,153,153
673,10481,8466,2,0.9435495734214783,0.7051165699958801,-0.23843300342559814,0,151,167,1699,264,139,170,170
674,10523,22773,3,0.9413133859634399,0.8332412838935852,-0.10807210206985474,0,959,1145,244,1086,930,827,827
675,10526,11477,4,0.9279982447624207,0.7111972570419312,-0.2168009877204895,0,221,91,1084,116,249,224,224
676,10550,16962,8,0.9813036322593689,0.6644163727760315,-0.3168872594833374,0,235,277,1422,324,215,232,232
677,10664,20477,6,0.9509003758430481,0.7780361175537109,-0.17286425828933716,0,4,590,508,539,5,5,5
678,10680,18021,4,0.8880651593208313,0.7176660299301147,-0.17039912939071655,0,1642,457,1587,626,1629,1696,1696
679,10718,22052,2,0.9201797842979431,0.796015202999115,-0.12416458129882812,0,1036,824,602,815,1055,1020,1020
680,10725,767,2,0.8100863695144653,0.8550766110420227,0.04499024152755737,1,1653,1735,119,1707,1682,1650,1650
681,10734,2579,5,0.9018821120262146,0.7338786125183105,-0.16800349950790405,0,1340,236,425,192,1244,1087,1087
682,10743,8637,2,0.8831069469451904,0.8226050734519958,-0.06050187349319458,0,854,1514,216,1442,947,786,786
683,10746,9206,4,0.9569302201271057,0.8222881555557251,-0.13464206457138062,0,32,855,424,828,34,13,13
684,10749,10049,3,0.95259690284729,0.78859543800354,-0.16400146484375,0,1238,606,662,559,1165,1158,1158
685,10760,16404,2,0.9240835309028625,0.8036586046218872,-0.12042492628097534,0,625,755,186,630,478,243,243
686,10782,22979,5,0.9457981586456299,0.8279664516448975,-0.11783170700073242,0,1062,1149,244,1073,940,796,796
687,10787,22807,5,0.9252196550369263,0.8138489723205566,-0.11137068271636963,0,826,1267,765,1276,878,890,890
688,10808,10068,2,0.8944199085235596,0.8234629034996033,-0.0709570050239563,0,791,1052,393,1002,1008,954,954
689,10830,8336,2,0.8750903010368347,0.6564254760742188,-0.21866482496261597,0,1395,16,1143,31,1396,1431,1431
690,10835,3990,2,0.9666688442230225,0.7017792463302612,-0.26488959789276123,0,203,167,1447,143,248,206,206
691,10836,17962,2,0.9500113725662231,0.7030356526374817,-0.24697571992874146,0,13,185,1766,290,11,16,16
692,10846,782,5,0.9289671182632446,0.6720221042633057,-0.25694501399993896,0,429,149,1599,203,468,662,662
693,10848,19423,2,0.9172741770744324,0.8464016318321228,-0.07087254524230957,0,1541,1414,677,1358,1580,1565,1565
694,10871,21691,4,0.9905295372009277,0.6782258152961731,-0.31230372190475464,0,2,151,1620,168,2,2,2
695,10918,17814,2,0.8141307830810547,0.8410345911979675,0.026903808116912842,1,751,1709,1073,1738,811,906,906
696,10942,21366,1,0.9182621836662292,0.8272064924240112,-0.09105569124221802,0,1078,996,1490,1081,1290,1452,1452
697,10949,14358,3,0.9173682928085327,0.712291419506073,-0.20507687330245972,0,780,183,1658,283,800,1059,1059
698,10951,20348,5,0.9183434844017029,0.6174901723861694,-0.30085331201553345,0,1533,1,23,1,1427,1219,1219
699,10960,11420,2,0.8364549875259399,0.8430949449539185,0.006639957427978516,1,997,1648,263,1618,1094,972,972
700,10966,4231,2,0.9560624957084656,0.809984028339386,-0.1460784673690796,0,1,494,971,541,1,1,1
701,10973,4645,3,0.9188119769096375,0.8038544654846191,-0.11495751142501831,0,965,997,318,947,1319,1259,1259
702,10985,22929,3,0.932050347328186,0.7970242500305176,-0.13502609729766846,0,326,354,191,251,339,212,212
703,10991,12956,2,0.9505122900009155,0.8222485184669495,-0.12826377153396606,0,678,929,1019,985,618,624,624
704,11042,20979,2,0.9598672389984131,0.7010366916656494,-0.25883054733276367,0,217,123,1726,195,218,354,354
705,11045,16829,3,0.9786821007728577,0.6774861216545105,-0.30119597911834717,0,295,114,1464,103,280,257,257
706,11046,22076,2,0.9142748713493347,0.8291752934455872,-0.08509957790374756,0,920,1102,816,1117,894,913,913
707,11054,22874,2,0.9078415632247925,0.849545419216156,-0.058296144008636475,0,775,1384,1099,1358,790,848,848
708,11076,4643,2,0.9321924448013306,0.810399055480957,-0.12179338932037354,0,1397,833,196,758,1312,1227,1227
709,11077,14417,6,0.9453945755958557,0.8394381999969482,-0.10595637559890747,0,112,1591,555,1509,103,77,77
710,11082,10900,2,0.9052349328994751,0.8531519770622253,-0.052082955837249756,0,554,1498,1207,1494,468,539,539
711,11100,12830,2,0.9129929542541504,0.79952472448349,-0.1134682297706604,0,38,804,163,657,38,27,27
712,11116,18339,4,0.9374711513519287,0.8231539130210876,-0.11431723833084106,0,515,1067,238,961,440,180,180
713,11125,805,5,0.9331014752388,0.8071515560150146,-0.1259499192237854,0,1179,988,597,968,1275,1254,1254
714,11126,805,3,0.951376736164093,0.8038906455039978,-0.14748609066009521,0,543,839,846,840,664,636,636
715,11128,16156,3,0.9524453282356262,0.8366435766220093,-0.11580175161361694,0,6,1054,379,988,6,6,6
716,11129,15001,3,0.952039361000061,0.7978489398956299,-0.15419042110443115,0,568,750,1102,813,514,508,508
717,11132,20734,4,0.930222749710083,0.8359734416007996,-0.09424930810928345,0,228,1191,1264,1237,175,213,213
718,11153,22572,3,0.9712777733802795,0.8154423236846924,-0.15583544969558716,0,16,562,693,515,16,15,15
719,11168,20913,2,0.9480165243148804,0.7890704274177551,-0.15894609689712524,0,625,663,1007,656,778,795,795
720,11181,22575,1,0.8800381422042847,0.8068940043449402,-0.07314413785934448,0,671,1414,1568,1513,838,1029,1029
721,11190,1660,5,0.9063624143600464,0.7895210981369019,-0.11684131622314453,0,1164,1043,555,1020,1038,967,967
722,11197,22922,2,0.9033351540565491,0.8446246385574341,-0.05871051549911499,0,288,1324,871,1293,302,277,277
723,11199,17410,2,0.9222153425216675,0.8421512842178345,-0.08006405830383301,0,74,1517,1749,1662,82,157,157
724,11201,3484,4,0.9528759121894836,0.8109742403030396,-0.1419016718864441,0,485,853,658,838,631,572,572
725,11204,17717,4,0.9582185745239258,0.8526690602302551,-0.10554951429367065,0,110,1079,456,1033,105,69,69
726,11211,12306,2,0.9657455086708069,0.6537227034568787,-0.3120228052139282,0,392,30,1668,36,387,614,614
727,11284,2046,5,0.9454969763755798,0.8200098276138306,-0.12548714876174927,0,42,1038,1546,1190,37,53,53
728,11301,21337,5,0.94742351770401,0.8045895099639893,-0.14283400774002075,0,290,1044,1117,1120,291,195,195
729,11316,22549,6,0.9436433911323547,0.7158980965614319,-0.22774529457092285,0,892,451,1051,448,752,826,826
730,11322,22965,5,0.9268605709075928,0.8603894114494324,-0.0664711594581604,0,338,1729,1378,1728,329,353,353
731,11324,23021,2,0.9299715161323547,0.8087121844291687,-0.12125933170318604,0,707,712,582,707,768,693,693
732,11337,18244,10,0.9191473126411438,0.8010965585708618,-0.11805075407028198,0,727,745,535,701,757,679,679
733,11364,23024,4,0.9193533658981323,0.8307414054870605,-0.08861196041107178,0,761,899,66,724,749,425,425
734,11365,22964,2,0.938140869140625,0.8347377181053162,-0.10340315103530884,0,120,799,174,653,83,49,49
735,11376,16220,1,0.8986740708351135,0.8335916996002197,-0.0650823712348938,0,1551,1285,65,1021,1525,1316,1316
736,11392,21951,5,0.9246877431869507,0.786263644695282,-0.1384240984916687,0,658,811,431,784,638,561,561
737,11407,18272,2,0.9789267182350159,0.6501572728157043,-0.3287694454193115,0,79,33,1659,33,110,121,121
738,11418,10838,4,0.9721517562866211,0.7966944575309753,-0.17545729875564575,0,24,466,700,417,22,25,25
739,11450,3637,2,0.9388561248779297,0.6677635908126831,-0.2710925340652466,0,552,22,1416,19,483,602,602
740,11460,9725,2,0.9386783242225647,0.8621597290039062,-0.07651859521865845,0,233,1222,614,1151,244,175,175
741,11461,1402,8,0.9297424554824829,0.7888521552085876,-0.14089030027389526,0,424,1270,374,1144,426,364,364
742,11482,6293,2,0.9259555339813232,0.849458634853363,-0.0764968991279602,0,69,1373,1438,1454,133,228,228
743,11505,22004,2,0.881047248840332,0.7108972072601318,-0.1701500415802002,0,1524,122,551,136,1419,1354,1354
744,11520,3369,4,0.9362229704856873,0.8248302936553955,-0.11139267683029175,0,1008,1162,953,1192,933,916,916
745,11530,20302,2,0.895233154296875,0.7961822152137756,-0.09905093908309937,0,1473,1138,1554,1364,1409,1560,1560
746,11584,10780,3,0.9640178084373474,0.8077775835990906,-0.15624022483825684,0,36,780,1399,932,37,44,44
747,11598,13669,2,0.8982375860214233,0.744926393032074,-0.15331119298934937,0,157,591,1762,878,181,355,355
748,11604,4761,6,0.9520232677459717,0.705682098865509,-0.24634116888046265,0,605,304,1471,377,517,629,629
749,11619,22835,3,0.9170358777046204,0.6966404914855957,-0.22039538621902466,0,932,77,1524,107,877,1031,1031
750,11620,22688,3,0.9370939135551453,0.770478367805481,-0.1666155457496643,0,1102,375,666,314,1033,909,909
751,11626,2060,7,0.9435948729515076,0.8318458199501038,-0.11174905300140381,0,493,704,390,668,606,509,509
752,11636,866,7,0.9545524716377258,0.8308462500572205,-0.12370622158050537,0,594,1177,1383,1220,552,714,714
753,11641,21411,3,0.9105799794197083,0.8210049867630005,-0.08957499265670776,0,469,1352,299,1299,499,383,383
754,11643,868,2,0.9793925881385803,0.8299055695533752,-0.14948701858520508,0,1,501,960,543,1,1,1
755,11698,875,2,0.9000839591026306,0.8066215515136719,-0.09346240758895874,0,1459,868,788,902,1446,1481,1481
756,11702,9775,2,0.8601749539375305,0.767263650894165,-0.09291130304336548,0,1716,1010,1027,1044,1703,1719,1719
757,11710,22896,9,0.9347184896469116,0.748903751373291,-0.1858147382736206,0,721,437,149,321,704,492,492
758,11757,23008,2,0.9419882297515869,0.8080976605415344,-0.1338905692100525,0,333,754,1142,838,384,458,458
759,11758,22929,3,0.9471514821052551,0.7774437069892883,-0.1697077751159668,0,1207,599,502,519,1119,1069,1069
760,11815,889,4,0.928992748260498,0.7550172209739685,-0.17397552728652954,0,1189,477,80,296,1233,1082,1082
761,11829,21350,6,0.9280486702919006,0.6827259063720703,-0.24532276391983032,0,318,344,1762,540,339,614,614
762,11867,22414,10,0.9473620057106018,0.8273398876190186,-0.12002211809158325,0,402,993,565,906,340,241,241
763,11877,16189,3,0.9195309281349182,0.7948660850524902,-0.12466484308242798,0,1385,767,766,753,1409,1368,1368
764,11883,19222,2,0.9283416867256165,0.7690681219100952,-0.15927356481552124,0,1062,251,370,224,1165,1005,1005
765,11891,6019,2,0.946442723274231,0.7092047929763794,-0.23723793029785156,0,420,113,1532,155,414,637,637
766,11899,22645,3,0.9401589035987854,0.7803626656532288,-0.15979623794555664,0,183,513,635,455,226,115,115
767,11901,15883,2,0.909511148929596,0.7837349772453308,-0.12577617168426514,0,1667,852,346,803,1656,1653,1653
768,11918,16348,2,0.9052694439888,0.8146602511405945,-0.09060919284820557,0,1257,1114,197,1020,1173,1025,1025
769,11930,22329,2,0.9313817024230957,0.7509609460830688,-0.18042075634002686,0,130,438,1755,667,122,247,247
770,11957,15869,2,0.9129778742790222,0.7782750725746155,-0.13470280170440674,0,175,572,1621,767,142,196,196
771,11962,9376,2,0.9054498672485352,0.824562668800354,-0.08088719844818115,0,1380,1241,1237,1275,1386,1451,1451
772,12053,5138,2,0.9435093402862549,0.745934009552002,-0.19757533073425293,0,390,442,1408,466,384,410,410
773,12084,22594,3,0.9539512991905212,0.8193238973617554,-0.13462740182876587,0,591,881,776,895,638,514,514
774,12095,15826,3,0.928228497505188,0.8081508874893188,-0.12007761001586914,0,1135,1089,1078,1156,1066,1049,1049
775,12161,18367,2,0.9278472065925598,0.8091194033622742,-0.11872780323028564,0,1442,802,501,784,1418,1384,1384
776,12172,11479,2,0.9520564675331116,0.8189418911933899,-0.13311457633972168,0,138,653,650,642,144,102,102
777,12189,12118,4,0.9547435641288757,0.7104471921920776,-0.2442963719367981,0,140,226,1658,306,137,172,172
778,12203,6636,3,0.9526434540748596,0.8190409541130066,-0.13360249996185303,0,1,865,473,837,5,1,1
779,12208,1901,2,0.8108702898025513,0.8142424821853638,0.0033721923828125,1,1363,1623,38,1513,1373,1155,1155
780,12266,2817,1,0.8848545551300049,0.7224128246307373,-0.16244173049926758,0,803,171,280,148,725,530,530
781,12274,12740,1,0.9237842559814453,0.7512451410293579,-0.1725391149520874,0,1324,314,99,156,1288,1090,1090
782,12276,15826,3,0.9375691413879395,0.8091496229171753,-0.12841951847076416,0,1222,1003,1094,1094,1160,1182,1182
783,12292,21992,3,0.872907817363739,0.8227845430374146,-0.05012327432632446,0,1566,1732,625,1701,1558,1533,1533
784,12319,3793,2,0.9504579305648804,0.7092998623847961,-0.24115806818008423,0,4,158,1521,181,7,24,24
785,12320,10591,2,0.9217159748077393,0.8512058258056641,-0.0705101490020752,0,489,1495,1310,1588,421,442,442
786,12324,2055,2,0.8855105042457581,0.6970407366752625,-0.1884697675704956,0,1727,297,869,199,1737,1754,1754
787,12329,21624,3,0.9635852575302124,0.6752314567565918,-0.2883538007736206,0,6,91,1732,128,5,7,7
788,12337,22183,3,0.8904218673706055,0.7557787299156189,-0.13464313745498657,0,787,686,1542,843,788,979,979
789,12340,4813,2,0.9684244394302368,0.7320969104766846,-0.23632752895355225,0,320,387,1429,405,323,308,308
790,12361,17859,2,0.9409855604171753,0.7367143034934998,-0.20427125692367554,0,531,173,1329,237,579,681,681
791,12401,2178,3,0.9325550198554993,0.7913818359375,-0.14117318391799927,0,833,759,543,736,932,788,788
792,12432,966,2,0.8656498193740845,0.7649930119514465,-0.10065680742263794,0,1372,800,1609,980,1379,1535,1535
793,12434,966,3,0.9753463268280029,0.7264169454574585,-0.24892938137054443,0,156,370,1718,494,166,227,227
794,12466,21826,2,0.9222171306610107,0.8539760708808899,-0.06824105978012085,0,100,1415,593,1366,94,83,83
795,12545,21345,3,0.9079315066337585,0.7969664335250854,-0.1109650731086731,0,780,1158,1301,1272,569,659,659
796,12575,23002,4,0.9448711276054382,0.8274442553520203,-0.11742687225341797,0,514,930,334,866,466,280,280
797,12579,16883,2,0.9554464221000671,0.7277159094810486,-0.22773051261901855,0,55,251,1632,331,70,56,56
798,12598,11991,2,0.9437966346740723,0.8350688219070435,-0.10872781276702881,0,79,1034,744,1047,85,77,77
799,12623,22004,3,0.9831436276435852,0.647571325302124,-0.3355723023414612,0,261,44,1714,58,189,243,243
800,12624,21826,3,0.9312227368354797,0.8518730998039246,-0.07934963703155518,0,69,1428,327,1351,110,12,12
801,12635,9590,2,0.9287298917770386,0.8642433285713196,-0.064486563205719,0,112,1427,1175,1460,85,111,111
802,12661,2706,2,0.9256114959716797,0.7576623558998108,-0.1679491400718689,0,221,469,1521,584,221,204,204
803,12683,10843,4,0.8922569155693054,0.8444962501525879,-0.04776066541671753,0,586,1417,1648,1558,606,876,876
804,12723,4262,4,0.9626197814941406,0.7896462678909302,-0.17297351360321045,0,11,460,1659,620,11,12,12
805,12750,10918,4,0.9212015271186829,0.8671649694442749,-0.05403655767440796,0,741,1731,1023,1712,618,623,623
806,12796,14657,3,0.9007121920585632,0.8157946467399597,-0.08491754531860352,0,427,1326,552,1313,541,449,449
807,12799,3913,2,0.7951173186302185,0.8402239680290222,0.04510664939880371,1,1421,1747,258,1747,1442,1409,1409
808,12802,22591,3,0.9324429631233215,0.8539395928382874,-0.07850337028503418,0,584,1497,1046,1511,546,564,564
809,12844,22228,4,0.9302061200141907,0.8515332937240601,-0.07867282629013062,0,506,1552,1200,1564,485,546,546
810,12854,21115,3,0.95426344871521,0.7352667450904846,-0.21899670362472534,0,78,331,1434,370,84,53,53
811,12856,6053,2,0.9176544547080994,0.8222866058349609,-0.09536784887313843,0,416,1076,659,1057,442,421,421
812,12857,21956,3,0.9416760802268982,0.7914233803749084,-0.15025269985198975,0,1103,684,1015,682,989,949,949
813,12868,14224,2,0.9490044116973877,0.6822285056114197,-0.266775906085968,0,95,46,1735,85,90,135,135
814,12900,15861,7,0.9534832239151001,0.8440072536468506,-0.10947597026824951,0,1698,1294,1101,1254,1695,1713,1713
815,12904,22903,4,0.9550657272338867,0.7965657114982605,-0.15850001573562622,0,610,792,1130,860,560,561,561
816,12916,8381,3,0.9603333473205566,0.7642408013343811,-0.19609254598617554,0,79,428,900,358,74,62,62
817,12941,20283,1,0.892819344997406,0.8190930485725403,-0.07372629642486572,0,141,868,974,905,131,130,130
818,12949,13473,2,0.9310672283172607,0.7440780401229858,-0.1869891881942749,0,179,542,1719,794,231,309,309
819,12953,22874,2,0.8911725282669067,0.838176429271698,-0.05299609899520874,0,1599,1320,539,1296,1620,1628,1628
820,12976,10661,1,0.812701940536499,0.822218120098114,0.00951617956161499,1,1390,1560,1045,1626,1544,1601,1601
821,12983,22596,1,0.8836036324501038,0.7361205816268921,-0.14748305082321167,0,321,233,797,268,302,281,281
822,13052,21735,7,0.9550887942314148,0.7599523663520813,-0.1951364278793335,0,61,421,1110,484,61,148,148
823,13054,22084,2,0.9227465391159058,0.8511815071105957,-0.07156503200531006,0,811,1282,202,1127,856,702,702
824,13056,3054,2,0.8527460694313049,0.7446418404579163,-0.10810422897338867,0,1322,431,850,483,1331,1351,1351
825,13069,21568,1,0.8894587159156799,0.7864126563072205,-0.10304605960845947,0,1066,927,700,928,959,978,978
826,13081,4534,6,0.9452192187309265,0.7840147614479065,-0.16120445728302002,0,87,913,764,928,81,64,64
827,13098,6456,1,0.8870441913604736,0.83683180809021,-0.05021238327026367,0,1645,1361,60,1152,1669,1594,1594
828,13162,19176,5,0.9748746752738953,0.8232848644256592,-0.15158981084823608,0,15,672,440,591,11,10,10
829,13173,6513,3,0.9250695109367371,0.7849637866020203,-0.1401057243347168,0,914,868,1137,913,910,1034,1034
830,13211,8974,2,0.989918053150177,0.6815149188041687,-0.3084031343460083,0,34,105,1624,99,25,21,21
831,13232,14477,3,0.9701468348503113,0.7347897887229919,-0.23535704612731934,0,1,262,1425,274,1,1,1
832,13235,1051,4,0.8928626179695129,0.6538609266281128,-0.23900169134140015,0,999,16,1167,26,922,1002,1002
833,13264,19626,3,0.9884331226348877,0.6606540679931641,-0.32777905464172363,0,41,82,1539,78,38,32,32
834,13300,13760,2,0.9095179438591003,0.8213649392127991,-0.08815300464630127,0,587,1172,583,1164,583,542,542
835,13310,3532,2,0.8904926776885986,0.849552571773529,-0.04094010591506958,0,1029,1540,1325,1587,1069,1225,1225
836,13342,22636,2,0.9308871030807495,0.7821242809295654,-0.14876282215118408,0,1597,657,854,639,1645,1662,1662
837,13372,2386,4,0.9604026079177856,0.853607714176178,-0.10679489374160767,0,29,736,1078,791,54,30,30
838,13392,22931,3,0.964015781879425,0.8516179323196411,-0.11239784955978394,0,79,547,749,520,69,38,38
839,13404,11017,3,0.9373130202293396,0.8324065804481506,-0.10490643978118896,0,1126,1084,500,1039,1287,1188,1188
840,13410,1081,2,0.8476178050041199,0.86766517162323,0.020047366619110107,1,118,1765,1542,1767,117,204,204
841,13424,11846,2,0.9254218935966492,0.8059708476066589,-0.11945104598999023,0,1611,861,506,837,1596,1596,1596
842,13434,8784,2,0.9354627132415771,0.7692694664001465,-0.16619324684143066,0,676,564,960,528,679,680,680
843,13472,8248,1,0.8617864847183228,0.8305055499076843,-0.03128093481063843,0,288,1268,1699,1391,287,561,561
844,13560,23005,2,0.9271796345710754,0.8212097883224487,-0.10596984624862671,0,643,945,236,871,640,528,528
845,13566,22482,3,0.9501464366912842,0.7851607799530029,-0.16498565673828125,0,1658,729,1153,777,1612,1653,1653
846,13570,22344,5,0.9599459767341614,0.6997955441474915,-0.2601504325866699,0,167,229,1454,246,147,134,134
847,13604,7196,2,0.9453234076499939,0.8389666080474854,-0.10635679960250854,0,305,894,1393,982,194,232,232
848,13610,1101,2,0.8639960289001465,0.807911217212677,-0.05608481168746948,0,1180,858,202,736,1248,1146,1146
849,13612,16633,2,0.9864073395729065,0.6839554309844971,-0.3024519085884094,0,2,104,1640,110,2,1,1
850,13616,9608,3,0.9107446670532227,0.7905346155166626,-0.12021005153656006,0,604,789,355,735,717,642,642
851,13643,5042,2,0.9112474322319031,0.8358317017555237,-0.0754157304763794,0,1006,1329,504,1309,1054,1012,1012
852,13665,1110,1,0.8866481781005859,0.8219610452651978,-0.06468713283538818,0,118,1266,1525,1443,155,271,271
853,13669,6031,3,0.8857530951499939,0.8363848328590393,-0.04936826229095459,0,1745,1466,132,1353,1744,1742,1742
854,13681,22205,4,0.928006112575531,0.8130749464035034,-0.11493116617202759,0,85,1455,1746,1608,91,208,208
855,13739,20995,3,0.9671458005905151,0.6991581916809082,-0.26798760890960693,0,1,119,1669,156,1,1,1
856,13741,10037,2,0.9230992197990417,0.8264578580856323,-0.09664136171340942,0,1354,898,628,892,1294,1234,1234
857,13744,22019,2,0.9189782738685608,0.8142409920692444,-0.1047372817993164,0,441,1141,1174,1208,456,427,427
858,13769,1119,2,0.9306747913360596,0.7570065855979919,-0.17366820573806763,0,1081,338,1271,385,1033,1183,1183
859,13793,11213,2,0.8240705132484436,0.8129509091377258,-0.011119604110717773,0,1472,1559,163,1523,1396,1309,1309
860,13795,1121,2,0.9170735478401184,0.7598844170570374,-0.15718913078308105,0,1124,363,744,380,1027,992,992
861,13813,10470,2,0.9772756695747375,0.754464864730835,-0.2228108048439026,0,1,328,1687,438,1,1,1
862,13839,19825,2,0.9375421404838562,0.8446720242500305,-0.09287011623382568,0,355,1106,601,1083,356,284,284
863,13845,1128,2,0.9415796995162964,0.7817955613136292,-0.15978413820266724,0,475,622,1278,662,402,396,396
864,13854,6055,4,0.8759955763816833,0.7351970672607422,-0.14079850912094116,0,1773,544,362,500,1772,1772,1772
865,13863,13556,8,0.9792327284812927,0.671990156173706,-0.30724257230758667,0,176,359,1431,410,158,188,188
866,13913,20722,2,0.9360196590423584,0.7784093618392944,-0.15761029720306396,0,1618,450,194,298,1623,1575,1575
867,13928,22364,2,0.9037773013114929,0.8009339570999146,-0.10284334421157837,0,900,958,168,893,883,757,757
868,13940,9838,3,0.971626877784729,0.6601119041442871,-0.3115149736404419,0,236,109,1674,131,271,311,311
869,13977,22144,2,0.9172693490982056,0.8177015781402588,-0.09956777095794678,0,377,793,1162,857,312,303,303
870,13984,18104,1,0.8687521815299988,0.8456164598464966,-0.023135721683502197,0,1222,1597,769,1531,1281,1269,1269
871,14027,21334,3,0.953308641910553,0.8661681413650513,-0.08714050054550171,0,354,1427,725,1400,305,288,288
872,14029,17916,3,0.9223285913467407,0.8096833229064941,-0.11264526844024658,0,1730,878,43,625,1745,1719,1719
873,14053,18029,1,0.8478646278381348,0.8379994034767151,-0.009865224361419678,0,368,1232,808,1175,422,359,359
874,14085,22559,2,0.895095944404602,0.693159818649292,-0.20193612575531006,0,1437,113,89,27,1560,1490,1490
875,14090,5101,2,0.9421428442001343,0.7469024062156677,-0.19524043798446655,0,350,130,121,65,305,192,192
876,14138,4164,3,0.9203638434410095,0.8411316275596619,-0.07923221588134766,0,681,1332,609,1314,678,626,626
877,14176,12299,3,0.9534090161323547,0.8248662352561951,-0.12854278087615967,0,272,809,105,695,262,43,43
878,14179,8348,2,0.9780916571617126,0.6698017120361328,-0.30828994512557983,0,17,99,1698,120,25,28,28
879,14190,19857,4,0.9635677933692932,0.6228042244911194,-0.34076356887817383,0,325,9,1397,7,376,384,384
880,14195,3768,2,0.9138734340667725,0.7563045620918274,-0.15756887197494507,0,254,133,7,54,389,82,82
881,14225,1336,3,0.8884982466697693,0.7104871869087219,-0.17801105976104736,0,1737,105,326,76,1710,1696,1696
882,14243,8075,1,0.9162320494651794,0.797234833240509,-0.11899721622467041,0,1511,801,326,717,1441,1404,1404
883,14261,17187,1,0.9308936595916748,0.7437260150909424,-0.18716764450073242,0,524,481,1334,499,537,639,639
884,14275,20322,4,0.9288326501846313,0.6922029852867126,-0.2366296648979187,0,1408,166,817,92,1423,1474,1474
885,14292,19717,2,0.9178730845451355,0.781158983707428,-0.13671410083770752,0,457,689,1103,699,518,524,524
886,14322,10141,2,0.9336087107658386,0.8053126931190491,-0.12829601764678955,0,1077,783,1114,828,934,1041,1041
887,14336,2357,2,0.9274658560752869,0.763444185256958,-0.16402167081832886,0,117,413,1429,517,147,209,209
888,14339,6211,2,0.90318363904953,0.8251146674156189,-0.07806897163391113,0,1554,1165,170,1068,1594,1568,1568
889,14342,8840,3,0.941918134689331,0.8003213405609131,-0.14159679412841797,0,420,819,861,824,419,286,286
890,14347,21170,2,0.9359895586967468,0.8287140130996704,-0.10727554559707642,0,1000,673,346,601,988,848,848
891,14370,13085,2,0.9176031351089478,0.8560868501663208,-0.06151628494262695,0,658,1471,1433,1488,610,727,727
892,14376,10594,3,0.8804671764373779,0.8265296220779419,-0.053937554359436035,0,1519,1590,827,1613,1465,1473,1473
893,14401,1216,3,0.8947654366493225,0.7452831268310547,-0.14948230981826782,0,1777,405,527,312,1772,1773,1773
894,14410,9287,3,0.954711377620697,0.8319160342216492,-0.12279534339904785,0,31,898,1316,1018,27,33,33
895,14451,11213,2,0.9003678560256958,0.8186681270599365,-0.08169972896575928,0,93,1244,1286,1315,83,89,89
896,14453,2391,10,0.9470720291137695,0.7494497299194336,-0.19762229919433594,0,149,294,380,287,140,143,143
897,14462,17469,1,0.8946701288223267,0.8404966592788696,-0.05417346954345703,0,954,1378,287,1279,1012,731,731
898,14477,21873,4,0.9765275716781616,0.7128375768661499,-0.2636899948120117,0,134,222,1438,221,125,56,56
899,14484,20043,5,0.9338126182556152,0.7853948473930359,-0.14841777086257935,0,966,1076,1252,1182,790,904,904
900,14492,19160,2,0.9256049990653992,0.7518188953399658,-0.17378610372543335,0,716,475,1766,764,694,1111,1111
901,14572,9115,4,0.9334414005279541,0.8218347430229187,-0.1116066575050354,0,178,1339,1295,1447,305,164,164
902,14596,15381,3,0.9524803161621094,0.7857199907302856,-0.16676032543182373,0,548,608,1307,722,505,598,598
903,14610,1356,3,0.9373733997344971,0.7693296670913696,-0.16804373264312744,0,282,532,1214,562,324,393,393
904,14642,8763,2,0.9045970439910889,0.8218541741371155,-0.08274286985397339,0,639,1207,92,1104,608,383,383
905,14643,19504,2,0.9358916878700256,0.8454287052154541,-0.09046298265457153,0,3,1279,675,1274,3,3,3
906,14651,1236,2,0.8663477301597595,0.8576698303222656,-0.008677899837493896,0,811,1752,461,1738,1007,951,951
907,14653,21776,2,0.9454162120819092,0.8340561985969543,-0.11136001348495483,0,646,1068,785,1089,621,589,589
908,14670,20283,2,0.9278607368469238,0.8219241499900818,-0.10593658685684204,0,858,1046,320,993,815,717,717
909,14686,14727,4,0.9295151233673096,0.7193640470504761,-0.2101510763168335,0,1139,399,1327,378,989,1160,1160
910,14704,21350,3,0.9563570022583008,0.6976660490036011,-0.2586909532546997,0,46,270,1745,400,37,55,55
911,14732,1250,3,0.8962947726249695,0.6347527503967285,-0.26154202222824097,0,1395,9,98,4,1416,1293,1293
912,14763,18116,4,0.9229013323783875,0.7623660564422607,-0.1605352759361267,0,794,602,303,522,752,647,647
913,14781,22623,2,0.9319412708282471,0.8749991655349731,-0.056942105293273926,0,575,1587,352,1445,599,476,476
914,14785,1255,2,0.824885904788971,0.8197277188301086,-0.005158185958862305,0,1262,1607,474,1597,1365,1343,1343
915,14831,1259,2,0.9468626976013184,0.7083494663238525,-0.23851323127746582,0,1352,22,43,14,1424,1115,1115
916,14838,20098,1,0.9276509881019592,0.7305841445922852,-0.19706684350967407,0,32,18,117,14,44,19,19
917,14850,2417,3,0.9180083274841309,0.8381319046020508,-0.07987642288208008,0,1604,1356,944,1385,1633,1663,1663
918,14876,7053,2,0.9519022107124329,0.7524921894073486,-0.19941002130508423,0,229,378,1657,486,245,300,300
919,14889,20355,3,0.9305830597877502,0.8605033159255981,-0.0700797438621521,0,399,1503,1074,1526,312,343,343
920,14892,15985,2,0.9495015144348145,0.7850161194801331,-0.1644853949546814,0,330,606,793,566,386,270,270
921,14913,21489,2,0.9474132657051086,0.7911746501922607,-0.1562386155128479,0,1034,649,624,616,1101,1080,1080
922,14938,23022,2,0.9247722029685974,0.8025190234184265,-0.1222531795501709,0,641,528,400,494,581,448,448
923,15000,16872,2,0.968209445476532,0.8020965456962585,-0.16611289978027344,0,169,531,1003,534,166,52,52
924,15002,10403,2,0.8753754496574402,0.8627922534942627,-0.01258319616317749,0,250,1760,1486,1771,232,223,223
925,15007,4536,3,0.886279284954071,0.8262146711349487,-0.060064613819122314,0,1331,1419,129,1239,1300,1010,1010
926,15009,1704,1,0.8332316279411316,0.8447133898735046,0.011481761932373047,1,604,1686,992,1726,635,663,663
927,15010,18527,5,0.8867526054382324,0.690375804901123,-0.19637680053710938,0,563,86,1481,121,616,777,777
928,15031,6584,2,0.9218621253967285,0.8212022185325623,-0.10065990686416626,0,110,1084,1272,1206,142,48,48
929,15032,1285,3,0.9600954651832581,0.8024304509162903,-0.15766501426696777,0,72,641,578,576,49,32,32
930,15041,17527,2,0.9511899948120117,0.8668926954269409,-0.0842972993850708,0,119,1542,1587,1611,75,144,144
931,15056,14958,3,0.9202781915664673,0.8080267310142517,-0.11225146055221558,0,78,1151,1464,1302,79,91,91
932,15079,12564,2,0.9166945815086365,0.8202016949653625,-0.09649288654327393,0,1001,1075,758,1069,1035,980,980
933,15093,18022,2,0.9205331206321716,0.7284455895423889,-0.19208753108978271,0,1644,222,1045,249,1596,1643,1643
934,15112,15148,2,0.8918558955192566,0.8007374405860901,-0.0911184549331665,0,779,675,707,672,683,654,654
935,15128,17546,2,0.9270628690719604,0.8049288392066956,-0.12213402986526489,0,1545,598,206,485,1578,1424,1424
936,15158,6465,3,0.828062117099762,0.8060793280601501,-0.021982789039611816,0,749,1745,233,1726,755,557,557
937,15159,15955,2,0.9419899582862854,0.8093698620796204,-0.13262009620666504,0,1699,634,90,476,1703,1656,1656
938,15173,20362,2,0.9123836755752563,0.7814366817474365,-0.13094699382781982,0,1725,694,744,701,1694,1710,1710
939,15188,19489,2,0.9463306069374084,0.6845762729644775,-0.2617543339729309,0,6,127,1777,238,6,12,12
940,15190,7624,2,0.9388526082038879,0.7932759523391724,-0.14557665586471558,0,982,754,1282,859,1030,1189,1189
941,15258,11338,2,0.8744264841079712,0.8166371583938599,-0.05778932571411133,0,840,736,221,641,924,612,612
942,15272,9157,1,0.9186305403709412,0.7090045213699341,-0.20962601900100708,0,1025,399,1287,342,1079,1249,1249
943,15281,13043,2,0.9223718643188477,0.806724488735199,-0.11564737558364868,0,735,573,183,456,1056,798,798
944,15286,11266,4,0.9555458426475525,0.7047944664955139,-0.2507513761520386,0,97,189,1533,202,91,87,87
945,15299,2303,7,0.9469805359840393,0.8089285492897034,-0.13805198669433594,0,337,744,1062,804,336,358,358
946,15348,13899,2,0.9706202149391174,0.6073171496391296,-0.3633030652999878,0,275,8,1659,9,285,317,317
947,15350,18343,1,0.840918242931366,0.7432248592376709,-0.09769338369369507,0,892,382,807,410,798,784,784
948,15352,20477,1,0.9609771966934204,0.7996139526367188,-0.16136324405670166,0,3,458,1267,542,5,12,12
949,15358,1773,2,0.9517199993133545,0.7889877557754517,-0.16273224353790283,0,631,537,83,396,622,425,425
950,15359,19173,2,0.8161525130271912,0.8383716940879822,0.022219181060791016,1,1452,1706,132,1686,1423,1341,1341
951,15360,20473,2,0.9424635767936707,0.8146370649337769,-0.1278265118598938,0,799,857,921,876,793,806,806
952,15377,19587,3,0.9684239029884338,0.6415489912033081,-0.32687491178512573,0,231,62,1710,76,227,269,269
953,15418,20902,3,0.9173510670661926,0.8394914269447327,-0.07785964012145996,0,668,1395,829,1411,677,674,674
954,15443,17218,4,0.9060320258140564,0.8417211771011353,-0.06431084871292114,0,1550,1508,1117,1543,1452,1551,1551
955,15469,10970,2,0.8444679379463196,0.8405700922012329,-0.00389784574508667,0,736,1364,1715,1538,666,1063,1063
956,15474,22853,3,0.927578866481781,0.7517932653427124,-0.1757856011390686,0,1116,288,109,170,1118,852,852
957,15510,11289,3,0.9193655252456665,0.7640455365180969,-0.15531998872756958,0,404,434,1000,429,401,408,408
958,15515,20780,3,0.9038858413696289,0.8540884256362915,-0.0497974157333374,0,506,1473,112,1379,525,358,358
959,15545,1347,2,0.9057093858718872,0.7579731941223145,-0.14773619174957275,0,1711,539,1238,558,1731,1749,1749
960,15554,21350,2,0.9024275541305542,0.7299033403396606,-0.17252421379089355,0,195,396,1738,602,207,425,425
961,15559,1350,6,0.9306058287620544,0.8098881244659424,-0.12071770429611206,0,847,1249,72,1057,903,637,637
962,15592,21881,2,0.9433430433273315,0.8252764344215393,-0.11806660890579224,0,345,747,275,662,327,202,202
963,15605,2198,6,0.9519112706184387,0.8200969696044922,-0.13181430101394653,0,1120,1387,648,1359,1049,989,989
964,15642,9522,2,0.8774048089981079,0.8106908202171326,-0.06671398878097534,0,1732,928,6,722,1738,1710,1710
965,15673,14195,3,0.9768535494804382,0.7105455994606018,-0.2663079500198364,0,80,292,1478,327,59,39,39
966,15700,17099,2,0.956939697265625,0.7046571373939514,-0.2522825598716736,0,172,280,1525,298,195,162,162
967,15710,22017,2,0.8861308693885803,0.8243528008460999,-0.06177806854248047,0,1572,1349,91,1175,1592,1509,1509
968,15745,13494,3,0.9601175785064697,0.8076918125152588,-0.15242576599121094,0,33,800,919,822,30,10,10
969,15751,19277,3,0.9463841319084167,0.7630348801612854,-0.18334925174713135,0,407,567,1401,671,385,414,414
970,15801,1667,4,0.8721114993095398,0.7000108957290649,-0.17210060358047485,0,1429,70,820,89,1417,1398,1398
971,15807,7250,1,0.8127564787864685,0.837166428565979,0.024409949779510498,1,1674,1725,104,1615,1649,1596,1596
972,15821,22155,1,0.8225100040435791,0.722390353679657,-0.10011965036392212,0,1317,163,113,138,1382,1169,1169
973,15844,11702,2,0.9555829763412476,0.7003759741783142,-0.25520700216293335,0,180,68,1501,87,191,172,172
974,15864,16440,2,0.9108544588088989,0.8009227514266968,-0.10993170738220215,0,1568,908,674,896,1561,1555,1555
975,15878,2969,2,0.958031952381134,0.6789905428886414,-0.2790414094924927,0,1638,41,973,22,1630,1670,1670
976,15919,21491,3,0.936527669429779,0.8089984655380249,-0.12752920389175415,0,1134,851,717,868,1112,1125,1125
977,15924,22007,2,0.9492679238319397,0.7782896757125854,-0.17097824811935425,0,418,227,295,197,296,193,193
978,15934,9770,1,0.9848194718360901,0.7203439474105835,-0.2644755244255066,0,2,331,1638,400,2,1,1
979,15949,10029,2,0.9431865215301514,0.7567960023880005,-0.18639051914215088,0,852,433,570,319,1007,955,955
980,15973,20041,6,0.9154790639877319,0.7088819146156311,-0.20659714937210083,0,10,417,1530,556,10,13,13
981,16015,9749,1,0.9129775762557983,0.8241870403289795,-0.08879053592681885,0,467,1062,839,1068,254,241,241
982,16029,17748,4,0.9525485038757324,0.7330449819564819,-0.2195035219192505,0,236,307,1478,349,207,175,175
983,16048,18279,2,0.9518454670906067,0.8648786544799805,-0.08696681261062622,0,53,755,1547,895,63,52,52
984,16049,16520,3,0.9102221131324768,0.815638542175293,-0.09458357095718384,0,1158,1115,967,1133,1174,1256,1256
985,16090,22890,3,0.9121901988983154,0.8462197780609131,-0.06597042083740234,0,131,1532,1020,1532,111,142,142
986,16128,22574,1,0.8337658047676086,0.8166812658309937,-0.01708453893661499,0,644,1567,1658,1618,643,921,921
987,16137,12113,2,0.9491294622421265,0.7916445732116699,-0.15748488903045654,0,962,537,207,448,1023,873,873
988,16143,19792,1,0.9088098406791687,0.7734463214874268,-0.13536351919174194,0,455,696,298,612,544,464,464
989,16178,20069,2,0.9349862337112427,0.7917264103889465,-0.14325982332229614,0,1333,485,297,422,1322,1168,1168
990,16202,11857,2,0.9007692933082581,0.8153917789459229,-0.0853775143623352,0,1721,1146,500,1124,1732,1736,1736
991,16204,1437,2,0.8922653198242188,0.7503534555435181,-0.14191186428070068,0,402,423,1451,548,539,679,679
992,16209,3528,2,0.871302604675293,0.8241775631904602,-0.047125041484832764,0,1719,1281,158,1195,1725,1710,1710
993,16225,20940,4,0.9129371643066406,0.6897585391998291,-0.22317862510681152,0,1547,173,300,56,1586,1548,1548
994,16228,23008,2,0.9371048808097839,0.8008111119270325,-0.13629376888275146,0,796,782,1161,859,761,854,854
995,16229,8537,2,0.8961557745933533,0.8231294751167297,-0.07302629947662354,0,1618,1345,74,1220,1562,1491,1491
996,16250,12449,2,0.8715932965278625,0.8025297522544861,-0.06906354427337646,0,1298,711,279,614,1447,1340,1340
997,16263,22109,2,0.920669436454773,0.7940992712974548,-0.12657016515731812,0,789,743,396,698,695,605,605
998,16318,19822,2,0.913307785987854,0.819744884967804,-0.09356290102005005,0,775,1183,1186,1243,781,846,846
999,16322,12560,2,0.8992498517036438,0.801762044429779,-0.09748780727386475,0,1035,928,98,851,1150,987,987
1000,16325,8023,3,0.9467653632164001,0.7615575790405273,-0.1852077841758728,0,1507,549,1097,541,1548,1583,1583
1001,16392,14523,3,0.9357054233551025,0.7787664532661438,-0.15693897008895874,0,1094,645,1337,764,1013,1145,1145
1002,16417,22132,5,0.9418570399284363,0.7597476840019226,-0.18210935592651367,0,1186,486,210,336,1176,1012,1012
1003,16427,22986,2,0.8662568926811218,0.8793862462043762,0.013129353523254395,1,572,1742,1064,1722,602,620,620
1004,16431,6015,3,0.9403373599052429,0.7933346629142761,-0.1470026969909668,0,210,556,342,439,233,157,157
1005,16437,14570,2,0.9263519048690796,0.8168106079101562,-0.10954129695892334,0,1496,966,376,923,1452,1408,1408
1006,16438,22051,1,0.8924992680549622,0.7930145859718323,-0.09948468208312988,0,1671,850,54,584,1675,1563,1563
1007,16443,16127,2,0.878131628036499,0.8337336778640747,-0.044397950172424316,0,1064,1625,1066,1626,1002,1015,1015
1008,16461,17922,2,0.8812361359596252,0.804423451423645,-0.07681268453598022,0,1515,1082,510,1052,1501,1482,1482
1009,16507,21249,2,0.9208280444145203,0.8670352697372437,-0.05379277467727661,0,198,1684,1624,1706,201,292,292
1010,16520,16926,3,0.9589872360229492,0.6779530048370361,-0.2810342311859131,0,11,125,1641,156,15,14,14
1011,16529,4902,4,0.8695573210716248,0.7899113893508911,-0.07964593172073364,0,274,808,1608,978,207,316,316
1012,16542,17107,5,0.9654291868209839,0.744359016418457,-0.22107017040252686,0,17,408,1558,505,22,39,39
1013,16547,19751,2,0.9357702732086182,0.8203146457672119,-0.11545562744140625,0,95,362,1461,499,101,97,97
1014,16608,20995,2,0.9919890761375427,0.6835815906524658,-0.3084074854850769,0,1,114,1698,136,1,1,1
1015,16609,17235,2,0.8555235266685486,0.8309811353683472,-0.024542391300201416,0,947,1465,161,1412,928,797,797
1016,16620,1865,2,0.9139257669448853,0.8048722743988037,-0.10905349254608154,0,1277,971,1012,1022,1165,1234,1234
1017,16623,16217,3,0.9003363251686096,0.7967292070388794,-0.10360711812973022,0,737,1368,1273,1470,682,781,781
1018,16626,13131,2,0.8563486933708191,0.817293107509613,-0.039055585861206055,0,1485,1494,279,1472,1390,1325,1325
1019,16696,2825,4,0.8951712250709534,0.7945609092712402,-0.10061031579971313,0,425,1382,1006,1423,535,460,460
1020,16702,16841,4,0.9663985371589661,0.7346705794334412,-0.2317279577255249,0,11,299,1587,376,8,12,12
1021,16710,15817,2,0.9158388376235962,0.78803551197052,-0.12780332565307617,0,504,746,1254,804,427,419,419
1022,16713,5462,3,0.9761780500411987,0.6553999185562134,-0.32077813148498535,0,271,76,1713,102,241,291,291
1023,16734,20060,2,0.931542694568634,0.8295562863349915,-0.10198640823364258,0,1418,880,488,825,1412,1367,1367
1024,16768,13587,2,0.9087061882019043,0.8342043161392212,-0.0745018720626831,0,141,947,1190,1002,154,167,167
1025,16773,1552,3,0.9430462121963501,0.8138421177864075,-0.12920409440994263,0,1,889,1245,980,1,1,1
1026,16800,11473,2,0.9865738749504089,0.8015931844711304,-0.18498069047927856,0,1,42,1431,92,1,1,1
1027,16803,10081,2,0.8792291879653931,0.8587668538093567,-0.020462334156036377,0,387,1588,1419,1618,528,624,624
1028,16830,22969,3,0.9166093468666077,0.8521909117698669,-0.06441843509674072,0,1128,1566,643,1542,1138,1148,1148
1029,16835,12222,4,0.9109707474708557,0.8546098470687866,-0.05636090040206909,0,844,1657,1615,1696,837,1207,1207
1030,16868,23032,2,0.9347126483917236,0.834460973739624,-0.10025167465209961,0,93,903,526,869,98,80,80
1031,16869,1551,2,0.9007981419563293,0.8389731645584106,-0.0618249773979187,0,104,1423,1655,1522,88,160,160
1032,16874,5820,3,0.9241750240325928,0.7974086403846741,-0.1267663836479187,0,425,806,377,735,541,335,335
1033,16906,14215,3,0.9224050045013428,0.8517950177192688,-0.07060998678207397,0,987,1515,568,1434,1011,842,842
1034,16913,5963,3,0.9440086483955383,0.8717901706695557,-0.07221847772598267,0,1008,1548,845,1542,927,940,940
1035,16926,19636,2,0.961143434047699,0.8275927901268005,-0.13355064392089844,0,22,442,290,379,18,11,11
1036,16931,1564,2,0.9192456007003784,0.788261353969574,-0.13098424673080444,0,1047,577,581,546,991,959,959
1037,16939,15834,1,0.8342893719673157,0.7691259384155273,-0.06516343355178833,0,1172,632,130,451,1050,647,647
1038,16947,2665,3,0.9525312781333923,0.8285796046257019,-0.12395167350769043,0,218,816,241,688,234,131,131
1039,17000,19390,2,0.9767324328422546,0.7035209536552429,-0.2732114791870117,0,27,158,1488,152,30,26,26
1040,17010,22108,4,0.8974907398223877,0.8420850038528442,-0.05540573596954346,0,811,1342,314,1271,808,704,704
1041,17054,13659,2,0.9048097133636475,0.7911569476127625,-0.11365276575088501,0,591,956,640,961,550,369,369
1042,17055,17216,3,0.9303923845291138,0.7793596982955933,-0.1510326862335205,0,1503,740,1210,799,1438,1502,1502
1043,17070,21445,2,0.9073999524116516,0.8479118347167969,-0.059488117694854736,0,1749,1295,578,1230,1743,1747,1747
1044,17090,9490,2,0.9495484828948975,0.8167721629142761,-0.13277631998062134,0,75,495,470,447,69,26,26
1045,17108,12600,2,0.8688811659812927,0.8131228089332581,-0.05575835704803467,0,250,1544,987,1531,227,217,217
1046,17113,17560,5,0.9295002222061157,0.8203282952308655,-0.10917192697525024,0,749,1414,1321,1487,698,773,773
1047,17121,3491,3,0.9272541403770447,0.793533444404602,-0.13372069597244263,0,893,639,137,491,864,569,569
1048,17134,21824,2,0.9096381068229675,0.8375635743141174,-0.0720745325088501,0,421,1382,1333,1444,479,586,586
1049,17157,22582,3,0.9423129558563232,0.7973213791847229,-0.14499157667160034,0,305,721,1005,735,382,395,395
1050,17189,12536,2,0.9001405835151672,0.7785395383834839,-0.12160104513168335,0,515,722,481,661,305,269,269
1051,17195,8946,2,0.9771257638931274,0.6330826282501221,-0.34404313564300537,0,215,15,1659,15,175,191,191
1052,17268,20868,6,0.9184948205947876,0.7042649984359741,-0.21422982215881348,0,184,356,1212,399,207,223,223
1053,17300,20766,2,0.9311802983283997,0.8516572117805481,-0.07952308654785156,0,386,1214,188,1135,401,267,267
1054,17302,4815,3,0.9598028659820557,0.6874046325683594,-0.2723982334136963,0,1,35,1538,44,1,1,1
1055,17318,23009,4,0.9152076840400696,0.8153437972068787,-0.09986388683319092,0,1027,1229,1061,1277,938,1075,1075
1056,17330,22894,5,0.935182511806488,0.7945684790611267,-0.14061403274536133,0,1603,812,451,769,1625,1610,1610
1057,17333,21889,10,0.9437326192855835,0.7471131682395935,-0.19661945104599,0,822,188,360,199,748,581,581
1058,17348,22415,2,0.9293553829193115,0.7104959487915039,-0.21885943412780762,0,323,153,1453,160,335,352,352
1059,17397,13078,4,0.8716920018196106,0.7166110873222351,-0.1550809144973755,0,1084,179,992,154,1020,1058,1058
1060,17398,1642,2,0.9412257075309753,0.7403932809829712,-0.20083242654800415,0,1187,260,303,151,1204,1100,1100
1061,17399,21685,3,0.9319896697998047,0.7312608957290649,-0.20072877407073975,0,1119,402,1725,598,1064,1350,1350
1062,17423,1645,2,0.9458363056182861,0.8187618255615234,-0.1270744800567627,0,1281,799,542,750,1272,1195,1195
1063,17447,6485,2,0.9100356101989746,0.8567884564399719,-0.053247153759002686,0,510,1626,1294,1697,558,660,660
1064,17453,16841,2,0.9870481491088867,0.7138757705688477,-0.27317237854003906,0,12,251,1546,281,10,8,8
1065,17501,4030,5,0.943556010723114,0.7759982943534851,-0.1675577163696289,0,885,765,1216,880,844,892,892
1066,17504,20644,2,0.9226886630058289,0.7092660665512085,-0.21342259645462036,0,473,65,894,72,476,455,455
1067,17533,21760,2,0.9692445993423462,0.7474790215492249,-0.22176557779312134,0,211,278,1570,335,190,203,203
1068,17611,3208,6,0.8735457062721252,0.8088497519493103,-0.06469595432281494,0,1710,1775,749,1772,1656,1669,1669
1069,17621,9882,2,0.9714499115943909,0.645611584186554,-0.3258383274078369,0,222,24,1757,32,198,313,313
1070,17650,22228,10,0.9117591977119446,0.8107596635818481,-0.10099953413009644,0,499,1648,1351,1621,446,571,571
1071,17665,1920,3,0.9475934505462646,0.8296560645103455,-0.11793738603591919,0,190,1054,1052,1112,172,184,184
1072,17748,13154,3,0.912685215473175,0.8131135702133179,-0.09957164525985718,0,1692,1065,399,1030,1668,1657,1657
1073,17770,17729,3,0.8565791845321655,0.8061450123786926,-0.0504341721534729,0,1171,1397,1144,1443,1231,1330,1330
1074,17810,21639,8,0.9284470081329346,0.7383466362953186,-0.19010037183761597,0,920,1032,1427,1146,1116,1251,1251
1075,17831,21743,3,0.9390677213668823,0.7675992846488953,-0.17146843671798706,0,223,508,1500,624,216,256,256
1076,17890,9726,2,0.9568005800247192,0.7862225770950317,-0.1705780029296875,0,417,546,1266,572,395,384,384
1077,17891,17157,2,0.9369038343429565,0.7600728869438171,-0.1768309473991394,0,154,303,466,234,124,92,92
1078,17897,3610,2,0.9171795845031738,0.7103303670883179,-0.20684921741485596,0,941,53,543,56,953,816,816
1079,17905,7799,2,0.9434076547622681,0.8441083431243896,-0.09929931163787842,0,1380,1179,827,1176,1231,1237,1237
1080,17920,20441,2,0.9407174587249756,0.8030754923820496,-0.13764196634292603,0,1223,721,291,622,1243,1077,1077
1081,17926,22411,2,0.8872866034507751,0.8085898756980896,-0.07869672775268555,0,1539,1142,281,1066,1451,1416,1416
1082,17931,21983,2,0.9072444438934326,0.7986046075820923,-0.10863983631134033,0,1078,801,959,816,982,986,986
1083,17955,20555,2,0.9505425095558167,0.8900609016418457,-0.06048160791397095,0,450,1512,557,1392,416,363,363
1084,17965,4637,10,0.9398250579833984,0.797235369682312,-0.14258968830108643,0,103,893,369,815,198,193,193
1085,17968,5042,4,0.9531815052032471,0.828357458114624,-0.12482404708862305,0,19,1090,1347,1188,71,99,99
1086,17980,18851,2,0.9370176792144775,0.8466416597366333,-0.09037601947784424,0,17,1323,1321,1382,17,21,21
1087,17982,18513,4,0.8357077240943909,0.8343669772148132,-0.0013407468795776367,0,802,1565,57,1462,865,665,665
1088,18003,15088,2,0.9204572439193726,0.846236526966095,-0.07422071695327759,0,434,1421,1527,1577,411,476,476
1089,18004,22642,3,0.9273563623428345,0.8067404627799988,-0.1206158995628357,0,495,1007,503,984,463,306,306
1090,18025,21472,3,0.9348053932189941,0.8477007150650024,-0.0871046781539917,0,119,1357,1374,1424,122,148,148
1091,18040,8969,2,0.9322259426116943,0.7835586071014404,-0.1486673355102539,0,363,658,450,607,427,264,264
1092,18051,20098,2,0.8865776658058167,0.7389910221099854,-0.1475866436958313,0,1714,195,136,125,1708,1698,1698
1093,18053,23018,2,0.8871741890907288,0.8164733648300171,-0.07070082426071167,0,1167,1102,420,1063,1222,1179,1179
1094,18071,22792,3,0.9479703307151794,0.8149377107620239,-0.13303261995315552,0,566,835,992,872,534,546,546
1095,18075,9221,4,0.941321074962616,0.8160060048103333,-0.12531507015228271,0,646,1086,680,1091,694,608,608
1096,18108,15903,2,0.9511963725090027,0.8115516304969788,-0.13964474201202393,0,303,771,893,772,312,169,169
1097,18152,1770,2,0.8802155256271362,0.7375104427337646,-0.14270508289337158,0,1662,232,332,167,1629,1621,1621
1098,18159,8496,2,0.9400985836982727,0.681918740272522,-0.25817984342575073,0,207,43,1677,68,181,262,262
1099,18172,22904,5,0.9576988816261292,0.6901193857192993,-0.26757949590682983,0,61,369,1763,546,60,113,113
1100,18173,17218,2,0.8895915150642395,0.8437530994415283,-0.04583841562271118,0,1223,1432,900,1468,1023,1082,1082
1101,18182,15603,2,0.9027695059776306,0.8166355490684509,-0.08613395690917969,0,676,1029,586,1000,699,642,642
1102,18188,12976,2,0.9355218410491943,0.809116780757904,-0.12640506029129028,0,1709,837,515,800,1694,1692,1692
1103,18195,13823,3,0.9602121114730835,0.6974356770515442,-0.2627764344215393,0,403,157,1433,148,360,434,434
1104,18199,5685,3,0.927014172077179,0.7305467128753662,-0.19646745920181274,0,590,270,357,151,591,522,522
1105,18225,22983,4,0.9718887805938721,0.8321958184242249,-0.13969296216964722,0,202,1079,1458,1222,158,232,232
1106,18233,22520,10,0.9190301299095154,0.7865981459617615,-0.1324319839477539,0,508,1558,1592,1583,461,579,579
1107,18244,22800,2,0.9239559173583984,0.8138388395309448,-0.11011707782745361,0,718,1029,1295,1152,670,763,763
1108,18280,21939,4,0.9097103476524353,0.7013942003250122,-0.2083161473274231,0,985,64,677,62,1007,952,952
1109,18326,22202,5,0.8785033226013184,0.8172532916069031,-0.06125003099441528,0,1098,1508,920,1532,1169,1219,1219
1110,18357,12309,2,0.8236044645309448,0.8116515874862671,-0.011952877044677734,0,1624,1365,370,1300,1633,1611,1611
1111,18386,20030,2,0.9596272706985474,0.7239507436752319,-0.23567652702331543,0,117,209,1654,267,111,139,139
1112,18388,2531,6,0.962319016456604,0.5886446833610535,-0.37367433309555054,0,24,5,1589,9,22,25,25
1113,18429,20854,3,0.9013664722442627,0.8539208769798279,-0.047445595264434814,0,785,1623,1120,1648,758,840,840
1114,18443,21060,2,0.9240027070045471,0.8646620512008667,-0.05934065580368042,0,1395,1573,1210,1566,1418,1474,1474
1115,18448,12607,2,0.9080507159233093,0.8353661298751831,-0.07268458604812622,0,286,839,387,776,266,199,199
1116,18540,22478,6,0.889177143573761,0.8242375254631042,-0.06493961811065674,0,1171,1746,342,1681,1193,1063,1063
1117,18542,17931,1,0.8713579177856445,0.8751717209815979,0.003813803195953369,1,593,1771,1433,1770,472,619,619
1118,18551,20348,3,0.9055187106132507,0.6153482794761658,-0.29017043113708496,0,1419,1,75,2,1432,1275,1275
1119,18583,17957,3,0.9174073934555054,0.6772099137306213,-0.24019747972488403,0,260,232,1778,391,273,708,708
1120,18595,20483,3,0.909233808517456,0.8081886768341064,-0.10104513168334961,0,1025,790,32,525,843,518,518
1121,18620,4379,2,0.9054560661315918,0.8242909908294678,-0.08116507530212402,0,55,1230,633,1179,66,59,59
1122,18625,7556,2,0.8957943320274353,0.8733485341072083,-0.02244579792022705,0,390,1713,1447,1702,424,537,537
1123,18635,22428,2,0.9488001465797424,0.7567148208618164,-0.19208532571792603,0,487,399,369,258,594,406,406
1124,18637,12542,3,0.980807363986969,0.7486802339553833,-0.2321271300315857,0,196,436,1426,488,226,153,153
1125,18646,10957,6,0.9361060857772827,0.7755531668663025,-0.16055291891098022,0,532,776,108,656,503,258,258
1126,18663,23030,5,0.9045819640159607,0.8118159174919128,-0.09276604652404785,0,1735,1202,115,1065,1746,1741,1741
1127,18676,1859,2,0.9370907545089722,0.8202238082885742,-0.11686694622039795,0,908,916,667,912,789,716,716
1128,18688,1860,2,0.8763852715492249,0.8596446514129639,-0.016740620136260986,0,787,1730,1649,1742,1109,1329,1329
1129,18708,10310,3,0.9263851046562195,0.7587721943855286,-0.16761291027069092,0,1112,512,110,365,1107,972,972
1130,18718,15708,1,0.9172561764717102,0.8506997227668762,-0.06655645370483398,0,309,1497,1050,1477,304,319,319
1131,18734,20017,4,0.9645342230796814,0.8718251585960388,-0.09270906448364258,0,44,971,1721,1218,40,43,43
1132,18739,21618,3,0.9184199571609497,0.8505464196205139,-0.06787353754043579,0,64,463,446,371,69,31,31
1133,18758,22411,1,0.91219562292099,0.8033860325813293,-0.10880959033966064,0,651,931,276,868,707,497,497
1134,18771,14627,2,0.9457600116729736,0.8430430293083191,-0.10271698236465454,0,19,1197,629,1195,26,9,9
1135,18807,16345,3,0.9352876543998718,0.7665924429893494,-0.16869521141052246,0,212,612,1008,589,330,131,131
1136,18834,19955,2,0.9035149812698364,0.8006038665771484,-0.10291111469268799,0,586,1130,1237,1219,660,737,737
1137,18860,3484,2,0.8628575205802917,0.8296189904212952,-0.03323853015899658,0,1761,1361,561,1275,1758,1768,1768
1138,18903,20860,3,0.9513651132583618,0.820288896560669,-0.13107621669769287,0,271,826,695,795,326,308,308
1139,18911,22344,3,0.9764707684516907,0.6852520704269409,-0.29121869802474976,0,17,234,1664,280,18,19,19
1140,18936,22425,5,0.8898367285728455,0.7933816313743591,-0.09645509719848633,0,1495,990,239,913,1476,1440,1440
1141,18938,9512,3,0.8661711812019348,0.7651464939117432,-0.10102468729019165,0,623,1048,1391,1251,646,920,920
1142,18974,17246,2,0.9436028599739075,0.6915627121925354,-0.25204014778137207,0,222,118,1421,99,204,147,147
1143,18994,21451,2,0.9404351115226746,0.7203059196472168,-0.22012919187545776,0,1049,93,1130,104,946,992,992
1144,19000,3921,3,0.9589424729347229,0.8193598389625549,-0.13958263397216797,0,413,894,1288,1011,320,358,358
1145,19007,9656,4,0.9459443092346191,0.8437210321426392,-0.10222327709197998,0,95,1532,1741,1633,86,151,151
1146,19015,1924,4,0.8676714897155762,0.7980207204818726,-0.06965076923370361,0,1381,1089,1488,1236,1455,1566,1566
1147,19025,22948,6,0.938641369342804,0.8082121014595032,-0.13042926788330078,0,661,1107,408,1043,572,501,501
1148,19030,22105,2,0.920330286026001,0.8457068800926208,-0.07462340593338013,0,399,1191,1186,1264,282,337,337
1149,19031,13869,2,0.8993521928787231,0.8483664989471436,-0.05098569393157959,0,925,1419,596,1373,1121,1020,1020
1150,19032,22900,3,0.9149588942527771,0.8537149429321289,-0.06124395132064819,0,83,1627,919,1602,69,73,73
1151,19054,10081,2,0.9253589510917664,0.8504427075386047,-0.07491624355316162,0,320,1403,1032,1440,261,83,83
1152,19152,4896,2,0.8886384963989258,0.850610077381134,-0.03802841901779175,0,1512,1620,745,1577,1400,1373,1373
1153,19159,1946,2,0.9726645946502686,0.6916985511779785,-0.28096604347229004,0,264,216,1648,248,264,281,281
1154,19201,5963,3,0.9326478838920593,0.8739475011825562,-0.058700382709503174,0,573,1521,926,1521,597,603,603
1155,19214,11578,3,0.8952054977416992,0.8236532211303711,-0.07155227661132812,0,1289,1352,1091,1400,1187,1272,1272
1156,19225,22894,3,0.9171920418739319,0.7881973385810852,-0.12899470329284668,0,609,781,683,769,819,792,792
1157,19252,20260,10,0.9521186351776123,0.8133256435394287,-0.1387929916381836,0,34,1465,1341,1454,37,36,36
1158,19253,2979,3,0.9437388777732849,0.6787606477737427,-0.26497822999954224,0,139,66,1663,91,199,271,271
1159,19266,10026,2,0.9563478231430054,0.8340135812759399,-0.12233424186706543,0,32,904,632,896,23,16,16
1160,19269,22574,2,0.8744465112686157,0.8122352361679077,-0.06221127510070801,0,525,1477,1688,1648,516,769,769
1161,19277,19653,5,0.9474069476127625,0.7495052814483643,-0.1979016661643982,0,18,444,789,385,17,12,12
1162,19279,5877,2,0.882902979850769,0.7200000882148743,-0.16290289163589478,0,1248,523,1268,531,1193,1321,1321
1163,19304,21267,4,0.9339396953582764,0.802780270576477,-0.13115942478179932,0,385,703,970,781,353,260,260
1164,19306,18840,2,0.9591912627220154,0.7116155624389648,-0.24757570028305054,0,236,273,1523,304,244,225,225
1165,19323,4541,2,0.8560913801193237,0.8102204203605652,-0.045870959758758545,0,1366,1505,995,1457,1429,1497,1497
1166,19325,6474,7,0.9161842465400696,0.7802987098693848,-0.13588553667068481,0,1570,267,516,294,1570,1483,1483
1167,19342,15698,3,0.898259699344635,0.8098707795143127,-0.08838891983032227,0,1057,1256,1002,1299,1093,1142,1142
1168,19358,11000,2,0.9416117668151855,0.8428397178649902,-0.09877204895019531,0,54,1186,953,1212,64,62,62
1169,19392,21826,3,0.864433228969574,0.8513637185096741,-0.013069510459899902,0,1623,1641,343,1587,1617,1599,1599
1170,19398,13016,5,0.9212543964385986,0.7747679352760315,-0.14648646116256714,0,869,717,403,657,870,734,734
1171,19399,20676,2,0.9481822848320007,0.8497816324234009,-0.09840065240859985,0,53,1018,920,1035,65,69,69
1172,19436,2478,5,0.8811805844306946,0.6846842765808105,-0.19649630784988403,0,1668,411,335,276,1688,1685,1685
1173,19499,20942,6,0.9529806971549988,0.7880544066429138,-0.16492629051208496,0,332,787,167,643,291,144,144
1174,19544,10842,2,0.8923684358596802,0.8089948296546936,-0.08337360620498657,0,569,1112,1496,1207,611,803,803
1175,19556,7766,2,0.8262118697166443,0.6800121068954468,-0.1461997628211975,0,448,36,550,34,450,303,303
1176,19559,7171,4,0.9455759525299072,0.8108723759651184,-0.13470357656478882,0,1395,756,122,600,1275,1043,1043
1177,19613,22951,2,0.9290146827697754,0.8342013955116272,-0.0948132872581482,0,131,1016,854,1026,138,136,136
1178,19615,12739,3,0.942392885684967,0.7445198893547058,-0.19787299633026123,0,325,257,1243,245,414,466,466
1179,19623,5948,3,0.7881041765213013,0.7353202104568481,-0.052783966064453125,0,1771,288,5,72,1774,1746,1746
1180,19634,7865,2,0.900714635848999,0.8326338529586792,-0.06808078289031982,0,1224,1384,596,1381,1213,1189,1189
1181,19643,10121,5,0.9226431846618652,0.8380225300788879,-0.0846206545829773,0,1135,1367,168,1232,1196,969,969
1182,19654,7543,2,0.9851181507110596,0.7148515582084656,-0.270266592502594,0,1,287,1714,364,1,1,1
1183,19662,20144,1,0.9491932988166809,0.7954923510551453,-0.15370094776153564,0,389,456,393,349,265,177,177
1184,19667,5186,5,0.9552745819091797,0.7965589761734009,-0.1587156057357788,0,7,762,1245,863,7,8,8
1185,19673,21734,2,0.9428458213806152,0.8104875087738037,-0.13235831260681152,0,782,671,341,601,799,647,647
1186,19728,20685,2,0.903834879398346,0.7921634316444397,-0.11167144775390625,0,1046,898,1217,972,1086,1246,1246
1187,19740,22923,4,0.9624148607254028,0.8703299164772034,-0.09208494424819946,0,542,1537,927,1519,442,323,323
1188,19762,21230,3,0.9412215948104858,0.8315242528915405,-0.10969734191894531,0,1540,1029,186,921,1487,1413,1413
1189,19769,22076,4,0.9288315773010254,0.8289017677307129,-0.0999298095703125,0,1634,1275,1188,1327,1603,1651,1651
1190,19781,13801,2,0.9445432424545288,0.8082661032676697,-0.13627713918685913,0,359,768,467,738,399,299,299
1191,19783,12312,3,0.9179882407188416,0.866382360458374,-0.05160588026046753,0,164,1750,1688,1757,160,322,322
1192,19786,22892,2,0.8826854825019836,0.753348708152771,-0.12933677434921265,0,1656,525,64,372,1643,1576,1576
1193,19812,3921,2,0.9622402787208557,0.8278109431266785,-0.13442933559417725,0,77,692,1197,785,50,50,50
1194,19838,22874,1,0.9068199992179871,0.8345091342926025,-0.07231086492538452,0,1240,1232,1381,1295,1412,1501,1501
1195,19848,10277,2,0.96639484167099,0.7392982840538025,-0.2270965576171875,0,22,284,1764,446,21,104,104
1196,19864,2046,2,0.8918431401252747,0.8337379097938538,-0.0581052303314209,0,727,1599,424,1585,783,717,717
1197,19885,11141,4,0.9273691177368164,0.7841740846633911,-0.1431950330734253,0,1216,788,609,775,1163,1083,1083
1198,19897,19549,3,0.9829562306404114,0.6591804623603821,-0.3237757682800293,0,15,81,1689,98,14,18,18
1199,19920,21319,4,0.9313120245933533,0.836336076259613,-0.09497594833374023,0,13,1016,1283,1088,12,12,12
1200,19932,22994,2,0.8598740696907043,0.8254666924476624,-0.03440737724304199,0,909,1377,430,1345,891,841,841
1201,19950,4027,5,0.9534013271331787,0.7756755948066711,-0.17772573232650757,0,212,476,1057,516,297,316,316
1202,19958,21364,1,0.9148461818695068,0.8220388889312744,-0.09280729293823242,0,226,287,616,311,179,116,116
1203,19967,14296,2,0.9087128043174744,0.7198567390441895,-0.1888560652732849,0,89,131,1126,159,106,97,97
1204,19970,11091,3,0.928049623966217,0.8251977562904358,-0.10285186767578125,0,13,1230,868,1251,12,13,13
1205,20013,21321,3,0.9473541975021362,0.8594793081283569,-0.0878748893737793,0,449,1459,1096,1503,454,462,462
1206,20022,16926,2,0.9002746939659119,0.7163665294647217,-0.18390816450119019,0,478,108,1383,147,426,536,536
1207,20028,2084,4,0.9338040351867676,0.7881925106048584,-0.14561152458190918,0,1333,612,360,535,1426,1260,1260
1208,20056,13253,2,0.8998677730560303,0.8201025724411011,-0.0797652006149292,0,603,1142,749,1150,600,592,592
1209,20125,3890,4,0.9270628094673157,0.7234850525856018,-0.20357775688171387,0,761,187,1364,207,706,829,829
1210,20128,22921,7,0.9401120543479919,0.834531843662262,-0.10558021068572998,0,293,1584,1643,1602,257,458,458
1211,20130,9758,2,0.9337891340255737,0.818979024887085,-0.11481010913848877,0,1642,848,300,787,1714,1713,1713
1212,20153,20298,2,0.9413818120956421,0.8290419578552246,-0.11233985424041748,0,5,957,1238,1072,5,4,4
1213,20154,22861,10,0.946398913860321,0.7438107132911682,-0.20258820056915283,0,525,605,1171,686,461,495,495
1214,20166,17148,2,0.938566267490387,0.8441400527954102,-0.0944262146949768,0,764,971,272,853,826,614,614
1215,20210,12542,6,0.9766076803207397,0.7524867653846741,-0.22412091493606567,0,309,450,523,397,308,105,105
1216,20246,22861,4,0.9270890355110168,0.7782667875289917,-0.14882224798202515,0,1058,831,1407,982,955,1088,1088
1217,20254,4761,2,0.9327864646911621,0.75535649061203,-0.17742997407913208,0,247,296,810,281,213,210,210
1218,20301,3740,2,0.8287749290466309,0.8153190016746521,-0.01345592737197876,0,1499,1684,826,1684,1440,1461,1461
1219,20341,11932,6,0.9726377725601196,0.7765783667564392,-0.19605940580368042,0,125,659,1574,906,122,126,126
1220,20359,20926,2,0.9392714500427246,0.7236869931221008,-0.21558445692062378,0,453,166,1493,217,377,503,503
1221,20365,18430,2,0.9056364297866821,0.8612207770347595,-0.04441565275192261,0,352,1624,1337,1657,546,629,629
1222,20383,2140,3,0.9477388262748718,0.7146938443183899,-0.23304498195648193,0,3,53,867,55,3,3,3
1223,20385,19486,2,0.9586053490638733,0.6539466381072998,-0.3046587109565735,0,2,10,1691,13,2,1,1
1224,20449,8717,3,0.9606673717498779,0.6967964172363281,-0.2638709545135498,0,315,86,1411,82,360,409,409
1225,20458,7237,2,0.9684292078018188,0.7928182482719421,-0.1756109595298767,0,7,619,1340,696,20,6,6
1226,20464,17422,3,0.8860655426979065,0.7406204342842102,-0.1454451084136963,0,548,439,1637,622,628,857,857
1227,20472,17785,2,0.9513221979141235,0.8185718655586243,-0.13275033235549927,0,94,850,701,839,92,45,45
1228,20483,7661,8,0.833224892616272,0.7550665140151978,-0.07815837860107422,0,1271,1577,311,1436,1162,967,967
1229,20487,21758,3,0.97050940990448,0.7167273759841919,-0.2537820339202881,0,15,331,1569,385,15,15,15
1230,20488,18116,2,0.9098911285400391,0.7592737674713135,-0.15061736106872559,0,777,663,1120,691,760,823,823
1231,20501,2152,4,0.9364361763000488,0.8457003831863403,-0.0907357931137085,0,119,1086,547,1039,158,115,115
1232,20526,23031,5,0.9404305815696716,0.7717909812927246,-0.16863960027694702,0,897,568,449,492,984,821,821
1233,20604,7236,1,0.8060762286186218,0.8505387902259827,0.04446256160736084,1,432,1747,1470,1746,377,488,488
1234,20606,22382,3,0.9094883799552917,0.8101899027824402,-0.09929847717285156,0,1275,1116,1144,1190,1257,1276,1276
1235,20607,10524,3,0.9589431285858154,0.8528872728347778,-0.1060558557510376,0,137,1298,1080,1337,96,110,110
1236,20610,20127,6,0.9093930125236511,0.6823250651359558,-0.2270679473876953,0,781,78,676,78,713,685,685
1237,20678,16440,2,0.9082983732223511,0.8203664422035217,-0.08793193101882935,0,1573,1009,418,946,1500,1482,1482
1238,20681,7014,5,0.9094475507736206,0.7323383092880249,-0.1771092414855957,0,560,328,1401,417,532,679,679
1239,20686,22633,3,0.9456464052200317,0.8520436882972717,-0.09360271692276001,0,740,1302,621,1264,755,711,711
1240,20689,18133,5,0.9323381185531616,0.7949434518814087,-0.13739466667175293,0,1555,557,34,377,1574,1434,1434
1241,20692,21377,4,0.967041552066803,0.809900164604187,-0.15714138746261597,0,143,504,533,467,126,85,85
1242,20698,22787,1,0.8854978084564209,0.7495909333229065,-0.1359068751335144,0,1650,467,192,318,1647,1556,1556
1243,20700,14056,2,0.9245185852050781,0.8150675296783447,-0.1094510555267334,0,140,449,292,380,130,82,82
1244,20726,21344,2,0.8764179348945618,0.8249279856681824,-0.051489949226379395,0,1395,1538,1578,1596,1378,1512,1512
1245,20735,18362,6,0.9372238516807556,0.7472892999649048,-0.18993455171585083,0,1292,574,490,559,1247,1230,1230
1246,20748,13394,5,0.966622531414032,0.8480883836746216,-0.1185341477394104,0,16,1194,1219,1269,12,5,5
1247,20771,3584,4,0.9033294320106506,0.8011723160743713,-0.1021571159362793,0,960,811,144,711,1055,836,836
1248,20788,22964,4,0.9248666763305664,0.8215560913085938,-0.10331058502197266,0,48,853,610,859,31,22,22
1249,20790,18728,1,0.8686701059341431,0.7682653665542603,-0.10040473937988281,0,954,686,778,690,822,717,717
1250,20815,22929,2,0.9364959001541138,0.7904730439186096,-0.14602285623550415,0,1067,661,475,568,916,763,763
1251,20822,20995,2,0.984905481338501,0.6792394518852234,-0.3056660294532776,0,9,117,1691,127,9,2,2
1252,20827,17276,2,0.9081563949584961,0.8646432757377625,-0.04351311922073364,0,14,1696,938,1674,19,23,23
1253,20847,13670,2,0.8821625709533691,0.8638994693756104,-0.01826310157775879,0,518,1572,711,1593,496,456,456
1254,20874,22229,2,0.8888185024261475,0.852067768573761,-0.036750733852386475,0,449,1563,671,1569,444,369,369
1255,20899,18594,1,0.9475279450416565,0.8565735220909119,-0.09095442295074463,0,27,1226,733,1223,23,24,24
1256,20926,22545,1,0.9494773745536804,0.7567430138587952,-0.19273436069488525,0,735,68,28,45,546,195,195
1257,20943,17912,3,0.9640213847160339,0.824792742729187,-0.13922864198684692,0,528,854,917,867,420,381,381
1258,20989,4642,2,0.922157347202301,0.7684412598609924,-0.1537160873413086,0,913,375,94,229,1000,626,626
1259,21003,19336,3,0.9175083041191101,0.869451642036438,-0.04805666208267212,0,1104,1716,736,1704,1082,994,994
1260,21014,18548,2,0.9251568913459778,0.8570796847343445,-0.0680772066116333,0,102,1173,959,1198,75,81,81
1261,21075,16414,2,0.8343708515167236,0.8298922777175903,-0.004478573799133301,0,1090,1629,325,1622,914,835,835
1262,21087,22959,3,0.9354699850082397,0.8256155252456665,-0.10985445976257324,0,96,1083,605,1077,99,84,84
1263,21103,7577,6,0.9136058688163757,0.6770027279853821,-0.23660314083099365,0,747,258,1711,404,735,1062,1062
1264,21115,5810,2,0.9364095330238342,0.7813467383384705,-0.15506279468536377,0,771,539,546,453,792,614,614
1265,21135,9103,2,0.9349790811538696,0.8243614435195923,-0.11061763763427734,0,1557,872,202,784,1664,1640,1640
1266,21146,19256,2,0.9233735799789429,0.8090164661407471,-0.1143571138381958,0,644,682,987,725,619,671,671
1267,21178,23026,3,0.9157152771949768,0.767875075340271,-0.1478402018547058,0,1542,531,265,425,1559,1500,1500
1268,21204,13241,3,0.8981106877326965,0.814461350440979,-0.08364933729171753,0,1346,1400,388,1308,1290,1088,1088
1269,21281,13436,3,0.9274359345436096,0.79048091173172,-0.13695502281188965,0,618,672,261,549,506,432,432
1270,21301,19659,2,0.9211128950119019,0.7398388385772705,-0.18127405643463135,0,693,292,1634,409,690,982,982
1271,21308,21615,5,0.9335002303123474,0.8263547420501709,-0.10714548826217651,0,1053,1339,1093,1375,1007,1112,1112
1272,21322,4304,3,0.9332171082496643,0.831973671913147,-0.10124343633651733,0,164,1247,907,1259,353,367,367
1273,21335,22349,3,0.9613904356956482,0.865812361240387,-0.09557807445526123,0,103,1277,517,1229,86,69,69
1274,21355,22434,3,0.9103085398674011,0.8774645924568176,-0.032843947410583496,0,630,1730,1174,1725,534,614,614
1275,21366,16956,4,0.9319035410881042,0.7191755771636963,-0.21272796392440796,0,326,203,1548,269,392,509,509
1276,21387,4209,5,0.9316331148147583,0.7282424569129944,-0.20339065790176392,0,1235,306,1243,331,1213,1286,1286
1277,21407,8873,2,0.9288439750671387,0.7294722199440002,-0.19937175512313843,0,1327,64,23,29,1262,833,833
1278,21416,11281,3,0.9902031421661377,0.6734126210212708,-0.31679052114486694,0,116,112,1467,97,123,78,78
1279,21446,12804,4,0.9310520887374878,0.8093442320823669,-0.12170785665512085,0,1010,875,1036,929,984,1076,1076
1280,21457,20141,8,0.9620848298072815,0.7117170095443726,-0.25036782026290894,0,704,565,1401,699,566,700,700
1281,21466,10304,2,0.9228128790855408,0.8293672204017639,-0.09344565868377686,0,249,1241,1196,1327,216,106,106
1282,21475,20864,2,0.9340111017227173,0.8281918168067932,-0.10581928491592407,0,1477,946,271,870,1421,1342,1342
1283,21497,15814,4,0.9513625502586365,0.8411410450935364,-0.1102215051651001,0,762,939,128,756,683,462,462
1284,21501,11540,2,0.8572052121162415,0.7215561270713806,-0.13564908504486084,0,991,257,1422,353,982,1127,1127
1285,21512,9479,3,0.918479323387146,0.664442241191864,-0.254037082195282,0,300,33,1565,51,333,574,574
1286,21522,8758,2,0.9104561805725098,0.6924030780792236,-0.21805310249328613,0,1559,42,917,74,1500,1529,1529
1287,21538,22434,3,0.923215389251709,0.8675724267959595,-0.05564296245574951,0,330,1671,717,1673,329,157,157
1288,21561,2332,2,0.9218878746032715,0.7599630355834961,-0.1619248390197754,0,1779,420,8,199,1779,1778,1778
1289,21572,21942,4,0.9697921276092529,0.681017279624939,-0.28877484798431396,0,83,191,1760,312,76,120,120
1290,21574,20240,3,0.7725330591201782,0.8084778189659119,0.03594475984573364,1,800,1749,45,1723,951,749,749
1291,21586,22555,7,0.943963348865509,0.8186110258102417,-0.12535232305526733,0,1283,588,302,566,1556,1476,1476
1292,21623,22743,2,0.94581538438797,0.7723358273506165,-0.17347955703735352,0,1405,437,92,270,1321,1094,1094
1293,21661,17438,1,0.9265164136886597,0.783926248550415,-0.14259016513824463,0,1268,678,779,649,1195,1224,1224
1294,21677,22775,3,0.9073147773742676,0.7952709197998047,-0.11204385757446289,0,706,718,112,590,781,475,475
1295,21716,11337,2,0.9595631957054138,0.8482978343963623,-0.11126536130905151,0,3,1000,564,968,3,2,2
1296,21759,4864,2,0.9137908816337585,0.8325754404067993,-0.08121544122695923,0,362,1281,1696,1400,276,426,426
1297,21772,22472,1,0.8991666436195374,0.7962371706962585,-0.10292947292327881,0,1694,807,29,499,1680,1607,1607
1298,21813,16292,3,0.9727547764778137,0.7361423969268799,-0.23661237955093384,0,2,245,1615,333,2,2,2
1299,21834,14778,2,0.9503680467605591,0.826779305934906,-0.12358874082565308,0,290,987,1287,1098,262,158,158
1300,21838,22385,3,0.9401512145996094,0.8455755114555359,-0.09457570314407349,0,618,1211,633,1197,583,511,511
1301,21842,19186,7,0.924135684967041,0.8145338296890259,-0.10960185527801514,0,861,1062,1276,1102,849,1101,1101
1302,21852,22474,1,0.8582819104194641,0.7741355895996094,-0.08414632081985474,0,415,308,49,137,259,158,158
1303,21859,4334,2,0.9432798624038696,0.6964688897132874,-0.24681097269058228,0,17,36,1400,63,18,22,22
1304,21890,19794,4,0.9094629883766174,0.803896963596344,-0.10556602478027344,0,1235,1097,667,1071,1242,1215,1215
1305,21896,22532,2,0.9244825839996338,0.8454921245574951,-0.07899045944213867,0,1123,1326,51,1215,1151,983,983
1306,21911,22834,1,0.8935610055923462,0.8384321331977844,-0.05512887239456177,0,1206,1257,326,1149,1153,1071,1071
1307,21912,22515,3,0.919292688369751,0.8098735809326172,-0.10941910743713379,0,476,896,978,919,488,528,528
1308,21941,9811,2,0.8464685082435608,0.7195042371749878,-0.126964271068573,0,828,162,1171,203,780,859,859
1309,21955,17716,1,0.8807075619697571,0.7972036004066467,-0.08350396156311035,0,1196,1129,676,1088,1273,1232,1232
1310,21960,12930,3,0.9372411370277405,0.7220847010612488,-0.2151564359664917,0,848,285,1205,200,859,895,895
1311,21981,14964,2,0.9039166569709778,0.7444349527359009,-0.1594817042350769,0,1518,443,27,282,1649,1595,1595
1312,21988,21826,8,0.9095048904418945,0.79632169008255,-0.11318320035934448,0,55,1553,370,1417,63,57,57
1313,22006,21124,2,0.938174843788147,0.8002057671546936,-0.13796907663345337,0,494,800,677,786,476,338,338
1314,22024,10954,3,0.875576376914978,0.7897453904151917,-0.08583098649978638,0,1709,1069,456,1032,1684,1684,1684
1315,22037,14510,2,0.8814175724983215,0.7598562836647034,-0.12156128883361816,0,1318,757,422,697,1463,1447,1447
1316,22097,8042,2,0.9384053945541382,0.7369407415390015,-0.20146465301513672,0,1402,263,290,150,1383,1311,1311
1317,22134,14255,3,0.9819574356079102,0.6427083015441895,-0.3392491340637207,0,111,48,1732,57,114,171,171
1318,22167,22204,6,0.9428145289421082,0.8097511529922485,-0.13306337594985962,0,7,1256,808,1253,9,9,9
1319,22172,21217,3,0.9270391464233398,0.8414887189865112,-0.08555042743682861,0,785,1425,808,1413,771,806,806
1320,22176,22909,3,0.9171519875526428,0.8406059145927429,-0.0765460729598999,0,742,1444,572,1426,762,731,731
1321,22179,12036,2,0.8630255460739136,0.7034060955047607,-0.15961945056915283,0,305,66,1388,121,319,396,396
1322,22183,8766,1,0.8531016707420349,0.8104357123374939,-0.042665958404541016,0,1247,1306,285,1247,1080,986,986
1323,22213,22821,2,0.876701295375824,0.8189539313316345,-0.05774736404418945,0,545,1317,730,1307,806,702,702
1324,22220,3633,3,0.9336481094360352,0.7454381585121155,-0.18820995092391968,0,250,445,1141,364,300,145,145
1325,22231,22957,4,0.9471721053123474,0.838653564453125,-0.10851854085922241,0,1080,1280,1080,1335,987,1094,1094
1326,22238,10831,2,0.9377842545509338,0.8483797907829285,-0.08940446376800537,0,116,1057,1127,1098,104,109,109
1327,22241,2492,3,0.9269068241119385,0.7798551321029663,-0.14705169200897217,0,275,503,876,471,235,222,222
1328,22254,7779,3,0.9112586975097656,0.7840765714645386,-0.12718212604522705,0,1574,578,156,431,1579,1412,1412
1329,22290,2920,2,0.9513391256332397,0.6774255633354187,-0.27391356229782104,0,25,97,1769,160,24,48,48
1330,22302,10918,2,0.9451910257339478,0.8800657987594604,-0.0651252269744873,0,21,1519,1587,1550,22,26,26
1331,22310,22356,2,0.9157568216323853,0.7503546476364136,-0.16540217399597168,0,621,119,385,104,672,586,586
1332,22315,8077,2,0.9473021626472473,0.7227745056152344,-0.22452765703201294,0,260,315,1597,384,243,260,260
1333,22331,21276,6,0.9071906805038452,0.8067085146903992,-0.10048216581344604,0,261,1725,1742,1758,259,481,481
1334,22366,18548,4,0.9238878488540649,0.841654360294342,-0.0822334885597229,0,405,1372,940,1384,398,334,334
1335,22387,5436,2,0.9766885638237,0.676723301410675,-0.2999652624130249,0,12,67,1730,94,7,14,14
1336,22400,5895,2,0.9440896511077881,0.7811890244483948,-0.1629006266593933,0,651,576,958,590,730,720,720
1337,22429,20893,2,0.9392679333686829,0.840854823589325,-0.09841310977935791,0,1190,1159,273,1060,1135,932,932
1338,22445,22213,8,0.9640369415283203,0.8015655875205994,-0.16247135400772095,0,11,1358,960,1324,10,12,12
1339,22463,19474,2,0.9547129273414612,0.711050808429718,-0.24366211891174316,0,28,110,1613,149,29,29,29
1340,22482,17922,2,0.8972280025482178,0.8046554923057556,-0.09257251024246216,0,1047,1136,290,1071,1171,1094,1094
1341,22490,22853,2,0.8709437847137451,0.7485132813453674,-0.12243050336837769,0,1270,534,313,481,1279,1177,1177
1342,22501,19837,4,0.9538268446922302,0.827538788318634,-0.1262880563735962,0,815,1009,670,1009,738,672,672
1343,22502,13175,2,0.9327132105827332,0.7907657623291016,-0.1419474482536316,0,1126,555,422,507,1179,1042,1042
1344,22508,13453,4,0.9090171456336975,0.7446519136428833,-0.1643652319908142,0,558,676,1733,947,553,927,927
1345,22515,6884,2,0.9241564273834229,0.7619271278381348,-0.16222929954528809,0,1748,264,29,141,1758,1746,1746
1346,22538,12705,2,0.9178149700164795,0.7364147305488586,-0.18140023946762085,0,292,220,1330,297,482,568,568
1347,22628,12592,2,0.9811471104621887,0.77630215883255,-0.20484495162963867,0,1,185,1282,226,1,1,1
1348,22630,5059,2,0.9584965705871582,0.8051943778991699,-0.15330219268798828,0,44,113,991,87,49,22,22
1349,22659,2594,3,0.9212071299552917,0.7592348456382751,-0.1619722843170166,0,1493,545,938,510,1598,1647,1647
1350,22675,23009,2,0.9120290279388428,0.8139367699623108,-0.09809225797653198,0,713,1103,1124,1174,658,714,714
1351,22695,20610,2,0.9122521877288818,0.8695579171180725,-0.042694270610809326,0,920,1570,1475,1587,989,1192,1192
1352,22700,4665,2,0.9093616008758545,0.8344160318374634,-0.07494556903839111,0,1237,1419,1255,1472,1163,1268,1268
1353,22709,3018,3,0.9708669185638428,0.7179455757141113,-0.25292134284973145,0,36,420,1722,551,30,44,44
1354,22710,19985,1,0.8718479871749878,0.8554664254188538,-0.016381561756134033,0,515,1692,1561,1712,263,372,372
1355,22714,20902,3,0.9580214619636536,0.8531354665756226,-0.104885995388031,0,9,1276,825,1272,7,6,6
1356,22731,22913,2,0.8925294280052185,0.8351832628250122,-0.0573461651802063,0,941,1333,962,1325,856,867,867
1357,22743,10454,1,0.8133962154388428,0.8276021480560303,0.0142059326171875,1,1531,1650,41,1604,1468,1364,1364
1358,22767,17099,3,0.8256011009216309,0.7419826984405518,-0.0836184024810791,0,1023,280,1458,344,980,1123,1123
1359,22774,22018,7,0.9587068557739258,0.786025881767273,-0.17268097400665283,0,558,476,978,535,545,550,550
1360,22781,9818,2,0.9575384259223938,0.7271121740341187,-0.23042625188827515,0,3,272,1530,306,2,2,2
1361,22782,7186,3,0.9214373826980591,0.8083078265190125,-0.11312955617904663,0,63,725,1024,787,117,105,105
1362,22799,17569,7,0.914814829826355,0.8251875638961792,-0.08962726593017578,0,384,1397,1389,1398,392,482,482
1363,22827,11953,3,0.9747048616409302,0.6755838394165039,-0.29912102222442627,0,155,151,1618,160,181,188,188
1364,22830,21465,2,0.8583613038063049,0.8348760604858398,-0.023485243320465088,0,957,1439,607,1413,706,571,571
1365,22843,22946,2,0.9249662756919861,0.8150404095649719,-0.10992586612701416,0,1329,891,340,852,1188,1143,1143
1366,22849,14716,3,0.9760360717773438,0.6976577639579773,-0.27837830781936646,0,1,137,1439,131,1,1,1
1367,22864,4019,4,0.9274468421936035,0.7035895586013794,-0.22385728359222412,0,343,122,1357,137,339,312,312
1368,22873,22884,2,0.880923867225647,0.7886720895767212,-0.09225177764892578,0,1059,477,427,443,1007,820,820
1369,22876,19652,2,0.8952791690826416,0.7845309376716614,-0.11074823141098022,0,1401,864,540,840,1503,1497,1497
1370,22878,16642,2,0.9364801049232483,0.8167529702186584,-0.11972713470458984,0,255,894,1275,1008,239,277,277
1371,22882,3103,1,0.818634569644928,0.7067683935165405,-0.11186617612838745,0,1509,271,343,270,1578,1491,1491
1372,22928,13697,3,0.961449384689331,0.6977385878562927,-0.26371079683303833,0,34,158,1779,275,25,63,63
1373,22929,20978,3,0.9862672090530396,0.6486636996269226,-0.33760350942611694,0,44,40,1715,50,54,58,58
1374,22952,2667,2,0.9683229327201843,0.8361124396324158,-0.13221049308776855,0,1,415,302,348,1,1,1
1375,22991,16890,2,0.8490822911262512,0.6819229125976562,-0.16715937852859497,0,1267,44,724,63,1113,1038,1038
1376,23048,17424,2,0.9339777827262878,0.7406952381134033,-0.19328254461288452,0,1686,371,500,225,1712,1717,1717
1377,23064,21429,2,0.982356071472168,0.7068942189216614,-0.2754618525505066,0,22,231,1503,243,30,26,26
1378,23074,19594,1,0.886032223701477,0.8167407512664795,-0.06929147243499756,0,1536,1227,259,1156,1563,1539,1539
1379,23081,2686,2,0.9628979563713074,0.7157975435256958,-0.24710041284561157,0,1,13,184,9,1,1,1
1380,23084,9674,4,0.9556044340133667,0.789621114730835,-0.16598331928253174,0,1028,707,1052,753,971,982,982
1381,23090,12939,2,0.9519442319869995,0.7246657609939575,-0.227278470993042,0,868,141,1450,184,709,875,875
1382,23109,8466,2,0.9734626412391663,0.6741555333137512,-0.29930710792541504,0,273,123,1660,146,285,329,329
1383,23121,18069,3,0.9854384660720825,0.6985354423522949,-0.2869030237197876,0,153,215,1449,200,154,105,105
1384,23122,6718,2,0.9170812368392944,0.8122727870941162,-0.10480844974517822,0,526,883,340,834,485,405,405
1385,23135,4395,3,0.9445343017578125,0.8187993764877319,-0.12573492527008057,0,8,967,1698,1198,15,48,48
1386,23141,22518,2,0.9103378057479858,0.8216378688812256,-0.08869993686676025,0,1309,1110,1201,1163,1204,1299,1299
1387,23175,21615,2,0.8876364231109619,0.8530547618865967,-0.034581661224365234,0,807,1548,864,1504,577,605,605
1388,23176,22033,2,0.959700882434845,0.7551949620246887,-0.20450592041015625,0,405,437,1560,525,413,570,570
1389,23219,22935,2,0.9140719771385193,0.8408764600753784,-0.07319551706314087,0,324,1319,825,1306,275,262,262
1390,23255,21045,1,0.9121333956718445,0.7924269437789917,-0.11970645189285278,0,1024,852,1259,915,904,1048,1048
1391,23256,12526,2,0.9209625124931335,0.8055828809738159,-0.11537963151931763,0,714,931,1210,1045,698,835,835
1392,23269,5491,2,0.9207121729850769,0.8159774541854858,-0.10473471879959106,0,1504,1026,1103,1098,1580,1646,1646
1393,23272,23032,2,0.8660945296287537,0.8280211687088013,-0.03807336091995239,0,1631,1399,408,1319,1563,1535,1535
1394,23323,4371,3,0.9209885001182556,0.8100472688674927,-0.11094123125076294,0,1753,1121,1064,1171,1742,1754,1754
1395,23341,2758,2,0.8824105858802795,0.6888881325721741,-0.19352245330810547,0,1440,104,323,52,1565,1521,1521
1396,23350,16433,2,0.9285210967063904,0.8246365189552307,-0.10388457775115967,0,392,963,1304,1042,368,452,452
1397,23358,17611,2,0.9123143553733826,0.7203624248504639,-0.1919519305229187,0,1564,300,757,177,1494,1499,1499
1398,23385,20041,2,0.9648119211196899,0.7323494553565979,-0.23246246576309204,0,118,313,1657,407,92,89,89
1399,23392,17957,2,0.9369387030601501,0.6981322765350342,-0.23880642652511597,0,91,147,1773,274,93,357,357
1400,23442,21500,3,0.9371924996376038,0.8443593978881836,-0.09283310174942017,0,446,1476,1373,1522,362,501,501
1401,23477,9968,2,0.9616721272468567,0.7223249077796936,-0.23934721946716309,0,392,324,1428,319,358,357,357
1402,23487,20913,2,0.9480165243148804,0.7890704274177551,-0.15894609689712524,0,625,663,1007,656,778,795,795
1403,23488,20040,2,0.9451156258583069,0.7419723272323608,-0.20314329862594604,0,301,441,1350,441,338,273,273
1404,23491,19297,2,0.9472870826721191,0.7417332530021667,-0.2055538296699524,0,264,351,1502,409,212,197,197
1405,23515,7733,1,0.9624004364013672,0.7585958242416382,-0.203804612159729,0,2,14,1252,32,2,2,2
1406,23535,2814,2,0.929841935634613,0.8214245438575745,-0.10841739177703857,0,759,873,1116,951,661,671,671
1407,23546,9384,2,0.96429443359375,0.8306557536125183,-0.1336386799812317,0,21,881,675,873,22,20,20
1408,23551,19895,5,0.9523119330406189,0.6743847131729126,-0.2779272198677063,0,17,48,1323,43,16,6,6
1409,23605,14776,2,0.9233757853507996,0.8199898600578308,-0.10338592529296875,0,793,1079,285,984,796,631,631
1410,23615,22533,2,0.9838098287582397,0.803040623664856,-0.1807692050933838,0,2,54,350,60,2,2,2
1411,23628,21586,2,0.9466140866279602,0.6867622137069702,-0.25985187292099,0,82,194,1770,330,76,151,151
1412,23654,21195,2,0.919621467590332,0.8473763465881348,-0.07224512100219727,0,1542,1381,422,1265,1456,1376,1376
1413,23676,20891,2,0.9440393447875977,0.8535361289978027,-0.09050321578979492,0,77,1226,1514,1322,70,115,115
1414,23682,16818,3,0.843999981880188,0.8218145966529846,-0.02218538522720337,0,1764,1653,347,1582,1762,1760,1760
1415,23689,20550,2,0.90451979637146,0.8213872313499451,-0.08313256502151489,0,1687,1002,132,902,1647,1629,1629
1416,23729,22966,2,0.867228627204895,0.7848634719848633,-0.08236515522003174,0,120,67,355,49,137,109,109
1417,23731,17888,3,0.8814114928245544,0.853046715259552,-0.02836477756500244,0,1169,1606,760,1594,1086,1115,1115
1418,23758,22059,2,0.9428465962409973,0.8422735333442688,-0.10057306289672852,0,112,850,586,820,139,119,119
1419,23766,4576,3,0.888735294342041,0.763309121131897,-0.12542617321014404,0,1105,838,622,822,1117,1101,1101
1420,23775,17210,2,0.9150711894035339,0.8192178606987,-0.09585332870483398,0,1225,1074,1061,1125,1203,1293,1293
1421,23787,22511,3,0.9553229808807373,0.8146762251853943,-0.14064675569534302,0,96,633,86,433,107,65,65
1422,23810,15983,3,0.7841328978538513,0.8367085456848145,0.052575647830963135,1,704,1750,164,1747,801,675,675
1423,23832,20282,4,0.965498149394989,0.8107476234436035,-0.1547505259513855,0,28,701,1020,784,26,11,11
1424,23833,11835,3,0.9331996440887451,0.7548856139183044,-0.17831403017044067,0,142,259,1395,319,151,210,210
1425,23851,15572,3,0.9474680423736572,0.8617051243782043,-0.08576291799545288,0,371,1277,533,1231,309,254,254
1426,23853,13239,3,0.9059221148490906,0.8035717010498047,-0.10235041379928589,0,1357,1076,599,1061,1352,1263,1263
1427,23867,3560,2,0.9229812622070312,0.8243724703788757,-0.09860879182815552,0,1130,1124,1137,1170,1092,1140,1140
1428,23876,21895,6,0.9740415811538696,0.6799790859222412,-0.2940624952316284,0,197,192,1649,254,188,219,219
1429,23913,17805,3,0.892408013343811,0.8482680320739746,-0.044139981269836426,0,573,1454,92,1347,641,519,519
1430,23922,17953,4,0.9787419438362122,0.6677205562591553,-0.3110213875770569,0,3,134,1775,251,3,5,5
1431,23923,19829,5,0.9512186646461487,0.8206334710121155,-0.1305851936340332,0,627,1089,850,1110,642,623,623
1432,23939,11142,2,0.8900662660598755,0.8202558159828186,-0.06981045007705688,0,1112,1212,424,1131,1044,907,907
1433,23943,10945,5,0.9347083568572998,0.7323119044303894,-0.2023964524269104,0,287,482,1697,711,360,619,619
1434,23945,3469,2,0.8664819598197937,0.7587689757347107,-0.10771298408508301,0,699,575,1237,678,841,910,910
1435,23953,6193,3,0.9746920466423035,0.6987255811691284,-0.27596646547317505,0,250,121,1587,150,271,278,278
1436,23964,12288,2,0.9158127307891846,0.7812315821647644,-0.13458114862442017,0,1192,767,1211,828,1090,1249,1249
1437,23974,13314,2,0.9501556158065796,0.806209146976471,-0.14394646883010864,0,170,326,255,293,182,94,94
1438,23976,11979,2,0.940710723400116,0.7903629541397095,-0.1503477692604065,0,1012,302,298,269,898,712,712
1439,23978,13824,2,0.8918603658676147,0.7718601226806641,-0.12000024318695068,0,1669,753,117,638,1657,1634,1634
1440,23983,6795,2,0.9553752541542053,0.8055925965309143,-0.14978265762329102,0,13,273,1736,434,13,7,7
1441,23990,6893,2,0.9234214425086975,0.7273864150047302,-0.19603502750396729,0,730,196,1719,335,615,902,902
1442,24060,19304,2,0.9379372000694275,0.7908622622489929,-0.14707493782043457,0,685,626,1300,724,629,764,764
1443,24075,19361,2,0.9458829760551453,0.7912213802337646,-0.15466159582138062,0,1200,690,667,658,1306,1284,1284
1444,24090,9853,2,0.8967801332473755,0.8279832005500793,-0.06879693269729614,0,884,1239,848,1243,787,812,812
1445,24097,22926,2,0.9508019685745239,0.8382825255393982,-0.11251944303512573,0,21,649,662,642,19,20,20
1446,24100,2978,2,0.8942562937736511,0.7474324703216553,-0.14682382345199585,0,1651,339,343,313,1617,1568,1568
1447,24109,5347,3,0.9019482731819153,0.8050106763839722,-0.09693759679794312,0,1138,1134,1123,1208,1256,1383,1383
1448,24119,14264,2,0.9023933410644531,0.7584863901138306,-0.14390695095062256,0,1025,559,1475,702,1089,1265,1265
1449,24125,15827,3,0.9547147154808044,0.7035902142524719,-0.2511245012283325,0,3,244,1548,301,3,5,5
1450,24134,15865,2,0.9165816307067871,0.7938941121101379,-0.12268751859664917,0,700,804,1046,837,659,708,708
1451,24139,18362,2,0.9376643896102905,0.7579042315483093,-0.1797601580619812,0,521,514,1327,535,461,491,491
1452,24144,11925,3,0.98348468542099,0.6959444880485535,-0.2875401973724365,0,99,238,1663,295,98,106,106
1453,24151,10817,2,0.9072731137275696,0.7565311789512634,-0.15074193477630615,0,1084,580,1755,861,1048,1367,1367
1454,24204,20668,2,0.9904608726501465,0.7126660346984863,-0.27779483795166016,0,7,262,1721,335,3,5,5
1455,24269,12686,2,0.9105629324913025,0.8079755306243896,-0.10258740186691284,0,1072,999,129,900,1072,932,932
1456,24285,22346,2,0.8929663300514221,0.754159688949585,-0.13880664110183716,0,1095,521,1742,766,1060,1354,1354
1457,24299,21798,5,0.9031732082366943,0.8183184266090393,-0.08485478162765503,0,1312,1724,1747,1750,1176,1462,1462
1458,24323,3050,3,0.9439430236816406,0.827978789806366,-0.11596423387527466,0,845,1104,217,1042,825,633,633
1459,24333,19794,2,0.9119725823402405,0.788938045501709,-0.1230345368385315,0,608,814,1224,878,568,628,628
1460,24343,22903,3,0.9493405818939209,0.817237913608551,-0.13210266828536987,0,368,668,742,666,270,273,273
1461,24369,12617,2,0.8611968755722046,0.7348263263702393,-0.12637054920196533,0,1587,205,310,206,1547,1511,1511
1462,24371,6879,3,0.9577739238739014,0.7810428142547607,-0.17673110961914062,0,153,629,1159,647,228,50,50
1463,24395,3730,3,0.9425822496414185,0.7700612545013428,-0.17252099514007568,0,1554,555,999,522,1651,1675,1675
1464,24398,10401,3,0.9230054616928101,0.8718520402908325,-0.05115342140197754,0,23,1750,1087,1739,23,17,17
1465,24407,3073,3,0.9454534649848938,0.7010394334793091,-0.24441403150558472,0,41,70,1526,91,43,28,28
1466,24412,22990,5,0.9552651047706604,0.8010225892066956,-0.15424251556396484,0,316,891,887,915,339,222,222
1467,24449,11328,2,0.9351528286933899,0.7651342749595642,-0.17001855373382568,0,458,545,1026,527,439,410,410
1468,24480,22939,1,0.9705604910850525,0.8346921801567078,-0.13586831092834473,0,23,707,1178,774,24,29,29
1469,24524,16859,2,0.9849290251731873,0.6946638226509094,-0.29026520252227783,0,109,188,1544,188,110,75,75
1470,24530,15913,2,0.9503054022789001,0.7051960825920105,-0.24510931968688965,0,173,154,1539,174,125,134,134
1471,24544,20503,4,0.9582311511039734,0.8188915848731995,-0.13933956623077393,0,740,812,391,748,712,581,581
1472,24580,3113,2,0.93623286485672,0.8226770162582397,-0.11355584859848022,0,42,455,1171,538,47,36,36
1473,24601,21110,2,0.899048924446106,0.7345845699310303,-0.16446435451507568,0,893,184,996,236,981,1017,1017
1474,24616,20312,2,0.8280472755432129,0.8666254878044128,0.03857821226119995,1,1126,1750,338,1755,1135,1046,1046
1475,24629,11589,2,0.9298890233039856,0.7697671055793762,-0.16012191772460938,0,549,550,1203,571,562,592,592
1476,24636,21734,7,0.9639783501625061,0.826958417892456,-0.13701993227005005,0,642,502,765,533,678,586,586
1477,24648,16873,3,0.9382425546646118,0.7606820464134216,-0.17756050825119019,0,351,534,1082,518,357,281,281
1478,24652,13175,2,0.9368845820426941,0.7896830439567566,-0.1472015380859375,0,818,357,471,316,860,781,781
1479,24738,20641,2,0.9176287651062012,0.8293469548225403,-0.08828181028366089,0,413,1020,692,1024,238,187,187
1480,24755,20801,3,0.973797082901001,0.7428499460220337,-0.23094713687896729,0,53,456,1555,578,55,36,36
1481,24836,12657,1,0.9341461658477783,0.8505552411079407,-0.08359092473983765,0,544,1367,1514,1417,455,641,641
1482,24841,19955,2,0.9009739756584167,0.8139452934265137,-0.08702868223190308,0,1431,1218,1386,1332,1494,1572,1572
1483,24869,16217,2,0.8743880987167358,0.7927443385124207,-0.08164376020431519,0,358,1162,1323,1308,368,345,345
1484,24911,3188,2,0.9488183259963989,0.6572855710983276,-0.2915327548980713,0,22,28,1759,44,21,29,29
1485,24913,20793,3,0.9013300538063049,0.7470638155937195,-0.15426623821258545,0,908,165,402,139,753,651,651
1486,24929,9508,4,0.9427360892295837,0.7198733687400818,-0.22286272048950195,0,1530,106,42,45,1546,1407,1407
1487,24977,15619,4,0.9353660941123962,0.8311672806739807,-0.10419881343841553,0,785,868,106,668,662,417,417
1488,24978,3825,3,0.9123848080635071,0.8144291043281555,-0.09795570373535156,0,474,1156,1288,1253,466,462,462
1489,24995,8537,2,0.8551275134086609,0.8340652585029602,-0.021062254905700684,0,1688,1527,195,1384,1678,1668,1668
1490,25069,20803,3,0.9535541534423828,0.843930184841156,-0.1096239686012268,0,577,1241,566,1206,506,478,478
1491,25110,19052,3,0.9712977409362793,0.8824231624603271,-0.08887457847595215,0,4,1284,458,1224,3,3,3
1492,25184,22884,2,0.9086730480194092,0.785088062286377,-0.12358498573303223,0,1004,680,486,639,1022,904,904
1493,25197,17183,1,0.9579417705535889,0.7227270603179932,-0.2352147102355957,0,172,373,1550,435,219,197,197
1494,25198,5082,1,0.9796288013458252,0.6853972673416138,-0.2942315340042114,0,33,132,1509,128,37,26,26
1495,25245,5847,2,0.9379615783691406,0.8329898715019226,-0.10497170686721802,0,143,1019,865,1048,148,114,114
1496,25265,17953,3,0.8976284265518188,0.7021797895431519,-0.195448637008667,0,767,319,1755,503,790,1179,1179
1497,25268,18542,4,0.9279134273529053,0.8544877767562866,-0.07342565059661865,0,561,1414,438,1310,574,485,485
1498,25289,13001,2,0.946348249912262,0.7657752633094788,-0.1805729866027832,0,268,537,1407,607,308,224,224
1499,25300,8410,2,0.9198389649391174,0.805649995803833,-0.11418896913528442,0,442,716,133,558,493,286,286
1500,25328,13078,2,0.8968611359596252,0.731289267539978,-0.16557186841964722,0,751,157,688,184,852,797,797
1501,25329,22355,2,0.9399596452713013,0.8554467558860779,-0.08451288938522339,0,218,1294,735,1241,239,217,217
1502,25337,22252,2,0.912456750869751,0.8503003716468811,-0.06215637922286987,0,247,1519,1095,1530,382,387,387
1503,25339,19835,3,0.9373071789741516,0.8511488437652588,-0.08615833520889282,0,513,1410,779,1418,477,360,360
1504,25396,19069,3,0.8789501190185547,0.8480347394943237,-0.030915379524230957,0,520,1509,1069,1542,531,551,551
1505,25397,17369,3,0.9775514602661133,0.7048701047897339,-0.2726813554763794,0,110,209,1494,234,103,73,73
1506,25407,11829,8,0.9600681066513062,0.6628676652908325,-0.29720044136047363,0,132,142,931,172,152,154,154
1507,25438,21384,5,0.9424270391464233,0.8544230461120605,-0.08800399303436279,0,31,1583,1263,1585,28,30,30
1508,25440,3344,2,0.9363113045692444,0.7369140386581421,-0.1993972659111023,0,156,238,1578,330,262,390,390
1509,25443,3637,2,0.9640985131263733,0.6707266569137573,-0.29337185621261597,0,162,14,1406,11,112,58,58
1510,25453,22826,6,0.9724710583686829,0.8047294616699219,-0.167741596698761,0,50,958,1059,1014,41,33,33
1511,25462,21436,2,0.9496460556983948,0.7438357472419739,-0.2058103084564209,0,472,319,1360,311,418,406,406
1512,25485,19663,3,0.9094402194023132,0.8368794918060303,-0.07256072759628296,0,1575,1469,1280,1492,1615,1657,1657
1513,25490,20564,2,0.943503201007843,0.8454885482788086,-0.09801465272903442,0,710,1161,578,1107,727,563,563
1514,25492,21146,2,0.950522243976593,0.8354119658470154,-0.11511027812957764,0,742,955,644,958,674,604,604
1515,25518,3726,3,0.9257199168205261,0.7130722403526306,-0.2126476764678955,0,1141,350,1049,234,1085,1173,1173
1516,25532,3382,2,0.9397097826004028,0.769343376159668,-0.17036640644073486,0,200,392,707,361,196,186,186
1517,25605,9388,3,0.9569050669670105,0.8059654831886292,-0.15093958377838135,0,2,647,693,626,2,2,2
1518,25607,9388,3,0.9808371663093567,0.8075430393218994,-0.17329412698745728,0,3,88,784,85,3,3,3
1519,25609,3396,2,0.901479959487915,0.770881175994873,-0.130598783493042,0,1587,741,965,751,1602,1620,1620
1520,25612,13511,1,0.9763162732124329,0.6879689693450928,-0.2883473038673401,0,114,149,1703,197,177,222,222
1521,25629,10362,4,0.9550282955169678,0.8510697484016418,-0.10395854711532593,0,157,1455,1205,1507,128,45,45
1522,25657,3415,3,0.9262648224830627,0.8332779407501221,-0.09298688173294067,0,982,1260,643,1244,968,932,932
1523,25658,9868,2,0.9477183222770691,0.8294981122016907,-0.11822021007537842,0,703,1056,1194,1140,636,714,714
1524,25687,22642,2,0.9125004410743713,0.8097309470176697,-0.10276949405670166,0,529,1080,586,1061,505,447,447
1525,25689,19835,7,0.9413374066352844,0.8495546579360962,-0.09178274869918823,0,1026,1609,1466,1588,899,1188,1188
1526,25694,22958,2,0.9616643786430359,0.875802755355835,-0.08586162328720093,0,176,1362,1165,1342,146,130,130
1527,25708,14877,3,0.9352825284004211,0.7724782824516296,-0.1628042459487915,0,499,644,964,638,548,564,564
1528,25714,9384,2,0.9183889627456665,0.821919858455658,-0.09646910429000854,0,1184,1120,405,1082,1185,1128,1128
1529,25771,16586,2,0.9426842331886292,0.8476060628890991,-0.09507817029953003,0,363,1182,813,1186,345,241,241
1530,25789,3485,4,0.7885881066322327,0.8512567281723022,0.06266862154006958,1,1600,1765,16,1730,1578,1472,1472
1531,25792,15648,2,0.9923362135887146,0.6597081422805786,-0.332628071308136,0,12,45,1723,51,8,9,9
1532,25862,5520,4,0.9315268993377686,0.7863947749137878,-0.1451321244239807,0,20,441,1757,698,25,35,35
1533,25867,11106,1,0.745388388633728,0.7575236558914185,0.01213526725769043,1,1129,813,323,720,853,645,645
1534,25885,22472,4,0.9021409153938293,0.7912790775299072,-0.11086183786392212,0,1177,845,13,707,1279,1025,1025
1535,25900,19526,2,0.9706665277481079,0.7461220622062683,-0.2245444655418396,0,4,286,1724,406,4,8,8
1536,25938,6195,5,0.9610456228256226,0.6955332159996033,-0.2655124068260193,0,267,212,1573,275,266,293,293
1537,26003,22144,2,0.9330361485481262,0.8112925887107849,-0.12174355983734131,0,464,815,1039,884,391,413,413
1538,26008,3712,6,0.9260343909263611,0.8090030550956726,-0.11703133583068848,0,1107,1318,333,1212,1080,884,884
1539,26035,6656,2,0.9100103378295898,0.8238296508789062,-0.0861806869506836,0,1561,1110,314,1008,1599,1568,1568
1540,26041,15998,2,0.9694851636886597,0.7008770704269409,-0.26860809326171875,0,36,110,1531,129,47,25,25
1541,26065,14871,3,0.9114604592323303,0.7866355776786804,-0.1248248815536499,0,793,821,901,834,637,667,667
1542,26085,21685,2,0.8659963011741638,0.7569319009780884,-0.10906440019607544,0,1097,648,1382,786,1008,1143,1143
1543,26090,20805,2,0.9538909196853638,0.7488766312599182,-0.20501428842544556,0,263,456,1476,542,258,239,239
1544,26130,19913,3,0.8327954411506653,0.8385094404220581,0.005713999271392822,1,1179,1677,640,1697,1087,1102,1102
1545,26156,18394,6,0.9187861680984497,0.7415749430656433,-0.1772112250328064,0,1339,232,125,128,1303,1062,1062
1546,26202,18061,2,0.8951495885848999,0.8139879703521729,-0.08116161823272705,0,1365,805,214,681,1291,1137,1137
1547,26209,22929,4,0.9527464509010315,0.7901747822761536,-0.16257166862487793,0,288,509,255,385,236,140,140
1548,26220,10861,3,0.8750592470169067,0.8161816000938416,-0.058877646923065186,0,876,1439,504,1422,921,862,862
1549,26230,8044,2,0.9234510064125061,0.7102434039115906,-0.21320760250091553,0,1689,254,703,146,1680,1684,1684
1550,26233,6714,2,0.9532020688056946,0.663722574710846,-0.28947949409484863,0,402,37,1532,41,404,494,494
1551,26234,6497,2,0.9046788215637207,0.8499264717102051,-0.054752349853515625,0,776,1469,484,1427,700,619,619
1552,26241,16198,3,0.9101848602294922,0.8044509887695312,-0.10573387145996094,0,284,1166,1475,1337,268,454,454
1553,26247,7447,3,0.9557659029960632,0.8470811247825623,-0.10868477821350098,0,76,1303,1530,1427,57,94,94
1554,26259,23028,2,0.9716028571128845,0.8381569385528564,-0.13344591856002808,0,125,712,934,746,96,95,95
1555,26267,22565,3,0.9453871250152588,0.702853262424469,-0.2425338625907898,0,1206,159,973,72,1222,1255,1255
1556,26276,22807,2,0.9029614329338074,0.8494946360588074,-0.053466796875,0,1615,1530,637,1435,1624,1626,1626
1557,26299,3595,2,0.9188617467880249,0.7443766593933105,-0.17448508739471436,0,1010,185,87,119,957,631,631
1558,26321,3599,2,0.9390961527824402,0.827848494052887,-0.11124765872955322,0,207,883,767,906,206,152,152
1559,26349,22714,2,0.9506386518478394,0.8237881064414978,-0.12685054540634155,0,507,878,823,902,509,483,483
1560,26368,13598,2,0.921907365322113,0.8431722521781921,-0.0787351131439209,0,308,1336,1136,1346,315,362,362
1561,26369,6033,2,0.9126867651939392,0.7823629379272461,-0.13032382726669312,0,1057,772,1413,947,1028,1219,1219
1562,26371,10742,2,0.9266833066940308,0.7898235321044922,-0.13685977458953857,0,627,832,1122,891,587,531,531
1563,26377,9694,5,0.9424182772636414,0.8477532863616943,-0.09466499090194702,0,1,1652,1688,1700,1,1,1
1564,26387,7373,2,0.8895466923713684,0.8158307671546936,-0.0737159252166748,0,623,1196,1395,1292,848,1029,1029
1565,26394,13046,4,0.9667395353317261,0.8608309030532837,-0.10590863227844238,0,12,1052,1105,1109,7,6,6
1566,26402,14378,3,0.9786359667778015,0.8596881628036499,-0.11894780397415161,0,3,457,656,430,5,3,3
1567,26406,22574,2,0.8947349190711975,0.8199613690376282,-0.07477355003356934,0,72,1459,1764,1616,80,140,140
1568,26437,19112,2,0.9099017381668091,0.796661913394928,-0.1132398247718811,0,887,1154,1233,1253,719,780,780
1569,26448,19900,3,0.9859471917152405,0.7049239873886108,-0.28102320432662964,0,21,269,1719,345,22,26,26
1570,26530,5108,2,0.9413336515426636,0.8295634984970093,-0.1117701530456543,0,772,803,163,652,722,492,492
1571,26532,8504,2,0.8782045245170593,0.7327136993408203,-0.145490825176239,0,188,62,440,81,196,128,128
1572,26534,22821,3,0.9005042910575867,0.8199399709701538,-0.08056432008743286,0,28,1290,296,1212,29,26,26
1573,26580,9479,2,0.9523534774780273,0.6616944670677185,-0.29065901041030884,0,57,29,1576,34,67,61,61
1574,26583,5903,3,0.9107334613800049,0.7184687852859497,-0.19226467609405518,0,331,234,1684,353,477,754,754
1575,26605,22328,5,0.8810821175575256,0.8252547979354858,-0.055827319622039795,0,480,1559,930,1579,590,593,593
1576,26628,4387,3,0.8400786519050598,0.8275086879730225,-0.012569963932037354,0,1162,1539,26,1427,880,670,670
1577,26630,22004,2,0.923658013343811,0.7018917202949524,-0.22176629304885864,0,1026,55,1205,74,945,1014,1014
1578,26674,13481,2,0.9490936994552612,0.7378924489021301,-0.2112012505531311,0,246,241,1635,337,220,375,375
1579,26690,19767,2,0.9811060428619385,0.7788040041923523,-0.20230203866958618,0,15,490,1608,651,13,9,9
1580,26817,21758,2,0.9162459969520569,0.7527986764907837,-0.1634473204612732,0,1161,453,1650,605,1103,1319,1319
1581,26818,18274,2,0.9827432632446289,0.7407054305076599,-0.242037832736969,0,32,380,1514,435,47,30,30
1582,26819,3762,2,0.9213476181030273,0.6949699521064758,-0.2263776659965515,0,146,45,1612,65,156,163,163
1583,26850,21345,3,0.9373225569725037,0.8117824792861938,-0.12554007768630981,0,382,993,1309,1132,364,324,324
1584,26854,23031,3,0.928848385810852,0.7735137343406677,-0.15533465147018433,0,1587,617,852,614,1581,1595,1595
1585,26857,11685,2,0.9607203006744385,0.672137975692749,-0.28858232498168945,0,1,21,1452,23,1,1,1
1586,26876,22217,3,0.891994297504425,0.8077517747879028,-0.08424252271652222,0,1392,1106,25,912,1492,1280,1280
1587,26886,22892,3,0.9140388369560242,0.7530623078346252,-0.16097652912139893,0,754,207,26,85,774,489,489
1588,26952,12394,2,0.9402478933334351,0.8111098408699036,-0.1291380524635315,0,142,855,1244,935,164,199,199
1589,26973,15590,2,0.9441091418266296,0.8103176355361938,-0.1337915062904358,0,34,737,308,676,113,3,3
1590,27003,11829,2,0.9610967636108398,0.698395311832428,-0.26270145177841187,0,5,105,1608,125,4,7,7
1591,27006,22480,3,0.942277193069458,0.854016900062561,-0.08826029300689697,0,73,1450,1099,1463,65,86,86
1592,27028,18091,2,0.9349483251571655,0.8414812088012695,-0.093467116355896,0,374,1110,498,1063,355,235,235
1593,27036,3822,3,0.9458284378051758,0.8401139378547668,-0.10571449995040894,0,8,1322,1647,1499,7,22,22
1594,27046,14483,3,0.9636555910110474,0.7623414993286133,-0.20131409168243408,0,21,500,1296,508,24,10,10
1595,27054,15266,6,0.9007863402366638,0.7853198051452637,-0.11546653509140015,0,1,1351,1061,1397,6,1,1
1596,27078,20798,1,0.8892890214920044,0.7932858467102051,-0.09600317478179932,0,1534,917,835,914,1530,1551,1551
1597,27079,21724,1,0.8937766551971436,0.815039336681366,-0.07873731851577759,0,776,1137,1373,1193,751,869,869
1598,27093,21338,1,0.892661452293396,0.7973644733428955,-0.09529697895050049,0,209,926,1714,1115,423,763,763
1599,27126,22144,2,0.9380655884742737,0.8134912848472595,-0.12457430362701416,0,295,700,1122,778,260,294,294
1600,27176,21364,4,0.938595175743103,0.8143289089202881,-0.12426626682281494,0,69,680,1095,773,81,59,59
1601,27193,3865,2,0.9388910531997681,0.8301980495452881,-0.10869300365447998,0,1042,860,60,725,1130,877,877
1602,27215,3869,2,0.8454561233520508,0.813319742679596,-0.032136380672454834,0,974,1393,173,1329,1055,929,929
1603,27234,16763,1,0.8998555541038513,0.7905452251434326,-0.1093103289604187,0,1167,854,172,771,1405,1340,1340
1604,27261,22929,2,0.9462409019470215,0.7995895147323608,-0.14665138721466064,0,158,280,385,267,134,69,69
1605,27273,22994,2,0.8972362875938416,0.8381683230400085,-0.05906796455383301,0,998,1410,797,1408,902,852,852
1606,27283,17780,3,0.9281731247901917,0.8364524841308594,-0.09172064065933228,0,856,1345,1106,1392,841,920,920
1607,27284,11696,3,0.9308671951293945,0.8216484189033508,-0.1092187762260437,0,185,1058,316,1007,325,194,194
1608,27312,13482,3,0.9107245802879333,0.8044347167015076,-0.10628986358642578,0,1181,1224,1136,1286,1197,1294,1294
1609,27315,21350,5,0.9528809189796448,0.6993393898010254,-0.2535415291786194,0,3,208,1737,317,3,3,3
1610,27344,6982,2,0.8995999097824097,0.8047128319740295,-0.09488707780838013,0,1767,889,29,785,1763,1753,1753
1611,27366,20517,5,0.9393649101257324,0.8091332912445068,-0.13023161888122559,0,613,1053,683,1057,621,574,574
1612,27385,21350,2,0.8716211318969727,0.740573525428772,-0.13104760646820068,0,621,474,1515,631,772,957,957
1613,27392,3947,3,0.9137514233589172,0.8364220261573792,-0.07732939720153809,0,1112,1449,1223,1511,1296,1451,1451
1614,27396,3948,2,0.9184994101524353,0.8563265800476074,-0.06217283010482788,0,42,1446,1408,1482,41,53,53
1615,27417,4170,2,0.9448498487472534,0.8375290632247925,-0.10732078552246094,0,1009,1131,1346,1240,926,1051,1051
1616,27434,5108,2,0.8924902081489563,0.8334694504737854,-0.0590207576751709,0,900,980,217,846,950,716,716
1617,27437,3955,2,0.8656221628189087,0.8358997106552124,-0.02972245216369629,0,499,1436,857,1454,680,596,596
1618,27448,22228,4,0.9063869118690491,0.8530009388923645,-0.05338597297668457,0,569,1617,1245,1604,495,573,573
1619,27457,14681,2,0.8931154012680054,0.7742385864257812,-0.11887681484222412,0,1411,700,478,640,1514,1499,1499
1620,27465,17843,1,0.8985236883163452,0.8707714676856995,-0.027752220630645752,0,896,1672,918,1647,867,921,921
1621,27509,17976,2,0.8985493779182434,0.8159077167510986,-0.08264166116714478,0,109,903,814,922,74,68,68
1622,27511,10229,4,0.9614593386650085,0.8269755840301514,-0.13448375463485718,0,1,959,1200,1062,1,1,1
1623,27514,21866,2,0.9423643946647644,0.854504406452179,-0.08785998821258545,0,22,1342,1459,1412,14,19,19
1624,27533,7305,3,0.950935959815979,0.7183871269226074,-0.23254883289337158,0,1574,248,1159,169,1551,1596,1596
1625,27546,3995,2,0.9229633212089539,0.7031450271606445,-0.21981829404830933,0,630,135,1702,224,625,942,942
1626,27551,16772,2,0.984027624130249,0.7089977860450745,-0.27502983808517456,0,10,232,1512,251,10,6,6
1627,27561,10797,4,0.949612557888031,0.8190808892250061,-0.1305316686630249,0,1779,897,354,834,1779,1779,1779
1628,27584,6314,2,0.9661740660667419,0.7464235424995422,-0.2197505235671997,0,149,447,1530,552,139,113,113
1629,27623,4020,2,0.9796801805496216,0.686593770980835,-0.2930864095687866,0,203,151,1579,147,226,228,228
1630,27687,22943,2,0.9360175728797913,0.7722072005271912,-0.1638103723526001,0,1010,653,1200,683,932,1072,1072
1631,27688,19859,2,0.883686363697052,0.8509001731872559,-0.03278619050979614,0,1232,1596,345,1519,1140,1077,1077
1632,27690,5745,4,0.9677401781082153,0.6903079748153687,-0.2774322032928467,0,240,67,1654,110,210,291,291
1633,27691,10077,3,0.911881685256958,0.7871100306510925,-0.12477165460586548,0,1324,745,586,726,1317,1305,1305
1634,27694,4045,2,0.9146938323974609,0.7473962306976318,-0.1672976016998291,0,1459,220,107,159,1459,1232,1232
1635,27695,21282,3,0.8956577181816101,0.8276782631874084,-0.06797945499420166,0,1204,1650,900,1653,1121,1135,1135
1636,27723,6269,2,0.9433017373085022,0.6948590278625488,-0.24844270944595337,0,71,71,1670,95,51,62,62
1637,27750,12454,2,0.9510213136672974,0.8451136946678162,-0.1059076189994812,0,983,1035,356,938,830,638,638
1638,27784,19913,2,0.8703725934028625,0.8592454791069031,-0.011127114295959473,0,335,1731,1319,1729,273,373,373
1639,27790,22932,3,0.9440318942070007,0.8009406328201294,-0.14309126138687134,0,1144,603,67,403,1087,689,689
1640,27815,21742,2,0.9778872132301331,0.7261803150177002,-0.25170689821243286,0,198,308,1442,314,199,133,133
1641,27868,14417,2,0.9550089240074158,0.873148500919342,-0.08186042308807373,0,104,1524,1521,1564,86,118,118
1642,27871,4133,5,0.9064467549324036,0.8228381872177124,-0.08360856771469116,0,1176,1712,1269,1723,1097,1219,1219
1643,27888,21021,2,0.9228560328483582,0.8489933609962463,-0.07386267185211182,0,301,1398,1003,1388,251,263,263
1644,27897,22453,3,0.9288318753242493,0.7291284203529358,-0.19970345497131348,0,587,334,1418,387,623,734,734
1645,27915,14062,3,0.937264621257782,0.7733455896377563,-0.16391903162002563,0,1248,497,381,413,1177,1128,1128
1646,27927,13376,2,0.9033774137496948,0.8354095816612244,-0.06796783208847046,0,650,1208,160,1075,742,583,583
1647,27960,16616,2,0.9445655345916748,0.8292344808578491,-0.11533105373382568,0,642,775,551,762,587,494,494
1648,27996,18274,2,0.9086207747459412,0.7821597456932068,-0.12646102905273438,0,709,758,1302,868,751,861,861
1649,28019,20753,2,0.980729877948761,0.7268357276916504,-0.2538941502571106,0,20,309,1489,337,28,13,13
1650,28052,21446,2,0.8709660768508911,0.852336049079895,-0.018630027770996094,0,1429,1530,179,1475,1452,1402,1402
1651,28056,17693,1,0.9351985454559326,0.8466061949729919,-0.08859235048294067,0,26,223,1570,326,25,20,20
1652,28068,10151,2,0.9070518016815186,0.707658052444458,-0.19939374923706055,0,1418,100,1411,176,1376,1477,1477
1653,28109,6037,3,0.9787257313728333,0.7178543210029602,-0.26087141036987305,0,2,319,1605,377,2,2,2
1654,28151,6716,2,0.9378123879432678,0.781387448310852,-0.15642493963241577,0,835,616,1067,622,960,1033,1033
1655,28157,19837,3,0.9478977918624878,0.8355571627616882,-0.11234062910079956,0,483,993,331,917,558,387,387
1656,28162,8589,3,0.9464079141616821,0.780816912651062,-0.16559100151062012,0,1006,541,321,440,940,804,804
1657,28164,17122,2,0.9667872190475464,0.7109153270721436,-0.25587189197540283,0,706,146,1411,117,457,504,504
1658,28177,4284,3,0.9576334357261658,0.8864976167678833,-0.07113581895828247,0,4,1518,875,1526,1,1,1
1659,28212,22701,2,0.9189886450767517,0.828377902507782,-0.09061074256896973,0,1111,1080,377,1014,1183,1085,1085
1660,28219,6020,5,0.8555877804756165,0.7015648484230042,-0.1540229320526123,0,1628,238,1362,314,1583,1646,1646
1661,28222,21758,2,0.8820982575416565,0.7605776786804199,-0.12152057886123657,0,315,507,1474,635,321,418,418
1662,28302,15571,3,0.9182516932487488,0.8088415861129761,-0.1094101071357727,0,13,1303,1635,1500,13,23,23
1663,28353,8812,3,0.9373118877410889,0.7497444748878479,-0.18756741285324097,0,454,401,1539,509,480,678,678
1664,28374,21491,3,0.9452826976776123,0.8131269812583923,-0.13215571641921997,0,1268,831,722,854,1202,1239,1239
1665,28390,7170,3,0.9554250836372375,0.7918481826782227,-0.1635769009590149,0,400,756,1292,838,374,330,330
1666,28392,4365,3,0.9466100335121155,0.7964862585067749,-0.15012377500534058,0,515,686,772,656,520,441,441
1667,28403,19563,4,0.9194342494010925,0.7015658617019653,-0.2178683876991272,0,1574,87,70,44,1549,1401,1401
1668,28422,15439,8,0.9742376804351807,0.7570532560348511,-0.2171844244003296,0,13,941,1560,1064,11,12,12
1669,28423,22774,3,0.9373376369476318,0.819329023361206,-0.11800861358642578,0,623,668,107,485,491,257,257
1670,28426,20054,3,0.911263644695282,0.8178385496139526,-0.09342509508132935,0,1399,1040,198,952,1372,1238,1238
1671,28482,5967,2,0.8547036647796631,0.7256961464881897,-0.1290075182914734,0,1727,89,48,58,1717,1687,1687
1672,28496,11069,2,0.8841966986656189,0.8343657851219177,-0.04983091354370117,0,68,1702,1739,1749,89,218,218
1673,28501,21699,3,0.9802513718605042,0.6717798709869385,-0.3084715008735657,0,141,138,1703,171,121,170,170
1674,28504,16291,2,0.9651706218719482,0.734398365020752,-0.2307722568511963,0,26,383,1675,489,19,22,22
1675,28522,21101,1,0.8896321654319763,0.7835811972618103,-0.10605096817016602,0,1384,984,175,882,1260,1128,1128
1676,28548,17822,3,0.944621741771698,0.7373403310775757,-0.20728141069412231,0,184,405,1713,596,176,312,312
1677,28551,18052,2,0.932746410369873,0.8222899436950684,-0.11045646667480469,0,20,1102,1637,1330,20,27,27
1678,28556,21338,3,0.9394068121910095,0.8021043539047241,-0.1373024582862854,0,365,834,408,791,356,187,187
1679,28607,6378,2,0.9338419437408447,0.7460587024688721,-0.18778324127197266,0,1506,98,152,85,1421,1268,1268
1680,28625,20923,2,0.8259500861167908,0.8657218813896179,0.03977179527282715,1,1665,1768,457,1750,1646,1643,1643
1681,28676,4438,2,0.9043015241622925,0.8458456993103027,-0.058455824851989746,0,896,1594,1362,1595,894,1018,1018
1682,28716,11690,2,0.8913562893867493,0.7510979175567627,-0.14025837182998657,0,691,543,1439,675,776,931,931
1683,28737,22929,1,0.9172457456588745,0.7638017535209656,-0.15344399213790894,0,775,609,986,600,791,849,849
1684,28751,5900,2,0.8847734928131104,0.8163440823554993,-0.06842941045761108,0,1659,1395,1504,1435,1670,1716,1716
1685,28757,22194,2,0.9171915054321289,0.7863863706588745,-0.1308051347732544,0,1631,495,62,339,1622,1487,1487
1686,28773,20919,1,0.9199427366256714,0.7709674835205078,-0.14897525310516357,0,511,654,1054,660,566,606,606
1687,28781,22267,2,0.9283642172813416,0.8524210453033447,-0.07594317197799683,0,655,1399,1344,1438,727,843,843
1688,28839,21775,2,0.9356548190116882,0.8409612774848938,-0.09469354152679443,0,473,1246,1241,1304,494,553,553
1689,28868,16859,2,0.9651581048965454,0.7143662571907043,-0.25079184770584106,0,172,158,1556,191,150,141,141
1690,28891,22945,5,0.9141383171081543,0.7446656227111816,-0.16947269439697266,0,887,52,5,18,824,384,384
1691,28902,5963,2,0.9276877641677856,0.8750222325325012,-0.052665531635284424,0,1070,1524,1429,1577,991,1154,1154
1692,28914,10165,2,0.9198327660560608,0.7870126962661743,-0.13282006978988647,0,426,701,397,652,452,356,356
1693,28938,22772,3,0.9085738658905029,0.8234738111495972,-0.08510005474090576,0,877,1158,934,1202,841,920,920
1694,28974,9532,3,0.8647406697273254,0.7635245323181152,-0.1012161374092102,0,1747,904,7,633,1749,1716,1716
1695,28989,19015,1,0.8828506469726562,0.8206929564476013,-0.06215769052505493,0,534,1360,823,1393,549,505,505
1696,29004,17841,2,0.9318807721138,0.8475615382194519,-0.08431923389434814,0,284,1395,1466,1429,276,366,366
1697,29008,23029,2,0.9417775869369507,0.8617364764213562,-0.08004111051559448,0,249,1302,637,1245,207,190,190
1698,29016,21724,2,0.9406531453132629,0.8066940903663635,-0.13395905494689941,0,505,906,1358,1057,480,495,495
1699,29075,21624,2,0.9919753670692444,0.6729005575180054,-0.319074809551239,0,5,66,1720,89,5,5,5
1700,29095,4611,3,0.9759313464164734,0.8343331217765808,-0.14159822463989258,0,17,604,1060,625,17,17,17
1701,29113,21751,1,0.9462690353393555,0.8607597947120667,-0.08550924062728882,0,507,1355,1260,1382,468,554,554
1702,29131,21652,2,0.9492200613021851,0.8400017023086548,-0.10921835899353027,0,1,787,124,612,1,1,1
1703,29138,8021,3,0.9361610412597656,0.818250834941864,-0.11791020631790161,0,1631,959,74,788,1594,1459,1459
1704,29152,20082,3,0.9570497870445251,0.7588130235671997,-0.19823676347732544,0,95,266,919,238,100,104,104
1705,29219,15020,2,0.9626210927963257,0.8487851619720459,-0.11383593082427979,0,1,1009,704,1012,1,1,1
1706,29259,20781,4,0.9060150384902954,0.8024392127990723,-0.10357582569122314,0,1433,926,135,812,1405,1318,1318
1707,29270,16085,1,0.8862330913543701,0.7790730595588684,-0.10716003179550171,0,1176,860,590,812,1173,1137,1137
1708,29287,21915,2,0.9334564805030823,0.8574801087379456,-0.07597637176513672,0,580,1462,1206,1510,546,625,625
1709,29302,22862,3,0.9547422528266907,0.8104442954063416,-0.14429795742034912,0,790,700,617,650,736,675,675
1710,29344,15063,4,0.9185080528259277,0.7210859656333923,-0.1974220871925354,0,961,143,359,85,865,740,740
1711,29362,21639,2,0.9272209405899048,0.8219268918037415,-0.10529404878616333,0,730,945,106,856,681,545,545
1712,29370,22874,2,0.8573025465011597,0.8322795629501343,-0.02502298355102539,0,1315,1406,425,1377,1388,1380,1380
1713,29436,19814,2,0.9335326552391052,0.8003137707710266,-0.1332188844680786,0,1056,664,221,543,950,771,771
1714,29444,9018,2,0.9682789444923401,0.7096562385559082,-0.2586227059364319,0,214,235,1676,279,158,209,209
1715,29504,15682,3,0.9079872369766235,0.7042800784111023,-0.20370715856552124,0,2,15,181,17,2,1,1
1716,29509,22228,2,0.8773661851882935,0.8479475975036621,-0.029418587684631348,0,951,1477,713,1511,886,889,889
1717,29553,23005,2,0.9377185702323914,0.8312906622886658,-0.10642790794372559,0,244,842,500,787,238,160,160
1718,29689,9075,2,0.9223943948745728,0.7715070843696594,-0.15088731050491333,0,1158,738,1360,837,1206,1389,1389
1719,29693,15674,3,0.9420268535614014,0.8266921043395996,-0.11533474922180176,0,1594,1070,611,1066,1646,1645,1645
1720,29720,4878,2,0.9041104912757874,0.777689516544342,-0.1264209747314453,0,445,650,1278,698,451,461,461
1721,29728,14312,2,0.9423391222953796,0.7249578237533569,-0.2173812985420227,0,515,211,695,147,547,476,476
1722,29729,19837,3,0.9375521540641785,0.8376644253730774,-0.09988772869110107,0,549,1088,351,1010,567,454,454
1723,29741,9164,2,0.9533916115760803,0.8002211451530457,-0.15317046642303467,0,1,195,34,118,1,1,1
1724,29746,22884,2,0.956315815448761,0.776146650314331,-0.18016916513442993,0,72,431,847,397,62,60,60
1725,29759,17613,2,0.8735164999961853,0.7812813520431519,-0.09223514795303345,0,1140,786,1122,843,1054,1163,1163
1726,29776,4907,2,0.9173625111579895,0.8081255555152893,-0.1092369556427002,0,34,1037,1583,1218,26,37,37
1727,29780,22826,2,0.9193575382232666,0.8477143049240112,-0.07164323329925537,0,659,1288,408,1195,528,344,344
1728,29791,4920,2,0.934705913066864,0.7473447918891907,-0.18736112117767334,0,805,324,55,139,810,530,530
1729,29798,21775,3,0.9388657808303833,0.8392046093940735,-0.09966117143630981,0,57,1144,1150,1203,95,94,94
1730,29815,22740,3,0.952138364315033,0.7311480045318604,-0.2209903597831726,0,263,414,1516,513,264,370,370
1731,29851,21900,3,0.8676531910896301,0.7413762211799622,-0.12627696990966797,0,1680,598,40,453,1695,1630,1630
1732,29857,13106,3,0.9730369448661804,0.7793886661529541,-0.19364827871322632,0,84,395,968,292,63,50,50
1733,29888,4952,2,0.9296324253082275,0.7302088737487793,-0.19942355155944824,0,556,130,800,111,500,398,398
1734,29916,22004,2,0.8749540448188782,0.7115221619606018,-0.16343188285827637,0,1132,89,501,105,1146,1054,1054
1735,29935,19454,2,0.909523069858551,0.8156711459159851,-0.09385192394256592,0,611,1042,479,981,601,526,526
1736,29976,12079,3,0.9120668172836304,0.8290004730224609,-0.08306634426116943,0,1356,1363,606,1337,1364,1229,1229
1737,29984,19819,1,0.8882328867912292,0.7923221588134766,-0.09591072797775269,0,852,708,1383,817,601,720,720
1738,29988,10633,2,0.9740138649940491,0.8224669098854065,-0.15154695510864258,0,1,555,1220,587,1,1,1
1739,29997,17122,2,0.866105854511261,0.7451894283294678,-0.12091642618179321,0,1152,184,225,160,1063,786,786
1740,30000,21945,2,0.8797335028648376,0.8407822847366333,-0.038951218128204346,0,929,1673,1242,1706,960,1091,1091
1741,30004,22894,2,0.8910350799560547,0.7851877212524414,-0.10584735870361328,0,1548,838,526,806,1545,1536,1536
1742,30135,13821,3,0.990485668182373,0.6536235213279724,-0.33686214685440063,0,50,42,1567,43,50,45,45
1743,30150,19633,1,0.9036263823509216,0.7652844786643982,-0.13834190368652344,0,820,515,344,450,634,530,530
1744,30170,21768,2,0.9325643181800842,0.7947738766670227,-0.13779044151306152,0,466,709,1242,763,442,447,447
1745,30202,10890,4,0.9081100225448608,0.8624451160430908,-0.04566490650177002,0,319,1747,1608,1752,269,501,501
1746,30229,22932,1,0.9360798597335815,0.7854171991348267,-0.15066266059875488,0,156,453,818,489,175,138,138
1747,30236,22349,2,0.9527894854545593,0.8679461479187012,-0.08484333753585815,0,73,1299,1058,1300,72,54,54
1748,30239,22996,3,0.9460077881813049,0.7824908494949341,-0.16351693868637085,0,1022,531,227,416,1061,900,900
1749,30261,13591,2,0.9059142470359802,0.8281980752944946,-0.0777161717414856,0,555,1278,890,1298,535,512,512
1750,30263,5137,2,0.794511616230011,0.8862312436103821,0.0917196273803711,1,648,1776,252,1776,737,641,641
1751,30303,12630,2,0.9489491581916809,0.8085657954216003,-0.14038336277008057,0,159,707,774,685,140,32,32
1752,30311,17171,3,0.9567258954048157,0.810255229473114,-0.14647066593170166,0,71,614,1751,928,67,109,109
1753,30367,22703,1,0.9427966475486755,0.8359276056289673,-0.10686904191970825,0,132,1083,1651,1234,144,264,264
1754,30371,14534,2,0.9037811160087585,0.8408780694007874,-0.06290304660797119,0,545,1298,1076,1280,572,579,579
1755,30377,19474,2,0.9484503865242004,0.6920549869537354,-0.2563953995704651,0,206,148,1653,200,206,232,232
1756,30397,13296,2,0.862474262714386,0.7562094926834106,-0.10626477003097534,0,91,423,361,352,132,82,82
1757,30398,6105,1,0.9296239018440247,0.747871458530426,-0.18175244331359863,0,727,336,750,232,849,766,766
1758,30423,13448,3,0.9605680704116821,0.7105047702789307,-0.25006330013275146,0,348,341,1686,442,327,432,432
1759,30442,19160,2,0.9533272981643677,0.728344738483429,-0.22498255968093872,0,9,298,1761,435,9,23,23
1760,30448,19352,4,0.9241370558738708,0.685166597366333,-0.23897045850753784,0,433,151,1619,200,463,697,697
1761,30469,11591,2,0.9409247636795044,0.8219029307365417,-0.11902183294296265,0,2,915,738,924,2,3,3
1762,30568,10403,3,0.8577452898025513,0.8643837571144104,0.006638467311859131,1,1178,1771,1398,1766,1228,1313,1313
1763,30634,20376,4,0.9736555814743042,0.8212321996688843,-0.15242338180541992,0,7,533,1255,598,6,7,7
1764,30668,22837,2,0.9289820194244385,0.8215460181236267,-0.10743600130081177,0,922,977,678,982,994,967,967
1765,30675,20282,2,0.9577029943466187,0.822402834892273,-0.1353001594543457,0,149,615,1417,749,100,131,131
1766,30676,18272,2,0.9042138457298279,0.6909245848655701,-0.2132892608642578,0,1204,62,1471,99,1196,1338,1338
1767,30680,18807,3,0.9483989477157593,0.8042805790901184,-0.14411836862564087,0,398,533,292,403,384,285,285
1768,30686,17517,3,0.9392258524894714,0.7433261871337891,-0.19589966535568237,0,1465,160,125,85,1270,1024,1024
1769,30723,15850,2,0.9499130249023438,0.8606507778167725,-0.08926224708557129,0,229,1264,1356,1280,203,235,235
1770,30737,21505,2,0.931776762008667,0.8797882199287415,-0.05198854207992554,0,246,1581,1374,1608,166,214,214
1771,30750,16960,1,0.8427131175994873,0.8406562209129333,-0.002056896686553955,0,1021,1672,398,1670,843,789,789
1772,30764,22550,1,0.9189051985740662,0.8117362856864929,-0.10716891288757324,0,409,882,820,899,327,331,331
1773,30780,22892,1,0.8665857911109924,0.7450878024101257,-0.1214979887008667,0,1689,340,133,270,1645,1560,1560
1774,30826,10817,2,0.9074754118919373,0.760282576084137,-0.1471928358078003,0,1032,631,1738,896,975,1294,1294
1775,30851,20177,2,0.9179204702377319,0.812057614326477,-0.10586285591125488,0,645,1137,1625,1302,628,873,873
1776,30941,18794,2,0.9124228358268738,0.78327876329422,-0.1291440725326538,0,718,628,831,646,921,944,944
1777,30948,21947,4,0.9663224220275879,0.709686815738678,-0.2566356062889099,0,4,27,1053,31,5,6,6
1778,30951,22975,1,0.939086377620697,0.8011810183525085,-0.13790535926818848,0,56,392,506,345,55,44,44
1779,30971,7388,2,0.9215825796127319,0.8324336409568787,-0.08914893865585327,0,331,1303,1732,1473,229,427,427
1780,31018,5520,4,0.8772251605987549,0.7802014946937561,-0.09702366590499878,0,210,1421,1631,1598,196,226,226
1781,31039,23008,1,0.9321598410606384,0.8015146851539612,-0.13064515590667725,0,1225,725,1308,805,1237,1326,1326
1782,31060,16627,3,0.9018703103065491,0.6162235140800476,-0.28564679622650146,0,237,8,1529,7,254,280,280
1783,31069,15308,3,0.9380316138267517,0.6906319260597229,-0.2473996877670288,0,361,85,1601,130,477,761,761
1784,31095,10403,3,0.8484788537025452,0.8583787679672241,0.009899914264678955,1,1088,1768,973,1772,1155,1195,1195
1785,31098,21801,2,0.9662115573883057,0.7776067852973938,-0.18860477209091187,0,373,535,1383,587,326,273,273
1786,31126,23019,3,0.9378295540809631,0.7935120463371277,-0.14431750774383545,0,995,613,469,555,898,716,716
1787,31144,21429,3,0.9431712031364441,0.7195075154304504,-0.22366368770599365,0,47,287,1508,331,46,71,71
1788,31160,19010,2,0.9166891574859619,0.7032152414321899,-0.21347391605377197,0,750,82,1052,67,595,545,545
1789,31179,22347,3,0.9508621692657471,0.7223052978515625,-0.22855687141418457,0,277,344,1751,480,250,412,412
1790,31201,21222,2,0.9299280643463135,0.8473672866821289,-0.08256077766418457,0,167,720,1698,933,145,191,191
1791,31212,21082,1,0.8513513207435608,0.8590717911720276,0.007720470428466797,1,691,1674,1551,1686,903,1128,1128
1792,31238,22329,3,0.9901306629180908,0.6978316903114319,-0.29229897260665894,0,17,252,1721,310,17,17,17
1793,31240,20604,2,0.9001126885414124,0.7490984797477722,-0.15101420879364014,0,1734,631,961,614,1731,1744,1744
1794,31242,18151,2,0.936680018901825,0.7121740579605103,-0.2245059609413147,0,97,196,1565,239,54,65,65
1795,31244,15643,2,0.9625852704048157,0.8081728219985962,-0.15441244840621948,0,2,366,146,261,2,2,2
1796,31258,9156,3,0.9526755213737488,0.8246533274650574,-0.1280221939086914,0,6,622,883,621,6,7,7
1797,31282,23012,4,0.9568559527397156,0.7919207811355591,-0.1649351716041565,0,942,510,167,389,907,617,617
1798,31284,10011,2,0.9032866358757019,0.8708585500717163,-0.032428085803985596,0,683,1743,624,1690,730,640,640
1799,31317,12120,1,0.8312661051750183,0.835933268070221,0.004667162895202637,1,816,1639,40,1586,983,775,775
1800,31355,16120,3,0.9306694865226746,0.7765023112297058,-0.15416717529296875,0,1666,497,387,380,1619,1577,1577
1801,31357,21707,3,0.9274399280548096,0.8591482043266296,-0.06829172372817993,0,176,1503,833,1486,196,204,204
1802,31415,22700,2,0.939834475517273,0.8256967067718506,-0.11413776874542236,0,649,1039,181,959,666,501,501
1803,31430,19136,2,0.968634307384491,0.8286986351013184,-0.1399356722831726,0,5,593,760,584,5,5,5
1804,31478,13117,2,0.9862666130065918,0.7228928208351135,-0.26337379217147827,0,10,300,1500,332,8,6,6
1805,31494,21351,2,0.8570395708084106,0.8477567434310913,-0.009282827377319336,0,611,1530,917,1554,501,407,407
1806,31523,19746,1,0.8982032537460327,0.8118501901626587,-0.08635306358337402,0,874,1051,871,1066,730,695,695
1807,31541,17669,6,0.9265824556350708,0.7907559275627136,-0.13582652807235718,0,1281,995,238,917,1211,1066,1066
1808,31560,10045,2,0.907741904258728,0.8382846117019653,-0.0694572925567627,0,846,1469,1503,1517,975,1145,1145
1809,31563,21489,1,0.9096828103065491,0.7938875555992126,-0.11579525470733643,0,56,327,535,297,47,36,36
1810,31626,14242,2,0.9726189374923706,0.6538013219833374,-0.3188176155090332,0,19,15,1585,15,19,17,17
1811,31633,18213,4,0.9121752977371216,0.805893063545227,-0.10628223419189453,0,1620,945,52,749,1609,1463,1463
1812,31645,12017,2,0.9435893297195435,0.8397825360298157,-0.10380679368972778,0,1102,1051,1188,1130,1030,1095,1095
1813,31708,20039,2,0.9784561395645142,0.7219045758247375,-0.2565515637397766,0,240,325,1497,362,233,202,202
1814,31731,21583,3,0.9588919878005981,0.7892410159111023,-0.16965097188949585,0,116,490,906,476,138,137,137
1815,31742,22182,1,0.8630274534225464,0.8605390787124634,-0.002488374710083008,0,1666,1763,417,1729,1570,1542,1542
1816,31771,13037,2,0.9536851644515991,0.8202815651893616,-0.13340359926223755,0,14,639,1207,736,29,33,33
1817,31808,22981,3,0.9316549897193909,0.8256857991218567,-0.10596919059753418,0,885,985,338,911,845,766,766
1818,31841,20012,3,0.9053656458854675,0.7247512340545654,-0.1806144118309021,0,1168,312,1692,492,1109,1303,1303
1819,31846,21586,2,0.8766878247261047,0.7177878022193909,-0.15890002250671387,0,1197,353,1712,541,1180,1453,1453
1820,31851,18059,3,0.9319146871566772,0.826038122177124,-0.10587656497955322,0,713,1196,865,1214,686,689,689
1821,31862,22845,2,0.9252758622169495,0.7780620455741882,-0.14721381664276123,0,1030,462,570,404,920,797,797
1822,31912,16518,2,0.8885928988456726,0.8565017580986023,-0.03209114074707031,0,1669,1689,420,1594,1656,1640,1640
1823,31955,22884,5,0.9462463855743408,0.7582517266273499,-0.18799465894699097,0,740,525,1002,538,686,675,675
1824,32000,6656,2,0.9294739961624146,0.8210000395774841,-0.10847395658493042,0,1553,992,278,890,1583,1547,1547
1825,32037,22168,3,0.9622653126716614,0.7799777984619141,-0.18228751420974731,0,165,433,558,336,139,122,122
1826,32046,20666,3,0.9499977231025696,0.7141960263252258,-0.23580169677734375,0,285,297,1525,350,309,371,371
1827,32076,13715,3,0.9532767534255981,0.827559232711792,-0.12571752071380615,0,9,733,10,418,13,2,2
1828,32084,23019,2,0.9283894896507263,0.8008596301078796,-0.12752985954284668,0,334,335,319,279,278,189,189
1829,32097,20793,1,0.9300976991653442,0.7350761294364929,-0.19502156972885132,0,1212,189,324,112,931,758,758
1830,32143,20683,2,0.9959757924079895,0.7032563090324402,-0.2927194833755493,0,10,155,1675,182,9,6,6
1831,32196,22935,3,0.9502400159835815,0.8417946100234985,-0.10844540596008301,0,160,1134,421,1075,129,82,82
1832,32197,20705,2,0.9630900025367737,0.765381395816803,-0.1977086067199707,0,27,142,419,103,27,19,19
1833,32229,10807,2,0.8999879956245422,0.8356283903121948,-0.06435960531234741,0,77,1473,1150,1499,79,81,81
1834,32255,8810,6,0.9494145512580872,0.7334878444671631,-0.21592670679092407,0,1196,488,1193,545,1142,1250,1250
1835,32284,22703,3,0.9284555315971375,0.8413311243057251,-0.08712440729141235,0,495,1148,528,1127,512,422,422
1836,32310,20333,2,0.9342918395996094,0.818926990032196,-0.11536484956741333,0,496,1010,1032,1043,516,467,467
1837,32318,22116,2,0.9156768321990967,0.8266913890838623,-0.08898544311523438,0,651,1061,542,986,646,597,597
1838,32331,8817,2,0.90374755859375,0.7422856092453003,-0.1614619493484497,0,1548,498,1067,486,1505,1576,1576
1839,32347,21586,4,0.9449005722999573,0.6706026196479797,-0.27429795265197754,0,7,181,1764,322,8,15,15
1840,32379,22017,3,0.9096336960792542,0.8339604139328003,-0.07567328214645386,0,1732,1242,20,963,1699,1655,1655
1841,32400,22787,3,0.9079943299293518,0.7641758322715759,-0.14381849765777588,0,682,212,179,162,577,425,425
1842,32431,18278,1,0.8986788392066956,0.8657539486885071,-0.03292489051818848,0,1582,1692,480,1621,1623,1609,1609
1843,32447,20127,2,0.9038816690444946,0.7100306749343872,-0.19385099411010742,0,566,81,1322,129,550,647,647
1844,32450,19866,1,0.9429325461387634,0.8295533657073975,-0.11337918043136597,0,18,366,1369,481,13,9,9
1845,32452,21356,3,0.9437737464904785,0.8202144503593445,-0.12355929613113403,0,386,977,856,1010,292,261,261
1846,32471,21581,3,0.9328085780143738,0.828088104724884,-0.10472047328948975,0,1193,1161,382,1127,1130,1068,1068
1847,32474,21366,5,0.95192950963974,0.8267897367477417,-0.1251397728919983,0,138,636,975,668,121,111,111
1848,32485,21368,1,0.836326003074646,0.8060050010681152,-0.03032100200653076,0,1353,1514,59,1435,1425,1320,1320
1849,32494,21417,2,0.8893440961837769,0.815034031867981,-0.0743100643157959,0,1329,1296,826,1283,1333,1397,1397
1850,32506,17112,3,0.8865382075309753,0.6566613912582397,-0.2298768162727356,0,67,15,1709,34,74,126,126
1851,32539,18180,2,0.9123485684394836,0.7919420599937439,-0.12040650844573975,0,483,399,579,374,517,436,436
1852,32558,13396,2,0.9326661825180054,0.8144253492355347,-0.1182408332824707,0,352,852,853,863,405,355,355
1853,32610,20656,3,0.9344080090522766,0.8058304786682129,-0.12857753038406372,0,282,823,893,831,247,264,264
1854,32617,16159,3,0.9241927862167358,0.8099631071090698,-0.11422967910766602,0,1486,1127,980,1164,1569,1540,1540
1855,32625,16653,2,0.931700587272644,0.8538744449615479,-0.07782614231109619,0,528,1301,642,1275,512,457,457
1856,32645,21221,2,0.9574515223503113,0.8005560040473938,-0.15689551830291748,0,1,113,360,126,2,1,1
1857,32647,22021,2,0.9210968613624573,0.7765632271766663,-0.14453363418579102,0,807,392,904,418,785,786,786
1858,32657,22980,3,0.9116857647895813,0.8463149666786194,-0.06537079811096191,0,480,1472,990,1481,380,422,422
1859,32663,21736,2,0.948387086391449,0.6851891875267029,-0.2631978988647461,0,18,39,1454,37,19,16,16
1860,32711,10875,2,0.9508894681930542,0.7968350648880005,-0.1540544033050537,0,167,537,917,553,129,129,129
1861,32730,9569,2,0.925072968006134,0.7772444486618042,-0.14782851934432983,0,223,526,1566,715,170,193,193
1862,32772,11125,5,0.9429889917373657,0.8222478628158569,-0.12074112892150879,0,937,1296,1249,1382,835,968,968
1863,32847,10411,2,0.8907541632652283,0.7453473210334778,-0.1454068422317505,0,953,336,1411,457,1087,1236,1236
1864,32860,22973,1,0.8606656789779663,0.8135077357292175,-0.04715794324874878,0,1041,1155,727,1147,1135,1138,1138
1865,32861,14261,1,0.8766183853149414,0.8531640768051147,-0.02345430850982666,0,1224,1212,658,1193,1220,1214,1214
1866,32878,19231,2,0.9514586329460144,0.819456160068512,-0.13200247287750244,0,5,866,1242,968,6,4,4
1867,32882,16612,3,0.8935052752494812,0.815106213092804,-0.07839906215667725,0,1004,1170,222,1099,891,800,800
1868,32913,22144,4,0.9373229146003723,0.7993949055671692,-0.13792800903320312,0,540,952,1185,1051,447,495,495
1869,32923,22968,2,0.9388219118118286,0.8271772265434265,-0.1116446852684021,0,614,947,434,913,587,483,483
1870,32956,21060,1,0.9245521426200867,0.8618065118789673,-0.06274563074111938,0,1014,1468,813,1381,1126,1106,1106
1871,32965,21982,2,0.9211591482162476,0.8320022821426392,-0.0891568660736084,0,1469,1100,648,1073,1460,1441,1441
1872,32989,17231,3,0.9436119198799133,0.8328101634979248,-0.11080175638198853,0,2,1153,1143,1224,2,1,1
1873,32993,21263,2,0.8943750262260437,0.7857486009597778,-0.10862642526626587,0,712,866,700,859,525,495,495
1874,33001,20050,1,0.9791448712348938,0.8451725244522095,-0.13397234678268433,0,1,50,1661,109,1,1,1
1875,33026,21096,1,0.8924354910850525,0.8736233115196228,-0.018812179565429688,0,101,1722,1579,1722,101,128,128
1876,33027,22997,2,0.8650432825088501,0.7989279627799988,-0.06611531972885132,0,1089,868,924,904,1039,1082,1082
1877,33042,22032,2,0.9434663653373718,0.7858845591545105,-0.15758180618286133,0,740,336,16,181,711,325,325
1878,33066,20084,2,0.8779339790344238,0.8599567413330078,-0.017977237701416016,0,787,1686,1152,1654,873,957,957
1879,33067,23027,3,0.8580944538116455,0.7464815378189087,-0.11161291599273682,0,1757,614,125,431,1769,1767,1767
1880,33092,19364,2,0.9788821935653687,0.6539789438247681,-0.3249032497406006,0,304,54,1749,77,302,395,395
1881,33093,6874,2,0.8703732490539551,0.7984656691551208,-0.07190757989883423,0,1144,1475,1532,1556,1164,1309,1309
1882,33102,15006,3,0.9038190841674805,0.7240467071533203,-0.17977237701416016,0,1054,585,1772,908,1055,1377,1377
1883,33114,22334,2,0.9477493166923523,0.8403677344322205,-0.10738158226013184,0,204,1008,1233,1071,175,191,191
1884,33120,13707,2,0.8911339044570923,0.7343009114265442,-0.1568329930305481,0,440,197,1471,250,321,400,400
1885,33146,19786,3,0.9111605286598206,0.7864468693733215,-0.12471365928649902,0,252,669,331,611,302,226,226
1886,33151,6923,2,0.9002609252929688,0.7603693604469299,-0.13989156484603882,0,1260,642,1069,639,1175,1247,1247
1887,33158,21568,2,0.9150354266166687,0.8155987858772278,-0.09943664073944092,0,633,884,875,901,592,587,587
1888,33184,22777,2,0.9471800923347473,0.7912563681602478,-0.1559237241744995,0,903,581,704,566,865,843,843
1889,33196,6952,2,0.9280850291252136,0.8738308548927307,-0.05425417423248291,0,9,1733,1774,1768,8,11,11
1890,33226,17424,2,0.9483283758163452,0.7531877160072327,-0.19514065980911255,0,1766,215,93,107,1767,1763,1763
1891,33248,11477,2,0.9828656911849976,0.6716722249984741,-0.31119346618652344,0,280,88,1562,85,282,287,287
1892,33281,17232,2,0.9581564664840698,0.7066882252693176,-0.2514682412147522,0,69,118,1704,191,67,76,76
1893,33283,21218,2,0.9351630806922913,0.8137965202331543,-0.12136656045913696,0,677,591,480,552,583,486,486
1894,33286,19384,1,0.8328627347946167,0.8360176086425781,0.0031548738479614258,1,1291,1708,902,1697,1264,1249,1249
1895,33324,9209,2,0.9286909699440002,0.8436554074287415,-0.08503556251525879,0,666,1267,892,1241,595,621,621
1896,33356,21161,6,0.9305286407470703,0.778445303440094,-0.15208333730697632,0,1223,930,634,921,1098,1061,1061
1897,33372,22805,2,0.9276133179664612,0.7943100333213806,-0.13330328464508057,0,1051,692,332,621,1080,899,899
1898,33383,13315,3,0.9254047870635986,0.8254090547561646,-0.09999573230743408,0,325,1125,766,1132,318,320,320
1899,33417,7080,2,0.9778192043304443,0.8423051834106445,-0.1355140209197998,0,1,593,588,581,1,1,1
1900,33516,10469,3,0.9611128568649292,0.7382578253746033,-0.22285503149032593,0,25,181,1012,110,24,18,18
1901,33574,22401,3,0.9039912819862366,0.7423620223999023,-0.16162925958633423,0,1338,395,981,362,1314,1251,1251
1902,33581,20084,2,0.8293225765228271,0.8495647311210632,0.020242154598236084,1,1013,1685,107,1645,1105,958,958
1903,33614,21230,2,0.9392544031143188,0.8353233933448792,-0.1039310097694397,0,69,1071,262,970,55,23,23
1904,33619,22957,2,0.9522839784622192,0.8541450500488281,-0.09813892841339111,0,368,1203,1308,1256,362,464,464
1905,33665,13485,2,0.8558419346809387,0.6906819939613342,-0.1651599407196045,0,1508,59,236,41,1433,1249,1249
1906,33668,15212,1,0.9686862826347351,0.837834894657135,-0.1308513879776001,0,4,635,1197,714,4,5,5
1907,33693,22973,3,0.9525483846664429,0.8211943507194519,-0.13135403394699097,0,221,803,738,800,179,161,161
1908,33694,22273,2,0.8888689875602722,0.7077308297157288,-0.18113815784454346,0,1675,24,4,13,1575,1071,1071
1909,33695,16653,2,0.9128790497779846,0.8600021004676819,-0.052876949310302734,0,208,1434,796,1386,217,186,186
1910,33723,14172,4,0.9703077673912048,0.7391490340232849,-0.23115873336791992,0,407,424,1401,470,355,361,361
1911,33747,22701,8,0.9496550559997559,0.7866047620773315,-0.16305029392242432,0,453,979,359,899,463,330,330
1912,33764,20688,2,0.934679388999939,0.7804776430130005,-0.15420174598693848,0,137,370,1509,459,166,233,233
1913,33794,22853,3,0.891564667224884,0.746361494064331,-0.14520317316055298,0,1050,318,192,201,1202,870,870
1914,33824,20518,4,0.8757429718971252,0.8639088869094849,-0.01183408498764038,0,1332,1763,213,1711,1217,1014,1014
1915,33846,16539,4,0.9552480578422546,0.7895979285240173,-0.1656501293182373,0,10,722,1096,784,18,8,8
1916,33850,22932,2,0.8393087387084961,0.799699604511261,-0.03960913419723511,0,1366,1009,176,871,1342,1190,1190
1917,33868,18884,3,0.748808741569519,0.8107449412345886,0.06193619966506958,1,939,1773,521,1767,1004,840,840
1918,33870,7460,2,0.9613814949989319,0.7237043976783752,-0.23767709732055664,0,337,304,1614,392,306,375,375
1919,33891,22515,1,0.9116963148117065,0.8079761862754822,-0.10372012853622437,0,413,913,566,862,261,199,199
1920,33923,22776,2,0.9755189418792725,0.8176447153091431,-0.1578742265701294,0,2,435,842,457,2,2,2
1921,33930,7514,2,0.8858411908149719,0.7946262955665588,-0.09121489524841309,0,396,708,69,507,452,232,232
1922,33944,18094,2,0.8639721870422363,0.8494256138801575,-0.014546573162078857,0,165,1467,1002,1500,111,118,118
1923,33959,23032,3,0.9436593055725098,0.8351476192474365,-0.10851168632507324,0,245,706,101,535,180,92,92
1924,33964,14075,2,0.9570871591567993,0.8408356308937073,-0.11625152826309204,0,252,931,1078,1007,202,194,194
1925,33965,22095,5,0.967307984828949,0.7949219346046448,-0.1723860502243042,0,3,847,1464,1018,3,4,4
1926,33997,19251,3,0.9853605031967163,0.6971696615219116,-0.2881908416748047,0,2,44,1330,25,2,2,2
1927,33999,21906,2,0.9883573055267334,0.6986499428749084,-0.28970736265182495,0,8,140,1482,142,13,4,4
1928,34122,22996,2,0.9346904754638672,0.7912542819976807,-0.14343619346618652,0,193,322,216,249,232,124,124
1929,34124,23011,2,0.9508671164512634,0.8056963086128235,-0.14517080783843994,0,671,553,441,520,543,388,388
1930,34151,22878,3,0.9417058825492859,0.8674975037574768,-0.07420837879180908,0,730,1523,656,1449,814,773,773
1931,34161,17138,2,0.9631331562995911,0.7980154752731323,-0.16511768102645874,0,44,611,1337,684,43,35,35
1932,34196,20180,3,0.9098567366600037,0.7199996709823608,-0.18985706567764282,0,218,317,1344,293,329,268,268
1933,34217,21626,2,0.8969941735267639,0.7873414158821106,-0.10965275764465332,0,1574,845,63,654,1614,1508,1508
1934,34221,20362,2,0.9299842715263367,0.788767397403717,-0.14121687412261963,0,979,533,521,513,1110,973,973
1935,34276,14861,2,0.9259117841720581,0.8551878333091736,-0.07072395086288452,0,114,1400,565,1336,105,66,66
1936,34351,20549,3,0.9159120917320251,0.699779748916626,-0.21613234281539917,0,1010,52,55,21,1101,717,717
1937,34361,20411,2,0.9104612469673157,0.7884898781776428,-0.12197136878967285,0,1268,655,25,449,1394,992,992
1938,34363,18146,2,0.8859100937843323,0.8335767984390259,-0.052333295345306396,0,69,1539,1339,1606,87,137,137
1939,34366,13989,2,0.9585160613059998,0.828689455986023,-0.1298266053199768,0,15,526,407,480,19,7,7
1940,34381,22941,5,0.9556970000267029,0.8203496932983398,-0.13534730672836304,0,781,866,75,713,768,479,479
1941,34459,21206,3,0.9752932786941528,0.696273922920227,-0.2790193557739258,0,21,173,1626,196,22,22,22
1942,34477,19825,2,0.9417312741279602,0.8468724489212036,-0.09485882520675659,0,2,1062,620,1036,2,3,3
1943,34478,15519,1,0.8870344758033752,0.8087865114212036,-0.07824796438217163,0,1323,1005,578,980,1203,1193,1193
1944,34491,22834,2,0.9376539587974548,0.8453201055526733,-0.0923338532447815,0,111,1039,390,987,113,71,71
1945,34521,15894,3,0.8950700759887695,0.7296702861785889,-0.16539978981018066,0,1152,246,1354,283,1040,1124,1124
1946,34522,9014,2,0.9332448840141296,0.6997964382171631,-0.23344844579696655,0,175,166,1770,319,167,303,303
1947,34529,16799,2,0.9275141358375549,0.7431851625442505,-0.18432897329330444,0,317,380,606,249,311,139,139
1948,34534,16661,2,0.9672637581825256,0.8388916254043579,-0.12837213277816772,0,268,830,1092,890,193,213,213
1949,34544,22997,2,0.9534931182861328,0.7876678109169006,-0.16582530736923218,0,549,574,1185,605,575,602,602
1950,34565,20711,5,0.947947084903717,0.7458130121231079,-0.20213407278060913,0,426,524,1295,564,417,420,420
1951,34598,14215,6,0.9347845315933228,0.8042263388633728,-0.13055819272994995,0,1120,1478,1371,1524,1045,1214,1214
1952,34606,22996,2,0.9399697184562683,0.7891033887863159,-0.1508663296699524,0,317,490,224,370,419,266,266
1953,34609,13693,2,0.9970688819885254,0.6671779751777649,-0.3298909068107605,0,1,60,1773,97,1,1,1
1954,34618,20792,2,0.9320535063743591,0.8155892491340637,-0.11646425724029541,0,646,1136,1376,1310,641,814,814
1955,34631,10393,2,0.9165465831756592,0.8048598170280457,-0.11168676614761353,0,1250,854,782,854,1111,1133,1133
1956,34636,8171,2,0.8665195107460022,0.8057221174240112,-0.06079739332199097,0,535,1497,305,1358,671,464,464
1957,34643,17369,3,0.9902245402336121,0.6962475180625916,-0.2939770221710205,0,17,195,1480,186,23,18,18
1958,34659,19415,2,0.932822585105896,0.8896865844726562,-0.043136000633239746,0,17,1753,1651,1750,25,38,38
1959,34670,10580,2,0.9336230158805847,0.7759066224098206,-0.15771639347076416,0,17,140,25,76,170,21,21
1960,34691,23018,2,0.887909471988678,0.8170236349105835,-0.07088583707809448,0,1291,1138,449,1106,1312,1281,1281
1961,34714,11970,2,0.9613377451896667,0.7667562365531921,-0.1945815086364746,0,519,483,1576,614,407,546,546
1962,34776,12981,2,0.9054552912712097,0.8567324280738831,-0.04872286319732666,0,346,1482,1664,1561,327,509,509
1963,34831,23021,2,0.9304468631744385,0.8157804608345032,-0.1146664023399353,0,101,384,608,387,123,88,88
1964,34833,18069,2,0.9647825360298157,0.7418336272239685,-0.22294890880584717,0,119,239,1285,241,126,72,72
1965,34845,8398,4,0.9588928818702698,0.7711252570152283,-0.1877676248550415,0,93,350,438,268,118,90,90
1966,34849,15381,3,0.9267802834510803,0.7923800349235535,-0.13440024852752686,0,348,627,1236,686,349,386,386
1967,34858,21757,2,0.9811720848083496,0.6791287660598755,-0.3020433187484741,0,101,81,1541,80,81,48,48
1968,34891,22228,1,0.8516210913658142,0.8403354287147522,-0.011285662651062012,0,641,1493,600,1513,690,667,667
1969,34964,18291,2,0.9100249409675598,0.8634524345397949,-0.04657250642776489,0,563,1720,467,1709,613,449,449
1970,34971,8529,2,0.9443080425262451,0.8501355051994324,-0.09417253732681274,0,219,779,979,816,155,124,124
1971,34978,11648,3,0.9783408641815186,0.7229272127151489,-0.25541365146636963,0,89,279,1594,356,90,94,94
1972,34980,22958,2,0.8684946894645691,0.8712135553359985,0.0027188658714294434,1,993,1473,539,1426,820,672,672
1973,35001,17817,3,0.9720672965049744,0.8149927854537964,-0.15707451105117798,0,6,412,113,262,7,4,4
1974,35011,21459,2,0.9160170555114746,0.7913098931312561,-0.1247071623802185,0,669,707,779,732,549,496,496
1975,35071,12749,3,0.9269547462463379,0.6713060140609741,-0.25564873218536377,0,283,110,1536,120,287,345,345
1976,35078,17021,2,0.8092578649520874,0.8160531520843506,0.006795287132263184,1,1682,1712,48,1623,1723,1694,1694
1977,35096,21789,2,0.9537213444709778,0.7412375211715698,-0.21248382329940796,0,8,368,1660,455,8,10,10
1978,35195,23029,2,0.9422279000282288,0.8596813082695007,-0.08254659175872803,0,472,1254,490,1202,486,341,341
1979,35201,22610,2,0.9189561009407043,0.8162249326705933,-0.10273116827011108,0,45,1146,306,1088,105,31,31
1980,35213,18430,2,0.9322158098220825,0.8656098246574402,-0.06660598516464233,0,437,1597,1669,1629,488,689,689
1981,35271,21992,2,0.8599047064781189,0.8274511694908142,-0.03245353698730469,0,817,1645,770,1587,933,906,906
1982,35273,8916,6,0.95672208070755,0.7852988839149475,-0.17142319679260254,0,593,997,1544,1158,512,687,687
1983,35276,21803,2,0.9189296364784241,0.7775057554244995,-0.14142388105392456,0,497,611,907,648,594,579,579
1984,35300,15323,2,0.9210361242294312,0.8384121656417847,-0.08262395858764648,0,1020,1258,1123,1325,949,1057,1057
1985,35308,16303,2,0.8910021781921387,0.7247668504714966,-0.1662353277206421,0,731,277,1386,297,581,667,667
1986,35322,19052,4,0.953920304775238,0.8788896203041077,-0.07503068447113037,0,530,1544,671,1480,512,463,463
1987,35328,20746,3,0.9162090420722961,0.8074033260345459,-0.10880571603775024,0,1244,1132,899,1154,1143,1167,1167
1988,35336,18362,2,0.9393677711486816,0.7699928879737854,-0.16937488317489624,0,456,493,1240,493,344,285,285
1989,35344,15932,3,0.9024733304977417,0.6537318229675293,-0.2487415075302124,0,308,11,1421,13,233,379,379
1990,35386,21751,1,0.9338361620903015,0.8639377355575562,-0.06989842653274536,0,7,1115,1327,1178,8,8,8
1991,35402,19647,1,0.8699852824211121,0.772674024105072,-0.09731125831604004,0,1265,1015,1489,1141,1236,1346,1346
1992,35404,21326,3,0.9535452127456665,0.7954422235488892,-0.15810298919677734,0,494,735,638,702,423,231,231
1993,35412,20158,2,0.9483587145805359,0.8415868878364563,-0.10677182674407959,0,61,615,1209,695,58,41,41
1994,35443,23006,4,0.9256722927093506,0.7065293192863464,-0.21914297342300415,0,1537,166,61,64,1628,1539,1539
1995,35463,12626,1,0.8654690384864807,0.8614012598991394,-0.004067778587341309,0,1588,1753,1470,1748,1693,1743,1743
1996,35466,22603,2,0.891786515712738,0.8413320183753967,-0.05045449733734131,0,641,1633,1594,1644,731,925,925
1997,35477,19652,2,0.8382876515388489,0.8073304295539856,-0.03095722198486328,0,1591,805,475,742,1580,1593,1593
1998,35489,16546,2,0.8906378746032715,0.7133474349975586,-0.1772904396057129,0,1456,100,967,117,1439,1471,1471
1999,35530,15398,2,0.890627920627594,0.8635026812553406,-0.027125239372253418,0,106,1731,1627,1744,116,172,172
2000,35532,13811,3,0.9543020129203796,0.7452073693275452,-0.20909464359283447,0,160,457,1543,559,169,145,145
2001,35543,21272,2,0.9021182060241699,0.8277368545532227,-0.07438135147094727,0,1271,1175,502,1155,1192,1163,1163
2002,35560,21703,3,0.994785726070404,0.6708897352218628,-0.32389599084854126,0,6,87,1756,119,5,6,6
2003,35622,15215,2,0.8805029988288879,0.834155797958374,-0.046347200870513916,0,697,1280,1639,1492,663,975,975
2004,35627,22073,1,0.930670440196991,0.7762001752853394,-0.1544702649116516,0,41,467,614,379,70,49,49
2005,35685,12544,2,0.9367631077766418,0.8299798965454102,-0.10678321123123169,0,811,1113,1078,1171,649,719,719
2006,35705,15633,3,0.9526893496513367,0.7846003174781799,-0.16808903217315674,0,372,685,1150,708,387,336,336
2007,35707,15339,2,0.9238551259040833,0.7604889869689941,-0.1633661389350891,0,665,170,45,99,755,378,378
2008,35710,23018,1,0.8514931797981262,0.814071536064148,-0.03742164373397827,0,1198,1446,843,1482,1290,1337,1337
2009,35716,18548,2,0.9422451257705688,0.8573780059814453,-0.08486711978912354,0,98,1246,995,1251,80,90,90
2010,35780,21939,2,0.8960118293762207,0.7121548056602478,-0.1838570237159729,0,937,69,347,70,1020,805,805
2011,35798,12421,2,0.953484058380127,0.8093770146369934,-0.14410704374313354,0,1283,670,466,620,1063,991,991
2012,35832,12125,2,0.8754644989967346,0.7972700595855713,-0.07819443941116333,0,311,1099,1278,1142,327,380,380
2013,35860,19769,2,0.9131700992584229,0.7628051042556763,-0.15036499500274658,0,750,460,1400,584,683,806,806
2014,35898,12221,2,0.9190123081207275,0.8613598942756653,-0.057652413845062256,0,343,1499,741,1476,358,296,296
2015,35937,10583,2,0.9237957000732422,0.7982013821601868,-0.12559431791305542,0,305,780,562,739,277,229,229
2016,35991,22929,2,0.9062882661819458,0.7716872692108154,-0.13460099697113037,0,1223,678,947,669,933,987,987
2017,35995,20273,3,0.9386497139930725,0.8547419905662537,-0.08390772342681885,0,136,1256,643,1225,111,81,81
2018,36004,21757,3,0.9582934379577637,0.6775673627853394,-0.2807260751724243,0,287,97,1503,107,234,276,276
2019,36031,22924,2,0.9206162095069885,0.8843082785606384,-0.0363079309463501,0,483,1556,1227,1544,416,495,495
2020,36066,21238,3,0.9913706183433533,0.7086455821990967,-0.2827250361442566,0,4,230,1497,250,5,4,4
2021,36068,21677,2,0.9311621785163879,0.8075188994407654,-0.12364327907562256,0,1124,834,497,801,1024,956,956
2022,36092,22144,2,0.9631161689758301,0.8127012252807617,-0.15041494369506836,0,116,584,1097,653,90,103,103
2023,36170,17476,2,0.8234654664993286,0.8107110857963562,-0.012754380702972412,0,1132,1719,782,1704,1252,1283,1283
2024,36229,13928,5,0.9521028399467468,0.7835363745689392,-0.16856646537780762,0,419,428,469,360,421,329,329
2025,36231,11058,2,0.9181006550788879,0.8705744743347168,-0.04752618074417114,0,510,1667,993,1656,468,403,403
2026,36243,22545,2,0.9000369310379028,0.7714744210243225,-0.12856251001358032,0,1356,189,23,114,1403,1042,1042
2027,36270,15520,3,0.9746351838111877,0.7736483216285706,-0.2009868621826172,0,29,297,217,170,27,22,22
2028,36291,10381,2,0.9113554954528809,0.7819851636886597,-0.1293703317642212,0,1171,350,218,291,1073,910,910
2029,36303,19375,2,0.9526184797286987,0.8351425528526306,-0.11747592687606812,0,136,811,739,812,149,105,105
2030,36315,10954,2,0.9148469567298889,0.8154138922691345,-0.0994330644607544,0,1617,1028,89,860,1589,1529,1529
2031,36348,22125,1,0.9202561974525452,0.8199779391288757,-0.10027825832366943,0,692,946,1220,987,694,764,764
2032,36351,20827,2,0.9553526043891907,0.8192973136901855,-0.13605529069900513,0,105,673,1071,727,110,109,109
2033,36363,22945,2,0.8733483552932739,0.7392390370368958,-0.13410931825637817,0,288,49,12,25,331,206,206
2034,36412,22746,3,0.9275094270706177,0.8475664854049683,-0.07994294166564941,0,438,1067,360,978,278,224,224
2035,36417,10615,1,0.914260745048523,0.822107195854187,-0.09215354919433594,0,767,1162,1396,1207,593,685,685
2036,36430,22721,2,0.9101571440696716,0.7800650000572205,-0.13009214401245117,0,1451,784,1032,859,1532,1591,1591
2037,36464,11254,2,0.9503315687179565,0.8138824701309204,-0.13644909858703613,0,708,600,510,568,610,548,548
2038,36473,15367,2,0.9200189709663391,0.8171566724777222,-0.10286229848861694,0,40,552,790,582,42,35,35
2039,36511,23012,2,0.9477447271347046,0.8001711964607239,-0.1475735306739807,0,637,428,152,328,619,450,450
2040,36514,14918,4,0.9729453325271606,0.815073549747467,-0.1578717827796936,0,1,722,1247,818,1,1,1
2041,36634,20046,2,0.8917781710624695,0.8685788512229919,-0.02319931983947754,0,366,1736,1312,1751,411,391,391
2042,36668,21789,1,0.9567877054214478,0.7110507488250732,-0.2457369565963745,0,77,365,1647,448,102,93,93
2043,36705,23016,3,0.9367266297340393,0.8183190822601318,-0.11840754747390747,0,702,1122,881,1147,699,644,644
2044,36812,20680,1,0.9020959734916687,0.8597602844238281,-0.042335689067840576,0,221,1610,1726,1667,185,256,256
2045,36865,22853,3,0.8610103130340576,0.7479876279830933,-0.11302268505096436,0,1564,568,120,409,1528,1480,1480
2046,36879,19112,2,0.9792165756225586,0.7987410426139832,-0.18047553300857544,0,7,429,1294,400,7,6,6
2047,36972,22700,2,0.9440720677375793,0.8341830968856812,-0.1098889708518982,0,728,965,588,941,579,544,544
2048,37083,16008,2,0.9699838757514954,0.724104642868042,-0.24587923288345337,0,11,163,1745,246,11,11,11
2049,37086,23009,6,0.9264138340950012,0.7837692499160767,-0.14264458417892456,0,109,1259,1304,1342,130,172,172
2050,37137,14480,2,0.917966365814209,0.7969114184379578,-0.12105494737625122,0,1041,698,1077,766,1160,1207,1207
2051,37195,22928,2,0.8106669187545776,0.8255044221878052,0.014837503433227539,1,1238,1627,1168,1648,1028,1071,1071
2052,37218,20228,4,0.9761562347412109,0.6971124410629272,-0.2790437936782837,0,20,177,1474,173,29,15,15
2053,37222,21053,2,0.9042231440544128,0.867033064365387,-0.03719007968902588,0,764,1595,441,1543,763,671,671
2054,37239,22929,1,0.8949230909347534,0.7879464626312256,-0.10697662830352783,0,983,748,339,658,822,703,703
2055,37285,22790,1,0.8478000164031982,0.7141103744506836,-0.13368964195251465,0,701,117,226,111,576,409,409
2056,37293,18675,2,0.9154450297355652,0.7618219256401062,-0.15362310409545898,0,1498,598,463,523,1481,1466,1466
2057,37294,22144,2,0.9270788431167603,0.8137163519859314,-0.11336249113082886,0,219,878,1102,954,231,252,252
2058,37314,19449,2,0.971180260181427,0.8335381150245667,-0.13764214515686035,0,1,617,1566,788,1,1,1
2059,37352,15148,2,0.9534551501274109,0.7763985991477966,-0.17705655097961426,0,749,487,1217,465,764,844,844
2060,37441,20929,3,0.9503135085105896,0.8489111065864563,-0.1014024019241333,0,119,1210,1410,1353,105,178,178
2061,37533,17157,1,0.8887237906455994,0.7361950874328613,-0.15252870321273804,0,364,542,1397,623,484,551,551
2062,37580,20473,2,0.9703013896942139,0.825326681137085,-0.1449747085571289,0,50,720,1161,799,50,57,57
2063,37593,12819,2,0.8275816440582275,0.7344709038734436,-0.09311074018478394,0,1063,183,265,168,1038,872,872
2064,37619,15342,5,0.9657390117645264,0.8407285213470459,-0.12501049041748047,0,8,1273,1530,1428,8,8,8
2065,37657,21380,1,0.9314582943916321,0.8537522554397583,-0.07770603895187378,0,614,1462,1534,1521,867,1026,1026
2066,37684,20070,3,0.9523763656616211,0.8096134662628174,-0.1427628993988037,0,274,731,307,604,238,159,159
2067,37691,22808,2,0.9701116681098938,0.8289649486541748,-0.141146719455719,0,51,502,1106,557,57,62,62
2068,37702,20522,2,0.9035296440124512,0.8301448822021484,-0.07338476181030273,0,1719,1189,453,1094,1720,1720,1720
2069,37741,20579,2,0.9453719854354858,0.8061894774436951,-0.13918250799179077,0,32,47,1705,123,28,28,28
2070,37749,21078,1,0.9300017952919006,0.831241250038147,-0.09876054525375366,0,64,399,1325,515,102,108,108
2071,37753,17748,3,0.9852063059806824,0.7136573195457458,-0.2715489864349365,0,87,276,1466,284,66,30,30
2072,37762,23023,2,0.9279373288154602,0.8657532334327698,-0.06218409538269043,0,713,1603,1623,1638,628,914,914
2073,37764,14774,1,0.896523654460907,0.8536876440048218,-0.042836010456085205,0,649,1596,1217,1589,656,724,724
2074,38156,22929,2,0.943855881690979,0.7853512763977051,-0.15850460529327393,0,578,597,653,556,605,467,467
2075,38264,19559,1,0.9485331773757935,0.8564934134483337,-0.09203976392745972,0,28,1186,1160,1256,32,42,42
2076,38300,22053,2,0.9140149354934692,0.8065657615661621,-0.10744917392730713,0,329,868,459,805,412,333,333
2077,38372,22979,1,0.928621768951416,0.8281559944152832,-0.10046577453613281,0,62,926,711,904,67,62,62
2078,38387,18180,1,0.92013019323349,0.7776625752449036,-0.14246761798858643,0,1095,630,413,557,1058,957,957
2079,38440,21080,2,0.9447292685508728,0.8526109457015991,-0.09211832284927368,0,113,1173,750,1155,106,93,93
2080,38543,21824,2,0.9048624634742737,0.8236944079399109,-0.08116805553436279,0,1326,1369,1251,1467,1249,1356,1356
2081,38579,16801,2,0.8722736835479736,0.8301964402198792,-0.04207724332809448,0,935,1668,501,1630,947,889,889
2082,38662,22526,2,0.9514572620391846,0.8141359090805054,-0.1373213529586792,0,111,340,584,341,105,56,56
2083,38671,23002,2,0.9414509534835815,0.8282817006111145,-0.11316925287246704,0,29,798,873,818,36,32,32
2084,38691,22132,2,0.9328600168228149,0.7780388593673706,-0.15482115745544434,0,272,232,140,148,214,79,79
2085,38703,20057,2,0.9260340332984924,0.7998532652854919,-0.1261807680130005,0,217,727,664,710,223,188,188
2086,38704,19121,2,0.9723551869392395,0.803672730922699,-0.16868245601654053,0,13,172,1041,190,12,8,8
2087,38757,20758,2,0.9247104525566101,0.7870453596115112,-0.13766509294509888,0,325,597,1168,676,240,291,291
2088,38785,20850,2,0.9464867115020752,0.8291951417922974,-0.11729156970977783,0,19,849,993,897,20,18,18
2089,38822,21902,2,0.9474635124206543,0.7970330119132996,-0.15043050050735474,0,104,689,1295,804,154,222,222
2090,38860,22681,1,0.931620180606842,0.7609622478485107,-0.1706579327583313,0,397,433,211,261,408,167,167
2091,38886,15708,3,0.9364203810691833,0.8434241414070129,-0.09299623966217041,0,811,1363,705,1361,796,790,790
2092,38903,21460,2,0.9774900078773499,0.8275471329689026,-0.14994287490844727,0,3,362,1421,475,3,2,2
2093,38938,20376,1,0.9589859247207642,0.8220863938331604,-0.13689953088760376,0,1,576,1592,725,1,1,1
2094,39254,22790,3,0.9007405638694763,0.7148934006690979,-0.18584716320037842,0,1528,176,192,89,1503,1390,1390
