row_id,user,target,rank,history_length,predicted_stay,target_stay_similarity,target_score
0,17,22665,1281,2,0.12517814338207245,0.02127239853143692,-0.48993825912475586
1,29,22642,647,10,0.12154547870159149,0.020409587770700455,0.27935683727264404
2,31,22893,1593,6,0.12130434811115265,0.02132900059223175,-0.8441855907440186
3,45,23031,1416,2,0.1224626898765564,0.0213078111410141,-0.57448810338974
4,53,7596,34,6,0.12270592898130417,0.020553171634674072,1.9103302955627441
5,55,21826,11,2,0.12025587260723114,0.0199749656021595,2.405266284942627
6,80,6054,1726,2,0.12366917729377747,0.028346456587314606,-1.3870954513549805
7,87,16756,35,3,0.12821590900421143,0.026228930801153183,1.3354283571243286
8,112,8,656,2,0.1235656812787056,0.023773424327373505,0.2911296486854553
9,152,22453,45,2,0.12621937692165375,0.026384156197309494,1.1322298049926758
10,161,9983,847,4,0.12371722608804703,0.02189241349697113,0.17030084133148193
11,183,23032,478,5,0.12191691249608994,0.020695669576525688,0.40375658869743347
12,205,2528,329,2,0.12014913558959961,0.01926710642874241,0.5054709315299988
13,226,41,451,3,0.1220928505063057,0.02254178188741207,0.6453304886817932
14,239,11170,813,2,0.12031856179237366,0.019546441733837128,0.1411629170179367
15,252,4668,15,2,0.12235362827777863,0.02281075343489647,2.974567174911499
16,291,6572,58,3,0.12307943403720856,0.01973199099302292,1.4950871467590332
17,323,1062,979,2,0.12360595166683197,0.023180615156888962,-0.14325565099716187
18,335,4501,1497,3,0.12352697551250458,0.025998659431934357,-0.7374396920204163
19,352,19666,4,2,0.12343476712703705,0.023184917867183685,2.4612812995910645
20,367,21826,1217,3,0.12712138891220093,0.019686825573444366,-0.27429163455963135
21,396,22052,480,10,0.12339649349451065,0.022994859144091606,0.4499143958091736
22,407,22018,489,2,0.1234283596277237,0.02272447571158409,0.4642566740512848
23,420,23009,1255,2,0.12185962498188019,0.020331349223852158,-0.3550322353839874
24,427,21170,707,2,0.12182420492172241,0.02107640542089939,0.17641809582710266
25,442,7239,28,3,0.1215912252664566,0.020889993757009506,1.428321123123169
26,444,21451,1,2,0.12417110055685043,0.025545157492160797,2.69895076751709
27,452,2064,444,3,0.12380386143922806,0.023607535287737846,0.46367377042770386
28,453,19378,496,2,0.12257334589958191,0.020777493715286255,0.2876111567020416
29,464,4689,863,2,0.12856197357177734,0.021494800224900246,-0.03193932771682739
30,488,21586,152,3,0.12191572040319443,0.022810548543930054,0.8868873715400696
31,501,19594,8,3,0.11976496130228043,0.01977558434009552,2.664335250854492
32,504,2461,1672,3,0.12491773813962936,0.020977873355150223,-0.9938662052154541
33,525,17654,1571,3,0.12039246410131454,0.01996423676609993,-0.8697829246520996
34,527,19870,1342,3,0.11952869594097137,0.018909625709056854,-0.44300344586372375
35,544,10495,519,2,0.12558141350746155,0.02562383934855461,0.3388964533805847
36,549,14862,31,1,0.12824691832065582,0.02799844555556774,1.2364935874938965
37,552,335,1024,2,0.11939618736505508,0.01951589807868004,-0.09328548610210419
38,554,30,1252,3,0.1245749220252037,0.01885935850441456,-0.30678263306617737
39,557,3111,265,5,0.12389471381902695,0.023874521255493164,0.7062662243843079
40,567,23026,633,7,0.12106713652610779,0.02287300117313862,0.1602029800415039
41,570,22330,40,8,0.12279696017503738,0.019258026033639908,1.5757297277450562
42,574,31,1095,2,0.12586499750614166,0.02153312973678112,-0.12900206446647644
43,575,32,1361,2,0.1190529465675354,0.018675807863473892,-0.39247968792915344
44,581,9265,127,2,0.1187320351600647,0.018924089148640633,1.139055609703064
45,593,16348,436,7,0.12058521807193756,0.021281909197568893,0.47974082827568054
46,611,16050,1296,10,0.12123182415962219,0.022650213912129402,-0.502115786075592
47,625,3518,1616,7,0.12106414139270782,0.023097053170204163,-1.1536372900009155
48,630,20548,468,2,0.12103423476219177,0.02105284109711647,0.5290340781211853
49,637,36,266,3,0.12091343104839325,0.021441999822854996,0.9423245787620544
50,650,19094,1254,1,0.12849730253219604,0.023462604731321335,-0.38067543506622314
51,664,10306,1,2,0.12446756660938263,0.022177452221512794,3.1733596324920654
52,665,16079,404,1,0.12269201129674911,0.023302769288420677,0.5776325464248657
53,669,3575,13,4,0.122901551425457,0.02117147669196129,1.639223337173462
54,749,22890,384,7,0.11949344724416733,0.018970362842082977,0.5118172764778137
55,778,6693,468,3,0.12558779120445251,0.026330268010497093,0.4490639567375183
56,839,15852,4,1,0.12161734700202942,0.019939061254262924,2.289607286453247
57,852,18811,750,3,0.1215309426188469,0.020651232451200485,0.20257647335529327
58,855,3420,183,4,0.12201149016618729,0.02362842485308647,0.8498373031616211
59,857,2150,385,9,0.1264982670545578,0.022339489310979843,0.6228500604629517
60,867,21936,968,1,0.12298941612243652,0.018985364586114883,0.072597935795784
61,899,15381,725,2,0.11963777244091034,0.020288165658712387,0.14948254823684692
62,900,20703,611,3,0.12150401622056961,0.02177475206553936,0.36567604541778564
63,913,17450,771,2,0.12264666706323624,0.0196682196110487,0.16903308033943176
64,929,50,507,2,0.12014222890138626,0.0189952589571476,0.4233652353286743
65,943,9665,457,6,0.12336086481809616,0.020682241767644882,0.5222024917602539
66,947,22007,678,2,0.12070553749799728,0.02140459045767784,0.24245312809944153
67,948,21372,512,5,0.12337610870599747,0.02063608728349209,0.4535331130027771
68,963,18233,302,5,0.122202567756176,0.019597433507442474,0.7522026300430298
69,980,21904,24,10,0.12258154153823853,0.021774839609861374,1.8646204471588135
70,1021,20072,1361,2,0.11994833499193192,0.02039632946252823,-0.4923720061779022
71,1022,5390,649,8,0.12279690057039261,0.01967764087021351,0.34188005328178406
72,1042,16559,1561,2,0.1211518719792366,0.019018102437257767,-0.9574994444847107
73,1045,21489,309,3,0.12313638627529144,0.02284451574087143,0.8275951743125916
74,1084,7111,617,4,0.1240244060754776,0.022709675133228302,0.24348488450050354
75,1086,13086,516,3,0.12292502075433731,0.01977260783314705,0.40845799446105957
76,1093,17474,1317,4,0.12026869505643845,0.01833537593483925,-0.5114869475364685
77,1099,4944,610,3,0.12038002908229828,0.02148483507335186,0.30468088388442993
78,1100,20057,264,2,0.12388082593679428,0.023357141762971878,0.9577735662460327
79,1101,12982,1081,10,0.12298952788114548,0.021616464480757713,-0.26500797271728516
80,1109,7276,1746,8,0.12383823841810226,0.024291183799505234,-1.8278064727783203
81,1118,13004,490,2,0.12488169223070145,0.02541019208729267,0.44412001967430115
82,1132,7828,52,4,0.12023399025201797,0.019406672567129135,1.8252841234207153
83,1133,373,506,2,0.11904332786798477,0.018307508900761604,0.47560033202171326
84,1162,15423,764,2,0.12224703282117844,0.019434085115790367,0.05061790347099304
85,1172,5521,522,3,0.12402361631393433,0.020676016807556152,0.2986625134944916
86,1177,13059,709,6,0.1212112233042717,0.0199156254529953,0.19862650334835052
87,1184,8459,10,7,0.12166956067085266,0.0250161774456501,2.4746222496032715
88,1185,21451,23,5,0.12170320004224777,0.023575499653816223,1.5250897407531738
89,1196,67,1577,2,0.12154047936201096,0.023210544139146805,-1.0033551454544067
90,1202,11276,613,2,0.12375466525554657,0.020720234140753746,0.21884076297283173
91,1211,3016,1547,3,0.12546779215335846,0.020931296050548553,-0.6764929890632629
92,1217,22845,228,4,0.12256748974323273,0.023100078105926514,0.7536816000938416
93,1226,4083,1,7,0.12025848031044006,0.021548312157392502,3.680027961730957
94,1230,10413,169,4,0.12212292104959488,0.02041802555322647,0.918634831905365
95,1279,23008,1261,10,0.12179411947727203,0.02152850478887558,-0.44173669815063477
96,1281,20992,735,1,0.12210884690284729,0.020973429083824158,0.15466754138469696
97,1284,9598,1,5,0.1283060908317566,0.0266096368432045,1.9493123292922974
98,1304,13392,119,3,0.12169221043586731,0.02169947512447834,1.1718040704727173
99,1307,21983,828,3,0.12361758202314377,0.022848129272460938,0.06256958842277527
100,1326,5814,478,2,0.12249918282032013,0.022107625380158424,0.43478792905807495
101,1337,3515,118,3,0.1242259070277214,0.022267654538154602,1.0615153312683105
102,1369,22007,664,10,0.12210001796483994,0.02236553654074669,0.32826435565948486
103,1372,20668,1233,5,0.12229740619659424,0.022185027599334717,-0.4328061044216156
104,1373,18656,177,8,0.12304621934890747,0.02046121470630169,1.0430468320846558
105,1380,270,1385,3,0.12293257564306259,0.018632743507623672,-0.52040696144104
106,1418,11812,430,4,0.12125419825315475,0.021458834409713745,0.44839227199554443
107,1432,10011,1707,2,0.12241223454475403,0.01830734685063362,-1.502171277999878
108,1437,17496,1195,3,0.12431731075048447,0.02362714894115925,-0.23920084536075592
109,1445,628,1119,3,0.12571077048778534,0.020320691168308258,-0.17938360571861267
110,1454,15337,1149,2,0.12084241956472397,0.020662201568484306,-0.31425929069519043
111,1476,11968,7,2,0.12253139168024063,0.024990588426589966,2.8441450595855713
112,1481,19454,155,2,0.12066081166267395,0.020380962640047073,1.0494688749313354
113,1501,1510,497,2,0.12088395655155182,0.020495062693953514,0.4040895104408264
114,1517,2240,200,2,0.12483448535203934,0.026363380253314972,0.8149455785751343
115,1525,19093,1149,2,0.1225753203034401,0.02112703025341034,-0.3606223165988922
116,1574,5187,672,4,0.12397143989801407,0.023308023810386658,0.2104656994342804
117,1583,19186,6,2,0.12101448327302933,0.021847188472747803,3.214862823486328
118,1601,16414,717,2,0.12140689045190811,0.019801970571279526,0.13029249012470245
119,1614,85,231,2,0.12181808799505234,0.022426258772611618,0.7916016578674316
120,1617,85,492,5,0.12291699647903442,0.02312944456934929,0.35936784744262695
121,1624,21350,27,10,0.12209502607584,0.02303375117480755,2.0092990398406982
122,1626,8303,231,10,0.12291093170642853,0.021035313606262207,1.1561951637268066
123,1639,16850,1159,3,0.12207905948162079,0.022842982783913612,-0.36671367287635803
124,1648,2282,89,2,0.1239142194390297,0.0216229185461998,1.0320522785186768
125,1723,1862,1645,3,0.12435758858919144,0.02399013563990593,-1.039186954498291
126,1743,23032,20,8,0.12174011766910553,0.02055962383747101,2.1452202796936035
127,1765,17957,450,4,0.12289616465568542,0.024041451513767242,0.5187205076217651
128,1766,22217,1526,8,0.12262051552534103,0.019732456654310226,-0.8354167342185974
129,1798,21218,614,3,0.12078078091144562,0.020689234137535095,0.245967298746109
130,1818,13145,1010,1,0.12465182691812515,0.020789310336112976,-0.17186598479747772
131,1826,19653,357,1,0.11969824135303497,0.019172433763742447,0.515196681022644
132,1829,3843,216,3,0.1205327957868576,0.02059824950993061,0.871536135673523
133,1830,23014,1,5,0.12211094796657562,0.01943219266831875,2.3770251274108887
134,1846,18838,243,1,0.12279241532087326,0.019225379452109337,0.8081356883049011
135,1860,13318,312,4,0.1222878098487854,0.020335327833890915,0.7021836042404175
136,1885,13115,461,3,0.12312889099121094,0.024197937920689583,0.4259204864501953
137,1890,9168,237,5,0.11964960396289825,0.018934939056634903,0.7029116153717041
138,1929,5599,114,10,0.12324449419975281,0.024227745831012726,1.3653498888015747
139,1936,108,1401,3,0.12309440225362778,0.020427156239748,-0.5109097957611084
140,1939,108,431,2,0.12273423373699188,0.020942911505699158,0.40840446949005127
141,1940,21981,1111,4,0.12344983965158463,0.02163420431315899,-0.08059370517730713
142,1951,20719,290,5,0.12188004702329636,0.02187565341591835,0.6812518239021301
143,2002,3811,820,2,0.12308774143457413,0.02008694037795067,0.03994976729154587
144,2017,7390,419,3,0.12369440495967865,0.020242787897586823,0.5258384346961975
145,2023,7583,156,1,0.12693239748477936,0.021853551268577576,0.9776800274848938
146,2028,712,210,8,0.12290871143341064,0.020944960415363312,1.076524257659912
147,2049,18465,1298,3,0.12311141937971115,0.01987645775079727,-0.3532154858112335
148,2063,21703,203,4,0.12706099450588226,0.027200954034924507,0.9234923124313354
149,2092,16740,1600,2,0.12027745693922043,0.02074248343706131,-0.9484463930130005
150,2097,13065,870,4,0.122543103992939,0.021375741809606552,-0.009622573852539062
151,2099,4650,1565,2,0.1239316463470459,0.021285027265548706,-0.9059354662895203
152,2102,6517,1025,2,0.12421085685491562,0.02040066197514534,-0.03351971507072449
153,2146,20781,1079,2,0.12100842595100403,0.02072765678167343,-0.08561965823173523
154,2215,3079,328,2,0.1272398829460144,0.024814404547214508,0.7521040439605713
155,2227,11051,162,3,0.12383344024419785,0.0191800519824028,0.907613217830658
156,2233,22792,694,2,0.12740279734134674,0.023205699399113655,0.12207137793302536
157,2245,22478,1676,6,0.12418027222156525,0.019647929817438126,-1.3088456392288208
158,2247,22592,1091,2,0.11868654191493988,0.018013298511505127,-0.21759220957756042
159,2252,4026,674,2,0.12092330306768417,0.022108757868409157,0.3083088994026184
160,2266,15149,714,2,0.1232358068227768,0.0205241609364748,0.1063341572880745
161,2269,2719,1662,10,0.12127753347158432,0.021608982235193253,-1.0050016641616821
162,2291,9686,53,2,0.12135415524244308,0.019592709839344025,1.5124976634979248
163,2300,21919,1425,3,0.12862791121006012,0.023843135684728622,-0.5318467020988464
164,2305,22821,985,5,0.12384232878684998,0.02080647647380829,-0.19212418794631958
165,2318,20407,18,2,0.1212594136595726,0.018808739259839058,1.6752827167510986
166,2336,124,1551,2,0.12049844115972519,0.019230253994464874,-0.8785080909729004
167,2346,461,961,2,0.12143295258283615,0.019735077396035194,-0.09240846335887909
168,2348,14020,1662,2,0.12352589517831802,0.020589493215084076,-0.8824851512908936
169,2364,128,1260,2,0.12138456851243973,0.021094102412462234,-0.44162502884864807
170,2367,6058,1479,5,0.12590454518795013,0.023904811590909958,-0.6060491800308228
171,2387,21399,1307,2,0.12529072165489197,0.02013620361685753,-0.38015317916870117
172,2423,134,1625,1,0.12818925082683563,0.02237780950963497,-1.0155340433120728
173,2449,741,608,3,0.12294887751340866,0.021762467920780182,0.36005479097366333
174,2478,16064,101,2,0.12217999994754791,0.019016139209270477,0.983411967754364
175,2488,11596,1599,2,0.13015618920326233,0.024263743311166763,-0.8114503026008606
176,2494,21406,1102,3,0.12328848987817764,0.020008180290460587,-0.27486974000930786
177,2496,143,8,3,0.12638840079307556,0.022877153009176254,1.7816892862319946
178,2526,17229,6,4,0.12274938076734543,0.023110562935471535,2.197693347930908
179,2554,23007,231,4,0.12197166681289673,0.0223831869661808,0.9652518033981323
180,2584,22956,34,2,0.12140809744596481,0.020430665463209152,1.723259687423706
181,2586,19865,1037,4,0.12036123126745224,0.020265288650989532,-0.16307500004768372
182,2591,21520,45,1,0.123367078602314,0.022831957787275314,1.5727890729904175
183,2599,19333,366,3,0.12321857362985611,0.0234906654804945,0.5752785205841064
184,2613,20525,444,5,0.12535615265369415,0.021255318075418472,0.49691498279571533
185,2619,153,1759,3,0.1276644766330719,0.02271842397749424,-1.8359616994857788
186,2639,22995,1214,3,0.12440294772386551,0.02122923731803894,-0.24286718666553497
187,2651,295,1404,4,0.12503650784492493,0.01912880875170231,-0.4851440489292145
188,2670,17953,1495,3,0.12429966032505035,0.024526946246623993,-0.7202492952346802
189,2673,15308,509,4,0.1242523342370987,0.026265352964401245,0.4369780123233795
190,2680,20055,362,2,0.1255405694246292,0.022412467747926712,0.554840087890625
191,2701,6217,1636,2,0.12531280517578125,0.022654149681329727,-1.1750664710998535
192,2708,13558,1242,4,0.12357012182474136,0.022652778774499893,-0.3730197250843048
193,2712,13216,422,2,0.12285666912794113,0.019821494817733765,0.4928243160247803
194,2760,14821,728,8,0.12285350263118744,0.021151509135961533,0.07054602354764938
195,2765,20927,1150,5,0.12037216126918793,0.021836772561073303,-0.17206349968910217
196,2780,17472,1654,2,0.12206273525953293,0.0224777702242136,-1.0966753959655762
197,2792,696,1499,2,0.12106126546859741,0.019039999693632126,-0.6570143103599548
198,2802,20054,1199,3,0.12333210557699203,0.020744558423757553,-0.26092833280563354
199,2812,18065,28,5,0.12222643941640854,0.022449247539043427,1.3629136085510254
200,2825,14965,1628,8,0.12262030690908432,0.021795649081468582,-1.0277066230773926
201,2847,20872,849,2,0.12605737149715424,0.020853711292147636,0.12732914090156555
202,2854,17132,364,9,0.12626978754997253,0.023339038714766502,0.6424391865730286
203,2884,8264,1434,6,0.12221236526966095,0.021648401394486427,-0.6566305160522461
204,2909,14572,10,3,0.1223195493221283,0.020795738324522972,2.2018961906433105
205,2913,21384,114,3,0.12039194256067276,0.01928308792412281,1.3065247535705566
206,2914,20848,284,2,0.12496083974838257,0.021635763347148895,0.7269361615180969
207,2931,23014,763,4,0.12092108279466629,0.018633965402841568,0.16762712597846985
208,2939,21319,7,8,0.12229155749082565,0.019651636481285095,2.5914435386657715
209,2949,22802,148,2,0.12127096951007843,0.019760753959417343,1.0773929357528687
210,2952,626,1,5,0.12225455790758133,0.01883574202656746,2.1212048530578613
211,2964,21758,853,2,0.12309641391038895,0.02333580143749714,0.0759202316403389
212,2990,712,769,10,0.12245175987482071,0.022347740828990936,0.12456884980201721
213,3069,1898,1649,2,0.12245939671993256,0.02341468445956707,-1.0720679759979248
214,3088,180,1004,4,0.12605510652065277,0.020228788256645203,-0.13647019863128662
215,3099,21101,987,2,0.12169305235147476,0.02128511294722557,0.03148266673088074
216,3103,5796,56,2,0.1230236142873764,0.02072138339281082,1.8181686401367188
217,3147,21115,127,3,0.12603817880153656,0.02499779686331749,0.9127501249313354
218,3164,20069,988,2,0.12231303751468658,0.022015107795596123,-0.10319779813289642
219,3173,4423,1217,5,0.12286391854286194,0.01969381794333458,-0.2833992838859558
220,3183,20635,416,3,0.12328367680311203,0.023138253018260002,0.5896559953689575
221,3200,14473,664,3,0.12107542157173157,0.021683331578969955,0.2582041025161743
222,3224,6171,2,2,0.12119080126285553,0.02322475239634514,5.064239025115967
223,3230,4205,3,2,0.12132788449525833,0.02214660868048668,2.7616491317749023
224,3250,1145,1,2,0.12043013423681259,0.02193634957075119,2.9884705543518066
225,3274,7367,40,5,0.12181084603071213,0.023279394954442978,1.5935990810394287
226,3287,21297,1069,2,0.12165845185518265,0.021820206195116043,-0.24807429313659668
227,3289,22998,976,6,0.12513995170593262,0.02226259745657444,-0.10717666894197464
228,3305,4581,73,2,0.12195682525634766,0.021999124437570572,1.7345764636993408
229,3370,3382,42,2,0.12421861290931702,0.024436919018626213,1.390824794769287
230,3394,22217,1530,3,0.12216979265213013,0.020621484145522118,-0.7234771847724915
231,3413,8526,1247,3,0.12241235375404358,0.022882865741848946,-0.4457084536552429
232,3436,20596,1394,2,0.12359397858381271,0.022413089871406555,-0.5551396608352661
233,3438,13856,1033,3,0.12864996492862701,0.023226367309689522,-0.1646241843700409
234,3453,21768,1035,2,0.12018674612045288,0.019236285239458084,-0.18214085698127747
235,3459,4431,497,4,0.12560516595840454,0.02411261945962906,0.3985508978366852
236,3464,6797,1183,2,0.1203775405883789,0.020715240389108658,-0.32803064584732056
237,3472,7196,48,4,0.12140205502510071,0.020233429968357086,1.323248267173767
238,3473,20837,468,2,0.11928018182516098,0.018663112074136734,0.42725852131843567
239,3486,2466,942,2,0.12663431465625763,0.02150779962539673,-0.10113250464200974
240,3489,11179,376,3,0.12441396713256836,0.02132336050271988,0.6317789554595947
241,3496,201,465,5,0.12382463365793228,0.01937972754240036,0.5160695314407349
242,3498,17014,1340,2,0.1220623031258583,0.01924147829413414,-0.5747383236885071
243,3503,17476,1087,3,0.12712697684764862,0.019308313727378845,-0.16809670627117157
244,3506,14490,131,3,0.11958131194114685,0.019677672535181046,1.1240484714508057
245,3507,21391,1452,10,0.12202334403991699,0.022156838327646255,-0.730040431022644
246,3556,5459,46,1,0.12158605456352234,0.020218202844262123,1.3191297054290771
247,3569,203,1095,6,0.1205667033791542,0.02025418169796467,-0.20912237465381622
248,3576,953,137,3,0.12275207787752151,0.021538306027650833,1.2576234340667725
249,3597,4066,838,2,0.1200050413608551,0.019855674356222153,0.059004660695791245
250,3614,20924,5,2,0.12164177000522614,0.020132964476943016,2.345358371734619
251,3661,22590,205,4,0.1226314902305603,0.02323308028280735,0.8175299167633057
252,3664,10666,1349,2,0.1237323209643364,0.022947417572140694,-0.38468021154403687
253,3666,22821,163,2,0.12294214218854904,0.02111847884953022,0.9699089527130127
254,3680,213,1260,2,0.12102185934782028,0.01977824792265892,-0.3883255124092102
255,3696,6927,754,2,0.12611250579357147,0.021122395992279053,0.12856420874595642
256,3712,21442,128,4,0.12289871275424957,0.020385365933179855,1.048101544380188
257,3751,20283,90,3,0.12171734869480133,0.021377451717853546,1.417036533355713
258,3752,1660,245,10,0.12252012640237808,0.021921101957559586,1.0203531980514526
259,3758,4408,1671,4,0.11996588855981827,0.02149892970919609,-1.1068648099899292
260,3785,4593,87,4,0.12711289525032043,0.028748609125614166,1.126858115196228
261,3803,11897,1,3,0.12226443737745285,0.021824270486831665,4.624462604522705
262,3812,20298,308,10,0.12251488864421844,0.01964912936091423,1.0016534328460693
263,3817,16990,5,2,0.12398860603570938,0.025311000645160675,2.0618162155151367
264,3836,3466,1054,2,0.11960351467132568,0.018277928233146667,-0.25582703948020935
265,3838,8505,1094,3,0.12443676590919495,0.024752404540777206,-0.2824164927005768
266,3870,6110,1576,2,0.12861202657222748,0.022577639669179916,-0.766364336013794
267,3877,226,1196,2,0.12133580446243286,0.02356867492198944,-0.24788399040699005
268,3890,21147,34,6,0.12430976331233978,0.023272236809134483,1.9632734060287476
269,3899,8178,827,2,0.12061303853988647,0.020364392548799515,0.02751179039478302
270,3906,3144,1700,3,0.1219436526298523,0.022134549915790558,-1.3913764953613281
271,3908,15848,122,10,0.12307747453451157,0.02387637086212635,1.3031549453735352
272,3919,12220,219,2,0.12152544409036636,0.019817540422081947,0.7713336944580078
273,3921,6764,164,2,0.12034372985363007,0.02122676745057106,1.0350686311721802
274,3930,21884,243,2,0.11966496706008911,0.019594665616750717,0.8231617212295532
275,3934,234,781,3,0.12277792394161224,0.01930856518447399,0.10155484080314636
276,3982,3998,716,1,0.1304338127374649,0.026550721377134323,0.04683978110551834
277,3993,4446,1709,3,0.12026664614677429,0.019679322838783264,-1.3986279964447021
278,3998,7799,907,4,0.12210961431264877,0.02027953416109085,-0.10488881170749664
279,4023,9027,1654,5,0.12201691418886185,0.022104118019342422,-1.0295727252960205
280,4067,7003,1756,4,0.12230829149484634,0.022624138742685318,-2.009556531906128
281,4069,6685,22,8,0.1230534091591835,0.019625630229711533,2.29807186126709
282,4071,1333,260,3,0.12419965863227844,0.02382289431989193,0.7969282269477844
283,4094,4683,706,3,0.1216924637556076,0.019584249705076218,0.1351914256811142
284,4120,23012,585,3,0.12119749188423157,0.021805280819535255,0.284304678440094
285,4149,763,864,7,0.12068150192499161,0.019044041633605957,-0.161859393119812
286,4206,4768,68,3,0.12436642497777939,0.025371376425027847,1.1376827955245972
287,4209,6059,184,3,0.12202037870883942,0.021511796861886978,1.068774700164795
288,4233,8048,48,2,0.12088465690612793,0.020486317574977875,2.1099436283111572
289,4241,22956,561,10,0.12435868382453918,0.02028387226164341,0.37668681144714355
290,4262,15633,74,2,0.12161760032176971,0.021373119205236435,1.2476649284362793
291,4267,16835,709,10,0.12365176528692245,0.026091579347848892,0.1819455325603485
292,4300,13718,606,2,0.12095151841640472,0.020864337682724,0.3146071434020996
293,4319,4539,48,6,0.12292139232158661,0.022410303354263306,1.3480455875396729
294,4357,23030,1675,7,0.12023864686489105,0.020085779950022697,-1.2761056423187256
295,4444,3931,207,2,0.12454933673143387,0.023610159754753113,0.9081820845603943
296,4456,20989,513,2,0.12282299250364304,0.020888566970825195,0.3948346972465515
297,4477,2357,111,3,0.1256740540266037,0.025072120130062103,1.0697078704833984
298,4481,12440,1,3,0.1234331950545311,0.021183282136917114,3.179755687713623
299,4504,16633,108,2,0.12347568571567535,0.025043442845344543,1.0392595529556274
300,4507,5202,1146,3,0.12176956981420517,0.021270563825964928,-0.23483741283416748
301,4517,14699,1353,2,0.12315220385789871,0.022407297044992447,-0.4304799437522888
302,4547,22252,1688,4,0.12213748693466187,0.020325973629951477,-1.3237497806549072
303,4596,6565,1629,2,0.12454337626695633,0.025309035554528236,-0.9207852482795715
304,4600,20077,708,2,0.12159204483032227,0.021040767431259155,0.20279301702976227
305,4610,19155,360,2,0.11983884871006012,0.020103298127651215,0.5310486555099487
306,4613,10817,786,2,0.1190815195441246,0.019473254680633545,0.10824497044086456
307,4621,268,25,2,0.11933492869138718,0.018565041944384575,1.9214930534362793
308,4657,11134,1732,10,0.12314257025718689,0.021175451576709747,-1.5531631708145142
309,4676,12048,808,3,0.12423373758792877,0.02308955043554306,0.23021793365478516
310,4715,17142,126,2,0.11969505995512009,0.019257932901382446,1.1008667945861816
311,4736,12607,75,2,0.1209779605269432,0.021003080531954765,1.309311032295227
312,4744,19352,899,2,0.12038359045982361,0.021371014416217804,-0.05176594480872154
313,4748,284,921,2,0.12213965505361557,0.019864492118358612,-0.11932729184627533
314,4767,17085,440,3,0.1215147003531456,0.019736643880605698,0.5334741473197937
315,4823,11171,1,2,0.12176195532083511,0.02192358486354351,5.194815635681152
316,4835,1504,1,3,0.12385590374469757,0.02398025617003441,2.7664637565612793
317,4839,11420,1322,2,0.12374035269021988,0.02021131105720997,-0.4514768719673157
318,4849,21342,477,2,0.12112953513860703,0.020160486921668053,0.5584182739257812
319,4851,22952,2,2,0.12207476794719696,0.021347567439079285,2.266775608062744
320,4860,16808,862,5,0.12138521671295166,0.02090337872505188,0.01481698825955391
321,4868,20919,79,2,0.12034587562084198,0.020472869277000427,1.1877813339233398
322,4876,570,1507,1,0.12693239748477936,0.020065031945705414,-0.7046220898628235
323,4879,19687,335,1,0.12124411761760712,0.019917817786335945,0.6484680771827698
324,4880,297,883,3,0.12408187985420227,0.019763614982366562,-0.10615179687738419
325,4930,20891,600,4,0.12160603702068329,0.019539162516593933,0.33580923080444336
326,4952,305,103,2,0.12258971482515335,0.020284336060285568,1.1968910694122314
327,4956,22425,252,3,0.12180691212415695,0.02131623402237892,0.9127962589263916
328,4965,15856,936,2,0.12271946668624878,0.01957760751247406,-0.14554919302463531
329,4972,12212,324,2,0.12078312039375305,0.018576983362436295,0.6842290163040161
330,4987,23014,224,6,0.1266329437494278,0.02032809518277645,0.9160077571868896
331,4990,4491,284,2,0.12170454114675522,0.021167360246181488,0.889618456363678
332,5011,1040,2,4,0.12248646467924118,0.021577924489974976,3.4129819869995117
333,5022,16616,1432,1,0.12862713634967804,0.02241288684308529,-0.5228114724159241
334,5037,22686,1391,1,0.11979679763317108,0.018407639116048813,-0.4824039936065674
335,5041,18786,2,2,0.11981198191642761,0.019763633608818054,2.9131596088409424
336,5048,5287,102,2,0.12417086213827133,0.022015482187271118,1.2386728525161743
337,5058,23029,242,5,0.12196002900600433,0.02022748626768589,0.7379372119903564
338,5090,314,1131,2,0.12207310646772385,0.02097560279071331,-0.1861286610364914
339,5094,5262,1023,2,0.12148956954479218,0.019498802721500397,-0.12819558382034302
340,5107,16607,330,2,0.12780962884426117,0.029366936534643173,0.7065837383270264
341,5125,2953,1254,2,0.1221313551068306,0.020298171788454056,-0.4715600311756134
342,5166,2022,15,5,0.12263157218694687,0.020262878388166428,1.3619096279144287
343,5171,4539,204,4,0.12359090149402618,0.023517334833741188,0.9161839485168457
344,5172,10659,1391,1,0.12220332026481628,0.020087797194719315,-0.5110269784927368
345,5180,12734,310,3,0.12290597707033157,0.02590908855199814,0.6738905906677246
346,5195,16859,93,4,0.12761759757995605,0.027381358668208122,1.179743766784668
347,5269,14214,1304,3,0.12457066029310226,0.02518356591463089,-0.5014732480049133
348,5270,23032,546,2,0.1268835812807083,0.022112343460321426,0.26626795530319214
349,5273,3929,1542,7,0.12044914066791534,0.02099549025297165,-0.9369439482688904
350,5288,4533,153,4,0.12626537680625916,0.026042088866233826,1.0062518119812012
351,5289,9866,472,2,0.12898828089237213,0.024363260716199875,0.3808969259262085
352,5298,21263,446,2,0.1278758943080902,0.02275674045085907,0.41541340947151184
353,5306,11733,283,6,0.12319352477788925,0.02518850564956665,0.7257353067398071
354,5335,15193,1254,3,0.12401273101568222,0.02378343790769577,-0.4360105097293854
355,5341,18920,142,2,0.12011226266622543,0.01947801001369953,1.0639475584030151
356,5347,22908,1166,3,0.12464727461338043,0.020306091755628586,-0.25308266282081604
357,5348,17019,1189,5,0.12122969329357147,0.019667446613311768,-0.33247894048690796
358,5391,2046,1486,3,0.1230018213391304,0.01943007856607437,-0.640749454498291
359,5429,18642,652,1,0.12442124634981155,0.023535624146461487,0.19052055478096008
360,5431,21415,9,2,0.12232144176959991,0.022277945652604103,2.116274356842041
361,5433,21350,228,3,0.12175817042589188,0.022556990385055542,0.6360132694244385
362,5447,21121,289,4,0.12130255252122879,0.019251037389039993,0.8513410091400146
363,5453,21942,9,10,0.12284797430038452,0.023909401148557663,2.228679895401001
364,5488,349,812,2,0.12773464620113373,0.023083273321390152,-0.04122462868690491
365,5496,5485,1429,3,0.12102758884429932,0.022901425138115883,-0.6254037618637085
366,5501,22928,1311,2,0.12067714333534241,0.01866009831428528,-0.4081352949142456
367,5533,23029,95,4,0.12292332202196121,0.021245352923870087,1.3312164545059204
368,5558,357,379,2,0.12222933769226074,0.020985139533877373,0.6135473847389221
369,5563,23003,841,2,0.12012304365634918,0.01896308921277523,0.008583914488554
370,5569,359,847,2,0.12011931091547012,0.020390070974826813,0.015314236283302307
371,5572,831,13,2,0.12081415206193924,0.020152956247329712,1.9074797630310059
372,5587,7310,349,2,0.11908213794231415,0.019272377714514732,0.5232798457145691
373,5591,12831,483,2,0.12728933990001678,0.023851681500673294,0.3744851052761078
374,5632,1570,1478,2,0.12403356283903122,0.01956440694630146,-0.6580685377120972
375,5636,11158,1471,2,0.12157187610864639,0.019935794174671173,-0.6764455437660217
376,5638,15975,552,4,0.12174032628536224,0.02147563174366951,0.4267443120479584
377,5644,3381,695,3,0.12546810507774353,0.024577248841524124,0.2936091423034668
378,5659,4885,906,3,0.12442098557949066,0.022592827677726746,0.09959133714437485
379,5680,5491,1,7,0.12294690310955048,0.022784173488616943,2.6202847957611084
380,5682,11701,164,3,0.12897557020187378,0.028284866362810135,0.9932003021240234
381,5690,23023,5,2,0.123308464884758,0.020240316167473793,2.1885504722595215
382,5691,367,5,2,0.1230262815952301,0.02346981316804886,4.162865161895752
383,5694,11047,977,2,0.12367432564496994,0.019122157245874405,0.015628382563591003
384,5725,826,193,5,0.12096291780471802,0.02107425034046173,0.972436785697937
385,5751,17113,1725,4,0.12206540256738663,0.02036498859524727,-1.5088635683059692
386,5770,17519,1159,6,0.12455571442842484,0.023889396339654922,-0.2801781892776489
387,5773,373,1250,3,0.12280722707509995,0.019869189709424973,-0.27121275663375854
388,5804,19030,78,2,0.1216634213924408,0.020497635006904602,1.3957643508911133
389,5820,15861,672,2,0.12022695690393448,0.01978379301726818,0.21139398217201233
390,5831,4767,841,3,0.1258753091096878,0.021658752113580704,-0.01503308117389679
391,5843,3163,936,2,0.12133406102657318,0.02155045047402382,-0.04320916533470154
392,5871,22809,4,5,0.12238073348999023,0.021051984280347824,3.7612781524658203
393,5879,10160,827,2,0.12637344002723694,0.020039774477481842,0.11351549625396729
394,5892,19034,196,3,0.12012959271669388,0.019216816872358322,0.7832035422325134
395,5957,2003,313,2,0.12061478942632675,0.02040475606918335,0.657009482383728
396,5973,16592,408,2,0.12376699596643448,0.021808426827192307,0.5062152147293091
397,6000,1247,450,2,0.12162721902132034,0.02040323242545128,0.48271477222442627
398,6033,14418,1,3,0.1219499334692955,0.020499438047409058,2.8446717262268066
399,6068,456,1640,3,0.12298896163702011,0.021842684596776962,-1.2742350101470947
400,6096,22704,775,2,0.1209101676940918,0.019935034215450287,0.11577419936656952
401,6100,23014,192,4,0.12053761631250381,0.018771836534142494,1.016124963760376
402,6171,19227,626,2,0.12528406083583832,0.022439824417233467,0.1289234310388565
403,6177,396,1,2,0.1277247816324234,0.028699660673737526,1.627145767211914
404,6196,22533,1216,2,0.12281519919633865,0.022357795387506485,-0.2298794835805893
405,6252,21452,361,7,0.12020866572856903,0.022170398384332657,0.798844575881958
406,6259,5815,1731,1,0.12088193744421005,0.02166903205215931,-1.7768678665161133
407,6280,8586,356,4,0.12278924882411957,0.020445924252271652,0.5616835951805115
408,6283,21396,165,2,0.1217535063624382,0.019575567916035652,1.0943150520324707
409,6284,22217,123,5,0.123472660779953,0.02185128629207611,1.079071044921875
410,6289,2370,546,2,0.12196411937475204,0.019896281883120537,0.3335147202014923
411,6312,11927,1212,2,0.12166111916303635,0.020905915647745132,-0.23721298575401306
412,6314,22299,625,2,0.11895167082548141,0.019761446863412857,0.27657797932624817
413,6360,20273,65,5,0.1203470453619957,0.01970086060464382,1.7982683181762695
414,6369,1274,1446,9,0.1291370838880539,0.020223677158355713,-0.6073322296142578
415,6404,5377,301,2,0.12093234062194824,0.020069407299160957,0.6946319341659546
416,6405,6219,1679,6,0.12334700673818588,0.020788468420505524,-1.236194133758545
417,6407,3151,389,2,0.12120912224054337,0.020612183958292007,0.4824362099170685
418,6440,4196,50,2,0.1221606433391571,0.02039141207933426,1.8695403337478638
419,6494,21436,640,2,0.12079823017120361,0.0220663882791996,0.32196930050849915
420,6509,14084,446,5,0.12395139783620834,0.02237227000296116,0.5158505439758301
421,6539,16804,1038,3,0.1226777732372284,0.023363061249256134,-0.21447964012622833
422,6554,8775,920,2,0.12229389697313309,0.02209988608956337,-0.03326568007469177
423,6595,21277,121,2,0.11958740651607513,0.01902058906853199,1.0371922254562378
424,6596,22347,617,5,0.12458258867263794,0.02422371506690979,0.31171223521232605
425,6619,22961,104,2,0.12231110036373138,0.01996266283094883,1.2336986064910889
426,6623,22657,429,2,0.1240568608045578,0.021203508600592613,0.6100736856460571
427,6631,1408,1768,3,0.1217937096953392,0.02141619101166725,-1.9340873956680298
428,6666,21757,1173,3,0.12086550891399384,0.022459715604782104,-0.4244990348815918
429,6669,4536,89,2,0.12193390727043152,0.0214333888143301,1.490539789199829
430,6686,23031,576,4,0.12417750805616379,0.023259121924638748,0.2910464406013489
431,6696,18186,1095,2,0.12403401732444763,0.022379882633686066,-0.10560193657875061
432,6697,21691,1224,4,0.12387410551309586,0.02447417937219143,-0.36974823474884033
433,6706,670,1093,2,0.12380174547433853,0.024246174842119217,-0.21776330471038818
434,6717,4566,717,7,0.12096724659204483,0.02121724560856819,0.30094146728515625
435,6729,21141,824,4,0.12769874930381775,0.02384452521800995,-0.06154647469520569
436,6730,22000,234,2,0.12496493011713028,0.023927291855216026,0.8475357294082642
437,6739,22987,1253,8,0.12387372553348541,0.020500103011727333,-0.37388554215431213
438,6742,966,92,2,0.12585406005382538,0.025087272748351097,1.0207468271255493
439,6750,451,205,2,0.12125243246555328,0.018835658207535744,0.8112190961837769
440,6760,12823,118,3,0.12043023854494095,0.019592227414250374,1.2471239566802979
441,6762,15814,641,5,0.12429884821176529,0.021256625652313232,0.2902224659919739
442,6766,4196,994,3,0.12416794896125793,0.02086043171584606,-0.010697605088353157
443,6768,16613,568,2,0.11902441084384918,0.020549269393086433,0.4011312425136566
444,6770,22970,391,3,0.1268446445465088,0.021695975214242935,0.5131070613861084
445,6787,21758,260,5,0.12324585765600204,0.023472700268030167,0.7638667225837708
446,6804,21003,1,2,0.12527838349342346,0.02518182247877121,2.9315290451049805
447,6820,458,1373,3,0.12656840682029724,0.02444520592689514,-0.4915769100189209
448,6838,22928,1316,6,0.12244842946529388,0.018705062568187714,-0.455040842294693
449,6859,9462,66,2,0.12287728488445282,0.021507903933525085,1.9055951833724976
450,6874,18842,189,5,0.1220039650797844,0.021291010081768036,0.8041290640830994
451,6878,1894,633,4,0.12304731458425522,0.020138369873166084,0.20844832062721252
452,6946,861,1149,4,0.12920741736888885,0.0224837064743042,-0.2591415047645569
453,6951,22861,391,2,0.12714125216007233,0.024182438850402832,0.6230844259262085
454,6967,20687,1773,2,0.12218328565359116,0.02065279521048069,-2.6689276695251465
455,6979,8252,397,5,0.1241687759757042,0.021571986377239227,0.5909126996994019
456,6990,23020,1545,3,0.12461569160223007,0.02169189788401127,-0.8468294143676758
457,7025,14372,1502,4,0.12187100946903229,0.02349967323243618,-0.7241255044937134
458,7042,23027,1695,4,0.12430860102176666,0.02445070818066597,-1.43307626247406
459,7043,22961,1116,2,0.12316128611564636,0.019443605095148087,-0.1430712342262268
460,7047,2760,1430,3,0.12386950105428696,0.02424609288573265,-0.6004891395568848
461,7062,3315,88,3,0.12180209904909134,0.02307206206023693,1.4816644191741943
462,7064,14238,1348,2,0.12345441430807114,0.02336975932121277,-0.4772762656211853
463,7092,13580,8,5,0.12341214716434479,0.021755069494247437,2.2108640670776367
464,7093,3163,1571,2,0.12235885858535767,0.021783675998449326,-1.0434441566467285
465,7094,483,1165,2,0.12472233921289444,0.02239879220724106,-0.19349054992198944
466,7095,4507,1,3,0.12406373023986816,0.025618962943553925,2.485480785369873
467,7109,22682,39,8,0.12430465221405029,0.025586988776922226,1.4868841171264648
468,7110,21344,1515,2,0.12333914637565613,0.020494095981121063,-0.8058419227600098
469,7120,22892,1404,7,0.12121795117855072,0.023513687774538994,-0.7011852860450745
470,7139,486,581,2,0.12227589637041092,0.021014809608459473,0.45010340213775635
471,7150,20658,571,2,0.12470293790102005,0.021966183558106422,0.4086803197860718
472,7151,9694,29,2,0.1236334964632988,0.020350821316242218,1.6358184814453125
473,7153,21966,789,3,0.12290666252374649,0.020326104015111923,0.11774073541164398
474,7166,17941,108,2,0.12395863234996796,0.024423491209745407,1.0535826683044434
475,7173,17099,312,4,0.12269726395606995,0.02331869676709175,0.8325696587562561
476,7176,5108,1639,2,0.12021742016077042,0.01983306184411049,-0.979767918586731
477,7185,16344,418,9,0.12459675222635269,0.022573228925466537,0.5648477673530579
478,7187,22961,1244,3,0.12202020734548569,0.019350344315171242,-0.37283486127853394
479,7192,23025,1502,4,0.12250140309333801,0.02148575335741043,-0.6655110120773315
480,7214,622,463,3,0.1212007999420166,0.021173126995563507,0.5682852864265442
481,7250,22442,1522,2,0.12141557782888412,0.019902585074305534,-0.8064532279968262
482,7260,22975,62,3,0.1215422973036766,0.021704886108636856,1.4382563829421997
483,7261,10331,488,2,0.12023638933897018,0.020496521145105362,0.447316974401474
484,7262,17216,570,2,0.12365221977233887,0.022668257355690002,0.3463361859321594
485,7263,19389,257,8,0.12360478937625885,0.02323148399591446,0.8646489381790161
486,7264,497,1130,2,0.12288308888673782,0.019096018746495247,-0.1906827688217163
487,7271,17645,788,5,0.12576161324977875,0.020864421501755714,0.1028638407588005
488,7276,4557,1133,3,0.11953224986791611,0.01852347142994404,-0.17812198400497437
489,7303,22984,1058,4,0.12343119084835052,0.0218200720846653,-0.06963366270065308
490,7309,22112,96,3,0.12103407084941864,0.020809214562177658,1.2454931735992432
491,7311,13257,1598,3,0.12320169061422348,0.01950872503221035,-1.0465339422225952
492,7312,12174,367,2,0.12358121573925018,0.024613268673419952,0.6260094046592712
493,7313,501,1028,2,0.11977062374353409,0.019284125417470932,-0.05579465627670288
494,7318,21593,1001,4,0.1200190857052803,0.017733227461576462,-0.07247325032949448
495,7352,5297,653,3,0.12321370840072632,0.02012355625629425,0.29783087968826294
496,7356,7203,1769,4,0.12403953075408936,0.02291981875896454,-2.21586012840271
497,7364,18630,447,2,0.12147912383079529,0.02039094641804695,0.5314368605613708
498,7432,20547,849,6,0.12449844926595688,0.020268265157938004,-0.015927456319332123
499,7453,18770,636,2,0.11982659250497818,0.019259922206401825,0.27671971917152405
500,7517,15006,1,2,0.12705844640731812,0.02675078809261322,1.4715726375579834
501,7524,19608,296,2,0.12592174112796783,0.0265437550842762,0.6897885203361511
502,7541,5986,1358,2,0.12021146714687347,0.020847177132964134,-0.5753774046897888
503,7557,22237,1049,3,0.12136602401733398,0.02138540707528591,-0.05911535024642944
504,7576,21893,1337,3,0.12509384751319885,0.021096667274832726,-0.5032608509063721
505,7601,19460,1068,2,0.12045492231845856,0.022234946489334106,-0.13756419718265533
506,7609,20393,693,2,0.12410807609558105,0.020255886018276215,0.2839266061782837
507,7628,6261,139,3,0.12196797132492065,0.02005920000374317,0.9644677639007568
508,7638,22925,531,3,0.12391529977321625,0.021153293550014496,0.3559902608394623
509,7651,20792,556,3,0.12151902168989182,0.019923923537135124,0.4544508159160614
510,7657,13314,745,3,0.12081482261419296,0.020626414567232132,0.2057846039533615
511,7673,525,1689,2,0.12510141730308533,0.02325443923473358,-1.241673231124878
512,7681,11990,1393,2,0.12282998859882355,0.02127959579229355,-0.5214986801147461
513,7682,10884,586,3,0.12056928128004074,0.02203325554728508,0.3667125701904297
514,7701,4599,25,2,0.12429523468017578,0.027024682611227036,1.5567142963409424
515,7702,19110,13,10,0.12268977612257004,0.022185977548360825,2.0234076976776123
516,7707,17029,990,3,0.12259888648986816,0.022950895130634308,-0.16320115327835083
517,7717,531,59,3,0.1220598891377449,0.019308432936668396,1.2109965085983276
518,7719,9220,1489,5,0.12194224447011948,0.01923390105366707,-0.6421964168548584
519,7765,536,23,5,0.125735342502594,0.022972702980041504,1.5308877229690552
520,7813,13800,589,2,0.12202718108892441,0.019812531769275665,0.3253163993358612
521,7816,922,4,1,0.12193337082862854,0.02202465385198593,2.676179885864258
522,7850,2246,145,3,0.12142691016197205,0.01940073072910309,1.187453031539917
523,7883,22996,462,2,0.1213548481464386,0.022021004930138588,0.5411583781242371
524,7892,18744,150,4,0.12219120562076569,0.022681068629026413,1.1005148887634277
525,7895,20027,743,3,0.11911296844482422,0.018640883266925812,0.07079905271530151
526,7916,6451,392,4,0.12425646930932999,0.02174333855509758,0.5548437237739563
527,7920,554,1130,2,0.11968088150024414,0.019190916791558266,-0.11511150002479553
528,7928,3719,693,1,0.12810711562633514,0.023708026856184006,0.1399194747209549
529,7932,20472,1215,3,0.12383855879306793,0.02090110071003437,-0.28878307342529297
530,7960,21356,307,2,0.12179559469223022,0.021036051213741302,0.6388871073722839
531,7984,563,1590,2,0.12474235147237778,0.022597627714276314,-0.8616061210632324
532,7999,22938,970,2,0.1254229098558426,0.022957980632781982,-0.025303468108177185
533,8025,23012,810,2,0.12318478524684906,0.022761840373277664,-0.009525150060653687
534,8032,8090,22,2,0.1211533397436142,0.02252362295985222,1.9452145099639893
535,8070,11984,1486,2,0.12116827815771103,0.021276043727993965,-0.7925243973731995
536,8075,20472,748,2,0.12577253580093384,0.022153398022055626,0.13037806749343872
537,8092,22911,1320,1,0.12371010333299637,0.020967749878764153,-0.4964318871498108
538,8101,20768,7,2,0.12024854868650436,0.0192092377692461,2.2539963722229004
539,8111,20848,155,3,0.12030257284641266,0.019762907177209854,1.121655821800232
540,8118,14054,495,3,0.12287022918462753,0.02188807725906372,0.2690942585468292
541,8120,22645,1109,3,0.12414643168449402,0.0231634434312582,-0.17823871970176697
542,8132,2283,1610,6,0.12181364744901657,0.02017804980278015,-1.0284045934677124
543,8135,23014,23,9,0.12312261760234833,0.019582994282245636,1.8810017108917236
544,8136,11369,1068,5,0.1213052049279213,0.022830836474895477,-0.16293196380138397
545,8141,18429,386,1,0.12155444175004959,0.019305117428302765,0.5999090671539307
546,8148,20231,191,2,0.12146300077438354,0.019827980548143387,0.7713586688041687
547,8186,8354,1390,2,0.12772269546985626,0.02167070284485817,-0.4921608567237854
548,8226,12656,1,2,0.12135425209999084,0.020973391830921173,4.078794956207275
549,8247,21508,143,3,0.12190878391265869,0.021629231050610542,1.1680876016616821
550,8264,20985,801,2,0.12942150235176086,0.024545229971408844,-0.03695874661207199
551,8282,589,1684,5,0.12291732430458069,0.022752534598112106,-1.284942865371704
552,8284,17142,40,7,0.11989231407642365,0.02018037438392639,1.3532960414886475
553,8287,8397,689,2,0.12452109903097153,0.022265370935201645,0.26169589161872864
554,8294,22638,495,10,0.12214898318052292,0.020115796476602554,0.5060744285583496
555,8330,6011,505,3,0.12281090766191483,0.02155682072043419,0.38362917304039
556,8338,9185,1345,3,0.12175073474645615,0.020671602338552475,-0.4566485583782196
557,8366,6235,766,4,0.12021148949861526,0.019219420850276947,0.08654201775789261
558,8389,21098,977,2,0.12381558865308762,0.022726761177182198,-0.06314509361982346
559,8398,1266,202,2,0.11946316808462143,0.019475873559713364,0.9209960699081421
560,8414,15635,832,7,0.12426203489303589,0.021620817482471466,-0.16702154278755188
561,8415,16409,273,2,0.1282953917980194,0.02698073722422123,0.7934849262237549
562,8423,8907,1026,3,0.12340456247329712,0.022748073562979698,-0.22690585255622864
563,8429,8970,268,2,0.12039194256067276,0.020675569772720337,0.8617802262306213
564,8440,2951,1530,3,0.1250448375940323,0.026736821979284286,-0.8300020098686218
565,8450,19333,800,2,0.11988268792629242,0.020906362682580948,0.09543609619140625
566,8498,22851,265,2,0.12149770557880402,0.022007551044225693,0.8554883599281311
567,8508,20768,713,2,0.12582725286483765,0.019241834059357643,0.1582287847995758
568,8511,20888,1755,2,0.12291836738586426,0.022621698677539825,-2.0989630222320557
569,8577,7310,236,10,0.12118586897850037,0.019856244325637817,0.6881206631660461
570,8583,9039,579,2,0.12539537250995636,0.02151268720626831,0.22649647295475006
571,8629,16159,164,6,0.12447529286146164,0.02172308787703514,1.0625752210617065
572,8652,12607,401,3,0.12508931756019592,0.021884094923734665,0.5773759484291077
573,8684,17811,83,5,0.12238654494285583,0.020083896815776825,1.1996843814849854
574,8686,9302,1594,2,0.12028013914823532,0.01985698565840721,-0.9351372718811035
575,8707,628,1212,7,0.12367884814739227,0.020894382148981094,-0.47608813643455505
576,8711,23030,1765,3,0.12359709292650223,0.02148745208978653,-2.1673810482025146
577,8745,632,1756,3,0.1254851073026657,0.02529166266322136,-1.7769464254379272
578,8770,10027,502,3,0.1212008148431778,0.021555431187152863,0.39617782831192017
579,8771,635,1735,2,0.12507076561450958,0.022911231964826584,-1.457221508026123
580,8777,22273,1618,2,0.12744028866291046,0.028606148436665535,-0.7591996192932129
581,8793,20471,55,2,0.12330605834722519,0.02040494605898857,1.3117722272872925
582,8805,9231,994,2,0.12356891483068466,0.023257452994585037,-0.10971633344888687
583,8825,16607,1639,2,0.12073861807584763,0.021468807011842728,-1.022985816001892
584,8834,21996,972,3,0.12611693143844604,0.02290494367480278,-0.06669771671295166
585,8843,7077,481,2,0.12051370739936829,0.019564712420105934,0.4450882375240326
586,8899,23009,1019,4,0.12390179932117462,0.02136613056063652,-0.11921420693397522
587,8904,12639,727,3,0.12004337459802628,0.01919112168252468,0.17536935210227966
588,8918,1629,1717,2,0.1297609955072403,0.02787313237786293,-1.2474831342697144
589,8961,8624,152,3,0.12143123894929886,0.01983441226184368,1.0874371528625488
590,9006,14115,961,2,0.12260913103818893,0.02089996077120304,-0.04641085863113403
591,9014,6569,34,5,0.12298573553562164,0.019093256443738937,1.470468521118164
592,9015,13400,129,3,0.11957821995019913,0.019253946840763092,1.3466991186141968
593,9019,16384,1428,2,0.12322462350130081,0.020966526120901108,-0.7155218124389648
594,9029,22154,726,5,0.12456740438938141,0.023240167647600174,0.18732191622257233
595,9046,6535,257,4,0.11951460689306259,0.01929018273949623,0.838307797908783
596,9059,16893,177,3,0.12789386510849,0.02743367850780487,0.9631969928741455
597,9094,4491,335,5,0.12114890664815903,0.021065667271614075,0.6865702867507935
598,9095,21833,231,3,0.12073718011379242,0.020184673368930817,0.8736566305160522
599,9108,653,254,3,0.12453519552946091,0.02274446375668049,0.7715979218482971
600,9115,22446,1001,3,0.12255814671516418,0.019635390490293503,-0.19342312216758728
601,9135,694,1722,2,0.12238847464323044,0.020959101617336273,-1.706088662147522
602,9195,21241,982,1,0.1267315000295639,0.023010052740573883,-0.15783549845218658
603,9207,20180,1217,3,0.1257156878709793,0.024767395108938217,-0.37931931018829346
604,9225,21613,625,2,0.12908990681171417,0.024465428665280342,0.2561803460121155
605,9236,6797,666,2,0.12334948778152466,0.022332318127155304,0.17389273643493652
606,9251,18477,1769,2,0.12062732130289078,0.025294870138168335,-2.121647834777832
607,9257,22970,18,2,0.12311800569295883,0.020313937216997147,1.3031214475631714
608,9258,19494,197,5,0.12340382486581802,0.023582495748996735,0.9097139835357666
609,9294,8707,1667,2,0.12030872702598572,0.021321717649698257,-1.104042410850525
610,9302,6191,121,2,0.12321998924016953,0.023381637409329414,1.1042842864990234
611,9315,675,1026,2,0.1226874440908432,0.0198662206530571,-0.11006608605384827
612,9324,675,3,3,0.12474885582923889,0.02115580625832081,2.2464804649353027
613,9331,17519,1608,2,0.12375736981630325,0.023401901125907898,-0.762270450592041
614,9357,20745,490,3,0.12320850789546967,0.022030118852853775,0.4852263629436493
615,9379,9495,1518,2,0.12515981495380402,0.02476269006729126,-0.6519979238510132
616,9397,680,93,2,0.11879140138626099,0.020666953176259995,1.2167472839355469
617,9398,7799,1010,2,0.1294354945421219,0.023088108748197556,-0.1683071404695511
618,9411,17237,534,2,0.12075535953044891,0.02022426761686802,0.42676621675491333
619,9415,22853,97,2,0.12195395678281784,0.022771276533603668,1.5724895000457764
620,9448,20143,1479,4,0.12369224429130554,0.024743959307670593,-0.6252712607383728
621,9458,2026,302,2,0.12438087165355682,0.023861417546868324,0.7429164052009583
622,9468,21350,13,2,0.12890125811100006,0.028530769050121307,1.4621946811676025
623,9483,22844,1186,7,0.12038452923297882,0.020242352038621902,-0.19760023057460785
624,9512,10085,349,2,0.12176854908466339,0.021874964237213135,0.6339871287345886
625,9513,12401,200,2,0.12602165341377258,0.025721970945596695,0.8413999676704407
626,9544,23002,1054,4,0.12339851260185242,0.02052028477191925,-0.12492193281650543
627,9555,14053,1,1,0.12134131044149399,0.021835681051015854,3.392164707183838
628,9562,15862,1138,3,0.12377520650625229,0.021710434928536415,-0.23932889103889465
629,9591,5987,415,9,0.12393835932016373,0.022986922413110733,0.5503050684928894
630,9604,21982,374,6,0.12721329927444458,0.02274041250348091,0.6279171705245972
631,9669,3956,247,2,0.1278975009918213,0.027921516448259354,0.9129022359848022
632,9697,712,2,2,0.12800638377666473,0.02635548636317253,2.047882080078125
633,9733,712,5,2,0.12847426533699036,0.02666015736758709,1.3591012954711914
634,9773,7373,142,3,0.12213357537984848,0.021420789882540703,1.1307319402694702
635,9814,21711,554,3,0.12093693763017654,0.019321177154779434,0.34632188081741333
636,9828,22812,530,2,0.12368001788854599,0.02067508175969124,0.28104546666145325
637,9830,22739,333,3,0.11953629553318024,0.01962989941239357,0.7231535315513611
638,9874,14417,168,2,0.121018186211586,0.01933351159095764,1.0168626308441162
639,9883,18076,726,2,0.1238606795668602,0.020806318148970604,0.1917075514793396
640,9885,4907,1331,2,0.1198611781001091,0.018385497853159904,-0.3880845010280609
641,9917,2668,12,6,0.12781670689582825,0.027174584567546844,1.7902436256408691
642,9921,22889,501,3,0.12277602404356003,0.020955128595232964,0.43165040016174316
643,9928,720,336,2,0.12399523705244064,0.02108016610145569,0.6837343573570251
644,9929,4725,599,2,0.12272271513938904,0.020434770733118057,0.3480031490325928
645,9931,21491,189,2,0.12162318825721741,0.021323420107364655,1.065586805343628
646,9943,22998,1022,3,0.12297168374061584,0.021563975140452385,-0.05602583289146423
647,9969,4603,534,2,0.120755136013031,0.02014399878680706,0.3772238492965698
648,9973,14084,1290,2,0.11965355277061462,0.01801038719713688,-0.3752063512802124
649,9993,9879,212,2,0.1205647811293602,0.022958844900131226,0.8504210710525513
650,10009,9313,88,4,0.12143489718437195,0.021452708169817924,1.1490734815597534
651,10028,6969,342,1,0.12473549693822861,0.02230810560286045,0.7635078430175781
652,10050,15381,742,3,0.12727044522762299,0.024096358567476273,0.1308479756116867
653,10106,21803,680,4,0.12274118512868881,0.022329077124595642,0.1959371417760849
654,10118,3611,9,3,0.12142159044742584,0.02126467227935791,2.559854745864868
655,10156,3434,2,2,0.11942504346370697,0.02111244946718216,2.720334529876709
656,10173,6235,1518,2,0.12411684542894363,0.02059616521000862,-0.8356385231018066
657,10186,7338,74,2,0.11926983296871185,0.01948576793074608,1.6702767610549927
658,10216,7524,1704,2,0.12264294922351837,0.021566903218626976,-1.51686429977417
659,10239,2844,447,2,0.12536627054214478,0.024417774751782417,0.4961320459842682
660,10258,22552,993,4,0.12285695225000381,0.02016974240541458,-0.011062651872634888
661,10275,16108,354,3,0.12826335430145264,0.02193419635295868,0.7360631227493286
662,10280,7809,650,2,0.12227746844291687,0.019979359582066536,0.26192742586135864
663,10307,10059,1219,2,0.12269208580255508,0.021553831174969673,-0.3647095561027527
664,10315,741,402,3,0.12119276076555252,0.020985808223485947,0.6341832280158997
665,10327,14451,899,3,0.12622570991516113,0.024020688608288765,-0.03382609039545059
666,10344,3083,1207,2,0.12060899287462234,0.019386012107133865,-0.3232410252094269
667,10383,22133,178,4,0.1212012767791748,0.021951831877231598,0.8970906734466553
668,10390,23009,1742,2,0.11983747780323029,0.018235426396131516,-2.0011515617370605
669,10430,1616,980,1,0.12379750609397888,0.021567661315202713,-0.00025644898414611816
670,10440,12335,20,3,0.12344233691692352,0.022549543529748917,2.142272472381592
671,10467,3718,38,5,0.12286539375782013,0.024016786366701126,1.2908272743225098
672,10471,12192,153,3,0.12157927453517914,0.020368535071611404,1.1104543209075928
673,10481,8466,170,2,0.12506793439388275,0.02589217573404312,0.9404555559158325
674,10523,22773,827,3,0.12541820108890533,0.02139884978532791,0.07910464704036713
675,10526,11477,224,4,0.12095329165458679,0.02297438681125641,0.8972105979919434
676,10550,16962,232,8,0.12619362771511078,0.02468516305088997,1.0714787244796753
677,10664,20477,5,6,0.12095431983470917,0.020667865872383118,2.5692737102508545
678,10680,18021,1696,4,0.12229626625776291,0.022662032395601273,-1.485991358757019
679,10718,22052,1020,2,0.12452539056539536,0.022318720817565918,-0.09699106961488724
680,10725,767,1650,2,0.12784719467163086,0.020078135654330254,-0.915547788143158
681,10734,2579,1087,5,0.12007325887680054,0.021514320746064186,-0.19893334805965424
682,10743,8637,786,2,0.12343556433916092,0.0202108733355999,0.07431858032941818
683,10746,9206,13,4,0.12344756722450256,0.021822594106197357,1.8381422758102417
684,10749,10049,1158,3,0.12308226525783539,0.022360779345035553,-0.21475569903850555
685,10760,16404,243,2,0.12358801811933517,0.02235203981399536,0.7005364894866943
686,10782,22979,796,5,0.12480933219194412,0.02173519879579544,0.11596833169460297
687,10787,22807,890,5,0.12562502920627594,0.021218160167336464,0.0611221045255661
688,10808,10068,954,2,0.12943369150161743,0.02346452698111534,-0.07926790416240692
689,10830,8336,1431,2,0.1224047914147377,0.02489849366247654,-0.6757941246032715
690,10835,3990,206,2,0.12717163562774658,0.027013257145881653,0.9145170450210571
691,10836,17962,16,2,0.12566624581813812,0.026028744876384735,1.6231427192687988
692,10846,782,662,5,0.12312478572130203,0.0237991102039814,0.22859390079975128
693,10848,19423,1565,2,0.12183163315057755,0.020012663677334785,-0.9921889305114746
694,10871,21691,2,4,0.12732791900634766,0.02735019661486149,1.5854038000106812
695,10918,17814,906,2,0.12938545644283295,0.020578261464834213,-0.122615747153759
696,10942,21366,1452,1,0.1222822293639183,0.020567048341035843,-0.7894432544708252
697,10949,14358,1059,3,0.1227560043334961,0.023516301065683365,-0.1522022783756256
698,10951,20348,1219,5,0.12275682389736176,0.027622463181614876,-0.23796793818473816
699,10960,11420,972,2,0.12669436633586884,0.02015967108309269,-0.10923603177070618
700,10966,4231,1,2,0.12298230081796646,0.022793486714363098,4.019833564758301
701,10973,4645,1259,3,0.12371750175952911,0.021084055304527283,-0.347584068775177
702,10985,22929,212,3,0.12002851068973541,0.020694348961114883,0.8870223760604858
703,10991,12956,624,2,0.12395711243152618,0.021607665345072746,0.30331099033355713
704,11042,20979,354,2,0.12548300623893738,0.026468992233276367,0.6331982612609863
705,11045,16829,257,3,0.12674656510353088,0.026735207065939903,0.8104835748672485
706,11046,22076,913,2,0.12372893840074539,0.02046024799346924,-0.03915703296661377
707,11054,22874,848,2,0.12153130769729614,0.020207591354846954,0.07096698135137558
708,11076,4643,1227,2,0.12419262528419495,0.022043250501155853,-0.24229216575622559
709,11077,14417,77,6,0.12327315658330917,0.019922994077205658,1.2006139755249023
710,11082,10900,539,2,0.12356391549110413,0.020739462226629257,0.37762418389320374
711,11100,12830,27,2,0.12214621156454086,0.021577518433332443,2.107609510421753
712,11116,18339,180,4,0.12220396101474762,0.02087538316845894,0.8263380527496338
713,11125,805,1254,5,0.1223553866147995,0.020955972373485565,-0.39122626185417175
714,11126,805,636,3,0.1253632754087448,0.022846587002277374,0.3446007966995239
715,11128,16156,6,3,0.1224343329668045,0.021061215549707413,2.659905433654785
716,11129,15001,508,3,0.12362326681613922,0.022176776081323624,0.4576694965362549
717,11132,20734,213,4,0.12014835327863693,0.019354382529854774,0.8371795415878296
718,11153,22572,15,3,0.12107331305742264,0.021175771951675415,2.1189613342285156
719,11168,20913,795,2,0.12531398236751556,0.022855084389448166,0.15679751336574554
720,11181,22575,1029,1,0.12292466312646866,0.02003355138003826,-0.24086691439151764
721,11190,1660,967,5,0.12439128756523132,0.021718382835388184,-0.042825847864151
722,11197,22922,277,2,0.1240028440952301,0.021539241075515747,0.8107507824897766
723,11199,17410,157,2,0.12094475328922272,0.01943507418036461,1.0176339149475098
724,11201,3484,572,4,0.12160690873861313,0.021108008921146393,0.4026641249656677
725,11204,17717,69,4,0.12060660123825073,0.020092764869332314,1.6943949460983276
726,11211,12306,614,2,0.12737321853637695,0.0288697462528944,0.33742207288742065
727,11284,2046,53,5,0.12018781900405884,0.01996193267405033,1.942263126373291
728,11301,21337,195,5,0.12334423512220383,0.021247562021017075,0.8098030090332031
729,11316,22549,826,6,0.12673848867416382,0.024184944108128548,0.03931745886802673
730,11322,22965,353,5,0.12216056883335114,0.01895938441157341,0.571628212928772
731,11324,23021,693,2,0.12524305284023285,0.023527532815933228,0.11407633125782013
732,11337,18244,679,10,0.12198172509670258,0.020475465804338455,0.11024591326713562
733,11364,23024,425,4,0.12090051919221878,0.02008095383644104,0.4857349097728729
734,11365,22964,49,2,0.12115103006362915,0.02100822888314724,1.5002120733261108
735,11376,16220,1316,1,0.12432818859815598,0.020966891199350357,-0.4951188862323761
736,11392,21951,561,5,0.12506552040576935,0.022673621773719788,0.34435853362083435
737,11407,18272,121,2,0.12720198929309845,0.0287289097905159,1.061093807220459
738,11418,10838,25,4,0.12303455173969269,0.023022521287202835,2.065079927444458
739,11450,3637,602,2,0.12337436527013779,0.025695815682411194,0.3605656027793884
740,11460,9725,175,2,0.12019476294517517,0.01952703669667244,0.8813163638114929
741,11461,1402,364,8,0.12577089667320251,0.021367743611335754,0.8004099130630493
742,11482,6293,228,2,0.12260152399539948,0.020365102216601372,0.9531106948852539
743,11505,22004,1354,2,0.12337843328714371,0.024743787944316864,-0.4736660122871399
744,11520,3369,916,4,0.12263825535774231,0.020975427702069283,-0.027875125408172607
745,11530,20302,1560,2,0.12289534509181976,0.02098655328154564,-0.8867342472076416
746,11584,10780,44,3,0.12133318930864334,0.021031208336353302,1.5914877653121948
747,11598,13669,355,2,0.12657366693019867,0.024805186316370964,0.4729315936565399
748,11604,4761,629,6,0.12390933185815811,0.02353539504110813,0.24024727940559387
749,11619,22835,1031,3,0.12158849090337753,0.023378737270832062,-0.1541236937046051
750,11620,22688,909,3,0.12074234336614609,0.021660778671503067,-0.06925612688064575
751,11626,2060,509,7,0.12126339972019196,0.02214903011918068,0.3701627254486084
752,11636,866,714,7,0.12040432542562485,0.020883556455373764,0.2791476547718048
753,11641,21411,383,3,0.12284037470817566,0.019988393411040306,0.5902777314186096
754,11643,868,1,2,0.12112824618816376,0.02152799256145954,4.160475254058838
755,11698,875,1481,2,0.12183836102485657,0.0209362730383873,-0.6613025665283203
756,11702,9775,1719,2,0.12739010155200958,0.022552834823727608,-1.3471604585647583
757,11710,22896,492,9,0.12196090817451477,0.02094738930463791,0.4765359163284302
758,11757,23008,458,2,0.12182093411684036,0.021251752972602844,0.6170494556427002
759,11758,22929,1069,3,0.12514571845531464,0.023103617131710052,-0.12294617295265198
760,11815,889,1082,4,0.12244996428489685,0.022405698895454407,-0.11195141077041626
761,11829,21350,614,6,0.12291006743907928,0.022881530225276947,0.2536695599555969
762,11867,22414,241,10,0.12202835828065872,0.020464174449443817,0.7479773759841919
763,11877,16189,1368,3,0.1209154948592186,0.020915355533361435,-0.5573878288269043
764,11883,19222,1005,2,0.12047186493873596,0.021683700382709503,-0.07647953927516937
765,11891,6019,637,2,0.1258256882429123,0.02704920992255211,0.3717198371887207
766,11899,22645,115,3,0.12171463668346405,0.02182716131210327,0.9812635183334351
767,11901,15883,1653,2,0.12498205900192261,0.022410698235034943,-1.1825250387191772
768,11918,16348,1025,2,0.12298715859651566,0.02091170847415924,-0.2362395077943802
769,11930,22329,247,2,0.12433276325464249,0.024252619594335556,0.7706401944160461
770,11957,15869,196,2,0.1216232106089592,0.021578935906291008,0.843424379825592
771,11962,9376,1451,2,0.12105435878038406,0.02007521502673626,-0.6912985444068909
772,12053,5138,410,2,0.1252792775630951,0.024192621931433678,0.5162590742111206
773,12084,22594,514,3,0.12478356063365936,0.022679641842842102,0.46724438667297363
774,12095,15826,1049,3,0.12206658720970154,0.02070901356637478,-0.16656026244163513
775,12161,18367,1384,2,0.12100556492805481,0.020969128236174583,-0.5279217958450317
776,12172,11479,102,2,0.12157788872718811,0.021678296849131584,1.1659328937530518
777,12189,12118,172,4,0.12289655208587646,0.02382552996277809,0.7925093770027161
778,12203,6636,1,3,0.12410014867782593,0.021762307733297348,2.7158260345458984
779,12208,1901,1155,2,0.1256454437971115,0.02020440250635147,-0.28771376609802246
780,12266,2817,530,1,0.12347687780857086,0.023745518177747726,0.2686787247657776
781,12274,12740,1090,1,0.12299171835184097,0.023063724860548973,-0.0662894994020462
782,12276,15826,1182,3,0.12168038636445999,0.02071758359670639,-0.27704504132270813
783,12292,21992,1533,3,0.12081047892570496,0.018823223188519478,-0.8169595003128052
784,12319,3793,24,2,0.12369154393672943,0.02441473864018917,1.4044331312179565
785,12320,10591,442,2,0.12448100745677948,0.02044646441936493,0.5276994705200195
786,12324,2055,1754,2,0.12429641932249069,0.024718958884477615,-1.2118417024612427
787,12329,21624,7,3,0.12520794570446014,0.025898519903421402,1.6617779731750488
788,12337,22183,979,3,0.1207917332649231,0.02077746018767357,-0.17366884648799896
789,12340,4813,308,2,0.12761715054512024,0.02588833123445511,0.7742623090744019
790,12361,17859,681,2,0.12311559170484543,0.02439027838408947,0.3162086308002472
791,12401,2178,788,3,0.12264017015695572,0.021747363731265068,0.10748834908008575
792,12432,966,1535,2,0.1198163852095604,0.01981257274746895,-0.7550268769264221
793,12434,966,227,3,0.1261981725692749,0.025195300579071045,0.8440498113632202
794,12466,21826,83,2,0.12307155132293701,0.020404566079378128,1.322927713394165
795,12545,21345,659,3,0.1274528056383133,0.022186849266290665,0.1260344535112381
796,12575,23002,280,4,0.12088917195796967,0.020278695970773697,0.7351036667823792
797,12579,16883,56,2,0.12348273396492004,0.024315526708960533,1.0759458541870117
798,12598,11991,77,2,0.12249109894037247,0.021215632557868958,1.5128543376922607
799,12623,22004,243,3,0.129030242562294,0.029878461733460426,0.9466249942779541
800,12624,21826,12,3,0.12211885303258896,0.01988147385418415,1.5893003940582275
801,12635,9590,111,2,0.1231435239315033,0.020561687648296356,1.111473560333252
802,12661,2706,204,2,0.1218428909778595,0.02215288020670414,0.9720097780227661
803,12683,10843,876,4,0.1198996976017952,0.017993278801441193,-0.010809969156980515
804,12723,4262,12,4,0.12181875109672546,0.022031616419553757,3.2344231605529785
805,12750,10918,623,4,0.12187162041664124,0.018920186907052994,0.2860052287578583
806,12796,14657,449,3,0.12474410235881805,0.020594283938407898,0.4901410937309265
807,12799,3913,1409,2,0.1279224306344986,0.019577395170927048,-0.4956149160861969
808,12802,22591,564,3,0.12344140559434891,0.020200178027153015,0.3368564248085022
809,12844,22228,546,4,0.12221058458089828,0.01973421685397625,0.30686312913894653
810,12854,21115,53,3,0.12563346326351166,0.02502521127462387,1.1595708131790161
811,12856,6053,421,2,0.12125058472156525,0.02057572454214096,0.5829536318778992
812,12857,21956,949,3,0.12284830212593079,0.022157184779644012,-0.04401828348636627
813,12868,14224,135,2,0.12357915192842484,0.025671007111668587,0.9441773891448975
814,12900,15861,1713,7,0.12021755427122116,0.020029038190841675,-1.4985474348068237
815,12904,22903,561,4,0.12282644212245941,0.02172303944826126,0.29561254382133484
816,12916,8381,62,3,0.12470069527626038,0.02424001321196556,1.3075053691864014
817,12941,20283,130,1,0.12065888196229935,0.01970721408724785,1.081737756729126
818,12949,13473,309,2,0.12785443663597107,0.025298193097114563,0.7212755084037781
819,12953,22874,1628,2,0.12702056765556335,0.021797694265842438,-0.8385735154151917
820,12976,10661,1601,1,0.132137268781662,0.021808482706546783,-0.8089485168457031
821,12983,22596,281,1,0.12145481258630753,0.021794568747282028,0.7491993308067322
822,13052,21735,148,7,0.12127768993377686,0.022738266736268997,1.4126527309417725
823,13054,22084,702,2,0.12239970266819,0.020724762231111526,0.2637636363506317
824,13056,3054,1351,2,0.11959421634674072,0.020347177982330322,-0.4554179906845093
825,13069,21568,978,1,0.12866225838661194,0.02299492061138153,-0.09359946846961975
826,13081,4534,64,6,0.12196655571460724,0.02074563503265381,1.573119044303894
827,13098,6456,1594,1,0.12347780913114548,0.020243603736162186,-0.9642294645309448
828,13162,19176,10,5,0.12084910273551941,0.02105002850294113,2.4230618476867676
829,13173,6513,1034,3,0.12719734013080597,0.023349430412054062,-0.1836966574192047
830,13211,8974,21,2,0.12749725580215454,0.02804883010685444,1.5545108318328857
831,13232,14477,1,3,0.12443168461322784,0.024692170321941376,3.194915771484375
832,13235,1051,1002,4,0.12224308401346207,0.02470669150352478,0.023786164820194244
833,13264,19626,32,3,0.12835879623889923,0.028470102697610855,1.3355791568756104
834,13300,13760,542,2,0.123163141310215,0.020725877955555916,0.30879274010658264
835,13310,3532,1225,2,0.12419956922531128,0.02037160098552704,-0.35369691252708435
836,13342,22636,1662,2,0.12475693225860596,0.02275410294532776,-0.9559558033943176
837,13372,2386,30,4,0.12013453245162964,0.019796807318925858,2.0483765602111816
838,13392,22931,38,3,0.11960019171237946,0.01983901672065258,2.0025665760040283
839,13404,11017,1188,3,0.12196812778711319,0.020596301183104515,-0.27736610174179077
840,13410,1081,204,2,0.1250869780778885,0.019389348104596138,0.9408780336380005
841,13424,11846,1596,2,0.12429366260766983,0.021811455488204956,-0.7224208116531372
842,13434,8784,680,2,0.12451779097318649,0.023005777969956398,0.30468717217445374
843,13472,8248,561,1,0.12276645004749298,0.01972099579870701,0.4109044373035431
844,13560,23005,528,2,0.12449915707111359,0.021792767569422722,0.296324223279953
845,13566,22482,1653,3,0.12266568839550018,0.021449971944093704,-0.9357566237449646
846,13570,22344,134,5,0.12384818494319916,0.024236487224698067,0.9497159719467163
847,13604,7196,232,2,0.12089797854423523,0.020855940878391266,0.9186825752258301
848,13610,1101,1146,2,0.12271346151828766,0.02021965943276882,-0.29266029596328735
849,13612,16633,1,2,0.1276330202817917,0.028279580175876617,2.1282005310058594
850,13616,9608,642,3,0.12298903614282608,0.02146628499031067,0.2044878900051117
851,13643,5042,1012,2,0.12203378230333328,0.019812365993857384,-0.05351833626627922
852,13665,1110,271,1,0.1262333244085312,0.02160697802901268,0.7657794952392578
853,13669,6031,1742,3,0.1226765364408493,0.019861599430441856,-1.4755345582962036
854,13681,22205,208,4,0.12067600339651108,0.019440926611423492,0.8835576772689819
855,13739,20995,1,3,0.12363945692777634,0.02472544088959694,2.428206205368042
856,13741,10037,1234,2,0.12018205225467682,0.020025137811899185,-0.37230974435806274
857,13744,22019,427,2,0.12438777089118958,0.021228209137916565,0.5504932403564453
858,13769,1119,1183,2,0.12275052815675735,0.023300953209400177,-0.23169659078121185
859,13793,11213,1309,2,0.1268271952867508,0.02034900337457657,-0.40143924951553345
860,13795,1121,992,2,0.12170353531837463,0.022273728623986244,-0.15110565721988678
861,13813,10470,1,2,0.12443961948156357,0.024632742628455162,3.124652624130249
862,13839,19825,284,2,0.12413892149925232,0.02188008837401867,0.7733162641525269
863,13845,1128,396,2,0.12695732712745667,0.023520007729530334,0.5507124662399292
864,13854,6055,1772,4,0.1217733845114708,0.02132999710738659,-1.944532871246338
865,13863,13556,188,8,0.12728790938854218,0.025006867945194244,0.9375421404838562
866,13913,20722,1575,2,0.12282241880893707,0.02283449098467827,-0.8512966632843018
867,13928,22364,757,2,0.12511397898197174,0.022049959748983383,0.06625569611787796
868,13940,9838,311,3,0.127831369638443,0.027908671647310257,0.7712587714195251
869,13977,22144,303,2,0.12053187936544418,0.020580697804689407,0.7641066908836365
870,13984,18104,1269,1,0.12223038822412491,0.01924874261021614,-0.42766013741493225
871,14027,21334,288,3,0.12229115515947342,0.020313948392868042,0.8502563834190369
872,14029,17916,1719,3,0.12152863293886185,0.020992424339056015,-1.6031627655029297
873,14053,18029,359,1,0.12135033309459686,0.01879705861210823,0.5793877840042114
874,14085,22559,1490,2,0.12230218201875687,0.02414356730878353,-0.6404969692230225
875,14090,5101,192,2,0.12221884727478027,0.023696625605225563,1.0721628665924072
876,14138,4164,626,3,0.1247042864561081,0.02130066230893135,0.18900424242019653
877,14176,12299,43,3,0.12432745099067688,0.02237437479197979,1.3688499927520752
878,14179,8348,28,2,0.12825730443000793,0.02870779111981392,1.404984712600708
879,14190,19857,384,4,0.12632808089256287,0.030383452773094177,0.6367594003677368
880,14195,3768,82,2,0.12139487266540527,0.02300206571817398,1.2627818584442139
881,14225,1336,1696,3,0.12088622152805328,0.022652290761470795,-1.2141480445861816
882,14243,8075,1404,1,0.1257036030292511,0.022943811491131783,-0.5158016681671143
883,14261,17187,639,1,0.12902185320854187,0.025033583864569664,0.1968608796596527
884,14275,20322,1474,4,0.12483826279640198,0.025497321039438248,-0.5802645683288574
885,14292,19717,524,2,0.12861397862434387,0.024126902222633362,0.3781348466873169
886,14322,10141,1041,2,0.12757031619548798,0.024031151086091995,-0.20660243928432465
887,14336,2357,209,2,0.12216869741678238,0.022571902722120285,0.8324252367019653
888,14339,6211,1568,2,0.1260974258184433,0.021862704306840897,-0.866232693195343
889,14342,8840,286,3,0.12580490112304688,0.022770024836063385,0.7436689138412476
890,14347,21170,848,2,0.12001644819974899,0.02026568353176117,0.07565552741289139
891,14370,13085,727,2,0.1198551207780838,0.019037369638681412,0.1391003429889679
892,14376,10594,1473,3,0.12560750544071198,0.020290274173021317,-0.6229296922683716
893,14401,1216,1773,3,0.12136498838663101,0.02156957983970642,-1.9336411952972412
894,14410,9287,33,3,0.12165111303329468,0.02064012736082077,2.233797550201416
895,14451,11213,89,2,0.12324611842632294,0.02126859501004219,1.5004332065582275
896,14453,2391,143,10,0.12221081554889679,0.02271077036857605,1.4249099493026733
897,14462,17469,731,1,0.12349005043506622,0.020267874002456665,0.17879706621170044
898,14477,21873,56,4,0.12630172073841095,0.026627544313669205,1.2606916427612305
899,14484,20043,904,5,0.1244790181517601,0.02112662047147751,0.014296263456344604
900,14492,19160,1111,2,0.12273991107940674,0.022969061508774757,-0.1502966284751892
901,14572,9115,164,4,0.12299937009811401,0.020134540274739265,0.9067132472991943
902,14596,15381,598,3,0.12453790009021759,0.023137403652071953,0.25828197598457336
903,14610,1356,393,3,0.12335123121738434,0.02287428453564644,0.6541472673416138
904,14642,8763,383,2,0.12358826398849487,0.021025827154517174,0.5630121827125549
905,14643,19504,3,2,0.12397114932537079,0.02087334543466568,2.8176984786987305
906,14651,1236,951,2,0.12409215420484543,0.019126929342746735,-0.014463841915130615
907,14653,21776,589,2,0.12468314170837402,0.02182970568537712,0.3445064425468445
908,14670,20283,717,2,0.12504109740257263,0.021854834631085396,0.2163723260164261
909,14686,14727,1160,4,0.12351370602846146,0.023055629804730415,-0.24465569853782654
910,14704,21350,55,3,0.12624458968639374,0.0258997343480587,1.1811052560806274
911,14732,1250,1293,3,0.12308894097805023,0.02651587873697281,-0.3796026408672333
912,14763,18116,647,4,0.12484019249677658,0.023336127400398254,0.2118505835533142
913,14781,22623,476,2,0.12102300673723221,0.019411588087677956,0.4795897901058197
914,14785,1255,1343,2,0.12869608402252197,0.021129224449396133,-0.44757896661758423
915,14831,1259,1115,2,0.1247633695602417,0.027286749333143234,-0.25646594166755676
916,14838,20098,19,1,0.12182117253541946,0.023476356640458107,2.068798303604126
917,14850,2417,1663,3,0.1253935992717743,0.02141532488167286,-0.9330030083656311
918,14876,7053,300,2,0.12258222699165344,0.023243393748998642,0.722072958946228
919,14889,20355,343,3,0.12210767716169357,0.019932730123400688,0.708389937877655
920,14892,15985,270,2,0.1244569718837738,0.0228887889534235,0.7649960517883301
921,14913,21489,1080,2,0.12293951958417892,0.02185705304145813,-0.1507478803396225
922,14938,23022,448,2,0.1201297715306282,0.02073736861348152,0.545470654964447
923,15000,16872,52,2,0.1228475570678711,0.022320151329040527,1.2140378952026367
924,15002,10403,223,2,0.12340199202299118,0.019092237576842308,0.8012748956680298
925,15007,4536,1010,3,0.11957366019487381,0.018938394263386726,-0.1121896356344223
926,15009,1704,663,1,0.12975245714187622,0.020598502829670906,0.10706637799739838
927,15010,18527,777,5,0.12020063400268555,0.021879421547055244,0.024102456867694855
928,15031,6584,48,2,0.12629804015159607,0.02204018458724022,1.3347688913345337
929,15032,1285,32,3,0.12269683927297592,0.022168312221765518,1.656412124633789
930,15041,17527,144,2,0.12109819799661636,0.019480351358652115,1.015120267868042
931,15056,14958,91,3,0.12184478342533112,0.020607993006706238,1.444836139678955
932,15079,12564,980,2,0.12097100913524628,0.02033676952123642,-0.013318193145096302
933,15093,18022,1643,2,0.12340378016233444,0.024034030735492706,-1.1525838375091553
934,15112,15148,654,2,0.12072913348674774,0.020418964326381683,0.26231104135513306
935,15128,17546,1424,2,0.12192423641681671,0.02192145399749279,-0.6922535300254822
936,15158,6465,557,3,0.12244522571563721,0.018475431948900223,0.39984098076820374
937,15159,15955,1656,2,0.12124068289995193,0.021461155265569687,-1.251547932624817
938,15173,20362,1710,2,0.1220848485827446,0.02148986980319023,-1.3734380006790161
939,15188,19489,12,2,0.12370328605175018,0.024811310693621635,1.4665019512176514
940,15190,7624,1189,2,0.12268446385860443,0.021565552800893784,-0.25360721349716187
941,15258,11338,612,2,0.11923311650753021,0.01918390765786171,0.23745641112327576
942,15272,9157,1249,1,0.13096515834331512,0.02749847248196602,-0.3288208842277527
943,15281,13043,798,2,0.12093666195869446,0.02117263711988926,0.12740710377693176
944,15286,11266,87,4,0.12380378693342209,0.024639153853058815,1.0660823583602905
945,15299,2303,358,7,0.12534725666046143,0.023862726986408234,0.9838359951972961
946,15348,13899,317,2,0.1280466467142105,0.03130054101347923,0.8235296607017517
947,15350,18343,784,1,0.12156292051076889,0.020487379282712936,0.20084604620933533
948,15352,20477,12,1,0.123313307762146,0.02280176617205143,1.9681198596954346
949,15358,1773,425,2,0.1237151250243187,0.02295653522014618,0.5560792684555054
950,15359,19173,1341,2,0.12766386568546295,0.019888412207365036,-0.4649089574813843
951,15360,20473,806,2,0.12367794662714005,0.021473076194524765,0.18105468153953552
952,15377,19587,269,3,0.12793520092964172,0.028635386377573013,0.7928818464279175
953,15418,20902,674,3,0.12440399080514908,0.02043149434030056,0.07623104751110077
954,15443,17218,1551,4,0.12469049543142319,0.02052062749862671,-0.7107422351837158
955,15469,10970,1063,2,0.12068047374486923,0.018589654937386513,-0.26766231656074524
956,15474,22853,852,3,0.12268457561731339,0.0231748279184103,0.039815761148929596
957,15510,11289,408,3,0.1212909147143364,0.0216870978474617,0.5154677629470825
958,15515,20780,358,3,0.12418121844530106,0.020222114399075508,0.6476748585700989
959,15545,1347,1749,2,0.12315094470977783,0.02190820686519146,-1.6272618770599365
960,15554,21350,425,2,0.1240718811750412,0.023938152939081192,0.4478945732116699
961,15559,1350,637,6,0.122579425573349,0.02024376019835472,0.25181370973587036
962,15592,21881,202,2,0.1215609759092331,0.021401088684797287,0.7901334166526794
963,15605,2198,989,6,0.12415102869272232,0.02066647820174694,-0.17679043114185333
964,15642,9522,1710,2,0.12306912243366241,0.02045530453324318,-1.2613000869750977
965,15673,14195,39,3,0.1291630119085312,0.02746526151895523,1.3267624378204346
966,15700,17099,162,2,0.12669958174228668,0.02608632482588291,1.0242680311203003
967,15710,22017,1509,2,0.12438540160655975,0.02118593454360962,-0.6698074340820312
968,15745,13494,10,3,0.12366107106208801,0.02169732376933098,1.6960396766662598
969,15751,19277,414,3,0.12720303237438202,0.02461165189743042,0.49594414234161377
970,15801,1667,1398,4,0.11994955688714981,0.021554511040449142,-0.5716468095779419
971,15807,7250,1596,1,0.12165646255016327,0.018302442505955696,-1.0177645683288574
972,15821,22155,1169,1,0.12025660276412964,0.0206049382686615,-0.27461865544319153
973,15844,11702,172,2,0.12413772940635681,0.025945331901311874,0.9440844058990479
974,15864,16440,1555,2,0.12724071741104126,0.022966647520661354,-0.6838616132736206
975,15878,2969,1670,2,0.1270589530467987,0.02849666401743889,-0.9781792163848877
976,15919,21491,1125,3,0.12469516694545746,0.022272929549217224,-0.17913661897182465
977,15924,22007,193,2,0.12207351624965668,0.023140905424952507,0.9163107872009277
978,15934,9770,1,1,0.12945403158664703,0.02696465328335762,1.6430598497390747
979,15949,10029,955,2,0.1236022487282753,0.023142945021390915,-0.04450694099068642
980,15973,20041,13,6,0.12199266254901886,0.02197813242673874,2.1415889263153076
981,16015,9749,241,1,0.12525145709514618,0.022073445841670036,0.9156219959259033
982,16029,17748,175,4,0.12296967953443527,0.023181693628430367,0.890120804309845
983,16048,18279,52,2,0.11991036683320999,0.01980377733707428,1.5520035028457642
984,16049,16520,1256,3,0.121897391974926,0.02026890031993389,-0.35000208020210266
985,16090,22890,142,3,0.12383709847927094,0.02056872472167015,1.1370903253555298
986,16128,22574,921,1,0.12163351476192474,0.01890602707862854,0.04507159814238548
987,16137,12113,873,2,0.12347812950611115,0.02282029762864113,-0.06956569105386734
988,16143,19792,464,1,0.12842047214508057,0.023631799966096878,0.42777103185653687
989,16178,20069,1168,2,0.12163574248552322,0.021806713193655014,-0.30427423119544983
990,16202,11857,1736,2,0.12434868514537811,0.02120933309197426,-1.4622108936309814
991,16204,1437,679,2,0.12097445875406265,0.021842103451490402,0.23924651741981506
992,16209,3528,1710,2,0.1271500587463379,0.021465137600898743,-1.132224440574646
993,16225,20940,1548,4,0.12363142520189285,0.02432207204401493,-0.7284466028213501
994,16228,23008,854,2,0.12609420716762543,0.023396074771881104,0.0013246014714241028
995,16229,8537,1491,2,0.12511014938354492,0.02103533409535885,-0.6516875624656677
996,16250,12449,1340,2,0.11967670917510986,0.019523311406373978,-0.4198877215385437
997,16263,22109,605,2,0.1276123970746994,0.024378478527069092,0.1982651799917221
998,16318,19822,846,2,0.12443096190690994,0.022055350244045258,0.0864715427160263
999,16322,12560,987,2,0.12586233019828796,0.022269420325756073,-0.059259310364723206
1000,16325,8023,1583,3,0.12723390758037567,0.024457408115267754,-0.8586139678955078
1001,16392,14523,1145,3,0.12432625889778137,0.023182904347777367,-0.19870895147323608
1002,16417,22132,1012,5,0.12264152616262436,0.022417807951569557,-0.14054033160209656
1003,16427,22986,620,2,0.12222643941640854,0.018922794610261917,0.33614009618759155
1004,16431,6015,157,3,0.12104342877864838,0.02114991843700409,1.080327033996582
1005,16437,14570,1408,2,0.12483350932598114,0.02233610674738884,-0.48634493350982666
1006,16438,22051,1563,1,0.12496983259916306,0.02245083823800087,-0.9921902418136597
1007,16443,16127,1015,2,0.12386661767959595,0.019997218623757362,-0.06098747253417969
1008,16461,17922,1482,2,0.12626858055591583,0.02218286134302616,-0.6057304739952087
1009,16507,21249,292,2,0.1196410208940506,0.018613170832395554,0.7327253222465515
1010,16520,16926,14,3,0.12583495676517487,0.026031222194433212,1.472888469696045
1011,16529,4902,316,4,0.12041783332824707,0.01922851987183094,0.6145132780075073
1012,16542,17107,39,5,0.12285485118627548,0.0231564212590456,1.4160192012786865
1013,16547,19751,97,2,0.12072137743234634,0.021432824432849884,1.3605539798736572
1014,16608,20995,1,2,0.12840786576271057,0.028371533378958702,1.9166531562805176
1015,16609,17235,797,2,0.1278437227010727,0.02114371955394745,-0.048706091940402985
1016,16620,1865,1234,2,0.12759004533290863,0.02311205118894577,-0.3457412123680115
1017,16623,16217,781,3,0.12287180870771408,0.020029788836836815,0.15944761037826538
1018,16626,13131,1325,2,0.126662015914917,0.020687058568000793,-0.4112294912338257
1019,16696,2825,460,4,0.1243245080113411,0.020719213411211967,0.5055170059204102
1020,16702,16841,12,4,0.1230621337890625,0.0239925067871809,1.7340269088745117
1021,16710,15817,419,2,0.13048458099365234,0.02526814676821232,0.5176303386688232
1022,16713,5462,291,3,0.1286413073539734,0.0287572480738163,0.8191888332366943
1023,16734,20060,1367,2,0.11940255016088486,0.019738290458917618,-0.4760482609272003
1024,16768,13587,167,2,0.11974812299013138,0.019437728449702263,1.1680647134780884
1025,16773,1552,1,3,0.12097351998090744,0.02038015052676201,5.541027545928955
1026,16800,11473,1,2,0.12240194529294968,0.023794351145625114,5.633040428161621
1027,16803,10081,624,2,0.12203917652368546,0.01944805309176445,0.279742032289505
1028,16830,22969,1148,3,0.12250065803527832,0.019604455679655075,-0.28694266080856323
1029,16835,12222,1207,4,0.12416184693574905,0.020181691274046898,-0.4072760045528412
1030,16868,23032,80,2,0.12151237577199936,0.020947754383087158,1.3553277254104614
1031,16869,1551,160,2,0.1215706467628479,0.019844667986035347,1.0352741479873657
1032,16874,5820,335,3,0.12241050601005554,0.02126908302307129,0.5974506735801697
1033,16906,14215,842,3,0.12202970683574677,0.01993025280535221,-0.0013258177787065506
1034,16913,5963,940,3,0.12379881739616394,0.020157795399427414,0.05374251306056976
1035,16926,19636,11,2,0.12111758440732956,0.02145887166261673,2.220750331878662
1036,16931,1564,959,2,0.12139260768890381,0.021634694188833237,0.055447109043598175
1037,16939,15834,647,1,0.12251877784729004,0.02071845717728138,0.07685443758964539
1038,16947,2665,131,3,0.12104077637195587,0.0208534337580204,1.0836714506149292
1039,17000,19390,26,2,0.12581287324428558,0.026427213102579117,1.3996105194091797
1040,17010,22108,704,4,0.12755149602890015,0.021609820425510406,0.21041153371334076
1041,17054,13659,369,2,0.12341439723968506,0.021412290632724762,0.5825033187866211
1042,17055,17216,1502,3,0.12319879978895187,0.021839892491698265,-0.6607196927070618
1043,17070,21445,1747,2,0.12561364471912384,0.022281799465417862,-1.9843953847885132
1044,17090,9490,26,2,0.12127826362848282,0.021873939782381058,1.635277509689331
1045,17108,12600,217,2,0.1210848018527031,0.0194556787610054,0.8268188238143921
1046,17113,17560,773,5,0.12207645922899246,0.020092640072107315,0.21316106617450714
1047,17121,3491,569,3,0.12183406949043274,0.021462570875883102,0.3567102551460266
1048,17134,21824,586,2,0.12269868701696396,0.020484233275055885,0.45810991525650024
1049,17157,22582,395,3,0.1216878890991211,0.02130623534321785,0.5929005146026611
1050,17189,12536,269,2,0.12492913752794266,0.023475181311368942,0.7995624542236328
1051,17195,8946,191,2,0.1273842751979828,0.029789583757519722,0.9983498454093933
1052,17268,20868,223,6,0.1230170726776123,0.022634858265519142,0.8101071715354919
1053,17300,20766,267,2,0.12497925758361816,0.02144533582031727,0.8211979866027832
1054,17302,4815,1,3,0.12303559482097626,0.02523745596408844,3.40958309173584
1055,17318,23009,1075,4,0.12341167032718658,0.020853908732533455,-0.2522091865539551
1056,17330,22894,1610,5,0.12139631807804108,0.021084032952785492,-1.0623549222946167
1057,17333,21889,581,10,0.12233423441648483,0.023347273468971252,0.352200448513031
1058,17348,22415,352,2,0.12358051538467407,0.024765394628047943,0.6775574088096619
1059,17397,13078,1058,4,0.12000957876443863,0.0206863135099411,-0.1467304527759552
1060,17398,1642,1100,2,0.12269218266010284,0.02350785955786705,-0.13434776663780212
1061,17399,21685,1350,3,0.12323470413684845,0.02315378189086914,-0.5021313428878784
1062,17423,1645,1195,2,0.12227615714073181,0.021778367459774017,-0.3068550229072571
1063,17447,6485,660,2,0.12170930206775665,0.019119590520858765,0.2691574692726135
1064,17453,16841,8,2,0.12825703620910645,0.027253054082393646,1.537445068359375
1065,17501,4030,892,5,0.12233316153287888,0.02167617715895176,-0.01144823431968689
1066,17504,20644,455,2,0.12200180441141129,0.02414328046143055,0.4668419659137726
1067,17533,21760,203,2,0.12282992899417877,0.02384435012936592,0.8388594388961792
1068,17611,3208,1669,6,0.12073728442192078,0.018087228760123253,-1.2918598651885986
1069,17621,9882,313,2,0.12650226056575775,0.02841850370168686,0.7140432596206665
1070,17650,22228,571,10,0.12330037355422974,0.02000386267900467,0.41998857259750366
1071,17665,1920,184,3,0.1209542378783226,0.02015237882733345,1.018876075744629
1072,17748,13154,1657,3,0.12536068260669708,0.0220180694013834,-1.0506608486175537
1073,17770,17729,1330,3,0.12767469882965088,0.022198544815182686,-0.44607439637184143
1074,17810,21639,1251,8,0.12498484551906586,0.021701710298657417,-0.4783394932746887
1075,17831,21743,256,3,0.12130524218082428,0.021557321771979332,0.7161157727241516
1076,17890,9726,384,2,0.1268618404865265,0.024651795625686646,0.6302170753479004
1077,17891,17157,92,2,0.12266293168067932,0.023351062089204788,1.4364283084869385
1078,17897,3610,816,2,0.12184605747461319,0.02396378479897976,0.05285794287919998
1079,17905,7799,1237,2,0.12255959212779999,0.0210063885897398,-0.2822214961051941
1080,17920,20441,1077,2,0.12290781736373901,0.022152192890644073,-0.16779612004756927
1081,17926,22411,1416,2,0.12635548412799835,0.022234570235013962,-0.5748117566108704
1082,17931,21983,986,2,0.12099609524011612,0.02097577415406704,-0.16761086881160736
1083,17955,20555,363,2,0.12017074227333069,0.01931343972682953,0.6680692434310913
1084,17965,4637,193,10,0.12319756299257278,0.02169310301542282,1.2845211029052734
1085,17968,5042,99,4,0.12062827497720718,0.020274946466088295,1.2362568378448486
1086,17980,18851,21,2,0.12071359902620316,0.019813958555459976,2.1591296195983887
1087,17982,18513,665,4,0.12905991077423096,0.021415680646896362,0.1587744504213333
1088,18003,15088,476,2,0.12360774725675583,0.020648866891860962,0.5236255526542664
1089,18004,22642,306,3,0.12592655420303345,0.0222335048019886,0.7086002826690674
1090,18025,21472,148,3,0.11964481323957443,0.019124936312437057,0.9652574062347412
1091,18040,8969,264,2,0.12437694519758224,0.0229713823646307,0.735584020614624
1092,18051,20098,1698,2,0.1216270923614502,0.02281413972377777,-1.474687933921814
1093,18053,23018,1179,2,0.12892504036426544,0.022833898663520813,-0.24332597851753235
1094,18071,22792,546,3,0.1243271455168724,0.02209438756108284,0.2770461142063141
1095,18075,9221,608,4,0.12418220192193985,0.02148607186973095,0.38089823722839355
1096,18108,15903,169,2,0.12345213443040848,0.0218629390001297,1.0167261362075806
1097,18152,1770,1621,2,0.12127762287855148,0.022086290642619133,-1.0506709814071655
1098,18159,8496,262,2,0.12283015996217728,0.02527683973312378,0.7631615400314331
1099,18172,22904,113,5,0.12523357570171356,0.024533459916710854,1.054551601409912
1100,18173,17218,1082,2,0.12770743668079376,0.021404150873422623,-0.17991620302200317
1101,18182,15603,642,2,0.12137138843536377,0.020686842501163483,0.23994100093841553
1102,18188,12976,1692,2,0.12480711936950684,0.02307829260826111,-1.4484368562698364
1103,18195,13823,434,3,0.12468646466732025,0.025117672979831696,0.5910866856575012
1104,18199,5685,522,3,0.12289667129516602,0.02379930019378662,0.2573431432247162
1105,18225,22983,232,4,0.1209973394870758,0.02043614536523819,0.8824782967567444
1106,18233,22520,579,10,0.12318871170282364,0.02010393887758255,0.33906060457229614
1107,18244,22800,763,2,0.1261768490076065,0.022053688764572144,0.02943737804889679
1108,18280,21939,952,4,0.12140927463769913,0.023307133466005325,-0.013684062287211418
1109,18326,22202,1219,5,0.12794898450374603,0.021141987293958664,-0.30050230026245117
1110,18357,12309,1611,2,0.12466461211442947,0.021087197586894035,-1.1802419424057007
1111,18386,20030,139,2,0.1232912614941597,0.024321500211954117,0.9671601057052612
1112,18388,2531,25,6,0.12656615674495697,0.02984798327088356,1.6570491790771484
1113,18429,20854,840,3,0.12440884858369827,0.02001451700925827,0.06919736415147781
1114,18443,21060,1474,2,0.12233476340770721,0.019936734810471535,-0.7352290749549866
1115,18448,12607,199,2,0.11883770674467087,0.019125331193208694,0.786436140537262
1116,18540,22478,1063,6,0.12204331159591675,0.018535662442445755,-0.29730045795440674
1117,18542,17931,619,1,0.12309709191322327,0.01887640170753002,0.1928037852048874
1118,18551,20348,1275,3,0.12301746010780334,0.027620483189821243,-0.3263567090034485
1119,18583,17957,708,3,0.12458384782075882,0.02455776557326317,0.2953106164932251
1120,18595,20483,518,3,0.12066442519426346,0.020602237433195114,0.49581676721572876
1121,18620,4379,59,2,0.12150026857852936,0.02030155621469021,1.8059940338134766
1122,18625,7556,537,2,0.12210329622030258,0.01923150196671486,0.32053446769714355
1123,18635,22428,406,2,0.1241886243224144,0.023529760539531708,0.5662404894828796
1124,18637,12542,153,3,0.12691687047481537,0.02497723512351513,1.0093029737472534
1125,18646,10957,258,6,0.1231575682759285,0.021783845499157906,0.8159970641136169
1126,18663,23030,1741,5,0.12401372939348221,0.020730700343847275,-1.2357778549194336
1127,18676,1859,716,2,0.12212707847356796,0.021362440660595894,0.2947731614112854
1128,18688,1860,1329,2,0.11917697638273239,0.017820965498685837,-0.3833777904510498
1129,18708,10310,972,3,0.12426845729351044,0.02308497577905655,-0.003967665135860443
1130,18718,15708,319,1,0.12268491834402084,0.020001959055662155,0.7494713068008423
1131,18734,20017,43,4,0.11956728249788284,0.018638135865330696,1.7266900539398193
1132,18739,21618,31,3,0.11985311657190323,0.01913788728415966,1.7365047931671143
1133,18758,22411,497,1,0.12567460536956787,0.022434525191783905,0.32455477118492126
1134,18771,14627,9,2,0.12335477024316788,0.020922422409057617,1.8511320352554321
1135,18807,16345,131,3,0.12687402963638306,0.023828893899917603,1.0296480655670166
1136,18834,19955,737,2,0.12586268782615662,0.021954277530312538,0.025571011006832123
1137,18860,3484,1768,2,0.12051398307085037,0.019216306507587433,-1.8893182277679443
1138,18903,20860,308,3,0.12189824134111404,0.02126249670982361,0.8683542609214783
1139,18911,22344,19,3,0.12812314927577972,0.02727065607905388,1.5061030387878418
1140,18936,22425,1440,5,0.12852665781974792,0.02283366397023201,-0.5146475434303284
1141,18938,9512,920,3,0.13054746389389038,0.02356797829270363,-0.05251041799783707
1142,18974,17246,147,2,0.1240433007478714,0.025071658194065094,1.0538439750671387
1143,18994,21451,992,2,0.12284109741449356,0.024541981518268585,-0.004865959286689758
1144,19000,3921,358,3,0.12131790071725845,0.020835276693105698,0.5992771983146667
1145,19007,9656,151,4,0.12206348776817322,0.020100083202123642,1.1388976573944092
1146,19015,1924,1566,4,0.1201503649353981,0.018742315471172333,-0.8101649284362793
1147,19025,22948,501,6,0.12582728266716003,0.021553104743361473,0.31762826442718506
1148,19030,22105,337,2,0.12275735288858414,0.02097744308412075,0.6820918321609497
1149,19031,13869,1020,2,0.1237870380282402,0.02094743587076664,-0.13648559153079987
1150,19032,22900,73,3,0.12093725055456161,0.019241195172071457,1.337418556213379
1151,19054,10081,83,2,0.12307332456111908,0.020255617797374725,1.0803614854812622
1152,19152,4896,1373,2,0.12335067987442017,0.020050879567861557,-0.5952721834182739
1153,19159,1946,281,2,0.12724196910858154,0.026737768203020096,0.7476794719696045
1154,19201,5963,603,3,0.12441692501306534,0.020429397001862526,0.24791473150253296
1155,19214,11578,1272,3,0.12634006142616272,0.021684065461158752,-0.35358941555023193
1156,19225,22894,792,3,0.12705963850021362,0.023449204862117767,0.021385744214057922
1157,19252,20260,36,10,0.12226197123527527,0.0201793871819973,1.5189765691757202
1158,19253,2979,271,3,0.12297507375478745,0.024568477645516396,0.7194197177886963
1159,19266,10026,16,2,0.12229275703430176,0.021534208208322525,2.043461322784424
1160,19269,22574,769,2,0.1242755725979805,0.020806483924388885,0.021368619054555893
1161,19277,19653,12,5,0.1237250491976738,0.02348477393388748,1.9111340045928955
1162,19279,5877,1321,2,0.1297941356897354,0.026070041581988335,-0.403476357460022
1163,19304,21267,260,4,0.12122894078493118,0.020722877234220505,0.8131172060966492
1164,19306,18840,225,2,0.12515509128570557,0.025040043517947197,0.9242151975631714
1165,19323,4541,1497,2,0.12025812268257141,0.019120723009109497,-0.6936307549476624
1166,19325,6474,1483,7,0.12018746137619019,0.02225738763809204,-0.7980495691299438
1167,19342,15698,1142,3,0.1244615986943245,0.020781483501195908,-0.17466075718402863
1168,19358,11000,62,2,0.12210897356271744,0.020596429705619812,1.172305703163147
1169,19392,21826,1599,3,0.12649470567703247,0.020789027214050293,-1.0341219902038574
1170,19398,13016,734,5,0.12303294986486435,0.022403497248888016,0.13741254806518555
1171,19399,20676,69,2,0.12334732711315155,0.021773740649223328,1.3797928094863892
1172,19436,2478,1685,5,0.1276569366455078,0.025421392172574997,-1.088274598121643
1173,19499,20942,144,6,0.12243277579545975,0.02139660157263279,1.1258769035339355
1174,19544,10842,803,2,0.12026423960924149,0.019863136112689972,0.062299445271492004
1175,19556,7766,303,2,0.12023954093456268,0.02225060574710369,0.6231424808502197
1176,19559,7171,1043,4,0.12201574444770813,0.021655280143022537,-0.14796605706214905
1177,19613,22951,136,2,0.12075900286436081,0.020138554275035858,1.2150344848632812
1178,19615,12739,466,3,0.12286314368247986,0.023516934365034103,0.4722806513309479
1179,19623,5948,1746,3,0.11992809921503067,0.019457058981060982,-1.8475501537322998
1180,19634,7865,1189,2,0.12369268387556076,0.02027297019958496,-0.2314675748348236
1181,19643,10121,969,5,0.1238476112484932,0.020680975168943405,-0.1846211850643158
1182,19654,7543,1,2,0.12693902850151062,0.0258324071764946,1.9968777894973755
1183,19662,20144,177,1,0.12515389919281006,0.02378617227077484,0.9721665382385254
1184,19667,5186,8,5,0.1215454488992691,0.021628890186548233,2.4579715728759766
1185,19673,21734,647,2,0.12243364751338959,0.02139490470290184,0.32732558250427246
1186,19728,20685,1246,2,0.12861081957817078,0.023402774706482887,-0.3729720115661621
1187,19740,22923,323,4,0.1208137646317482,0.01901022158563137,0.5971620678901672
1188,19762,21230,1413,3,0.12242580205202103,0.021026847884058952,-0.5079207420349121
1189,19769,22076,1651,4,0.12331768870353699,0.020902927964925766,-1.0345011949539185
1190,19781,13801,299,2,0.12351413816213608,0.02237042412161827,0.7435709834098816
1191,19783,12312,322,3,0.12019283324480057,0.01839817315340042,0.7073723673820496
1192,19786,22892,1576,2,0.12141521275043488,0.02154911682009697,-0.9004693031311035
1193,19812,3921,50,2,0.1197202205657959,0.020253218710422516,1.3427674770355225
1194,19838,22874,1501,1,0.12189728021621704,0.01992664486169815,-0.7511786818504333
1195,19848,10277,104,2,0.12399360537528992,0.024633893743157387,1.0163793563842773
1196,19864,2046,717,2,0.12307235598564148,0.019513128325343132,0.19392554461956024
1197,19885,11141,1083,4,0.12465140968561172,0.02298659086227417,-0.0893673300743103
1198,19897,19549,18,3,0.12788909673690796,0.028112366795539856,1.5245800018310547
1199,19920,21319,12,4,0.1197790801525116,0.01932753622531891,2.110678195953369
1200,19932,22994,841,2,0.12904000282287598,0.02187592163681984,0.03212369978427887
1201,19950,4027,316,5,0.12192445248365402,0.022306159138679504,0.7710075974464417
1202,19958,21364,116,1,0.1201857253909111,0.019569389522075653,1.0728793144226074
1203,19967,14296,97,2,0.12169055640697479,0.023232124745845795,1.0874789953231812
1204,19970,11091,13,3,0.12231852114200592,0.020350057631731033,2.012681484222412
1205,20013,21321,462,3,0.12267477065324783,0.019960932433605194,0.45272400975227356
1206,20022,16926,536,2,0.12130674719810486,0.023014627397060394,0.39652785658836365
1207,20028,2084,1260,4,0.12122271209955215,0.021328795701265335,-0.45904988050460815
1208,20056,13253,592,2,0.12287905812263489,0.02064742147922516,0.34127193689346313
1209,20125,3890,829,4,0.12136329710483551,0.02248404175043106,0.15332245826721191
1210,20128,22921,458,7,0.12078684568405151,0.019778713583946228,0.5461179614067078
1211,20130,9758,1713,2,0.12131179869174957,0.020632535219192505,-1.1573206186294556
1212,20153,20298,4,2,0.12339524179697037,0.021335240453481674,2.5756900310516357
1213,20154,22861,495,10,0.12636391818523407,0.024202441796660423,0.4245379567146301
1214,20166,17148,614,2,0.12157780677080154,0.020814932882785797,0.3083269000053406
1215,20210,12542,105,6,0.12478261440992355,0.023406077176332474,1.1032342910766602
1216,20246,22861,1088,4,0.12200271338224411,0.021401923149824142,-0.12265397608280182
1217,20254,4761,210,2,0.12393578886985779,0.024600891396403313,0.9266901016235352
1218,20301,3740,1461,2,0.12527373433113098,0.02011176198720932,-0.6424008011817932
1219,20341,11932,126,6,0.12335938960313797,0.021009769290685654,1.0353020429611206
1220,20359,20926,503,2,0.12357910722494125,0.024659626185894012,0.47900569438934326
1221,20365,18430,629,2,0.12195923924446106,0.019430644810199738,0.3374454379081726
1222,20383,2140,3,3,0.12317173182964325,0.02536199428141117,3.2255680561065674
1223,20385,19486,1,2,0.12389334291219711,0.027616050094366074,2.765425205230713
1224,20449,8717,409,3,0.12482500821352005,0.02593955397605896,0.5213187336921692
1225,20458,7237,6,2,0.12356473505496979,0.02228982374072075,1.6856269836425781
1226,20464,17422,857,3,0.12054458260536194,0.021097566932439804,-0.038446806371212006
1227,20472,17785,45,2,0.12425779551267624,0.022091425955295563,1.4067260026931763
1228,20483,7661,967,8,0.1291770488023758,0.02078489400446415,-0.14982788264751434
1229,20487,21758,15,3,0.12491270899772644,0.024498097598552704,1.603963017463684
1230,20488,18116,823,2,0.12283269315958023,0.022038331255316734,0.08204037696123123
1231,20501,2152,115,4,0.12015236914157867,0.01934160478413105,1.1881340742111206
1232,20526,23031,821,5,0.12352711707353592,0.023174678906798363,0.12308663129806519
1233,20604,7236,488,1,0.1268119364976883,0.01982147991657257,0.5499186515808105
1234,20606,22382,1276,3,0.12007714062929153,0.019584810361266136,-0.4507463574409485
1235,20607,10524,110,3,0.12160716205835342,0.020153192803263664,1.2217336893081665
1236,20610,20127,685,6,0.12180788815021515,0.023026300594210625,0.24202677607536316
1237,20678,16440,1482,2,0.12244509905576706,0.0210844986140728,-0.6563880443572998
1238,20681,7014,679,5,0.12064191699028015,0.021382413804531097,0.24696852266788483
1239,20686,22633,711,3,0.12205802649259567,0.020488528534770012,0.219635009765625
1240,20689,18133,1434,5,0.12062351405620575,0.020943831652402878,-0.566815197467804
1241,20692,21377,85,4,0.12167517840862274,0.02184399776160717,1.169743299484253
1242,20698,22787,1556,1,0.12388070672750473,0.023000065237283707,-0.7657854557037354
1243,20700,14056,82,2,0.11996179819107056,0.02054409682750702,1.55533766746521
1244,20726,21344,1512,2,0.12216462939977646,0.01978219673037529,-0.7927011251449585
1245,20735,18362,1230,6,0.12227407097816467,0.02154535986483097,-0.2518749237060547
1246,20748,13394,5,5,0.12152623385190964,0.020150385797023773,1.9800753593444824
1247,20771,3584,836,4,0.12064315378665924,0.020107949152588844,0.0927678570151329
1248,20788,22964,22,4,0.12101177871227264,0.020440775901079178,1.8476485013961792
1249,20790,18728,717,1,0.12274449318647385,0.020761532709002495,0.2588152289390564
1250,20815,22929,763,2,0.12575854361057281,0.024050544947385788,0.19588933885097504
1251,20822,20995,2,2,0.12788818776607513,0.02795504406094551,1.7031514644622803
1252,20827,17276,23,2,0.12064027786254883,0.018831584602594376,1.851527452468872
1253,20847,13670,456,2,0.12776881456375122,0.020670736208558083,0.39762577414512634
1254,20874,22229,369,2,0.12650862336158752,0.020682476460933685,0.5736813545227051
1255,20899,18594,24,1,0.12294024229049683,0.02046670764684677,1.7359747886657715
1256,20926,22545,195,1,0.12403623014688492,0.025008855387568474,0.9428440928459167
1257,20943,17912,381,3,0.12241128087043762,0.02150350995361805,0.6582332253456116
1258,20989,4642,626,2,0.12239150702953339,0.022841226309537888,0.290147989988327
1259,21003,19336,994,3,0.12183845788240433,0.018954399973154068,-0.015195131301879883
1260,21014,18548,81,2,0.12072157114744186,0.019733505323529243,1.4010189771652222
1261,21075,16414,835,2,0.12756168842315674,0.020457183942198753,-0.01721101999282837
1262,21087,22959,84,3,0.12211309373378754,0.020860878750681877,1.2768923044204712
1263,21103,7577,1062,6,0.1239420473575592,0.02378581091761589,-0.14242994785308838
1264,21115,5810,614,2,0.12278448045253754,0.022563528269529343,0.34014981985092163
1265,21135,9103,1640,2,0.12630677223205566,0.02319783717393875,-1.0841838121414185
1266,21146,19256,671,2,0.11988257616758347,0.020201414823532104,0.21338368952274323
1267,21178,23026,1500,3,0.1210261657834053,0.02134530618786812,-0.6933435201644897
1268,21204,13241,1088,3,0.12171269208192825,0.019956160336732864,-0.27304911613464355
1269,21281,13436,432,3,0.12310901284217834,0.02230903133749962,0.5779213309288025
1270,21301,19659,982,2,0.12343316525220871,0.024192631244659424,-0.25130367279052734
1271,21308,21615,1112,5,0.12276414781808853,0.020320050418376923,-0.19549356400966644
1272,21322,4304,367,3,0.12173682451248169,0.02024729922413826,0.6551493406295776
1273,21335,22349,69,3,0.12156083434820175,0.020146265625953674,1.473082184791565
1274,21355,22434,614,3,0.1219286322593689,0.018752988427877426,0.3958352506160736
1275,21366,16956,509,4,0.12157087028026581,0.022748958319425583,0.4278741180896759
1276,21387,4209,1286,5,0.12190504372119904,0.02265365794301033,-0.42215192317962646
1277,21407,8873,833,2,0.12175962328910828,0.023927776142954826,0.08308684825897217
1278,21416,11281,78,3,0.12935613095760345,0.028999030590057373,1.1667704582214355
1279,21446,12804,1076,4,0.1266753226518631,0.023039983585476875,-0.1712529957294464
1280,21457,20141,700,8,0.12490985542535782,0.02341393381357193,0.2855672836303711
1281,21466,10304,106,2,0.12305106967687607,0.02075759321451187,0.9424244165420532
1282,21475,20864,1342,2,0.1252327263355255,0.02275342494249344,-0.44647109508514404
1283,21497,15814,462,4,0.12235622853040695,0.021378474310040474,0.5064870119094849
1284,21501,11540,1127,2,0.12068911641836166,0.021434929221868515,-0.22929328680038452
1285,21512,9479,574,3,0.12239690870046616,0.024402834475040436,0.36580508947372437
1286,21522,8758,1529,2,0.12302297353744507,0.025491703301668167,-0.7860884070396423
1287,21538,22434,157,3,0.12375481426715851,0.019499478861689568,0.9607698917388916
1288,21561,2332,1778,2,0.12348314374685287,0.023584512993693352,-3.5370492935180664
1289,21572,21942,120,4,0.1253805309534073,0.025475187227129936,1.0660794973373413
1290,21574,20240,749,3,0.12787455320358276,0.019472023472189903,0.08226735144853592
1291,21586,22555,1476,7,0.1211867406964302,0.022209297865629196,-0.7310141324996948
1292,21623,22743,1094,2,0.12556278705596924,0.024683602154254913,-0.22035354375839233
1293,21661,17438,1224,1,0.1286124885082245,0.023748822510242462,-0.32358843088150024
1294,21677,22775,475,3,0.1205454021692276,0.020367885008454323,0.4669783115386963
1295,21716,11337,2,2,0.12157095968723297,0.020898014307022095,3.017894744873047
1296,21759,4864,426,2,0.1211303174495697,0.020094309002161026,0.48011815547943115
1297,21772,22472,1607,1,0.12112035602331161,0.02025802619755268,-1.07345449924469
1298,21813,16292,2,3,0.12420445680618286,0.024625197052955627,1.948068380355835
1299,21834,14778,158,2,0.12393393367528915,0.021518856287002563,0.8795003294944763
1300,21838,22385,511,3,0.12383361905813217,0.02139652520418167,0.549472451210022
1301,21842,19186,1101,7,0.12040728330612183,0.019808225333690643,-0.17666450142860413
1302,21852,22474,158,1,0.12163566052913666,0.02027110755443573,1.0759114027023315
1303,21859,4334,22,2,0.12299550324678421,0.02511630393564701,1.688362717628479
1304,21890,19794,1215,4,0.1214933693408966,0.020038239657878876,-0.28325313329696655
1305,21896,22532,983,2,0.12383124977350235,0.020564038306474686,-0.05413323640823364
1306,21911,22834,1071,1,0.12383845448493958,0.020618554204702377,-0.10418464243412018
1307,21912,22515,528,3,0.11984038352966309,0.019996359944343567,0.48814189434051514
1308,21941,9811,859,2,0.11963935196399689,0.020748034119606018,-0.011132150888442993
1309,21955,17716,1232,1,0.11985547840595245,0.019034691154956818,-0.3473103642463684
1310,21960,12930,895,3,0.12422116845846176,0.024226292967796326,0.0890296921133995
1311,21981,14964,1595,2,0.12425155192613602,0.02336597815155983,-0.8461405038833618
1312,21988,21826,57,8,0.12413708120584488,0.02009689062833786,1.6293249130249023
1313,22006,21124,338,2,0.1260818988084793,0.02287236973643303,0.6503444314002991
1314,22024,10954,1684,3,0.12837709486484528,0.022438224405050278,-1.0897834300994873
1315,22037,14510,1447,2,0.12289159744977951,0.021299729123711586,-0.5935825109481812
1316,22097,8042,1311,2,0.12409738451242447,0.02436649426817894,-0.3407154679298401
1317,22134,14255,171,3,0.12833553552627563,0.028924107551574707,1.0217750072479248
1318,22167,22204,9,6,0.1220153197646141,0.01998130977153778,2.3807334899902344
1319,22172,21217,806,3,0.12169864773750305,0.01994958519935608,0.19442936778068542
1320,22176,22909,731,3,0.12274274230003357,0.019933320581912994,0.09361035376787186
1321,22179,12036,396,2,0.12104952335357666,0.02230856381356716,0.5899260640144348
1322,22183,8766,986,1,0.1298171430826187,0.022023119032382965,-0.18176373839378357
1323,22213,22821,702,2,0.12356927245855331,0.020867478102445602,0.12699314951896667
1324,22220,3633,145,3,0.12299393117427826,0.022488554939627647,0.9844620823860168
1325,22231,22957,1094,4,0.1240217536687851,0.02126031368970871,-0.13220906257629395
1326,22238,10831,109,2,0.12049753218889236,0.02018941380083561,1.0645185708999634
1327,22241,2492,222,3,0.11992383748292923,0.020671438425779343,0.9024145007133484
1328,22254,7779,1412,3,0.12016033381223679,0.020569540560245514,-0.6287181377410889
1329,22290,2920,48,2,0.12379776686429977,0.025095215067267418,1.1461806297302246
1330,22302,10918,26,2,0.12055381387472153,0.019332852214574814,2.2385754585266113
1331,22310,22356,586,2,0.1202879473567009,0.021928871050477028,0.38562583923339844
1332,22315,8077,260,2,0.12357895821332932,0.023647353053092957,0.8063697814941406
1333,22331,21276,481,6,0.12303941696882248,0.019258124753832817,0.4203369617462158
1334,22366,18548,334,4,0.12473757565021515,0.021082326769828796,0.7293016314506531
1335,22387,5436,14,2,0.1258513182401657,0.027320973575115204,1.6339699029922485
1336,22400,5895,720,2,0.12267204374074936,0.0224357470870018,0.22908030450344086
1337,22429,20893,932,2,0.1217520609498024,0.02033442258834839,0.08280986547470093
1338,22445,22213,12,8,0.12261351943016052,0.019949503242969513,2.911180019378662
1339,22463,19474,29,2,0.12256075441837311,0.024460697546601295,1.463253140449524
1340,22482,17922,1094,2,0.12380340695381165,0.02092573791742325,-0.19734713435173035
1341,22490,22853,1177,2,0.12167273461818695,0.021303996443748474,-0.30802059173583984
1342,22501,19837,672,4,0.12337987869977951,0.021497420966625214,0.22873631119728088
1343,22502,13175,1042,2,0.12277084589004517,0.02267216518521309,-0.22357426583766937
1344,22508,13453,927,4,0.12154410034418106,0.02149030938744545,-0.1308232992887497
1345,22515,6884,1746,2,0.12218490988016129,0.02290330082178116,-1.7085095643997192
1346,22538,12705,568,2,0.1252683401107788,0.025672761723399162,0.39347925782203674
1347,22628,12592,1,2,0.1234927549958229,0.024668239057064056,2.683840751647949
1348,22630,5059,22,2,0.1196906715631485,0.021192040294408798,1.797014594078064
1349,22659,2594,1647,3,0.1232394129037857,0.022748183459043503,-0.9285343885421753
1350,22675,23009,714,2,0.12611058354377747,0.022239241749048233,0.1355101764202118
1351,22695,20610,1192,2,0.12183147668838501,0.019466586410999298,-0.36622118949890137
1352,22700,4665,1268,2,0.12335245311260223,0.02053031697869301,-0.2770610451698303
1353,22709,3018,44,3,0.12562726438045502,0.02419119141995907,1.1260168552398682
1354,22710,19985,372,1,0.12060460448265076,0.018284514546394348,0.4796733856201172
1355,22714,20902,6,3,0.12221170961856842,0.02047627791762352,1.968597650527954
1356,22731,22913,867,2,0.11942354589700699,0.018736612051725388,0.0022456571459770203
1357,22743,10454,1364,1,0.12923970818519592,0.020641058683395386,-0.466091513633728
1358,22767,17099,1123,3,0.1189035028219223,0.01894407533109188,-0.3024710416793823
1359,22774,22018,550,7,0.12101655453443527,0.022620920091867447,0.34289634227752686
1360,22781,9818,2,2,0.12387923151254654,0.02402317523956299,2.04239821434021
1361,22782,7186,105,3,0.12067575007677078,0.020602796226739883,1.54923677444458
1362,22799,17569,482,7,0.12039855867624283,0.019176403060555458,0.3561275005340576
1363,22827,11953,188,3,0.12740357220172882,0.0271470844745636,0.9358275532722473
1364,22830,21465,571,2,0.12383197993040085,0.02041688933968544,0.301764577627182
1365,22843,22946,1143,2,0.12254194915294647,0.020709792152047157,-0.17400389909744263
1366,22849,14716,1,3,0.1262950301170349,0.02614026516675949,2.9279139041900635
1367,22864,4019,312,4,0.12241862714290619,0.023722989484667778,0.6713812351226807
1368,22873,22884,820,2,0.11925642937421799,0.019819773733615875,0.0499197393655777
1369,22876,19652,1497,2,0.12631215155124664,0.022426340728998184,-0.6025505065917969
1370,22878,16642,277,2,0.12395461648702621,0.022368276491761208,0.7031537294387817
1371,22882,3103,1491,1,0.12211772054433823,0.021833576261997223,-0.6985484957695007
1372,22928,13697,63,3,0.12403762340545654,0.02518339641392231,1.0967140197753906
1373,22929,20978,58,3,0.12809516489505768,0.02911127731204033,1.2789149284362793
1374,22952,2667,1,2,0.12123209238052368,0.02229040488600731,3.2834863662719727
1375,22991,16890,1038,2,0.1205907091498375,0.022819330915808678,-0.1528765708208084
1376,23048,17424,1717,2,0.12603619694709778,0.025229569524526596,-1.2553330659866333
1377,23064,21429,26,2,0.12845349311828613,0.027291372418403625,1.3572821617126465
1378,23074,19594,1539,1,0.12715190649032593,0.02139127254486084,-0.755447268486023
1379,23081,2686,1,2,0.12330758571624756,0.026544824242591858,6.837486743927002
1380,23084,9674,982,4,0.12303587794303894,0.022255640476942062,-0.11008034646511078
1381,23090,12939,875,2,0.12347938865423203,0.024717971682548523,0.10422632843255997
1382,23109,8466,329,2,0.1283789873123169,0.028247874230146408,0.7177055478096008
1383,23121,18069,105,3,0.12774161994457245,0.026910588145256042,1.0938365459442139
1384,23122,6718,405,2,0.12788014113903046,0.02298610284924507,0.5292092561721802
1385,23135,4395,48,3,0.12106900662183762,0.020615149289369583,1.7389094829559326
1386,23141,22518,1299,2,0.12031435966491699,0.020022189244627953,-0.3960368037223816
1387,23175,21615,605,2,0.12127130478620529,0.019747845828533173,0.25370028614997864
1388,23176,22033,570,2,0.12484251707792282,0.024246899411082268,0.3982967138290405
1389,23219,22935,262,2,0.12481160461902618,0.021756887435913086,0.8231405019760132
1390,23255,21045,1048,1,0.12896761298179626,0.023036066442728043,-0.21116885542869568
1391,23256,12526,835,2,0.12459829449653625,0.022365450859069824,0.05377526581287384
1392,23269,5491,1646,2,0.12565849721431732,0.0223030187189579,-0.8942506909370422
1393,23272,23032,1535,2,0.1244407668709755,0.021171357482671738,-0.8722909688949585
1394,23323,4371,1754,3,0.12145790457725525,0.020539600402116776,-1.919484257698059
1395,23341,2758,1521,2,0.12507222592830658,0.026449522003531456,-0.7240638136863708
1396,23350,16433,452,2,0.12251394242048264,0.021666718646883965,0.6381597518920898
1397,23358,17611,1499,2,0.12326624244451523,0.02358338236808777,-0.6769916415214539
1398,23385,20041,89,2,0.12670134007930756,0.02642357349395752,1.1388720273971558
1399,23392,17957,357,2,0.12439940124750137,0.025362350046634674,0.602320671081543
1400,23442,21500,501,3,0.11938800662755966,0.018881022930145264,0.5427646636962891
1401,23477,9968,357,2,0.12592282891273499,0.025311125442385674,0.7336677312850952
1402,23487,20913,795,2,0.12531398236751556,0.022855082526803017,0.15679682791233063
1403,23488,20040,273,2,0.12903769314289093,0.02628830261528492,0.8130625486373901
1404,23491,19297,197,2,0.1255398392677307,0.02538866363465786,0.9570075273513794
1405,23515,7733,2,1,0.12226632982492447,0.023598482832312584,3.879283905029297
1406,23535,2814,671,2,0.12740442156791687,0.024033425375819206,0.24378520250320435
1407,23546,9384,20,2,0.12331274896860123,0.02211778424680233,2.558882236480713
1408,23551,19895,6,5,0.12323030084371567,0.024849172681570053,1.5233031511306763
1409,23605,14776,631,2,0.12333381921052933,0.021181851625442505,0.2987295389175415
1410,23615,22533,2,2,0.12151916325092316,0.02316894568502903,3.4721641540527344
1411,23628,21586,151,2,0.12612996995449066,0.026077523827552795,1.0320525169372559
1412,23654,21195,1376,2,0.12143120914697647,0.020142007619142532,-0.5891944169998169
1413,23676,20891,115,2,0.12248454988002777,0.020816531032323837,1.2425237894058228
1414,23682,16818,1760,3,0.12441429495811462,0.02029074728488922,-2.5684292316436768
1415,23689,20550,1629,2,0.12863269448280334,0.02335810661315918,-1.0057624578475952
1416,23729,22966,109,2,0.11969922482967377,0.020079227164387703,1.3752198219299316
1417,23731,17888,1115,3,0.1259656846523285,0.020477013662457466,-0.18019415438175201
1418,23758,22059,119,2,0.12076378613710403,0.02078697644174099,1.1939973831176758
1419,23766,4576,1101,3,0.12518487870693207,0.022397354245185852,-0.18314644694328308
1420,23775,17210,1293,2,0.12149947881698608,0.02047356218099594,-0.41418519616127014
1421,23787,22511,65,3,0.12479835748672485,0.023662716150283813,1.6620160341262817
1422,23810,15983,675,3,0.12885001301765442,0.019518103450536728,0.10837706178426743
1423,23832,20282,11,4,0.12165233492851257,0.021216794848442078,1.6562418937683105
1424,23833,11835,210,3,0.12044239044189453,0.021818026900291443,0.8631346225738525
1425,23851,15572,254,3,0.12127599120140076,0.020148005336523056,0.8303149938583374
1426,23853,13239,1263,3,0.12404938042163849,0.021802552044391632,-0.41103261709213257
1427,23867,3560,1140,2,0.12347929179668427,0.021615425124764442,-0.32735008001327515
1428,23876,21895,219,6,0.12499651312828064,0.02508535422384739,0.8913205862045288
1429,23913,17805,519,3,0.12681612372398376,0.021188195794820786,0.410768061876297
1430,23922,17953,5,4,0.1276397407054901,0.027983592823147774,1.7256227731704712
1431,23923,19829,623,5,0.12305860966444016,0.021177589893341064,0.25708258152008057
1432,23939,11142,907,2,0.1200854554772377,0.019567223265767097,-0.053457483649253845
1433,23943,10945,619,5,0.12208602577447891,0.022443514317274094,0.3647339940071106
1434,23945,3469,910,2,0.12117098271846771,0.021119071170687675,-0.007502853870391846
1435,23953,6193,278,3,0.12557485699653625,0.026515904814004898,0.8401460647583008
1436,23964,12288,1249,2,0.1276196986436844,0.023542895913124084,-0.3605145812034607
1437,23974,13314,94,2,0.12059929221868515,0.021577084437012672,1.135444164276123
1438,23976,11979,712,2,0.12195900827646255,0.022291503846645355,0.20598682761192322
1439,23978,13824,1634,2,0.12595798075199127,0.023209933191537857,-0.9510966539382935
1440,23983,6795,7,2,0.12054549902677536,0.02129419334232807,2.186382293701172
1441,23990,6893,902,2,0.12165752053260803,0.023011256009340286,0.02584093064069748
1442,24060,19304,764,2,0.12355250120162964,0.02291170507669449,0.16862641274929047
1443,24075,19361,1284,2,0.12476181238889694,0.02291952259838581,-0.35603204369544983
1444,24090,9853,812,2,0.12630914151668549,0.022164834663271904,0.06952245533466339
1445,24097,22926,20,2,0.12207441031932831,0.021740365773439407,2.0596730709075928
1446,24100,2978,1568,2,0.12219607084989548,0.022871732711791992,-0.9486875534057617
1447,24109,5347,1383,3,0.12489732354879379,0.021375872194767,-0.46457698941230774
1448,24119,14264,1265,2,0.12172958999872208,0.022023744881153107,-0.35794416069984436
1449,24125,15827,5,3,0.12416341155767441,0.02403431013226509,1.9311866760253906
1450,24134,15865,708,2,0.12780873477458954,0.023501340299844742,0.05731833726167679
1451,24139,18362,491,2,0.12644246220588684,0.024346448481082916,0.44359996914863586
1452,24144,11925,106,3,0.12691856920719147,0.025945331901311874,1.0826877355575562
1453,24151,10817,1367,2,0.12054401636123657,0.02104591764509678,-0.5597349405288696
1454,24204,20668,5,2,0.12732785940170288,0.02656976878643036,1.5203077793121338
1455,24269,12686,932,2,0.12525439262390137,0.021889688447117805,-0.028632432222366333
1456,24285,22346,1354,2,0.12070503830909729,0.02102314867079258,-0.48786482214927673
1457,24299,21798,1462,5,0.12024111300706863,0.018554270267486572,-0.6246289014816284
1458,24323,3050,633,3,0.12321654707193375,0.020921126008033752,0.31722819805145264
1459,24333,19794,628,2,0.12849736213684082,0.023732811212539673,0.18704776465892792
1460,24343,22903,273,3,0.12196594476699829,0.02160469815135002,0.7551953196525574
1461,24369,12617,1511,2,0.12007758766412735,0.021367114037275314,-0.6809978485107422
1462,24371,6879,50,3,0.12571267783641815,0.02317371591925621,1.1809691190719604
1463,24395,3730,1675,3,0.12988995015621185,0.025959834456443787,-1.0700055360794067
1464,24398,10401,17,3,0.120965376496315,0.018780101090669632,1.7708219289779663
1465,24407,3073,28,3,0.12239604443311691,0.023931778967380524,1.308825969696045
1466,24412,22990,222,5,0.12582556903362274,0.022163964807987213,0.8245542049407959
1467,24449,11328,410,2,0.1274356096982956,0.024361271411180496,0.5355103611946106
1468,24480,22939,29,1,0.12227105349302292,0.021303046494722366,1.5693656206130981
1469,24524,16859,75,2,0.12809965014457703,0.027677418664097786,1.163905382156372
1470,24530,15913,134,2,0.1231505274772644,0.024151423946022987,0.8544818162918091
1471,24544,20503,581,4,0.12224825471639633,0.02159113809466362,0.33156734704971313
1472,24580,3113,36,2,0.12045049667358398,0.020930107682943344,1.8358545303344727
1473,24601,21110,1017,2,0.12168178707361221,0.02280058152973652,-0.05897640436887741
1474,24616,20312,1046,2,0.12678346037864685,0.019107714295387268,-0.184241384267807
1475,24629,11589,592,2,0.12342722713947296,0.022644901648163795,0.2347821295261383
1476,24636,21734,586,7,0.12017340958118439,0.020941030234098434,0.28830599784851074
1477,24648,16873,281,3,0.12853644788265228,0.02494758553802967,0.8685903549194336
1478,24652,13175,781,2,0.12110298126935959,0.021713661029934883,0.09797385334968567
1479,24738,20641,187,2,0.12116531282663345,0.020172961056232452,0.9000857472419739
1480,24755,20801,36,3,0.12808245420455933,0.02553190290927887,1.3012311458587646
1481,24836,12657,641,1,0.12020515650510788,0.018867556005716324,0.3871343731880188
1482,24841,19955,1572,2,0.12211593985557556,0.02057354897260666,-0.9867879748344421
1483,24869,16217,345,2,0.12793180346488953,0.022430166602134705,0.6698949337005615
1484,24911,3188,29,2,0.12370733171701431,0.026032255962491035,1.3167004585266113
1485,24913,20793,651,3,0.11983606219291687,0.0211687833070755,0.3249579966068268
1486,24929,9508,1407,4,0.12361349910497665,0.025059595704078674,-0.5919759273529053
1487,24977,15619,417,4,0.1228128969669342,0.02182829938828945,0.6241873502731323
1488,24978,3825,462,3,0.12676678597927094,0.02216705121099949,0.47333094477653503
1489,24995,8537,1668,2,0.12118521332740784,0.019209783524274826,-1.3183233737945557
1490,25069,20803,478,3,0.1205168068408966,0.01959143951535225,0.5223450660705566
1491,25110,19052,3,3,0.12080948799848557,0.019767846912145615,2.454813241958618
1492,25184,22884,904,2,0.12169720977544785,0.0214446522295475,-0.07880787551403046
1493,25197,17183,197,1,0.1278146654367447,0.02597610466182232,0.9627118110656738
1494,25198,5082,26,1,0.13087008893489838,0.029668053612113,1.3525948524475098
1495,25245,5847,114,2,0.12451154738664627,0.022240860387682915,1.099647879600525
1496,25265,17953,1179,3,0.12264835834503174,0.0230913944542408,-0.23170512914657593
1497,25268,18542,485,4,0.12388420850038528,0.02073495090007782,0.354721337556839
1498,25289,13001,224,2,0.12914502620697021,0.02543540671467781,0.8857579827308655
1499,25300,8410,286,2,0.12079952657222748,0.02090323716402054,0.7474963665008545
1500,25328,13078,797,2,0.12026605010032654,0.0221417099237442,0.10712891072034836
1501,25329,22355,217,2,0.12160351127386093,0.02033034712076187,1.030346155166626
1502,25337,22252,387,2,0.12020739912986755,0.019126983359456062,0.544347882270813
1503,25339,19835,360,3,0.12225349247455597,0.01972343400120735,0.5938660502433777
1504,25396,19069,551,3,0.12828406691551208,0.021493155509233475,0.2552706003189087
1505,25397,17369,73,3,0.12800954282283783,0.027058832347393036,1.1722476482391357
1506,25407,11829,154,8,0.12487198412418365,0.02530171163380146,1.0958303213119507
1507,25438,21384,30,5,0.12171237915754318,0.019688444212079048,1.5743639469146729
1508,25440,3344,390,2,0.1241927444934845,0.02473289892077446,0.5814797878265381
1509,25443,3637,58,2,0.12526346743106842,0.02818111889064312,1.1627720594406128
1510,25453,22826,33,6,0.1214410811662674,0.020686503499746323,1.6755969524383545
1511,25462,21436,406,2,0.12531930208206177,0.024880385026335716,0.5005539059638977
1512,25485,19663,1657,3,0.12111582607030869,0.0196140855550766,-1.0990644693374634
1513,25490,20564,563,2,0.12321125715970993,0.02133515477180481,0.27854663133621216
1514,25492,21146,604,2,0.12465717643499374,0.0219360813498497,0.36288022994995117
1515,25518,3726,1173,3,0.12542319297790527,0.024608958512544632,-0.31560707092285156
1516,25532,3382,186,2,0.12277746200561523,0.02316915988922119,1.1209304332733154
1517,25605,9388,2,3,0.1228390485048294,0.02209365740418434,2.997720241546631
1518,25607,9388,3,3,0.12092452496290207,0.02262294292449951,3.1693830490112305
1519,25609,3396,1620,2,0.12829026579856873,0.023841267451643944,-0.9025551080703735
1520,25612,13511,222,1,0.12824691832065582,0.027706163004040718,0.9011027812957764
1521,25629,10362,45,4,0.12158370018005371,0.01957917958498001,1.2522255182266235
1522,25657,3415,932,3,0.12460599094629288,0.021240059286355972,-0.017108120024204254
1523,25658,9868,714,2,0.12355884909629822,0.02111971750855446,0.16968001425266266
1524,25687,22642,447,2,0.12397516518831253,0.021111363545060158,0.3882712721824646
1525,25689,19835,1188,7,0.12019451707601547,0.019543254747986794,-0.2397395372390747
1526,25694,22958,130,2,0.11918377876281738,0.019005466252565384,1.093367576599121
1527,25708,14877,564,3,0.12536431849002838,0.022860225290060043,0.23849207162857056
1528,25714,9384,1128,2,0.12454276531934738,0.02124767005443573,-0.24261829257011414
1529,25771,16586,241,2,0.12331534177064896,0.020888863131403923,0.7754406332969666
1530,25789,3485,1472,4,0.12791520357131958,0.019208498299121857,-0.6532652974128723
1531,25792,15648,9,2,0.12852589786052704,0.029655752703547478,1.5120012760162354
1532,25862,5520,35,4,0.11946994811296463,0.01977607235312462,1.830203890800476
1533,25867,11106,645,1,0.12199987471103668,0.018741698935627937,0.17763595283031464
1534,25885,22472,1025,4,0.12580928206443787,0.02243410050868988,-0.16089650988578796
1535,25900,19526,8,2,0.1235661432147026,0.024019364267587662,1.635730504989624
1536,25938,6195,293,5,0.1246553361415863,0.025336390361189842,0.7722532749176025
1537,26003,22144,413,2,0.1214146763086319,0.02091837301850319,0.5193970799446106
1538,26008,3712,884,6,0.12244590371847153,0.020055118948221207,0.0842263400554657
1539,26035,6656,1568,2,0.12195929139852524,0.020743681117892265,-0.9034220576286316
1540,26041,15998,25,2,0.12529589235782623,0.026350203901529312,1.4213523864746094
1541,26065,14871,667,3,0.12683719396591187,0.022502955049276352,0.16216620802879333
1542,26085,21685,1143,2,0.1203291043639183,0.02020517736673355,-0.23406262695789337
1543,26090,20805,239,2,0.12391430884599686,0.02330337092280388,0.8449643850326538
1544,26130,19913,1102,3,0.1283191293478012,0.020115068182349205,-0.16555611789226532
1545,26156,18394,1062,6,0.12131157517433167,0.02152618020772934,-0.1334366351366043
1546,26202,18061,1137,2,0.11934343725442886,0.01966245472431183,-0.19177491962909698
1547,26209,22929,140,4,0.12131934612989426,0.021660977974534035,1.0579895973205566
1548,26220,10861,862,3,0.12516982853412628,0.02046051248908043,-0.04498164728283882
1549,26230,8044,1684,2,0.1254705935716629,0.02506888285279274,-1.0674105882644653
1550,26233,6714,494,2,0.12446752190589905,0.02612391673028469,0.41890254616737366
1551,26234,6497,619,2,0.1247410923242569,0.020487099885940552,0.18952833116054535
1552,26241,16198,454,3,0.1212090402841568,0.019914668053388596,0.4882014989852905
1553,26247,7447,94,3,0.12151829153299332,0.02017339877784252,1.298969030380249
1554,26259,23028,95,2,0.12149286270141602,0.02153589576482773,1.3301278352737427
1555,26267,22565,1255,3,0.12547969818115234,0.025416117161512375,-0.32086166739463806
1556,26276,22807,1626,2,0.12174591422080994,0.019806766882538795,-0.9481026530265808
1557,26299,3595,631,2,0.12216304242610931,0.023431995883584023,0.3410000205039978
1558,26321,3599,152,2,0.12053889036178589,0.02046908624470234,0.9897922277450562
1559,26349,22714,483,2,0.12419583648443222,0.022335270419716835,0.3452320098876953
1560,26368,13598,362,2,0.12030956149101257,0.019474472850561142,0.6456266045570374
1561,26369,6033,1219,2,0.12274559587240219,0.02180476486682892,-0.3424193263053894
1562,26371,10742,531,2,0.12402331829071045,0.021725434809923172,0.4818793535232544
1563,26377,9694,1,5,0.1211077943444252,0.01921754889190197,2.6834661960601807
1564,26387,7373,1029,2,0.11964616179466248,0.019135992974042892,-0.15804323554039001
1565,26394,13046,6,4,0.12008579820394516,0.01960458979010582,2.4925808906555176
1566,26402,14378,3,3,0.11975131183862686,0.020265936851501465,3.464632034301758
1567,26406,22574,140,2,0.11988015472888947,0.019076991826295853,1.2274609804153442
1568,26437,19112,780,2,0.12315573543310165,0.02062121406197548,0.12932872772216797
1569,26448,19900,26,3,0.12634356319904327,0.02553236111998558,1.5803494453430176
1570,26530,5108,492,2,0.12159094959497452,0.02115090750157833,0.44049111008644104
1571,26532,8504,128,2,0.12072240561246872,0.02231140248477459,1.1018966436386108
1572,26534,22821,26,3,0.12264791131019592,0.020425865426659584,2.146280288696289
1573,26580,9479,61,2,0.12582476437091827,0.02770262211561203,1.2074933052062988
1574,26583,5903,754,3,0.12221112847328186,0.023234650492668152,0.2040497064590454
1575,26605,22328,593,5,0.12704481184482574,0.020534083247184753,0.16249164938926697
1576,26628,4387,670,3,0.12731164693832397,0.020424548536539078,0.12452197074890137
1577,26630,22004,1014,2,0.12266505509614944,0.02468356303870678,-0.10246159136295319
1578,26674,13481,375,2,0.12420804798603058,0.02495589852333069,0.6321890354156494
1579,26690,19767,9,2,0.12434195727109909,0.023503921926021576,1.5374425649642944
1580,26817,21758,1319,2,0.12233473360538483,0.022603195160627365,-0.406147837638855
1581,26818,18274,30,2,0.125596284866333,0.024674978107213974,1.2691638469696045
1582,26819,3762,163,2,0.12136592715978622,0.023617960512638092,0.9676064252853394
1583,26850,21345,324,3,0.12567585706710815,0.02238919585943222,0.6705335974693298
1584,26854,23031,1595,3,0.12301936745643616,0.022742541506886482,-0.8555885553359985
1585,26857,11685,1,2,0.12476004660129547,0.027437057346105576,2.128777027130127
1586,26876,22217,1280,3,0.12414894253015518,0.021498966962099075,-0.34992820024490356
1587,26886,22892,489,3,0.12095864862203598,0.021999817341566086,0.4952898621559143
1588,26952,12394,199,2,0.12214642763137817,0.02162928134202957,0.9906083345413208
1589,26973,15590,3,2,0.12635111808776855,0.023645225912332535,1.5363142490386963
1590,27003,11829,7,2,0.12388923019170761,0.02500602975487709,1.509913444519043
1591,27006,22480,86,3,0.1213657334446907,0.01994941756129265,1.3595244884490967
1592,27028,18091,235,2,0.12159954756498337,0.0205652117729187,0.823646068572998
1593,27036,3822,22,3,0.12216777354478836,0.0203582551330328,1.713742733001709
1594,27046,14483,10,3,0.12580302357673645,0.023868143558502197,1.7743165493011475
1595,27054,15266,1,6,0.12624216079711914,0.02095387876033783,2.193950653076172
1596,27078,20798,1551,1,0.12372160702943802,0.021548401564359665,-0.8331857919692993
1597,27079,21724,869,1,0.12372160702943802,0.020994404330849648,0.05617273971438408
1598,27093,21338,763,1,0.12106123566627502,0.01986599713563919,0.3120095431804657
1599,27126,22144,294,2,0.1200738400220871,0.020530138164758682,0.8060305714607239
1600,27176,21364,59,4,0.12074320018291473,0.020577136427164078,1.6412261724472046
1601,27193,3865,877,2,0.12265102565288544,0.021161556243896484,0.03038858436048031
1602,27215,3869,929,2,0.12829998135566711,0.021502988412976265,-0.06787572801113129
1603,27234,16763,1340,1,0.12748286128044128,0.02302619256079197,-0.45324134826660156
1604,27261,22929,69,2,0.11997571587562561,0.021123796701431274,1.3163502216339111
1605,27273,22994,852,2,0.12311626970767975,0.020119115710258484,0.16612300276756287
1606,27283,17780,920,3,0.12284670770168304,0.0203997865319252,0.018348000943660736
1607,27284,11696,194,3,0.12187808007001877,0.020558562129735947,0.8906545639038086
1608,27312,13482,1294,3,0.12201317399740219,0.019888602197170258,-0.4025798439979553
1609,27315,21350,3,5,0.12250778824090958,0.023687239736318588,2.3052124977111816
1610,27344,6982,1753,2,0.12790611386299133,0.023479454219341278,-1.8005398511886597
1611,27366,20517,574,5,0.12416380643844604,0.021278399974107742,0.25592267513275146
1612,27385,21350,957,2,0.11996287107467651,0.02062547765672207,-0.062024593353271484
1613,27392,3947,1451,3,0.12327875196933746,0.020372413098812103,-0.5546872019767761
1614,27396,3948,53,2,0.12463192641735077,0.021302931010723114,1.6818368434906006
1615,27417,4170,1051,2,0.12146461755037308,0.020424677059054375,-0.09576937556266785
1616,27434,5108,716,2,0.12027039378881454,0.020068498328328133,0.12221281975507736
1617,27437,3955,596,2,0.12648619711399078,0.021450186148285866,0.3220794200897217
1618,27448,22228,573,4,0.12155469506978989,0.019283652305603027,0.3880365788936615
1619,27457,14681,1499,2,0.1288357973098755,0.024238787591457367,-0.6614645719528198
1620,27465,17843,921,1,0.12089627981185913,0.018595825880765915,0.022609714418649673
1621,27509,17976,68,2,0.12039382010698318,0.019681930541992188,1.2392103672027588
1622,27511,10229,1,4,0.12091292440891266,0.020275797694921494,3.167191505432129
1623,27514,21866,19,2,0.12168779969215393,0.02037430740892887,1.9728281497955322
1624,27533,7305,1596,3,0.12595278024673462,0.025634009391069412,-0.886414647102356
1625,27546,3995,942,2,0.12343507260084152,0.024722149595618248,-0.01846344769001007
1626,27551,16772,6,2,0.1287187784910202,0.027749862521886826,1.5133185386657715
1627,27561,10797,1779,4,0.12295500189065933,0.021789945662021637,-3.1021668910980225
1628,27584,6314,113,2,0.12692296504974365,0.025122039020061493,1.0990809202194214
1629,27623,4020,228,2,0.12680619955062866,0.026942186057567596,0.9147704839706421
1630,27687,22943,1072,2,0.12646839022636414,0.02390233613550663,-0.12685014307498932
1631,27688,19859,1077,2,0.1250237226486206,0.020310241729021072,-0.07063153386116028
1632,27690,5745,291,4,0.12364664673805237,0.02553723379969597,0.7234394550323486
1633,27691,10077,1305,3,0.12149754166603088,0.02089538984000683,-0.37957972288131714
1634,27694,4045,1232,2,0.12205696105957031,0.02316831424832344,-0.4178885221481323
1635,27695,21282,1135,3,0.122264064848423,0.019458267837762833,-0.16980770230293274
1636,27723,6269,62,2,0.12219544500112534,0.023751217871904373,1.1387826204299927
1637,27750,12454,638,2,0.12025298923254013,0.020238108932971954,0.311170756816864
1638,27784,19913,373,2,0.12222635746002197,0.01897733099758625,0.6778069138526917
1639,27790,22932,689,3,0.1218346506357193,0.021734856069087982,0.20870912075042725
1640,27815,21742,133,2,0.1261736899614334,0.02532675862312317,1.1305720806121826
1641,27868,14417,118,2,0.11931787431240082,0.018916085362434387,1.2067123651504517
1642,27871,4133,1219,5,0.12135526537895203,0.019026927649974823,-0.24236030876636505
1643,27888,21021,263,2,0.1211061179637909,0.01992124691605568,0.8850113153457642
1644,27897,22453,734,3,0.1234857439994812,0.023645445704460144,0.19911348819732666
1645,27915,14062,1128,3,0.12251459807157516,0.022366393357515335,-0.21408623456954956
1646,27927,13376,583,2,0.12674161791801453,0.022845527157187462,0.4124142527580261
1647,27960,16616,494,2,0.12121251225471497,0.020832637324929237,0.4747216999530792
1648,27996,18274,861,2,0.1210920438170433,0.021082166582345963,0.05537887662649155
1649,28019,20753,13,2,0.12787893414497375,0.026899553835392,1.4853968620300293
1650,28052,21446,1402,2,0.12810572981834412,0.021482648327946663,-0.4917179048061371
1651,28056,17693,20,1,0.11973707377910614,0.019353069365024567,1.9921867847442627
1652,28068,10151,1477,2,0.12254664301872253,0.024378011003136635,-0.8577700853347778
1653,28109,6037,2,3,0.12451576441526413,0.024279136210680008,2.2625741958618164
1654,28151,6716,1033,2,0.12671557068824768,0.024335768073797226,-0.16255146265029907
1655,28157,19837,387,3,0.12137462198734283,0.020665518939495087,0.5692317485809326
1656,28162,8589,804,3,0.1245163232088089,0.02351645566523075,0.043568238615989685
1657,28164,17122,504,2,0.1246398389339447,0.025278914719820023,0.4423074722290039
1658,28177,4284,1,3,0.12082616984844208,0.01915176771581173,2.695704460144043
1659,28212,22701,1085,2,0.12588128447532654,0.022552821785211563,-0.23922021687030792
1660,28219,6020,1646,5,0.1198514774441719,0.02069002576172352,-1.0805004835128784
1661,28222,21758,418,2,0.12047255039215088,0.021049238741397858,0.4190616011619568
1662,28302,15571,23,3,0.12241814285516739,0.020548809319734573,1.8401050567626953
1663,28353,8812,678,3,0.12322250753641129,0.023139607161283493,0.31834232807159424
1664,28374,21491,1239,3,0.1219322606921196,0.021058956161141396,-0.33228445053100586
1665,28390,7170,330,3,0.12402116507291794,0.02213703654706478,0.6393628120422363
1666,28392,4365,441,3,0.12792597711086273,0.024603981524705887,0.5074392557144165
1667,28403,19563,1401,4,0.124398373067379,0.0259589571505785,-0.5419980883598328
1668,28422,15439,12,8,0.12335526198148727,0.020903967320919037,2.290982246398926
1669,28423,22774,257,3,0.12018699198961258,0.02043083868920803,0.7989829778671265
1670,28426,20054,1238,3,0.12073449790477753,0.020028745755553246,-0.2729732394218445
1671,28482,5967,1687,2,0.11955884099006653,0.02117983065545559,-1.4064830541610718
1672,28496,11069,218,2,0.12292346358299255,0.019639067351818085,0.867146372795105
1673,28501,21699,170,3,0.1277688890695572,0.02755586802959442,1.0085874795913696
1674,28504,16291,22,2,0.12584741413593292,0.024961337447166443,1.4086934328079224
1675,28522,21101,1128,1,0.12290971726179123,0.020836954936385155,-0.1593475639820099
1676,28548,17822,312,3,0.12307361513376236,0.023134561255574226,0.6494631171226501
1677,28551,18052,27,2,0.1242794468998909,0.021903429180383682,2.3552191257476807
1678,28556,21338,187,3,0.12269680947065353,0.02128499373793602,0.8552916049957275
1679,28607,6378,1268,2,0.12310189008712769,0.024428600445389748,-0.374985009431839
1680,28625,20923,1643,2,0.12378312647342682,0.01856403425335884,-1.2112070322036743
1681,28676,4438,1018,2,0.12103231251239777,0.01946423016488552,-0.17659634351730347
1682,28716,11690,931,2,0.12232023477554321,0.022434893995523453,0.09488040208816528
1683,28737,22929,849,1,0.12707357108592987,0.02344626374542713,0.024205226451158524
1684,28751,5900,1716,2,0.12019597738981247,0.019346129149198532,-1.475490927696228
1685,28757,22194,1487,2,0.12133493274450302,0.02169211581349373,-0.6597400307655334
1686,28773,20919,606,1,0.12779037654399872,0.023249855265021324,0.253678560256958
1687,28781,22267,843,2,0.12074606865644455,0.01962340623140335,0.0765085443854332
1688,28839,21775,553,2,0.12206520885229111,0.020471349358558655,0.39863765239715576
1689,28868,16859,141,2,0.12411493808031082,0.024744819849729538,0.9637733697891235
1690,28891,22945,384,5,0.12031715363264084,0.022332636639475822,0.6282657980918884
1691,28902,5963,1154,2,0.12262122333049774,0.020068051293492317,-0.2002224177122116
1692,28914,10165,356,2,0.12396781146526337,0.022484131157398224,0.6046822667121887
1693,28938,22772,920,3,0.12750829756259918,0.02178959921002388,-0.03914980590343475
1694,28974,9532,1716,3,0.12285018712282181,0.021389435976743698,-1.385086178779602
1695,28989,19015,505,1,0.12820056080818176,0.02147083915770054,0.3835858106613159
1696,29004,17841,366,2,0.11996359378099442,0.019497929140925407,0.7529779672622681
1697,29008,23029,190,2,0.12379104644060135,0.02140410989522934,1.0855457782745361
1698,29016,21724,495,2,0.12257581204175949,0.020964575931429863,0.45576098561286926
1699,29075,21624,5,2,0.1281377673149109,0.02926342561841011,1.678788423538208
1700,29095,4611,17,3,0.12083066254854202,0.02090415358543396,2.0130648612976074
1701,29113,21751,554,1,0.12109221518039703,0.01957167312502861,0.4066624641418457
1702,29131,21652,1,2,0.12276653945446014,0.022209407761693,3.2540407180786133
1703,29138,8021,1459,3,0.12351635098457336,0.02182471752166748,-0.7381165027618408
1704,29152,20082,104,3,0.12342818826436996,0.023875979706645012,1.3519110679626465
1705,29219,15020,1,2,0.12354772537946701,0.020956657826900482,2.902507781982422
1706,29259,20781,1318,4,0.12098241597414017,0.019827984273433685,-0.3371456265449524
1707,29270,16085,1137,1,0.12279646843671799,0.021144162863492966,-0.22673602402210236
1708,29287,21915,625,2,0.12320666760206223,0.02027713507413864,0.31804293394088745
1709,29302,22862,675,3,0.12266954779624939,0.022026970982551575,0.2652234137058258
1710,29344,15063,740,4,0.12255870550870895,0.02360367774963379,0.13964544236660004
1711,29362,21639,545,2,0.12600360810756683,0.022671697661280632,0.2888222336769104
1712,29370,22874,1380,2,0.12918882071971893,0.02205045334994793,-0.4610123038291931
1713,29436,19814,771,2,0.12544149160385132,0.024068502709269524,0.1744457334280014
1714,29444,9018,209,2,0.12478169053792953,0.024835776537656784,0.8933060765266418
1715,29504,15682,1,3,0.1204560324549675,0.02295048162341118,3.8334593772888184
1716,29509,22228,889,2,0.1276809722185135,0.02101133018732071,-0.04032720625400543
1717,29553,23005,160,2,0.12011896818876266,0.020396672189235687,1.0507704019546509
1718,29689,9075,1389,2,0.12288317084312439,0.021824229508638382,-0.4606608748435974
1719,29693,15674,1645,3,0.12401293218135834,0.021722551435232162,-1.0893241167068481
1720,29720,4878,461,2,0.1277749091386795,0.02338603138923645,0.370470255613327
1721,29728,14312,476,2,0.12500372529029846,0.025483690202236176,0.37435242533683777
1722,29729,19837,454,3,0.12253285199403763,0.021113218739628792,0.5815473198890686
1723,29741,9164,1,2,0.12209505587816238,0.02334495633840561,3.645054578781128
1724,29746,22884,60,2,0.1226365938782692,0.022875390946865082,1.2606592178344727
1725,29759,17613,1163,2,0.1196727380156517,0.019861649721860886,-0.31161338090896606
1726,29776,4907,37,2,0.12232556939125061,0.02118716575205326,2.164808988571167
1727,29780,22826,344,2,0.12086239457130432,0.019665922969579697,0.5213785767555237
1728,29791,4920,530,2,0.12374091148376465,0.024082649499177933,0.34349364042282104
1729,29798,21775,94,3,0.12065698206424713,0.020256541669368744,1.3592687845230103
1730,29815,22740,370,3,0.12288817018270493,0.02263690158724785,0.5607832074165344
1731,29851,21900,1630,3,0.121559739112854,0.021316593512892723,-0.9605593681335449
1732,29857,13106,50,3,0.1223740205168724,0.022376440465450287,1.4454432725906372
1733,29888,4952,398,2,0.12178646773099899,0.023351844400167465,0.5403255224227905
1734,29916,22004,1054,2,0.12057396024465561,0.022356919944286346,-0.1757279932498932
1735,29935,19454,526,2,0.1231718361377716,0.02173730731010437,0.4635273814201355
1736,29976,12079,1229,3,0.1244528517127037,0.021162675693631172,-0.4143091142177582
1737,29984,19819,720,1,0.12426212430000305,0.021965131163597107,0.1718166470527649
1738,29988,10633,1,2,0.121056467294693,0.02124834805727005,3.8442463874816895
1739,29997,17122,786,2,0.11963764578104019,0.02068689465522766,0.0683109313249588
1740,30000,21945,1091,2,0.12348940968513489,0.019496697932481766,-0.14601530134677887
1741,30004,22894,1536,2,0.1292097419500351,0.023949548602104187,-0.6950775980949402
1742,30135,13821,45,3,0.12846171855926514,0.029406189918518066,1.283794641494751
1743,30150,19633,530,1,0.12492913752794266,0.02335786633193493,0.5192829370498657
1744,30170,21768,447,2,0.13007791340351105,0.024929814040660858,0.4112340211868286
1745,30202,10890,501,4,0.12251720577478409,0.01894417591392994,0.49421003460884094
1746,30229,22932,138,1,0.12336058914661407,0.02271822839975357,1.1089739799499512
1747,30236,22349,54,2,0.12033866345882416,0.01953287050127983,1.5084422826766968
1748,30239,22996,900,3,0.1220896765589714,0.021831387653946877,0.06557943671941757
1749,30261,13591,512,2,0.12522438168525696,0.021444246172904968,0.31783297657966614
1750,30263,5137,641,2,0.12851011753082275,0.01869775541126728,0.1507526934146881
1751,30303,12630,32,2,0.12279271334409714,0.021538591012358665,1.3476022481918335
1752,30311,17171,109,3,0.12019776552915573,0.020320184528827667,1.484217882156372
1753,30367,22703,264,1,0.12084408849477768,0.019781310111284256,0.8936191201210022
1754,30371,14534,579,2,0.12304624915122986,0.020858198404312134,0.4373321533203125
1755,30377,19474,232,2,0.12529394030570984,0.025773750618100166,0.8386602401733398
1756,30397,13296,82,2,0.11981337517499924,0.020451169461011887,1.4135615825653076
1757,30398,6105,766,1,0.1316210925579071,0.02906394749879837,0.12782973051071167
1758,30423,13448,432,3,0.12522442638874054,0.02465878427028656,0.5229475498199463
1759,30442,19160,23,2,0.1224331185221672,0.022935550659894943,1.4147920608520508
1760,30448,19352,697,4,0.12217073142528534,0.023126229643821716,0.261793315410614
1761,30469,11591,3,2,0.12421008944511414,0.022582517936825752,2.6005213260650635
1762,30568,10403,1313,3,0.12245623767375946,0.01843484304845333,-0.5396380424499512
1763,30634,20376,7,4,0.12080279737710953,0.02102932333946228,2.903311014175415
1764,30668,22837,967,2,0.12483985722064972,0.0223613940179348,-0.12848889827728271
1765,30675,20282,131,2,0.12005282938480377,0.02040882594883442,1.1727215051651
1766,30676,18272,1338,2,0.12193847447633743,0.023899545893073082,-0.49149835109710693
1767,30680,18807,285,3,0.12104643136262894,0.021387498825788498,0.8358331918716431
1768,30686,17517,1024,3,0.12310082465410233,0.024281788617372513,-0.21702232956886292
1769,30723,15850,235,2,0.11982051283121109,0.019462762400507927,0.9099681377410889
1770,30737,21505,214,2,0.12015509605407715,0.019012734293937683,0.7780109643936157
1771,30750,16960,789,1,0.12796948850154877,0.020004725083708763,0.09675575792789459
1772,30764,22550,331,1,0.1278119832277298,0.023998497053980827,0.7704703211784363
1773,30780,22892,1560,1,0.12103772908449173,0.02119262143969536,-0.8836632966995239
1774,30826,10817,1294,2,0.12137016654014587,0.021507684141397476,-0.4677583873271942
1775,30851,20177,873,2,0.1211232990026474,0.020336946472525597,0.10443667322397232
1776,30941,18794,944,2,0.12208086997270584,0.021758999675512314,0.04042410850524902
1777,30948,21947,6,4,0.12388932704925537,0.02611301653087139,3.350454330444336
1778,30951,22975,44,1,0.12051129341125488,0.020730499178171158,1.6250362396240234
1779,30971,7388,427,2,0.12197396159172058,0.020599080249667168,0.5800436735153198
1780,31018,5520,226,4,0.12503530085086823,0.021190393716096878,0.897815465927124
1781,31039,23008,1326,1,0.12421131134033203,0.022601962089538574,-0.4414134919643402
1782,31060,16627,280,3,0.12300992757081985,0.025661949068307877,0.8204135894775391
1783,31069,15308,761,3,0.12365052849054337,0.024899061769247055,0.20365382730960846
1784,31095,10403,1195,3,0.12432148307561874,0.01850520446896553,-0.2555660009384155
1785,31098,21801,273,2,0.125711590051651,0.024018818512558937,0.8084863424301147
1786,31126,23019,716,3,0.12094136327505112,0.021163569763302803,0.19970938563346863
1787,31144,21429,71,3,0.12282060831785202,0.023341944441199303,1.3773620128631592
1788,31160,19010,545,2,0.12198622524738312,0.024013038724660873,0.378463476896286
1789,31179,22347,412,3,0.12372919917106628,0.023917116224765778,0.5573206543922424
1790,31201,21222,191,2,0.11897089332342148,0.01909230463206768,0.8916105031967163
1791,31212,21082,1128,1,0.1226767972111702,0.0189350713044405,-0.3530835509300232
1792,31238,22329,17,3,0.1267368048429489,0.026024654507637024,1.4938864707946777
1793,31240,20604,1744,2,0.12345372885465622,0.022157277911901474,-1.696257472038269
1794,31242,18151,65,2,0.12341929227113724,0.02401583641767502,1.051308035850525
1795,31244,15643,2,2,0.12218311429023743,0.022570082917809486,3.7010931968688965
1796,31258,9156,7,3,0.12119677662849426,0.021148327738046646,2.5065712928771973
1797,31282,23012,617,4,0.12186294049024582,0.022081024944782257,0.3146226406097412
1798,31284,10011,640,2,0.1205991804599762,0.018657101318240166,0.2873954474925995
1799,31317,12120,775,1,0.12941955029964447,0.02093290537595749,-0.0031839609146118164
1800,31355,16120,1577,3,0.12271613627672195,0.02269592508673668,-0.9423210620880127
1801,31357,21707,204,3,0.12240446358919144,0.020063767209649086,0.978301465511322
1802,31415,22700,501,2,0.12290113419294357,0.020977899432182312,0.45788681507110596
1803,31430,19136,5,2,0.121050164103508,0.021225031465291977,2.8653221130371094
1804,31478,13117,6,2,0.12847799062728882,0.027220090851187706,1.4584921598434448
1805,31494,21351,407,2,0.12085725367069244,0.018443256616592407,0.33387291431427
1806,31523,19746,695,1,0.12811751663684845,0.0229751318693161,0.29485613107681274
1807,31541,17669,1066,6,0.12712255120277405,0.02233002334833145,-0.1669614464044571
1808,31560,10045,1145,2,0.12215826660394669,0.020249731838703156,-0.22916299104690552
1809,31563,21489,36,1,0.12143191695213318,0.02097325772047043,1.4877219200134277
1810,31626,14242,17,2,0.1262342482805252,0.029245439916849136,1.6746606826782227
1811,31633,18213,1463,4,0.12125144898891449,0.020713036879897118,-0.5955743193626404
1812,31645,12017,1095,2,0.12072115391492844,0.020310204476118088,-0.3150447607040405
1813,31708,20039,202,2,0.12711258232593536,0.026131505146622658,0.9385945200920105
1814,31731,21583,137,3,0.12198585271835327,0.022176358848810196,1.2925255298614502
1815,31742,22182,1542,1,0.1203630268573761,0.01786884292960167,-0.7972996234893799
1816,31771,13037,33,2,0.12053459137678146,0.02084464579820633,1.9678213596343994
1817,31808,22981,766,3,0.1195652186870575,0.019682373851537704,0.20416869223117828
1818,31841,20012,1303,3,0.12141543626785278,0.022117972373962402,-0.584000825881958
1819,31846,21586,1453,2,0.12111862003803253,0.022084729745984077,-0.6895157098770142
1820,31851,18059,689,3,0.12362032383680344,0.021099919453263283,0.2860071659088135
1821,31862,22845,797,2,0.12215345352888107,0.02258942276239395,0.17509934306144714
1822,31912,16518,1640,2,0.1228453516960144,0.01958192139863968,-1.1987937688827515
1823,31955,22884,675,5,0.12235362827777863,0.022336244583129883,0.2895958721637726
1824,32000,6656,1547,2,0.12296198308467865,0.021518774330615997,-0.8518627882003784
1825,32037,22168,122,3,0.12354200333356857,0.023258524015545845,1.1988670825958252
1826,32046,20666,371,3,0.12291084229946136,0.023306865245103836,0.6289675831794739
1827,32076,13715,2,3,0.12116063386201859,0.021190928295254707,2.230914354324341
1828,32084,23019,189,2,0.11977073550224304,0.02057764306664467,1.0341640710830688
1829,32097,20793,758,1,0.12420519441366196,0.024284573271870613,0.27677881717681885
1830,32143,20683,6,2,0.12722450494766235,0.027317240834236145,1.9763976335525513
1831,32196,22935,82,3,0.121930330991745,0.020794713869690895,1.2812566757202148
1832,32197,20705,19,2,0.12325514107942581,0.024553801864385605,2.4782352447509766
1833,32229,10807,81,2,0.1223168671131134,0.020179102197289467,1.3318504095077515
1834,32255,8810,1250,6,0.12372008711099625,0.022904127836227417,-0.27106618881225586
1835,32284,22703,422,3,0.12736919522285461,0.022597528994083405,0.48945701122283936
1836,32310,20333,467,2,0.12204594165086746,0.020422054454684258,0.46608754992485046
1837,32318,22116,597,2,0.12063325941562653,0.020291399210691452,0.3663785457611084
1838,32331,8817,1576,2,0.12790687382221222,0.024851227179169655,-0.6889652609825134
1839,32347,21586,15,4,0.12460482120513916,0.02502237632870674,1.405842900276184
1840,32379,22017,1655,3,0.12093517929315567,0.02009592205286026,-1.2132771015167236
1841,32400,22787,425,3,0.11995412409305573,0.021157436072826385,0.5980868935585022
1842,32431,18278,1609,1,0.12084053456783295,0.018454577773809433,-0.9431803226470947
1843,32447,20127,647,2,0.12382183223962784,0.024884330108761787,0.24058404564857483
1844,32450,19866,9,1,0.12210690975189209,0.0208568312227726,1.9560805559158325
1845,32452,21356,261,3,0.12268167734146118,0.021065913140773773,0.7843342423439026
1846,32471,21581,1068,3,0.12545709311962128,0.021538523957133293,-0.1610812097787857
1847,32474,21366,111,5,0.1193927451968193,0.019508372992277145,1.151105523109436
1848,32485,21368,1320,1,0.12773823738098145,0.020701762288808823,-0.3766718804836273
1849,32494,21417,1397,2,0.12137195467948914,0.019900068640708923,-0.49338600039482117
1850,32506,17112,126,3,0.1206761971116066,0.023441972211003304,1.2175482511520386
1851,32539,18180,436,2,0.11903984099626541,0.020139316096901894,0.526110827922821
1852,32558,13396,355,2,0.12759868800640106,0.023217778652906418,0.6340659856796265
1853,32610,20656,264,3,0.12149132788181305,0.02091791480779648,0.9618627429008484
1854,32617,16159,1540,3,0.12322841584682465,0.02125108242034912,-0.9650440216064453
1855,32625,16653,457,2,0.1250099092721939,0.021596942096948624,0.4335150718688965
1856,32645,21221,1,2,0.12070111930370331,0.022070392966270447,3.34122896194458
1857,32647,22021,786,2,0.12201233953237534,0.02292417362332344,0.05820932239294052
1858,32657,22980,422,3,0.1211462989449501,0.019639797508716583,0.6033948063850403
1859,32663,21736,16,2,0.12405604124069214,0.025810280814766884,1.4858686923980713
1860,32711,10875,129,2,0.12143095582723618,0.021760765463113785,1.1653239727020264
1861,32730,9569,193,2,0.12145400047302246,0.02105557732284069,0.9403740763664246
1862,32772,11125,968,5,0.1254999190568924,0.02093411609530449,0.004515215754508972
1863,32847,10411,1236,2,0.12118973582983017,0.021948400884866714,-0.4099219739437103
1864,32860,22973,1138,1,0.12204781174659729,0.01972055807709694,-0.3115909695625305
1865,32861,14261,1214,1,0.12066259235143661,0.018245283514261246,-0.2505873441696167
1866,32878,19231,4,2,0.12346172332763672,0.02158869057893753,2.4265236854553223
1867,32882,16612,800,3,0.1271728128194809,0.02175145596265793,0.07223361730575562
1868,32913,22144,495,4,0.1223863884806633,0.021378714591264725,0.4085569679737091
1869,32923,22968,483,2,0.1221643015742302,0.02094409614801407,0.3499811887741089
1870,32956,21060,1106,1,0.12262693047523499,0.020078912377357483,-0.22970497608184814
1871,32965,21982,1441,2,0.12261519581079483,0.02119377627968788,-0.5870625376701355
1872,32989,17231,1,3,0.12411858141422272,0.021279392763972282,2.43058705329895
1873,32993,21263,495,2,0.12794259190559387,0.023091914132237434,0.3640936613082886
1874,33001,20050,1,1,0.12079872936010361,0.020677583292126656,2.9880828857421875
1875,33026,21096,128,1,0.12084892392158508,0.01835138164460659,1.147188663482666
1876,33027,22997,1082,2,0.11930070072412491,0.01900656521320343,-0.18232464790344238
1877,33042,22032,325,2,0.12328854948282242,0.023828890174627304,0.7393621802330017
1878,33066,20084,957,2,0.12376853078603745,0.02007363550364971,-0.06628209352493286
1879,33067,23027,1767,3,0.12354883551597595,0.02254975587129593,-2.172229528427124
1880,33092,19364,395,2,0.12971997261047363,0.030436454340815544,0.5935413837432861
1881,33093,6874,1309,2,0.1226811632514,0.020192038267850876,-0.39575469493865967
1882,33102,15006,1377,3,0.1227513924241066,0.022343292832374573,-0.48599910736083984
1883,33114,22334,191,2,0.12076754122972488,0.02018755115568638,1.0046788454055786
1884,33120,13707,400,2,0.12087008357048035,0.021787114441394806,0.4773455858230591
1885,33146,19786,226,3,0.120333731174469,0.020284434780478477,0.887359082698822
1886,33151,6923,1247,2,0.12888896465301514,0.024498453363776207,-0.3064904510974884
1887,33158,21568,587,2,0.1197480857372284,0.019790615886449814,0.32030120491981506
1888,33184,22777,843,2,0.12364915758371353,0.02279142662882805,-0.09340588748455048
1889,33196,6952,11,2,0.120595782995224,0.018848203122615814,2.0113372802734375
1890,33226,17424,1763,2,0.12507353723049164,0.025754906237125397,-2.404386520385742
1891,33248,11477,287,2,0.12836810946464539,0.028624029830098152,0.8182540535926819
1892,33281,17232,76,2,0.1250041127204895,0.026379983872175217,1.2328437566757202
1893,33283,21218,486,2,0.1225661113858223,0.02243460714817047,0.5430361032485962
1894,33286,19384,1249,1,0.12535138428211212,0.020011872053146362,-0.32107141613960266
1895,33324,9209,621,2,0.1207006424665451,0.02001345157623291,0.4025416970252991
1896,33356,21161,1061,6,0.12084265053272247,0.0200238898396492,-0.03925967216491699
1897,33372,22805,899,2,0.12283431738615036,0.022337963804602623,-0.04769852012395859
1898,33383,13315,320,3,0.12189660966396332,0.02077183872461319,0.7573519945144653
1899,33417,7080,1,2,0.12158527970314026,0.021717803552746773,4.150595664978027
1900,33516,10469,18,3,0.12285525351762772,0.02344129979610443,1.4899042844772339
1901,33574,22401,1251,3,0.1218147799372673,0.022130712866783142,-0.4737313389778137
1902,33581,20084,958,2,0.12801305949687958,0.020507074892520905,-0.052781518548727036
1903,33614,21230,23,2,0.12260343134403229,0.021224115043878555,1.6766414642333984
1904,33619,22957,464,2,0.12061754614114761,0.02011764422059059,0.5695379376411438
1905,33665,13485,1249,2,0.12053258717060089,0.02236226573586464,-0.3902342915534973
1906,33668,15212,5,1,0.12065392732620239,0.020409148186445236,3.088778495788574
1907,33693,22973,161,3,0.1202031821012497,0.020448163151741028,1.0772517919540405
1908,33694,22273,1071,2,0.12101882696151733,0.023333892226219177,-0.2705864906311035
1909,33695,16653,186,2,0.12195415794849396,0.020062953233718872,0.9768221974372864
1910,33723,14172,361,4,0.12533389031887054,0.024277139455080032,0.7092475891113281
1911,33747,22701,330,8,0.12211288511753082,0.020099129527807236,0.6753621101379395
1912,33764,20688,233,2,0.1214069053530693,0.0218166783452034,0.7710161805152893
1913,33794,22853,870,3,0.12111792713403702,0.02162804640829563,-0.03771907463669777
1914,33824,20518,1014,4,0.11996463686227798,0.017843395471572876,-0.04556065797805786
1915,33846,16539,8,4,0.12410255521535873,0.02220558002591133,1.6104615926742554
1916,33850,22932,1190,2,0.12057559192180634,0.019136130809783936,-0.31692779064178467
1917,33868,18884,840,3,0.1260494738817215,0.018553299829363823,0.11676841974258423
1918,33870,7460,375,2,0.12551867961883545,0.025114091113209724,0.6082903742790222
1919,33891,22515,199,1,0.12571418285369873,0.022848181426525116,1.0398781299591064
1920,33923,22776,2,2,0.12168010324239731,0.022273283451795578,3.2312140464782715
1921,33930,7514,232,2,0.1204957664012909,0.020672813057899475,0.949225902557373
1922,33944,18094,118,2,0.1231093630194664,0.019847020506858826,1.1254520416259766
1923,33959,23032,92,3,0.1197778731584549,0.020152660086750984,1.2962112426757812
1924,33964,14075,194,2,0.12024490535259247,0.020387345924973488,0.9797335267066956
1925,33965,22095,4,5,0.12202578783035278,0.021237272769212723,2.5303220748901367
1926,33997,19251,2,3,0.12610134482383728,0.027160029858350754,2.4216361045837402
1927,33999,21906,4,2,0.12843643128871918,0.02824842929840088,1.3465049266815186
1928,34122,22996,124,2,0.12014912068843842,0.021065061911940575,1.1266580820083618
1929,34124,23011,388,2,0.12438082695007324,0.02387949451804161,0.6115188598632812
1930,34151,22878,773,3,0.12003930658102036,0.019131962209939957,0.14633628726005554
1931,34161,17138,35,2,0.12474556267261505,0.023415114730596542,1.698689579963684
1932,34196,20180,268,3,0.12290787696838379,0.022959519177675247,0.6128334403038025
1933,34217,21626,1508,2,0.1207297071814537,0.020573453977704048,-0.7635218501091003
1934,34221,20362,973,2,0.12241236865520477,0.022456662729382515,-0.16774827241897583
1935,34276,14861,66,2,0.12199016660451889,0.02007133513689041,1.2715033292770386
1936,34351,20549,717,3,0.12199966609477997,0.024095013737678528,0.040003858506679535
1937,34361,20411,992,2,0.12182197719812393,0.021578829735517502,-0.07798989862203598
1938,34363,18146,137,2,0.12461228668689728,0.020550593733787537,1.1380095481872559
1939,34366,13989,7,2,0.1201188713312149,0.02053241804242134,1.9731446504592896
1940,34381,22941,479,5,0.12246323376893997,0.021419376134872437,0.48814183473587036
1941,34459,21206,22,3,0.12422481924295425,0.024580318480730057,1.5785319805145264
1942,34477,19825,3,2,0.12351798266172409,0.021734891459345818,2.150467872619629
1943,34478,15519,1193,1,0.1266324371099472,0.022523876279592514,-0.3015034794807434
1944,34491,22834,71,2,0.12278743833303452,0.02123664692044258,1.257913589477539
1945,34521,15894,1124,3,0.12157656252384186,0.022330306470394135,-0.27179598808288574
1946,34522,9014,303,2,0.12437517195940018,0.025222988799214363,0.719064474105835
1947,34529,16799,139,2,0.12294525653123856,0.022979652509093285,1.0031942129135132
1948,34534,16661,213,2,0.1208181381225586,0.020755425095558167,0.9580298662185669
1949,34544,22997,602,2,0.12297846376895905,0.02263924479484558,0.2755584418773651
1950,34565,20711,420,5,0.12930963933467865,0.025389503687620163,0.5173229575157166
1951,34598,14215,1214,6,0.12286823987960815,0.02010440267622471,-0.2383173257112503
1952,34606,22996,266,2,0.12204677611589432,0.022342201322317123,0.8101906180381775
1953,34609,13693,1,2,0.12796713411808014,0.028706878423690796,1.9768933057785034
1954,34618,20792,814,2,0.12307868897914886,0.02047191560268402,0.17641077935695648
1955,34631,10393,1133,2,0.12712207436561584,0.022854184731841087,-0.17410767078399658
1956,34636,8171,464,2,0.12308850884437561,0.020221833139657974,0.532101035118103
1957,34643,17369,18,3,0.12781819701194763,0.027190927416086197,1.4628024101257324
1958,34659,19415,38,2,0.11959530413150787,0.018345678225159645,1.735846996307373
1959,34670,10580,21,2,0.12118256092071533,0.022718418389558792,1.53654944896698
1960,34691,23018,1281,2,0.12767578661441803,0.02223307639360428,-0.34655317664146423
1961,34714,11970,546,2,0.12413959205150604,0.023714054375886917,0.40462473034858704
1962,34776,12981,509,2,0.12380647659301758,0.02067081816494465,0.47906404733657837
1963,34831,23021,88,2,0.12003009766340256,0.020514484494924545,1.2949111461639404
1964,34833,18069,72,2,0.12423580139875412,0.024805337190628052,1.0573033094406128
1965,34845,8398,90,4,0.1230427548289299,0.023593559861183167,1.2308547496795654
1966,34849,15381,386,3,0.12035231292247772,0.0206425990909338,0.5513156056404114
1967,34858,21757,48,2,0.12834079563617706,0.028985586017370224,1.1487414836883545
1968,34891,22228,667,1,0.13082849979400635,0.021689586341381073,0.15145377814769745
1969,34964,18291,449,2,0.12199399620294571,0.018820427358150482,0.5470807552337646
1970,34971,8529,124,2,0.11985621601343155,0.01982189156115055,1.1941583156585693
1971,34978,11648,94,3,0.1272018402814865,0.026656197383999825,1.009056568145752
1972,34980,22958,672,2,0.12481050938367844,0.020848620682954788,0.21967804431915283
1973,35001,17817,4,3,0.12110210210084915,0.021651148796081543,2.7613162994384766
1974,35011,21459,496,2,0.12175016850233078,0.021686773747205734,0.4288100004196167
1975,35071,12749,345,3,0.12318773567676544,0.02391747012734413,0.6023106575012207
1976,35078,17021,1694,2,0.12516656517982483,0.019579926505684853,-1.018611192703247
1977,35096,21789,10,2,0.12328218668699265,0.023363161832094193,1.474740743637085
1978,35195,23029,341,2,0.1223398819565773,0.02082887478172779,0.6501252055168152
1979,35201,22610,31,2,0.12370099872350693,0.021052848547697067,1.2951092720031738
1980,35213,18430,689,2,0.12110541760921478,0.01944863423705101,0.18420088291168213
1981,35271,21992,906,2,0.12293939292430878,0.01988200657069683,-0.03541051596403122
1982,35273,8916,687,6,0.12401033937931061,0.021696848794817924,0.2791888117790222
1983,35276,21803,579,2,0.12333565950393677,0.0228305421769619,0.31678307056427
1984,35300,15323,1057,2,0.1221894845366478,0.02020314335823059,-0.1272277683019638
1985,35308,16303,667,2,0.12087591737508774,0.021612539887428284,0.30363622307777405
1986,35322,19052,463,4,0.12061075121164322,0.01922624744474888,0.5692050457000732
1987,35328,20746,1167,3,0.12171734869480133,0.02007385715842247,-0.263782799243927
1988,35336,18362,285,2,0.12409354001283646,0.02367549017071724,0.7478914856910706
1989,35344,15932,379,3,0.12125591188669205,0.02430301159620285,0.6465645432472229
1990,35386,21751,8,1,0.12070396542549133,0.019300125539302826,2.7719905376434326
1991,35402,19647,1346,1,0.12133774161338806,0.020060891285538673,-0.5251755714416504
1992,35404,21326,231,3,0.1224275752902031,0.021298736333847046,0.7375890612602234
1993,35412,20158,41,2,0.11992638558149338,0.01997102051973343,1.5978889465332031
1994,35443,23006,1539,4,0.12416130304336548,0.025250937789678574,-0.8751991987228394
1995,35463,12626,1743,1,0.12241949886083603,0.018585264682769775,-1.5716112852096558
1996,35466,22603,925,2,0.12147178500890732,0.01962210237979889,-0.03370968997478485
1997,35477,19652,1593,2,0.11954076588153839,0.01898433268070221,-0.8110396862030029
1998,35489,16546,1471,2,0.1203678548336029,0.022211074829101562,-0.7122156023979187
1999,35530,15398,172,2,0.12250103056430817,0.019189607352018356,1.0955158472061157
2000,35532,13811,145,3,0.12531262636184692,0.024416938424110413,0.9578771591186523
2001,35543,21272,1163,2,0.12686936557292938,0.02180890366435051,-0.2195592075586319
2002,35560,21703,6,3,0.12660476565361023,0.027318507432937622,2.0651168823242188
2003,35622,15215,975,2,0.12201523780822754,0.019834432750940323,-0.08993800729513168
2004,35627,22073,49,1,0.12206564843654633,0.021862853318452835,1.3789513111114502
2005,35685,12544,719,2,0.12014441192150116,0.019788650795817375,0.23395247757434845
2006,35705,15633,336,3,0.1265851855278015,0.023672230541706085,0.6978499889373779
2007,35707,15339,378,2,0.12117147445678711,0.02252965047955513,0.4273918867111206
2008,35710,23018,1337,1,0.12251630425453186,0.0190335251390934,-0.4185132682323456
2009,35716,18548,90,2,0.12325205653905869,0.02133513055741787,1.683422327041626
2010,35780,21939,805,2,0.1224016472697258,0.02389513887465,0.08039691299200058
2011,35798,12421,991,2,0.12497154623270035,0.02324332669377327,-0.19825676083564758
2012,35832,12125,380,2,0.12049564719200134,0.02007937803864479,0.5842604041099548
2013,35860,19769,806,2,0.12195593118667603,0.02241562493145466,0.2278548628091812
2014,35898,12221,296,2,0.12304077297449112,0.02043749764561653,0.7563503980636597
2015,35937,10583,229,2,0.12448835372924805,0.02298804372549057,0.9351850152015686
2016,35991,22929,987,2,0.12746389210224152,0.02369886077940464,-0.12595155835151672
2017,35995,20273,81,3,0.11992256343364716,0.0193914994597435,1.3201380968093872
2018,36004,21757,276,3,0.12473956495523453,0.02566141076385975,0.7499201893806458
2019,36031,22924,495,2,0.11913780122995377,0.01833285763859749,0.474778950214386
2020,36066,21238,4,3,0.12722502648830414,0.02671924978494644,1.5125775337219238
2021,36068,21677,956,2,0.12446919083595276,0.022128378972411156,0.03467939794063568
2022,36092,22144,103,2,0.12106168270111084,0.02144475094974041,1.1064746379852295
2023,36170,17476,1283,2,0.12322301417589188,0.019070414826273918,-0.4205060601234436
2024,36229,13928,329,5,0.12078820914030075,0.021662522107362747,0.7188271284103394
2025,36231,11058,403,2,0.12184218317270279,0.019347477704286575,0.5901070833206177
2026,36243,22545,1042,2,0.12185563147068024,0.022582117468118668,-0.08792044967412949
2027,36270,15520,22,3,0.124448761343956,0.024401985108852386,2.3546102046966553
2028,36291,10381,910,2,0.12095716595649719,0.02155870385468006,-0.02958706021308899
2029,36303,19375,105,2,0.12143976241350174,0.021352063864469528,1.2438840866088867
2030,36315,10954,1529,2,0.12340889126062393,0.021444033831357956,-0.8596845269203186
2031,36348,22125,764,1,0.12213731557130814,0.020826928317546844,0.0746612623333931
2032,36351,20827,109,2,0.12107798457145691,0.02133193239569664,1.2731801271438599
2033,36363,22945,206,2,0.11981039494276047,0.021268822252750397,1.0338941812515259
2034,36412,22746,224,3,0.11988992989063263,0.019428759813308716,0.873400092124939
2035,36417,10615,685,1,0.12203139811754227,0.020379427820444107,0.28192293643951416
2036,36430,22721,1591,2,0.1229216456413269,0.021764298900961876,-0.8732064962387085
2037,36464,11254,548,2,0.12114731222391129,0.02135322615504265,0.44644224643707275
2038,36473,15367,35,2,0.12084626406431198,0.020778939127922058,1.5618380308151245
2039,36511,23012,450,2,0.12204279005527496,0.022490346804261208,0.5391179323196411
2040,36514,14918,1,4,0.12172475457191467,0.021402036771178246,2.8294458389282227
2041,36634,20046,391,2,0.12293796241283417,0.01922430470585823,0.5632431507110596
2042,36668,21789,93,1,0.13038548827171326,0.027415404096245766,1.2357488870620728
2043,36705,23016,644,3,0.12165051698684692,0.020452167838811874,0.3276948034763336
2044,36812,20680,256,1,0.12202409654855728,0.019354604184627533,0.7459000945091248
2045,36865,22853,1480,3,0.12295462936162949,0.022212142124772072,-0.6250912547111511
2046,36879,19112,6,2,0.12329008430242538,0.023089993745088577,2.442045211791992
2047,36972,22700,544,2,0.12208107858896255,0.021422047168016434,0.5352292060852051
2048,37083,16008,11,2,0.12327880412340164,0.024743007495999336,1.5195688009262085
2049,37086,23009,172,6,0.12228111922740936,0.020266860723495483,1.0042332410812378
2050,37137,14480,1207,2,0.12158017605543137,0.021546095609664917,-0.30633389949798584
2051,37195,22928,1071,2,0.12425602972507477,0.01987500861287117,-0.19746187329292297
2052,37218,20228,15,4,0.12576906383037567,0.025973908603191376,1.3266825675964355
2053,37222,21053,671,2,0.1235368400812149,0.019974801689386368,0.189891055226326
2054,37239,22929,703,1,0.12449084967374802,0.022451428696513176,0.20887362957000732
2055,37285,22790,409,1,0.12280826270580292,0.022528856992721558,0.5985866189002991
2056,37293,18675,1466,2,0.12371750175952911,0.022397466003894806,-0.6096025109291077
2057,37294,22144,252,2,0.12045422941446304,0.02052619867026806,0.8592445850372314
2058,37314,19449,1,2,0.12049592286348343,0.020738892257213593,3.561461925506592
2059,37352,15148,844,2,0.12171494960784912,0.02172667533159256,0.11903078109025955
2060,37441,20929,178,3,0.12099598348140717,0.019896404817700386,1.072822093963623
2061,37533,17157,551,1,0.12359916418790817,0.022187603637576103,0.43011394143104553
2062,37580,20473,57,2,0.12154921144247055,0.021596617996692657,1.5666038990020752
2063,37593,12819,872,2,0.1189626157283783,0.01978093758225441,0.017084389925003052
2064,37619,15342,8,5,0.1214347705245018,0.020045969635248184,2.4674558639526367
2065,37657,21380,1026,1,0.1231498047709465,0.02018485590815544,-0.22176405787467957
2066,37684,20070,159,3,0.12334004044532776,0.022471066564321518,1.095374584197998
2067,37691,22808,62,2,0.12102998793125153,0.021443292498588562,1.5634400844573975
2068,37702,20522,1720,2,0.12115342915058136,0.020273787900805473,-1.7376515865325928
2069,37741,20579,28,2,0.1196248009800911,0.020281968638300896,1.9237570762634277
2070,37749,21078,108,1,0.12121579051017761,0.02004832774400711,1.2325866222381592
2071,37753,17748,30,3,0.12722444534301758,0.026094364002346992,1.2547252178192139
2072,37762,23023,914,2,0.1204790323972702,0.019100302830338478,-0.057729147374629974
2073,37764,14774,724,1,0.12265905737876892,0.0195208340883255,0.19478283822536469
2074,38156,22929,467,2,0.12494473904371262,0.023418091237545013,0.49424707889556885
2075,38264,19559,42,1,0.12296329438686371,0.02039959654211998,1.7406941652297974
2076,38300,22053,333,2,0.12214802950620651,0.021378103643655777,0.661234438419342
2077,38372,22979,62,1,0.12624426186084747,0.022649431601166725,1.64551842212677
2078,38387,18180,957,1,0.12195712327957153,0.021335944533348083,0.08499038964509964
2079,38440,21080,93,2,0.12133998423814774,0.02042783424258232,1.4841270446777344
2080,38543,21824,1356,2,0.12432236969470978,0.020472053438425064,-0.44483479857444763
2081,38579,16801,889,2,0.12199550122022629,0.019143998622894287,0.029343150556087494
2082,38662,22526,56,2,0.1198187842965126,0.020836912095546722,1.4755887985229492
2083,38671,23002,32,2,0.12148717790842056,0.02118714153766632,1.6134412288665771
2084,38691,22132,79,2,0.1210608184337616,0.022360090166330338,1.3272042274475098
2085,38703,20057,188,2,0.12192276120185852,0.02176850661635399,1.0364165306091309
2086,38704,19121,8,2,0.12044697999954224,0.021875154227018356,2.5198605060577393
2087,38757,20758,291,2,0.11999235302209854,0.020714860409498215,0.757981538772583
2088,38785,20850,18,2,0.12074904143810272,0.020736347883939743,1.9461259841918945
2089,38822,21902,222,2,0.1212347149848938,0.020999083295464516,0.8430579900741577
2090,38860,22681,167,1,0.12366542965173721,0.022918935865163803,0.8750874996185303
2091,38886,15708,790,3,0.12409310042858124,0.020539497956633568,0.08626630902290344
2092,38903,21460,2,2,0.12149032950401306,0.02204408124089241,4.529623031616211
2093,38938,20376,1,1,0.12153612077236176,0.021109726279973984,3.7881622314453125
2094,39254,22790,1390,3,0.1223791092634201,0.023332849144935608,-0.47486990690231323
