row_id,user,target,rank,history_length,predicted_stay,target_stay_similarity,target_score
0,17,22665,1428,2,0.07981264591217041,0.020941734313964844,-0.6228334307670593
1,29,22642,442,10,0.08071823418140411,0.025503141805529594,0.46714431047439575
2,31,22893,1643,6,0.0771026462316513,0.02181966044008732,-0.9852103590965271
3,45,23031,1362,2,0.07740575075149536,0.020490016788244247,-0.4733639061450958
4,53,7596,46,6,0.0810573548078537,0.027177397161722183,1.621199369430542
5,55,21826,9,2,0.07721704989671707,0.02317316085100174,2.3655598163604736
6,80,6054,1741,2,0.07779040187597275,0.02478514052927494,-1.5454415082931519
7,87,16756,36,3,0.08253419399261475,0.027544187381863594,1.30420982837677
8,112,8,567,2,0.07675868272781372,0.021956417709589005,0.39209967851638794
9,152,22453,52,2,0.07855245471000671,0.027214763686060905,1.1360541582107544
10,161,9983,668,4,0.07935830950737,0.02433742769062519,0.39223435521125793
11,183,23032,534,5,0.07795483618974686,0.022197747603058815,0.3408098816871643
12,205,2528,331,2,0.0786939263343811,0.02605346404016018,0.49920639395713806
13,226,41,530,3,0.07844308018684387,0.025286918506026268,0.48611974716186523
14,239,11170,974,2,0.0778728649020195,0.021043667569756508,0.008453890681266785
15,252,4668,15,2,0.07746993005275726,0.02405223622918129,2.7454540729522705
16,291,6572,55,3,0.0787024274468422,0.023823700845241547,1.486375331878662
17,323,1062,718,2,0.07879264652729034,0.023306215181946754,0.10024629533290863
18,335,4501,1328,3,0.07999418675899506,0.02262948825955391,-0.4437646269798279
19,352,19666,6,2,0.07783274352550507,0.025648709386587143,2.2098240852355957
20,367,21826,1281,3,0.08323650062084198,0.02107146754860878,-0.3240431249141693
21,396,22052,482,10,0.08021597564220428,0.026329852640628815,0.460555762052536
22,407,22018,561,2,0.07839637249708176,0.02497560903429985,0.3541787266731262
23,420,23009,1396,2,0.07626233994960785,0.02109161764383316,-0.5123724341392517
24,427,21170,1059,2,0.07959340512752533,0.026177935302257538,-0.14266659319400787
25,442,7239,62,3,0.07660256326198578,0.022351432591676712,1.2018086910247803
26,444,21451,1,2,0.07992991805076599,0.02748638205230236,2.690887928009033
27,452,2064,315,3,0.07893580943346024,0.0241782795637846,0.6976985931396484
28,453,19378,618,2,0.07766126096248627,0.02226101979613304,0.19280587136745453
29,464,4689,1021,2,0.08206730335950851,0.02086373046040535,-0.11869242787361145
30,488,21586,102,3,0.07768597453832626,0.023183699697256088,1.0165561437606812
31,501,19594,9,3,0.07690256088972092,0.021565474569797516,2.1318376064300537
32,504,2461,1717,3,0.07969978451728821,0.02100469544529915,-1.1532132625579834
33,525,17654,1433,3,0.07767090946435928,0.021872565150260925,-0.5314935445785522
34,527,19870,1249,3,0.07490859180688858,0.019533470273017883,-0.2651943266391754
35,544,10495,550,2,0.07942712306976318,0.0249433945864439,0.285557359457016
36,549,14862,87,1,0.07964639365673065,0.028142232447862625,1.0616792440414429
37,552,335,849,2,0.0754663422703743,0.020488198846578598,0.12281408905982971
38,554,30,1236,3,0.0789610743522644,0.020642325282096863,-0.30375418066978455
39,557,3111,248,5,0.07916247099637985,0.025075210258364677,0.7313495874404907
40,567,23026,529,7,0.07652667164802551,0.028395183384418488,0.38523954153060913
41,570,22330,85,8,0.07965938001871109,0.01950915902853012,1.4041619300842285
42,574,31,909,2,0.07862598448991776,0.021695587784051895,0.06503885984420776
43,575,32,1315,2,0.07594268023967743,0.023801300674676895,-0.31777605414390564
44,581,9265,108,2,0.07686538249254227,0.02439519204199314,1.1983247995376587
45,593,16348,366,7,0.07766298204660416,0.02493712492287159,0.7612911462783813
46,611,16050,1361,10,0.07986701279878616,0.026708677411079407,-0.572104811668396
47,625,3518,1538,7,0.07676392048597336,0.025621376931667328,-0.8548476696014404
48,630,20548,266,2,0.07929552346467972,0.025743162259459496,0.7914984822273254
49,637,36,360,3,0.07802324742078781,0.0258452370762825,0.7177015542984009
50,650,19094,1176,1,0.08253199607133865,0.025608548894524574,-0.27345991134643555
51,664,10306,1,2,0.07986051589250565,0.025793448090553284,3.3672266006469727
52,665,16079,399,1,0.0782063752412796,0.023562228307127953,0.6089109182357788
53,669,3575,6,4,0.0776737630367279,0.02216513641178608,1.8691359758377075
54,749,22890,287,7,0.07516036182641983,0.023345287889242172,0.7526134252548218
55,778,6693,472,3,0.07990802079439163,0.026218563318252563,0.41955170035362244
56,839,15852,2,1,0.07877254486083984,0.02515369839966297,2.4252076148986816
57,852,18811,989,3,0.0759020522236824,0.022644974291324615,0.011274337768554688
58,855,3420,229,4,0.07940720021724701,0.024076443165540695,0.8661165833473206
59,857,2150,363,9,0.07963162660598755,0.024587947875261307,0.6584867238998413
60,867,21936,936,1,0.08090062439441681,0.022757750004529953,0.11661708354949951
61,899,15381,622,2,0.08007494360208511,0.02645917981863022,0.32899871468544006
62,900,20703,615,3,0.07710205018520355,0.021623341366648674,0.34312841296195984
63,913,17450,421,2,0.07727199047803879,0.021799253299832344,0.5694714784622192
64,929,50,540,2,0.0772339403629303,0.024591714143753052,0.3668467402458191
65,943,9665,473,6,0.07813949137926102,0.023831909522414207,0.4867951273918152
66,947,22007,788,2,0.08048123121261597,0.029169956222176552,0.17862854897975922
67,948,21372,462,5,0.07909934967756271,0.02527196705341339,0.5136651992797852
68,963,18233,444,5,0.07822780311107635,0.02401680499315262,0.5384023189544678
69,980,21904,26,10,0.08227319270372391,0.028842147439718246,1.840404987335205
70,1021,20072,1263,2,0.07757803052663803,0.024242494255304337,-0.32187962532043457
71,1022,5390,1018,8,0.07889217883348465,0.01950986310839653,-0.05624339357018471
72,1042,16559,1504,2,0.07954559475183487,0.021073507145047188,-0.8000612258911133
73,1045,21489,399,3,0.08215759694576263,0.029337231069803238,0.5820665955543518
74,1084,7111,747,4,0.0790150836110115,0.02441488206386566,0.07743996381759644
75,1086,13086,670,3,0.07962764799594879,0.0240892693400383,0.19199852645397186
76,1093,17474,1370,4,0.07945402711629868,0.02138075977563858,-0.5546708106994629
77,1099,4944,312,3,0.0812477394938469,0.023397698998451233,0.7017404437065125
78,1100,20057,170,2,0.08025342971086502,0.027800818905234337,0.9777438044548035
79,1101,12982,1333,10,0.08113037049770355,0.027042509987950325,-0.5077488422393799
80,1109,7276,1764,8,0.07940096408128738,0.024403078481554985,-2.283592939376831
81,1118,13004,454,2,0.07878033071756363,0.026452088728547096,0.45954430103302
82,1132,7828,56,4,0.07744144648313522,0.02587905339896679,1.7978284358978271
83,1133,373,670,2,0.07681305706501007,0.020844388753175735,0.2792329788208008
84,1162,15423,771,2,0.07790613919496536,0.021298162639141083,0.08034496009349823
85,1172,5521,544,3,0.0792173370718956,0.021125417202711105,0.2890860438346863
86,1177,13059,985,6,0.0792766734957695,0.02262258529663086,-0.15424534678459167
87,1184,8459,28,7,0.07666824012994766,0.024477191269397736,1.7668870687484741
88,1185,21451,16,5,0.0788751170039177,0.023887094110250473,1.599515438079834
89,1196,67,1559,2,0.07771539688110352,0.02196486108005047,-0.9578149914741516
90,1202,11276,617,2,0.07878105342388153,0.02079574391245842,0.2136962115764618
91,1211,3016,1605,3,0.07867059111595154,0.022291656583547592,-0.8046554327011108
92,1217,22845,242,4,0.07848665863275528,0.024412861093878746,0.7388256192207336
93,1226,4083,1,7,0.07594665884971619,0.02243393287062645,3.512740135192871
94,1230,10413,290,4,0.07727095484733582,0.023504316806793213,0.7528250813484192
95,1279,23008,1292,10,0.07775358855724335,0.0235881470143795,-0.36667531728744507
96,1281,20992,837,1,0.08000164479017258,0.02312580496072769,0.05767263472080231
97,1284,9598,1,5,0.08098761737346649,0.028793364763259888,1.8271130323410034
98,1304,13392,129,3,0.07920216768980026,0.028144976124167442,1.0730537176132202
99,1307,21983,1014,3,0.07966816425323486,0.02609313651919365,-0.09282451868057251
100,1326,5814,737,2,0.07948704808950424,0.027101770043373108,0.18986956775188446
101,1337,3515,55,3,0.0789518877863884,0.024067122489213943,1.2309200763702393
102,1369,22007,529,10,0.08108031749725342,0.0292197372764349,0.4882512092590332
103,1372,20668,1053,5,0.08050889521837234,0.019818000495433807,-0.27380311489105225
104,1373,18656,134,8,0.07931553572416306,0.02280203439295292,1.1158714294433594
105,1380,270,1509,3,0.0780782625079155,0.01972288079559803,-0.8133833408355713
106,1418,11812,382,4,0.07770545780658722,0.02233927696943283,0.4969693124294281
107,1432,10011,1705,2,0.07840277254581451,0.020090261474251747,-1.5246286392211914
108,1437,17496,1321,3,0.07966727763414383,0.023798376321792603,-0.38853955268859863
109,1445,628,1092,3,0.07880672067403793,0.022003497928380966,-0.12937328219413757
110,1454,15337,1225,2,0.07738047093153,0.019354771822690964,-0.29127058386802673
111,1476,11968,6,2,0.07774049043655396,0.0277097187936306,3.26188325881958
112,1481,19454,327,2,0.07769197225570679,0.02248329296708107,0.6825225353240967
113,1501,1510,451,2,0.07886318117380142,0.0248261671513319,0.4313812255859375
114,1517,2240,332,2,0.0770392045378685,0.02315494604408741,0.6415469646453857
115,1525,19093,1460,2,0.08024713397026062,0.024738473817706108,-0.6414238810539246
116,1574,5187,483,4,0.0791316032409668,0.027460433542728424,0.4191478192806244
117,1583,19186,7,2,0.07816015183925629,0.027185285463929176,3.2040863037109375
118,1601,16414,1001,2,0.07603800296783447,0.021125802770256996,-0.10605346411466599
119,1614,85,89,2,0.07734385132789612,0.021159745752811432,1.1039689779281616
120,1617,85,470,5,0.0780242383480072,0.02170073613524437,0.3959231972694397
121,1624,21350,38,10,0.07967410981655121,0.023046523332595825,1.6941568851470947
122,1626,8303,24,10,0.07865403592586517,0.02263977751135826,1.611515998840332
123,1639,16850,920,3,0.07932894676923752,0.022320464253425598,-0.07997111976146698
124,1648,2282,264,2,0.07894550263881683,0.0224868506193161,0.7277269959449768
125,1723,1862,1615,3,0.07899251580238342,0.020276077091693878,-0.9357008934020996
126,1743,23032,25,8,0.07857518643140793,0.022831283509731293,2.1271584033966064
127,1765,17957,492,4,0.07639124989509583,0.023539144545793533,0.4634082317352295
128,1766,22217,1589,8,0.07776753604412079,0.02018805220723152,-0.9702645540237427
129,1798,21218,560,3,0.07689924538135529,0.022425949573516846,0.28905731439590454
130,1818,13145,807,1,0.08163665235042572,0.019596202298998833,-0.023673802614212036
131,1826,19653,454,1,0.07571347802877426,0.021109016612172127,0.3987847864627838
132,1829,3843,99,3,0.07764732837677002,0.023374835029244423,1.1140480041503906
133,1830,23014,1,5,0.07710762321949005,0.02041683718562126,2.3081326484680176
134,1846,18838,421,1,0.07849204540252686,0.019693449139595032,0.5752915143966675
135,1860,13318,148,4,0.07764361798763275,0.023459454998373985,0.9224178791046143
136,1885,13115,451,3,0.07568155229091644,0.02225208282470703,0.42191553115844727
137,1890,9168,266,5,0.07582095265388489,0.020271312445402145,0.6798015832901001
138,1929,5599,143,10,0.08004847168922424,0.02291806787252426,1.0548380613327026
139,1936,108,1392,3,0.07735193520784378,0.02430790849030018,-0.4754374325275421
140,1939,108,317,2,0.07741189748048782,0.02643885463476181,0.5722535252571106
141,1940,21981,1067,4,0.07785949110984802,0.024197623133659363,-0.04173992574214935
142,1951,20719,372,5,0.0780579000711441,0.023219725117087364,0.5972165465354919
143,2002,3811,750,2,0.07827045023441315,0.021507497876882553,0.11857633292675018
144,2017,7390,448,3,0.07859261333942413,0.023523930460214615,0.49595749378204346
145,2023,7583,246,1,0.08097074180841446,0.024477781727910042,0.7977433800697327
146,2028,712,230,8,0.0795370414853096,0.021447913721203804,1.0113848447799683
147,2049,18465,1355,3,0.07804353535175323,0.022221732884645462,-0.4515799283981323
148,2063,21703,288,4,0.08213900029659271,0.030162228271365166,0.8132985234260559
149,2092,16740,1584,2,0.07447054982185364,0.02035079151391983,-0.8822234869003296
150,2097,13065,832,4,0.07742058485746384,0.02491377852857113,0.0017445385456085205
151,2099,4650,1309,2,0.07706519216299057,0.026390185579657555,-0.4213009178638458
152,2102,6517,1119,2,0.07961003482341766,0.0214249137789011,-0.13498160243034363
153,2146,20781,857,2,0.0769883468747139,0.024811703711748123,0.11967802047729492
154,2215,3079,333,2,0.08003996312618256,0.027770575135946274,0.6724086403846741
155,2227,11051,311,3,0.07747334241867065,0.02127877064049244,0.7156916260719299
156,2233,22792,884,2,0.07989846915006638,0.022174937650561333,-0.020107343792915344
157,2245,22478,1632,6,0.07852638512849808,0.021455906331539154,-1.094289779663086
158,2247,22592,804,2,0.07582204788923264,0.02224186807870865,0.05160583183169365
159,2252,4026,929,2,0.07752774655818939,0.0260517206043005,0.1122085452079773
160,2266,15149,722,2,0.07811247557401657,0.024497827515006065,0.08568248152732849
161,2269,2719,1675,10,0.07912556082010269,0.022724159061908722,-1.100447654724121
162,2291,9686,35,2,0.07892365008592606,0.02597235143184662,1.5494439601898193
163,2300,21919,1207,3,0.0807192400097847,0.022166529670357704,-0.29760074615478516
164,2305,22821,864,5,0.07826954126358032,0.02305424213409424,-0.0852314904332161
165,2318,20407,26,2,0.07890263944864273,0.02194775640964508,1.523679494857788
166,2336,124,1620,2,0.07863400131464005,0.02316427230834961,-1.0085262060165405
167,2346,461,517,2,0.07570545375347137,0.02019527740776539,0.3439375162124634
168,2348,14020,1708,2,0.07766503840684891,0.021407384425401688,-1.0268185138702393
169,2364,128,1432,2,0.07764897495508194,0.02639658749103546,-0.6074425578117371
170,2367,6058,1470,5,0.07913845032453537,0.02108445018529892,-0.5728329420089722
171,2387,21399,1352,2,0.07911156862974167,0.021885665133595467,-0.4704119861125946
172,2423,134,1647,1,0.08061674237251282,0.02033689245581627,-1.096289038658142
173,2449,741,644,3,0.07891795784235,0.02464888244867325,0.3320178687572479
174,2478,16064,149,2,0.07824690639972687,0.02186102420091629,0.8621430397033691
175,2488,11596,1631,2,0.08192683011293411,0.02242983877658844,-0.9243984222412109
176,2494,21406,1077,3,0.07796235382556915,0.0227167010307312,-0.27154481410980225
177,2496,143,6,3,0.08106052130460739,0.023835856467485428,1.889102578163147
178,2526,17229,6,4,0.07842481136322021,0.024304762482643127,2.262869358062744
179,2554,23007,251,4,0.07900916785001755,0.027080055326223373,0.8475741147994995
180,2584,22956,29,2,0.07941827178001404,0.026480142027139664,1.6928009986877441
181,2586,19865,1026,4,0.07773809880018234,0.0233155507594347,-0.1632746011018753
182,2591,21520,37,1,0.08016996830701828,0.024996325373649597,1.5549877882003784
183,2599,19333,384,3,0.07823167741298676,0.024535486474633217,0.5584836602210999
184,2613,20525,570,5,0.07955671101808548,0.01952653005719185,0.2770187258720398
185,2619,153,1734,3,0.07958079129457474,0.025577537715435028,-1.6610771417617798
186,2639,22995,1274,3,0.07913710922002792,0.02564975991845131,-0.32515692710876465
187,2651,295,1155,4,0.07906168699264526,0.02040281519293785,-0.26690176129341125
188,2670,17953,1434,3,0.07919114083051682,0.022606633603572845,-0.6502492427825928
189,2673,15308,470,4,0.07880248129367828,0.025150597095489502,0.4866596460342407
190,2680,20055,407,2,0.07895106822252274,0.02223643660545349,0.46446576714515686
191,2701,6217,1480,2,0.07839268445968628,0.02640649490058422,-0.7657743692398071
192,2708,13558,1127,4,0.0792599692940712,0.02447209507226944,-0.21759900450706482
193,2712,13216,394,2,0.07784689962863922,0.021822307258844376,0.5261990427970886
194,2760,14821,717,8,0.08052688091993332,0.02251589111983776,0.08127202093601227
195,2765,20927,1022,5,0.07838887721300125,0.023206748068332672,-0.04925822466611862
196,2780,17472,1672,2,0.07889904081821442,0.02708861418068409,-1.2727173566818237
197,2792,696,1502,2,0.07669904083013535,0.02165987715125084,-0.6569446921348572
198,2802,20054,1276,3,0.07823855429887772,0.022020015865564346,-0.3162527084350586
199,2812,18065,30,5,0.07864312827587128,0.023334108293056488,1.369706630706787
200,2825,14965,1658,8,0.08033685386180878,0.022304754704236984,-1.1322813034057617
201,2847,20872,774,2,0.0792011097073555,0.022408250719308853,0.19396182894706726
202,2854,17132,624,9,0.07915271818637848,0.02414599061012268,0.4023361802101135
203,2884,8264,1489,6,0.07899517565965652,0.020640863105654716,-0.6903397440910339
204,2909,14572,10,3,0.07831413298845291,0.02605436183512211,2.20172381401062
205,2913,21384,113,3,0.0795476883649826,0.025720348581671715,1.1623950004577637
206,2914,20848,573,2,0.08275698870420456,0.027559783309698105,0.49355992674827576
207,2931,23014,823,4,0.07759575545787811,0.019257497042417526,0.14113524556159973
208,2939,21319,4,8,0.0802750289440155,0.025029528886079788,2.654564142227173
209,2949,22802,111,2,0.0821203738451004,0.028578123077750206,1.1060186624526978
210,2952,626,1,5,0.07775706797838211,0.020653333514928818,2.19783353805542
211,2964,21758,299,2,0.07937563955783844,0.02265896648168564,0.701317310333252
212,2990,712,898,10,0.08139842748641968,0.021136894822120667,-0.000659458339214325
213,3069,1898,1560,2,0.07891733944416046,0.021285545080900192,-0.8941019177436829
214,3088,180,840,4,0.08086451888084412,0.022686274722218513,-0.028458967804908752
215,3099,21101,924,2,0.07807682454586029,0.022836389020085335,0.12176775932312012
216,3103,5796,40,2,0.08005812764167786,0.026797756552696228,1.7812609672546387
217,3147,21115,139,3,0.08041776716709137,0.02781849540770054,0.8731253743171692
218,3164,20069,1352,2,0.08039433509111404,0.028872013092041016,-0.4950582683086395
219,3173,4423,1103,5,0.07887770235538483,0.022988012060523033,-0.15620119869709015
220,3183,20635,221,3,0.079393170773983,0.022372137755155563,0.849042534828186
221,3200,14473,677,3,0.07662296295166016,0.02090808004140854,0.2448084056377411
222,3224,6171,2,2,0.0776200070977211,0.03136957436800003,4.670180797576904
223,3230,4205,3,2,0.07835468649864197,0.02566794492304325,3.136530876159668
224,3250,1145,1,2,0.08082513511180878,0.031962133944034576,3.0555384159088135
225,3274,7367,19,5,0.08078839629888535,0.028080137446522713,1.8484171628952026
226,3287,21297,1543,2,0.07803583890199661,0.021974069997668266,-0.7946241497993469
227,3289,22998,645,6,0.0801163911819458,0.02295836992561817,0.1889762580394745
228,3305,4581,93,2,0.07916049659252167,0.029473116621375084,1.465269684791565
229,3370,3382,32,2,0.0774213969707489,0.024022947996854782,1.388859510421753
230,3394,22217,1529,3,0.0777486264705658,0.021672813221812248,-0.7594596743583679
231,3413,8526,905,3,0.07965878397226334,0.02130269445478916,-0.03217490762472153
232,3436,20596,1297,2,0.07766320556402206,0.025058899074792862,-0.4154479205608368
233,3438,13856,1076,3,0.08276712894439697,0.02274658903479576,-0.16904917359352112
234,3453,21768,1050,2,0.08015100657939911,0.023241087794303894,-0.14004045724868774
235,3459,4431,561,4,0.0781802162528038,0.024036748334765434,0.31949231028556824
236,3464,6797,1033,2,0.07661440223455429,0.023704148828983307,-0.19320419430732727
237,3472,7196,54,4,0.0769977867603302,0.023934166878461838,1.2309770584106445
238,3473,20837,379,2,0.07742051035165787,0.023667126893997192,0.502881646156311
239,3486,2466,814,2,0.07879611849784851,0.024901878088712692,0.0036807300057262182
240,3489,11179,322,3,0.07898492366075516,0.024159546941518784,0.6838325262069702
241,3496,201,409,5,0.07756414264440536,0.022449318319559097,0.5744212865829468
242,3498,17014,1372,2,0.07975511252880096,0.021394893527030945,-0.6021432876586914
243,3503,17476,984,3,0.08008184283971786,0.020825296640396118,-0.06634066998958588
244,3506,14490,146,3,0.07892007380723953,0.02547779306769371,0.9792938232421875
245,3507,21391,1404,10,0.08004803210496902,0.02395651862025261,-0.628720223903656
246,3556,5459,100,1,0.0798422247171402,0.02535421773791313,1.1211587190628052
247,3569,203,1226,6,0.07784146815538406,0.020382100716233253,-0.3001549243927002
248,3576,953,125,3,0.07771353423595428,0.02450917661190033,1.25923490524292
249,3597,4066,712,2,0.07733442634344101,0.025292981415987015,0.18602696061134338
250,3614,20924,6,2,0.08060241490602493,0.029515374451875687,2.1500279903411865
251,3661,22590,252,4,0.07623602449893951,0.02206318825483322,0.6852186918258667
252,3664,10666,1222,2,0.07822912931442261,0.024259725585579872,-0.23823896050453186
253,3666,22821,121,2,0.07828959822654724,0.025369219481945038,0.9545477032661438
254,3680,213,1258,2,0.07854926586151123,0.026356827467679977,-0.34224748611450195
255,3696,6927,734,2,0.08218474686145782,0.021508002653717995,0.15848103165626526
256,3712,21442,130,4,0.08002763241529465,0.02784927934408188,1.0357930660247803
257,3751,20283,80,3,0.08108044415712357,0.030332490801811218,1.3736892938613892
258,3752,1660,106,10,0.08113488554954529,0.028115272521972656,1.131028652191162
259,3758,4408,1672,4,0.079891137778759,0.027627933770418167,-1.0700058937072754
260,3785,4593,112,4,0.08027300238609314,0.029215361922979355,1.0742149353027344
261,3803,11897,1,3,0.07925013452768326,0.02825070358812809,4.862531661987305
262,3812,20298,297,10,0.07969332486391068,0.021264392882585526,0.8405623435974121
263,3817,16990,3,2,0.07808460295200348,0.025442982092499733,2.138599395751953
264,3836,3466,1324,2,0.07687392830848694,0.021861106157302856,-0.46181637048721313
265,3838,8505,1047,3,0.07984405010938644,0.02132480777800083,-0.18290844559669495
266,3870,6110,1511,2,0.07796303182840347,0.021398771554231644,-0.6315078735351562
267,3877,226,1258,2,0.07985831052064896,0.02742188423871994,-0.3154129385948181
268,3890,21147,37,6,0.07924631237983704,0.024672267958521843,1.9149888753890991
269,3899,8178,1012,2,0.07997909188270569,0.024256432428956032,-0.09554800391197205
270,3906,3144,1728,3,0.07778067141771317,0.02251528948545456,-1.615641713142395
271,3908,15848,175,10,0.08031261712312698,0.02414242923259735,1.0607872009277344
272,3919,12220,289,2,0.07829440385103226,0.02608601003885269,0.7793003916740417
273,3921,6764,272,2,0.07967416942119598,0.02993481233716011,0.7211421728134155
274,3930,21884,232,2,0.07759632170200348,0.02746276929974556,0.831762969493866
275,3934,234,546,3,0.07734425365924835,0.022044874727725983,0.3181835412979126
276,3982,3998,887,1,0.08299551159143448,0.02383832260966301,-0.05945293605327606
277,3993,4446,1730,3,0.07783526927232742,0.025489190593361855,-1.5660680532455444
278,3998,7799,964,4,0.07677586376667023,0.021923430263996124,-0.13717307150363922
279,4023,9027,1668,5,0.07791976630687714,0.019860941916704178,-1.0603241920471191
280,4067,7003,1759,4,0.08113008737564087,0.024715302512049675,-2.1753008365631104
281,4069,6685,19,8,0.08226775377988815,0.023897809907794,2.3494198322296143
282,4071,1333,235,3,0.07758937776088715,0.02396336756646633,0.7613339424133301
283,4094,4683,854,3,0.07751073688268661,0.02414979226887226,0.031690359115600586
284,4120,23012,678,3,0.07883905619382858,0.027949750423431396,0.1429641842842102
285,4149,763,882,7,0.07665590196847916,0.022033564746379852,-0.04173000901937485
286,4206,4768,80,3,0.07886654138565063,0.02562166005373001,1.0792449712753296
287,4209,6059,138,3,0.08015173673629761,0.02927260473370552,1.1351791620254517
288,4233,8048,46,2,0.07529175281524658,0.022773273289203644,1.9442238807678223
289,4241,22956,411,10,0.08066949248313904,0.02299105003476143,0.6089029312133789
290,4262,15633,81,2,0.07759454846382141,0.0234513059258461,1.1680521965026855
291,4267,16835,971,10,0.07996285706758499,0.022043421864509583,-0.10734961181879044
292,4300,13718,660,2,0.0791889876127243,0.024979334324598312,0.21527810394763947
293,4319,4539,37,6,0.07812260836362839,0.02419327199459076,1.44819974899292
294,4357,23030,1670,7,0.07541635632514954,0.02339131012558937,-1.1915336847305298
295,4444,3931,192,2,0.07792327553033829,0.024378269910812378,0.9469821453094482
296,4456,20989,611,2,0.07770358771085739,0.02326476201415062,0.320717990398407
297,4477,2357,107,3,0.07952066510915756,0.027101630344986916,1.0958102941513062
298,4481,12440,3,3,0.07799605280160904,0.025440024212002754,2.7460267543792725
299,4504,16633,192,2,0.07727643847465515,0.02523176558315754,0.8201979994773865
300,4507,5202,788,3,0.08110732585191727,0.02121846005320549,0.2638564705848694
301,4517,14699,1311,2,0.07822107523679733,0.02197408676147461,-0.3739760220050812
302,4547,22252,1639,4,0.07750099897384644,0.024374060332775116,-1.1185023784637451
303,4596,6565,1576,2,0.07793010026216507,0.022724758833646774,-0.8192305564880371
304,4600,20077,847,2,0.07986240833997726,0.024327095597982407,0.0016500456258654594
305,4610,19155,396,2,0.07509168237447739,0.019541718065738678,0.5241194367408752
306,4613,10817,687,2,0.0753389224410057,0.02035784348845482,0.22396859526634216
307,4621,268,20,2,0.07549982517957687,0.02018808200955391,1.6751744747161865
308,4657,11134,1716,10,0.08036182075738907,0.025667162612080574,-1.2955859899520874
309,4676,12048,582,3,0.0784745067358017,0.024234987795352936,0.42884477972984314
310,4715,17142,190,2,0.07661174982786179,0.021068230271339417,0.9150098562240601
311,4736,12607,126,2,0.07700323313474655,0.023698925971984863,1.013411283493042
312,4744,19352,795,2,0.07510165870189667,0.02080870047211647,0.08097964525222778
313,4748,284,700,2,0.07816777378320694,0.020057745277881622,0.10621927678585052
314,4767,17085,522,3,0.07976920157670975,0.02437400445342064,0.3468089997768402
315,4823,11171,1,2,0.0772639736533165,0.022914372384548187,4.863354682922363
316,4835,1504,1,3,0.0790148451924324,0.026063475757837296,2.726418972015381
317,4839,11420,1349,2,0.08238083124160767,0.030518122017383575,-0.5474022626876831
318,4849,21342,227,2,0.07892638444900513,0.022395774722099304,0.8362687230110168
319,4851,22952,3,2,0.07869303226470947,0.02479690872132778,1.8283493518829346
320,4860,16808,1331,5,0.07939913123846054,0.022467339411377907,-0.4907946288585663
321,4868,20919,98,2,0.075213722884655,0.020381417125463486,0.9433881044387817
322,4876,570,1588,1,0.08097074180841446,0.019804075360298157,-1.0161361694335938
323,4879,19687,372,1,0.07764668017625809,0.02237561345100403,0.602965772151947
324,4880,297,974,3,0.07674366980791092,0.02082839608192444,-0.17278340458869934
325,4930,20891,697,4,0.0804363265633583,0.024848273023962975,0.23877686262130737
326,4952,305,92,2,0.07820212841033936,0.025857850909233093,1.152862787246704
327,4956,22425,171,3,0.07984369993209839,0.027618587017059326,0.9074001312255859
328,4965,15856,873,2,0.07780887186527252,0.020937640219926834,-0.07424122095108032
329,4972,12212,245,2,0.07599827647209167,0.023286353796720505,0.8195065855979919
330,4987,23014,200,6,0.08019810914993286,0.023818831890821457,0.9093424081802368
331,4990,4491,277,2,0.0822099894285202,0.02809979021549225,0.7786756157875061
332,5011,1040,4,4,0.07982683181762695,0.022261887788772583,3.1729788780212402
333,5022,16616,1392,1,0.08309512585401535,0.02187117002904415,-0.4556058943271637
334,5037,22686,1324,1,0.07541944831609726,0.02034422568976879,-0.3285186290740967
335,5041,18786,2,2,0.07589184492826462,0.020000994205474854,2.7202723026275635
336,5048,5287,187,2,0.07920216768980026,0.024166781455278397,0.8728955984115601
337,5058,23029,190,5,0.07791434228420258,0.02486821450293064,0.9167717695236206
338,5090,314,1375,2,0.07635387778282166,0.02301878295838833,-0.3851907253265381
339,5094,5262,1073,2,0.07665667682886124,0.021171709522604942,-0.13066858053207397
340,5107,16607,325,2,0.0778265967965126,0.02549067698419094,0.666006326675415
341,5125,2953,1476,2,0.08120272308588028,0.026781458407640457,-0.8136902451515198
342,5166,2022,38,5,0.0791439414024353,0.024205351248383522,1.2560651302337646
343,5171,4539,117,4,0.07882340997457504,0.02319982275366783,1.1559662818908691
344,5172,10659,1053,1,0.07899925112724304,0.023267779499292374,-0.08087444305419922
345,5180,12734,273,3,0.0779278427362442,0.02541603520512581,0.7437860369682312
346,5195,16859,92,4,0.0806012973189354,0.028598707169294357,1.176447868347168
347,5269,14214,877,3,0.08308735489845276,0.021881364285945892,0.04095575213432312
348,5270,23032,649,2,0.0793699100613594,0.022439390420913696,0.11962483078241348
349,5273,3929,1500,7,0.07718481868505478,0.025745492428541183,-0.7896361947059631
350,5288,4533,160,4,0.07893136143684387,0.02539706975221634,0.9746115803718567
351,5289,9866,501,2,0.08244786411523819,0.022461295127868652,0.32916226983070374
352,5298,21263,515,2,0.08327299356460571,0.022423140704631805,0.2904123067855835
353,5306,11733,356,6,0.07791036367416382,0.02511720545589924,0.5867453813552856
354,5335,15193,1406,3,0.07684092223644257,0.024219397455453873,-0.49785640835762024
355,5341,18920,116,2,0.07565020024776459,0.023227686062455177,1.1420477628707886
356,5347,22908,1263,3,0.07918012142181396,0.02089475840330124,-0.2839212417602539
357,5348,17019,1345,5,0.07892947643995285,0.020464593544602394,-0.481616348028183
358,5391,2046,1370,3,0.07842379808425903,0.023398110643029213,-0.504599928855896
359,5429,18642,675,1,0.07801462709903717,0.022595373913645744,0.20952348411083221
360,5431,21415,11,2,0.08021587133407593,0.027286946773529053,1.892371654510498
361,5433,21350,393,3,0.0779927596449852,0.022319370880723,0.42406779527664185
362,5447,21121,350,4,0.07647832483053207,0.02308651991188526,0.7065756320953369
363,5453,21942,11,10,0.08026780933141708,0.02324097976088524,2.0503311157226562
364,5488,349,776,2,0.08137573301792145,0.02316850796341896,0.02608795464038849
365,5496,5485,1402,3,0.07584305107593536,0.0205112025141716,-0.5118639469146729
366,5501,22928,1052,2,0.07800225913524628,0.018093053251504898,-0.0909704864025116
367,5533,23029,116,4,0.07893361151218414,0.026993874460458755,1.1746609210968018
368,5558,357,328,2,0.07597807794809341,0.02255668118596077,0.6878460049629211
369,5563,23003,985,2,0.07691249251365662,0.023912109434604645,-0.09840140491724014
370,5569,359,509,2,0.08081579953432083,0.021787453442811966,0.4443255662918091
371,5572,831,9,2,0.07615005224943161,0.02252797596156597,1.8705129623413086
372,5587,7310,297,2,0.07540023326873779,0.021438879892230034,0.6149035096168518
373,5591,12831,508,2,0.08228469640016556,0.02287071943283081,0.3388761579990387
374,5632,1570,1342,2,0.0782831683754921,0.024270206689834595,-0.4163494408130646
375,5636,11158,1405,2,0.07727312296628952,0.023094436153769493,-0.5652633905410767
376,5638,15975,549,4,0.0791168063879013,0.02643311396241188,0.40378373861312866
377,5644,3381,571,3,0.08004747331142426,0.027803268283605576,0.40380561351776123
378,5659,4885,1011,3,0.07914414256811142,0.024156978353857994,0.013980463147163391
379,5680,5491,1,7,0.07795479148626328,0.025483516976237297,3.098025321960449
380,5682,11701,222,3,0.08340761065483093,0.030833769589662552,0.923248291015625
381,5690,23023,6,2,0.07904734462499619,0.024304235354065895,2.12034273147583
382,5691,367,5,2,0.07747907936573029,0.02465778961777687,4.360344886779785
383,5694,11047,1181,2,0.0792912170290947,0.021163973957300186,-0.19825924932956696
384,5725,826,125,5,0.07955743372440338,0.029511407017707825,1.1697371006011963
385,5751,17113,1727,4,0.07830511778593063,0.020487211644649506,-1.5181201696395874
386,5770,17519,1316,6,0.07835381478071213,0.02356592006981373,-0.43051204085350037
387,5773,373,1333,3,0.07786968350410461,0.021335572004318237,-0.3820500373840332
388,5804,19030,53,2,0.07752320915460587,0.023520661517977715,1.4442158937454224
389,5820,15861,1084,2,0.07629580050706863,0.020786460489034653,-0.19519400596618652
390,5831,4767,731,3,0.07960246503353119,0.021347273141145706,0.09968037158250809
391,5843,3163,1114,2,0.07759545743465424,0.022617081180214882,-0.20686326920986176
392,5871,22809,6,5,0.07654824107885361,0.020988017320632935,3.483152151107788
393,5879,10160,814,2,0.0794934406876564,0.022139281034469604,0.1203833669424057
394,5892,19034,92,3,0.07559773325920105,0.02194177359342575,1.123014211654663
395,5957,2003,207,2,0.0783858597278595,0.022124892100691795,0.8340781927108765
396,5973,16592,482,2,0.0779353454709053,0.022375300526618958,0.407475084066391
397,6000,1247,374,2,0.07612214237451553,0.022400379180908203,0.5884588360786438
398,6033,14418,1,3,0.07949969172477722,0.024711016565561295,2.7079806327819824
399,6068,456,1653,3,0.08047818392515182,0.028427086770534515,-1.3268656730651855
400,6096,22704,1011,2,0.07922098785638809,0.02539203129708767,-0.060436785221099854
401,6100,23014,256,4,0.07651017606258392,0.019578054547309875,0.7242743372917175
402,6171,19227,968,2,0.07914866507053375,0.023614201694726944,-0.16086499392986298
403,6177,396,2,2,0.08081231266260147,0.03125357627868652,1.6513891220092773
404,6196,22533,961,2,0.0768185704946518,0.024124499410390854,0.048995330929756165
405,6252,21452,485,7,0.07622385025024414,0.023951498791575432,0.440212607383728
406,6259,5815,1745,1,0.0781409814953804,0.022668661549687386,-2.0321717262268066
407,6280,8586,422,4,0.07962613552808762,0.024870233610272408,0.47743088006973267
408,6283,21396,134,2,0.07805563509464264,0.02513618767261505,1.1750720739364624
409,6284,22217,89,5,0.07912467420101166,0.023094400763511658,1.2938921451568604
410,6289,2370,595,2,0.07857424020767212,0.023889321833848953,0.25513631105422974
411,6312,11927,1255,2,0.07640551030635834,0.022836359217762947,-0.253132164478302
412,6314,22299,567,2,0.07604650408029556,0.022734640166163445,0.35301727056503296
413,6360,20273,74,5,0.07527312636375427,0.020456388592720032,1.5657650232315063
414,6369,1274,1400,9,0.08004801720380783,0.019832300022244453,-0.5241388082504272
415,6404,5377,213,2,0.07977315038442612,0.026909271255135536,0.7530814409255981
416,6405,6219,1638,6,0.07768680155277252,0.023970331996679306,-1.0003983974456787
417,6407,3151,364,2,0.07549754530191422,0.023906540125608444,0.5916663408279419
418,6440,4196,39,2,0.0786062628030777,0.027768798172473907,1.846343994140625
419,6494,21436,410,2,0.08017759770154953,0.021374590694904327,0.5664955377578735
420,6509,14084,753,5,0.07888662070035934,0.027488823980093002,0.131140798330307
421,6539,16804,715,3,0.07955443859100342,0.02163001522421837,0.23784281313419342
422,6554,8775,700,2,0.07600308209657669,0.02343331091105938,0.1934177726507187
423,6595,21277,300,2,0.07636811584234238,0.02133817784488201,0.7096624374389648
424,6596,22347,782,5,0.07894552499055862,0.024048980325460434,0.16812816262245178
425,6619,22961,88,2,0.07994309067726135,0.027050714939832687,1.1292133331298828
426,6623,22657,378,2,0.0789283812046051,0.02670305036008358,0.6297343969345093
427,6631,1408,1761,3,0.07625185698270798,0.021727871149778366,-1.868795394897461
428,6666,21757,1014,3,0.07713872194290161,0.021642278879880905,-0.1866692751646042
429,6669,4536,96,2,0.07892291992902756,0.025728825479745865,1.2233600616455078
430,6686,23031,429,4,0.07750732451677322,0.023607168346643448,0.48231765627861023
431,6696,18186,1193,2,0.07814644277095795,0.024933263659477234,-0.24386081099510193
432,6697,21691,1094,4,0.08016175776720047,0.021030288189649582,-0.15943831205368042
433,6706,670,792,2,0.07655511051416397,0.021384678781032562,0.11413861811161041
434,6717,4566,577,7,0.07742404192686081,0.024739528074860573,0.4626336991786957
435,6729,21141,751,4,0.08005786687135696,0.023970142006874084,0.012289367616176605
436,6730,22000,206,2,0.07901425659656525,0.024797800928354263,0.9179139137268066
437,6739,22987,1025,8,0.0787995383143425,0.02213759534060955,-0.1251985877752304
438,6742,966,74,2,0.07864992320537567,0.026483818888664246,1.046467661857605
439,6750,451,176,2,0.07614919543266296,0.020202714949846268,0.8675318956375122
440,6760,12823,94,3,0.07527265697717667,0.020989298820495605,1.1386505365371704
441,6762,15814,681,5,0.07864215224981308,0.022967688739299774,0.2405938059091568
442,6766,4196,673,3,0.07910280674695969,0.027130138128995895,0.2995120882987976
443,6768,16613,913,2,0.07643984258174896,0.022199440747499466,0.09615879505872726
444,6770,22970,455,3,0.07898547500371933,0.024054180830717087,0.46108362078666687
445,6787,21758,205,5,0.07895774394273758,0.024932511150836945,0.8379246592521667
446,6804,21003,1,2,0.07929489016532898,0.027594471350312233,2.788437843322754
447,6820,458,1047,3,0.07995499670505524,0.02643398940563202,-0.2171248197555542
448,6838,22928,1330,6,0.0805472582578659,0.017919734120368958,-0.45645278692245483
449,6859,9462,89,2,0.07971259951591492,0.030411573126912117,1.45555579662323
450,6874,18842,456,5,0.07731204479932785,0.02040901780128479,0.4629653990268707
451,6878,1894,789,4,0.07907022535800934,0.022152196615934372,0.08707597851753235
452,6946,861,1257,4,0.08063340932130814,0.022043857723474503,-0.3393389582633972
453,6951,22861,326,2,0.0811958909034729,0.023270152509212494,0.7319217324256897
454,6967,20687,1766,2,0.07880282402038574,0.023909196257591248,-2.5215413570404053
455,6979,8252,372,5,0.07844988256692886,0.02513003721833229,0.6372586488723755
456,6990,23020,1451,3,0.07930942624807358,0.024408679455518723,-0.6854958534240723
457,7025,14372,1350,4,0.07974298298358917,0.024769192561507225,-0.47791004180908203
458,7042,23027,1678,4,0.0799887627363205,0.0234066192060709,-1.3225786685943604
459,7043,22961,1116,2,0.07905630022287369,0.02472718246281147,-0.13640137016773224
460,7047,2760,1291,3,0.0780538022518158,0.024561384692788124,-0.4345376491546631
461,7062,3315,132,3,0.07946125417947769,0.0294064749032259,1.0787053108215332
462,7064,14238,1549,2,0.07717238366603851,0.022019624710083008,-0.756209135055542
463,7092,13580,11,5,0.08032397925853729,0.02699081413447857,2.0755484104156494
464,7093,3163,1522,2,0.07873528450727463,0.023446425795555115,-0.9401520490646362
465,7094,483,1100,2,0.0784650519490242,0.025990024209022522,-0.09492585808038712
466,7095,4507,1,3,0.07674860954284668,0.02418876625597477,2.4928689002990723
467,7109,22682,40,8,0.07980632036924362,0.02411501854658127,1.4308459758758545
468,7110,21344,1559,2,0.07731976360082626,0.01988210529088974,-0.908794105052948
469,7120,22892,1484,7,0.07691197097301483,0.02568371593952179,-0.7480858564376831
470,7139,486,512,2,0.0792585164308548,0.028097227215766907,0.5741199254989624
471,7150,20658,392,2,0.08027708530426025,0.02504144422709942,0.5844746232032776
472,7151,9694,29,2,0.08296176791191101,0.03119697980582714,1.5267208814620972
473,7153,21966,923,3,0.07810835540294647,0.021894346922636032,0.006376929581165314
474,7166,17941,106,2,0.0785776898264885,0.025001399219036102,1.0672129392623901
475,7173,17099,283,4,0.0768134593963623,0.024002989754080772,0.8409651517868042
476,7176,5108,1626,2,0.07664866745471954,0.021252959966659546,-1.0490339994430542
477,7185,16344,390,9,0.07890387624502182,0.027586426585912704,0.6452198624610901
478,7187,22961,1304,3,0.07746125757694244,0.024157455191016197,-0.42300838232040405
479,7192,23025,1341,4,0.07773194462060928,0.024284224957227707,-0.42562514543533325
480,7214,622,377,3,0.0793328657746315,0.027695750817656517,0.586156964302063
481,7250,22442,1572,2,0.07839646935462952,0.02093539759516716,-0.9621602892875671
482,7260,22975,107,3,0.07965408265590668,0.0268193781375885,1.1653423309326172
483,7261,10331,377,2,0.07928434759378433,0.02224302664399147,0.5768319368362427
484,7262,17216,564,2,0.07889841496944427,0.024613460525870323,0.35614413022994995
485,7263,19389,191,8,0.07912552356719971,0.02376570738852024,0.9877827167510986
486,7264,497,1012,2,0.07755634933710098,0.021426711231470108,-0.06449633836746216
487,7271,17645,799,5,0.0793003961443901,0.023277005180716515,0.10877647995948792
488,7276,4557,1273,3,0.07518407702445984,0.019531168043613434,-0.24862322211265564
489,7303,22984,868,4,0.0799221396446228,0.025777850300073624,0.09232621639966965
490,7309,22112,111,3,0.07725466042757034,0.02464791014790535,1.1381725072860718
491,7311,13257,1665,3,0.08079265803098679,0.020288972184062004,-1.182260513305664
492,7312,12174,327,2,0.07887936383485794,0.024245087057352066,0.6891717314720154
493,7313,501,946,2,0.07529106736183167,0.02306167222559452,0.026886463165283203
494,7318,21593,572,4,0.07530730962753296,0.02051406353712082,0.28294849395751953
495,7352,5297,925,3,0.07974506914615631,0.026173604652285576,0.04025651514530182
496,7356,7203,1766,4,0.08022556453943253,0.024564415216445923,-2.0758519172668457
497,7364,18630,383,2,0.07816389203071594,0.02407095767557621,0.6371634602546692
498,7432,20547,806,6,0.07890645414590836,0.022323306649923325,0.034834105521440506
499,7453,18770,815,2,0.07766970992088318,0.023818757385015488,0.10415028035640717
500,7517,15006,11,2,0.08275118470191956,0.03376517444849014,1.327649474143982
501,7524,19608,356,2,0.07758886367082596,0.025020301342010498,0.5577633380889893
502,7541,5986,1288,2,0.07840065658092499,0.021892420947551727,-0.4138262867927551
503,7557,22237,1084,3,0.07711093872785568,0.023717453703284264,-0.07978960871696472
504,7576,21893,1354,3,0.07807634770870209,0.022070128470659256,-0.49018049240112305
505,7601,19460,838,2,0.07792407274246216,0.022286992520093918,0.13768425583839417
506,7609,20393,680,2,0.07858972251415253,0.024044079706072807,0.3046650290489197
507,7628,6261,228,3,0.0793573334813118,0.025683695450425148,0.8051477670669556
508,7638,22925,477,3,0.07783147692680359,0.023995086550712585,0.40985530614852905
509,7651,20792,426,3,0.07774630188941956,0.02464403584599495,0.5935319662094116
510,7657,13314,1007,3,0.07943274080753326,0.023504432290792465,-0.07340933382511139
511,7673,525,1665,2,0.07886820286512375,0.020141974091529846,-1.1490694284439087
512,7681,11990,1409,2,0.07594730705022812,0.02239350415766239,-0.4843285381793976
513,7682,10884,506,3,0.07681494951248169,0.026010483503341675,0.42522114515304565
514,7701,4599,54,2,0.07784616202116013,0.024051344022154808,1.341220736503601
515,7702,19110,40,10,0.07960017770528793,0.022717725485563278,1.4693994522094727
516,7707,17029,781,3,0.08016281574964523,0.021686464548110962,0.16450315713882446
517,7717,531,79,3,0.07672400772571564,0.020249666646122932,1.1236191987991333
518,7719,9220,1512,5,0.07758388668298721,0.022097567096352577,-0.6226629018783569
519,7765,536,50,5,0.07876969128847122,0.02742672525346279,1.3109418153762817
520,7813,13800,533,2,0.07731397449970245,0.02485167421400547,0.36611923575401306
521,7816,922,4,1,0.07969820499420166,0.027757517993450165,2.5654680728912354
522,7850,2246,121,3,0.07957326620817184,0.022328123450279236,1.1487566232681274
523,7883,22996,667,2,0.0790250301361084,0.026588646695017815,0.3181529641151428
524,7892,18744,162,4,0.08130565285682678,0.033375333994627,0.9613186120986938
525,7895,20027,1242,3,0.0754685178399086,0.02112659253180027,-0.3141922950744629
526,7916,6451,484,4,0.07902003079652786,0.027373043820261955,0.40606439113616943
527,7920,554,1024,2,0.0753566324710846,0.021586013957858086,0.02206718921661377
528,7928,3719,674,1,0.08212263882160187,0.02159251645207405,0.20776548981666565
529,7932,20472,1250,3,0.07872343808412552,0.02297794818878174,-0.34830567240715027
530,7960,21356,454,2,0.07656458765268326,0.021691903471946716,0.5368069410324097
531,7984,563,1626,2,0.07907199114561081,0.02474740892648697,-0.9364113807678223
532,7999,22938,815,2,0.07974924892187119,0.024441489949822426,0.10785332322120667
533,8025,23012,819,2,0.07692833989858627,0.02394186332821846,0.013413123786449432
534,8032,8090,19,2,0.07769043743610382,0.025323808193206787,2.021775007247925
535,8070,11984,1567,2,0.08052431792020798,0.0216908510774374,-0.9997256398200989
536,8075,20472,1095,2,0.0822334811091423,0.027029579505324364,-0.14147697389125824
537,8092,22911,1381,1,0.07893791049718857,0.02534763514995575,-0.6011301279067993
538,8101,20768,6,2,0.07663282006978989,0.02336111292243004,2.191357374191284
539,8111,20848,153,3,0.07636324316263199,0.022740356624126434,1.001439094543457
540,8118,14054,503,3,0.07886870205402374,0.023127460852265358,0.2510131597518921
541,8120,22645,1004,3,0.08009879291057587,0.025492753833532333,-0.09997545182704926
542,8132,2283,1463,6,0.07823710888624191,0.024296915158629417,-0.6395827531814575
543,8135,23014,20,9,0.07676968723535538,0.021246682852506638,1.7989521026611328
544,8136,11369,1066,5,0.07696948945522308,0.021286431699991226,-0.13903674483299255
545,8141,18429,405,1,0.08072677999734879,0.026384975761175156,0.5432027578353882
546,8148,20231,302,2,0.07654673606157303,0.0205429345369339,0.6269000172615051
547,8186,8354,1384,2,0.08051877468824387,0.021374959498643875,-0.46954619884490967
548,8226,12656,1,2,0.07897327840328217,0.028261497616767883,4.236401557922363
549,8247,21508,81,3,0.08012677729129791,0.026207849383354187,1.2956041097640991
550,8264,20985,784,2,0.08466721326112747,0.023375555872917175,-0.017537232488393784
551,8282,589,1721,5,0.07961916923522949,0.02815530076622963,-1.5478945970535278
552,8284,17142,118,7,0.07532224804162979,0.021122293546795845,1.091694951057434
553,8287,8397,546,2,0.07801003754138947,0.02512161061167717,0.44536393880844116
554,8294,22638,591,10,0.0789504125714302,0.021867703646421432,0.42023807764053345
555,8330,6011,401,3,0.0776069238781929,0.023131955415010452,0.5511388778686523
556,8338,9185,1204,3,0.07817494124174118,0.0231942106038332,-0.28336626291275024
557,8366,6235,943,4,0.07650743424892426,0.02251686155796051,-0.03933192044496536
558,8389,21098,1101,2,0.07817571610212326,0.024981964379549026,-0.16651061177253723
559,8398,1266,669,2,0.07795228809118271,0.025906244292855263,0.25701504945755005
560,8414,15635,779,7,0.08022490888834,0.021178927272558212,0.05110009014606476
561,8415,16409,298,2,0.08208711445331573,0.029028283432126045,0.7181297540664673
562,8423,8907,1320,3,0.07895093411207199,0.02523094043135643,-0.4963063895702362
563,8429,8970,370,2,0.07857543230056763,0.026048477739095688,0.6098398566246033
564,8440,2951,1585,3,0.0813860222697258,0.033004045486450195,-0.9686112403869629
565,8450,19333,918,2,0.07590460777282715,0.020679373294115067,0.028369225561618805
566,8498,22851,417,2,0.08006785809993744,0.02798398956656456,0.5527900457382202
567,8508,20768,773,2,0.07793794572353363,0.020351119339466095,0.11892760545015335
568,8511,20888,1756,2,0.07788637280464172,0.022602038457989693,-2.295111656188965
569,8577,7310,252,10,0.07737948000431061,0.021880969405174255,0.667262077331543
570,8583,9039,473,2,0.07814836502075195,0.023867908865213394,0.3879931569099426
571,8629,16159,160,6,0.07921884953975677,0.024360882118344307,1.0600277185440063
572,8652,12607,422,3,0.07882802933454514,0.022182926535606384,0.47816866636276245
573,8684,17811,86,5,0.07673202455043793,0.020675547420978546,1.1680562496185303
574,8686,9302,1583,2,0.07512497901916504,0.021287836134433746,-0.9635133743286133
575,8707,628,957,7,0.07886309176683426,0.02302858605980873,-0.10312575846910477
576,8711,23030,1774,3,0.07703037559986115,0.02357720024883747,-2.492116689682007
577,8745,632,1735,3,0.07990043610334396,0.025113463401794434,-1.5778931379318237
578,8770,10027,644,3,0.07661156356334686,0.02131669968366623,0.25238102674484253
579,8771,635,1594,2,0.08034522831439972,0.02060484141111374,-0.9649319648742676
580,8777,22273,1378,2,0.07905512303113937,0.02635643631219864,-0.45166441798210144
581,8793,20471,141,2,0.07975925505161285,0.02551203779876232,0.9766134023666382
582,8805,9231,1011,2,0.07826124131679535,0.022928692400455475,-0.1079353392124176
583,8825,16607,1654,2,0.07381685078144073,0.019709233194589615,-1.104293942451477
584,8834,21996,855,3,0.07971015572547913,0.023616457358002663,0.03621426969766617
585,8843,7077,511,2,0.07498791813850403,0.019932763651013374,0.39469271898269653
586,8899,23009,1040,4,0.07829318195581436,0.022799912840127945,-0.13684552907943726
587,8904,12639,883,3,0.07854391634464264,0.024525513872504234,0.07973894476890564
588,8918,1629,1731,2,0.08375198394060135,0.021232236176729202,-1.4444760084152222
589,8961,8624,236,3,0.0796712264418602,0.025361448526382446,0.870951771736145
590,9006,14115,701,2,0.07827509939670563,0.02230966091156006,0.19559182226657867
591,9014,6569,40,5,0.07815959304571152,0.020226579159498215,1.3729748725891113
592,9015,13400,191,3,0.07534480094909668,0.020263560116291046,0.7691556215286255
593,9019,16384,1364,2,0.07909291982650757,0.024341627955436707,-0.5415499806404114
594,9029,22154,708,5,0.07983171194791794,0.025649791583418846,0.20720577239990234
595,9046,6535,275,4,0.0771525427699089,0.02098654955625534,0.7817146182060242
596,9059,16893,205,3,0.08123835921287537,0.029922133311629295,0.9151747226715088
597,9094,4491,355,5,0.07941263914108276,0.025718411430716515,0.6579235196113586
598,9095,21833,200,3,0.07818522304296494,0.026189837604761124,0.8679571747779846
599,9108,653,321,3,0.07960089296102524,0.023985739797353745,0.6677794456481934
600,9115,22446,903,3,0.07815336436033249,0.025837037712335587,-0.10910329222679138
601,9135,694,1698,2,0.07797640562057495,0.021464787423610687,-1.6378024816513062
602,9195,21241,1015,1,0.08164411783218384,0.021981131285429,-0.14855815470218658
603,9207,20180,1290,3,0.07928629219532013,0.023142699152231216,-0.4108431339263916
604,9225,21613,700,2,0.08081189543008804,0.024019375443458557,0.19157640635967255
605,9236,6797,521,2,0.07896802574396133,0.023557506501674652,0.38670510053634644
606,9251,18477,1770,2,0.07819831371307373,0.02359311655163765,-2.314457416534424
607,9257,22970,15,2,0.07859892398118973,0.02443590760231018,1.444634199142456
608,9258,19494,145,5,0.07847326248884201,0.027021335437893867,0.9537411332130432
609,9294,8707,1594,2,0.07646597176790237,0.020086443051695824,-0.8296817541122437
610,9302,6191,99,2,0.07771312445402145,0.02573608234524727,1.1819088459014893
611,9315,675,1076,2,0.07845865190029144,0.022965211421251297,-0.20081838965415955
612,9324,675,7,3,0.07760564982891083,0.02175643853843212,2.0427918434143066
613,9331,17519,1639,2,0.07773103564977646,0.022265449166297913,-0.8433192372322083
614,9357,20745,564,3,0.07687544822692871,0.02317601442337036,0.3199709355831146
615,9379,9495,1557,2,0.08069238811731339,0.02559322863817215,-0.7239603996276855
616,9397,680,56,2,0.0759606808423996,0.020340893417596817,1.3314712047576904
617,9398,7799,1083,2,0.08251392096281052,0.02299978956580162,-0.19061483442783356
618,9411,17237,883,2,0.08066660910844803,0.025893250480294228,0.008102014660835266
619,9415,22853,78,2,0.07893959432840347,0.02265346609055996,1.5755807161331177
620,9448,20143,1366,4,0.078071728348732,0.024348920211195946,-0.46681076288223267
621,9458,2026,280,2,0.07980649918317795,0.026075197383761406,0.7749680280685425
622,9468,21350,21,2,0.08336048573255539,0.03361037001013756,1.3737366199493408
623,9483,22844,843,7,0.07760307937860489,0.023302767425775528,0.14560379087924957
624,9512,10085,435,2,0.07720247656106949,0.022627664729952812,0.5560466647148132
625,9513,12401,264,2,0.07758362591266632,0.02497699111700058,0.7466309666633606
626,9544,23002,1072,4,0.07887779921293259,0.0232138279825449,-0.13696736097335815
627,9555,14053,1,1,0.08255010098218918,0.02695324271917343,3.0943703651428223
628,9562,15862,1156,3,0.07963551580905914,0.023685693740844727,-0.19740237295627594
629,9591,5987,336,9,0.07861935347318649,0.022739483043551445,0.7044222354888916
630,9604,21982,405,6,0.08082297444343567,0.0226594228297472,0.5293207168579102
631,9669,3956,205,2,0.08296863734722137,0.032192155718803406,0.9493027329444885
632,9697,712,2,2,0.0822562649846077,0.030898237600922585,1.972083568572998
633,9733,712,21,2,0.08142288774251938,0.0300802793353796,1.2553237676620483
634,9773,7373,88,3,0.07987555116415024,0.027867861092090607,1.3161221742630005
635,9814,21711,740,3,0.07749190181493759,0.02098379097878933,0.1421157568693161
636,9828,22812,484,2,0.07844158262014389,0.02154286950826645,0.3148116171360016
637,9830,22739,400,3,0.07731501758098602,0.024923736229538918,0.5085471272468567
638,9874,14417,117,2,0.07819163054227829,0.024006888270378113,1.0362613201141357
639,9883,18076,860,2,0.07785826921463013,0.0275899488478899,0.0690872073173523
640,9885,4907,1295,2,0.07644925266504288,0.022589081898331642,-0.3383620083332062
641,9917,2668,13,6,0.08179383724927902,0.029282791540026665,1.7514140605926514
642,9921,22889,505,3,0.07823387533426285,0.024464918300509453,0.38287144899368286
643,9928,720,290,2,0.07904991507530212,0.026179227977991104,0.7589377164840698
644,9929,4725,700,2,0.07736801356077194,0.023421794176101685,0.306434690952301
645,9931,21491,160,2,0.07997944951057434,0.029545631259679794,1.0440953969955444
646,9943,22998,777,3,0.0780605599284172,0.02282978594303131,0.14901025593280792
647,9969,4603,533,2,0.07961590588092804,0.030491776764392853,0.4154225289821625
648,9973,14084,1272,2,0.07530385255813599,0.02024729549884796,-0.2899512052536011
649,9993,9879,299,2,0.07634342461824417,0.021841194480657578,0.677376925945282
650,10009,9313,187,4,0.07781527191400528,0.02410750649869442,0.7973323464393616
651,10028,6969,229,1,0.08099868148565292,0.024418212473392487,0.8556622862815857
652,10050,15381,733,3,0.0805969312787056,0.024877462536096573,0.14538197219371796
653,10106,21803,656,4,0.0785943865776062,0.02377500757575035,0.22207798063755035
654,10118,3611,8,3,0.0787796899676323,0.027608726173639297,2.459129810333252
655,10156,3434,3,2,0.08033574372529984,0.030717767775058746,2.4933886528015137
656,10173,6235,1463,2,0.07867825031280518,0.023713141679763794,-0.7251098155975342
657,10186,7338,98,2,0.07493990659713745,0.021941207349300385,1.224402666091919
658,10216,7524,1657,2,0.0795346349477768,0.021037913858890533,-1.250176191329956
659,10239,2844,566,2,0.07941673696041107,0.025613563135266304,0.3732661008834839
660,10258,22552,1528,4,0.07880520820617676,0.025676049292087555,-0.7029842138290405
661,10275,16108,372,3,0.08137648552656174,0.022080931812524796,0.6581056714057922
662,10280,7809,736,2,0.07762231677770615,0.024372471496462822,0.20154225826263428
663,10307,10059,1379,2,0.0776110291481018,0.02141980081796646,-0.48211807012557983
664,10315,741,375,3,0.07866057753562927,0.02479347214102745,0.5931399464607239
665,10327,14451,835,3,0.08070282638072968,0.020420635119080544,0.03157810866832733
666,10344,3083,1387,2,0.0797995999455452,0.022985287010669708,-0.4904797673225403
667,10383,22133,209,4,0.07589845359325409,0.022855665534734726,0.7916065454483032
668,10390,23009,1732,2,0.07829847931861877,0.021863888949155807,-1.9989850521087646
669,10430,1616,1060,1,0.08039017766714096,0.02812333032488823,-0.05910611152648926
670,10440,12335,26,3,0.0774628221988678,0.026925697922706604,1.5958776473999023
671,10467,3718,46,5,0.07789642363786697,0.025057353079319,1.2560818195343018
672,10471,12192,164,3,0.08096308261156082,0.029378371313214302,0.975452184677124
673,10481,8466,137,2,0.07806448638439178,0.023493096232414246,1.1641149520874023
674,10523,22773,978,3,0.08007925003767014,0.023242851719260216,-0.06672808527946472
675,10526,11477,212,4,0.07983728498220444,0.023573046550154686,1.025278925895691
676,10550,16962,195,8,0.08140727132558823,0.02580179274082184,1.0278831720352173
677,10664,20477,8,6,0.07788204401731491,0.024747952818870544,2.129117727279663
678,10680,18021,1637,4,0.08182156831026077,0.02077549695968628,-1.2219475507736206
679,10718,22052,999,2,0.07911179959774017,0.022384747862815857,-0.05820126086473465
680,10725,767,1684,2,0.07966119796037674,0.021027125418186188,-1.037392497062683
681,10734,2579,1150,5,0.07738734781742096,0.02324684150516987,-0.2681247591972351
682,10743,8637,669,2,0.07836397737264633,0.024064593017101288,0.18322408199310303
683,10746,9206,11,4,0.07861059904098511,0.024276599287986755,1.873454213142395
684,10749,10049,1074,3,0.07850099354982376,0.022699078544974327,-0.12528817355632782
685,10760,16404,547,2,0.07929172366857529,0.02514652907848358,0.37563300132751465
686,10782,22979,842,5,0.07970325648784637,0.028916265815496445,0.08123427629470825
687,10787,22807,867,5,0.0793747529387474,0.023101847618818283,0.08155554533004761
688,10808,10068,798,2,0.08028319478034973,0.022207295522093773,0.08205587416887283
689,10830,8336,1156,2,0.07936970889568329,0.022115670144557953,-0.2031082808971405
690,10835,3990,252,2,0.080830879509449,0.025973215699195862,0.8288953900337219
691,10836,17962,15,2,0.07814580947160721,0.027173472568392754,1.628732442855835
692,10846,782,485,5,0.0779954195022583,0.02197001874446869,0.4030943512916565
693,10848,19423,1570,2,0.07960914820432663,0.01966974325478077,-0.9953760504722595
694,10871,21691,2,4,0.08267533034086227,0.030195079743862152,1.5802943706512451
695,10918,17814,901,2,0.08183499425649643,0.0197756364941597,-0.10480616241693497
696,10942,21366,1371,1,0.07960889488458633,0.020188137888908386,-0.5924206376075745
697,10949,14358,659,3,0.07991596311330795,0.022735420614480972,0.34258678555488586
698,10951,20348,1253,5,0.07965671271085739,0.031143730506300926,-0.2857109308242798
699,10960,11420,1114,2,0.07960571348667145,0.022168215364217758,-0.19181837141513824
700,10966,4231,1,2,0.08071952313184738,0.029175076633691788,4.072766304016113
701,10973,4645,1319,3,0.07925358414649963,0.023400092497467995,-0.4173392057418823
702,10985,22929,174,3,0.07752162963151932,0.025859639048576355,0.8483647108078003
703,10991,12956,691,2,0.07923348248004913,0.024241778999567032,0.20281991362571716
704,11042,20979,325,2,0.07929682731628418,0.028001006692647934,0.6876534223556519
705,11045,16829,288,3,0.0799020454287529,0.027387458831071854,0.7469209432601929
706,11046,22076,869,2,0.07831598073244095,0.02006479538977146,0.007821999490261078
707,11054,22874,853,2,0.07781248539686203,0.02640984207391739,0.10642048716545105
708,11076,4643,1291,2,0.0786825492978096,0.022470416501164436,-0.3733729124069214
709,11077,14417,101,6,0.07805866748094559,0.02331485226750374,1.0442016124725342
710,11082,10900,643,2,0.07813751697540283,0.02140427939593792,0.1956101953983307
711,11100,12830,32,2,0.07800649106502533,0.02554844133555889,1.6615111827850342
712,11116,18339,289,4,0.07855794578790665,0.025054682046175003,0.7187864780426025
713,11125,805,1415,5,0.07630183547735214,0.022012360394001007,-0.5260697603225708
714,11126,805,782,3,0.07821742445230484,0.02477528527379036,0.16426867246627808
715,11128,16156,3,3,0.08010583370923996,0.027028843760490417,2.661634683609009
716,11129,15001,503,3,0.0778498575091362,0.023825790733098984,0.4479312002658844
717,11132,20734,195,4,0.07580675184726715,0.021398134529590607,0.8273316025733948
718,11153,22572,16,3,0.07874596118927002,0.026304246857762337,1.995740294456482
719,11168,20913,576,2,0.07996094226837158,0.02645561285316944,0.3855873644351959
720,11181,22575,824,1,0.07920258492231369,0.02085844613611698,0.01170659065246582
721,11190,1660,931,5,0.07921279221773148,0.02526562474668026,0.015557453036308289
722,11197,22922,363,2,0.07788362354040146,0.024834956973791122,0.6063550710678101
723,11199,17410,251,2,0.07564373314380646,0.020574335008859634,0.7160496711730957
724,11201,3484,451,4,0.07886732369661331,0.027072856202721596,0.5114389061927795
725,11204,17717,61,4,0.07527948170900345,0.020167436450719833,1.5174301862716675
726,11211,12306,498,2,0.07989510148763657,0.02608546055853367,0.47617459297180176
727,11284,2046,58,5,0.07822836935520172,0.02580386772751808,2.037290573120117
728,11301,21337,233,5,0.0795099213719368,0.025603491812944412,0.7831052541732788
729,11316,22549,898,6,0.0812765583395958,0.023446520790457726,-0.02305009961128235
730,11322,22965,291,5,0.07813246548175812,0.023282580077648163,0.6756935119628906
731,11324,23021,762,2,0.07694435864686966,0.022527724504470825,0.06921124458312988
732,11337,18244,738,10,0.07862059772014618,0.022386642172932625,0.053905121982097626
733,11364,23024,597,4,0.07565046846866608,0.021805666387081146,0.3203094005584717
734,11365,22964,185,2,0.077100470662117,0.02207104116678238,0.9065683484077454
735,11376,16220,1426,1,0.08344053477048874,0.022663161158561707,-0.6361149549484253
736,11392,21951,517,5,0.07879263162612915,0.02352631464600563,0.38870877027511597
737,11407,18272,106,2,0.08089999109506607,0.02945009432733059,1.0672078132629395
738,11418,10838,24,4,0.0777665227651596,0.024235406890511513,1.9381778240203857
739,11450,3637,649,2,0.07837390899658203,0.025883328169584274,0.30953851342201233
740,11460,9725,221,2,0.0756966769695282,0.021036585792899132,0.8011583089828491
741,11461,1402,502,8,0.07873953878879547,0.023220200091600418,0.4740937054157257
742,11482,6293,88,2,0.08098112791776657,0.025553235784173012,1.0920366048812866
743,11505,22004,1146,2,0.08073500543832779,0.02285647578537464,-0.21685177087783813
744,11520,3369,1198,4,0.07798312604427338,0.024783330038189888,-0.3229514956474304
745,11530,20302,1516,2,0.07805009186267853,0.022111419588327408,-0.7832982540130615
746,11584,10780,36,3,0.077614426612854,0.023889467120170593,1.6929125785827637
747,11598,13669,224,2,0.07846175134181976,0.022952795028686523,0.8188639283180237
748,11604,4761,490,6,0.0794605016708374,0.02482987940311432,0.4368734359741211
749,11619,22835,737,3,0.07907497137784958,0.02265157550573349,0.2156260907649994
750,11620,22688,946,3,0.07824051380157471,0.0256454236805439,-0.01754450798034668
751,11626,2060,572,7,0.07804962992668152,0.023446470499038696,0.28263771533966064
752,11636,866,532,7,0.07731984555721283,0.025591067969799042,0.5251379609107971
753,11641,21411,350,3,0.07708679139614105,0.02122967690229416,0.6240185499191284
754,11643,868,1,2,0.07887794077396393,0.028254089877009392,4.088446617126465
755,11698,875,1464,2,0.07735977321863174,0.02444539964199066,-0.6872347593307495
756,11702,9775,1707,2,0.08135305345058441,0.02040860615670681,-1.3646056652069092
757,11710,22896,627,9,0.07935493439435959,0.026691963896155357,0.27915245294570923
758,11757,23008,387,2,0.07797592133283615,0.0253877155482769,0.6716630458831787
759,11758,22929,999,3,0.07882818579673767,0.026326697319746017,-0.04671478271484375
760,11815,889,1041,4,0.07835087180137634,0.02686845138669014,-0.050079185515642166
761,11829,21350,451,6,0.07653757184743881,0.02192050963640213,0.4311477541923523
762,11867,22414,221,10,0.07952068001031876,0.022099807858467102,0.8441741466522217
763,11877,16189,1482,3,0.07827979326248169,0.02415568009018898,-0.6680367588996887
764,11883,19222,1247,2,0.07753545790910721,0.024807605892419815,-0.2787075638771057
765,11891,6019,323,2,0.0791119784116745,0.02393532358109951,0.7639967203140259
766,11899,22645,93,3,0.07783093303442001,0.023808516561985016,1.004832148551941
767,11901,15883,1678,2,0.07900536805391312,0.022121388465166092,-1.3244684934616089
768,11918,16348,1243,2,0.07615550607442856,0.020520292222499847,-0.35614144802093506
769,11930,22329,133,2,0.07929538190364838,0.02195841819047928,1.0803142786026
770,11957,15869,390,2,0.07765495777130127,0.024589473381638527,0.6020267009735107
771,11962,9376,1565,2,0.0795871838927269,0.025645852088928223,-0.8922152519226074
772,12053,5138,374,2,0.07840342819690704,0.02351352572441101,0.5500419735908508
773,12084,22594,633,3,0.07895343005657196,0.02364363521337509,0.3457043766975403
774,12095,15826,1319,3,0.07911078631877899,0.022517886012792587,-0.3764987587928772
775,12161,18367,1452,2,0.07796790450811386,0.02545463852584362,-0.6368846893310547
776,12172,11479,116,2,0.0810999646782875,0.02612682431936264,1.0295910835266113
777,12189,12118,118,4,0.07730572670698166,0.023464243859052658,0.9098334908485413
778,12203,6636,1,3,0.0790078341960907,0.02434941753745079,2.661640167236328
779,12208,1901,1219,2,0.07844706624746323,0.021300744265317917,-0.30673515796661377
780,12266,2817,704,1,0.07926332205533981,0.02095717564225197,0.09294416010379791
781,12274,12740,1153,1,0.0795082226395607,0.025987768545746803,-0.12508171796798706
782,12276,15826,1102,3,0.07843419909477234,0.022246014326810837,-0.13656742870807648
783,12292,21992,1581,3,0.07611064612865448,0.020680353045463562,-0.8953606486320496
784,12319,3793,43,2,0.07871019840240479,0.02579575777053833,1.1377453804016113
785,12320,10591,499,2,0.07922282814979553,0.024818744510412216,0.4656759798526764
786,12324,2055,1765,2,0.0792999267578125,0.020832756534218788,-1.5735280513763428
787,12329,21624,16,3,0.07876367121934891,0.025201253592967987,1.5707204341888428
788,12337,22183,888,3,0.07893282175064087,0.020097795873880386,-0.013768786564469337
789,12340,4813,312,2,0.08133740723133087,0.03020726516842842,0.7277108430862427
790,12361,17859,430,2,0.08021031320095062,0.0231547262519598,0.6206128001213074
791,12401,2178,800,3,0.07888119667768478,0.022998100146651268,0.10388226062059402
792,12432,966,1378,2,0.0776582732796669,0.020291276276111603,-0.4374944567680359
793,12434,966,183,3,0.07963800430297852,0.026110665872693062,0.8921128511428833
794,12466,21826,99,2,0.07744425535202026,0.022625941783189774,1.1626120805740356
795,12545,21345,746,3,0.08002886176109314,0.02263607084751129,0.05793476104736328
796,12575,23002,330,4,0.07678541541099548,0.02363011986017227,0.6702314019203186
797,12579,16883,105,2,0.0799318253993988,0.02699405327439308,0.9824762344360352
798,12598,11991,63,2,0.07874662429094315,0.026889631524682045,1.462641954421997
799,12623,22004,221,3,0.08087018132209778,0.028554927557706833,0.9623454809188843
800,12624,21826,35,3,0.07835694402456284,0.021808430552482605,1.371155023574829
801,12635,9590,235,2,0.07724342495203018,0.023021826520562172,0.7968906164169312
802,12661,2706,251,2,0.07686832547187805,0.024424919858574867,0.8668733835220337
803,12683,10843,602,4,0.07580771297216415,0.02100907824933529,0.23240822553634644
804,12723,4262,11,4,0.07972676306962967,0.029639843851327896,2.968484878540039
805,12750,10918,570,4,0.07688389718532562,0.02003839984536171,0.37195542454719543
806,12796,14657,353,3,0.0789099931716919,0.023107068613171577,0.5972620248794556
807,12799,3913,1393,2,0.08120162039995193,0.01917567476630211,-0.48019346594810486
808,12802,22591,493,3,0.07839498668909073,0.02408469282090664,0.4120824933052063
809,12844,22228,608,4,0.07864117622375488,0.024196889251470566,0.21677371859550476
810,12854,21115,52,3,0.07949262112379074,0.025701116770505905,1.2140907049179077
811,12856,6053,609,2,0.08077181875705719,0.027185216546058655,0.36079779267311096
812,12857,21956,865,3,0.07861966639757156,0.02498088963329792,0.10605805367231369
813,12868,14224,166,2,0.07796310633420944,0.02553606405854225,0.8618887662887573
814,12900,15861,1722,7,0.07659557461738586,0.021715251728892326,-1.5955511331558228
815,12904,22903,595,4,0.07678370922803879,0.02303212881088257,0.2475690245628357
816,12916,8381,53,3,0.07949543744325638,0.02627696469426155,1.3361541032791138
817,12941,20283,102,1,0.07663091272115707,0.02287423238158226,1.0950371026992798
818,12949,13473,368,2,0.08039506524801254,0.026457209140062332,0.6398369073867798
819,12953,22874,1644,2,0.07995127141475677,0.02761632576584816,-0.887842059135437
820,12976,10661,1276,1,0.08164191991090775,0.020824383944272995,-0.4167218506336212
821,12983,22596,119,1,0.08035501837730408,0.021831436082720757,0.9986669421195984
822,13052,21735,59,7,0.07660561054944992,0.024643324315547943,1.2138338088989258
823,13054,22084,803,2,0.08249212056398392,0.025543373078107834,0.10456791520118713
824,13056,3054,1098,2,0.07710056006908417,0.020598940551280975,-0.16911785304546356
825,13069,21568,1003,1,0.08484578877687454,0.02158939465880394,-0.10128277540206909
826,13081,4534,81,6,0.08011851459741592,0.02634633332490921,1.406205177307129
827,13098,6456,1666,1,0.08161154389381409,0.02263885736465454,-1.328271508216858
828,13162,19176,13,5,0.07971767336130142,0.029079915955662727,2.2144863605499268
829,13173,6513,1015,3,0.0800701454281807,0.024348270148038864,-0.15633076429367065
830,13211,8974,26,2,0.08376596868038177,0.033346522599458694,1.4471662044525146
831,13232,14477,1,3,0.07907722145318985,0.02601902186870575,3.02699613571167
832,13235,1051,1181,4,0.0762161836028099,0.021137801930308342,-0.16014713048934937
833,13264,19626,28,3,0.08188009262084961,0.029001161456108093,1.3303369283676147
834,13300,13760,497,2,0.0780336931347847,0.024107303470373154,0.35752472281455994
835,13310,3532,1268,2,0.07912428677082062,0.024240026250481606,-0.41889336705207825
836,13342,22636,1660,2,0.07844015210866928,0.024426043033599854,-0.9770597219467163
837,13372,2386,35,4,0.07499602437019348,0.019704045727849007,1.7850000858306885
838,13392,22931,59,3,0.07478037476539612,0.020582176744937897,1.586117148399353
839,13404,11017,1321,3,0.07761332392692566,0.023340489715337753,-0.49528050422668457
840,13410,1081,273,2,0.07818111032247543,0.01938537135720253,0.7012503147125244
841,13424,11846,1662,2,0.07883137464523315,0.026274267584085464,-0.851347029209137
842,13434,8784,654,2,0.0798572525382042,0.025495745241642,0.31715837121009827
843,13472,8248,435,1,0.07829290628433228,0.023453786969184875,0.554019033908844
844,13560,23005,518,2,0.07912556082010269,0.023981258273124695,0.29421332478523254
845,13566,22482,1626,3,0.07835400849580765,0.022754203528165817,-0.8513611555099487
846,13570,22344,136,5,0.07934971153736115,0.02501884661614895,0.9325144290924072
847,13604,7196,122,2,0.08018341660499573,0.028755605220794678,1.074673056602478
848,13610,1101,1159,2,0.07914989441633224,0.017789673060178757,-0.25960928201675415
849,13612,16633,2,2,0.08379898220300674,0.03455916419625282,2.064634323120117
850,13616,9608,501,3,0.07702793180942535,0.021170392632484436,0.3726944923400879
851,13643,5042,834,2,0.07745342701673508,0.02177675999701023,0.13238944113254547
852,13665,1110,490,1,0.08041193336248398,0.027088796719908714,0.572777509689331
853,13669,6031,1708,3,0.07971550524234772,0.02357380837202072,-1.3449822664260864
854,13681,22205,209,4,0.07634321600198746,0.019841033965349197,0.8267372846603394
855,13739,20995,1,3,0.07912129908800125,0.02657872997224331,2.3955297470092773
856,13741,10037,1450,2,0.07528471201658249,0.021128738299012184,-0.6063562035560608
857,13744,22019,280,2,0.07766887545585632,0.02155436761677265,0.7434242963790894
858,13769,1119,723,2,0.07654842734336853,0.021019108593463898,0.16554078459739685
859,13793,11213,1388,2,0.08182211220264435,0.02095598541200161,-0.4646071791648865
860,13795,1121,962,2,0.08010634779930115,0.021513884887099266,-0.028844434767961502
861,13813,10470,1,2,0.07968667149543762,0.02653304859995842,2.9366321563720703
862,13839,19825,202,2,0.07981753349304199,0.023812036961317062,0.8982614874839783
863,13845,1128,423,2,0.08071550726890564,0.025157341733574867,0.46923843026161194
864,13854,6055,1769,4,0.07663750648498535,0.020900841802358627,-1.9698481559753418
865,13863,13556,157,8,0.08209182322025299,0.028209373354911804,0.9469130039215088
866,13913,20722,1488,2,0.07860641926527023,0.02392709255218506,-0.7388883829116821
867,13928,22364,793,2,0.07881581038236618,0.024185754358768463,0.045815907418727875
868,13940,9838,271,3,0.0813673809170723,0.030123747885227203,0.7930824160575867
869,13977,22144,437,2,0.08196654915809631,0.029784707352519035,0.5869916677474976
870,13984,18104,1256,1,0.08035691827535629,0.022873498499393463,-0.37528184056282043
871,14027,21334,274,3,0.0793934315443039,0.02514469251036644,0.7872534394264221
872,14029,17916,1746,3,0.07931526005268097,0.021696314215660095,-1.9889899492263794
873,14053,18029,389,1,0.07607341557741165,0.021085597574710846,0.5521998405456543
874,14085,22559,1523,2,0.0773080587387085,0.02125958353281021,-0.6656561493873596
875,14090,5101,192,2,0.07782083004713058,0.02545873448252678,0.9324731230735779
876,14138,4164,637,3,0.07821546494960785,0.022596195340156555,0.15861542522907257
877,14176,12299,48,3,0.07700598239898682,0.02400965802371502,1.3161864280700684
878,14179,8348,26,2,0.08179326355457306,0.029879188165068626,1.4614671468734741
879,14190,19857,395,4,0.07961181551218033,0.029376540333032608,0.5812865495681763
880,14195,3768,154,2,0.08092895895242691,0.0289798341691494,0.9331601858139038
881,14225,1336,1694,3,0.07832904160022736,0.022482434287667274,-1.2762324810028076
882,14243,8075,1485,1,0.07791537046432495,0.02278919145464897,-0.6683388948440552
883,14261,17187,586,1,0.08243484795093536,0.024950474500656128,0.22203348577022552
884,14275,20322,1489,4,0.07959194481372833,0.02413911372423172,-0.6043151021003723
885,14292,19717,526,2,0.0817795842885971,0.022887207567691803,0.34511780738830566
886,14322,10141,1242,2,0.07822718471288681,0.02319033443927765,-0.35026225447654724
887,14336,2357,266,2,0.07772315293550491,0.022565539926290512,0.7310975790023804
888,14339,6211,1605,2,0.08001770079135895,0.02381155639886856,-0.9858292937278748
889,14342,8840,362,3,0.07844720035791397,0.025066576898097992,0.6415296792984009
890,14347,21170,1221,2,0.0767810046672821,0.024053964763879776,-0.3266564607620239
891,14370,13085,980,2,0.07893554121255875,0.023752758279442787,-0.08010946214199066
892,14376,10594,1460,3,0.07949855178594589,0.023562729358673096,-0.6156145334243774
893,14401,1216,1769,3,0.07632659375667572,0.01953596994280815,-1.8954695463180542
894,14410,9287,26,3,0.07766991853713989,0.025904228910803795,2.3200290203094482
895,14451,11213,89,2,0.07924867421388626,0.028387537226080894,1.4169182777404785
896,14453,2391,104,10,0.07881081849336624,0.02433062344789505,1.1688683032989502
897,14462,17469,847,1,0.08068063110113144,0.02758028358221054,0.18614840507507324
898,14477,21873,144,4,0.0793922021985054,0.027563925832509995,1.0954101085662842
899,14484,20043,778,5,0.07908815890550613,0.021598372608423233,0.1487048864364624
900,14492,19160,853,2,0.0761507898569107,0.020026810467243195,0.11664433777332306
901,14572,9115,194,4,0.07722389698028564,0.020364131778478622,0.8453021049499512
902,14596,15381,670,3,0.07870341837406158,0.023424958810210228,0.17015573382377625
903,14610,1356,499,3,0.07906748354434967,0.02658093348145485,0.4115005135536194
904,14642,8763,508,2,0.07846647500991821,0.023891322314739227,0.44566810131073
905,14643,19504,3,2,0.07896412909030914,0.026022586971521378,2.8697216510772705
906,14651,1236,1021,2,0.0789751410484314,0.021467575803399086,-0.10336557775735855
907,14653,21776,682,2,0.0781124010682106,0.023574236780405045,0.2397233247756958
908,14670,20283,715,2,0.0797441378235817,0.026713013648986816,0.20379021763801575
909,14686,14727,1110,4,0.07869932055473328,0.022962389513850212,-0.18587379157543182
910,14704,21350,94,3,0.07901600748300552,0.026116829365491867,1.096726655960083
911,14732,1250,1378,3,0.07600750029087067,0.02166645973920822,-0.4777151942253113
912,14763,18116,700,4,0.07873287051916122,0.023133840411901474,0.12922303378582
913,14781,22623,702,2,0.07856404781341553,0.02168324589729309,0.2543255090713501
914,14785,1255,1471,2,0.07973372936248779,0.020722053945064545,-0.6273717880249023
915,14831,1259,1343,2,0.08048433810472488,0.03397377207875252,-0.49984505772590637
916,14838,20098,20,1,0.08016683906316757,0.027973316609859467,2.0243663787841797
917,14850,2417,1643,3,0.0779721662402153,0.023310447111725807,-0.8792011737823486
918,14876,7053,191,2,0.0768248587846756,0.024903619661927223,0.8565117120742798
919,14889,20355,254,3,0.0802144855260849,0.024272695183753967,0.8103902339935303
920,14892,15985,259,2,0.07985606044530869,0.027706533670425415,0.7698010206222534
921,14913,21489,1184,2,0.07824214547872543,0.023598767817020416,-0.2207213044166565
922,14938,23022,683,2,0.07966174185276031,0.027025971561670303,0.2943265736103058
923,15000,16872,75,2,0.07755199819803238,0.02246597409248352,1.020944356918335
924,15002,10403,419,2,0.07631188631057739,0.019592557102441788,0.48642611503601074
925,15007,4536,1056,3,0.07516975700855255,0.020572233945131302,-0.08312638103961945
926,15009,1704,583,1,0.08314338326454163,0.01982167735695839,0.2016822099685669
927,15010,18527,1005,5,0.07559960335493088,0.02176014333963394,-0.11412003636360168
928,15031,6584,61,2,0.07959456741809845,0.024763772264122963,1.2535791397094727
929,15032,1285,46,3,0.07871567457914352,0.023850660771131516,1.4850232601165771
930,15041,17527,155,2,0.07933129370212555,0.024675413966178894,0.9723191857337952
931,15056,14958,96,3,0.07945012301206589,0.022133296355605125,1.1973735094070435
932,15079,12564,1026,2,0.07800820469856262,0.02464108169078827,-0.02586597576737404
933,15093,18022,1571,2,0.0784301906824112,0.021084226667881012,-1.003116488456726
934,15112,15148,918,2,0.07995061576366425,0.026939619332551956,0.042737364768981934
935,15128,17546,1405,2,0.07925868779420853,0.023307180032134056,-0.5700303316116333
936,15158,6465,503,3,0.07782761007547379,0.022721316665410995,0.46955403685569763
937,15159,15955,1671,2,0.07871392369270325,0.025555163621902466,-1.4199590682983398
938,15173,20362,1692,2,0.07776310294866562,0.022613808512687683,-1.2154215574264526
939,15188,19489,8,2,0.07841592282056808,0.027279114350676537,1.5545299053192139
940,15190,7624,1092,2,0.07837721705436707,0.02457333728671074,-0.15920770168304443
941,15258,11338,816,2,0.07520630955696106,0.0216950885951519,0.15101975202560425
942,15272,9157,1381,1,0.08440281450748444,0.02351837232708931,-0.4622291326522827
943,15281,13043,833,2,0.07716332376003265,0.026064902544021606,0.15526515245437622
944,15286,11266,94,4,0.07902126014232635,0.026943348348140717,1.0066752433776855
945,15299,2303,250,7,0.08178898692131042,0.024858996272087097,0.9594195485115051
946,15348,13899,198,2,0.08288615942001343,0.03090120106935501,0.9852772951126099
947,15350,18343,687,1,0.07934754341840744,0.021916046738624573,0.2820054292678833
948,15352,20477,5,1,0.08211936801671982,0.030091993510723114,1.8632915019989014
949,15358,1773,270,2,0.0783025398850441,0.024132709950208664,0.7933387160301208
950,15359,19173,1418,2,0.08088399469852448,0.020214810967445374,-0.5316420197486877
951,15360,20473,698,2,0.07863073796033859,0.024278903380036354,0.2686455249786377
952,15377,19587,259,3,0.08157152682542801,0.03301004692912102,0.7756590843200684
953,15418,20902,812,3,0.07928476482629776,0.021671146154403687,-0.03724866360425949
954,15443,17218,1524,4,0.07878487557172775,0.020705439150333405,-0.6526703834533691
955,15469,10970,725,2,0.07761814445257187,0.01826813630759716,0.04397083818912506
956,15474,22853,632,3,0.08196225762367249,0.023283623158931732,0.2968807816505432
957,15510,11289,335,3,0.07895271480083466,0.023557042703032494,0.6202884316444397
958,15515,20780,364,3,0.07660749554634094,0.02110905572772026,0.6112355589866638
959,15545,1347,1666,2,0.07583276927471161,0.02014783024787903,-1.1577848196029663
960,15554,21350,179,2,0.08070065081119537,0.019152332097291946,0.9536192417144775
961,15559,1350,732,6,0.07913215458393097,0.023310286924242973,0.11866603791713715
962,15592,21881,224,2,0.07991249114274979,0.02905404567718506,0.7315695285797119
963,15605,2198,854,6,0.07865075767040253,0.021957295015454292,-0.05523821711540222
964,15642,9522,1702,2,0.08051058650016785,0.01910025253891945,-1.2236783504486084
965,15673,14195,41,3,0.08156664669513702,0.02894570864737034,1.2937266826629639
966,15700,17099,204,2,0.08237293362617493,0.031335972249507904,0.9674080610275269
967,15710,22017,1393,2,0.07723240554332733,0.022265778854489326,-0.5186669230461121
968,15745,13494,16,3,0.07913229614496231,0.025243816897273064,1.447991967201233
969,15751,19277,372,3,0.08011284470558167,0.02369597926735878,0.5571720600128174
970,15801,1667,1395,4,0.076270692050457,0.02107049711048603,-0.5301607847213745
971,15807,7250,1650,1,0.07831595838069916,0.017381981015205383,-1.3143962621688843
972,15821,22155,1086,1,0.07816090434789658,0.020206764340400696,-0.14850378036499023
973,15844,11702,199,2,0.07880206406116486,0.025747545063495636,0.932576060295105
974,15864,16440,1645,2,0.08019503951072693,0.020976383239030838,-0.8619969487190247
975,15878,2969,1622,2,0.07986374944448471,0.025835825130343437,-0.8602398037910461
976,15919,21491,944,3,0.0796128660440445,0.025541052222251892,-0.026985421776771545
977,15924,22007,185,2,0.07736818492412567,0.026871085166931152,0.8978250622749329
978,15934,9770,2,1,0.0836576446890831,0.030835440382361412,1.5000221729278564
979,15949,10029,1094,2,0.07887755334377289,0.024046896025538445,-0.18535682559013367
980,15973,20041,17,6,0.07791232317686081,0.021341871470212936,1.978684902191162
981,16015,9749,362,1,0.08245638012886047,0.024484941735863686,0.5481356382369995
982,16029,17748,171,4,0.07766057550907135,0.024098943918943405,0.920386552810669
983,16048,18279,83,2,0.07463765889406204,0.02048591896891594,1.153957486152649
984,16049,16520,1206,3,0.07679667323827744,0.021080447360873222,-0.2694771885871887
985,16090,22890,187,3,0.08379536122083664,0.03000415861606598,0.8760420680046082
986,16128,22574,1124,1,0.07580883800983429,0.020088039338588715,-0.13899575173854828
987,16137,12113,1077,2,0.07748733460903168,0.02195601724088192,-0.23222261667251587
988,16143,19792,472,1,0.08302216231822968,0.020747758448123932,0.40934494137763977
989,16178,20069,1352,2,0.08043649047613144,0.0285831056535244,-0.49388933181762695
990,16202,11857,1751,2,0.07769971340894699,0.021915195509791374,-1.6634376049041748
991,16204,1437,513,2,0.07637958973646164,0.020184583961963654,0.4074692130088806
992,16209,3528,1723,2,0.08355767279863358,0.02009223774075508,-1.2987637519836426
993,16225,20940,1437,4,0.07814909517765045,0.023817799985408783,-0.5414268374443054
994,16228,23008,820,2,0.08002207428216934,0.025865741074085236,0.024447184056043625
995,16229,8537,1569,2,0.07897288352251053,0.02545769512653351,-0.7963113784790039
996,16250,12449,1336,2,0.07514236122369766,0.020673543214797974,-0.35459765791893005
997,16263,22109,642,2,0.07973910123109818,0.024586107581853867,0.16873809695243835
998,16318,19822,851,2,0.07978536933660507,0.027245666831731796,0.14350633323192596
999,16322,12560,1149,2,0.07917219400405884,0.02193208783864975,-0.17130756378173828
1000,16325,8023,1576,3,0.08027113974094391,0.024216877296566963,-0.8355564475059509
1001,16392,14523,1117,3,0.07833351194858551,0.020519135519862175,-0.18309728801250458
1002,16417,22132,874,5,0.07802396267652512,0.02524753287434578,-0.011946536600589752
1003,16427,22986,743,2,0.07890157401561737,0.024712705984711647,0.25102582573890686
1004,16431,6015,177,3,0.07895469665527344,0.02413167804479599,0.9542452692985535
1005,16437,14570,1491,2,0.07849472016096115,0.024233240634202957,-0.6104319095611572
1006,16438,22051,1662,1,0.08085694909095764,0.02537141740322113,-1.1924684047698975
1007,16443,16127,1104,2,0.07894256711006165,0.021488595753908157,-0.1792207956314087
1008,16461,17922,1418,2,0.07978200167417526,0.021195024251937866,-0.5030257105827332
1009,16507,21249,248,2,0.07602272927761078,0.02231733128428459,0.7633894085884094
1010,16520,16926,17,3,0.07972036302089691,0.026293950155377388,1.4445040225982666
1011,16529,4902,180,4,0.07518067210912704,0.020448416471481323,0.8880852460861206
1012,16542,17107,37,5,0.07902740687131882,0.026599207893013954,1.3979408740997314
1013,16547,19751,100,2,0.07974713295698166,0.028304649516940117,1.2965750694274902
1014,16608,20995,1,2,0.08272351324558258,0.030798817053437233,1.9770034551620483
1015,16609,17235,760,2,0.08232991397380829,0.019920650869607925,0.020756632089614868
1016,16620,1865,1009,2,0.07911598682403564,0.025622831657528877,-0.12004020810127258
1017,16623,16217,874,3,0.07901830226182938,0.021390991285443306,0.0757107138633728
1018,16626,13131,1287,2,0.08085879683494568,0.020763054490089417,-0.3573179841041565
1019,16696,2825,505,4,0.0793384537100792,0.02388329617679119,0.46103885769844055
1020,16702,16841,9,4,0.07792489230632782,0.02485116571187973,1.718257188796997
1021,16710,15817,446,2,0.08052679151296616,0.02288799360394478,0.44022536277770996
1022,16713,5462,316,3,0.08188436180353165,0.03001154400408268,0.7151420712471008
1023,16734,20060,1353,2,0.0771130844950676,0.024699952453374863,-0.37454378604888916
1024,16768,13587,141,2,0.07498155534267426,0.02054799348115921,1.1148639917373657
1025,16773,1552,1,3,0.07874586433172226,0.02768329530954361,4.783015251159668
1026,16800,11473,1,2,0.07783686369657516,0.032294295728206635,5.220956802368164
1027,16803,10081,684,2,0.07842273265123367,0.0207793228328228,0.22643055021762848
1028,16830,22969,1172,3,0.07782498747110367,0.023071739822626114,-0.2873845100402832
1029,16835,12222,964,4,0.07912225276231766,0.021704960614442825,-0.18628725409507751
1030,16868,23032,122,2,0.07608558237552643,0.021582700312137604,0.999308705329895
1031,16869,1551,91,2,0.07675328850746155,0.024456102401018143,1.2530837059020996
1032,16874,5820,369,3,0.07829640060663223,0.02473236434161663,0.5659081935882568
1033,16906,14215,910,3,0.07702549546957016,0.02425064891576767,-0.032588470727205276
1034,16913,5963,935,3,0.07981593906879425,0.02364698052406311,0.06307316571474075
1035,16926,19636,12,2,0.07974373549222946,0.027756504714488983,2.0543227195739746
1036,16931,1564,827,2,0.07820695638656616,0.026682019233703613,0.14351066946983337
1037,16939,15834,970,1,0.08164876699447632,0.028751326724886894,-0.1505102664232254
1038,16947,2665,137,3,0.080018050968647,0.02194824069738388,0.9356212019920349
1039,17000,19390,25,2,0.0785333514213562,0.027822058647871017,1.4107669591903687
1040,17010,22108,775,4,0.08195801824331284,0.02196745201945305,0.15291592478752136
1041,17054,13659,566,2,0.07819784432649612,0.023152446374297142,0.39634159207344055
1042,17055,17216,1506,3,0.07814252376556396,0.024021629244089127,-0.683241605758667
1043,17070,21445,1743,2,0.07902681827545166,0.029241319745779037,-2.0005879402160645
1044,17090,9490,24,2,0.08101695775985718,0.030111581087112427,1.571136236190796
1045,17108,12600,266,2,0.07866955548524857,0.024497494101524353,0.7518171668052673
1046,17113,17560,687,5,0.0779089629650116,0.02394714206457138,0.2964286208152771
1047,17121,3491,640,3,0.07837067544460297,0.02475302293896675,0.2997702956199646
1048,17134,21824,786,2,0.0787443146109581,0.025985274463891983,0.31069475412368774
1049,17157,22582,823,3,0.07914579659700394,0.025498779490590096,0.1257334053516388
1050,17189,12536,338,2,0.08025597780942917,0.027534756809473038,0.6215732097625732
1051,17195,8946,132,2,0.08171996474266052,0.031978458166122437,1.0477116107940674
1052,17268,20868,186,6,0.07934148609638214,0.023496896028518677,0.8629380464553833
1053,17300,20766,314,2,0.07737307995557785,0.023106444627046585,0.7338154911994934
1054,17302,4815,1,3,0.07868977636098862,0.025717392563819885,3.3331077098846436
1055,17318,23009,952,4,0.07920420169830322,0.022828776389360428,-0.16940294206142426
1056,17330,22894,1583,5,0.07736833393573761,0.024895939975976944,-0.9767875671386719
1057,17333,21889,602,10,0.08038341999053955,0.025906966999173164,0.3434923589229584
1058,17348,22415,274,2,0.07556531578302383,0.022859293967485428,0.7621645331382751
1059,17397,13078,1061,4,0.0762559249997139,0.021920152008533478,-0.13793334364891052
1060,17398,1642,1363,2,0.07817356288433075,0.02545919083058834,-0.46293550729751587
1061,17399,21685,1264,3,0.07734221965074539,0.021502718329429626,-0.36628323793411255
1062,17423,1645,1196,2,0.07801405340433121,0.02679559215903282,-0.27666136622428894
1063,17447,6485,860,2,0.07507285475730896,0.020169798284769058,0.1021399199962616
1064,17453,16841,15,2,0.0810290277004242,0.02807588316500187,1.4871702194213867
1065,17501,4030,944,5,0.07806870341300964,0.021942567080259323,-0.03708837926387787
1066,17504,20644,410,2,0.07642355561256409,0.02164550870656967,0.5201648473739624
1067,17533,21760,150,2,0.07791100442409515,0.025629298761487007,0.9448798298835754
1068,17611,3208,1653,6,0.07541336864233017,0.0202622190117836,-1.175772786140442
1069,17621,9882,233,2,0.07858775556087494,0.02683256007730961,0.7922853231430054
1070,17650,22228,718,10,0.08053275942802429,0.02451140619814396,0.2300461381673813
1071,17665,1920,180,3,0.07691960036754608,0.023283790796995163,0.8540484309196472
1072,17748,13154,1643,3,0.0794152170419693,0.02246134541928768,-1.0299268960952759
1073,17770,17729,1167,3,0.0778365284204483,0.024061352014541626,-0.26019325852394104
1074,17810,21639,1323,8,0.07853002101182938,0.021873142570257187,-0.5031189918518066
1075,17831,21743,202,3,0.07665897160768509,0.022610217332839966,0.8105853796005249
1076,17890,9726,375,2,0.07948517799377441,0.0254916250705719,0.6244223713874817
1077,17891,17157,66,2,0.07598776370286942,0.02233763411641121,1.4211087226867676
1078,17897,3610,564,2,0.07998792082071304,0.022799799218773842,0.4447474181652069
1079,17905,7799,1274,2,0.07913516461849213,0.025896549224853516,-0.3089424967765808
1080,17920,20441,1334,2,0.0784120112657547,0.025055214762687683,-0.4713291823863983
1081,17926,22411,1314,2,0.0798715204000473,0.02357814833521843,-0.42714497447013855
1082,17931,21983,1221,2,0.07831525057554245,0.024905802682042122,-0.3672586679458618
1083,17955,20555,350,2,0.08123485743999481,0.029244430363178253,0.6170132160186768
1084,17965,4637,54,10,0.080251544713974,0.02401573210954666,1.3501391410827637
1085,17968,5042,220,4,0.07961691915988922,0.02498350292444229,0.9371519088745117
1086,17980,18851,46,2,0.07631894946098328,0.021930409595370293,1.6354014873504639
1087,17982,18513,821,4,0.08094973862171173,0.022087857127189636,0.011136708781123161
1088,18003,15088,491,2,0.07680446654558182,0.020857524126768112,0.4012506604194641
1089,18004,22642,400,3,0.07971549034118652,0.024535812437534332,0.5967215299606323
1090,18025,21472,114,3,0.07543278485536575,0.021247025579214096,1.02255117893219
1091,18040,8969,357,2,0.07802587002515793,0.022694634273648262,0.6012287735939026
1092,18051,20098,1705,2,0.0766635611653328,0.024168934673070908,-1.6746079921722412
1093,18053,23018,1133,2,0.08247802406549454,0.02179073356091976,-0.18341873586177826
1094,18071,22792,854,3,0.07890602201223373,0.021796131506562233,0.06014023721218109
1095,18075,9221,706,4,0.07911855727434158,0.025595666840672493,0.25764036178588867
1096,18108,15903,220,2,0.07722356170415878,0.02191195636987686,0.9007936120033264
1097,18152,1770,1651,2,0.0760674849152565,0.021860919892787933,-1.2776317596435547
1098,18159,8496,201,2,0.07859210669994354,0.02597724087536335,0.8553081750869751
1099,18172,22904,100,5,0.0794665515422821,0.025717854499816895,1.0758965015411377
1100,18173,17218,1159,2,0.08017872273921967,0.020877333357930183,-0.21164283156394958
1101,18182,15603,702,2,0.07531408220529556,0.020372364670038223,0.15840575098991394
1102,18188,12976,1695,2,0.07885050028562546,0.02426230162382126,-1.5100436210632324
1103,18195,13823,572,3,0.07982779294252396,0.02721424773335457,0.37702375650405884
1104,18199,5685,619,3,0.0777960941195488,0.02241588570177555,0.06229281425476074
1105,18225,22983,186,4,0.07864692062139511,0.02642550691962242,0.9124483466148376
1106,18233,22520,532,10,0.07964056730270386,0.023881468921899796,0.43752121925354004
1107,18244,22800,726,2,0.07908210158348083,0.022885937243700027,0.10327150672674179
1108,18280,21939,1044,4,0.07641331851482391,0.021232519298791885,-0.08076311647891998
1109,18326,22202,1139,5,0.08145208656787872,0.021871130913496017,-0.21113184094429016
1110,18357,12309,1590,2,0.07662613689899445,0.01975121721625328,-1.1282002925872803
1111,18386,20030,141,2,0.07897850126028061,0.02714720368385315,0.9570248126983643
1112,18388,2531,27,6,0.07963763922452927,0.028081398457288742,1.6628522872924805
1113,18429,20854,725,3,0.07879586517810822,0.022000160068273544,0.16995084285736084
1114,18443,21060,1477,2,0.08026580512523651,0.02559034526348114,-0.7706589698791504
1115,18448,12607,220,2,0.0748484805226326,0.020742936059832573,0.6284860968589783
1116,18540,22478,935,6,0.0765385851264,0.018769308924674988,-0.13953323662281036
1117,18542,17931,577,1,0.07518468797206879,0.019196253269910812,0.24591924250125885
1118,18551,20348,1076,3,0.07697734981775284,0.025623243302106857,-0.12558384239673615
1119,18583,17957,758,3,0.07793768495321274,0.024139348417520523,0.27155280113220215
1120,18595,20483,635,3,0.07736103236675262,0.023312624543905258,0.2854437232017517
1121,18620,4379,73,2,0.08009536564350128,0.02452757954597473,1.4202394485473633
1122,18625,7556,532,2,0.07564963400363922,0.021629905328154564,0.36563247442245483
1123,18635,22428,151,2,0.07989757508039474,0.028090037405490875,0.8840667009353638
1124,18637,12542,144,3,0.08072348684072495,0.027824748307466507,1.018211841583252
1125,18646,10957,286,6,0.078357994556427,0.02368944138288498,0.7561356425285339
1126,18663,23030,1753,5,0.07868483662605286,0.02084757201373577,-1.3587630987167358
1127,18676,1859,1070,2,0.07854346185922623,0.026777947321534157,-0.048491187393665314
1128,18688,1860,1233,2,0.0749506950378418,0.019594706594944,-0.19276675581932068
1129,18708,10310,960,3,0.07849380373954773,0.02582102082669735,-0.0018681883811950684
1130,18718,15708,541,1,0.07987192273139954,0.025569690391421318,0.4273756742477417
1131,18734,20017,51,4,0.07516802847385406,0.020442090928554535,1.498253345489502
1132,18739,21618,61,3,0.07523079216480255,0.019640140235424042,1.1911096572875977
1133,18758,22411,422,1,0.07746193557977676,0.021997906267642975,0.4580603837966919
1134,18771,14627,6,2,0.0768323615193367,0.022265562787652016,2.14839243888855
1135,18807,16345,164,3,0.08026567846536636,0.02334442548453808,0.9562556743621826
1136,18834,19955,664,2,0.07949051260948181,0.023210939019918442,0.08853205293416977
1137,18860,3484,1758,2,0.07501440495252609,0.021867644041776657,-1.8599843978881836
1138,18903,20860,329,3,0.0786922350525856,0.026088275015354156,0.7214193940162659
1139,18911,22344,21,3,0.08160022646188736,0.029978878796100616,1.4601562023162842
1140,18936,22425,1362,5,0.08172547817230225,0.021039001643657684,-0.4171038568019867
1141,18938,9512,848,3,0.0811721682548523,0.021282033994793892,0.023661769926548004
1142,18974,17246,212,2,0.0785103365778923,0.024774815887212753,0.9321904182434082
1143,18994,21451,700,2,0.07737419009208679,0.021694060415029526,0.26678115129470825
1144,19000,3921,357,3,0.07768145203590393,0.023072805255651474,0.5871598720550537
1145,19007,9656,98,4,0.08017344772815704,0.027433380484580994,1.266472578048706
1146,19015,1924,1534,4,0.07528737187385559,0.0194390956312418,-0.6755141615867615
1147,19025,22948,580,6,0.08019902557134628,0.022655252367258072,0.1888681799173355
1148,19030,22105,398,2,0.07933135330677032,0.02615339308977127,0.5398018956184387
1149,19031,13869,927,2,0.07917498052120209,0.023007608950138092,-0.02913021482527256
1150,19032,22900,44,3,0.0781974196434021,0.024637283757328987,1.436232089996338
1151,19054,10081,84,2,0.07750534266233444,0.020556572824716568,1.0098878145217896
1152,19152,4896,1491,2,0.07924076169729233,0.023423606529831886,-0.8211190700531006
1153,19159,1946,244,2,0.08252664655447006,0.031235888600349426,0.7971819043159485
1154,19201,5963,722,3,0.07746406644582748,0.022205261513590813,0.15092860162258148
1155,19214,11578,985,3,0.07986188679933548,0.027004387229681015,-0.11908678710460663
1156,19225,22894,888,3,0.08204693347215652,0.02386404573917389,-0.029915133491158485
1157,19252,20260,34,10,0.07898502796888351,0.022655220702290535,1.5843021869659424
1158,19253,2979,195,3,0.07713824510574341,0.02625756338238716,0.8002963066101074
1159,19266,10026,24,2,0.0807759240269661,0.02781737595796585,1.7499701976776123
1160,19269,22574,661,2,0.07874393463134766,0.021287333220243454,0.12924149632453918
1161,19277,19653,13,5,0.07668868452310562,0.024320559576153755,1.7235902547836304
1162,19279,5877,1387,2,0.08206435292959213,0.022067543119192123,-0.4703693389892578
1163,19304,21267,252,4,0.07615175098180771,0.020838718861341476,0.7876762747764587
1164,19306,18840,228,2,0.07952768355607986,0.02524072676897049,0.9219942688941956
1165,19323,4541,1562,2,0.07748334109783173,0.022784635424613953,-0.8383089303970337
1166,19325,6474,1631,7,0.07768955826759338,0.021961340680718422,-1.1553059816360474
1167,19342,15698,1182,3,0.07869290560483932,0.023907219991087914,-0.24130260944366455
1168,19358,11000,148,2,0.07748601585626602,0.022026533260941505,0.9457352161407471
1169,19392,21826,1614,3,0.07734541594982147,0.020230431109666824,-1.0884406566619873
1170,19398,13016,700,5,0.07800335437059402,0.025075465440750122,0.17203962802886963
1171,19399,20676,154,2,0.07945273816585541,0.025575993582606316,0.9674187898635864
1172,19436,2478,1694,5,0.08190684020519257,0.021853933110833168,-1.1792471408843994
1173,19499,20942,163,6,0.0791565552353859,0.026836887001991272,1.0092732906341553
1174,19544,10842,849,2,0.07549688220024109,0.021452488377690315,0.08017457276582718
1175,19556,7766,492,2,0.07544238120317459,0.02216884307563305,0.3987875282764435
1176,19559,7171,833,4,0.07821276038885117,0.024157624691724777,0.014495164155960083
1177,19613,22951,118,2,0.08071445673704147,0.026936335489153862,1.1368931531906128
1178,19615,12739,809,3,0.07836224883794785,0.028735680505633354,0.027410775423049927
1179,19623,5948,1731,3,0.0753207877278328,0.01973012462258339,-1.6753597259521484
1180,19634,7865,1108,2,0.07878182083368301,0.02287011221051216,-0.10745127499103546
1181,19643,10121,1013,5,0.07852907478809357,0.022244710475206375,-0.19895435869693756
1182,19654,7543,1,2,0.08237829059362411,0.031167667359113693,1.9771109819412231
1183,19662,20144,295,1,0.077912338078022,0.023634035140275955,0.7173568606376648
1184,19667,5186,5,5,0.08055256307125092,0.030547209084033966,2.6466968059539795
1185,19673,21734,677,2,0.0782373696565628,0.024430520832538605,0.298258513212204
1186,19728,20685,1158,2,0.08156803250312805,0.022199852392077446,-0.2854812443256378
1187,19740,22923,200,4,0.07701463997364044,0.023009762167930603,0.745053231716156
1188,19762,21230,1483,3,0.07620743662118912,0.023230114951729774,-0.6813372373580933
1189,19769,22076,1677,4,0.08009835332632065,0.023701949045062065,-1.0889065265655518
1190,19781,13801,227,2,0.0797293558716774,0.025525622069835663,0.9157029390335083
1191,19783,12312,598,3,0.07855847477912903,0.019297057762742043,0.29732468724250793
1192,19786,22892,1579,2,0.07661355286836624,0.023173391819000244,-0.9225142002105713
1193,19812,3921,47,2,0.07678935676813126,0.023081518709659576,1.3499411344528198
1194,19838,22874,1349,1,0.07744074612855911,0.023379070684313774,-0.43972262740135193
1195,19848,10277,152,2,0.07833150774240494,0.02530095726251602,0.9481300115585327
1196,19864,2046,654,2,0.07970487326383591,0.02294715866446495,0.25617799162864685
1197,19885,11141,964,4,0.0789870172739029,0.024656936526298523,0.031785622239112854
1198,19897,19549,15,3,0.08253124356269836,0.03195296972990036,1.5382466316223145
1199,19920,21319,10,4,0.0775274783372879,0.025164367631077766,2.006507396697998
1200,19932,22994,745,2,0.08297848701477051,0.02075425162911415,0.11147411167621613
1201,19950,4027,307,5,0.08022340387105942,0.030657578259706497,0.7584543228149414
1202,19958,21364,205,1,0.0765138640999794,0.02104010060429573,0.82194584608078
1203,19967,14296,64,2,0.07713276892900467,0.023845624178647995,1.122809648513794
1204,19970,11091,24,3,0.07885131984949112,0.024852165952324867,1.7442821264266968
1205,20013,21321,450,3,0.0773887112736702,0.020862815901637077,0.4528781473636627
1206,20022,16926,316,2,0.07755443453788757,0.023487314581871033,0.6701010465621948
1207,20028,2084,1075,4,0.07992944121360779,0.025230344384908676,-0.19474363327026367
1208,20056,13253,571,2,0.07730837911367416,0.021171635016798973,0.3296709358692169
1209,20125,3890,813,4,0.07692579925060272,0.02333865314722061,0.1661306768655777
1210,20128,22921,228,7,0.07635074853897095,0.022348854690790176,0.7429137229919434
1211,20130,9758,1724,2,0.07608010619878769,0.02382354810833931,-1.2382947206497192
1212,20153,20298,4,2,0.07721313089132309,0.023022066801786423,2.4388556480407715
1213,20154,22861,568,10,0.08148360997438431,0.023417625576257706,0.3207989037036896
1214,20166,17148,748,2,0.07833278924226761,0.02299444191157818,0.1664464920759201
1215,20210,12542,225,6,0.0791843831539154,0.026186686009168625,0.8640653491020203
1216,20246,22861,1199,4,0.08094997704029083,0.025164853781461716,-0.2567936182022095
1217,20254,4761,224,2,0.07684902101755142,0.02316582389175892,0.8162858486175537
1218,20301,3740,1468,2,0.07835056632757187,0.020366312935948372,-0.6459591388702393
1219,20341,11932,51,6,0.0783444344997406,0.02352498658001423,1.1522892713546753
1220,20359,20926,536,2,0.0772995576262474,0.021630682051181793,0.45306065678596497
1221,20365,18430,503,2,0.07833096385002136,0.024259136989712715,0.4918612539768219
1222,20383,2140,4,3,0.08069901913404465,0.0283091701567173,2.8918256759643555
1223,20385,19486,2,2,0.07943439483642578,0.02805480547249317,2.6341159343719482
1224,20449,8717,374,3,0.07892780750989914,0.023874936625361443,0.5716751217842102
1225,20458,7237,5,2,0.07751385122537613,0.02726425975561142,1.952770709991455
1226,20464,17422,535,3,0.07668363302946091,0.020273741334676743,0.33950966596603394
1227,20472,17785,18,2,0.07794303447008133,0.02398635447025299,1.7169326543807983
1228,20483,7661,1219,8,0.08368980139493942,0.02092965692281723,-0.3193231225013733
1229,20487,21758,16,3,0.079215869307518,0.02648630365729332,1.5753397941589355
1230,20488,18116,853,2,0.07747127115726471,0.02252693846821785,0.047454528510570526
1231,20501,2152,110,4,0.07522736489772797,0.020896779373288155,1.1168617010116577
1232,20526,23031,907,5,0.07825471460819244,0.024229221045970917,0.05845890939235687
1233,20604,7236,827,1,0.07983697205781937,0.020167827606201172,0.16746440529823303
1234,20606,22382,1218,3,0.07591573148965836,0.02166946977376938,-0.31509435176849365
1235,20607,10524,96,3,0.07764580845832825,0.02501045912504196,1.1324052810668945
1236,20610,20127,878,6,0.08078739792108536,0.022678742185235023,0.0622871108353138
1237,20678,16440,1517,2,0.07515101134777069,0.019562769681215286,-0.6939652562141418
1238,20681,7014,633,5,0.07707788050174713,0.02177578955888748,0.29538097977638245
1239,20686,22633,480,3,0.07688134908676147,0.024099934846162796,0.4966144263744354
1240,20689,18133,1525,5,0.07752297818660736,0.02471364103257656,-0.7287401556968689
1241,20692,21377,76,4,0.07666174322366714,0.02081054449081421,1.1676992177963257
1242,20698,22787,1625,1,0.0793127566576004,0.026029713451862335,-0.9214059114456177
1243,20700,14056,109,2,0.07528210431337357,0.020557837560772896,1.1751254796981812
1244,20726,21344,1590,2,0.07704988867044449,0.02009141631424427,-0.8693607449531555
1245,20735,18362,1230,6,0.07831008732318878,0.022553525865077972,-0.26869404315948486
1246,20748,13394,6,5,0.07563444972038269,0.02095124125480652,1.8691236972808838
1247,20771,3584,1215,4,0.07612094283103943,0.02207684889435768,-0.27235135436058044
1248,20788,22964,35,4,0.07660338282585144,0.021536288782954216,1.4795560836791992
1249,20790,18728,818,1,0.0793304592370987,0.02493363246321678,0.21978269517421722
1250,20815,22929,1041,2,0.07868576794862747,0.02683560736477375,-0.07038223743438721
1251,20822,20995,3,2,0.08409786969423294,0.03252869099378586,1.7340681552886963
1252,20827,17276,32,2,0.07556486874818802,0.019373491406440735,1.4153876304626465
1253,20847,13670,472,2,0.08287458121776581,0.021945161744952202,0.3602202236652374
1254,20874,22229,406,2,0.07936134934425354,0.02432713285088539,0.5074017643928528
1255,20899,18594,32,1,0.07845965772867203,0.02161497250199318,1.4463900327682495
1256,20926,22545,159,1,0.08035237342119217,0.027067454531788826,0.9377840161323547
1257,20943,17912,346,3,0.07883709669113159,0.024821944534778595,0.7054018974304199
1258,20989,4642,697,2,0.0798361673951149,0.03022177889943123,0.29472535848617554
1259,21003,19336,1135,3,0.0773734375834465,0.02094864472746849,-0.1421668976545334
1260,21014,18548,96,2,0.0791236087679863,0.025250324979424477,1.2184430360794067
1261,21075,16414,1021,2,0.08184114098548889,0.021062565967440605,-0.09407739341259003
1262,21087,22959,66,3,0.0768599659204483,0.023376211524009705,1.2085257768630981
1263,21103,7577,814,6,0.07957281172275543,0.02299661561846733,0.06762808561325073
1264,21115,5810,906,2,0.07911843806505203,0.024121154099702835,0.11295421421527863
1265,21135,9103,1655,2,0.07849613577127457,0.021169256418943405,-1.1251062154769897
1266,21146,19256,720,2,0.0795387327671051,0.024930328130722046,0.1535561978816986
1267,21178,23026,1320,3,0.07658540457487106,0.025684449821710587,-0.4665403962135315
1268,21204,13241,1409,3,0.08063211292028427,0.025778885930776596,-0.5923947095870972
1269,21281,13436,457,3,0.07791571319103241,0.025646446272730827,0.4350851774215698
1270,21301,19659,576,2,0.07659188657999039,0.018991803750395775,0.15758268535137177
1271,21308,21615,1025,5,0.07729227840900421,0.02312503755092621,-0.06094217300415039
1272,21322,4304,535,3,0.07973027974367142,0.023795468732714653,0.3783472776412964
1273,21335,22349,84,3,0.07773375511169434,0.021936887875199318,1.2335914373397827
1274,21355,22434,703,3,0.07868319749832153,0.021323055028915405,0.28903692960739136
1275,21366,16956,593,4,0.0772150531411171,0.02232377603650093,0.35405784845352173
1276,21387,4209,1387,5,0.07630650699138641,0.02101247012615204,-0.5231444239616394
1277,21407,8873,1118,2,0.07984428852796555,0.02637595683336258,-0.19229301810264587
1278,21416,11281,53,3,0.08360829204320908,0.030294574797153473,1.2097041606903076
1279,21446,12804,998,4,0.08048415184020996,0.021794166415929794,-0.098556749522686
1280,21457,20141,622,8,0.07979826629161835,0.02452806755900383,0.3865414261817932
1281,21466,10304,159,2,0.07888823002576828,0.024925991892814636,0.9043663144111633
1282,21475,20864,1390,2,0.07893335074186325,0.025665786117315292,-0.5307378768920898
1283,21497,15814,654,4,0.07806722819805145,0.024169031530618668,0.25721752643585205
1284,21501,11540,754,2,0.07829350233078003,0.019699933007359505,0.19873672723770142
1285,21512,9479,708,3,0.07807586342096329,0.022699829190969467,0.28245940804481506
1286,21522,8758,1275,2,0.08176065981388092,0.02339668944478035,-0.3384990394115448
1287,21538,22434,157,3,0.07729151099920273,0.01975478231906891,0.9510064125061035
1288,21561,2332,1779,2,0.0764947310090065,0.022429734468460083,-4.006135940551758
1289,21572,21942,130,4,0.07941549271345139,0.026189934462308884,1.0478136539459229
1290,21574,20240,913,3,0.08155304938554764,0.020275717601180077,-0.018352694809436798
1291,21586,22555,1614,7,0.07680071890354156,0.022286396473646164,-0.9982575178146362
1292,21623,22743,1370,2,0.0774850994348526,0.02420727349817753,-0.5193792581558228
1293,21661,17438,1156,1,0.0837365984916687,0.022770719602704048,-0.2554532289505005
1294,21677,22775,483,3,0.07550211995840073,0.02224031835794449,0.4645887017250061
1295,21716,11337,1,2,0.07728833705186844,0.023072432726621628,2.7712039947509766
1296,21759,4864,478,2,0.07847393304109573,0.02484934777021408,0.362482488155365
1297,21772,22472,1666,1,0.08051972091197968,0.021858885884284973,-1.3438836336135864
1298,21813,16292,2,3,0.07808879017829895,0.02378176338970661,2.0101985931396484
1299,21834,14778,178,2,0.07891613990068436,0.02389979362487793,0.8473401665687561
1300,21838,22385,359,3,0.07789098471403122,0.025556787848472595,0.7237483263015747
1301,21842,19186,891,7,0.07465140521526337,0.021355457603931427,-0.08197804540395737
1302,21852,22474,206,1,0.07621988654136658,0.02124899998307228,0.8033734560012817
1303,21859,4334,19,2,0.0786413624882698,0.02255868911743164,1.7781707048416138
1304,21890,19794,1365,4,0.07710293680429459,0.021252738311886787,-0.42544084787368774
1305,21896,22532,944,2,0.0784788653254509,0.023821592330932617,-0.016659080982208252
1306,21911,22834,1113,1,0.0816265121102333,0.02419005148112774,-0.1989963948726654
1307,21912,22515,506,3,0.07844609767198563,0.027061328291893005,0.4284553527832031
1308,21941,9811,905,2,0.07522640377283096,0.020328428596258163,-0.004828423261642456
1309,21955,17716,1524,1,0.076535165309906,0.021497229114174843,-0.6565492749214172
1310,21960,12930,754,3,0.07819680869579315,0.023454606533050537,0.23374177515506744
1311,21981,14964,1620,2,0.08122016489505768,0.026730814948678017,-0.9546531438827515
1312,21988,21826,62,8,0.07933910191059113,0.021550478413701057,1.5421652793884277
1313,22006,21124,207,2,0.08046497404575348,0.025372305884957314,0.7899054288864136
1314,22024,10954,1698,3,0.08206624537706375,0.018956243991851807,-1.2037537097930908
1315,22037,14510,1520,2,0.07880505919456482,0.021000923588871956,-0.7291883826255798
1316,22097,8042,1436,2,0.07808513194322586,0.025439612567424774,-0.5464797616004944
1317,22134,14255,147,3,0.08464665710926056,0.03358144313097,1.039410948753357
1318,22167,22204,8,6,0.07854453474283218,0.02003379724919796,2.358724594116211
1319,22172,21217,681,3,0.08038847893476486,0.024731585755944252,0.2716459035873413
1320,22176,22909,771,3,0.07633185386657715,0.02118104323744774,0.049674224108457565
1321,22179,12036,184,2,0.07582920044660568,0.0215342715382576,0.9517541527748108
1322,22183,8766,1146,1,0.08567655086517334,0.02114659920334816,-0.27874672412872314
1323,22213,22821,466,2,0.07880490273237228,0.024047672748565674,0.43349212408065796
1324,22220,3633,125,3,0.07786206156015396,0.02504485473036766,1.0168278217315674
1325,22231,22957,999,4,0.07895498722791672,0.024386774748563766,-0.037538573145866394
1326,22238,10831,124,2,0.07598353922367096,0.024524565786123276,1.011664867401123
1327,22241,2492,309,3,0.07660333812236786,0.023199230432510376,0.7241678833961487
1328,22254,7779,1569,3,0.07774242013692856,0.022025246173143387,-0.8952454328536987
1329,22290,2920,46,2,0.07748913764953613,0.026876399293541908,1.156236171722412
1330,22302,10918,15,2,0.07817944139242172,0.021637286990880966,2.3905506134033203
1331,22310,22356,714,2,0.07917425036430359,0.025482535362243652,0.23746901750564575
1332,22315,8077,265,2,0.07686071842908859,0.023302018642425537,0.7481225728988647
1333,22331,21276,588,6,0.07871674746274948,0.020023468881845474,0.31456518173217773
1334,22366,18548,490,4,0.07861455529928207,0.023008570075035095,0.3558412492275238
1335,22387,5436,9,2,0.08009254187345505,0.031208425760269165,1.6404258012771606
1336,22400,5895,706,2,0.0768132284283638,0.02368864417076111,0.2577500343322754
1337,22429,20893,898,2,0.07669565081596375,0.021653443574905396,0.1295287311077118
1338,22445,22213,11,8,0.07748719304800034,0.02047640085220337,2.703819751739502
1339,22463,19474,33,2,0.07810040563344955,0.026103220880031586,1.4397997856140137
1340,22482,17922,1080,2,0.07824990153312683,0.01994059979915619,-0.1446368247270584
1341,22490,22853,1206,2,0.07558972388505936,0.020047126337885857,-0.30700063705444336
1342,22501,19837,479,4,0.0794873759150505,0.024325212463736534,0.43910765647888184
1343,22502,13175,1325,2,0.08111301064491272,0.02608422562479973,-0.4316880702972412
1344,22508,13453,713,4,0.07650813460350037,0.02006836049258709,0.10790640115737915
1345,22515,6884,1763,2,0.08112682402133942,0.0262686088681221,-2.5416464805603027
1346,22538,12705,204,2,0.08195199817419052,0.02343757078051567,0.9340168237686157
1347,22628,12592,1,2,0.0779237225651741,0.028848260641098022,2.557687759399414
1348,22630,5059,64,2,0.07526680827140808,0.021484404802322388,1.1726281642913818
1349,22659,2594,1633,3,0.07684275507926941,0.02166086994111538,-0.9028224945068359
1350,22675,23009,726,2,0.07749752700328827,0.0226071048527956,0.15334661304950714
1351,22695,20610,1179,2,0.07952136546373367,0.01967790722846985,-0.3075770139694214
1352,22700,4665,1369,2,0.07716552913188934,0.02142985910177231,-0.42122697830200195
1353,22709,3018,71,3,0.07851278781890869,0.02641329914331436,1.0538737773895264
1354,22710,19985,659,1,0.07574483752250671,0.019520986825227737,0.22457554936408997
1355,22714,20902,8,3,0.07974939048290253,0.023082293570041656,1.7456912994384766
1356,22731,22913,731,2,0.07481803745031357,0.02067902497947216,0.13803565502166748
1357,22743,10454,1387,1,0.08431802690029144,0.018993452191352844,-0.4789927303791046
1358,22767,17099,884,3,0.07528001815080643,0.019754093140363693,-0.00849316269159317
1359,22774,22018,928,7,0.07675839960575104,0.023741409182548523,-0.069013312458992
1360,22781,9818,2,2,0.07753695547580719,0.024551814422011375,2.1514480113983154
1361,22782,7186,56,3,0.07511492818593979,0.020628267899155617,1.5146458148956299
1362,22799,17569,290,7,0.07520314306020737,0.023079920560121536,0.6733317971229553
1363,22827,11953,117,3,0.07975588738918304,0.02719864249229431,1.0215671062469482
1364,22830,21465,709,2,0.07739152014255524,0.02141999453306198,0.19021116197109222
1365,22843,22946,1232,2,0.07848235219717026,0.02189347706735134,-0.27476540207862854
1366,22849,14716,1,3,0.07913722842931747,0.02668146789073944,2.7004175186157227
1367,22864,4019,314,4,0.07855749130249023,0.0206013061106205,0.6656596660614014
1368,22873,22884,1051,2,0.07549955695867538,0.02142547257244587,-0.06962724030017853
1369,22876,19652,1431,2,0.08063779026269913,0.021650679409503937,-0.5254718661308289
1370,22878,16642,377,2,0.07982581853866577,0.024862758815288544,0.5399461984634399
1371,22882,3103,1601,1,0.07942989468574524,0.019498709589242935,-0.8006199598312378
1372,22928,13697,47,3,0.07722515612840652,0.026894060894846916,1.1806827783584595
1373,22929,20978,49,3,0.08285408467054367,0.0330764502286911,1.3005638122558594
1374,22952,2667,1,2,0.07805076241493225,0.026567764580249786,3.2172303199768066
1375,22991,16890,733,2,0.0777290016412735,0.022983718663454056,0.193116694688797
1376,23048,17424,1713,2,0.08035045117139816,0.02772773616015911,-1.252172827720642
1377,23064,21429,44,2,0.0822111964225769,0.028716307133436203,1.2515769004821777
1378,23074,19594,1565,1,0.08252758532762527,0.019662050530314445,-0.8037714958190918
1379,23081,2686,1,2,0.07975101470947266,0.029864676296710968,6.531344890594482
1380,23084,9674,844,4,0.07848647236824036,0.02878406271338463,0.047871947288513184
1381,23090,12939,959,2,0.07579105347394943,0.021245254203677177,0.05208319425582886
1382,23109,8466,346,2,0.08379257470369339,0.03366425633430481,0.6575334072113037
1383,23121,18069,91,3,0.08190710842609406,0.02632364258170128,1.0908924341201782
1384,23122,6718,444,2,0.08242648094892502,0.024000689387321472,0.4259836971759796
1385,23135,4395,42,3,0.07735318690538406,0.024735406041145325,1.7252147197723389
1386,23141,22518,1556,2,0.0754285678267479,0.019989823922514915,-0.6922032833099365
1387,23175,21615,847,2,0.08042971789836884,0.02699105441570282,0.05476227402687073
1388,23176,22033,620,2,0.07950060069561005,0.02709234319627285,0.3706529438495636
1389,23219,22935,400,2,0.08144915848970413,0.027410542592406273,0.5738653540611267
1390,23255,21045,1220,1,0.08290961384773254,0.02193874679505825,-0.32683658599853516
1391,23256,12526,608,2,0.07779890298843384,0.023902885615825653,0.2730488181114197
1392,23269,5491,1534,2,0.07957569509744644,0.02302652597427368,-0.683738648891449
1393,23272,23032,1626,2,0.0773526132106781,0.020279081538319588,-1.154565691947937
1394,23323,4371,1733,3,0.07944736629724503,0.02580612152814865,-1.6780693531036377
1395,23341,2758,1542,2,0.07742952555418015,0.025889776647090912,-0.8072606325149536
1396,23350,16433,506,2,0.08064810931682587,0.029336929321289062,0.4888942241668701
1397,23358,17611,1374,2,0.07907348871231079,0.027076857164502144,-0.4640030264854431
1398,23385,20041,125,2,0.07920081168413162,0.0270778127014637,1.081552267074585
1399,23392,17957,264,2,0.07808490842580795,0.022399790585041046,0.7494156360626221
1400,23442,21500,485,3,0.07702937722206116,0.022959165275096893,0.5207135081291199
1401,23477,9968,394,2,0.08094121515750885,0.029020123183727264,0.617544949054718
1402,23487,20913,576,2,0.07996094226837158,0.02645561285316944,0.3855873644351959
1403,23488,20040,297,2,0.08033674955368042,0.024063590914011,0.709808886051178
1404,23491,19297,204,2,0.07662202417850494,0.024865075945854187,0.9258333444595337
1405,23515,7733,2,1,0.0819447711110115,0.03399768844246864,3.9004244804382324
1406,23535,2814,748,2,0.0781499519944191,0.025023389607667923,0.19666677713394165
1407,23546,9384,14,2,0.07930060476064682,0.027236659079790115,2.700378656387329
1408,23551,19895,11,5,0.0782926082611084,0.02602732926607132,1.343850016593933
1409,23605,14776,669,2,0.07941228151321411,0.023177020251750946,0.2656288743019104
1410,23615,22533,2,2,0.0793125331401825,0.02987021580338478,3.332094192504883
1411,23628,21586,132,2,0.07892520725727081,0.027085278183221817,1.0796350240707397
1412,23654,21195,1336,2,0.07953763008117676,0.022490859031677246,-0.45771899819374084
1413,23676,20891,194,2,0.07907255738973618,0.0251612588763237,0.9964795708656311
1414,23682,16818,1751,3,0.07797393947839737,0.02405766397714615,-2.2190518379211426
1415,23689,20550,1649,2,0.0802617073059082,0.023398417979478836,-1.1178333759307861
1416,23729,22966,228,2,0.07458700984716415,0.019020266830921173,0.6521210670471191
1417,23731,17888,1191,3,0.08014891296625137,0.020757269114255905,-0.23373331129550934
1418,23758,22059,280,2,0.07822806388139725,0.023952586576342583,0.8260717391967773
1419,23766,4576,1320,3,0.0793910101056099,0.021881327033042908,-0.4023926556110382
1420,23775,17210,1310,2,0.07662944495677948,0.022779759019613266,-0.42808961868286133
1421,23787,22511,29,3,0.08094000816345215,0.025228552520275116,1.8257133960723877
1422,23810,15983,690,3,0.08431970328092575,0.02054303139448166,0.11083987355232239
1423,23832,20282,7,4,0.07718515396118164,0.024695226922631264,1.7350950241088867
1424,23833,11835,130,3,0.07855141907930374,0.022509075701236725,1.0702491998672485
1425,23851,15572,267,3,0.07673542201519012,0.02350122109055519,0.7184226512908936
1426,23853,13239,1270,3,0.07798444479703903,0.02523278445005417,-0.3950435519218445
1427,23867,3560,1216,2,0.08061463385820389,0.021086182445287704,-0.2948209047317505
1428,23876,21895,128,6,0.07876744121313095,0.026420412585139275,0.9946704506874084
1429,23913,17805,579,3,0.07971683144569397,0.023141231387853622,0.32329291105270386
1430,23922,17953,6,4,0.0799482986330986,0.030464177951216698,1.6971981525421143
1431,23923,19829,510,5,0.07820349931716919,0.023759901523590088,0.41667041182518005
1432,23939,11142,1151,2,0.07803326100111008,0.0265816580504179,-0.22132238745689392
1433,23943,10945,608,5,0.08016201853752136,0.023489084094762802,0.3927740454673767
1434,23945,3469,569,2,0.08063880354166031,0.02061130851507187,0.3736536204814911
1435,23953,6193,288,3,0.07910937070846558,0.027325326576828957,0.7747626900672913
1436,23964,12288,1040,2,0.08144407719373703,0.025860033929347992,-0.17929920554161072
1437,23974,13314,167,2,0.07949517667293549,0.024896904826164246,0.9108176827430725
1438,23976,11979,804,2,0.08059294521808624,0.02661370486021042,0.1295175403356552
1439,23978,13824,1644,2,0.07764673233032227,0.021621543914079666,-1.0181411504745483
1440,23983,6795,16,2,0.07485491037368774,0.02137046307325363,1.7873859405517578
1441,23990,6893,439,2,0.08141475915908813,0.02354365587234497,0.5759283900260925
1442,24060,19304,879,2,0.07773350924253464,0.022577013820409775,0.062244679778814316
1443,24075,19361,1334,2,0.07872220873832703,0.02455853670835495,-0.41523781418800354
1444,24090,9853,1003,2,0.07970308512449265,0.024653414264321327,-0.10709239542484283
1445,24097,22926,23,2,0.07784010469913483,0.02429080568253994,1.7501029968261719
1446,24100,2978,1605,2,0.08093281835317612,0.02653568983078003,-0.9261366724967957
1447,24109,5347,1206,3,0.07971149682998657,0.020342964679002762,-0.30733197927474976
1448,24119,14264,968,2,0.07868155092000961,0.02151484601199627,0.027653228491544724
1449,24125,15827,7,3,0.0799601674079895,0.02477109804749489,1.8129843473434448
1450,24134,15865,883,2,0.08234958350658417,0.023217082023620605,-0.056538548320531845
1451,24139,18362,531,2,0.07951836287975311,0.022932227700948715,0.4121243357658386
1452,24144,11925,134,3,0.08132796734571457,0.028055261820554733,1.017045021057129
1453,24151,10817,1036,2,0.0784495547413826,0.020896609872579575,-0.03726191818714142
1454,24204,20668,5,2,0.08103425055742264,0.030244823545217514,1.5036704540252686
1455,24269,12686,1126,2,0.07795638591051102,0.02112191915512085,-0.18807372450828552
1456,24285,22346,1042,2,0.07602054625749588,0.02045566402375698,-0.0399259552359581
1457,24299,21798,1320,5,0.07773987203836441,0.02349592000246048,-0.3917617201805115
1458,24323,3050,540,3,0.07736069709062576,0.023600224405527115,0.4193548858165741
1459,24333,19794,679,2,0.08305363357067108,0.02186289057135582,0.16634343564510345
1460,24343,22903,286,3,0.07928881794214249,0.025464128702878952,0.6489642858505249
1461,24369,12617,1509,2,0.07484731823205948,0.02024206891655922,-0.6405959129333496
1462,24371,6879,58,3,0.0792420282959938,0.02306233160197735,1.1631598472595215
1463,24395,3730,1661,3,0.08151884377002716,0.024886341765522957,-1.0094510316848755
1464,24398,10401,36,3,0.07659443467855453,0.02011946775019169,1.3957983255386353
1465,24407,3073,38,3,0.07765024900436401,0.024762853980064392,1.230747938156128
1466,24412,22990,130,5,0.07952523976564407,0.02450959011912346,0.9576296806335449
1467,24449,11328,487,2,0.08154032379388809,0.023316647857427597,0.3476344347000122
1468,24480,22939,25,1,0.0817176103591919,0.03099706396460533,1.4347469806671143
1469,24524,16859,76,2,0.08278584480285645,0.0307663194835186,1.1752458810806274
1470,24530,15913,137,2,0.079616479575634,0.02650894969701767,0.8687293529510498
1471,24544,20503,687,4,0.08068408071994781,0.027324892580509186,0.19885733723640442
1472,24580,3113,66,2,0.07818696647882462,0.025772705674171448,1.5044035911560059
1473,24601,21110,1024,2,0.077183797955513,0.019921228289604187,-0.00894821435213089
1474,24616,20312,1281,2,0.08366954326629639,0.019919391721487045,-0.34323444962501526
1475,24629,11589,667,2,0.0772622600197792,0.02171231433749199,0.11194611340761185
1476,24636,21734,471,7,0.07610529661178589,0.025322025641798973,0.4640865623950958
1477,24648,16873,291,3,0.08244633674621582,0.0236139427870512,0.8210846781730652
1478,24652,13175,1015,2,0.07759152352809906,0.02388758957386017,-0.17251373827457428
1479,24738,20641,157,2,0.07709181308746338,0.025159230455756187,0.9504095315933228
1480,24755,20801,43,3,0.08114178478717804,0.02727418765425682,1.2465084791183472
1481,24836,12657,718,1,0.07935862243175507,0.024217380210757256,0.3648003935813904
1482,24841,19955,1583,2,0.07792249321937561,0.022613219916820526,-1.0356626510620117
1483,24869,16217,432,2,0.0808711051940918,0.022178705781698227,0.4080559313297272
1484,24911,3188,32,2,0.0786023810505867,0.026213329285383224,1.366600513458252
1485,24913,20793,677,3,0.0768253356218338,0.021523967385292053,0.2570692300796509
1486,24929,9508,1407,4,0.07904616743326187,0.026240378618240356,-0.5949491262435913
1487,24977,15619,786,4,0.0806509256362915,0.02646072581410408,0.1427098661661148
1488,24978,3825,447,3,0.07744769752025604,0.023584894835948944,0.47493308782577515
1489,24995,8537,1693,2,0.07682773470878601,0.025613555684685707,-1.5723073482513428
1490,25069,20803,545,3,0.07828214019536972,0.02489517442882061,0.39325323700904846
1491,25110,19052,3,3,0.07951239496469498,0.02485394850373268,2.235752582550049
1492,25184,22884,1081,2,0.07987030595541,0.024665938690304756,-0.16776594519615173
1493,25197,17183,182,1,0.08137562870979309,0.027322271838784218,0.9486075639724731
1494,25198,5082,28,1,0.08249065279960632,0.027007227763533592,1.2937448024749756
1495,25245,5847,106,2,0.08034262806177139,0.026945505291223526,1.283987283706665
1496,25265,17953,950,3,0.07986331731081009,0.020549895241856575,0.09660045802593231
1497,25268,18542,671,4,0.0792759582400322,0.022549189627170563,0.12634462118148804
1498,25289,13001,236,2,0.08124271780252457,0.024290379136800766,0.8497731685638428
1499,25300,8410,685,2,0.07813427597284317,0.028256475925445557,0.2757280766963959
1500,25328,13078,569,2,0.07813558727502823,0.022041428834199905,0.481855183839798
1501,25329,22355,217,2,0.07992439717054367,0.024296628311276436,0.9145231246948242
1502,25337,22252,387,2,0.07624730467796326,0.02229906991124153,0.5611119270324707
1503,25339,19835,286,3,0.07777191698551178,0.023932643234729767,0.7026016116142273
1504,25396,19069,510,3,0.08048795908689499,0.022592471912503242,0.3069804310798645
1505,25397,17369,72,3,0.08169295638799667,0.027620501816272736,1.1705224514007568
1506,25407,11829,110,8,0.07999636232852936,0.024157654494047165,1.163524866104126
1507,25438,21384,35,5,0.08004629611968994,0.025770558044314384,1.5335361957550049
1508,25440,3344,136,2,0.07846309244632721,0.02229226753115654,1.0529098510742188
1509,25443,3637,88,2,0.07921691238880157,0.0277659073472023,1.0562708377838135
1510,25453,22826,19,6,0.0771079882979393,0.023265205323696136,2.011725425720215
1511,25462,21436,519,2,0.0789649486541748,0.0236392579972744,0.38594919443130493
1512,25485,19663,1678,3,0.0793960690498352,0.02740556001663208,-1.2930703163146973
1513,25490,20564,562,2,0.07754338532686234,0.024324968457221985,0.3366413712501526
1514,25492,21146,492,2,0.0792507752776146,0.023945216089487076,0.492651104927063
1515,25518,3726,1233,3,0.07992251962423325,0.024500099942088127,-0.34929531812667847
1516,25532,3382,171,2,0.08095210045576096,0.023285305127501488,1.0864815711975098
1517,25605,9388,2,3,0.07974489778280258,0.0284651517868042,3.029338836669922
1518,25607,9388,1,3,0.07943174242973328,0.03103252500295639,3.2099273204803467
1519,25609,3396,1599,2,0.08216714859008789,0.02500184439122677,-0.8293781280517578
1520,25612,13511,137,1,0.07964639365673065,0.027038367465138435,0.9718613624572754
1521,25629,10362,93,4,0.07767827808856964,0.021318506449460983,1.0970807075500488
1522,25657,3415,844,3,0.07925873249769211,0.023129085078835487,0.048041053116321564
1523,25658,9868,699,2,0.07850334048271179,0.024290282279253006,0.1901065707206726
1524,25687,22642,455,2,0.07925493270158768,0.0245186910033226,0.35540345311164856
1525,25689,19835,898,7,0.07559282332658768,0.02410905621945858,-0.0462699830532074
1526,25694,22958,237,2,0.08068317919969559,0.028381511569023132,0.787749171257019
1527,25708,14877,676,3,0.08118392527103424,0.025681886821985245,0.15760336816310883
1528,25714,9384,988,2,0.07909729331731796,0.025112640112638474,-0.11241240799427032
1529,25771,16586,300,2,0.07877306640148163,0.024481279775500298,0.6760092377662659
1530,25789,3485,1603,4,0.08107646554708481,0.02182033658027649,-0.9175722599029541
1531,25792,15648,12,2,0.08169306069612503,0.031515683978796005,1.493021845817566
1532,25862,5520,48,4,0.07469720393419266,0.020259462296962738,1.568342685699463
1533,25867,11106,1386,1,0.07606862485408783,0.019016554579138756,-0.44520044326782227
1534,25885,22472,1185,4,0.07973981648683548,0.020231645554304123,-0.26073703169822693
1535,25900,19526,9,2,0.07844175398349762,0.027248520404100418,1.6273987293243408
1536,25938,6195,262,5,0.07913806289434433,0.0264158733189106,0.8066049814224243
1537,26003,22144,465,2,0.07744118571281433,0.02515317127108574,0.39239639043807983
1538,26008,3712,801,6,0.07651863247156143,0.021597716957330704,0.18606966733932495
1539,26035,6656,1480,2,0.07761316746473312,0.023336760699748993,-0.7174242734909058
1540,26041,15998,61,2,0.07943633198738098,0.02613687701523304,1.2596629858016968
1541,26065,14871,718,3,0.08099160343408585,0.021853221580386162,0.13058045506477356
1542,26085,21685,877,2,0.07917094975709915,0.02075335569679737,0.10166551172733307
1543,26090,20805,234,2,0.07951188832521439,0.024062728509306908,0.8805098533630371
1544,26130,19913,1061,3,0.08217798918485641,0.019865822046995163,-0.12461696565151215
1545,26156,18394,974,6,0.07582661509513855,0.023317527025938034,-0.016313206404447556
1546,26202,18061,997,2,0.07591179758310318,0.022354260087013245,-0.05426448583602905
1547,26209,22929,143,4,0.07778012007474899,0.026046916842460632,0.9945996403694153
1548,26220,10861,1004,3,0.07927948981523514,0.022090069949626923,-0.15153054893016815
1549,26230,8044,1720,2,0.07848495990037918,0.024642758071422577,-1.2543277740478516
1550,26233,6714,589,2,0.07819405198097229,0.026391848921775818,0.2748822271823883
1551,26234,6497,647,2,0.07952730357646942,0.02154185250401497,0.18625377118587494
1552,26241,16198,462,3,0.07627265155315399,0.02101709321141243,0.47162067890167236
1553,26247,7447,161,3,0.07817323505878448,0.025083858519792557,0.9471133351325989
1554,26259,23028,171,2,0.07879306375980377,0.026049859821796417,1.0257307291030884
1555,26267,22565,1193,3,0.0790988951921463,0.024716433137655258,-0.24153710901737213
1556,26276,22807,1637,2,0.07865267246961594,0.024707328528165817,-0.9664905667304993
1557,26299,3595,1009,2,0.07912441343069077,0.02850046008825302,-0.011978283524513245
1558,26321,3599,229,2,0.07651376724243164,0.023438386619091034,0.7856028079986572
1559,26349,22714,418,2,0.07691361755132675,0.022073931992053986,0.46157127618789673
1560,26368,13598,394,2,0.08008486032485962,0.02486942522227764,0.5028872489929199
1561,26369,6033,1066,2,0.07842189818620682,0.023519357666373253,-0.162063330411911
1562,26371,10742,336,2,0.07897933572530746,0.025305669754743576,0.6559913754463196
1563,26377,9694,1,5,0.07740481197834015,0.02470436505973339,2.86702299118042
1564,26387,7373,726,2,0.0748065859079361,0.021170683205127716,0.09843605756759644
1565,26394,13046,8,4,0.07511693239212036,0.020382197573781013,2.1611568927764893
1566,26402,14378,3,3,0.07444009929895401,0.02079019322991371,3.0993566513061523
1567,26406,22574,106,2,0.07529953867197037,0.019808147102594376,1.1965450048446655
1568,26437,19112,779,2,0.07863135635852814,0.022119874134659767,0.12110201269388199
1569,26448,19900,29,3,0.08026257157325745,0.02824282832443714,1.5830674171447754
1570,26530,5108,800,2,0.0785481259226799,0.024539649486541748,0.1475280076265335
1571,26532,8504,106,2,0.07812904566526413,0.02048201858997345,1.1762717962265015
1572,26534,22821,19,3,0.07801549881696701,0.02393437549471855,2.2265703678131104
1573,26580,9479,110,2,0.07767485827207565,0.025682399049401283,1.0842783451080322
1574,26583,5903,422,3,0.07836446911096573,0.023408398032188416,0.6086956262588501
1575,26605,22328,495,5,0.08181989192962646,0.02089354395866394,0.29668086767196655
1576,26628,4387,894,3,0.08418670296669006,0.021633656695485115,-0.017038583755493164
1577,26630,22004,1043,2,0.07705819606781006,0.021412139758467674,-0.06842255592346191
1578,26674,13481,353,2,0.07903560250997543,0.024299535900354385,0.660308837890625
1579,26690,19767,14,2,0.0802006721496582,0.026916740462183952,1.5167319774627686
1580,26817,21758,937,2,0.07706043869256973,0.022731993347406387,0.05721331387758255
1581,26818,18274,35,2,0.08040693402290344,0.027771323919296265,1.2438520193099976
1582,26819,3762,109,2,0.07696698606014252,0.024441484361886978,1.0370910167694092
1583,26850,21345,537,3,0.0800003781914711,0.023642752319574356,0.29887253046035767
1584,26854,23031,1567,3,0.07712316513061523,0.023185795173048973,-0.7733832597732544
1585,26857,11685,1,2,0.07928121089935303,0.02587200328707695,2.1688992977142334
1586,26876,22217,1404,3,0.07974296808242798,0.02298293635249138,-0.447074830532074
1587,26886,22892,639,3,0.08019694685935974,0.0283616092056036,0.23437511920928955
1588,26952,12394,108,2,0.0777604803442955,0.02491854876279831,1.0795087814331055
1589,26973,15590,9,2,0.07968444377183914,0.02402392402291298,1.3596168756484985
1590,27003,11829,10,2,0.07966283708810806,0.0277183186262846,1.4382585287094116
1591,27006,22480,238,3,0.0798572227358818,0.02564394101500511,0.8277907371520996
1592,27028,18091,245,2,0.07839567959308624,0.02472858875989914,0.8115304708480835
1593,27036,3822,27,3,0.0782153457403183,0.022137120366096497,1.6417672634124756
1594,27046,14483,4,3,0.0799703299999237,0.024681497365236282,1.898703932762146
1595,27054,15266,1,6,0.08022646605968475,0.022836588323116302,2.063723564147949
1596,27078,20798,1473,1,0.08031842857599258,0.026976700872182846,-0.6895045042037964
1597,27079,21724,776,1,0.08031842857599258,0.02418745495378971,0.21998760104179382
1598,27093,21338,693,1,0.07941793650388718,0.02545558661222458,0.4017728269100189
1599,27126,22144,430,2,0.07927095890045166,0.026820039376616478,0.5717134475708008
1600,27176,21364,70,4,0.07515919953584671,0.020885856822133064,1.3592987060546875
1601,27193,3865,1187,2,0.07726147025823593,0.020959874615073204,-0.22969691455364227
1602,27215,3869,922,2,0.08234868198633194,0.020278645679354668,-0.039165183901786804
1603,27234,16763,1225,1,0.08225741237401962,0.02137655019760132,-0.30188658833503723
1604,27261,22929,97,2,0.08065766096115112,0.028890086337924004,1.1399331092834473
1605,27273,22994,876,2,0.0773833841085434,0.02331024780869484,0.15776629745960236
1606,27283,17780,889,3,0.07791339606046677,0.024013668298721313,0.030386444181203842
1607,27284,11696,260,3,0.07786557823419571,0.027027953416109085,0.7882489562034607
1608,27312,13482,1143,3,0.07634060829877853,0.020923111587762833,-0.24671539664268494
1609,27315,21350,4,5,0.07833761721849442,0.02649752050638199,2.155503273010254
1610,27344,6982,1764,2,0.07929325848817825,0.018615031614899635,-2.0764877796173096
1611,27366,20517,596,5,0.07895901054143906,0.0226440466940403,0.22713425755500793
1612,27385,21350,413,2,0.08027001470327377,0.020496053621172905,0.5350819230079651
1613,27392,3947,1161,3,0.0773102417588234,0.02253216877579689,-0.2715294063091278
1614,27396,3948,102,2,0.08030671626329422,0.025520242750644684,1.3322042226791382
1615,27417,4170,1408,2,0.07648614048957825,0.021911872550845146,-0.452387273311615
1616,27434,5108,987,2,0.07742874324321747,0.025084437802433968,-0.07355108857154846
1617,27437,3955,452,2,0.07634792476892471,0.02203427441418171,0.5341507196426392
1618,27448,22228,1047,4,0.07814690470695496,0.024339042603969574,-0.10001102089881897
1619,27457,14681,1395,2,0.0828341394662857,0.02055521495640278,-0.4758540093898773
1620,27465,17843,933,1,0.0806516483426094,0.027616849169135094,0.05628829076886177
1621,27509,17976,68,2,0.07752908021211624,0.021227136254310608,1.082015872001648
1622,27511,10229,1,4,0.0764525830745697,0.0206771120429039,2.784687042236328
1623,27514,21866,38,2,0.07938387989997864,0.02110441029071808,1.5050064325332642
1624,27533,7305,1520,3,0.07777035236358643,0.02415364980697632,-0.7082834243774414
1625,27546,3995,485,2,0.07884643971920013,0.021734917536377907,0.4980830252170563
1626,27551,16772,7,2,0.08073148131370544,0.02956247515976429,1.5136888027191162
1627,27561,10797,1779,4,0.0791107565164566,0.0218497384339571,-3.3295845985412598
1628,27584,6314,124,2,0.08060724288225174,0.027538448572158813,1.072251796722412
1629,27623,4020,232,2,0.08145523816347122,0.029935142025351524,0.857528567314148
1630,27687,22943,1149,2,0.0797680988907814,0.022656258195638657,-0.1955735981464386
1631,27688,19859,1135,2,0.07870590686798096,0.021944932639598846,-0.1600423902273178
1632,27690,5745,326,4,0.07834797352552414,0.025379803031682968,0.6822452545166016
1633,27691,10077,1276,3,0.07702549546957016,0.022144682705402374,-0.30569082498550415
1634,27694,4045,1433,2,0.08161178976297379,0.02731739543378353,-0.6510650515556335
1635,27695,21282,1141,3,0.07705417275428772,0.02176481857895851,-0.16021037101745605
1636,27723,6269,61,2,0.07695404440164566,0.023880884051322937,1.1446350812911987
1637,27750,12454,1038,2,0.07806174457073212,0.02511700615286827,-0.02830733358860016
1638,27784,19913,325,2,0.07781939953565598,0.02372150309383869,0.7388851046562195
1639,27790,22932,1057,3,0.07941954582929611,0.028431328013539314,-0.10120196640491486
1640,27815,21742,151,2,0.08151577413082123,0.02807481959462166,1.0915440320968628
1641,27868,14417,104,2,0.07802345603704453,0.024269666522741318,1.2018640041351318
1642,27871,4133,1309,5,0.07714364677667618,0.020590491592884064,-0.3304983973503113
1643,27888,21021,398,2,0.07870979607105255,0.02603861130774021,0.5911335349082947
1644,27897,22453,527,3,0.07924161851406097,0.024400744587183,0.4262854754924774
1645,27915,14062,1067,3,0.07691208273172379,0.021181492134928703,-0.18069246411323547
1646,27927,13376,497,2,0.07791641354560852,0.025341801345348358,0.45573922991752625
1647,27960,16616,753,2,0.08000802993774414,0.02839164435863495,0.2451114058494568
1648,27996,18274,739,2,0.07794423401355743,0.022235792130231857,0.23536550998687744
1649,28019,20753,5,2,0.0798305869102478,0.025324126705527306,1.5664794445037842
1650,28052,21446,1433,2,0.07929123938083649,0.023499971255660057,-0.5415183901786804
1651,28056,17693,12,1,0.07535430788993835,0.020406849682331085,1.7367817163467407
1652,28068,10151,1316,2,0.0829063355922699,0.021916737779974937,-0.47404396533966064
1653,28109,6037,2,3,0.07956752181053162,0.026188593357801437,2.1526198387145996
1654,28151,6716,984,2,0.08003734797239304,0.022318076342344284,-0.10487623512744904
1655,28157,19837,414,3,0.07802539318799973,0.024816831573843956,0.50163733959198
1656,28162,8589,1032,3,0.07544875144958496,0.021216925233602524,-0.14033743739128113
1657,28164,17122,699,2,0.07722077518701553,0.02360045164823532,0.25234854221343994
1658,28177,4284,1,3,0.07540079951286316,0.022204888984560966,2.605485200881958
1659,28212,22701,911,2,0.07787046581506729,0.02348439022898674,-0.07395114749670029
1660,28219,6020,1590,5,0.07854346185922623,0.02109907567501068,-0.9258534908294678
1661,28222,21758,349,2,0.07533347606658936,0.02063928171992302,0.5266283750534058
1662,28302,15571,22,3,0.07666881382465363,0.020493483170866966,1.9682958126068115
1663,28353,8812,412,3,0.08049400895833969,0.0221750158816576,0.6051254272460938
1664,28374,21491,1080,3,0.0766623318195343,0.021996838971972466,-0.16972491145133972
1665,28390,7170,325,3,0.08112695813179016,0.025768447667360306,0.6534616947174072
1666,28392,4365,408,3,0.07941804826259613,0.027006767690181732,0.5759926438331604
1667,28403,19563,1493,4,0.08015662431716919,0.029091689735651016,-0.7079720497131348
1668,28422,15439,16,8,0.08203121274709702,0.027365664020180702,2.3808817863464355
1669,28423,22774,400,3,0.07796178013086319,0.02628185786306858,0.5710409879684448
1670,28426,20054,1304,3,0.07809735089540482,0.02554204687476158,-0.35675546526908875
1671,28482,5967,1707,2,0.07747294753789902,0.023200128227472305,-1.628042459487915
1672,28496,11069,306,2,0.07757972180843353,0.019461603835225105,0.7077697515487671
1673,28501,21699,156,3,0.08194560557603836,0.031325846910476685,1.0116899013519287
1674,28504,16291,32,2,0.07796820998191833,0.024629490450024605,1.3791333436965942
1675,28522,21101,1118,1,0.07779250293970108,0.022020185366272926,-0.1527213454246521
1676,28548,17822,351,3,0.07732696831226349,0.022899065166711807,0.6177334785461426
1677,28551,18052,20,2,0.07844451069831848,0.025735625997185707,2.315281867980957
1678,28556,21338,267,3,0.07667436450719833,0.02229456976056099,0.6979008316993713
1679,28607,6378,1379,2,0.07801610231399536,0.02449681982398033,-0.5526008605957031
1680,28625,20923,1708,2,0.07805930078029633,0.01953534595668316,-1.6641520261764526
1681,28676,4438,1150,2,0.07905503362417221,0.023012664169073105,-0.21194563806056976
1682,28716,11690,354,2,0.07860387861728668,0.02119460701942444,0.6937809586524963
1683,28737,22929,658,1,0.080995574593544,0.022438330575823784,0.20005111396312714
1684,28751,5900,1691,2,0.07950543612241745,0.022158749401569366,-1.3493698835372925
1685,28757,22194,1545,2,0.07807794213294983,0.02345614694058895,-0.7730977535247803
1686,28773,20919,609,1,0.0838218629360199,0.02304878458380699,0.2514289915561676
1687,28781,22267,719,2,0.07740793377161026,0.0230787955224514,0.24567973613739014
1688,28839,21775,612,2,0.07722274214029312,0.022537317126989365,0.4089750647544861
1689,28868,16859,165,2,0.07743625342845917,0.02398330345749855,0.9267159700393677
1690,28891,22945,466,5,0.07674755156040192,0.02518562227487564,0.489524781703949
1691,28902,5963,1190,2,0.07946206629276276,0.025048257783055305,-0.2747412919998169
1692,28914,10165,223,2,0.07904935628175735,0.024609599262475967,0.8421593904495239
1693,28938,22772,899,3,0.08204162120819092,0.020746327936649323,-0.0064060986042022705
1694,28974,9532,1724,3,0.07945655286312103,0.021921265870332718,-1.5004189014434814
1695,28989,19015,566,1,0.0816299095749855,0.020930860191583633,0.31945404410362244
1696,29004,17841,359,2,0.08003644645214081,0.02805335633456707,0.6640521883964539
1697,29008,23029,269,2,0.0800294503569603,0.028270578011870384,0.811911404132843
1698,29016,21724,578,2,0.07787025719881058,0.0218215249478817,0.3338242769241333
1699,29075,21624,7,2,0.08084411174058914,0.03220962733030319,1.626112461090088
1700,29095,4611,16,3,0.07948259264230728,0.027618223801255226,1.8726750612258911
1701,29113,21751,849,1,0.08055553585290909,0.024095602333545685,0.18506932258605957
1702,29131,21652,1,2,0.07725651562213898,0.02490612119436264,3.028500556945801
1703,29138,8021,1652,3,0.07882501929998398,0.024425456300377846,-1.2947801351547241
1704,29152,20082,166,3,0.07949206978082657,0.029514674097299576,1.0467572212219238
1705,29219,15020,1,2,0.07936252653598785,0.025093000382184982,2.632089614868164
1706,29259,20781,1210,4,0.07653979957103729,0.022028587758541107,-0.1907583624124527
1707,29270,16085,1015,1,0.0847209244966507,0.021616652607917786,-0.013560027815401554
1708,29287,21915,624,2,0.07962837815284729,0.023593783378601074,0.34025490283966064
1709,29302,22862,604,3,0.07880552858114243,0.027929946780204773,0.3391467332839966
1710,29344,15063,820,4,0.08026763796806335,0.028194833546876907,0.062227100133895874
1711,29362,21639,536,2,0.07791220396757126,0.02204308658838272,0.3183068633079529
1712,29370,22874,1419,2,0.08020267635583878,0.022471504285931587,-0.5009785890579224
1713,29436,19814,728,2,0.08269200474023819,0.028475049883127213,0.2908709943294525
1714,29444,9018,166,2,0.08082620054483414,0.028752867132425308,0.9228335022926331
1715,29504,15682,2,3,0.07661422342061996,0.02403673715889454,3.5689802169799805
1716,29509,22228,868,2,0.0828150287270546,0.021026648581027985,0.0016161426901817322
1717,29553,23005,179,2,0.08028358966112137,0.027671154588460922,0.9624245166778564
1718,29689,9075,1151,2,0.07856377214193344,0.023795507848262787,-0.1981295347213745
1719,29693,15674,1670,3,0.08065122365951538,0.025038566440343857,-1.2206066846847534
1720,29720,4878,399,2,0.08491960912942886,0.024372704327106476,0.4851607382297516
1721,29728,14312,651,2,0.07946232706308365,0.023386837914586067,0.205222487449646
1722,29729,19837,447,3,0.08019617199897766,0.026740990579128265,0.5338647365570068
1723,29741,9164,1,2,0.07633861154317856,0.026171119883656502,3.226916790008545
1724,29746,22884,98,2,0.0769142210483551,0.0239726472645998,1.10170316696167
1725,29759,17613,723,2,0.07982903718948364,0.021369926631450653,0.14568018913269043
1726,29776,4907,62,2,0.07998406141996384,0.02752438187599182,1.5663338899612427
1727,29780,22826,381,2,0.07514766603708267,0.020817000418901443,0.47438618540763855
1728,29791,4920,886,2,0.07751380652189255,0.021739238873124123,0.06574894487857819
1729,29798,21775,75,3,0.07543577998876572,0.02113262563943863,1.2819730043411255
1730,29815,22740,392,3,0.07790060341358185,0.02336769923567772,0.5173898339271545
1731,29851,21900,1646,3,0.07648422569036484,0.022461624816060066,-0.9694420099258423
1732,29857,13106,59,3,0.07916975766420364,0.029420392587780952,1.3997689485549927
1733,29888,4952,683,2,0.07714579999446869,0.022515378892421722,0.2619510591030121
1734,29916,22004,882,2,0.07858404517173767,0.02077379822731018,0.04403704032301903
1735,29935,19454,496,2,0.07869338989257812,0.023615840822458267,0.465965211391449
1736,29976,12079,1305,3,0.08211451768875122,0.02075043134391308,-0.40143275260925293
1737,29984,19819,761,1,0.08012440800666809,0.021903298795223236,0.12727589905261993
1738,29988,10633,1,2,0.07570173591375351,0.023294096812605858,3.7658872604370117
1739,29997,17122,953,2,0.07440025359392166,0.018871018663048744,-0.04473868012428284
1740,30000,21945,1048,2,0.08091764897108078,0.02233773097395897,-0.12362349778413773
1741,30004,22894,1444,2,0.08184683322906494,0.022518105804920197,-0.5485328435897827
1742,30135,13821,66,3,0.08153259009122849,0.028713993728160858,1.183580994606018
1743,30150,19633,777,1,0.08176925033330917,0.02848026156425476,0.17712616920471191
1744,30170,21768,486,2,0.08183813095092773,0.02198650687932968,0.34338682889938354
1745,30202,10890,544,4,0.08080442994832993,0.0229402594268322,0.40062546730041504
1746,30229,22932,176,1,0.08155278116464615,0.03051350638270378,0.9162276983261108
1747,30236,22349,83,2,0.07561253011226654,0.020607206970453262,1.2132840156555176
1748,30239,22996,836,3,0.07883066684007645,0.02530452236533165,0.1278250366449356
1749,30261,13591,457,2,0.07860944420099258,0.023969240486621857,0.3888326585292816
1750,30263,5137,712,2,0.08215456455945969,0.019704647362232208,0.10139565914869308
1751,30303,12630,35,2,0.07812409847974777,0.025016486644744873,1.369423270225525
1752,30311,17171,48,3,0.07615161687135696,0.020403046160936356,1.5818047523498535
1753,30367,22703,199,1,0.07769421488046646,0.023794803768396378,0.9304720163345337
1754,30371,14534,749,2,0.08005382865667343,0.027508970350027084,0.22449369728565216
1755,30377,19474,237,2,0.07885506004095078,0.025383850559592247,0.858542799949646
1756,30397,13296,101,2,0.07535920292139053,0.02087717317044735,1.1591708660125732
1757,30398,6105,704,1,0.08415138721466064,0.034592874348163605,0.23076149821281433
1758,30423,13448,459,3,0.07896403968334198,0.025948554277420044,0.4949968457221985
1759,30442,19160,14,2,0.07690168172121048,0.025082184001803398,1.489595651626587
1760,30448,19352,694,4,0.07929280400276184,0.022858018055558205,0.2785727381706238
1761,30469,11591,2,2,0.08098343759775162,0.025656066834926605,2.5500259399414062
1762,30568,10403,1453,3,0.08121224492788315,0.01878725178539753,-0.6551185846328735
1763,30634,20376,8,4,0.07507126033306122,0.020371828228235245,2.7011382579803467
1764,30668,22837,981,2,0.07911647111177444,0.022734373807907104,-0.13101398944854736
1765,30675,20282,52,2,0.0782308280467987,0.027135230600833893,1.3923969268798828
1766,30676,18272,1161,2,0.07863891124725342,0.023191384971141815,-0.20612876117229462
1767,30680,18807,161,3,0.080317422747612,0.028350353240966797,0.9045956134796143
1768,30686,17517,970,3,0.07998257130384445,0.02755671739578247,-0.1205558180809021
1769,30723,15850,173,2,0.08087010681629181,0.02691436931490898,0.9757423996925354
1770,30737,21505,399,2,0.07670383900403976,0.02315775863826275,0.5553743243217468
1771,30750,16960,826,1,0.08220469951629639,0.020100019872188568,0.07576747238636017
1772,30764,22550,467,1,0.0775287002325058,0.021455811336636543,0.5024145841598511
1773,30780,22892,1622,1,0.0802505686879158,0.025982003659009933,-1.0568054914474487
1774,30826,10817,1018,2,0.07874072343111038,0.02035011723637581,-0.054441556334495544
1775,30851,20177,1043,2,0.07641399651765823,0.02139553800225258,-0.00012547150254249573
1776,30941,18794,766,2,0.08006945997476578,0.025955725461244583,0.22219674289226532
1777,30948,21947,6,4,0.07973314821720123,0.030124342069029808,3.069950580596924
1778,30951,22975,46,1,0.08077477663755417,0.029361898079514503,1.4462952613830566
1779,30971,7388,356,2,0.07492037862539291,0.021532880142331123,0.6166267395019531
1780,31018,5520,335,4,0.0788288414478302,0.023968582972884178,0.7042369246482849
1781,31039,23008,1253,1,0.07771061360836029,0.025528427213430405,-0.3405291438102722
1782,31060,16627,230,3,0.07780557125806808,0.024292975664138794,0.8883772492408752
1783,31069,15308,613,3,0.0790044516324997,0.022030573338270187,0.35444366931915283
1784,31095,10403,1359,3,0.07901864498853683,0.01956392079591751,-0.47802865505218506
1785,31098,21801,321,2,0.07784471660852432,0.023843813687562943,0.6933659911155701
1786,31126,23019,750,3,0.07709788531064987,0.022299790754914284,0.19860920310020447
1787,31144,21429,74,3,0.07644201070070267,0.022422388195991516,1.2395421266555786
1788,31160,19010,667,2,0.0780322477221489,0.02663462609052658,0.28150805830955505
1789,31179,22347,379,3,0.07837582379579544,0.025464674457907677,0.6357681751251221
1790,31201,21222,149,2,0.07533863931894302,0.021336808800697327,0.9682559967041016
1791,31212,21082,1155,1,0.07964523881673813,0.020513946190476418,-0.33665841817855835
1792,31238,22329,14,3,0.08185341209173203,0.03125839680433273,1.4901015758514404
1793,31240,20604,1740,2,0.07799822837114334,0.021160971373319626,-1.7491223812103271
1794,31242,18151,93,2,0.07984235137701035,0.02716733328998089,0.9979208707809448
1795,31244,15643,2,2,0.07683666050434113,0.025393586605787277,3.426790475845337
1796,31258,9156,6,3,0.07589612901210785,0.023073609918355942,2.2741570472717285
1797,31282,23012,667,4,0.07880265265703201,0.026962634176015854,0.25861799716949463
1798,31284,10011,1001,2,0.07626109570264816,0.020068109035491943,0.018209069967269897
1799,31317,12120,820,1,0.08212930709123611,0.018988724797964096,-0.02927490696310997
1800,31355,16120,1582,3,0.07808157801628113,0.026008624583482742,-0.9048702120780945
1801,31357,21707,139,3,0.0782347023487091,0.02449210174381733,1.072187066078186
1802,31415,22700,559,2,0.07853373885154724,0.024610843509435654,0.39080512523651123
1803,31430,19136,5,2,0.0756664052605629,0.020969100296497345,2.5154523849487305
1804,31478,13117,6,2,0.08126547187566757,0.029120082035660744,1.4749854803085327
1805,31494,21351,438,2,0.07527308166027069,0.018969155848026276,0.3520345389842987
1806,31523,19746,907,1,0.08002278953790665,0.025528468191623688,0.0880061611533165
1807,31541,17669,1019,6,0.0812574252486229,0.022197101265192032,-0.09296175837516785
1808,31560,10045,1107,2,0.0797334685921669,0.020888855680823326,-0.13020600378513336
1809,31563,21489,51,1,0.07759372889995575,0.025760473683476448,1.2983171939849854
1810,31626,14242,17,2,0.07958423346281052,0.02831287868320942,1.6243374347686768
1811,31633,18213,1543,4,0.07733596861362457,0.022929051890969276,-0.7147173881530762
1812,31645,12017,1489,2,0.07711465656757355,0.02160021662712097,-0.683448851108551
1813,31708,20039,207,2,0.08128506690263748,0.028056582435965538,0.9198062419891357
1814,31731,21583,259,3,0.07948444038629532,0.026177264750003815,0.938595712184906
1815,31742,22182,1630,1,0.07932036370038986,0.020101092755794525,-1.1543395519256592
1816,31771,13037,5,2,0.07546448707580566,0.01933983527123928,2.0616343021392822
1817,31808,22981,673,3,0.07885971665382385,0.026491641998291016,0.23132598400115967
1818,31841,20012,1005,3,0.0797574520111084,0.020930107682943344,-0.07307963818311691
1819,31846,21586,921,2,0.07857377082109451,0.020738743245601654,-0.07325480878353119
1820,31851,18059,822,3,0.07837273180484772,0.022321414202451706,0.1443987786769867
1821,31862,22845,912,2,0.0787154883146286,0.025627905502915382,0.12158788740634918
1822,31912,16518,1664,2,0.07978766411542892,0.021177120506763458,-1.3645087480545044
1823,31955,22884,543,5,0.07792581617832184,0.023798711597919464,0.39845094084739685
1824,32000,6656,1612,2,0.07596419751644135,0.021231289952993393,-1.067824363708496
1825,32037,22168,117,3,0.08069472014904022,0.03118128329515457,1.118377447128296
1826,32046,20666,294,3,0.07607197761535645,0.022594548761844635,0.6831784248352051
1827,32076,13715,2,3,0.07850240916013718,0.023186244070529938,2.1590189933776855
1828,32084,23019,251,2,0.07877153903245926,0.02400272525846958,0.7812489867210388
1829,32097,20793,949,1,0.0792544037103653,0.023119518533349037,0.0819765031337738
1830,32143,20683,9,2,0.08140657842159271,0.031831324100494385,1.9365010261535645
1831,32196,22935,129,3,0.07970623672008514,0.026286805048584938,1.0153751373291016
1832,32197,20705,18,2,0.07989335805177689,0.02898111566901207,2.1916861534118652
1833,32229,10807,111,2,0.07897073030471802,0.02258758246898651,1.1936683654785156
1834,32255,8810,1262,6,0.07767201960086823,0.023720428347587585,-0.30994999408721924
1835,32284,22703,395,3,0.07812346518039703,0.023531120270490646,0.5191146731376648
1836,32310,20333,503,2,0.07764022052288055,0.019602065905928612,0.37735462188720703
1837,32318,22116,701,2,0.07887125015258789,0.024416904896497726,0.22947397828102112
1838,32331,8817,1589,2,0.08393663167953491,0.023587236180901527,-0.7005000710487366
1839,32347,21586,22,4,0.07850390672683716,0.02460234984755516,1.2744932174682617
1840,32379,22017,1674,3,0.07610423117876053,0.02213793247938156,-1.4048525094985962
1841,32400,22787,652,3,0.08012738078832626,0.028432808816432953,0.2904399037361145
1842,32431,18278,1550,1,0.07990642637014389,0.020101340487599373,-0.8083453178405762
1843,32447,20127,370,2,0.07957407087087631,0.022779103368520737,0.5845029950141907
1844,32450,19866,12,1,0.07718029618263245,0.02227729931473732,1.651427984237671
1845,32452,21356,377,3,0.07723093032836914,0.02204364538192749,0.6053882837295532
1846,32471,21581,1149,3,0.07995963096618652,0.021568698808550835,-0.18575383722782135
1847,32474,21366,275,5,0.07596254348754883,0.019724570214748383,0.769562840461731
1848,32485,21368,1289,1,0.08169755339622498,0.020633120089769363,-0.3195759654045105
1849,32494,21417,1320,2,0.07558856904506683,0.019910434260964394,-0.36885860562324524
1850,32506,17112,55,3,0.07571505010128021,0.02043735980987549,1.5091760158538818
1851,32539,18180,423,2,0.07649688422679901,0.024748874828219414,0.4867696166038513
1852,32558,13396,330,2,0.08057544380426407,0.023054707795381546,0.6610845327377319
1853,32610,20656,217,3,0.07925208657979965,0.02591898664832115,0.9472867846488953
1854,32617,16159,1599,3,0.07977508008480072,0.027126185595989227,-1.039933443069458
1855,32625,16653,441,2,0.07937438786029816,0.023906312882900238,0.43953046202659607
1856,32645,21221,1,2,0.07441361993551254,0.02097102627158165,2.9304604530334473
1857,32647,22021,506,2,0.07514694333076477,0.021838072687387466,0.39399850368499756
1858,32657,22980,553,3,0.07757197320461273,0.024199608713388443,0.3640381395816803
1859,32663,21736,16,2,0.07899966835975647,0.028156302869319916,1.4754858016967773
1860,32711,10875,84,2,0.07927016913890839,0.029234357178211212,1.2132772207260132
1861,32730,9569,164,2,0.07678390294313431,0.024276573210954666,0.9850631356239319
1862,32772,11125,894,5,0.07899270951747894,0.021765004843473434,0.06034480035305023
1863,32847,10411,789,2,0.08082729578018188,0.020802229642868042,0.1605055034160614
1864,32860,22973,1089,1,0.07622034102678299,0.019850648939609528,-0.22472569346427917
1865,32861,14261,1288,1,0.07644268125295639,0.020328277722001076,-0.2817056477069855
1866,32878,19231,4,2,0.07849530130624771,0.023560527712106705,2.273465394973755
1867,32882,16612,801,3,0.08098462969064713,0.022020911797881126,0.09124953299760818
1868,32913,22144,889,4,0.0784163698554039,0.02490370348095894,0.07924347370862961
1869,32923,22968,484,2,0.07920525968074799,0.02442513033747673,0.3615002930164337
1870,32956,21060,1338,1,0.08367472887039185,0.027927754446864128,-0.4653457999229431
1871,32965,21982,1502,2,0.07881177216768265,0.023599762469530106,-0.695271909236908
1872,32989,17231,1,3,0.07761417329311371,0.023874813690781593,2.5284736156463623
1873,32993,21263,589,2,0.08204677700996399,0.02264082431793213,0.24836798012256622
1874,33001,20050,1,1,0.07928013056516647,0.027141990140080452,2.827660083770752
1875,33026,21096,159,1,0.07544783502817154,0.01947278529405594,0.982410192489624
1876,33027,22997,1207,2,0.07478120923042297,0.02041669562458992,-0.27227210998535156
1877,33042,22032,671,2,0.08087202161550522,0.02851101942360401,0.36147353053092957
1878,33066,20084,1016,2,0.08014971762895584,0.02354162558913231,-0.0749884620308876
1879,33067,23027,1758,3,0.08016909658908844,0.02209334634244442,-1.9702893495559692
1880,33092,19364,347,2,0.08323010802268982,0.031196920201182365,0.6437728404998779
1881,33093,6874,1186,2,0.07945629954338074,0.025841426104307175,-0.19830957055091858
1882,33102,15006,1258,3,0.07880853861570358,0.02102857455611229,-0.26427003741264343
1883,33114,22334,252,2,0.07917220890522003,0.02572949416935444,0.7856152653694153
1884,33120,13707,436,2,0.07522734254598618,0.02151668444275856,0.4808806777000427
1885,33146,19786,196,3,0.07631160318851471,0.022246088832616806,0.9551036357879639
1886,33151,6923,1255,2,0.08164220303297043,0.021877337247133255,-0.3010130226612091
1887,33158,21568,814,2,0.07648969441652298,0.022649293765425682,0.13954676687717438
1888,33184,22777,783,2,0.079983189702034,0.023334208875894547,-0.020282089710235596
1889,33196,6952,10,2,0.07655811309814453,0.021078597754240036,1.8415038585662842
1890,33226,17424,1753,2,0.07905265688896179,0.029069073498249054,-2.303095579147339
1891,33248,11477,289,2,0.08309420198202133,0.03055521287024021,0.7788160443305969
1892,33281,17232,110,2,0.07934540510177612,0.025481855496764183,1.2480413913726807
1893,33283,21218,568,2,0.08124087005853653,0.02796933799982071,0.4159610867500305
1894,33286,19384,1293,1,0.07937459647655487,0.022861190140247345,-0.34478265047073364
1895,33324,9209,813,2,0.07905182987451553,0.02763703092932701,0.1652306169271469
1896,33356,21161,920,6,0.07723098993301392,0.023056892678141594,0.09704519808292389
1897,33372,22805,1180,2,0.08132599294185638,0.02715456485748291,-0.2543463110923767
1898,33383,13315,387,3,0.08094443380832672,0.02708594873547554,0.5677445530891418
1899,33417,7080,1,2,0.07945001870393753,0.027454093098640442,3.933896064758301
1900,33516,10469,31,3,0.0793822854757309,0.02956698276102543,1.27294921875
1901,33574,22401,1203,3,0.08105587959289551,0.025910736992955208,-0.3024241328239441
1902,33581,20084,929,2,0.08126237243413925,0.021388567984104156,-0.02032613754272461
1903,33614,21230,103,2,0.07932716608047485,0.025619180873036385,1.1713954210281372
1904,33619,22957,428,2,0.08093833923339844,0.028063230216503143,0.5556814670562744
1905,33665,13485,1440,2,0.07779660820960999,0.02330026775598526,-0.6112973093986511
1906,33668,15212,5,1,0.07749360054731369,0.0253923200070858,2.920442581176758
1907,33693,22973,171,3,0.07814094424247742,0.025541745126247406,0.9397478103637695
1908,33694,22273,1339,2,0.07950670272111893,0.02837587147951126,-0.4481361508369446
1909,33695,16653,331,2,0.07950583845376968,0.026837147772312164,0.6821982860565186
1910,33723,14172,390,4,0.07943308353424072,0.027057740837335587,0.6180485486984253
1911,33747,22701,529,8,0.07803701609373093,0.022816631942987442,0.4350540041923523
1912,33764,20688,343,2,0.07742061465978622,0.025750400498509407,0.5575231313705444
1913,33794,22853,784,3,0.07664985209703445,0.02078210934996605,0.08285513520240784
1914,33824,20518,1022,4,0.07475491613149643,0.02003616839647293,-0.028974860906600952
1915,33846,16539,9,4,0.07825210690498352,0.023737173527479172,1.6400973796844482
1916,33850,22932,1278,2,0.07599969953298569,0.019279995933175087,-0.3376230001449585
1917,33868,18884,1261,3,0.0814291462302208,0.02241707779467106,-0.33909541368484497
1918,33870,7460,383,2,0.07912586629390717,0.025397177785634995,0.5934863090515137
1919,33891,22515,319,1,0.08040453493595123,0.028830833733081818,0.7220764756202698
1920,33923,22776,2,2,0.07896994054317474,0.029962338507175446,3.111947774887085
1921,33930,7514,260,2,0.0796370804309845,0.026624945923686028,0.7802347540855408
1922,33944,18094,155,2,0.07763083279132843,0.023381464183330536,1.0033349990844727
1923,33959,23032,152,3,0.07561124861240387,0.021483004093170166,0.9973626136779785
1924,33964,14075,282,2,0.07700683176517487,0.025207078084349632,0.7276932001113892
1925,33965,22095,3,5,0.07968030124902725,0.029128368943929672,2.701580286026001
1926,33997,19251,3,3,0.07895363867282867,0.026375137269496918,2.430788040161133
1927,33999,21906,1,2,0.08063331991434097,0.030279085040092468,1.396958827972412
1928,34122,22996,109,2,0.07620731741189957,0.023232359439134598,1.0746082067489624
1929,34124,23011,301,2,0.07881210744380951,0.02776513062417507,0.72352135181427
1930,34151,22878,753,3,0.07737438380718231,0.02522338554263115,0.12042141705751419
1931,34161,17138,42,2,0.0780310183763504,0.024770662188529968,1.4971345663070679
1932,34196,20180,216,3,0.0761234387755394,0.021905886009335518,0.6780182123184204
1933,34217,21626,1558,2,0.07827696949243546,0.02658657729625702,-1.009093165397644
1934,34221,20362,967,2,0.07664278894662857,0.022342000156641006,-0.09863702207803726
1935,34276,14861,96,2,0.07754407078027725,0.023821262642741203,1.0237228870391846
1936,34351,20549,864,3,0.07845842093229294,0.023413095623254776,-0.05966392159461975
1937,34361,20411,1247,2,0.077513188123703,0.024414537474513054,-0.2253648340702057
1938,34363,18146,103,2,0.07767711579799652,0.023804567754268646,1.2417259216308594
1939,34366,13989,8,2,0.07878413796424866,0.02538742870092392,1.8289031982421875
1940,34381,22941,556,5,0.07874574512243271,0.026399586349725723,0.3878065049648285
1941,34459,21206,20,3,0.07912477850914001,0.02583814598619938,1.5940449237823486
1942,34477,19825,2,2,0.07887894660234451,0.023098042234778404,2.242586612701416
1943,34478,15519,1062,1,0.0779985561966896,0.024039896205067635,-0.13660474121570587
1944,34491,22834,94,2,0.07834655046463013,0.023280691355466843,1.1625583171844482
1945,34521,15894,1016,3,0.07669499516487122,0.02359580248594284,-0.11823363602161407
1946,34522,9014,196,2,0.07955920696258545,0.02690133824944496,0.9576249122619629
1947,34529,16799,220,2,0.0788469910621643,0.024048183113336563,0.8752731680870056
1948,34534,16661,173,2,0.07732810825109482,0.024233471602201462,0.9804795384407043
1949,34544,22997,602,2,0.07777851819992065,0.024217162281274796,0.3190259039402008
1950,34565,20711,398,5,0.08313751965761185,0.02327721379697323,0.5437825322151184
1951,34598,14215,937,6,0.07714571058750153,0.02443769760429859,0.02902335673570633
1952,34606,22996,265,2,0.07912550121545792,0.026599178090691566,0.7433074712753296
1953,34609,13693,1,2,0.08401545137166977,0.03828847408294678,1.851637601852417
1954,34618,20792,590,2,0.07892420142889023,0.023188743740320206,0.3603336811065674
1955,34631,10393,1273,2,0.08041194826364517,0.02366878092288971,-0.31289416551589966
1956,34636,8171,313,2,0.07969292253255844,0.023321740329265594,0.6815649271011353
1957,34643,17369,16,3,0.08333693444728851,0.030033379793167114,1.484410285949707
1958,34659,19415,19,2,0.07710814476013184,0.02221507951617241,1.9033763408660889
1959,34670,10580,20,2,0.07770118117332458,0.026336688548326492,1.5040291547775269
1960,34691,23018,1243,2,0.08097384124994278,0.022086143493652344,-0.29208263754844666
1961,34714,11970,558,2,0.07831951230764389,0.0250735804438591,0.3761098384857178
1962,34776,12981,591,2,0.0796554833650589,0.024156775325536728,0.39123398065567017
1963,34831,23021,140,2,0.07814132422208786,0.026016224175691605,1.0340677499771118
1964,34833,18069,103,2,0.0781199261546135,0.02306164987385273,1.0047786235809326
1965,34845,8398,302,4,0.07845764607191086,0.026873858645558357,0.695288896560669
1966,34849,15381,309,3,0.07552675157785416,0.02239042893052101,0.6679248809814453
1967,34858,21757,66,2,0.08018086850643158,0.028896283358335495,1.1062133312225342
1968,34891,22228,619,1,0.08534720540046692,0.02261577546596527,0.23949465155601501
1969,34964,18291,504,2,0.07840462028980255,0.022570163011550903,0.5108223557472229
1970,34971,8529,98,2,0.07820592820644379,0.02443644404411316,1.2058895826339722
1971,34978,11648,132,3,0.08039556443691254,0.02818135917186737,0.9553501605987549
1972,34980,22958,696,2,0.07730536162853241,0.026179885491728783,0.2175578624010086
1973,35001,17817,4,3,0.07872867584228516,0.027789145708084106,2.6455254554748535
1974,35011,21459,1059,2,0.07900164276361465,0.025226473808288574,-0.046118564903736115
1975,35071,12749,297,3,0.07818066328763962,0.02437131106853485,0.6683486104011536
1976,35078,17021,1719,2,0.07915662229061127,0.019154977053403854,-1.1328237056732178
1977,35096,21789,15,2,0.07799817621707916,0.025617150589823723,1.3741607666015625
1978,35195,23029,315,2,0.07737475633621216,0.025918228551745415,0.7084556221961975
1979,35201,22610,69,2,0.07987253367900848,0.02492997981607914,1.0728152990341187
1980,35213,18430,631,2,0.07879957556724548,0.02472122758626938,0.29261818528175354
1981,35271,21992,1139,2,0.07968263328075409,0.022898266091942787,-0.20748600363731384
1982,35273,8916,597,6,0.07968001067638397,0.024798868224024773,0.36201560497283936
1983,35276,21803,577,2,0.07952798157930374,0.023705892264842987,0.30697575211524963
1984,35300,15323,1086,2,0.07824289798736572,0.0217521321028471,-0.12295989692211151
1985,35308,16303,693,2,0.07555204629898071,0.022517383098602295,0.31268763542175293
1986,35322,19052,417,4,0.07510671019554138,0.02038240060210228,0.5718028545379639
1987,35328,20746,1272,3,0.07726609706878662,0.021790508180856705,-0.3328719735145569
1988,35336,18362,275,2,0.07844758033752441,0.023874875158071518,0.7639877796173096
1989,35344,15932,202,3,0.07817373424768448,0.02406090311706066,0.880827784538269
1990,35386,21751,8,1,0.07499327510595322,0.020293626934289932,2.6750144958496094
1991,35402,19647,1452,1,0.0800013393163681,0.022615108639001846,-0.6433746218681335
1992,35404,21326,259,3,0.07832670211791992,0.025398526340723038,0.7346342206001282
1993,35412,20158,53,2,0.0760418102145195,0.020373202860355377,1.4663994312286377
1994,35443,23006,1556,4,0.07875258475542068,0.023357728496193886,-0.8898991346359253
1995,35463,12626,1697,1,0.08047550916671753,0.01831059716641903,-1.2254589796066284
1996,35466,22603,1015,2,0.08070369064807892,0.02526453509926796,-0.06237480044364929
1997,35477,19652,1580,2,0.07397276908159256,0.018858132883906364,-0.8004595041275024
1998,35489,16546,1408,2,0.0767003670334816,0.021339796483516693,-0.5362809896469116
1999,35530,15398,206,2,0.07756902277469635,0.01947837695479393,0.8763691782951355
2000,35532,13811,151,3,0.07925057411193848,0.02419392764568329,0.9609255790710449
2001,35543,21272,1159,2,0.08157302439212799,0.02096504345536232,-0.18202918767929077
2002,35560,21703,2,3,0.08161784708499908,0.031098298728466034,2.153151035308838
2003,35622,15215,1006,2,0.07747814059257507,0.026028506457805634,-0.06372757256031036
2004,35627,22073,78,1,0.0798778384923935,0.025660019367933273,1.1745268106460571
2005,35685,12544,763,2,0.07739511132240295,0.021248066797852516,0.18037495017051697
2006,35705,15633,317,3,0.08118822425603867,0.023409605026245117,0.7183592915534973
2007,35707,15339,874,2,0.07812333106994629,0.02050081267952919,-0.051480550318956375
2008,35710,23018,1255,1,0.07787314057350159,0.018814686685800552,-0.3090842664241791
2009,35716,18548,99,2,0.07766512036323547,0.023967593908309937,1.5144908428192139
2010,35780,21939,612,2,0.07812429219484329,0.021536298096179962,0.32434168457984924
2011,35798,12421,804,2,0.07736561447381973,0.024499423801898956,-0.04526388645172119
2012,35832,12125,215,2,0.07862305641174316,0.02442721650004387,0.85982745885849
2013,35860,19769,536,2,0.07951297610998154,0.020874444395303726,0.5628764033317566
2014,35898,12221,377,2,0.07980921119451523,0.025359254330396652,0.6428892612457275
2015,35937,10583,371,2,0.07787175476551056,0.0257209911942482,0.6937187910079956
2016,35991,22929,1037,2,0.08125072717666626,0.02309412881731987,-0.12706878781318665
2017,35995,20273,146,3,0.07632610946893692,0.02097206749022007,0.9602305293083191
2018,36004,21757,298,3,0.07912435382604599,0.02703179605305195,0.6967916488647461
2019,36031,22924,285,2,0.07482411712408066,0.021371737122535706,0.6775502562522888
2020,36066,21238,6,3,0.08260136842727661,0.030277589336037636,1.3860394954681396
2021,36068,21677,888,2,0.07883025705814362,0.024690750986337662,0.10107432305812836
2022,36092,22144,118,2,0.08061772584915161,0.028306549414992332,0.9952352643013
2023,36170,17476,1149,2,0.07905338704586029,0.021029526367783546,-0.28510674834251404
2024,36229,13928,194,5,0.0795871689915657,0.02555675432085991,0.943408191204071
2025,36231,11058,410,2,0.07859441637992859,0.02288248762488365,0.5913979411125183
2026,36243,22545,1330,2,0.07888620346784592,0.025455646216869354,-0.35050535202026367
2027,36270,15520,18,3,0.07915891706943512,0.027580060064792633,2.4550418853759766
2028,36291,10381,1021,2,0.07964704185724258,0.02521032840013504,-0.1105600893497467
2029,36303,19375,188,2,0.08029189705848694,0.02682085707783699,0.9594759941101074
2030,36315,10954,1529,2,0.07913696020841599,0.02396174892783165,-0.978338360786438
2031,36348,22125,999,1,0.07996868342161179,0.025920666754245758,-0.11159547418355942
2032,36351,20827,135,2,0.0808507651090622,0.030757497996091843,1.0815759897232056
2033,36363,22945,203,2,0.07607591152191162,0.024664100259542465,0.8950207233428955
2034,36412,22746,327,3,0.07487217336893082,0.020062696188688278,0.5581451058387756
2035,36417,10615,688,1,0.08261097967624664,0.02672833949327469,0.2756403684616089
2036,36430,22721,1559,2,0.07761557400226593,0.02170061692595482,-0.7781157493591309
2037,36464,11254,763,2,0.0807919129729271,0.027739519253373146,0.1801496148109436
2038,36473,15367,43,2,0.07880360633134842,0.022498585283756256,1.3087936639785767
2039,36511,23012,473,2,0.07636173069477081,0.02464396134018898,0.4324367344379425
2040,36514,14918,1,4,0.07845061272382736,0.025805484503507614,2.8109750747680664
2041,36634,20046,330,2,0.07754162698984146,0.022293556481599808,0.6620487570762634
2042,36668,21789,72,1,0.08237732946872711,0.029399525374174118,1.2266316413879395
2043,36705,23016,918,3,0.07895410805940628,0.02529532089829445,0.0864056646823883
2044,36812,20680,213,1,0.07596071809530258,0.01991768553853035,0.8465209603309631
2045,36865,22853,1451,3,0.07792335748672485,0.021410301327705383,-0.5606973767280579
2046,36879,19112,4,2,0.07781602442264557,0.02418205328285694,2.4416677951812744
2047,36972,22700,831,2,0.08048171550035477,0.027573522180318832,0.22251197695732117
2048,37083,16008,24,2,0.07758559286594391,0.02559463307261467,1.4117732048034668
2049,37086,23009,170,6,0.0772780179977417,0.02219972386956215,0.9920685887336731
2050,37137,14480,1236,2,0.07597555965185165,0.020875565707683563,-0.2893386781215668
2051,37195,22928,826,2,0.07914168387651443,0.01852216012775898,0.09186229109764099
2052,37218,20228,21,4,0.08071168512105942,0.028572769835591316,1.2625459432601929
2053,37222,21053,484,2,0.07941551506519318,0.02207702212035656,0.3848511278629303
2054,37239,22929,900,1,0.08522128313779831,0.03250034153461456,0.013863727450370789
2055,37285,22790,539,1,0.07982722669839859,0.026645690202713013,0.4338316321372986
2056,37293,18675,1411,2,0.07993163913488388,0.022960007190704346,-0.5312733054161072
2057,37294,22144,274,2,0.08077031373977661,0.027884460985660553,0.7511860132217407
2058,37314,19449,1,2,0.07730141282081604,0.024770069867372513,3.772085189819336
2059,37352,15148,909,2,0.07810664176940918,0.023226909339427948,0.038737550377845764
2060,37441,20929,167,3,0.0787113681435585,0.027506601065397263,0.9233313202857971
2061,37533,17157,463,1,0.07930983603000641,0.023835210129618645,0.5140080451965332
2062,37580,20473,52,2,0.07819890975952148,0.024980440735816956,1.4948644638061523
2063,37593,12819,945,2,0.07725732028484344,0.02072502300143242,0.004672974348068237
2064,37619,15342,10,5,0.07933145016431808,0.027797449380159378,2.4686813354492188
2065,37657,21380,624,1,0.08022575080394745,0.021024804562330246,0.2982204556465149
2066,37684,20070,348,3,0.07975588738918304,0.029869340360164642,0.69655841588974
2067,37691,22808,54,2,0.07837890088558197,0.02849555015563965,1.4508779048919678
2068,37702,20522,1714,2,0.07703278213739395,0.01850765570998192,-1.793283462524414
2069,37741,20579,38,2,0.07463698089122772,0.020161284133791924,1.6457805633544922
2070,37749,21078,34,1,0.07717505097389221,0.022138752043247223,1.444905161857605
2071,37753,17748,56,3,0.08207240700721741,0.029387088492512703,1.1686229705810547
2072,37762,23023,1035,2,0.07714870572090149,0.023837268352508545,-0.11915576457977295
2073,37764,14774,1024,1,0.08291026949882507,0.028469901531934738,-0.026582561433315277
2074,38156,22929,426,2,0.07934613525867462,0.026484012603759766,0.5682652592658997
2075,38264,19559,52,1,0.08120226114988327,0.026851149275898933,1.5288405418395996
2076,38300,22053,440,2,0.07913778722286224,0.02725052833557129,0.4828062057495117
2077,38372,22979,44,1,0.08067785948514938,0.03220926597714424,1.563986897468567
2078,38387,18180,876,1,0.07847550511360168,0.02516285888850689,0.18111756443977356
2079,38440,21080,95,2,0.07592671364545822,0.020021513104438782,1.247452974319458
2080,38543,21824,1288,2,0.07827215641736984,0.022273380309343338,-0.35695546865463257
2081,38579,16801,904,2,0.07637754082679749,0.021854564547538757,0.022134896367788315
2082,38662,22526,123,2,0.07780636101961136,0.026514064520597458,1.05696439743042
2083,38671,23002,60,2,0.0794091671705246,0.028805550187826157,1.2980458736419678
2084,38691,22132,102,2,0.07953110337257385,0.028406478464603424,1.133509874343872
2085,38703,20057,129,2,0.07963941991329193,0.027120189741253853,1.0611295700073242
2086,38704,19121,12,2,0.07908579707145691,0.029429849237203598,2.4641613960266113
2087,38757,20758,351,2,0.0767841637134552,0.02287108451128006,0.6186304092407227
2088,38785,20850,17,2,0.07804673165082932,0.027030058205127716,1.9819166660308838
2089,38822,21902,89,2,0.07844961434602737,0.023779582232236862,1.065232276916504
2090,38860,22681,179,1,0.07832540571689606,0.023043546825647354,0.850090742111206
2091,38886,15708,827,3,0.07951387763023376,0.022993851453065872,0.05666781961917877
2092,38903,21460,3,2,0.0780370905995369,0.026261642575263977,4.14185905456543
2093,38938,20376,1,1,0.07580403238534927,0.020616628229618073,3.322289228439331
2094,39254,22790,1386,3,0.07783597707748413,0.024630913510918617,-0.4324585199356079
