row_id,user,target,history_length,past_target_cosine,future_target_cosine,delta_future_minus_past,future_better,rank_Anchor-only,rank_Past-only,rank_Future-only,rank_Past+Future,rank_FIR-MIC without future bridge,rank_Per-item + transition/association,rank_FIR-MIC full
0,17,22665,2,0.859561562538147,0.8924183249473572,0.032856762409210205,1,1065,1372,762,1361,1104,1087,1020
1,29,22642,10,0.8843621611595154,0.7754763960838318,-0.1088857650756836,0,559,408,411,393,498,431,431
2,31,22893,6,0.898625373840332,0.8305872678756714,-0.06803810596466064,0,1609,800,588,792,1563,1541,1561
3,45,23031,2,0.8465059995651245,0.8955245018005371,0.0490185022354126,1,1344,1338,934,1369,1241,1306,1252
4,53,7596,6,0.9196698665618896,0.8112894296646118,-0.10838043689727783,0,36,35,418,26,43,36,28
5,55,21826,2,0.9052678346633911,0.8691157102584839,-0.03615212440490723,0,11,66,451,42,13,9,9
6,80,6054,2,0.8275439739227295,0.8307596445083618,0.0032156705856323242,1,1724,382,270,259,1738,1731,1746
7,87,16756,3,0.9865081906318665,0.8183314800262451,-0.16817671060562134,0,46,130,1644,133,48,45,42
8,112,8,2,0.8912416100502014,0.8837035298347473,-0.0075380802154541016,0,782,319,640,289,626,545,680
9,152,22453,2,0.9249469041824341,0.858619213104248,-0.06632769107818604,0,78,66,1328,54,67,49,55
10,161,9983,4,0.8666945099830627,0.8551695942878723,-0.01152491569519043,0,969,1298,1262,1404,881,978,979
11,183,23032,5,0.9159359335899353,0.867876410484314,-0.04805952310562134,0,494,555,371,464,595,478,468
12,205,2528,2,0.8528700470924377,0.8682623505592346,0.015392303466796875,1,244,287,1524,324,290,402,432
13,226,41,3,0.8900806903839111,0.870367169380188,-0.019713521003723145,0,523,594,514,548,521,447,408
14,239,11170,2,0.8832417726516724,0.8958535194396973,0.012611746788024902,1,684,809,800,794,596,542,617
15,252,4668,2,0.9347650408744812,0.9272224307060242,-0.007542610168457031,0,16,357,985,331,15,16,12
16,291,6572,3,0.9075403213500977,0.8943167328834534,-0.013223588466644287,0,63,565,1096,618,43,50,56
17,323,1062,2,0.8466395139694214,0.8488821983337402,0.0022426843643188477,1,626,1049,1755,1295,699,1047,1204
18,335,4501,3,0.8492085337638855,0.8592673540115356,0.010058820247650146,1,1529,1340,842,1356,1438,1485,1530
19,352,19666,2,0.9413949251174927,0.8815600872039795,-0.059834837913513184,0,6,32,1131,26,7,7,12
20,367,21826,3,0.7308706045150757,0.8895048499107361,0.1586342453956604,1,1314,1482,29,1213,1231,979,951
21,396,22052,10,0.9010995626449585,0.7472522854804993,-0.15384727716445923,0,518,464,1098,487,479,478,469
22,407,22018,2,0.9288607239723206,0.8344777822494507,-0.09438294172286987,0,376,187,1584,198,393,506,616
23,420,23009,2,0.8247677087783813,0.8804308176040649,0.055663108825683594,1,1203,1600,729,1603,1277,1276,1190
24,427,21170,2,0.9030135273933411,0.935056746006012,0.0320432186126709,1,845,1070,729,1070,689,625,519
25,442,7239,3,0.9062563180923462,0.85590660572052,-0.05034971237182617,0,250,28,463,26,195,61,83
26,444,21451,2,0.9109046459197998,0.8417085409164429,-0.06919610500335693,0,1,65,1353,74,1,1,1
27,452,2064,3,0.929415225982666,0.846520721912384,-0.08289450407028198,0,258,236,1731,306,256,407,475
28,453,19378,2,0.8504140973091125,0.8587210774421692,0.00830698013305664,1,818,790,875,816,817,766,755
29,464,4689,2,0.7946560382843018,0.8744452595710754,0.07978922128677368,1,1392,1023,1224,1228,1053,1227,1242
30,488,21586,3,0.8158717155456543,0.7968810200691223,-0.018990695476531982,0,80,1166,1761,1387,86,177,202
31,501,19594,3,0.8869472742080688,0.8937034606933594,0.006756186485290527,1,8,400,327,325,8,7,4
32,504,2461,3,0.7727134823799133,0.823453426361084,0.050739943981170654,1,1704,1664,77,1562,1695,1623,1548
33,525,17654,3,0.8056386113166809,0.8332872986793518,0.0276486873626709,1,1412,1476,1492,1606,1322,1496,1464
34,527,19870,3,0.72030109167099,0.8019086718559265,0.08160758018493652,1,1128,1192,1490,1450,1067,1274,1368
35,544,10495,2,0.9053260087966919,0.8840935230255127,-0.0212324857711792,0,497,431,662,383,515,500,535
36,549,14862,1,0.9674771428108215,0.8706458210945129,-0.0968313217163086,0,26,263,1624,283,24,24,25
37,552,335,2,0.8036881685256958,0.8912174701690674,0.08752930164337158,1,1067,1224,587,1223,1013,941,956
38,554,30,3,0.7856424450874329,0.830708920955658,0.0450664758682251,1,1255,1445,131,1273,1317,1150,1086
39,557,3111,5,0.9323998689651489,0.8178402781486511,-0.1145595908164978,0,288,538,1368,620,281,284,302
40,567,23026,7,0.8867465853691101,0.7943792343139648,-0.09236735105514526,0,951,1159,855,1193,947,966,1019
41,570,22330,8,0.9197245240211487,0.6390851736068726,-0.2806393504142761,0,32,55,1614,94,41,62,87
42,574,31,2,0.8510540723800659,0.9205323457717896,0.06947827339172363,1,1278,1674,178,1621,1215,1027,925
43,575,32,2,0.8478798270225525,0.8709832429885864,0.023103415966033936,1,1410,1489,1465,1602,1330,1448,1427
44,581,9265,2,0.8813426494598389,0.8669764995574951,-0.01436614990234375,0,111,180,1340,176,110,107,107
45,593,16348,7,0.9259586334228516,0.8559158444404602,-0.07004278898239136,0,325,372,101,195,359,200,173
46,611,16050,10,0.879304826259613,0.8044236302375793,-0.07488119602203369,0,1409,902,260,762,1409,1301,1211
47,625,3518,7,0.8387877345085144,0.7763558626174927,-0.06243187189102173,0,1673,1717,1123,1732,1661,1683,1689
48,630,20548,2,0.8692219853401184,0.8997933864593506,0.030571401119232178,1,372,994,1114,1063,447,425,456
49,637,36,3,0.8990055918693542,0.8684306144714355,-0.0305749773979187,0,271,335,843,331,255,230,261
50,650,19094,1,0.8749583959579468,0.9090431928634644,0.03408479690551758,1,1355,911,395,823,1282,1214,1276
51,664,10306,2,0.9233537912368774,0.90080726146698,-0.02254652976989746,0,1,345,1047,354,1,1,1
52,665,16079,1,0.8932610154151917,0.8743590116500854,-0.0189020037651062,0,307,469,1510,596,231,323,368
53,669,3575,4,0.9181080460548401,0.8263596296310425,-0.09174841642379761,0,6,234,1660,318,6,8,9
54,749,22890,7,0.8742942214012146,0.7680443525314331,-0.1062498688697815,0,259,219,768,208,264,247,252
55,778,6693,3,0.9244198799133301,0.7980724573135376,-0.12634742259979248,0,381,68,1567,51,375,438,541
56,839,15852,1,0.9381967186927795,0.8862714767456055,-0.05192524194717407,0,1,121,1762,177,1,4,3
57,852,18811,3,0.8204472064971924,0.882969319820404,0.06252211332321167,1,1169,1536,375,1492,1101,936,807
58,855,3420,4,0.8528137803077698,0.8323279619216919,-0.02048581838607788,0,287,808,870,782,302,212,209
59,857,2150,9,0.9522292613983154,0.7922500967979431,-0.15997916460037231,0,443,217,1157,186,405,404,419
60,867,21936,1,0.8110466003417969,0.85698002576828,0.045933425426483154,1,814,720,1573,870,743,933,930
61,899,15381,2,0.8213052153587341,0.8960563540458679,0.07475113868713379,1,717,1187,1135,1320,630,704,692
62,900,20703,3,0.8514834642410278,0.8800089359283447,0.028525471687316895,1,596,1255,532,1261,694,558,491
63,913,17450,2,0.8742374181747437,0.8926252126693726,0.018387794494628906,1,628,1330,687,1368,628,549,459
64,929,50,2,0.8441516160964966,0.8417032361030579,-0.0024483799934387207,0,453,645,1221,677,520,542,459
65,943,9665,6,0.8683170676231384,0.8492288589477539,-0.01908820867538452,0,643,1361,64,1153,720,409,222
66,947,22007,2,0.8042442798614502,0.9079105257987976,0.10366624593734741,1,966,1556,607,1592,775,684,609
67,948,21372,5,0.8437541127204895,0.7240886092185974,-0.11966550350189209,0,539,341,1645,498,570,762,865
68,963,18233,5,0.8384245038032532,0.7432402968406677,-0.09518420696258545,0,297,751,1734,1008,324,445,546
69,980,21904,10,0.9591038823127747,0.7419636249542236,-0.21714025735855103,0,30,2,993,4,28,31,33
70,1021,20072,2,0.8397005200386047,0.8615410327911377,0.02184051275253296,1,1405,878,878,890,1332,1360,1380
71,1022,5390,8,0.862257182598114,0.5697313547134399,-0.2925258278846741,0,501,239,1775,402,429,888,1101
72,1042,16559,2,0.7849330902099609,0.8860213160514832,0.10108822584152222,1,1540,1749,548,1759,1526,1530,1520
73,1045,21489,3,0.9365042448043823,0.9079194068908691,-0.028584837913513184,0,334,494,1010,513,321,304,346
74,1084,7111,4,0.9063925743103027,0.8756904006004333,-0.030702173709869385,0,720,849,902,856,698,711,743
75,1086,13086,3,0.862729549407959,0.8402011394500732,-0.022528409957885742,0,546,1070,1744,1336,545,733,759
76,1093,17474,4,0.8459179997444153,0.866366446018219,0.02044844627380371,1,1150,1106,1547,1299,1067,1255,1202
77,1099,4944,3,0.8388321399688721,0.8728456497192383,0.03401350975036621,1,463,1146,1433,1329,487,595,652
78,1100,20057,2,0.938496470451355,0.898820161819458,-0.03967630863189697,0,329,276,1141,275,250,232,280
79,1101,12982,10,0.8903766870498657,0.7546982169151306,-0.1356784701347351,0,974,306,841,250,1072,1083,1118
80,1109,7276,8,0.852593719959259,0.6943434476852417,-0.15825027227401733,0,1772,1723,1084,1712,1771,1771,1773
81,1118,13004,2,0.8960084319114685,0.8301874399185181,-0.06582099199295044,0,371,269,1552,294,333,436,563
82,1132,7828,4,0.8656235933303833,0.8771644234657288,0.011540830135345459,1,55,876,545,861,87,58,15
83,1133,373,2,0.889953076839447,0.8556852340698242,-0.0342678427696228,0,256,261,1477,277,281,331,409
84,1162,15423,2,0.8434507846832275,0.8806986212730408,0.03724783658981323,1,626,1491,1596,1659,687,938,951
85,1172,5521,3,0.8188742399215698,0.7953264117240906,-0.023547828197479248,0,371,1099,1547,1264,391,485,506
86,1177,13059,6,0.7678029537200928,0.8004066348075867,0.032603681087493896,1,1021,1672,306,1498,945,821,659
87,1184,8459,7,0.9096266031265259,0.7553856372833252,-0.15424096584320068,0,24,76,1158,66,18,16,19
88,1185,21451,5,0.8634746670722961,0.7878633737564087,-0.07561129331588745,0,19,753,1242,806,20,17,18
89,1196,67,2,0.8536250591278076,0.8722635507583618,0.0186384916305542,1,1534,1260,527,1231,1479,1479,1481
90,1202,11276,2,0.906097948551178,0.9188958406448364,0.012797892093658447,1,582,982,701,974,591,542,524
91,1211,3016,3,0.7567530870437622,0.7856624126434326,0.02890932559967041,1,1452,1597,1109,1666,1528,1610,1601
92,1217,22845,4,0.9223954081535339,0.9037970900535583,-0.018598318099975586,0,340,547,128,420,347,85,45
93,1226,4083,7,0.942520022392273,0.8154563307762146,-0.12706369161605835,0,1,151,1079,194,1,1,1
94,1230,10413,4,0.8877102732658386,0.822756290435791,-0.06495398283004761,0,270,298,1237,294,208,190,173
95,1279,23008,10,0.914940595626831,0.766245424747467,-0.148695170879364,0,1176,1226,1225,1324,1155,1334,1385
96,1281,20992,1,0.8163772225379944,0.911742627620697,0.09536540508270264,1,626,1051,1036,1170,776,796,753
97,1284,9598,5,0.986750602722168,0.7527280449867249,-0.23402255773544312,0,1,21,1652,13,1,1,1
98,1304,13392,3,0.949539840221405,0.9086522459983826,-0.04088759422302246,0,234,23,148,16,210,111,168
99,1307,21983,3,0.8524944186210632,0.8785387277603149,0.02604430913925171,1,1051,1167,682,1117,946,882,717
100,1326,5814,2,0.9193013310432434,0.8964815735816956,-0.02281975746154785,0,786,164,441,137,732,577,682
101,1337,3515,3,0.8726879954338074,0.8139931559562683,-0.05869483947753906,0,44,146,1647,191,61,91,106
102,1369,22007,10,0.909618079662323,0.79103684425354,-0.11858123540878296,0,908,776,931,802,824,765,719
103,1372,20668,5,0.797457754611969,0.769383430480957,-0.028074324131011963,0,737,1536,1683,1668,854,1162,1263
104,1373,18656,8,0.9285420179367065,0.7777572870254517,-0.15078473091125488,0,118,321,397,298,103,49,48
105,1380,270,3,0.7478547692298889,0.8506338000297546,0.10277903079986572,1,1013,1688,536,1667,1279,1224,1190
106,1418,11812,4,0.8931511044502258,0.8687458038330078,-0.024405300617218018,0,530,903,1215,987,470,545,663
107,1432,10011,2,0.7306773662567139,0.8980677723884583,0.16739040613174438,1,1739,1710,147,1644,1719,1707,1672
108,1437,17496,3,0.9029757976531982,0.9046157002449036,0.0016399025917053223,1,1285,1208,1011,1292,1202,1289,1353
109,1445,628,3,0.7198647856712341,0.828765869140625,0.10890108346939087,1,1210,1698,834,1743,1147,1170,1228
110,1454,15337,2,0.803962767124176,0.8773765563964844,0.07341378927230835,1,1121,1379,8,1062,1329,867,742
111,1476,11968,2,0.8852795958518982,0.8767118453979492,-0.008567750453948975,0,8,154,37,40,13,7,7
112,1481,19454,2,0.8408691883087158,0.8810864686965942,0.04021728038787842,1,145,822,1018,819,157,137,124
113,1501,1510,2,0.8414084911346436,0.8452420830726624,0.003833591938018799,1,594,871,1352,1003,561,655,739
114,1517,2240,2,0.9107493162155151,0.8247443437576294,-0.08600497245788574,0,134,48,1610,48,181,200,223
115,1525,19093,2,0.8316831588745117,0.8758281469345093,0.04414498805999756,1,1086,1560,797,1567,1186,1184,1104
116,1574,5187,4,0.9084749817848206,0.9103774428367615,0.001902461051940918,1,864,130,29,76,759,435,378
117,1583,19186,2,0.9289747476577759,0.8807205557823181,-0.048254191875457764,0,8,7,429,6,6,4,4
118,1601,16414,2,0.8813296556472778,0.8503451347351074,-0.03098452091217041,0,723,44,897,56,634,633,787
119,1614,85,2,0.8278929591178894,0.8670462965965271,0.039153337478637695,1,117,1099,1278,1232,121,142,164
120,1617,85,5,0.8414530754089355,0.7683702707290649,-0.0730828046798706,0,307,1198,1767,1506,310,557,685
121,1624,21350,10,0.8753047585487366,0.6382728815078735,-0.23703187704086304,0,37,297,1760,540,37,64,91
122,1626,8303,10,0.9218668937683105,0.7174003720283508,-0.20446652173995972,0,185,350,1321,319,217,177,148
123,1639,16850,3,0.8061679005622864,0.8420637249946594,0.03589582443237305,1,1061,1301,1303,1359,915,1003,987
124,1648,2282,2,0.8943849205970764,0.8852068185806274,-0.009178102016448975,0,190,648,748,591,322,128,110
125,1723,1862,3,0.8481934666633606,0.9387855529785156,0.09059208631515503,1,1593,1698,459,1708,1593,1609,1596
126,1743,23032,8,0.9553393125534058,0.7629063129425049,-0.19243299961090088,0,39,95,600,89,40,43,47
127,1765,17957,4,0.8914759755134583,0.7616212368011475,-0.1298547387123108,0,281,20,1779,62,267,524,703
128,1766,22217,8,0.7758129239082336,0.763408899307251,-0.012404024600982666,0,1568,1744,196,1728,1532,1411,1328
129,1798,21218,3,0.9288219213485718,0.911492645740509,-0.017329275608062744,0,736,356,315,284,781,621,578
130,1818,13145,1,0.832876443862915,0.9188056588172913,0.08592921495437622,1,988,1040,316,918,1016,893,807
131,1826,19653,1,0.7670044302940369,0.8446919322013855,0.07768750190734863,1,497,644,1518,922,335,505,539
132,1829,3843,3,0.8910673260688782,0.9012300968170166,0.010162770748138428,1,117,1105,524,1078,140,74,72
133,1830,23014,5,0.8619337677955627,0.7942148447036743,-0.06771892309188843,0,1,363,946,367,1,1,1
134,1846,18838,1,0.9145090579986572,0.8797355890274048,-0.03477346897125244,0,452,193,1346,146,491,514,583
135,1860,13318,4,0.8856651782989502,0.8415899276733398,-0.04407525062561035,0,287,792,1305,898,290,314,267
136,1885,13115,3,0.8419229984283447,0.8549380302429199,0.013015031814575195,1,370,712,1255,775,387,400,356
137,1890,9168,5,0.8692992925643921,0.8071091175079346,-0.06219017505645752,0,122,398,860,406,90,100,120
138,1929,5599,10,0.8959284424781799,0.6720601320266724,-0.22386831045150757,0,94,783,1643,1005,114,140,196
139,1936,108,3,0.8779550790786743,0.8920096755027771,0.014054596424102783,1,1405,1343,884,1371,1434,1461,1469
140,1939,108,2,0.890092670917511,0.8872182965278625,-0.0028743743896484375,0,361,489,1558,616,329,403,484
141,1940,21981,4,0.8792420029640198,0.8425180315971375,-0.036723971366882324,0,1264,582,712,555,1229,1232,1289
142,1951,20719,5,0.973712682723999,0.8918517231941223,-0.08186095952987671,0,533,670,780,661,449,360,319
143,2002,3811,2,0.8602209687232971,0.8297427892684937,-0.030478179454803467,0,947,504,1403,574,928,1181,1204
144,2017,7390,3,0.9272809028625488,0.8388813734054565,-0.08839952945709229,0,439,106,1623,146,373,525,564
145,2023,7583,1,0.8284628987312317,0.8902366757392883,0.06177377700805664,1,184,676,1213,708,162,204,219
146,2028,712,8,0.8345188498497009,0.6468950510025024,-0.1876237988471985,0,141,1234,1484,1368,141,157,176
147,2049,18465,3,0.9077733159065247,0.8839502930641174,-0.023823022842407227,0,1411,712,591,628,1359,1351,1373
148,2063,21703,4,0.9543284773826599,0.7469550371170044,-0.20737344026565552,0,143,13,1757,15,110,209,257
149,2092,16740,2,0.7602860331535339,0.8672771453857422,0.10699111223220825,1,1677,836,21,583,1628,1565,1615
150,2097,13065,4,0.8954972624778748,0.8547040224075317,-0.04079324007034302,0,805,761,1163,819,780,889,933
151,2099,4650,2,0.8255893588066101,0.8939237594604492,0.06833440065383911,1,1576,1348,666,1334,1546,1564,1575
152,2102,6517,2,0.8534399271011353,0.9185529351234436,0.06511300802230835,1,1214,1273,640,1294,1110,1094,1141
153,2146,20781,2,0.892079770565033,0.8990969657897949,0.007017195224761963,1,1207,539,292,418,1261,1141,1184
154,2215,3079,2,0.96126389503479,0.8506734371185303,-0.11059045791625977,0,293,228,1549,229,321,341,373
155,2227,11051,3,0.9190971255302429,0.8281873464584351,-0.09090977907180786,0,360,179,1706,217,261,358,349
156,2233,22792,2,0.8816298246383667,0.8251331448554993,-0.05649667978286743,0,719,385,1406,396,636,912,1199
157,2245,22478,6,0.8369326591491699,0.8540355563163757,0.01710289716720581,1,1704,1737,49,1680,1700,1646,1589
158,2247,22592,2,0.8492096662521362,0.8664300441741943,0.017220377922058105,1,657,646,1547,811,657,832,956
159,2252,4026,2,0.9235248565673828,0.886974036693573,-0.036550819873809814,0,757,69,403,44,973,768,776
160,2266,15149,2,0.8985871076583862,0.8945919871330261,-0.003995120525360107,0,841,456,576,367,784,732,792
161,2269,2719,10,0.8130824565887451,0.7305808663368225,-0.08250159025192261,0,1708,1777,1013,1772,1708,1695,1672
162,2291,9686,2,0.8909711241722107,0.8255703449249268,-0.06540077924728394,0,24,77,1753,102,22,37,37
163,2300,21919,3,0.7916610836982727,0.8086310029029846,0.016969919204711914,1,1374,857,1187,1029,1389,1549,1608
164,2305,22821,5,0.8328053951263428,0.8178667426109314,-0.014938652515411377,0,982,1547,433,1536,1001,888,851
165,2318,20407,2,0.8901391625404358,0.8498998284339905,-0.04023933410644531,0,47,355,1599,384,64,77,65
166,2336,124,2,0.8794077038764954,0.8600947856903076,-0.019312918186187744,0,1500,563,1457,638,1514,1621,1645
167,2346,461,2,0.7328487038612366,0.8459025025367737,0.11305379867553711,1,689,1468,1107,1620,757,871,760
168,2348,14020,2,0.8548809289932251,0.9220032095909119,0.06712228059768677,1,1710,1479,384,1411,1668,1654,1645
169,2364,128,2,0.8859195709228516,0.9160095453262329,0.030089974403381348,1,1122,642,72,387,1488,1208,1321
170,2367,6058,5,0.8533313870429993,0.8566762208938599,0.0033448338508605957,1,1565,1112,427,1057,1539,1510,1534
171,2387,21399,2,0.8468772172927856,0.8844359517097473,0.03755873441696167,1,1428,1288,228,1192,1401,1343,1307
172,2423,134,1,0.7742568254470825,0.8970040678977966,0.12274724245071411,1,1640,1315,76,1142,1674,1642,1626
173,2449,741,3,0.9273930788040161,0.8926882743835449,-0.03470480442047119,0,772,312,608,168,525,371,394
174,2478,16064,2,0.8593917489051819,0.8550329804420471,-0.004358768463134766,0,214,898,1188,972,210,154,105
175,2488,11596,2,0.7276027798652649,0.8452854156494141,0.11768263578414917,1,1664,1676,922,1741,1634,1659,1663
176,2494,21406,3,0.8894799947738647,0.8241545557975769,-0.06532543897628784,0,1058,88,1545,130,1264,1497,1588
177,2496,143,3,0.8678879737854004,0.8072301149368286,-0.06065785884857178,0,12,337,1150,280,23,7,2
178,2526,17229,4,0.9205609560012817,0.816604495048523,-0.10395646095275879,0,6,40,1746,63,6,6,5
179,2554,23007,4,0.9646939039230347,0.8738511204719543,-0.09084278345108032,0,450,67,978,69,282,298,331
180,2584,22956,2,0.9453375935554504,0.8166484236717224,-0.12868916988372803,0,27,33,1753,31,23,33,34
181,2586,19865,4,0.8987891674041748,0.9246271848678589,0.025838017463684082,1,1225,1076,61,757,1311,920,751
182,2591,21520,1,0.8512765169143677,0.9035837650299072,0.05230724811553955,1,56,289,522,180,56,40,33
183,2599,19333,3,0.9336451888084412,0.8757979869842529,-0.05784720182418823,0,319,304,1063,266,312,284,290
184,2613,20525,5,0.8878189325332642,0.8387251496315002,-0.049093782901763916,0,519,445,293,403,598,525,486
185,2619,153,3,0.7621369957923889,0.923154354095459,0.16101735830307007,1,1742,1726,15,1606,1759,1744,1730
186,2639,22995,3,0.8486198782920837,0.8519933223724365,0.003373444080352783,1,1255,1019,1031,1106,1270,1352,1353
187,2651,295,4,0.8722437024116516,0.7964704036712646,-0.07577329874038696,0,828,482,1671,582,759,1162,1295
188,2670,17953,3,0.7811933159828186,0.7980620265007019,0.0168687105178833,1,1240,1507,1760,1678,1127,1479,1607
189,2673,15308,4,0.9232815504074097,0.8508516550064087,-0.07242989540100098,0,442,405,1256,428,416,428,464
190,2680,20055,2,0.9287900924682617,0.8901650309562683,-0.03862506151199341,0,420,378,1004,356,412,410,406
191,2701,6217,2,0.804594874382019,0.867178738117218,0.06258386373519897,1,1593,1255,495,1162,1634,1647,1647
192,2708,13558,4,0.8150851130485535,0.8005995750427246,-0.014485538005828857,0,1270,1753,1762,1767,1092,1430,1400
193,2712,13216,2,0.8479480147361755,0.8656479716300964,0.0176999568939209,1,446,1012,1163,1136,444,486,477
194,2760,14821,8,0.906764566898346,0.8083397150039673,-0.09842485189437866,0,1019,1399,265,1214,1044,909,797
195,2765,20927,5,0.8724039196968079,0.8543809652328491,-0.01802295446395874,0,1218,1557,341,1527,1240,1128,1103
196,2780,17472,2,0.84166020154953,0.8868659138679504,0.04520571231842041,1,1637,1215,1215,1373,1641,1695,1685
197,2792,696,2,0.8809317350387573,0.8964118361473083,0.015480101108551025,1,1420,631,970,627,1354,1399,1376
198,2802,20054,3,0.8726204633712769,0.9316768646240234,0.05905640125274658,1,1399,1150,140,967,1310,1158,1060
199,2812,18065,5,0.9155683517456055,0.8096051216125488,-0.10596323013305664,0,22,439,1380,501,23,27,32
200,2825,14965,8,0.8483840823173523,0.7530189156532288,-0.09536516666412354,0,1709,1310,453,1196,1696,1685,1644
201,2847,20872,2,0.81539386510849,0.8724496364593506,0.057055771350860596,1,952,1555,1137,1655,940,1066,1058
202,2854,17132,9,0.8680287003517151,0.7584463357925415,-0.10958236455917358,0,823,820,978,852,772,799,733
203,2884,8264,6,0.8502535223960876,0.7556720972061157,-0.09458142518997192,0,1391,1545,1616,1621,1361,1527,1571
204,2909,14572,3,0.9346603751182556,0.8725277185440063,-0.06213265657424927,0,13,149,1283,165,14,19,19
205,2913,21384,3,0.9391242861747742,0.850877583026886,-0.08824670314788818,0,101,155,1648,191,112,126,117
206,2914,20848,2,0.8875688910484314,0.8757467865943909,-0.011822104454040527,0,227,709,1227,753,262,244,221
207,2931,23014,4,0.8188004493713379,0.8168966174125671,-0.001903831958770752,0,233,1388,1505,1445,419,553,606
208,2939,21319,8,0.916812539100647,0.7129144072532654,-0.2038981318473816,0,6,376,992,453,6,7,7
209,2949,22802,2,0.9032098650932312,0.8292067646980286,-0.07400310039520264,0,92,96,1724,147,84,128,132
210,2952,626,5,0.9466757774353027,0.7512098550796509,-0.19546592235565186,0,1,4,1414,7,1,1,1
211,2964,21758,2,0.8869242072105408,0.8765882849693298,-0.010335922241210938,0,528,392,1537,467,620,776,891
212,2990,712,10,0.8067694902420044,0.6783005595207214,-0.12846893072128296,0,841,1512,1634,1604,849,1107,1166
213,3069,1898,2,0.8163321018218994,0.8743516206741333,0.05801951885223389,1,1657,1664,222,1579,1689,1632,1638
214,3088,180,4,0.7834712266921997,0.8219889402389526,0.03851771354675293,1,1106,1300,1138,1425,1058,1219,1296
215,3099,21101,2,0.8474059700965881,0.9297056794166565,0.08229970932006836,1,1163,1525,435,1509,1083,996,839
216,3103,5796,2,0.9153903722763062,0.8340464234352112,-0.08134394884109497,0,49,61,1679,74,46,54,52
217,3147,21115,3,0.9606221318244934,0.8796289563179016,-0.0809931755065918,0,165,323,1383,299,164,66,44
218,3164,20069,2,0.9124247431755066,0.8685518503189087,-0.0438728928565979,0,1308,233,949,188,1201,1256,1361
219,3173,4423,5,0.9101507663726807,0.8711169958114624,-0.03903377056121826,0,939,923,387,754,1150,997,869
220,3183,20635,3,0.8938007354736328,0.8710484504699707,-0.02275228500366211,0,206,838,1182,884,323,338,410
221,3200,14473,3,0.8604956865310669,0.8718302845954895,0.011334598064422607,1,411,1332,1256,1389,491,560,643
222,3224,6171,2,0.9801101684570312,0.7715660333633423,-0.20854413509368896,0,3,1,1774,1,3,4,4
223,3230,4205,2,0.9452386498451233,0.8930723667144775,-0.05216628313064575,0,3,140,838,96,3,3,3
224,3250,1145,2,0.9612472057342529,0.9153631329536438,-0.04588407278060913,0,1,155,300,51,1,1,1
225,3274,7367,5,0.9158257842063904,0.8541119694709778,-0.0617138147354126,0,18,393,409,320,64,46,43
226,3287,21297,2,0.774096667766571,0.8659254312515259,0.09182876348495483,1,1171,1647,735,1640,1290,1265,1150
227,3289,22998,6,0.8885067105293274,0.8248938918113708,-0.06361281871795654,0,687,802,770,808,739,742,795
228,3305,4581,2,0.9481350183486938,0.8812730312347412,-0.06686198711395264,0,100,80,1151,62,76,77,81
229,3370,3382,2,0.8952130079269409,0.8879936337471008,-0.007219374179840088,0,83,552,1347,605,73,58,78
230,3394,22217,3,0.7945986986160278,0.8880884051322937,0.09348970651626587,1,1553,1708,7,1548,1590,1216,1002
231,3413,8526,3,0.8200396299362183,0.8580835461616516,0.03804391622543335,1,870,1443,1390,1578,1011,1131,1125
232,3436,20596,2,0.8592679500579834,0.8942103981971741,0.034942448139190674,1,1424,903,486,816,1465,1451,1453
233,3438,13856,3,0.7953374981880188,0.8969901204109192,0.10165262222290039,1,932,1359,287,1305,1137,1044,1026
234,3453,21768,2,0.7604508399963379,0.8785222172737122,0.11807137727737427,1,887,1722,888,1740,945,968,768
235,3459,4431,4,0.9163867831230164,0.9140897989273071,-0.0022969841957092285,0,547,581,404,557,466,399,324
236,3464,6797,2,0.8458070755004883,0.9176573157310486,0.0718502402305603,1,1256,1146,854,1139,1154,1096,1088
237,3472,7196,4,0.9128212928771973,0.8904053568840027,-0.02241593599319458,0,93,643,543,523,91,41,35
238,3473,20837,2,0.8722005486488342,0.8478891849517822,-0.024311363697052002,0,342,360,1614,450,288,399,445
239,3486,2466,2,0.8213873505592346,0.866668701171875,0.04528135061264038,1,1016,1168,396,1117,1111,1009,999
240,3489,11179,3,0.9380695223808289,0.8829060196876526,-0.05516350269317627,0,471,413,1266,373,441,424,459
241,3496,201,5,0.8212782740592957,0.7463936805725098,-0.07488459348678589,0,276,1290,1717,1533,411,646,821
242,3498,17014,2,0.7722747325897217,0.8581642508506775,0.08588951826095581,1,1129,1085,861,1115,1207,1226,1249
243,3503,17476,3,0.7313058972358704,0.8052639961242676,0.07395809888839722,1,1039,1654,1180,1731,1119,1259,1329
244,3506,14490,3,0.9590897560119629,0.8226693272590637,-0.13642042875289917,0,141,14,1714,21,128,202,232
245,3507,21391,10,0.8996886014938354,0.7594102025032043,-0.1402783989906311,0,1504,684,1009,703,1495,1531,1549
246,3556,5459,1,0.9094269275665283,0.8611531257629395,-0.04827380180358887,0,39,13,1189,9,68,56,117
247,3569,203,6,0.833273708820343,0.7624905109405518,-0.07078319787979126,0,1016,1078,1326,1155,947,1050,1112
248,3576,953,3,0.9144158363342285,0.8924902081489563,-0.021925628185272217,0,164,250,338,181,162,125,134
249,3597,4066,2,0.8716698288917542,0.8801740407943726,0.008504211902618408,1,927,645,1073,647,862,899,805
250,3614,20924,2,0.9616482853889465,0.8692997694015503,-0.09234851598739624,0,2,38,1634,50,1,1,2
251,3661,22590,4,0.9016662836074829,0.8352013230323792,-0.06646496057510376,0,286,347,1256,329,265,238,249
252,3664,10666,2,0.8623217940330505,0.8875671029090881,0.025245308876037598,1,1420,1353,478,1331,1369,1310,1278
253,3666,22821,2,0.9061629772186279,0.8488878607749939,-0.05727511644363403,0,118,42,1058,33,162,166,275
254,3680,213,2,0.8083930015563965,0.8400375843048096,0.031644582748413086,1,1351,1057,554,1025,1274,1263,1263
255,3696,6927,2,0.7593485116958618,0.8562943339347839,0.09694582223892212,1,724,1590,252,1537,843,682,667
256,3712,21442,4,0.8771990537643433,0.813037633895874,-0.06416141986846924,0,200,203,1118,219,227,202,300
257,3751,20283,3,0.9207573533058167,0.8610832095146179,-0.05967414379119873,0,117,206,773,170,123,100,87
258,3752,1660,10,0.897041916847229,0.6886911392211914,-0.2083507776260376,0,84,47,1254,59,90,102,142
259,3758,4408,4,0.8424752950668335,0.9107913374900818,0.06831604242324829,1,1740,1446,30,1183,1723,1630,1514
260,3785,4593,4,0.9620404243469238,0.7787405848503113,-0.18329983949661255,0,164,22,1680,23,147,164,204
261,3803,11897,3,0.9422191977500916,0.9220969676971436,-0.020122230052947998,0,1,342,113,224,1,1,1
262,3812,20298,10,0.8392815589904785,0.7014829516410828,-0.13779860734939575,0,374,1511,1338,1578,320,313,302
263,3817,16990,2,0.973172664642334,0.848152756690979,-0.12501990795135498,0,5,69,1612,56,3,4,4
264,3836,3466,2,0.8797898292541504,0.8552343249320984,-0.024555504322052002,0,1014,252,1518,277,845,1081,1191
265,3838,8505,3,0.8300910592079163,0.8754472732543945,0.04535621404647827,1,923,1726,786,1714,1036,1019,840
266,3870,6110,2,0.8530271053314209,0.908220648765564,0.055193543434143066,1,1489,1242,564,1240,1541,1553,1556
267,3877,226,2,0.918209969997406,0.941460132598877,0.023250162601470947,1,1149,671,50,380,1398,1121,1125
268,3890,21147,6,0.9338163137435913,0.8651335835456848,-0.0686827301979065,0,56,283,233,247,34,27,21
269,3899,8178,2,0.8919745683670044,0.894502580165863,0.0025280117988586426,1,974,535,1402,592,875,1097,1172
270,3906,3144,3,0.8710192441940308,0.9031361937522888,0.03211694955825806,1,1720,1373,162,1209,1713,1703,1706
271,3908,15848,10,0.9093232154846191,0.6464992761611938,-0.2628239393234253,0,274,140,1748,218,248,415,575
272,3919,12220,2,0.917622983455658,0.8318329453468323,-0.08579003810882568,0,288,23,1765,36,186,457,504
273,3921,6764,2,0.960651159286499,0.8704974055290222,-0.0901537537574768,0,209,26,633,14,202,126,173
274,3930,21884,2,0.8971992135047913,0.8214210271835327,-0.07577818632125854,0,269,41,1458,34,245,290,330
275,3934,234,3,0.892414927482605,0.8611045479774475,-0.03131037950515747,0,623,241,846,268,524,516,579
276,3982,3998,1,0.8295646905899048,0.870523989200592,0.040959298610687256,1,575,709,900,713,614,619,621
277,3993,4446,3,0.8536275029182434,0.8853501081466675,0.03172260522842407,1,1734,983,188,863,1726,1729,1718
278,3998,7799,4,0.8969888687133789,0.877138614654541,-0.01985025405883789,0,1087,850,710,844,950,956,931
279,4023,9027,5,0.9046083688735962,0.8197638988494873,-0.08484447002410889,0,1572,805,1458,924,1597,1653,1686
280,4067,7003,4,0.8010184168815613,0.8883497714996338,0.08733135461807251,1,1763,1565,63,1295,1764,1754,1750
281,4069,6685,8,0.9015191793441772,0.6963517665863037,-0.20516741275787354,0,20,225,1006,269,17,20,21
282,4071,1333,3,0.8711374402046204,0.8561999797821045,-0.01493746042251587,0,317,517,877,534,296,283,193
283,4094,4683,3,0.8747304081916809,0.8591483235359192,-0.015582084655761719,0,668,892,1483,1012,592,750,591
284,4120,23012,3,0.8926920890808105,0.902444064617157,0.009751975536346436,1,803,865,688,863,718,660,610
285,4149,763,7,0.8775689005851746,0.8083444237709045,-0.06922447681427002,0,698,900,316,696,683,580,487
286,4206,4768,3,0.9487361311912537,0.8809279799461365,-0.06780815124511719,0,66,367,1482,390,59,51,43
287,4209,6059,3,0.900627851486206,0.8893651366233826,-0.011262714862823486,0,416,488,199,356,331,221,196
288,4233,8048,2,0.9217536449432373,0.9091544151306152,-0.01259922981262207,0,42,88,553,89,46,43,36
289,4241,22956,10,0.8657798767089844,0.7588745355606079,-0.10690534114837646,0,348,550,444,508,342,165,131
290,4262,15633,2,0.9445282816886902,0.9391167759895325,-0.005411505699157715,0,201,463,674,426,105,75,64
291,4267,16835,10,0.8988010287284851,0.6590114831924438,-0.23978954553604126,0,706,630,1738,907,762,1197,1339
292,4300,13718,2,0.8625836968421936,0.8923219442367554,0.029738247394561768,1,627,1068,852,1088,658,597,573
293,4319,4539,6,0.9055534601211548,0.7370568513870239,-0.16849660873413086,0,36,21,1595,22,37,47,54
294,4357,23030,7,0.881878674030304,0.8416996002197266,-0.04017907381057739,0,1592,1224,198,1063,1655,1612,1608
295,4444,3931,2,0.913644015789032,0.8687372803688049,-0.04490673542022705,0,267,279,1440,295,258,246,257
296,4456,20989,2,0.8972691893577576,0.8592686653137207,-0.038000524044036865,0,809,261,1695,370,659,884,907
297,4477,2357,3,0.9519893527030945,0.8619471788406372,-0.09004217386245728,0,114,252,1668,295,109,119,121
298,4481,12440,3,0.9547115564346313,0.7831511497497559,-0.1715604066848755,0,1,9,1741,14,3,2,1
299,4504,16633,2,0.8926334977149963,0.831838071346283,-0.06079542636871338,0,87,66,1653,71,93,123,150
300,4507,5202,3,0.8004150390625,0.8096595406532288,0.00924450159072876,1,767,1485,1765,1661,784,1135,1230
301,4517,14699,2,0.842162013053894,0.8634999394416809,0.021337926387786865,1,1308,884,740,896,1284,1314,1270
302,4547,22252,4,0.8813349008560181,0.8646790981292725,-0.016655802726745605,0,1655,1513,1433,1578,1644,1689,1696
303,4596,6565,2,0.8315969109535217,0.8808022141456604,0.04920530319213867,1,1524,1514,302,1463,1555,1483,1458
304,4600,20077,2,0.8549443483352661,0.922031819820404,0.06708747148513794,1,778,1325,1012,1420,848,842,729
305,4610,19155,2,0.8276684284210205,0.8842389583587646,0.05657052993774414,1,489,404,1252,400,479,511,539
306,4613,10817,2,0.8416130542755127,0.8404309153556824,-0.0011821389198303223,0,426,495,1714,716,463,803,803
307,4621,268,2,0.9542234539985657,0.8151002526283264,-0.13912320137023926,0,12,10,1780,26,12,20,34
308,4657,11134,10,0.8399568796157837,0.7140821218490601,-0.12587475776672363,0,1553,130,727,148,1596,1565,1566
309,4676,12048,3,0.9323124289512634,0.8634856343269348,-0.06882679462432861,0,392,395,1556,492,489,694,839
310,4715,17142,2,0.9274263978004456,0.9216890335083008,-0.005737364292144775,0,176,864,1484,995,145,186,184
311,4736,12607,2,0.9093218445777893,0.922991931438446,0.013670086860656738,1,182,458,1011,464,173,142,129
312,4744,19352,2,0.7871547341346741,0.8834553360939026,0.09630060195922852,1,858,1579,794,1595,822,788,794
313,4748,284,2,0.8480973839759827,0.8780351877212524,0.029937803745269775,1,745,1137,708,1161,791,791,814
314,4767,17085,3,0.9281557202339172,0.860557496547699,-0.06759822368621826,0,276,132,741,106,308,268,419
315,4823,11171,2,0.9447069764137268,0.8772472739219666,-0.06745970249176025,0,1,20,1454,13,1,1,1
316,4835,1504,3,0.9694427847862244,0.843442976474762,-0.1259998083114624,0,1,59,1455,29,1,1,1
317,4839,11420,2,0.8382346034049988,0.851470947265625,0.01323634386062622,1,1297,1125,1218,1181,1264,1323,1315
318,4849,21342,2,0.8065719604492188,0.8288639783859253,0.022292017936706543,1,291,1119,797,1151,326,217,288
319,4851,22952,2,0.9298263192176819,0.8778880834579468,-0.05193823575973511,0,2,53,784,33,2,2,2
320,4860,16808,5,0.914222776889801,0.8586873412132263,-0.05553543567657471,0,864,509,385,431,889,725,766
321,4868,20919,2,0.9447195529937744,0.9001314640045166,-0.04458808898925781,0,138,159,1636,167,80,87,93
322,4876,570,1,0.7577906250953674,0.9100366830825806,0.15224605798721313,1,1562,1707,175,1686,1553,1464,1368
323,4879,19687,1,0.8081891536712646,0.8657981753349304,0.05760902166366577,1,415,419,1509,535,308,391,361
324,4880,297,3,0.8221728801727295,0.8456119298934937,0.02343904972076416,1,876,822,518,820,880,823,1020
325,4930,20891,4,0.9094666838645935,0.877026379108429,-0.03244030475616455,0,484,646,889,678,526,535,522
326,4952,305,2,0.8950222730636597,0.8447234034538269,-0.050298869609832764,0,106,47,1375,45,105,115,154
327,4956,22425,3,0.9354898929595947,0.8783621191978455,-0.05712777376174927,0,359,215,703,174,308,236,230
328,4965,15856,2,0.9047348499298096,0.9104145169258118,0.005679666996002197,1,793,940,1225,1066,776,903,1015
329,4972,12212,2,0.8935881853103638,0.8520280718803406,-0.04156011343002319,0,206,147,1751,244,205,383,490
330,4987,23014,6,0.9076405167579651,0.7109641432762146,-0.1966763734817505,0,116,345,1754,372,175,282,296
331,4990,4491,2,0.8936055302619934,0.9081110954284668,0.014505565166473389,1,340,765,264,635,328,197,158
332,5011,1040,4,0.8786657452583313,0.7824226021766663,-0.09624314308166504,0,1,261,1775,463,2,2,2
333,5022,16616,1,0.7856320142745972,0.9491581320762634,0.16352611780166626,1,1328,1330,277,1269,1438,1391,1387
334,5037,22686,1,0.7335571050643921,0.9043887257575989,0.1708316206932068,1,1463,1642,562,1633,1514,1510,1470
335,5041,18786,2,0.9294558167457581,0.873676061630249,-0.05577975511550903,0,2,58,1309,60,2,2,2
336,5048,5287,2,0.9094354510307312,0.9127475023269653,0.003312051296234131,1,116,997,1377,1099,92,102,100
337,5058,23029,5,0.8899685740470886,0.8436914682388306,-0.04627710580825806,0,293,1399,847,1429,282,240,217
338,5090,314,2,0.8318304419517517,0.8696417808532715,0.037811338901519775,1,1160,1007,1374,1126,1101,1212,1241
339,5094,5262,2,0.8174199461936951,0.8626526594161987,0.04523271322250366,1,1063,1639,726,1661,902,841,629
340,5107,16607,2,0.9176854491233826,0.8448442220687866,-0.07284122705459595,0,357,160,1430,84,339,315,356
341,5125,2953,2,0.882688581943512,0.8764947056770325,-0.006193876266479492,0,1151,595,462,505,1201,1080,1018
342,5166,2022,5,0.9585936665534973,0.8764855265617371,-0.08210813999176025,0,68,338,464,272,38,9,5
343,5171,4539,4,0.8799516558647156,0.8038177490234375,-0.07613390684127808,0,95,335,1695,491,102,187,214
344,5172,10659,1,0.798248291015625,0.8192530870437622,0.021004796028137207,1,947,796,1667,1011,1160,1404,1432
345,5180,12734,3,0.8905560374259949,0.8484264016151428,-0.04212963581085205,0,254,523,1381,612,261,201,197
346,5195,16859,4,0.9758589863777161,0.8002889156341553,-0.1755700707435608,0,113,93,1636,93,116,124,122
347,5269,14214,3,0.7679978013038635,0.8203198909759521,0.05232208967208862,1,992,1732,1627,1759,999,1266,1368
348,5270,23032,2,0.8598105907440186,0.9268355369567871,0.06702494621276855,1,584,875,25,675,639,476,424
349,5273,3929,7,0.9078499674797058,0.833605170249939,-0.07424479722976685,0,1564,566,302,427,1513,1411,1349
350,5288,4533,4,0.9566028714179993,0.843044638633728,-0.11355823278427124,0,190,234,1487,219,159,136,123
351,5289,9866,2,0.9108898639678955,0.9036266207695007,-0.007263243198394775,0,528,479,1354,506,470,506,547
352,5298,21263,2,0.8903419375419617,0.8831338882446289,-0.007208049297332764,0,594,408,1258,401,476,490,529
353,5306,11733,6,0.9255805015563965,0.8133176565170288,-0.11226284503936768,0,348,472,1003,450,327,265,248
354,5335,15193,3,0.8452249765396118,0.8621414303779602,0.01691645383834839,1,1371,760,204,575,1319,1045,1018
355,5341,18920,2,0.8452754020690918,0.8554494380950928,0.010174036026000977,1,107,469,1545,575,99,118,105
356,5347,22908,3,0.7990764379501343,0.9055337905883789,0.10645735263824463,1,1350,1596,473,1569,1330,1295,1242
357,5348,17019,5,0.846444845199585,0.8059660196304321,-0.04047882556915283,0,1372,1319,945,1329,1300,1310,1323
358,5391,2046,3,0.8195777535438538,0.8137166500091553,-0.005861103534698486,0,1312,1121,1334,1254,1322,1506,1512
359,5429,18642,1,0.804521381855011,0.8753582835197449,0.07083690166473389,1,618,318,981,318,548,540,606
360,5431,21415,2,0.9570755362510681,0.893798291683197,-0.0632772445678711,0,11,127,1392,128,10,10,11
361,5433,21350,3,0.8780256509780884,0.8273059725761414,-0.05071967840194702,0,151,431,1610,569,132,182,273
362,5447,21121,4,0.878813624382019,0.826570987701416,-0.05224263668060303,0,260,352,1448,436,295,362,388
363,5453,21942,10,0.9179666042327881,0.6809036731719971,-0.23706293106079102,0,11,362,1579,528,9,13,21
364,5488,349,2,0.822740375995636,0.8827688097953796,0.06002843379974365,1,712,801,963,838,758,782,773
365,5496,5485,3,0.8493691682815552,0.834312915802002,-0.015056252479553223,0,1249,451,1606,631,1228,1461,1510
366,5501,22928,2,0.7513895630836487,0.8490288257598877,0.09763926267623901,1,1111,1434,93,1254,1215,869,831
367,5533,23029,4,0.9623414278030396,0.8789181113243103,-0.08342331647872925,0,215,102,866,91,177,171,185
368,5558,357,2,0.8620843291282654,0.8522142767906189,-0.009870052337646484,0,391,452,1511,541,330,420,504
369,5563,23003,2,0.8405314087867737,0.8694518804550171,0.028920471668243408,1,648,976,1458,1178,608,776,672
370,5569,359,2,0.7784722447395325,0.8830124139785767,0.10454016923904419,1,802,1410,833,1509,824,806,772
371,5572,831,2,0.9369257092475891,0.9315615296363831,-0.005364179611206055,0,25,473,546,404,28,19,13
372,5587,7310,2,0.8171600699424744,0.9186908602714539,0.10153079032897949,1,435,809,544,758,389,316,293
373,5591,12831,2,0.8389735817909241,0.9118460416793823,0.07287245988845825,1,596,1068,299,946,546,437,382
374,5632,1570,2,0.7745387554168701,0.8049529194831848,0.030414164066314697,1,1446,1049,601,1028,1476,1496,1483
375,5636,11158,2,0.882092297077179,0.8980481028556824,0.015955805778503418,1,1146,696,332,561,1330,1235,1294
376,5638,15975,4,0.877352237701416,0.8390771150588989,-0.03827512264251709,0,543,493,1120,519,484,510,583
377,5644,3381,3,0.9428393840789795,0.9377068281173706,-0.005132555961608887,0,747,755,90,447,784,428,322
378,5659,4885,3,0.8625125288963318,0.8679461479187012,0.005433619022369385,1,983,1100,1096,1187,938,997,1001
379,5680,5491,7,0.9354677796363831,0.8552905917167664,-0.0801771879196167,0,1,548,318,507,1,1,1
380,5682,11701,3,0.9691449999809265,0.8178979754447937,-0.1512470245361328,0,173,190,1570,179,179,166,154
381,5690,23023,2,0.9546884894371033,0.8858985900878906,-0.06878989934921265,0,6,95,1133,53,6,5,5
382,5691,367,2,0.895417332649231,0.8667459487915039,-0.02867138385772705,0,5,198,1417,236,4,4,4
383,5694,11047,2,0.8336077332496643,0.8888865113258362,0.055278778076171875,1,1179,1490,578,1509,1177,1161,1067
384,5725,826,5,0.9504435062408447,0.8675047755241394,-0.08293873071670532,0,258,483,856,487,237,222,262
385,5751,17113,4,0.8146691918373108,0.8623974919319153,0.04772830009460449,1,1736,1650,217,1591,1730,1726,1728
386,5770,17519,6,0.9129895567893982,0.8783813118934631,-0.03460824489593506,0,1489,1299,206,1154,1419,1241,1160
387,5773,373,3,0.9173046350479126,0.8545345067977905,-0.06277012825012207,0,1014,335,1154,260,979,1106,1255
388,5804,19030,2,0.9276732802391052,0.8505341410636902,-0.07713913917541504,0,79,18,1658,30,33,54,83
389,5820,15861,2,0.8903319239616394,0.9313287138938904,0.04099678993225098,1,580,1469,48,1246,875,407,289
390,5831,4767,3,0.7815769910812378,0.8744008541107178,0.09282386302947998,1,939,1762,939,1778,1028,1080,1042
391,5843,3163,2,0.8665599822998047,0.8828080296516418,0.016248047351837158,1,904,209,88,142,1170,831,978
392,5871,22809,5,0.8684393763542175,0.8468652367591858,-0.02157413959503174,0,5,91,36,58,8,4,5
393,5879,10160,2,0.8471482992172241,0.8043034672737122,-0.04284483194351196,0,468,321,1163,327,513,548,513
394,5892,19034,3,0.7920973300933838,0.8431904315948486,0.051093101501464844,1,194,1369,1038,1452,220,189,192
395,5957,2003,2,0.8183721303939819,0.904906153678894,0.08653402328491211,1,396,1352,616,1358,373,270,218
396,5973,16592,2,0.9078710675239563,0.9292944669723511,0.021423399448394775,1,475,1238,919,1275,451,399,315
397,6000,1247,2,0.8867824673652649,0.8736289739608765,-0.013153493404388428,0,543,723,1438,858,403,496,507
398,6033,14418,3,0.9641542434692383,0.9249581694602966,-0.03919607400894165,0,1,545,1162,568,1,1,1
399,6068,456,3,0.8448258638381958,0.8072903156280518,-0.03753554821014404,0,1601,547,1761,753,1620,1719,1735
400,6096,22704,2,0.9027674794197083,0.8991463780403137,-0.0036211013793945312,0,1210,410,914,386,981,983,923
401,6100,23014,4,0.8828252553939819,0.8160491585731506,-0.0667760968208313,0,102,141,1462,143,114,135,150
402,6171,19227,2,0.8604893088340759,0.8445490598678589,-0.01594024896621704,0,665,489,1453,542,591,775,930
403,6177,396,2,0.9671443104743958,0.8598653674125671,-0.10727894306182861,0,2,274,1567,279,2,1,1
404,6196,22533,2,0.8706321120262146,0.9049626588821411,0.034330546855926514,1,1382,1396,115,1270,1356,1175,1025
405,6252,21452,7,0.9172143936157227,0.7588784098625183,-0.15833598375320435,0,365,160,1252,156,387,429,522
406,6259,5815,1,0.7503949403762817,0.8701401352882385,0.11974519491195679,1,1732,1729,170,1722,1751,1740,1750
407,6280,8586,4,0.9273447394371033,0.9218119978904724,-0.005532741546630859,0,624,260,71,150,601,262,227
408,6283,21396,2,0.9052485227584839,0.8963698148727417,-0.008878707885742188,0,216,365,1017,370,147,163,160
409,6284,22217,5,0.8626910448074341,0.79245525598526,-0.07023578882217407,0,126,407,1196,473,150,168,195
410,6289,2370,2,0.8710071444511414,0.8642328381538391,-0.006774306297302246,0,577,541,761,509,510,450,423
411,6312,11927,2,0.8751073479652405,0.8694402575492859,-0.00566709041595459,0,1268,403,935,399,1319,1362,1392
412,6314,22299,2,0.8954025506973267,0.9118279814720154,0.01642543077468872,1,639,593,695,532,639,591,605
413,6360,20273,5,0.9491060972213745,0.8335130214691162,-0.1155930757522583,0,51,102,1041,109,70,71,65
414,6369,1274,9,0.7638604044914246,0.747869074344635,-0.01599133014678955,0,1407,1620,833,1689,1400,1456,1488
415,6404,5377,2,0.894038736820221,0.7774140238761902,-0.11662471294403076,0,116,14,1775,16,103,248,451
416,6405,6219,6,0.8532484173774719,0.8227176666259766,-0.03053075075149536,0,1659,1317,216,1217,1666,1636,1619
417,6407,3151,2,0.8908464908599854,0.90900719165802,0.018160700798034668,1,604,585,540,523,472,365,304
418,6440,4196,2,0.9063401222229004,0.8823399543762207,-0.024000167846679688,0,69,246,343,176,82,61,58
419,6494,21436,2,0.8297080397605896,0.8900972604751587,0.06038922071456909,1,623,1192,127,1105,766,520,470
420,6509,14084,5,0.9193969368934631,0.8245839476585388,-0.09481298923492432,0,575,263,932,263,566,569,581
421,6539,16804,3,0.8552574515342712,0.8519460558891296,-0.0033113956451416016,0,744,1102,1539,1280,787,957,1003
422,6554,8775,2,0.8646159768104553,0.9230680465698242,0.058452069759368896,1,1089,1573,73,1472,1003,704,571
423,6595,21277,2,0.8727037310600281,0.8780478239059448,0.005344092845916748,1,347,422,1335,501,199,240,202
424,6596,22347,5,0.8995899558067322,0.7731018662452698,-0.1264880895614624,0,373,301,1690,415,325,551,706
425,6619,22961,2,0.9285419583320618,0.8470277786254883,-0.08151417970657349,0,70,12,1691,20,67,100,152
426,6623,22657,2,0.9155276417732239,0.910187304019928,-0.0053403377532958984,0,589,546,610,493,427,357,375
427,6631,1408,3,0.8569453954696655,0.9053415656089783,0.048396170139312744,1,1756,1543,309,1504,1762,1766,1766
428,6666,21757,3,0.8541795015335083,0.8773150444030762,0.02313554286956787,1,1165,1180,1130,1242,1105,1145,1192
429,6669,4536,2,0.8910678625106812,0.8631206154823303,-0.02794724702835083,0,129,195,137,109,131,77,84
430,6686,23031,4,0.9158774018287659,0.8754121661186218,-0.04046523571014404,0,518,566,990,593,534,531,531
431,6696,18186,2,0.8668971657752991,0.8299262523651123,-0.03697091341018677,0,1321,100,688,62,1139,1111,1289
432,6697,21691,4,0.864883542060852,0.8382642269134521,-0.026619315147399902,0,1038,1059,1414,1171,1056,1178,1252
433,6706,670,2,0.8723942041397095,0.858704149723053,-0.013690054416656494,0,961,279,1562,351,758,984,1057
434,6717,4566,7,0.9680713415145874,0.8294246792793274,-0.13864666223526,0,696,82,702,106,596,578,572
435,6729,21141,4,0.824521005153656,0.8662669658660889,0.04174596071243286,1,819,777,288,712,726,644,656
436,6730,22000,2,0.8654065728187561,0.8568224906921387,-0.008584082126617432,0,186,756,1445,902,245,214,159
437,6739,22987,8,0.9085506796836853,0.6725682020187378,-0.2359824776649475,0,905,732,1430,900,925,1131,1212
438,6742,966,2,0.9541794061660767,0.839344322681427,-0.11483508348464966,0,60,117,1749,161,51,107,119
439,6750,451,2,0.8860626816749573,0.8418041467666626,-0.04425853490829468,0,109,58,1222,52,108,107,131
440,6760,12823,3,0.9576125144958496,0.8595530986785889,-0.09805941581726074,0,81,63,1637,71,67,74,78
441,6762,15814,5,0.8940196633338928,0.8792499303817749,-0.01476973295211792,0,1015,1448,335,1374,972,820,742
442,6766,4196,3,0.8752111196517944,0.8813226222991943,0.006111502647399902,1,1060,943,311,799,1155,992,976
443,6768,16613,2,0.849819540977478,0.894035816192627,0.044216275215148926,1,1032,1291,85,1045,944,566,637
444,6770,22970,3,0.890920102596283,0.8843209743499756,-0.006599128246307373,0,539,866,1405,1035,538,661,635
445,6787,21758,5,0.9249802231788635,0.7982750535011292,-0.12670516967773438,0,175,326,1587,395,175,204,225
446,6804,21003,2,0.9476221203804016,0.8385659456253052,-0.10905617475509644,0,1,1,1732,2,1,1,1
447,6820,458,3,0.7974240779876709,0.8590714931488037,0.06164741516113281,1,1304,1738,1188,1753,1267,1387,1360
448,6838,22928,6,0.6233608722686768,0.7339792251586914,0.11061835289001465,1,1162,1753,1565,1768,1053,1324,1322
449,6859,9462,2,0.8591426610946655,0.9140238761901855,0.05488121509552002,1,110,345,309,186,120,97,110
450,6874,18842,5,0.932558536529541,0.8369094133377075,-0.0956491231918335,0,536,87,393,39,462,268,207
451,6878,1894,4,0.8484973311424255,0.8499695062637329,0.001472175121307373,1,867,1129,981,1181,678,709,648
452,6946,861,4,0.7738109827041626,0.842376708984375,0.0685657262802124,1,1176,1326,926,1399,1134,1189,1255
453,6951,22861,2,0.8922853469848633,0.8984677791595459,0.006182432174682617,1,361,473,1267,474,379,352,290
454,6967,20687,2,0.8162422776222229,0.844156801700592,0.02791452407836914,1,1764,1669,1480,1714,1759,1771,1771
455,6979,8252,5,0.9055954813957214,0.8502463102340698,-0.05534917116165161,0,718,396,403,321,621,499,449
456,6990,23020,3,0.897825300693512,0.9018040299415588,0.003978729248046875,1,1593,556,308,435,1541,1502,1504
457,7025,14372,4,0.891401469707489,0.902039110660553,0.010637640953063965,1,1519,385,137,289,1560,1407,1435
458,7042,23027,4,0.8404473662376404,0.8392062783241272,-0.0012410879135131836,0,1713,806,307,652,1696,1691,1697
459,7043,22961,2,0.8317654132843018,0.8508120179176331,0.0190466046333313,1,887,1481,1452,1559,836,998,889
460,7047,2760,3,0.8407917618751526,0.8455756306648254,0.0047838687896728516,1,1417,595,89,438,1432,1131,1177
461,7062,3315,3,0.945111870765686,0.8683985471725464,-0.07671332359313965,0,131,69,708,53,129,103,117
462,7064,14238,2,0.8427922129631042,0.8897513151168823,0.046959102153778076,1,1304,956,1125,1076,1255,1363,1386
463,7092,13580,5,0.958690345287323,0.8558007478713989,-0.10288959741592407,0,11,6,105,3,9,6,6
464,7093,3163,2,0.7870656251907349,0.8845691084861755,0.09750348329544067,1,1521,1399,89,1096,1627,1540,1513
465,7094,483,2,0.8246226906776428,0.8541527390480042,0.029530048370361328,1,1124,1430,694,1480,1180,1170,1157
466,7095,4507,3,0.9406894445419312,0.7852610945701599,-0.15542834997177124,0,1,32,1740,35,1,1,1
467,7109,22682,8,0.8976062536239624,0.6535789966583252,-0.2440272569656372,0,63,543,1403,663,60,84,109
468,7110,21344,2,0.8040670156478882,0.8057364225387573,0.0016694068908691406,1,1390,535,1314,631,1356,1446,1486
469,7120,22892,7,0.9059423804283142,0.7936562299728394,-0.11228615045547485,0,1531,947,1137,1019,1566,1602,1623
470,7139,486,2,0.8718551397323608,0.8893905878067017,0.01753544807434082,1,597,1158,1393,1272,559,680,635
471,7150,20658,2,0.9090315699577332,0.9256225824356079,0.016591012477874756,1,669,930,268,835,743,558,564
472,7151,9694,2,0.9434236884117126,0.8807510733604431,-0.06267261505126953,0,19,160,1704,231,17,31,34
473,7153,21966,3,0.9001346826553345,0.8978797197341919,-0.002254962921142578,0,781,1539,1502,1613,768,908,896
474,7166,17941,2,0.9030521512031555,0.8507436513900757,-0.052308499813079834,0,82,240,1586,284,103,92,87
475,7173,17099,4,0.90256267786026,0.8453353643417358,-0.05722731351852417,0,256,416,1387,454,256,272,262
476,7176,5108,2,0.8091034293174744,0.9023575186729431,0.09325408935546875,1,1633,1680,713,1704,1635,1651,1601
477,7185,16344,9,0.8941611051559448,0.7903332114219666,-0.10382789373397827,0,417,714,687,659,451,375,371
478,7187,22961,3,0.8725408315658569,0.8338722586631775,-0.03866857290267944,0,1124,182,1716,296,1061,1325,1393
479,7192,23025,4,0.8915191292762756,0.8387966156005859,-0.0527225136756897,0,1594,125,814,115,1551,1557,1549
480,7214,622,3,0.8751654028892517,0.9085595011711121,0.03339409828186035,1,663,1128,46,942,709,348,195
481,7250,22442,2,0.7740117311477661,0.8625368475914001,0.08852511644363403,1,1648,1715,381,1731,1619,1599,1547
482,7260,22975,3,0.9527290463447571,0.8855546116828918,-0.06717443466186523,0,100,150,588,101,107,62,62
483,7261,10331,2,0.8236839771270752,0.8891677856445312,0.06548380851745605,1,637,1535,555,1573,679,574,500
484,7262,17216,2,0.8874908685684204,0.8991055488586426,0.011614680290222168,1,590,991,1238,1145,543,575,569
485,7263,19389,8,0.9114472270011902,0.7164290547370911,-0.19501817226409912,0,191,465,835,443,214,157,163
486,7264,497,2,0.8259290456771851,0.8845531344413757,0.058624088764190674,1,1032,1594,1480,1699,1093,1249,1149
487,7271,17645,5,0.8906129598617554,0.8383115530014038,-0.05230140686035156,0,929,1280,1095,1367,956,1060,1118
488,7276,4557,3,0.8123657703399658,0.9226155877113342,0.11024981737136841,1,1350,877,539,815,1345,1329,1292
489,7303,22984,4,0.8988631963729858,0.8800687193870544,-0.018794476985931396,0,840,879,405,756,940,795,713
490,7309,22112,3,0.926371693611145,0.9001753926277161,-0.026196300983428955,0,166,309,836,295,104,75,69
491,7311,13257,3,0.8158630728721619,0.8940791487693787,0.0782160758972168,1,1699,1704,21,1495,1700,1618,1518
492,7312,12174,2,0.9120448231697083,0.8364479541778564,-0.0755968689918518,0,264,28,1513,35,225,239,304
493,7313,501,2,0.8496648073196411,0.9165412783622742,0.06687647104263306,1,1491,937,745,898,1351,1345,1319
494,7318,21593,4,0.7884464859962463,0.7847350239753723,-0.0037114620208740234,0,703,699,1670,1020,921,1231,1341
495,7352,5297,3,0.8197182416915894,0.8350818753242493,0.015363633632659912,1,704,1492,1652,1605,615,833,802
496,7356,7203,4,0.8116351366043091,0.8974806666374207,0.08584553003311157,1,1773,1776,49,1755,1774,1769,1761
497,7364,18630,2,0.9293577671051025,0.8726180195808411,-0.056739747524261475,0,466,108,1367,127,440,486,432
498,7432,20547,6,0.9246408343315125,0.8412867188453674,-0.08335411548614502,0,783,972,732,956,802,762,753
499,7453,18770,2,0.8663965463638306,0.9231217503547668,0.05672520399093628,1,820,866,673,810,739,597,578
500,7517,15006,2,0.9842627048492432,0.7924293279647827,-0.19183337688446045,0,1,11,1761,11,1,1,3
501,7524,19608,2,0.955195426940918,0.8520657420158386,-0.10312968492507935,0,285,94,1591,83,270,299,310
502,7541,5986,2,0.8249861598014832,0.8792636394500732,0.05427747964859009,1,1408,1052,315,957,1389,1329,1345
503,7557,22237,3,0.8840387463569641,0.9223926067352295,0.03835386037826538,1,1226,1244,307,1126,1170,1061,1034
504,7576,21893,3,0.8860862851142883,0.8986042737960815,0.012517988681793213,1,1346,970,1416,1112,1295,1456,1467
505,7601,19460,2,0.8083846569061279,0.8799813389778137,0.07159668207168579,1,1152,1455,746,1516,1102,1076,1090
506,7609,20393,2,0.9106146097183228,0.8971332311630249,-0.013481378555297852,0,1001,696,617,651,927,873,868
507,7628,6261,3,0.9248440265655518,0.9028636813163757,-0.021980345249176025,0,221,680,989,696,249,213,161
508,7638,22925,3,0.8785383105278015,0.8425827622413635,-0.03595554828643799,0,664,511,1091,552,613,677,696
509,7651,20792,3,0.8668925166130066,0.8104217052459717,-0.05647081136703491,0,276,163,1659,229,283,454,452
510,7657,13314,3,0.9065075516700745,0.9246107935905457,0.01810324192047119,1,831,1205,236,1097,979,779,712
511,7673,525,2,0.8171752095222473,0.9219062328338623,0.10473102331161499,1,1643,1135,355,1058,1683,1684,1678
512,7681,11990,2,0.8359335660934448,0.8993638753890991,0.0634303092956543,1,1438,1075,426,1036,1431,1411,1439
513,7682,10884,3,0.8055499792098999,0.8320674300193787,0.02651745080947876,1,684,1538,183,1462,860,591,632
514,7701,4599,2,0.9252461791038513,0.8886640071868896,-0.03658217191696167,0,31,324,540,253,32,23,19
515,7702,19110,10,0.9094560742378235,0.6644626259803772,-0.2449934482574463,0,28,378,1620,539,28,32,33
516,7707,17029,3,0.8820177912712097,0.8870400190353394,0.005022227764129639,1,942,993,1096,1054,936,978,1014
517,7717,531,3,0.9220885634422302,0.840897262096405,-0.0811913013458252,0,121,122,1294,76,124,56,49
518,7719,9220,5,0.822579562664032,0.7221163511276245,-0.10046321153640747,0,1547,1074,1768,1440,1486,1709,1734
519,7765,536,5,0.9198314547538757,0.8388875722885132,-0.08094388246536255,0,97,34,330,26,114,28,30
520,7813,13800,2,0.8426373600959778,0.8694484233856201,0.026811063289642334,1,461,1303,1151,1361,443,456,445
521,7816,922,1,0.9416114687919617,0.883762538433075,-0.05784893035888672,0,3,43,1402,41,3,2,2
522,7850,2246,3,0.9409446120262146,0.904853105545044,-0.036091506481170654,0,124,300,890,296,122,131,138
523,7883,22996,2,0.8799474835395813,0.8691151142120361,-0.010832369327545166,0,646,323,327,237,610,441,439
524,7892,18744,4,0.9412650465965271,0.8875032663345337,-0.05376178026199341,0,242,208,605,171,189,131,174
525,7895,20027,3,0.8934726715087891,0.9208036065101624,0.02733093500137329,1,550,553,194,421,676,489,448
526,7916,6451,4,0.9167571067810059,0.8492985963821411,-0.06745851039886475,0,407,134,748,101,435,410,479
527,7920,554,2,0.7939631938934326,0.847720205783844,0.05375701189041138,1,1284,1346,1484,1525,1077,1263,1309
528,7928,3719,1,0.8092237710952759,0.9125301837921143,0.10330641269683838,1,604,837,1153,912,580,630,643
529,7932,20472,3,0.8648912310600281,0.8919149041175842,0.027023673057556152,1,1168,1546,656,1566,1241,1250,1179
530,7960,21356,2,0.919610857963562,0.8941736817359924,-0.02543717622756958,0,807,321,975,297,604,588,674
531,7984,563,2,0.8264179229736328,0.8516622185707092,0.025244295597076416,1,1449,1263,410,1193,1621,1610,1625
532,7999,22938,2,0.9075237512588501,0.9174391627311707,0.009915411472320557,1,1045,916,1144,972,986,1088,1147
533,8025,23012,2,0.8751562833786011,0.9133371710777283,0.0381808876991272,1,1051,961,346,903,1060,904,858
534,8032,8090,2,0.9356247186660767,0.8616658449172974,-0.0739588737487793,0,24,10,380,5,26,18,19
535,8070,11984,2,0.749033510684967,0.8274243474006653,0.07839083671569824,1,1490,1565,112,1437,1552,1452,1459
536,8075,20472,2,0.8850348591804504,0.900384247303009,0.015349388122558594,1,999,1047,327,896,1056,868,866
537,8092,22911,1,0.7858760356903076,0.8559035658836365,0.07002753019332886,1,1501,1682,373,1687,1460,1431,1348
538,8101,20768,2,0.9591654539108276,0.8764016628265381,-0.08276379108428955,0,7,20,1721,25,7,10,10
539,8111,20848,3,0.848828911781311,0.877159595489502,0.028330683708190918,1,151,913,878,910,147,123,117
540,8118,14054,3,0.8485341668128967,0.8760437369346619,0.027509570121765137,1,474,1519,816,1548,496,481,427
541,8120,22645,3,0.9366920590400696,0.9163618683815002,-0.020330190658569336,0,1166,529,454,421,1109,1009,1068
542,8132,2283,6,0.848068356513977,0.8434346914291382,-0.004633665084838867,0,1663,1506,97,1226,1671,1565,1484
543,8135,23014,9,0.9462139010429382,0.7046681046485901,-0.24154579639434814,0,21,34,1739,40,20,20,25
544,8136,11369,5,0.8825806975364685,0.8260157704353333,-0.056564927101135254,0,735,1301,1148,1359,833,881,971
545,8141,18429,1,0.9145832657814026,0.877655029296875,-0.03692823648452759,0,263,188,1613,212,292,379,475
546,8148,20231,2,0.8738404512405396,0.9314696788787842,0.05762922763824463,1,397,1130,621,1117,396,191,128
547,8186,8354,2,0.7909218668937683,0.906429648399353,0.11550778150558472,1,1402,1275,501,1276,1403,1392,1383
548,8226,12656,2,0.9598249197006226,0.8547501564025879,-0.10507476329803467,0,1,2,1555,3,1,1,1
549,8247,21508,3,0.959144115447998,0.9236211776733398,-0.0355229377746582,0,157,455,721,432,146,115,105
550,8264,20985,2,0.8308131694793701,0.877862274646759,0.047049105167388916,1,770,487,425,438,832,754,717
551,8282,589,5,0.9160670042037964,0.8814465999603271,-0.03462040424346924,0,1690,1120,229,925,1688,1676,1664
552,8284,17142,7,0.9390074610710144,0.8113647103309631,-0.12764275074005127,0,91,1027,1476,1163,62,100,134
553,8287,8397,2,0.8350749015808105,0.8847452402114868,0.04967033863067627,1,918,1306,970,1347,822,826,648
554,8294,22638,10,0.8931288719177246,0.8001967668533325,-0.09293210506439209,0,503,874,420,822,556,381,255
555,8330,6011,3,0.8957269191741943,0.9049761891365051,0.009249269962310791,1,610,1016,108,787,638,414,374
556,8338,9185,3,0.9149988889694214,0.8991973400115967,-0.015801548957824707,0,1196,872,565,805,1220,1176,1211
557,8366,6235,4,0.8869881629943848,0.880781888961792,-0.0062062740325927734,0,969,1439,983,1482,898,886,843
558,8389,21098,2,0.8936408758163452,0.9612687826156616,0.0676279067993164,1,1145,1491,46,1352,1100,804,694
559,8398,1266,2,0.8775836825370789,0.8813231587409973,0.003739476203918457,1,290,367,1007,319,291,250,274
560,8414,15635,7,0.7629868388175964,0.6797056198120117,-0.08328121900558472,0,813,1271,1732,1654,824,1286,1348
561,8415,16409,2,0.9651850461959839,0.7982897758483887,-0.16689527034759521,0,288,8,1610,2,266,278,313
562,8423,8907,3,0.8587567210197449,0.8492622375488281,-0.009494483470916748,0,1114,332,657,281,925,880,860
563,8429,8970,2,0.9454498887062073,0.8778992295265198,-0.0675506591796875,0,231,46,1331,46,213,254,298
564,8440,2951,3,0.9003762602806091,0.8947188258171082,-0.0056574344635009766,0,1570,759,195,610,1616,1566,1589
565,8450,19333,2,0.8667800426483154,0.8771598935127258,0.0103798508644104,1,830,287,1506,318,758,968,1066
566,8498,22851,2,0.8849400281906128,0.9157848358154297,0.030844807624816895,1,543,513,183,371,510,327,307
567,8508,20768,2,0.8236069083213806,0.8916457295417786,0.06803882122039795,1,805,1064,831,1095,831,842,893
568,8511,20888,2,0.7812175154685974,0.8515518307685852,0.07033431529998779,1,1754,1578,98,1485,1759,1760,1765
569,8577,7310,10,0.9024167656898499,0.8348723649978638,-0.06754440069198608,0,264,986,401,833,275,238,221
570,8583,9039,2,0.8872027397155762,0.8865254521369934,-0.0006772875785827637,0,646,679,1172,754,579,626,688
571,8629,16159,6,0.9369435906410217,0.8410109281539917,-0.09593266248703003,0,297,432,424,343,316,177,119
572,8652,12607,3,0.8567737936973572,0.9297850728034973,0.07301127910614014,1,552,1188,350,1132,557,477,456
573,8684,17811,5,0.9388379454612732,0.7576233744621277,-0.1812145709991455,0,106,29,1454,39,54,53,71
574,8686,9302,2,0.8007643222808838,0.9078905582427979,0.10712623596191406,1,1585,1458,289,1386,1587,1588,1574
575,8707,628,7,0.7883947491645813,0.6761680841445923,-0.11222666501998901,0,934,1424,1760,1721,989,1457,1550
576,8711,23030,3,0.8183469176292419,0.8930793404579163,0.07473242282867432,1,1766,1745,177,1708,1769,1767,1751
577,8745,632,3,0.9038926362991333,0.9422756433486938,0.03838300704956055,1,1754,1357,37,1068,1748,1734,1739
578,8770,10027,3,0.9114916324615479,0.8693058490753174,-0.04218578338623047,0,725,85,933,72,691,669,694
579,8771,635,2,0.7995518445968628,0.8678275346755981,0.06827569007873535,1,1659,1297,1422,1354,1657,1692,1711
580,8777,22273,2,0.8414071202278137,0.8793855309486389,0.037978410720825195,1,1597,1021,55,796,1604,1442,1470
581,8793,20471,2,0.9035173058509827,0.8774611353874207,-0.02605617046356201,0,75,168,1638,235,77,111,219
582,8805,9231,2,0.9062972068786621,0.90133136510849,-0.004965841770172119,0,1031,202,124,131,977,648,713
583,8825,16607,2,0.7787473797798157,0.8581499457359314,0.07940256595611572,1,1675,795,1158,907,1656,1697,1692
584,8834,21996,3,0.859967827796936,0.8716285824775696,0.011660754680633545,1,805,678,418,617,876,789,827
585,8843,7077,2,0.8691160678863525,0.9260984659194946,0.05698239803314209,1,571,1151,346,1054,700,545,526
586,8899,23009,4,0.9084591269493103,0.8579663038253784,-0.050492823123931885,0,980,389,1044,393,963,1043,1281
587,8904,12639,3,0.8586556315422058,0.8881337642669678,0.029478132724761963,1,990,1209,299,1026,769,601,469
588,8918,1629,2,0.8284813761711121,0.8444015979766846,0.01592022180557251,1,1621,429,940,394,1697,1722,1725
589,8961,8624,3,0.9089160561561584,0.8718425631523132,-0.037073493003845215,0,114,342,1348,382,91,95,92
590,9006,14115,2,0.8917264938354492,0.8869650363922119,-0.004761457443237305,0,1044,725,513,626,980,863,873
591,9014,6569,5,0.8594961166381836,0.784598708152771,-0.0748974084854126,0,18,880,1355,1040,51,48,39
592,9015,13400,3,0.9093419909477234,0.849658727645874,-0.059683263301849365,0,178,86,1117,81,149,149,179
593,9019,16384,2,0.8306100368499756,0.8587824702262878,0.028172433376312256,1,1216,802,1677,1033,1332,1563,1626
594,9029,22154,5,0.9151536822319031,0.8141189217567444,-0.10103476047515869,0,691,472,1585,608,608,818,914
595,9046,6535,4,0.9425075054168701,0.9109179377555847,-0.0315895676612854,0,249,373,647,330,256,197,218
596,9059,16893,3,0.9503241777420044,0.8213708400726318,-0.12895333766937256,0,161,158,1501,127,187,150,158
597,9094,4491,5,0.9070963263511658,0.8947652578353882,-0.012331068515777588,0,376,683,76,508,398,207,143
598,9095,21833,3,0.9348859190940857,0.8858358860015869,-0.04905003309249878,0,283,198,1359,232,277,333,386
599,9108,653,3,0.8585373759269714,0.8794564008712769,0.02091902494430542,1,371,1394,735,1402,355,249,114
600,9115,22446,3,0.8588310480117798,0.9114955067634583,0.05266445875167847,1,876,1082,753,1061,974,926,946
601,9135,694,2,0.8145551681518555,0.8864458203315735,0.07189065217971802,1,1709,1735,243,1735,1716,1714,1702
602,9195,21241,1,0.8875533938407898,0.9377526044845581,0.05019921064376831,1,1088,717,1021,759,1100,1158,1135
603,9207,20180,3,0.9116889834403992,0.8812314867973328,-0.030457496643066406,0,1093,550,1359,617,892,1145,1224
604,9225,21613,2,0.8639175295829773,0.9084105491638184,0.044493019580841064,1,659,918,1083,999,686,739,817
605,9236,6797,2,0.8974698781967163,0.9149071574211121,0.017437279224395752,1,667,1052,1007,1092,627,646,658
606,9251,18477,2,0.8001647591590881,0.8357155323028564,0.03555077314376831,1,1770,876,7,495,1774,1775,1777
607,9257,22970,2,0.940401017665863,0.896526575088501,-0.04387444257736206,0,44,449,1193,405,54,22,24
608,9258,19494,5,0.925366997718811,0.7036060690879822,-0.22176092863082886,0,66,8,1777,19,59,169,227
609,9294,8707,2,0.8452438712120056,0.85406893491745,0.008825063705444336,1,1630,853,849,842,1621,1646,1679
610,9302,6191,2,0.933078944683075,0.875314474105835,-0.05776447057723999,0,89,9,882,15,78,88,99
611,9315,675,2,0.8286871910095215,0.8529078364372253,0.024220645427703857,1,913,698,1064,727,888,924,970
612,9324,675,3,0.8923320770263672,0.8458045125007629,-0.04652756452560425,0,3,382,1166,368,3,4,5
613,9331,17519,2,0.8921722173690796,0.92893385887146,0.03676164150238037,1,1634,1110,192,891,1627,1525,1588
614,9357,20745,3,0.8352362513542175,0.8482256531715393,0.012989401817321777,1,526,838,1263,980,503,512,499
615,9379,9495,2,0.8219204545021057,0.8884833455085754,0.06656289100646973,1,1586,1472,197,1350,1589,1538,1515
616,9397,680,2,0.8317766189575195,0.8495389819145203,0.017762362957000732,1,59,960,504,873,114,80,51
617,9398,7799,2,0.7941272854804993,0.9073576927185059,0.11323040723800659,1,1132,1590,130,1479,1049,849,824
618,9411,17237,2,0.8945860862731934,0.8971664905548096,0.002580404281616211,1,689,720,1108,723,532,526,666
619,9415,22853,2,0.9257081747055054,0.8734642267227173,-0.052243947982788086,0,95,56,1061,34,119,104,110
620,9448,20143,4,0.8558695912361145,0.8919938206672668,0.036124229431152344,1,1469,747,102,652,1476,1278,1310
621,9458,2026,2,0.9132976531982422,0.8412079215049744,-0.07208973169326782,0,302,311,1560,337,271,270,267
622,9468,21350,2,0.9808173179626465,0.8027185201644897,-0.17809879779815674,0,11,26,1764,38,8,16,20
623,9483,22844,7,0.9149680733680725,0.8344380855560303,-0.08052998781204224,0,922,1405,669,1372,901,832,711
624,9512,10085,2,0.925428569316864,0.9084112644195557,-0.01701730489730835,0,564,372,808,330,503,454,522
625,9513,12401,2,0.908689022064209,0.912285566329956,0.0035965442657470703,1,337,536,371,436,190,86,107
626,9544,23002,4,0.884260356426239,0.9180976748466492,0.033837318420410156,1,1205,1510,162,1403,1232,1022,907
627,9555,14053,1,0.9407733082771301,0.8998667597770691,-0.040906548500061035,0,1,20,884,14,1,1,1
628,9562,15862,3,0.8904858231544495,0.9338166117668152,0.04333078861236572,1,1239,1459,241,1328,1253,1070,1031
629,9591,5987,9,0.8842779397964478,0.757735013961792,-0.12654292583465576,0,353,1115,1502,1248,376,486,545
630,9604,21982,6,0.876991331577301,0.8021116256713867,-0.0748797059059143,0,455,473,901,449,424,374,375
631,9669,3956,2,0.9813398718833923,0.8294007182121277,-0.15193915367126465,0,176,55,1679,47,166,191,221
632,9697,712,2,0.9921746253967285,0.8133891820907593,-0.17878544330596924,0,2,46,1767,75,2,2,2
633,9733,712,2,0.9869189858436584,0.8111896514892578,-0.17572933435440063,0,4,65,1765,96,4,14,23
634,9773,7373,3,0.9289030432701111,0.8924174308776855,-0.03648561239242554,0,158,407,1221,432,117,125,120
635,9814,21711,3,0.8785625696182251,0.8782200217247009,-0.0003425478935241699,0,419,543,238,432,533,339,350
636,9828,22812,2,0.8730489611625671,0.923866868019104,0.050817906856536865,1,516,878,1040,940,515,526,516
637,9830,22739,3,0.9115905165672302,0.9000745415687561,-0.011515974998474121,0,383,482,565,400,412,334,303
638,9874,14417,2,0.9169408082962036,0.8809255957603455,-0.036015212535858154,0,89,187,1650,264,87,122,120
639,9883,18076,2,0.8905131220817566,0.8759983777999878,-0.014514744281768799,0,1099,456,1674,633,706,974,1036
640,9885,4907,2,0.7699013948440552,0.7791183590888977,0.00921696424484253,1,1125,706,1773,1060,990,1441,1397
641,9917,2668,6,0.9667242765426636,0.7337850332260132,-0.2329392433166504,0,12,205,1716,266,12,11,10
642,9921,22889,3,0.8980233669281006,0.879511296749115,-0.018512070178985596,0,619,607,665,585,581,513,464
643,9928,720,2,0.912040114402771,0.9129290580749512,0.0008889436721801758,1,335,383,1425,446,307,403,446
644,9929,4725,2,0.8493621349334717,0.8557876944541931,0.0064255595207214355,1,622,886,515,808,826,717,907
645,9931,21491,2,0.9395419955253601,0.9265710115432739,-0.012970983982086182,0,199,356,508,282,196,150,141
646,9943,22998,3,0.8725035190582275,0.8973551988601685,0.024851679801940918,1,1069,1403,295,1340,1071,893,814
647,9969,4603,2,0.8898882269859314,0.9315395951271057,0.041651368141174316,1,692,765,591,684,569,458,447
648,9973,14084,2,0.7340097427368164,0.8817335367202759,0.14772379398345947,1,1314,980,855,1068,1294,1337,1392
649,9993,9879,2,0.8612464070320129,0.904450535774231,0.04320412874221802,1,505,1369,366,1275,438,332,276
650,10009,9313,4,0.949664294719696,0.9103652834892273,-0.03929901123046875,0,230,288,441,228,184,113,107
651,10028,6969,1,0.8517073392868042,0.8788065314292908,0.027099192142486572,1,280,343,423,252,262,168,178
652,10050,15381,3,0.9283429384231567,0.8705559372901917,-0.05778700113296509,0,653,409,1383,425,552,753,841
653,10106,21803,4,0.914334237575531,0.9114960432052612,-0.0028381943702697754,0,604,1083,408,937,572,482,409
654,10118,3611,3,0.9425186514854431,0.791878879070282,-0.15063977241516113,0,8,2,1770,8,7,18,21
655,10156,3434,2,0.9671730399131775,0.8353875875473022,-0.13178545236587524,0,2,29,1443,26,2,1,1
656,10173,6235,2,0.871745765209198,0.8973715305328369,0.025625765323638916,1,1424,1457,1078,1526,1517,1580,1560
657,10186,7338,2,0.9270415902137756,0.8208868503570557,-0.10615473985671997,0,57,12,1744,20,58,76,119
658,10216,7524,2,0.8699341416358948,0.8786200284957886,0.008685886859893799,1,1662,808,411,700,1674,1676,1682
659,10239,2844,2,0.9176254868507385,0.9216035008430481,0.00397801399230957,1,536,926,1101,980,473,443,408
660,10258,22552,4,0.912899374961853,0.8483192324638367,-0.06458014249801636,0,1023,180,633,160,1148,1107,1109
661,10275,16108,3,0.8329712152481079,0.8543577194213867,0.02138650417327881,1,399,547,1113,544,388,358,265
662,10280,7809,2,0.860776424407959,0.8652541637420654,0.004477739334106445,1,853,977,352,905,831,625,573
663,10307,10059,2,0.8417244553565979,0.8908524513244629,0.04912799596786499,1,1432,1364,860,1372,1378,1380,1349
664,10315,741,3,0.9177159070968628,0.8860492706298828,-0.03166663646697998,0,422,415,1025,416,346,327,333
665,10327,14451,3,0.8534904718399048,0.8745744824409485,0.0210840106010437,1,728,566,1017,557,806,878,826
666,10344,3083,2,0.8634836673736572,0.8915205001831055,0.028036832809448242,1,1328,1469,732,1453,1222,1191,1202
667,10383,22133,4,0.8628343939781189,0.9285492897033691,0.06571489572525024,1,327,1544,226,1460,358,211,139
668,10390,23009,2,0.7071368098258972,0.886942982673645,0.1798061728477478,1,1742,1746,324,1771,1723,1725,1709
669,10430,1616,1,0.8736628890037537,0.8419601917266846,-0.03170269727706909,0,637,95,518,39,941,789,927
670,10440,12335,3,0.9409918785095215,0.7591544389724731,-0.18183743953704834,0,16,8,1771,12,17,19,24
671,10467,3718,5,0.8982164859771729,0.7365403175354004,-0.16167616844177246,0,25,46,1745,68,19,42,73
672,10471,12192,3,0.9019849896430969,0.8399668335914612,-0.06201815605163574,0,130,193,1464,232,110,131,92
673,10481,8466,2,0.9170976281166077,0.8486344814300537,-0.06846314668655396,0,151,18,948,19,132,119,130
674,10523,22773,3,0.8452108502388,0.8704596757888794,0.025248825550079346,1,959,1117,333,1042,916,811,798
675,10526,11477,4,0.8760730028152466,0.8509365320205688,-0.025136470794677734,0,221,1279,1179,1358,247,235,210
676,10550,16962,8,0.9623536467552185,0.6408187747001648,-0.3215348720550537,0,235,167,1438,158,217,217,231
677,10664,20477,6,0.928694486618042,0.8761784434318542,-0.052516043186187744,0,4,667,317,566,5,5,4
678,10680,18021,4,0.7279444932937622,0.8064208626747131,0.07847636938095093,1,1642,1776,1284,1778,1645,1688,1669
679,10718,22052,2,0.8179698586463928,0.8827100992202759,0.06474024057388306,1,1036,1353,274,1245,1008,839,795
680,10725,767,2,0.7564183473587036,0.8307916522026062,0.07437330484390259,1,1653,1741,886,1765,1674,1716,1706
681,10734,2579,5,0.889183759689331,0.8513092398643494,-0.03787451982498169,0,1340,636,281,521,1261,1036,1087
682,10743,8637,2,0.7995039820671082,0.8477965593338013,0.048292577266693115,1,854,1606,612,1610,880,827,706
683,10746,9206,4,0.9311725497245789,0.8670340180397034,-0.06413853168487549,0,32,447,1205,481,36,32,28
684,10749,10049,3,0.8950406908988953,0.8782401084899902,-0.01680058240890503,0,1238,667,448,598,1193,1121,1185
685,10760,16404,2,0.8493549823760986,0.8938438892364502,0.04448890686035156,1,625,851,516,767,418,359,339
686,10782,22979,5,0.8718124032020569,0.8213375806808472,-0.05047482252120972,0,1062,797,621,735,979,950,921
687,10787,22807,5,0.8769506216049194,0.8369442224502563,-0.040006399154663086,0,826,1448,1223,1596,842,965,969
688,10808,10068,2,0.7894687056541443,0.9221628904342651,0.13269418478012085,1,791,1276,230,1168,1077,958,907
689,10830,8336,2,0.8235862255096436,0.8547937273979187,0.031207501888275146,1,1395,1344,460,1282,1425,1388,1369
690,10835,3990,2,0.9269246459007263,0.8736441731452942,-0.05328047275543213,0,203,357,1304,348,233,110,69
691,10836,17962,2,0.8819029331207275,0.8430657982826233,-0.03883713483810425,0,13,118,1201,112,11,7,8
692,10846,782,5,0.8735342621803284,0.7909753918647766,-0.08255887031555176,0,429,929,1323,1035,451,500,531
693,10848,19423,2,0.7783969044685364,0.8919466137886047,0.11354970932006836,1,1541,1685,24,1535,1560,1369,1235
694,10871,21691,4,0.9897090196609497,0.8069260716438293,-0.18278294801712036,0,2,112,1654,100,2,2,2
695,10918,17814,2,0.8235052824020386,0.835652232170105,0.012146949768066406,1,751,489,1251,497,741,900,964
696,10942,21366,1,0.7716130018234253,0.852057158946991,0.08044415712356567,1,1078,1157,774,1163,1144,1136,1067
697,10949,14358,3,0.7940741777420044,0.8250000476837158,0.030925869941711426,1,780,1250,1510,1366,866,1022,1009
698,10951,20348,5,0.8828107118606567,0.8523276448249817,-0.03048306703567505,0,1533,1389,442,1322,1453,1432,1425
699,10960,11420,2,0.7666182518005371,0.8620460629463196,0.09542781114578247,1,997,1708,425,1715,1096,995,990
700,10966,4231,2,0.9014354348182678,0.8969107270240784,-0.004524707794189453,0,1,376,398,287,1,1,1
701,10973,4645,3,0.8820149302482605,0.8963783383369446,0.014363408088684082,1,965,1127,365,1053,1276,1212,1186
702,10985,22929,3,0.9364197850227356,0.8873674869537354,-0.049052298069000244,0,326,278,1082,285,304,313,313
703,10991,12956,2,0.8948818445205688,0.8633502125740051,-0.03153163194656372,0,678,460,1122,457,636,666,695
704,11042,20979,2,0.9228907227516174,0.8313407897949219,-0.09154993295669556,0,217,10,1726,23,213,307,366
705,11045,16829,3,0.9625269174575806,0.8365063667297363,-0.12602055072784424,0,295,261,1573,272,275,290,306
706,11046,22076,2,0.8576391339302063,0.9196264147758484,0.06198728084564209,1,920,852,1085,940,902,1014,1035
707,11054,22874,2,0.8251240849494934,0.8510004878044128,0.025876402854919434,1,775,561,1372,632,753,907,830
708,11076,4643,2,0.86817866563797,0.9098941683769226,0.04171550273895264,1,1397,1345,171,1153,1348,1217,1134
709,11077,14417,6,0.9104210734367371,0.8266613483428955,-0.08375972509384155,0,112,962,615,880,96,80,73
710,11082,10900,2,0.791671872138977,0.8449646234512329,0.05329275131225586,1,554,1008,1627,1228,437,582,539
711,11100,12830,2,0.9439667463302612,0.9042621850967407,-0.03970456123352051,0,38,120,412,76,41,33,31
712,11116,18339,4,0.9242870211601257,0.8910859227180481,-0.03320109844207764,0,515,737,711,688,421,323,285
713,11125,805,5,0.8742573261260986,0.873624861240387,-0.0006324648857116699,0,1179,1401,460,1318,1293,1249,1272
714,11126,805,3,0.92669677734375,0.9076628684997559,-0.01903390884399414,0,543,592,739,575,684,641,676
715,11128,16156,3,0.928372323513031,0.8519468903541565,-0.07642543315887451,0,6,19,1357,21,6,7,7
716,11129,15001,3,0.9295814633369446,0.8268265128135681,-0.10275495052337646,0,568,5,1379,3,509,593,706
717,11132,20734,4,0.9020321369171143,0.8745401501655579,-0.027491986751556396,0,228,225,1137,243,185,214,261
718,11153,22572,3,0.9727869033813477,0.8948498964309692,-0.07793700695037842,0,16,135,1229,147,16,18,17
719,11168,20913,2,0.9000752568244934,0.8876604437828064,-0.012414813041687012,0,625,633,908,622,756,752,757
720,11181,22575,1,0.7999351024627686,0.8682174682617188,0.0682823657989502,1,671,857,36,541,844,443,491
721,11190,1660,5,0.8292961716651917,0.7467030882835388,-0.08259308338165283,0,1164,1065,1600,1245,1073,1302,1406
722,11197,22922,2,0.862167239189148,0.9107541441917419,0.048586905002593994,1,288,1080,1438,1198,308,343,288
723,11199,17410,2,0.8866349458694458,0.8143289685249329,-0.07230597734451294,0,74,14,1274,14,83,105,122
724,11201,3484,4,0.9184067249298096,0.8595042824745178,-0.05890244245529175,0,485,233,530,215,636,553,631
725,11204,17717,4,0.9009516835212708,0.869942307472229,-0.031009376049041748,0,110,122,412,108,109,73,64
726,11211,12306,2,0.9255741238594055,0.8306033611297607,-0.09497076272964478,0,392,106,1530,82,379,493,580
727,11284,2046,5,0.924929141998291,0.7390888333320618,-0.18584030866622925,0,42,1,1741,1,38,55,63
728,11301,21337,5,0.9194051027297974,0.8397323489189148,-0.07967275381088257,0,290,889,1099,945,273,203,169
729,11316,22549,6,0.8818924427032471,0.8182002902030945,-0.06369215250015259,0,892,675,1165,765,807,952,1085
730,11322,22965,5,0.9190822839736938,0.8311444520950317,-0.08793783187866211,0,338,459,803,394,330,280,234
731,11324,23021,2,0.8699066638946533,0.8975411653518677,0.027634501457214355,1,707,638,752,625,736,694,764
732,11337,18244,10,0.8384495377540588,0.836304783821106,-0.002144753932952881,0,727,1212,176,1068,755,658,589
733,11364,23024,4,0.8030333518981934,0.9006922841072083,0.09765893220901489,1,761,1175,516,1142,747,651,588
734,11365,22964,2,0.8994380831718445,0.9113398790359497,0.011901795864105225,1,120,410,356,317,83,55,54
735,11376,16220,1,0.8035362362861633,0.9102565050125122,0.10672026872634888,1,1551,1292,236,1211,1445,1367,1287
736,11392,21951,5,0.9177725315093994,0.8737468123435974,-0.044025719165802,0,658,770,649,765,650,631,638
737,11407,18272,2,0.9433837532997131,0.841677188873291,-0.10170656442642212,0,79,298,1547,305,125,96,103
738,11418,10838,4,0.9157509803771973,0.9092029929161072,-0.006547987461090088,0,24,657,860,647,23,26,25
739,11450,3637,2,0.9148047566413879,0.8874317407608032,-0.027373015880584717,0,552,596,1383,692,500,588,644
740,11460,9725,2,0.9305310249328613,0.9029037952423096,-0.027627229690551758,0,233,104,240,66,265,176,177
741,11461,1402,8,0.8852651715278625,0.6870501637458801,-0.19821500778198242,0,424,1076,1290,1224,427,540,584
742,11482,6293,2,0.8718999028205872,0.8861665725708008,0.014266669750213623,1,69,835,1525,1039,96,119,93
743,11505,22004,2,0.8262725472450256,0.8871789574623108,0.060906410217285156,1,1524,1170,1049,1198,1453,1501,1522
744,11520,3369,4,0.8660717606544495,0.8892279863357544,0.02315622568130493,1,1008,1253,654,1162,853,803,667
745,11530,20302,2,0.7818387746810913,0.8440281748771667,0.06218940019607544,1,1473,1600,942,1653,1430,1505,1500
746,11584,10780,3,0.9102542996406555,0.8105931282043457,-0.09966117143630981,0,36,2,1023,3,37,41,49
747,11598,13669,2,0.7773814797401428,0.8421059846878052,0.06472450494766235,1,157,910,662,856,171,157,147
748,11604,4761,6,0.9287056922912598,0.8537871837615967,-0.07491850852966309,0,605,586,341,497,527,431,325
749,11619,22835,3,0.8743690252304077,0.8340861201286316,-0.04028290510177612,0,932,457,1378,517,869,970,1073
750,11620,22688,3,0.9006471037864685,0.8646112680435181,-0.03603583574295044,0,1102,271,856,264,1033,1009,1038
751,11626,2060,7,0.8579868078231812,0.8278204202651978,-0.0301663875579834,0,493,1298,327,1162,602,537,477
752,11636,866,7,0.9198659658432007,0.7591859698295593,-0.16067999601364136,0,594,3,829,5,590,619,631
753,11641,21411,3,0.8691809773445129,0.8946670293807983,0.0254860520362854,1,469,1306,737,1347,492,421,389
754,11643,868,2,0.959858238697052,0.8509489297866821,-0.10890930891036987,0,1,10,1605,9,1,1,1
755,11698,875,2,0.766930878162384,0.835114598274231,0.06818372011184692,1,1459,1367,1457,1474,1445,1563,1539
756,11702,9775,2,0.6707621812820435,0.813862144947052,0.14309996366500854,1,1716,1748,765,1772,1679,1696,1700
757,11710,22896,9,0.9151653051376343,0.8507353663444519,-0.06442993879318237,0,721,549,133,422,613,446,343
758,11757,23008,2,0.9163781404495239,0.9097557663917542,-0.006622374057769775,0,333,547,912,539,451,440,389
759,11758,22929,3,0.9062628149986267,0.8953356146812439,-0.010927200317382812,0,1207,662,635,618,1151,1125,1185
760,11815,889,4,0.8595108389854431,0.849557638168335,-0.009953200817108154,0,1189,921,306,823,1252,1142,1141
761,11829,21350,6,0.8768353462219238,0.7270256876945496,-0.14980965852737427,0,318,210,1695,291,342,530,658
762,11867,22414,10,0.945972740650177,0.8065474629402161,-0.13942527770996094,0,402,545,1011,590,359,411,462
763,11877,16189,3,0.8569832444190979,0.8370740413665771,-0.019909203052520752,0,1385,585,1460,680,1442,1577,1562
764,11883,19222,2,0.8838056921958923,0.9087249040603638,0.024919211864471436,1,1062,740,407,623,1226,1126,1101
765,11891,6019,2,0.8526501059532166,0.8611477017402649,0.00849759578704834,1,420,902,707,887,445,380,387
766,11899,22645,3,0.9323253035545349,0.9133621454238892,-0.018963158130645752,0,183,393,546,317,210,122,109
767,11901,15883,2,0.8261629939079285,0.8975499272346497,0.07138693332672119,1,1667,1775,63,1770,1658,1625,1578
768,11918,16348,2,0.8291876316070557,0.9015957117080688,0.07240808010101318,1,1257,1278,71,1102,1191,910,887
769,11930,22329,2,0.8586641550064087,0.8595188856124878,0.0008547306060791016,1,130,388,1139,433,122,134,131
770,11957,15869,2,0.8832590579986572,0.8049381375312805,-0.07832092046737671,0,175,24,1748,32,127,336,543
771,11962,9376,2,0.8237036466598511,0.877558708190918,0.053855061531066895,1,1380,938,349,828,1376,1297,1197
772,12053,5138,2,0.9080303311347961,0.901421844959259,-0.006608486175537109,0,390,795,1350,918,381,388,344
773,12084,22594,3,0.8921714425086975,0.8666591048240662,-0.025512337684631348,0,591,1027,1463,1168,686,825,753
774,12095,15826,3,0.9371115565299988,0.9216967225074768,-0.015414834022521973,0,1135,978,535,912,997,905,949
775,12161,18367,2,0.8253239393234253,0.8681140542030334,0.042790114879608154,1,1442,1589,1137,1621,1471,1524,1510
776,12172,11479,2,0.8853349685668945,0.8824086785316467,-0.0029262900352478027,0,138,744,1309,816,157,155,148
777,12189,12118,4,0.9243026375770569,0.8351556658744812,-0.08914697170257568,0,140,309,1672,391,137,162,180
778,12203,6636,3,0.8771018981933594,0.8835544586181641,0.0064525604248046875,1,1,711,496,653,6,1,1
779,12208,1901,2,0.8369051814079285,0.8835489153862,0.046643733978271484,1,1363,917,850,985,1410,1486,1429
780,12266,2817,1,0.8106454014778137,0.881787121295929,0.07114171981811523,1,803,692,1034,687,798,816,863
781,12274,12740,1,0.8501709699630737,0.8933926224708557,0.04322165250778198,1,1324,720,260,573,1315,1184,1180
782,12276,15826,3,0.9059275388717651,0.9226607084274292,0.016733169555664062,1,1222,1544,477,1533,1124,1053,943
783,12292,21992,3,0.8330448865890503,0.8690863251686096,0.036041438579559326,1,1566,1655,329,1657,1576,1550,1559
784,12319,3793,2,0.9222272634506226,0.8112879991531372,-0.11093926429748535,0,4,9,1725,28,6,21,26
785,12320,10591,2,0.9119289517402649,0.8769702911376953,-0.03495866060256958,0,489,505,1067,396,452,405,308
786,12324,2055,2,0.7737460136413574,0.8171782493591309,0.04343223571777344,1,1727,919,92,708,1749,1734,1747
787,12329,21624,3,0.9300963878631592,0.8225449323654175,-0.1075514554977417,0,6,27,1667,35,8,7,9
788,12337,22183,3,0.8575766682624817,0.8931719660758972,0.03559529781341553,1,787,1680,1290,1702,813,923,915
789,12340,4813,2,0.93798828125,0.8646070957183838,-0.07338118553161621,0,320,358,1370,345,320,240,204
790,12361,17859,2,0.8667077422142029,0.8861006498336792,0.01939290761947632,1,531,910,785,902,594,557,503
791,12401,2178,3,0.9246501326560974,0.9301331043243408,0.005482971668243408,1,833,1357,737,1361,977,950,888
792,12432,966,2,0.7549716830253601,0.8650065064430237,0.11003482341766357,1,1372,1609,675,1672,1382,1363,1341
793,12434,966,3,0.966607391834259,0.8205427527427673,-0.1460646390914917,0,156,126,1754,197,155,254,292
794,12466,21826,2,0.8983103632926941,0.8724441528320312,-0.025866210460662842,0,100,43,214,40,90,51,63
795,12545,21345,3,0.8134124279022217,0.8194594979286194,0.006047070026397705,1,780,988,1425,1375,562,821,900
796,12575,23002,4,0.9031766057014465,0.9124622344970703,0.00928562879562378,1,514,1115,238,1011,523,350,227
797,12579,16883,2,0.9340636134147644,0.8392042517662048,-0.09485936164855957,0,55,109,1697,128,77,92,94
798,12598,11991,2,0.933373212814331,0.8852834701538086,-0.04808974266052246,0,79,37,612,31,89,72,88
799,12623,22004,3,0.9699549078941345,0.8485937118530273,-0.12136119604110718,0,261,285,1544,290,188,186,183
800,12624,21826,3,0.8978657722473145,0.8787822723388672,-0.019083499908447266,0,69,176,77,65,105,7,6
801,12635,9590,2,0.9047171473503113,0.9348670840263367,0.03014993667602539,1,112,949,1317,1051,83,91,68
802,12661,2706,2,0.9100598692893982,0.8589717149734497,-0.051088154315948486,0,221,82,404,32,208,86,92
803,12683,10843,4,0.8049725294113159,0.8962157368659973,0.0912432074546814,1,586,966,621,918,599,481,485
804,12723,4262,4,0.9455453157424927,0.7913010716438293,-0.15424424409866333,0,11,28,1727,29,11,11,11
805,12750,10918,4,0.8831183910369873,0.8282756805419922,-0.05484271049499512,0,741,155,973,149,655,688,616
806,12796,14657,3,0.8360053300857544,0.8531465530395508,0.017141222953796387,1,427,935,979,983,518,481,448
807,12799,3913,2,0.7552770376205444,0.8945321440696716,0.1392551064491272,1,1421,1142,795,1226,1421,1452,1419
808,12802,22591,3,0.8886955380439758,0.8959742784500122,0.007278740406036377,1,584,1234,973,1314,551,529,554
809,12844,22228,4,0.919297993183136,0.835256814956665,-0.08404117822647095,0,506,64,1555,82,473,615,746
810,12854,21115,3,0.9193547964096069,0.8948129415512085,-0.024541854858398438,0,78,448,919,401,91,36,33
811,12856,6053,2,0.8417497277259827,0.8355371356010437,-0.006212592124938965,0,416,464,1008,447,443,418,435
812,12857,21956,3,0.8844225406646729,0.8919248580932617,0.007502317428588867,1,1103,1039,1347,1122,972,1065,1015
813,12868,14224,2,0.9353994727134705,0.8257473707199097,-0.10965210199356079,0,95,11,1721,14,95,124,135
814,12900,15861,7,0.8951566219329834,0.7872426509857178,-0.10791397094726562,0,1698,1574,1615,1657,1696,1734,1738
815,12904,22903,4,0.8719838857650757,0.8883278369903564,0.01634395122528076,1,610,1179,1026,1250,563,601,574
816,12916,8381,3,0.9469247460365295,0.9164179563522339,-0.030506789684295654,0,79,899,842,868,69,50,49
817,12941,20283,1,0.8448820114135742,0.8623899221420288,0.01750791072845459,1,141,183,1413,185,160,206,241
818,12949,13473,2,0.8789791464805603,0.8265940546989441,-0.05238509178161621,0,179,387,1638,436,243,279,221
819,12953,22874,2,0.8623464107513428,0.8475704193115234,-0.014775991439819336,0,1599,641,1559,726,1607,1715,1718
820,12976,10661,1,0.7487912774085999,0.8740620613098145,0.1252707839012146,1,1390,1464,830,1524,1409,1458,1484
821,12983,22596,1,0.8068647384643555,0.8910470604896545,0.08418232202529907,1,321,1045,848,1084,355,280,238
822,13052,21735,7,0.9433530569076538,0.7878934741020203,-0.15545958280563354,0,61,398,1086,394,53,27,28
823,13054,22084,2,0.892456591129303,0.929049551486969,0.036592960357666016,1,811,915,416,854,902,779,746
824,13056,3054,2,0.7958939671516418,0.8743032813072205,0.07840931415557861,1,1322,1580,370,1457,1333,1202,1089
825,13069,21568,1,0.8311861753463745,0.8950958847999573,0.06390970945358276,1,1066,704,1171,741,1049,1185,1237
826,13081,4534,6,0.9096563458442688,0.7337906956672668,-0.17586565017700195,0,87,187,1711,325,80,157,231
827,13098,6456,1,0.8466130495071411,0.8646854758262634,0.018072426319122314,1,1645,179,227,97,1650,1603,1648
828,13162,19176,5,0.9444145560264587,0.812180757522583,-0.13223379850387573,0,15,43,762,28,11,8,9
829,13173,6513,3,0.8118525743484497,0.8533987402915955,0.04154616594314575,1,914,1434,851,1494,1035,1052,1005
830,13211,8974,2,0.9791600108146667,0.8065520524978638,-0.17260795831680298,0,34,35,1707,33,26,24,26
831,13232,14477,3,0.9263269305229187,0.8474011421203613,-0.07892578840255737,0,1,92,1552,91,1,1,1
832,13235,1051,4,0.8623962998390198,0.8570491075515747,-0.005347192287445068,0,999,1124,910,1133,940,946,1009
833,13264,19626,3,0.9772290587425232,0.8498266339302063,-0.1274024248123169,0,41,290,1433,260,42,16,15
834,13300,13760,2,0.8730467557907104,0.8674806952476501,-0.005566060543060303,0,587,413,460,233,568,528,505
835,13310,3532,2,0.8791559934616089,0.8679705858230591,-0.011185407638549805,0,1029,598,1503,724,1062,1235,1199
836,13342,22636,2,0.813768208026886,0.8769645094871521,0.06319630146026611,1,1597,1379,400,1353,1650,1655,1650
837,13372,2386,4,0.9309074282646179,0.8709594011306763,-0.05994802713394165,0,29,115,1205,117,49,28,23
838,13392,22931,3,0.9560774564743042,0.8942365050315857,-0.061840951442718506,0,79,97,1152,85,82,48,39
839,13404,11017,3,0.8935710191726685,0.8657057881355286,-0.027865231037139893,0,1126,101,554,110,1320,1280,1416
840,13410,1081,2,0.8251526355743408,0.8579784035682678,0.032825767993927,1,118,1183,1668,1347,97,171,159
841,13424,11846,2,0.842582106590271,0.859531044960022,0.016948938369750977,1,1611,950,1252,1082,1616,1706,1711
842,13434,8784,2,0.8709588646888733,0.9241086840629578,0.05314981937408447,1,676,1577,287,1559,659,489,378
843,13472,8248,1,0.723419189453125,0.8367645740509033,0.11334538459777832,1,288,802,1192,860,314,402,395
844,13560,23005,2,0.8871330618858337,0.9145137667655945,0.027380704879760742,1,643,1200,528,1162,620,558,474
845,13566,22482,3,0.8780333399772644,0.8793175220489502,0.001284182071685791,1,1658,1469,1153,1511,1608,1672,1689
846,13570,22344,5,0.9011274576187134,0.7893716096878052,-0.1117558479309082,0,167,614,1605,760,149,185,192
847,13604,7196,2,0.897948682308197,0.8970814943313599,-0.0008671879768371582,0,305,506,1004,498,194,124,126
848,13610,1101,2,0.7743644714355469,0.9321509599685669,0.15778648853302002,1,1180,1036,571,989,1371,1370,1399
849,13612,16633,2,0.9776291847229004,0.8103889226913452,-0.16724026203155518,0,2,19,1711,14,2,2,3
850,13616,9608,3,0.794485867023468,0.8672548532485962,0.07276898622512817,1,604,1297,183,1124,665,530,494
851,13643,5042,2,0.854485034942627,0.823720395565033,-0.030764639377593994,0,1006,629,1429,780,1027,1232,1246
852,13665,1110,1,0.7925071120262146,0.8546292185783386,0.06212210655212402,1,118,1000,1078,1071,129,121,80
853,13669,6031,3,0.8314785957336426,0.9082437753677368,0.07676517963409424,1,1745,1646,158,1465,1737,1726,1708
854,13681,22205,4,0.9267066717147827,0.8082942962646484,-0.11841237545013428,0,85,9,1321,8,93,120,191
855,13739,20995,3,0.9318548440933228,0.8494580388069153,-0.08239680528640747,0,1,130,1646,156,1,1,1
856,13741,10037,2,0.8443379998207092,0.8985092043876648,0.054171204566955566,1,1354,805,474,700,1269,1172,1278
857,13744,22019,2,0.9133457541465759,0.8716166615486145,-0.041729092597961426,0,441,354,937,264,441,350,394
858,13769,1119,2,0.8110496997833252,0.85361647605896,0.042566776275634766,1,1081,907,1265,1043,1067,1206,1144
859,13793,11213,2,0.7870727777481079,0.8570931553840637,0.07002037763595581,1,1472,1392,752,1465,1394,1450,1496
860,13795,1121,2,0.7693138718605042,0.8625304102897644,0.09321653842926025,1,1124,1642,620,1657,1111,1064,1037
861,13813,10470,2,0.9592355489730835,0.8475943803787231,-0.11164116859436035,0,1,5,1729,10,1,1,1
862,13839,19825,2,0.904469907283783,0.9189719557762146,0.01450204849243164,1,355,862,1254,923,350,368,420
863,13845,1128,2,0.8952822089195251,0.8932389616966248,-0.0020432472229003906,0,475,456,1318,477,418,416,438
864,13854,6055,4,0.7478242516517639,0.8034448623657227,0.05562061071395874,1,1773,1747,342,1743,1773,1768,1765
865,13863,13556,8,0.9603692293167114,0.6266533136367798,-0.33371591567993164,0,176,187,1565,204,161,209,283
866,13913,20722,2,0.8253206610679626,0.8893083333969116,0.06398767232894897,1,1618,1051,328,927,1641,1642,1661
867,13928,22364,2,0.8422285318374634,0.8971176743507385,0.054889142513275146,1,900,1204,130,1074,909,696,602
868,13940,9838,3,0.967694878578186,0.8325872421264648,-0.1351076364517212,0,236,195,1443,141,220,164,158
869,13977,22144,2,0.9024009108543396,0.845356822013855,-0.05704408884048462,0,377,115,1579,133,352,463,524
870,13984,18104,1,0.8069829344749451,0.9183655381202698,0.11138260364532471,1,1222,1513,331,1501,1248,1162,1140
871,14027,21334,3,0.9462606310844421,0.9143356084823608,-0.0319250226020813,0,354,470,1010,491,308,300,301
872,14029,17916,3,0.8490597605705261,0.8682478666305542,0.019188106060028076,1,1730,1032,117,870,1739,1727,1718
873,14053,18029,1,0.7350419163703918,0.9102837443351746,0.17524182796478271,1,368,1365,284,1308,468,271,308
874,14085,22559,2,0.7654427886009216,0.8578920364379883,0.09244924783706665,1,1437,1647,554,1657,1557,1584,1578
875,14090,5101,2,0.8600849509239197,0.9196092486381531,0.0595242977142334,1,350,1272,123,1044,389,214,182
876,14138,4164,3,0.8529484868049622,0.9094422459602356,0.05649375915527344,1,681,1649,633,1647,687,653,581
877,14176,12299,3,0.8927968144416809,0.8880811929702759,-0.004715621471405029,0,272,402,118,299,251,44,35
878,14179,8348,2,0.9862224459648132,0.8261207938194275,-0.16010165214538574,0,17,52,1650,50,27,32,35
879,14190,19857,4,0.957314133644104,0.837871253490448,-0.119442880153656,0,325,209,1150,104,364,329,328
880,14195,3768,2,0.8331956267356873,0.8886290788650513,0.055433452129364014,1,254,968,127,833,365,138,117
881,14225,1336,3,0.8149399161338806,0.8510894179344177,0.03614950180053711,1,1737,1452,474,1391,1716,1727,1743
882,14243,8075,1,0.7508788108825684,0.9064781069755554,0.15559929609298706,1,1511,1570,558,1523,1540,1536,1528
883,14261,17187,1,0.8514760732650757,0.8867934346199036,0.03531736135482788,1,524,572,1364,646,522,646,729
884,14275,20322,4,0.8244631290435791,0.8424243927001953,0.01796126365661621,1,1408,1304,1003,1395,1410,1490,1490
885,14292,19717,2,0.8378568291664124,0.8914834260940552,0.05362659692764282,1,457,821,1244,976,544,595,623
886,14322,10141,2,0.8621670007705688,0.8845717906951904,0.022404789924621582,1,1077,670,440,651,900,779,935
887,14336,2357,2,0.9101395010948181,0.8817645311355591,-0.028374969959259033,0,117,503,1656,623,144,233,278
888,14339,6211,2,0.8350419998168945,0.9089309573173523,0.07388895750045776,1,1554,1692,253,1695,1606,1593,1581
889,14342,8840,3,0.887287974357605,0.8802199363708496,-0.007068037986755371,0,420,603,915,588,418,331,233
890,14347,21170,2,0.9183619618415833,0.9348187446594238,0.016456782817840576,1,1000,794,797,752,896,846,828
891,14370,13085,2,0.8799570798873901,0.8350749015808105,-0.04488217830657959,0,658,368,1771,574,608,1015,1173
892,14376,10594,3,0.8546754121780396,0.9017764329910278,0.04710102081298828,1,1519,1497,504,1499,1464,1451,1462
893,14401,1216,3,0.8322028517723083,0.8874528408050537,0.05524998903274536,1,1777,700,439,664,1772,1775,1778
894,14410,9287,3,0.9106178879737854,0.8638340830802917,-0.04678380489349365,0,31,99,1244,107,29,33,31
895,14451,11213,2,0.9019405245780945,0.8429612517356873,-0.05897927284240723,0,93,40,1654,56,85,105,143
896,14453,2391,10,0.9118640422821045,0.6550931334495544,-0.25677090883255005,0,149,210,1638,248,138,173,197
897,14462,17469,1,0.8440319299697876,0.8640921711921692,0.020060241222381592,1,954,544,1562,671,879,1090,1114
898,14477,21873,4,0.9595513939857483,0.8334649205207825,-0.12608647346496582,0,134,242,1307,178,106,41,34
899,14484,20043,5,0.9054978489875793,0.7933371067047119,-0.11216074228286743,0,966,405,1400,434,773,974,1044
900,14492,19160,2,0.8420169949531555,0.8685059547424316,0.026488959789276123,1,716,1132,1597,1326,687,901,944
901,14572,9115,4,0.8741016387939453,0.8123000860214233,-0.06180155277252197,0,178,478,1331,498,320,283,274
902,14596,15381,3,0.9134973883628845,0.8821916580200195,-0.03130573034286499,0,548,461,1394,546,493,611,634
903,14610,1356,3,0.8930548429489136,0.8765996098518372,-0.016455233097076416,0,282,755,1463,893,301,371,301
904,14642,8763,2,0.8723297119140625,0.9292380809783936,0.056908369064331055,1,639,1390,225,1320,607,426,282
905,14643,19504,2,0.9317859411239624,0.8852719068527222,-0.046514034271240234,0,3,120,679,35,3,4,4
906,14651,1236,2,0.8300339579582214,0.8952279090881348,0.06519395112991333,1,811,1565,155,1534,1016,796,741
907,14653,21776,2,0.8820422887802124,0.877402126789093,-0.004640161991119385,0,646,664,1249,723,596,664,720
908,14670,20283,2,0.893211305141449,0.8734214901924133,-0.019789814949035645,0,858,440,451,233,818,710,690
909,14686,14727,4,0.8467391729354858,0.8584314584732056,0.011692285537719727,1,1139,660,1143,733,994,1126,1108
910,14704,21350,3,0.9099655747413635,0.808562159538269,-0.10140341520309448,0,46,52,1751,81,40,78,138
911,14732,1250,3,0.8795953989028931,0.9262166023254395,0.04662120342254639,1,1395,1574,75,1472,1399,1179,1107
912,14763,18116,4,0.8917157649993896,0.833115816116333,-0.05859994888305664,0,794,427,1120,419,798,901,1037
913,14781,22623,2,0.8904910087585449,0.9193528294563293,0.028861820697784424,1,575,1167,444,1126,658,547,472
914,14785,1255,2,0.7579377889633179,0.8300371766090393,0.07209938764572144,1,1262,1561,441,1577,1358,1339,1236
915,14831,1259,2,0.8242707252502441,0.845641553401947,0.02137082815170288,1,1352,268,3,82,1517,1096,1221
916,14838,20098,1,0.9026520848274231,0.8675909042358398,-0.03506118059158325,0,32,10,142,6,26,17,22
917,14850,2417,3,0.8273155689239502,0.882374107837677,0.05505853891372681,1,1604,1419,249,1310,1636,1597,1596
918,14876,7053,2,0.9178868532180786,0.8702858686447144,-0.04760098457336426,0,229,373,1505,389,228,206,213
919,14889,20355,3,0.8226233720779419,0.9069311022758484,0.0843077301979065,1,399,1236,234,1074,311,219,140
920,14892,15985,2,0.8811485767364502,0.8404840230941772,-0.04066455364227295,0,330,308,792,154,392,317,242
921,14913,21489,2,0.9037207365036011,0.9140741229057312,0.010353386402130127,1,1034,994,1050,1027,1065,1166,1168
922,14938,23022,2,0.8883792161941528,0.8949389457702637,0.00655972957611084,1,641,790,650,738,494,376,318
923,15000,16872,2,0.9401861429214478,0.8823078870773315,-0.05787825584411621,0,169,388,1392,391,185,128,100
924,15002,10403,2,0.8877192139625549,0.8384827375411987,-0.0492364764213562,0,250,391,1663,431,237,282,261
925,15007,4536,3,0.8196887373924255,0.8608559966087341,0.041167259216308594,1,1331,489,188,311,1319,1101,1040
926,15009,1704,1,0.8285555243492126,0.8439647555351257,0.015409231185913086,1,604,416,1125,397,637,670,686
927,15010,18527,5,0.8477720022201538,0.7900885343551636,-0.057683467864990234,0,563,461,1212,480,599,643,712
928,15031,6584,2,0.8912122249603271,0.8858168125152588,-0.005395412445068359,0,110,428,1071,412,129,41,27
929,15032,1285,3,0.9068002700805664,0.933368980884552,0.026568710803985596,1,72,1026,223,901,59,28,25
930,15041,17527,2,0.9315454959869385,0.8942098021507263,-0.03733569383621216,0,119,495,1650,635,91,144,138
931,15056,14958,3,0.8950642943382263,0.8966713547706604,0.001607060432434082,1,78,843,1327,945,80,79,79
932,15079,12564,2,0.8074787259101868,0.8680799603462219,0.060601234436035156,1,1001,1320,217,1218,966,737,629
933,15093,18022,2,0.802017092704773,0.8480898141860962,0.04607272148132324,1,1644,1630,799,1634,1610,1630,1627
934,15112,15148,2,0.8819414973258972,0.8648435473442078,-0.017097949981689453,0,779,387,1032,322,687,722,829
935,15128,17546,2,0.8866800665855408,0.9299761056900024,0.04329603910446167,1,1545,859,109,629,1551,1375,1375
936,15158,6465,3,0.7923568487167358,0.8117616176605225,0.01940476894378662,1,749,1606,1192,1674,728,801,895
937,15159,15955,2,0.8770346641540527,0.9454190731048584,0.06838440895080566,1,1699,1616,26,1393,1704,1637,1613
938,15173,20362,2,0.8615845441818237,0.8964853882789612,0.03490084409713745,1,1725,1194,311,1108,1681,1683,1670
939,15188,19489,2,0.9025346040725708,0.8342359662055969,-0.06829863786697388,0,6,92,1704,113,6,8,11
940,15190,7624,2,0.8668801188468933,0.8461093902587891,-0.020770728588104248,0,982,512,1204,558,1064,1192,1080
941,15258,11338,2,0.8169085383415222,0.913385272026062,0.0964767336845398,1,840,1307,346,1199,815,548,571
942,15272,9157,1,0.7866051197052002,0.8188586831092834,0.03225356340408325,1,1025,473,1080,450,1084,1192,1225
943,15281,13043,2,0.8815532922744751,0.9002482295036316,0.018694937229156494,1,735,741,631,719,995,942,950
944,15286,11266,4,0.9412031769752502,0.8478742837905884,-0.09332889318466187,0,97,353,1487,380,85,77,88
945,15299,2303,7,0.9288886189460754,0.8223569989204407,-0.10653162002563477,0,337,398,802,404,341,287,204
946,15348,13899,2,0.9752482175827026,0.8415665030479431,-0.13368171453475952,0,275,194,1523,181,238,224,240
947,15350,18343,1,0.7924649715423584,0.8444352746009827,0.05197030305862427,1,892,1369,767,1414,824,808,713
948,15352,20477,1,0.9189870953559875,0.931399405002594,0.012412309646606445,1,3,186,1042,183,4,4,4
949,15358,1773,2,0.8975160717964172,0.9150944948196411,0.017578423023223877,1,631,732,54,513,607,354,266
950,15359,19173,2,0.7352786660194397,0.8294715285301208,0.09419286251068115,1,1452,1730,832,1748,1422,1471,1455
951,15360,20473,2,0.9284652471542358,0.8892542123794556,-0.03921103477478027,0,799,359,1324,338,843,985,1093
952,15377,19587,3,0.9477956891059875,0.8117436766624451,-0.13605201244354248,0,231,271,1666,299,222,249,299
953,15418,20902,3,0.863832414150238,0.8837710022926331,0.01993858814239502,1,668,924,1014,987,675,740,721
954,15443,17218,4,0.8720663189888,0.873558759689331,0.0014924407005310059,1,1550,971,1280,1234,1447,1588,1585
955,15469,10970,2,0.6706303358078003,0.8789282441139221,0.20829790830612183,1,736,1552,175,1455,691,463,450
956,15474,22853,3,0.8351227641105652,0.8869723677635193,0.0518496036529541,1,1116,1431,140,1273,1150,900,948
957,15510,11289,3,0.869253396987915,0.8745400905609131,0.005286693572998047,1,404,780,1076,855,389,402,421
958,15515,20780,3,0.8521753549575806,0.9140639901161194,0.06188863515853882,1,506,884,241,772,571,471,405
959,15545,1347,2,0.726927638053894,0.8708837628364563,0.14395612478256226,1,1711,1732,251,1723,1711,1709,1696
960,15554,21350,2,0.778018593788147,0.8484630584716797,0.07044446468353271,1,195,1425,809,1441,229,223,162
961,15559,1350,6,0.8914167881011963,0.8585189580917358,-0.03289783000946045,0,847,1248,241,1030,866,689,606
962,15592,21881,2,0.9114688038825989,0.9159801602363586,0.004511356353759766,1,345,342,313,248,334,213,232
963,15605,2198,6,0.900180459022522,0.8602036833763123,-0.03997677564620972,0,1120,1577,398,1477,1055,916,859
964,15642,9522,2,0.8059520721435547,0.8920274376869202,0.08607536554336548,1,1732,940,236,833,1733,1728,1721
965,15673,14195,3,0.9833448529243469,0.8278497457504272,-0.15549510717391968,0,80,144,1561,130,59,52,46
966,15700,17099,2,0.9434037208557129,0.8455420136451721,-0.09786170721054077,0,172,309,1522,314,172,150,135
967,15710,22017,2,0.7597876787185669,0.8687673807144165,0.10897970199584961,1,1572,1670,9,1394,1567,1211,1069
968,15745,13494,3,0.9185796976089478,0.8929532766342163,-0.025626420974731445,0,33,588,654,417,31,5,5
969,15751,19277,3,0.9214041829109192,0.8971277475357056,-0.024276435375213623,0,407,481,1418,550,383,420,427
970,15801,1667,4,0.882756233215332,0.8827325105667114,-2.372264862060547e-05,0,1429,1174,747,1112,1397,1370,1374
971,15807,7250,1,0.6135740280151367,0.8173481822013855,0.20377415418624878,1,1674,1762,4,1748,1666,1557,1536
972,15821,22155,1,0.759526252746582,0.8817528486251831,0.12222659587860107,1,1317,1042,305,899,1383,1315,1302
973,15844,11702,2,0.9216151237487793,0.8687831163406372,-0.05283200740814209,0,180,281,1430,278,186,161,163
974,15864,16440,2,0.8385998010635376,0.9082737565040588,0.06967395544052124,1,1568,1278,411,1217,1520,1505,1514
975,15878,2969,2,0.8720349073410034,0.884830117225647,0.012795209884643555,1,1638,640,125,523,1661,1608,1665
976,15919,21491,3,0.8803305625915527,0.9311652779579163,0.050834715366363525,1,1134,1390,208,1240,1090,795,688
977,15924,22007,2,0.9240062236785889,0.9045817255973816,-0.019424498081207275,0,418,152,878,135,277,223,301
978,15934,9770,1,0.9812725186347961,0.8434770107269287,-0.13779550790786743,0,2,122,1658,121,2,2,2
979,15949,10029,2,0.8873641490936279,0.9132550954818726,0.02589094638824463,1,852,1148,253,1063,1002,865,933
980,15973,20041,6,0.8694365620613098,0.7585722804069519,-0.11086428165435791,0,10,384,1381,421,10,12,12
981,16015,9749,1,0.8542269468307495,0.9223180413246155,0.06809109449386597,1,467,886,799,896,397,353,312
982,16029,17748,4,0.9146506786346436,0.8530782461166382,-0.06157243251800537,0,236,235,1166,198,228,166,151
983,16048,18279,2,0.9591118693351746,0.8568235039710999,-0.10228836536407471,0,53,60,1657,54,59,54,67
984,16049,16520,3,0.7788912057876587,0.8643607497215271,0.08546954393386841,1,1158,1117,437,1074,1163,1130,1165
985,16090,22890,3,0.9081770777702332,0.82691490650177,-0.08126217126846313,0,131,33,1584,48,125,205,259
986,16128,22574,1,0.8873955011367798,0.8529346585273743,-0.03446084260940552,0,644,80,1588,83,708,950,1118
987,16137,12113,2,0.904507577419281,0.9106584787368774,0.0061509013175964355,1,962,553,355,520,1065,925,1012
988,16143,19792,1,0.8242003321647644,0.9062492251396179,0.08204889297485352,1,455,987,612,948,504,444,391
989,16178,20069,2,0.8683586716651917,0.8701084852218628,0.0017498135566711426,1,1333,1150,782,1156,1341,1359,1291
990,16202,11857,2,0.8147496581077576,0.8844282031059265,0.06967854499816895,1,1721,1642,797,1661,1729,1750,1748
991,16204,1437,2,0.8887004852294922,0.858199954032898,-0.03050053119659424,0,402,179,1141,197,544,612,701
992,16209,3528,2,0.7323941588401794,0.8871611952781677,0.15476703643798828,1,1719,1685,670,1739,1725,1733,1734
993,16225,20940,4,0.8542114496231079,0.922630250453949,0.06841880083084106,1,1547,1615,84,1387,1535,1366,1256
994,16228,23008,2,0.8755420446395874,0.9137356281280518,0.038193583488464355,1,796,1295,663,1329,750,709,658
995,16229,8537,2,0.8474307656288147,0.8482031226158142,0.0007723569869995117,1,1618,1122,1093,1188,1583,1642,1673
996,16250,12449,2,0.7519865036010742,0.8751700520515442,0.12318354845046997,1,1298,1232,117,954,1437,1263,1145
997,16263,22109,2,0.9199731349945068,0.8908952474594116,-0.029077887535095215,0,789,439,688,411,676,644,720
998,16318,19822,2,0.8736652135848999,0.8679589033126831,-0.005706310272216797,0,775,469,1430,589,804,974,952
999,16322,12560,2,0.8546319603919983,0.9215624332427979,0.06693047285079956,1,1035,1259,589,1257,1169,1162,1102
1000,16325,8023,3,0.8086431622505188,0.8790850639343262,0.07044190168380737,1,1507,1653,182,1604,1542,1502,1469
1001,16392,14523,3,0.8786401748657227,0.9049487709999084,0.02630859613418579,1,1094,1089,869,1095,1036,983,1002
1002,16417,22132,5,0.9276584386825562,0.8843457698822021,-0.043312668800354004,0,1186,1416,602,1412,1165,1121,1047
1003,16427,22986,2,0.8042974472045898,0.8997842669487,0.09548681974411011,1,572,1502,1659,1592,595,906,938
1004,16431,6015,3,0.9501383900642395,0.9202765226364136,-0.029861867427825928,0,210,435,644,400,246,179,164
1005,16437,14570,2,0.8453225493431091,0.8771117925643921,0.03178924322128296,1,1496,1462,1063,1566,1461,1560,1553
1006,16438,22051,1,0.7999677658081055,0.92002272605896,0.12005496025085449,1,1671,1115,93,902,1659,1597,1592
1007,16443,16127,2,0.8070502877235413,0.8734742403030396,0.06642395257949829,1,1064,1764,648,1767,933,879,642
1008,16461,17922,2,0.7795817852020264,0.8489972949028015,0.06941550970077515,1,1515,1679,559,1672,1525,1532,1518
1009,16507,21249,2,0.8529398441314697,0.8565200567245483,0.0035802125930786133,1,198,510,1585,706,210,279,283
1010,16520,16926,3,0.9227511882781982,0.834416925907135,-0.08833426237106323,0,11,69,1629,107,11,9,9
1011,16529,4902,4,0.8230846524238586,0.8155632019042969,-0.007521450519561768,0,274,320,1677,465,184,305,376
1012,16542,17107,5,0.9333150386810303,0.8034137487411499,-0.12990128993988037,0,17,122,1313,90,24,11,12
1013,16547,19751,2,0.9261165261268616,0.8713929653167725,-0.05472356081008911,0,95,91,1491,92,97,96,98
1014,16608,20995,2,0.9890697002410889,0.8430740237236023,-0.14599567651748657,0,1,118,1679,125,1,1,1
1015,16609,17235,2,0.8042590022087097,0.9145179986953735,0.11025899648666382,1,947,1376,309,1327,950,854,853
1016,16620,1865,2,0.8501206040382385,0.9165605902671814,0.06643998622894287,1,1277,1321,379,1259,1218,1149,1120
1017,16623,16217,3,0.8373743295669556,0.8044017553329468,-0.03297257423400879,0,737,952,1519,1144,667,977,989
1018,16626,13131,2,0.7586523294448853,0.8308844566345215,0.07223212718963623,1,1485,1370,302,1291,1374,1322,1347
1019,16696,2825,4,0.8408936262130737,0.8087728023529053,-0.03212082386016846,0,425,951,1222,1113,496,539,626
1020,16702,16841,4,0.9650123715400696,0.8481451272964478,-0.11686724424362183,0,11,236,1382,210,10,10,10
1021,16710,15817,2,0.8649117350578308,0.9159471988677979,0.05103546380996704,1,504,671,1303,838,466,502,477
1022,16713,5462,3,0.95118647813797,0.7589359879493713,-0.19225049018859863,0,271,7,1753,7,250,316,342
1023,16734,20060,2,0.8524736166000366,0.8855980634689331,0.033124446868896484,1,1418,1417,433,1373,1346,1284,1272
1024,16768,13587,2,0.8123520612716675,0.8382371068000793,0.025885045528411865,1,141,195,1252,219,154,159,172
1025,16773,1552,3,0.957582950592041,0.7898151874542236,-0.16776776313781738,0,1,7,1752,7,1,1,1
1026,16800,11473,2,0.9829411506652832,0.7991073727607727,-0.1838337779045105,0,1,5,1750,4,1,1,1
1027,16803,10081,2,0.8216077089309692,0.9218722581863403,0.1002645492553711,1,387,1282,329,1157,453,319,317
1028,16830,22969,3,0.8802425265312195,0.8620544672012329,-0.018188059329986572,0,1128,858,1102,923,1120,1244,1283
1029,16835,12222,4,0.8769322037696838,0.8554752469062805,-0.02145695686340332,0,844,1056,1521,1291,867,1155,1257
1030,16868,23032,2,0.9206662774085999,0.9046831130981445,-0.015983164310455322,0,93,166,547,112,132,103,109
1031,16869,1551,2,0.8245707154273987,0.8310572504997253,0.00648653507232666,1,104,542,1722,740,95,161,144
1032,16874,5820,3,0.8400633335113525,0.870408833026886,0.030345499515533447,1,425,659,154,463,524,194,156
1033,16906,14215,3,0.8086135983467102,0.7986238598823547,-0.009989738464355469,0,987,596,1405,705,1007,1167,1205
1034,16913,5963,3,0.8526034355163574,0.8647071123123169,0.012103676795959473,1,1008,1390,803,1419,982,1009,1003
1035,16926,19636,2,0.9447241425514221,0.9110195636749268,-0.03370457887649536,0,22,112,1040,93,19,10,7
1036,16931,1564,2,0.8760956525802612,0.8194406032562256,-0.056655049324035645,0,1047,29,1545,41,1052,1190,1279
1037,16939,15834,1,0.7774048447608948,0.9150620698928833,0.13765722513198853,1,1172,807,770,750,1176,1140,1186
1038,16947,2665,3,0.8819488883018494,0.9094955325126648,0.02754664421081543,1,218,996,320,964,190,81,62
1039,17000,19390,2,0.9688931107521057,0.8424391746520996,-0.1264539361000061,0,27,110,1483,72,25,22,22
1040,17010,22108,4,0.8373093008995056,0.913575291633606,0.07626599073410034,1,811,1011,555,973,870,806,779
1041,17054,13659,2,0.8685448169708252,0.8331472277641296,-0.03539758920669556,0,591,451,1349,446,593,651,759
1042,17055,17216,3,0.8900635838508606,0.8907321095466614,0.0006685256958007812,1,1503,1283,1195,1313,1418,1514,1540
1043,17070,21445,2,0.7774007320404053,0.8375003933906555,0.060099661350250244,1,1749,1635,1248,1644,1740,1746,1750
1044,17090,9490,2,0.9443531036376953,0.9105576872825623,-0.03379541635513306,0,75,147,390,88,75,21,15
1045,17108,12600,2,0.8816983103752136,0.8389767408370972,-0.042721569538116455,0,250,119,1535,167,205,267,254
1046,17113,17560,5,0.9180947542190552,0.8043371438980103,-0.11375761032104492,0,749,74,1089,92,652,642,724
1047,17121,3491,3,0.9322375655174255,0.9231301546096802,-0.009107410907745361,0,893,527,479,484,883,727,801
1048,17134,21824,2,0.8908929824829102,0.836313784122467,-0.054579198360443115,0,421,199,1641,260,400,591,570
1049,17157,22582,3,0.8998264670372009,0.835334837436676,-0.0644916296005249,0,305,185,1502,223,375,511,689
1050,17189,12536,2,0.7876524329185486,0.8441756367683411,0.05652320384979248,1,515,367,533,286,255,209,234
1051,17195,8946,2,0.983860194683075,0.8505741953849792,-0.1332859992980957,0,215,183,1604,176,162,158,152
1052,17268,20868,6,0.8618761301040649,0.7575657963752747,-0.10431033372879028,0,184,1109,1631,1315,204,364,449
1053,17300,20766,2,0.892134428024292,0.8575743436813354,-0.03456008434295654,0,386,208,465,65,413,369,404
1054,17302,4815,3,0.9486273527145386,0.8663748502731323,-0.08225250244140625,0,1,17,1219,13,1,1,1
1055,17318,23009,4,0.8800298571586609,0.856346845626831,-0.023683011531829834,0,1027,1003,1064,1072,1008,1134,1256
1056,17330,22894,5,0.863701343536377,0.8327449560165405,-0.030956387519836426,0,1603,1464,494,1418,1605,1584,1560
1057,17333,21889,10,0.9405946731567383,0.8276115655899048,-0.1129831075668335,0,822,543,399,516,740,639,616
1058,17348,22415,2,0.8436160087585449,0.8798548579216003,0.03623884916305542,1,323,458,1026,461,321,270,243
1059,17397,13078,4,0.8783491849899292,0.8711177110671997,-0.007231473922729492,0,1084,1134,1041,1187,1002,1058,1097
1060,17398,1642,2,0.8668844103813171,0.908798336982727,0.04191392660140991,1,1187,1507,39,1192,1203,728,651
1061,17399,21685,3,0.8826488256454468,0.835358202457428,-0.0472906231880188,0,1119,417,1657,572,1063,1293,1343
1062,17423,1645,2,0.923303484916687,0.9278128147125244,0.004509329795837402,1,1281,538,310,433,1329,1186,1144
1063,17447,6485,2,0.8805663585662842,0.9073000550270081,0.026733696460723877,1,510,793,1096,855,536,546,544
1064,17453,16841,2,0.9818612337112427,0.8504217863082886,-0.1314394474029541,0,12,237,1581,250,13,11,11
1065,17501,4030,5,0.9025435447692871,0.872230589389801,-0.030312955379486084,0,885,1557,353,1541,915,672,597
1066,17504,20644,2,0.8622791171073914,0.8798729777336121,0.017593860626220703,1,473,1080,1164,1173,483,509,565
1067,17533,21760,2,0.9544832706451416,0.8844302296638489,-0.07005304098129272,0,211,265,1393,247,205,166,167
1068,17611,3208,6,0.7333244681358337,0.7673599720001221,0.03403550386428833,1,1710,1746,589,1745,1657,1653,1635
1069,17621,9882,2,0.9586558938026428,0.829167902469635,-0.1294879913330078,0,222,84,1720,105,208,292,333
1070,17650,22228,10,0.8998583555221558,0.7797272801399231,-0.12013107538223267,0,499,539,632,428,413,249,229
1071,17665,1920,3,0.892728328704834,0.8845248222351074,-0.008203506469726562,0,190,513,1221,578,186,218,245
1072,17748,13154,3,0.8320697546005249,0.9105214476585388,0.07845169305801392,1,1692,1711,219,1620,1665,1641,1615
1073,17770,17729,3,0.7724285125732422,0.8142871260643005,0.04185861349105835,1,1171,1642,1115,1639,1280,1406,1340
1074,17810,21639,8,0.8924490809440613,0.7747918963432312,-0.11765718460083008,0,920,1467,625,1429,1056,1071,1067
1075,17831,21743,3,0.9279542565345764,0.8688182830810547,-0.05913597345352173,0,223,387,1515,416,212,235,269
1076,17890,9726,2,0.9088627696037292,0.9092521071434021,0.00038933753967285156,1,417,695,874,680,394,392,385
1077,17891,17157,2,0.8875473141670227,0.8589771389961243,-0.028570175170898438,0,154,100,429,86,130,99,97
1078,17897,3610,2,0.8150118589401245,0.8596830368041992,0.04467117786407471,1,941,1390,580,1364,949,858,941
1079,17905,7799,2,0.9117468595504761,0.8871651887893677,-0.0245816707611084,0,1380,475,1100,507,1261,1354,1362
1080,17920,20441,2,0.8324915170669556,0.8377442955970764,0.00525277853012085,1,1223,695,574,642,1235,1215,1210
1081,17926,22411,2,0.8071218729019165,0.865925133228302,0.0588032603263855,1,1539,1498,650,1537,1384,1382,1375
1082,17931,21983,2,0.8412249684333801,0.879169225692749,0.037944257259368896,1,1078,1126,1113,1219,1060,1120,1153
1083,17955,20555,2,0.8786856532096863,0.9178855419158936,0.039199888706207275,1,450,767,871,738,500,440,465
1084,17965,4637,10,0.8953194618225098,0.7630872130393982,-0.13223224878311157,0,103,1092,1022,1141,176,68,41
1085,17968,5042,4,0.9453564882278442,0.8036908507347107,-0.14166563749313354,0,19,7,1533,6,73,96,124
1086,17980,18851,2,0.8998112082481384,0.8084567785263062,-0.09135442972183228,0,17,6,1770,12,17,26,31
1087,17982,18513,4,0.8566761612892151,0.9057159423828125,0.04903978109359741,1,802,893,641,906,852,797,801
1088,18003,15088,2,0.969881534576416,0.8806833028793335,-0.08919823169708252,0,434,156,1591,173,405,440,503
1089,18004,22642,3,0.892828106880188,0.8292825222015381,-0.0635455846786499,0,495,428,1367,455,471,518,521
1090,18025,21472,3,0.8968543410301208,0.870091438293457,-0.02676290273666382,0,119,199,1222,204,128,132,128
1091,18040,8969,2,0.9084822535514832,0.9110697507858276,0.0025874972343444824,1,363,744,834,751,420,335,281
1092,18051,20098,2,0.845348596572876,0.874596893787384,0.029248297214508057,1,1714,551,44,219,1699,1654,1657
1093,18053,23018,2,0.7736305594444275,0.9146757125854492,0.14104515314102173,1,1167,1673,459,1688,1272,1244,1181
1094,18071,22792,3,0.8953393697738647,0.8187171816825867,-0.07662218809127808,0,566,355,1631,364,538,841,941
1095,18075,9221,4,0.8888566493988037,0.8692888617515564,-0.019567787647247314,0,646,849,391,744,692,524,503
1096,18108,15903,2,0.9319488406181335,0.9205376505851746,-0.011411190032958984,0,303,386,413,309,313,144,85
1097,18152,1770,2,0.7976496815681458,0.8835024237632751,0.0858527421951294,1,1662,1700,635,1718,1653,1667,1667
1098,18159,8496,2,0.9386101961135864,0.8812294602394104,-0.057380735874176025,0,207,244,1190,221,192,155,160
1099,18172,22904,5,0.8943970203399658,0.735255777835846,-0.15914124250411987,0,61,112,1702,146,61,89,99
1100,18173,17218,2,0.8505470752716064,0.8988751769065857,0.04832810163497925,1,1223,768,1252,874,1068,1244,1294
1101,18182,15603,2,0.8278107047080994,0.8868705034255981,0.05905979871749878,1,676,415,1453,505,682,839,860
1102,18188,12976,2,0.8111393451690674,0.8857898712158203,0.07465052604675293,1,1709,1509,401,1403,1692,1691,1688
1103,18195,13823,3,0.9237529039382935,0.8393086194992065,-0.08444428443908691,0,403,110,1380,70,361,371,382
1104,18199,5685,3,0.8625516891479492,0.8712369203567505,0.00868523120880127,1,590,489,74,383,592,464,472
1105,18225,22983,4,0.9658025503158569,0.8768411874771118,-0.08896136283874512,0,202,31,582,24,136,98,99
1106,18233,22520,10,0.9039927124977112,0.7968131899833679,-0.10717952251434326,0,508,351,250,164,456,231,133
1107,18244,22800,2,0.8530951142311096,0.8663682341575623,0.013273119926452637,1,718,618,1180,646,666,734,800
1108,18280,21939,4,0.8683772683143616,0.8652015924453735,-0.003175675868988037,0,985,1532,1043,1569,982,1055,1076
1109,18326,22202,5,0.8372756838798523,0.8287861347198486,-0.008489549160003662,0,1098,985,1152,1183,1108,1227,1285
1110,18357,12309,2,0.7447506189346313,0.8719238638877869,0.12717324495315552,1,1624,960,111,697,1598,1517,1538
1111,18386,20030,2,0.907135546207428,0.8233464956283569,-0.08378905057907104,0,117,99,1679,123,123,164,202
1112,18388,2531,6,0.96437007188797,0.7623695731163025,-0.20200049877166748,0,24,141,1490,134,22,25,26
1113,18429,20854,3,0.891201376914978,0.9242727756500244,0.03307139873504639,1,785,1384,895,1461,744,757,723
1114,18443,21060,2,0.9187650680541992,0.9227284789085388,0.0039634108543396,1,1395,443,483,357,1343,1327,1353
1115,18448,12607,2,0.8696178197860718,0.9214969873428345,0.051879167556762695,1,286,1129,1217,1237,294,310,304
1116,18540,22478,6,0.7662733197212219,0.8571831583976746,0.09090983867645264,1,1171,1772,39,1762,1223,929,752
1117,18542,17931,1,0.7823582291603088,0.9114179015159607,0.12905967235565186,1,593,1393,1056,1447,548,604,575
1118,18551,20348,3,0.8750073313713074,0.9038600921630859,0.028852760791778564,1,1419,1329,73,1097,1358,1091,1009
1119,18583,17957,3,0.8417925834655762,0.7756680250167847,-0.0661245584487915,0,260,460,1777,819,274,693,900
1120,18595,20483,3,0.8933033347129822,0.8862765431404114,-0.007026791572570801,0,1025,352,120,190,818,584,536
1121,18620,4379,2,0.8241690397262573,0.864942193031311,0.04077315330505371,1,55,802,1454,948,70,87,69
1122,18625,7556,2,0.8389581441879272,0.8690894246101379,0.030131280422210693,1,390,1393,1717,1559,439,683,676
1123,18635,22428,2,0.922753095626831,0.9185147881507874,-0.004238307476043701,0,487,863,175,667,541,277,229
1124,18637,12542,3,0.9576430320739746,0.8884786367416382,-0.06916439533233643,0,196,361,1304,353,246,124,92
1125,18646,10957,6,0.8832786679267883,0.8421669006347656,-0.041111767292022705,0,532,711,162,552,504,290,151
1126,18663,23030,5,0.8155122399330139,0.8776133060455322,0.06210106611251831,1,1735,1601,61,1319,1749,1727,1706
1127,18676,1859,2,0.8529413342475891,0.8588058948516846,0.005864560604095459,1,908,746,619,701,808,695,622
1128,18688,1860,2,0.7971088886260986,0.8846672773361206,0.08755838871002197,1,787,1214,1249,1385,1141,1229,1230
1129,18708,10310,3,0.8716445565223694,0.9187158942222595,0.04707133769989014,1,1112,1593,59,1436,1097,837,543
1130,18718,15708,1,0.8788605332374573,0.8798589706420898,0.0009984374046325684,1,309,508,905,460,295,239,205
1131,18734,20017,4,0.9678104519844055,0.8743690252304077,-0.0934414267539978,0,44,84,1282,84,39,30,21
1132,18739,21618,3,0.954682469367981,0.8589941263198853,-0.0956883430480957,0,64,61,1327,44,65,49,50
1133,18758,22411,1,0.8259360790252686,0.8736853003501892,0.047749221324920654,1,651,1211,126,1029,550,313,299
1134,18771,14627,2,0.8596710562705994,0.8515778183937073,-0.00809323787689209,0,19,665,927,692,30,11,8
1135,18807,16345,3,0.8769308924674988,0.9020066857337952,0.025075793266296387,1,212,593,432,505,353,129,74
1136,18834,19955,2,0.8116399645805359,0.8933293223381042,0.08168935775756836,1,586,1614,351,1591,635,550,486
1137,18860,3484,2,0.7873428463935852,0.8745661377906799,0.08722329139709473,1,1761,1364,537,1369,1753,1756,1744
1138,18903,20860,3,0.9201569557189941,0.9070850610733032,-0.013071894645690918,0,271,722,1017,763,327,292,227
1139,18911,22344,3,0.9753204584121704,0.8159077167510986,-0.15941274166107178,0,17,192,1707,235,18,22,23
1140,18936,22425,5,0.7691540718078613,0.8438735604286194,0.07471948862075806,1,1495,1714,488,1646,1418,1367,1304
1141,18938,9512,3,0.7819697856903076,0.8162253499031067,0.03425556421279907,1,623,865,1345,1108,610,772,859
1142,18974,17246,2,0.860276997089386,0.8663893938064575,0.006112396717071533,1,222,1000,1329,1130,215,124,87
1143,18994,21451,2,0.8696373701095581,0.8584059476852417,-0.011231422424316406,0,1049,192,253,128,1063,800,902
1144,19000,3921,3,0.9098288416862488,0.8849257826805115,-0.024903059005737305,0,413,726,1105,772,308,285,317
1145,19007,9656,4,0.8814465999603271,0.8465027213096619,-0.03494387865066528,0,95,523,1180,579,86,90,89
1146,19015,1924,4,0.7144429683685303,0.8018180131912231,0.08737504482269287,1,1381,1597,1493,1730,1459,1568,1590
1147,19025,22948,6,0.9005924463272095,0.8129801154136658,-0.0876123309135437,0,661,550,1019,602,624,690,745
1148,19030,22105,2,0.9218050241470337,0.9155415296554565,-0.0062634944915771484,0,399,261,826,239,342,290,324
1149,19031,13869,2,0.8223388195037842,0.8831059336662292,0.06076711416244507,1,925,1110,755,1095,1133,1118,1063
1150,19032,22900,3,0.9165347814559937,0.8494577407836914,-0.06707704067230225,0,83,67,1673,104,68,109,120
1151,19054,10081,2,0.9502185583114624,0.9121126532554626,-0.038105905055999756,0,320,281,1189,181,250,103,82
1152,19152,4896,2,0.915418803691864,0.9299646019935608,0.014545798301696777,1,1512,1284,752,1272,1439,1474,1476
1153,19159,1946,2,0.9655593037605286,0.8431757688522339,-0.12238353490829468,0,264,247,1577,258,261,263,267
1154,19201,5963,3,0.8687160611152649,0.8623133897781372,-0.0064026713371276855,0,573,888,873,909,623,611,641
1155,19214,11578,3,0.7740073204040527,0.8157582879066467,0.041750967502593994,1,1289,1676,1260,1692,1226,1362,1325
1156,19225,22894,3,0.8523491024971008,0.8657714128494263,0.01342231035232544,1,609,724,736,707,764,732,774
1157,19252,20260,10,0.9037168025970459,0.7395748496055603,-0.1641419529914856,0,34,61,1033,80,35,43,54
1158,19253,2979,3,0.9337013363838196,0.8436038494110107,-0.09009748697280884,0,139,187,1405,143,179,119,158
1159,19266,10026,2,0.9506776928901672,0.874191403388977,-0.07648628950119019,0,32,43,1211,29,23,18,16
1160,19269,22574,2,0.834036111831665,0.8589441776275635,0.024908065795898438,1,525,1015,609,994,512,487,505
1161,19277,19653,5,0.9274153709411621,0.7947340607643127,-0.13268131017684937,0,18,2,914,3,17,22,25
1162,19279,5877,2,0.7630681395530701,0.848038911819458,0.08497077226638794,1,1248,1130,1047,1282,1193,1261,1305
1163,19304,21267,4,0.9175109267234802,0.8750561475753784,-0.04245477914810181,0,385,354,1097,272,355,293,231
1164,19306,18840,2,0.9373093247413635,0.827162504196167,-0.11014682054519653,0,236,49,1569,45,233,233,229
1165,19323,4541,2,0.8334057927131653,0.8844588994979858,0.05105310678482056,1,1366,1381,494,1333,1477,1449,1412
1166,19325,6474,7,0.8613231778144836,0.7874657511711121,-0.07385742664337158,0,1570,1340,821,1339,1541,1544,1553
1167,19342,15698,3,0.892615795135498,0.8708679676055908,-0.021747827529907227,0,1057,693,1103,716,1064,1158,1209
1168,19358,11000,2,0.9340088367462158,0.8989531993865967,-0.03505563735961914,0,54,392,1540,470,55,84,54
1169,19392,21826,3,0.7991207838058472,0.8788009881973267,0.07968020439147949,1,1623,1745,85,1706,1615,1546,1453
1170,19398,13016,5,0.8298235535621643,0.7877204418182373,-0.042103111743927,0,869,805,601,773,871,817,847
1171,19399,20676,2,0.9172492027282715,0.8791075348854065,-0.03814166784286499,0,53,45,1479,62,50,78,118
1172,19436,2478,5,0.7451810836791992,0.8411281108856201,0.0959470272064209,1,1668,1565,70,1291,1666,1612,1590
1173,19499,20942,6,0.93145751953125,0.8455607891082764,-0.08589673042297363,0,332,297,265,246,280,194,156
1174,19544,10842,2,0.8803689479827881,0.8838436603546143,0.003474712371826172,1,569,434,1352,475,570,689,596
1175,19556,7766,2,0.80537348985672,0.8841130137443542,0.07873952388763428,1,448,1531,110,1412,454,198,143
1176,19559,7171,4,0.9230441451072693,0.9573462605476379,0.03430211544036865,1,1395,1217,86,926,1240,929,866
1177,19613,22951,2,0.9033147692680359,0.8796656727790833,-0.023649096488952637,0,131,346,1175,305,153,129,123
1178,19615,12739,3,0.9184790849685669,0.876210629940033,-0.042268455028533936,0,325,158,609,140,458,408,481
1179,19623,5948,3,0.6188576817512512,0.826724648475647,0.20786696672439575,1,1771,1691,1,1230,1767,1726,1723
1180,19634,7865,2,0.8442695736885071,0.9324527382850647,0.08818316459655762,1,1224,1667,67,1606,1187,961,795
1181,19643,10121,5,0.8560582399368286,0.8590684533119202,0.0030102133750915527,1,1135,1702,660,1676,1200,1174,1188
1182,19654,7543,2,0.9825197458267212,0.845567524433136,-0.1369522213935852,0,1,167,1700,191,1,1,1
1183,19662,20144,1,0.90145343542099,0.9203618764877319,0.018908441066741943,1,389,666,570,620,368,272,280
1184,19667,5186,5,0.929247260093689,0.8082888722419739,-0.12095838785171509,0,7,3,975,3,7,7,8
1185,19673,21734,2,0.8951708078384399,0.9115171432495117,0.016346335411071777,1,782,837,617,794,800,717,648
1186,19728,20685,2,0.820905864238739,0.8442274928092957,0.02332162857055664,1,1046,495,882,459,1042,1077,1101
1187,19740,22923,4,0.9301307201385498,0.9112438559532166,-0.018886864185333252,0,542,579,477,470,479,298,200
1188,19762,21230,3,0.8756127953529358,0.9022048115730286,0.026592016220092773,1,1540,1011,260,892,1504,1461,1476
1189,19769,22076,4,0.9303959012031555,0.9058586359024048,-0.024537265300750732,0,1634,900,732,853,1601,1597,1585
1190,19781,13801,2,0.8809150457382202,0.8838334083557129,0.0029183626174926758,1,359,1041,318,920,402,313,249
1191,19783,12312,3,0.8883187770843506,0.8276587128639221,-0.06066006422042847,0,164,179,1777,388,157,402,484
1192,19786,22892,2,0.8753304481506348,0.9022170305252075,0.026886582374572754,1,1656,1086,149,873,1664,1615,1615
1193,19812,3921,2,0.9354545474052429,0.8917975425720215,-0.043657004833221436,0,77,127,1024,117,46,40,47
1194,19838,22874,1,0.7837686538696289,0.8621664643287659,0.07839781045913696,1,1240,928,809,941,1362,1372,1367
1195,19848,10277,2,0.9088157415390015,0.8742063045501709,-0.034609436988830566,0,22,536,1492,596,18,17,15
1196,19864,2046,2,0.846885085105896,0.8313982486724854,-0.015486836433410645,0,727,566,813,553,740,744,757
1197,19885,11141,4,0.9046188592910767,0.8603299856185913,-0.04428887367248535,0,1216,428,1297,517,1135,1247,1307
1198,19897,19549,3,0.9779859185218811,0.8312374353408813,-0.14674848318099976,0,15,146,1661,161,15,19,21
1199,19920,21319,4,0.9459721446037292,0.8652971386909485,-0.08067500591278076,0,13,54,1059,51,12,10,10
1200,19932,22994,2,0.7898101210594177,0.9073721170425415,0.11756199598312378,1,909,1315,180,1199,919,757,695
1201,19950,4027,5,0.9483228921890259,0.8251426815986633,-0.12318021059036255,0,212,11,950,12,235,236,346
1202,19958,21364,1,0.9220942854881287,0.8337145447731018,-0.08837974071502686,0,226,21,1486,12,168,210,308
1203,19967,14296,2,0.8585615754127502,0.8788740038871765,0.02031242847442627,1,89,528,224,385,153,69,56
1204,19970,11091,3,0.9206365346908569,0.8319681882858276,-0.0886683464050293,0,13,42,1445,52,12,21,23
1205,20013,21321,3,0.8952693939208984,0.8940284848213196,-0.0012409090995788574,0,449,816,1019,891,457,464,461
1206,20022,16926,2,0.8398410677909851,0.8609555959701538,0.0211145281791687,1,478,727,1455,859,452,550,665
1207,20028,2084,4,0.8471432328224182,0.8747977018356323,0.02765446901321411,1,1333,1531,456,1513,1321,1217,1181
1208,20056,13253,2,0.8807650208473206,0.9131136536598206,0.0323486328125,1,603,819,104,649,585,443,403
1209,20125,3890,4,0.8898159265518188,0.8039802312850952,-0.08583569526672363,0,761,217,1672,284,721,1009,1168
1210,20128,22921,7,0.9170817732810974,0.8153700828552246,-0.1017116904258728,0,293,614,699,617,272,192,152
1211,20130,9758,2,0.8608251810073853,0.8883517384529114,0.027526557445526123,1,1642,944,199,868,1715,1705,1726
1212,20153,20298,2,0.9461997151374817,0.8347958326339722,-0.11140388250350952,0,5,96,1425,52,5,4,4
1213,20154,22861,10,0.9126380085945129,0.7872349619865417,-0.1254030466079712,0,525,481,874,475,465,444,438
1214,20166,17148,2,0.895959734916687,0.8862994909286499,-0.00966024398803711,0,764,271,367,229,739,598,699
1215,20210,12542,6,0.9399985074996948,0.8520116209983826,-0.08798688650131226,0,309,414,484,371,320,149,89
1216,20246,22861,4,0.9228600263595581,0.8961639404296875,-0.026696085929870605,0,1058,417,543,395,964,839,772
1217,20254,4761,2,0.8453535437583923,0.9116335511207581,0.06628000736236572,1,247,1455,393,1373,248,179,125
1218,20301,3740,2,0.7683342695236206,0.8570483922958374,0.0887141227722168,1,1499,1604,461,1542,1418,1383,1360
1219,20341,11932,6,0.9662560820579529,0.7595810294151306,-0.20667505264282227,0,125,75,1511,60,129,123,108
1220,20359,20926,2,0.866803765296936,0.8620175123214722,-0.004786252975463867,0,453,964,1282,1064,436,486,391
1221,20365,18430,2,0.8874296545982361,0.9171128869056702,0.029683232307434082,1,352,1290,1499,1426,491,611,525
1222,20383,2140,3,0.868366003036499,0.8306476473808289,-0.037718355655670166,0,3,9,105,5,3,1,1
1223,20385,19486,2,0.9366977214813232,0.8439480662345886,-0.09274965524673462,0,2,25,1516,18,2,1,1
1224,20449,8717,3,0.8706923723220825,0.8590851426124573,-0.011607229709625244,0,315,952,578,871,352,264,244
1225,20458,7237,2,0.931067943572998,0.8617818355560303,-0.06928610801696777,0,7,51,975,49,21,5,5
1226,20464,17422,3,0.8203483819961548,0.8758658766746521,0.055517494678497314,1,548,1329,1354,1432,610,689,699
1227,20472,17785,2,0.9066381454467773,0.9119405746459961,0.00530242919921875,1,94,731,476,664,97,46,28
1228,20483,7661,8,0.7273072004318237,0.6075928807258606,-0.11971431970596313,0,1271,1743,1540,1763,1185,1400,1478
1229,20487,21758,3,0.9669356942176819,0.8504973649978638,-0.11643832921981812,0,15,257,1624,276,14,15,16
1230,20488,18116,2,0.8924747705459595,0.8491730093955994,-0.04330176115036011,0,777,350,1330,312,805,974,1164
1231,20501,2152,4,0.8744751811027527,0.9174957871437073,0.04302060604095459,1,119,807,534,752,144,109,86
1232,20526,23031,5,0.8997024297714233,0.8684788346290588,-0.031223595142364502,0,897,697,285,596,944,699,629
1233,20604,7236,1,0.7037777304649353,0.8243982791900635,0.12062054872512817,1,432,916,1486,1069,318,406,457
1234,20606,22382,3,0.8564246892929077,0.9237086772918701,0.0672839879989624,1,1275,1594,300,1498,1249,1049,904
1235,20607,10524,3,0.9185875058174133,0.8627739548683167,-0.05581355094909668,0,137,115,1348,142,90,133,156
1236,20610,20127,6,0.8471839427947998,0.7847546935081482,-0.06242924928665161,0,781,1117,1216,1169,775,871,950
1237,20678,16440,2,0.7909628748893738,0.9078600406646729,0.11689716577529907,1,1573,1596,337,1563,1495,1477,1463
1238,20681,7014,5,0.8762356638908386,0.7713251113891602,-0.10491055250167847,0,560,499,1719,713,582,886,1028
1239,20686,22633,3,0.9035112857818604,0.8959972858428955,-0.007513999938964844,0,740,669,1459,814,621,773,786
1240,20689,18133,5,0.8715267777442932,0.8294196128845215,-0.04210716485977173,0,1555,580,253,396,1527,1459,1484
1241,20692,21377,4,0.9202576279640198,0.8569499254226685,-0.06330770254135132,0,143,55,278,43,133,83,78
1242,20698,22787,1,0.7978370189666748,0.912642240524292,0.11480522155761719,1,1650,1117,853,1161,1676,1699,1697
1243,20700,14056,2,0.9176648259162903,0.9178825616836548,0.00021773576736450195,1,140,189,847,162,127,101,97
1244,20726,21344,2,0.7803412675857544,0.8050331473350525,0.024691879749298096,1,1395,891,1427,997,1311,1448,1561
1245,20735,18362,6,0.8897638320922852,0.7886302471160889,-0.10113358497619629,0,1292,955,978,981,1263,1316,1289
1246,20748,13394,5,0.9622504115104675,0.7953911423683167,-0.16685926914215088,0,16,45,1403,50,12,14,17
1247,20771,3584,4,0.8416604995727539,0.8724154829978943,0.03075498342514038,1,960,1202,1021,1305,1052,1097,1152
1248,20788,22964,4,0.8868085741996765,0.9027341604232788,0.015925586223602295,1,48,427,353,301,34,12,8
1249,20790,18728,1,0.7979682087898254,0.8941042423248291,0.09613603353500366,1,954,1550,411,1575,853,677,644
1250,20815,22929,2,0.9037020802497864,0.8863146901130676,-0.01738739013671875,0,1067,523,1577,656,1025,1222,1246
1251,20822,20995,2,0.9745584726333618,0.8393372893333435,-0.1352211833000183,0,9,172,1660,190,9,2,2
1252,20827,17276,2,0.8789717555046082,0.8862951397895813,0.0073233842849731445,1,14,581,1430,680,18,31,24
1253,20847,13670,2,0.8372331261634827,0.8895254731178284,0.0522923469543457,1,518,969,1182,1140,518,548,493
1254,20874,22229,2,0.8455628752708435,0.8738109469413757,0.028248071670532227,1,449,1130,865,1164,449,402,320
1255,20899,18594,1,0.9012615084648132,0.9356347322463989,0.03437322378158569,1,27,338,1459,485,23,37,29
1256,20926,22545,1,0.937325119972229,0.9328436851501465,-0.0044814348220825195,0,735,24,75,13,596,316,464
1257,20943,17912,3,0.9318693280220032,0.871505618095398,-0.060363709926605225,0,528,63,1138,72,368,382,459
1258,20989,4642,2,0.8860663771629333,0.9028739929199219,0.016807615756988525,1,913,593,884,548,999,1016,970
1259,21003,19336,3,0.8615089058876038,0.9060353636741638,0.04452645778656006,1,1104,1668,830,1682,1082,1031,953
1260,21014,18548,2,0.8945706486701965,0.8547753095626831,-0.03979533910751343,0,102,228,1534,246,80,98,103
1261,21075,16414,2,0.7843608260154724,0.8733556270599365,0.08899480104446411,1,1090,1236,32,906,962,674,624
1262,21087,22959,3,0.9207629561424255,0.8871302008628845,-0.033632755279541016,0,96,155,761,166,97,77,74
1263,21103,7577,6,0.8557208776473999,0.7236146926879883,-0.13210618495941162,0,747,794,1700,1018,761,1104,1232
1264,21115,5810,2,0.8702539801597595,0.8665619492530823,-0.003692030906677246,0,771,681,972,704,890,890,960
1265,21135,9103,2,0.8297420740127563,0.9193800091743469,0.08963793516159058,1,1557,1607,319,1541,1681,1664,1643
1266,21146,19256,2,0.9103022217750549,0.8607769012451172,-0.049525320529937744,0,644,246,1468,258,604,751,832
1267,21178,23026,3,0.8259324431419373,0.8953120708465576,0.06937962770462036,1,1542,1454,120,1288,1533,1375,1302
1268,21204,13241,3,0.868377149105072,0.8703969717025757,0.002019822597503662,1,1346,832,719,836,1267,1242,1148
1269,21281,13436,3,0.8544793725013733,0.8632830381393433,0.00880366563796997,1,618,253,517,240,487,449,414
1270,21301,19659,2,0.8315742611885071,0.8488739132881165,0.017299652099609375,1,693,214,974,228,835,837,959
1271,21308,21615,5,0.8783703446388245,0.8300566077232361,-0.04831373691558838,0,1053,1232,1159,1335,1002,1108,1147
1272,21322,4304,3,0.919186532497406,0.9071119427680969,-0.012074589729309082,0,164,560,460,504,344,241,229
1273,21335,22349,3,0.9290251135826111,0.9227170944213867,-0.006308019161224365,0,103,650,878,662,86,79,65
1274,21355,22434,3,0.8888681530952454,0.8849871754646301,-0.0038809776306152344,0,630,1224,1569,1358,557,737,679
1275,21366,16956,4,0.8903325200080872,0.8368147611618042,-0.05351775884628296,0,326,368,1006,341,405,366,415
1276,21387,4209,5,0.9090679883956909,0.8169077634811401,-0.09216022491455078,0,1235,326,1299,381,1200,1302,1362
1277,21407,8873,2,0.8105996251106262,0.8803050518035889,0.06970542669296265,1,1327,1422,64,1184,1351,1105,1125
1278,21416,11281,3,0.9860763549804688,0.8539735674858093,-0.13210278749465942,0,116,263,1447,231,110,61,47
1279,21446,12804,4,0.8087702989578247,0.8335703015327454,0.024800002574920654,1,1010,822,488,764,1044,986,973
1280,21457,20141,8,0.9458453059196472,0.7726967334747314,-0.17314857244491577,0,704,116,467,125,578,465,398
1281,21466,10304,2,0.9023439884185791,0.8229917287826538,-0.07935225963592529,0,249,2,1384,3,220,230,310
1282,21475,20864,2,0.8872736692428589,0.9374420642852783,0.050168395042419434,1,1477,1107,512,1083,1418,1384,1350
1283,21497,15814,4,0.9341409206390381,0.9017234444618225,-0.032417476177215576,0,762,312,468,269,621,539,599
1284,21501,11540,2,0.8304382562637329,0.8309140801429749,0.00047582387924194336,1,991,420,1003,419,1020,1079,1225
1285,21512,9479,3,0.8086966872215271,0.7885771989822388,-0.02011948823928833,0,300,1368,1670,1517,329,545,674
1286,21522,8758,2,0.8040196299552917,0.8466893434524536,0.042669713497161865,1,1559,1081,571,1044,1506,1494,1554
1287,21538,22434,3,0.9025685787200928,0.8908908367156982,-0.011677742004394531,0,330,810,1164,896,328,247,120
1288,21561,2332,2,0.7153268456459045,0.8213517665863037,0.10602492094039917,1,1779,1639,5,1394,1779,1779,1779
1289,21572,21942,4,0.9533844590187073,0.8274725675582886,-0.1259118914604187,0,83,176,1681,197,78,99,107
1290,21574,20240,3,0.8044492602348328,0.893449068069458,0.08899980783462524,1,800,1210,260,1103,894,748,731
1291,21586,22555,7,0.8344733715057373,0.7589881420135498,-0.0754852294921875,0,1283,1300,551,1280,1564,1562,1557
1292,21623,22743,2,0.9300926923751831,0.9051362872123718,-0.02495640516281128,0,1405,182,131,90,1327,1034,1134
1293,21661,17438,1,0.8391768336296082,0.9160130023956299,0.07683616876602173,1,1268,1224,868,1295,1256,1299,1262
1294,21677,22775,3,0.812595546245575,0.8929838538169861,0.08038830757141113,1,706,1440,196,1327,776,498,450
1295,21716,11337,2,0.9585801362991333,0.9129866361618042,-0.0455935001373291,0,3,25,454,17,3,2,3
1296,21759,4864,2,0.8925082087516785,0.8179144263267517,-0.07459378242492676,0,362,39,1757,69,312,525,632
1297,21772,22472,1,0.7989276051521301,0.9188016057014465,0.1198740005493164,1,1694,1697,19,1497,1682,1615,1596
1298,21813,16292,3,0.9484013319015503,0.841682493686676,-0.10671883821487427,0,2,60,1729,104,2,4,4
1299,21834,14778,2,0.9034395813941956,0.8795451521873474,-0.023894429206848145,0,290,502,1292,514,295,202,151
1300,21838,22385,3,0.8910735845565796,0.9058458805084229,0.014772295951843262,1,618,1279,592,1247,543,438,399
1301,21842,19186,7,0.8626459240913391,0.8465531468391418,-0.016092777252197266,0,861,494,102,328,855,594,497
1302,21852,22474,1,0.8507024049758911,0.9360551834106445,0.08535277843475342,1,415,504,918,431,346,291,291
1303,21859,4334,2,0.8821864724159241,0.8735563158988953,-0.008630156517028809,0,17,727,1009,753,17,18,17
1304,21890,19794,4,0.864142119884491,0.8911244869232178,0.026982367038726807,1,1235,1217,416,1144,1228,1105,1064
1305,21896,22532,2,0.8341460227966309,0.8854690194129944,0.051322996616363525,1,1123,1350,51,1196,1149,847,639
1306,21911,22834,1,0.7961761355400085,0.935319185256958,0.13914304971694946,1,1206,1243,131,1032,1178,967,951
1307,21912,22515,3,0.9401503205299377,0.9145611524581909,-0.025589168071746826,0,476,445,445,368,432,359,356
1308,21941,9811,2,0.8429872989654541,0.8483607769012451,0.005373477935791016,1,828,330,1184,359,790,886,854
1309,21955,17716,1,0.8322793245315552,0.8997688293457031,0.06748950481414795,1,1196,1696,1632,1740,1243,1489,1409
1310,21960,12930,3,0.9272802472114563,0.8942639827728271,-0.03301626443862915,0,848,509,1197,538,859,908,920
1311,21981,14964,2,0.7661217451095581,0.8192538619041443,0.05313211679458618,1,1518,1338,240,1228,1631,1616,1627
1312,21988,21826,8,0.8472605347633362,0.7396206259727478,-0.10763990879058838,0,55,1098,459,1020,62,58,59
1313,22006,21124,2,0.8946134448051453,0.9039139151573181,0.009300470352172852,1,494,732,584,656,512,358,251
1314,22024,10954,3,0.7982869148254395,0.9101579189300537,0.11187100410461426,1,1709,1483,94,1317,1677,1646,1638
1315,22037,14510,2,0.8042494654655457,0.8792085647583008,0.07495909929275513,1,1318,1555,490,1587,1457,1465,1417
1316,22097,8042,2,0.8892247080802917,0.8431506752967834,-0.0460740327835083,0,1402,183,1019,166,1352,1421,1461
1317,22134,14255,3,0.9697655439376831,0.8032928705215454,-0.1664726734161377,0,111,144,1710,167,117,181,199
1318,22167,22204,6,0.8384069800376892,0.7638731002807617,-0.07453387975692749,0,7,809,1217,887,9,10,11
1319,22172,21217,3,0.9130402207374573,0.890448808670044,-0.02259141206741333,0,785,595,543,538,747,695,712
1320,22176,22909,3,0.8402588367462158,0.8723461031913757,0.03208726644515991,1,742,980,1052,1033,736,817,798
1321,22179,12036,2,0.8599421977996826,0.8793796896934509,0.01943749189376831,1,305,840,708,801,289,214,216
1322,22183,8766,1,0.7921521067619324,0.8834203481674194,0.09126824140548706,1,1247,982,854,1038,1067,1105,1077
1323,22213,22821,2,0.8115769624710083,0.8469744920730591,0.03539752960205078,1,545,606,1148,590,787,859,813
1324,22220,3633,3,0.8529694676399231,0.8639106750488281,0.01094120740890503,1,250,814,657,811,293,106,105
1325,22231,22957,4,0.9330998659133911,0.8584431409835815,-0.07465672492980957,0,1080,119,942,80,1021,1087,1101
1326,22238,10831,2,0.9042034149169922,0.904137372970581,-6.604194641113281e-05,0,116,312,675,268,115,98,109
1327,22241,2492,3,0.9244949817657471,0.8841751217842102,-0.040319859981536865,0,275,319,956,300,234,220,243
1328,22254,7779,3,0.8359503746032715,0.9154512286186218,0.07950085401535034,1,1574,1758,114,1734,1568,1405,1215
1329,22290,2920,2,0.9273552894592285,0.7895169854164124,-0.13783830404281616,0,25,4,1780,9,24,55,94
1330,22302,10918,2,0.920545220375061,0.8442913293838501,-0.07625389099121094,0,21,11,1124,7,21,18,19
1331,22310,22356,2,0.9099488258361816,0.8990697264671326,-0.010879099369049072,0,621,453,541,346,646,554,603
1332,22315,8077,2,0.927056610584259,0.8690074682235718,-0.058049142360687256,0,260,246,1457,233,250,223,231
1333,22331,21276,6,0.8655912280082703,0.7245884537696838,-0.14100277423858643,0,261,703,1758,967,226,470,666
1334,22366,18548,4,0.8510016202926636,0.8480325937271118,-0.002969026565551758,0,405,1015,992,1146,403,356,321
1335,22387,5436,2,0.9599370360374451,0.8090792894363403,-0.15085774660110474,0,12,16,1695,15,5,9,9
1336,22400,5895,2,0.8474461436271667,0.8755837678909302,0.028137624263763428,1,651,866,226,696,801,585,493
1337,22429,20893,2,0.8997945189476013,0.9275904893875122,0.02779597043991089,1,1190,1440,537,1440,1160,1058,924
1338,22445,22213,8,0.9674583077430725,0.7566993832588196,-0.21075892448425293,0,11,124,832,108,11,11,11
1339,22463,19474,2,0.9250721335411072,0.8783218264579773,-0.04675030708312988,0,28,400,1241,373,29,19,17
1340,22482,17922,2,0.7363143563270569,0.858524739742279,0.12221038341522217,1,1047,1733,196,1706,1197,1066,944
1341,22490,22853,2,0.7794658541679382,0.8819248676300049,0.10245901346206665,1,1270,1738,373,1740,1263,1125,1056
1342,22501,19837,4,0.9201202392578125,0.9100909233093262,-0.010029315948486328,0,815,1082,773,1110,753,730,700
1343,22502,13175,2,0.8636801242828369,0.9056578278541565,0.04197770357131958,1,1126,1379,311,1353,1241,1145,1030
1344,22508,13453,4,0.8169950246810913,0.7900997996330261,-0.026895225048065186,0,558,1105,1753,1345,591,951,1136
1345,22515,6884,2,0.8229107856750488,0.8830949068069458,0.06018412113189697,1,1748,1293,107,1147,1757,1751,1756
1346,22538,12705,2,0.8082417249679565,0.8682343363761902,0.05999261140823364,1,292,460,1067,502,431,471,528
1347,22628,12592,2,0.975419819355011,0.848868727684021,-0.12655109167099,0,1,1,1621,1,1,1,1
1348,22630,5059,2,0.8720260262489319,0.7911854386329651,-0.0808405876159668,0,44,65,1668,65,52,46,63
1349,22659,2594,3,0.8468219041824341,0.8594522476196289,0.012630343437194824,1,1493,1084,686,1080,1604,1637,1616
1350,22675,23009,2,0.8598156571388245,0.8822904825210571,0.022474825382232666,1,713,923,775,942,713,690,706
1351,22695,20610,2,0.8396700620651245,0.8967037796974182,0.0570337176322937,1,920,1223,825,1269,1065,1059,1118
1352,22700,4665,2,0.8672323226928711,0.898564875125885,0.031332552433013916,1,1237,1403,998,1454,1238,1283,1286
1353,22709,3018,3,0.9543161392211914,0.8151283860206604,-0.139187753200531,0,36,53,1708,56,33,41,49
1354,22710,19985,1,0.8134620189666748,0.8985468745231628,0.08508485555648804,1,515,532,1654,849,288,467,533
1355,22714,20902,3,0.9174712300300598,0.8854452967643738,-0.032025933265686035,0,9,323,891,310,7,3,3
1356,22731,22913,2,0.7473628520965576,0.860072135925293,0.11270928382873535,1,941,1241,839,1329,891,862,889
1357,22743,10454,1,0.7883202433586121,0.8784525990486145,0.09013235569000244,1,1531,1481,237,1395,1441,1400,1340
1358,22767,17099,3,0.8167892694473267,0.8737948536872864,0.05700558423995972,1,1023,1111,774,1104,965,951,940
1359,22774,22018,7,0.9252110123634338,0.7665741443634033,-0.15863686800003052,0,558,273,996,240,542,593,645
1360,22781,9818,2,0.9373863339424133,0.8644352555274963,-0.07295107841491699,0,3,192,1547,204,2,2,2
1361,22782,7186,3,0.9208590984344482,0.9058689475059509,-0.014990150928497314,0,63,177,1381,184,119,115,108
1362,22799,17569,7,0.8658319711685181,0.7541070580482483,-0.11172491312026978,0,384,390,1253,432,369,446,472
1363,22827,11953,3,0.9638227224349976,0.8476113677024841,-0.11621135473251343,0,155,277,1513,279,165,130,121
1364,22830,21465,2,0.7486262917518616,0.8908403515815735,0.14221405982971191,1,957,1584,545,1633,760,738,671
1365,22843,22946,2,0.8331331610679626,0.8928709626197815,0.05973780155181885,1,1329,1316,168,1240,1218,1091,943
1366,22849,14716,3,0.9596686959266663,0.8405249714851379,-0.11914372444152832,0,1,35,1570,32,1,1,1
1367,22864,4019,4,0.8538073897361755,0.8382572531700134,-0.01555013656616211,0,343,815,1093,866,339,311,348
1368,22873,22884,2,0.8706684112548828,0.9073759317398071,0.036707520484924316,1,1059,561,859,511,1085,1046,1129
1369,22876,19652,2,0.7803847193717957,0.8823410868644714,0.10195636749267578,1,1401,1120,738,1146,1527,1565,1557
1370,22878,16642,2,0.8755225539207458,0.8853748440742493,0.009852290153503418,1,255,374,987,400,232,240,298
1371,22882,3103,1,0.6835588216781616,0.8544133305549622,0.17085450887680054,1,1509,1726,6,1526,1570,1184,1033
1372,22928,13697,3,0.9513136148452759,0.8123688697814941,-0.13894474506378174,0,34,93,1766,186,27,69,100
1373,22929,20978,3,0.9869969487190247,0.8118822574615479,-0.1751146912574768,0,44,49,1667,51,56,54,53
1374,22952,2667,2,0.9648537635803223,0.8615919947624207,-0.10326176881790161,0,1,53,1298,51,1,1,1
1375,22991,16890,2,0.8167427778244019,0.861449658870697,0.044706881046295166,1,1267,1306,617,1293,1201,1140,1144
1376,23048,17424,2,0.8236175775527954,0.8986732959747314,0.07505571842193604,1,1686,1532,37,1333,1744,1721,1724
1377,23064,21429,2,0.977422297000885,0.815212607383728,-0.16220968961715698,0,22,15,1705,12,28,32,35
1378,23074,19594,1,0.810744047164917,0.8991014957427979,0.08835744857788086,1,1536,1024,554,981,1549,1549,1528
1379,23081,2686,2,0.9313217401504517,0.864711344242096,-0.06661039590835571,0,1,2,130,2,1,1,1
1380,23084,9674,4,0.8932304978370667,0.8632241487503052,-0.030006349086761475,0,1028,500,1016,486,953,1001,1037
1381,23090,12939,2,0.9027150273323059,0.8590947389602661,-0.043620288372039795,0,868,220,1347,201,806,916,991
1382,23109,8466,2,0.9820607900619507,0.8175121545791626,-0.16454863548278809,0,273,32,1593,20,278,303,343
1383,23121,18069,3,0.9710047841072083,0.847801148891449,-0.12320363521575928,0,153,281,1433,244,162,78,81
1384,23122,6718,2,0.886522650718689,0.8698614835739136,-0.01666116714477539,0,526,404,1274,396,486,512,570
1385,23135,4395,3,0.9362795352935791,0.8152440190315247,-0.12103551626205444,0,8,48,1707,56,11,15,20
1386,23141,22518,2,0.8153835535049438,0.8974905610084534,0.08210700750350952,1,1309,1524,1283,1621,1326,1437,1366
1387,23175,21615,2,0.7974386215209961,0.8891884088516235,0.09174978733062744,1,807,1143,1306,1343,589,707,726
1388,23176,22033,2,0.9007171988487244,0.839897096157074,-0.06082010269165039,0,405,301,1503,299,415,507,597
1389,23219,22935,2,0.9084774851799011,0.8649830222129822,-0.043494462966918945,0,324,90,1408,110,283,346,369
1390,23255,21045,1,0.8092616200447083,0.8870998620986938,0.0778382420539856,1,1024,1014,774,1027,1017,1042,1055
1391,23256,12526,2,0.853394627571106,0.9080007672309875,0.05460613965988159,1,714,837,1019,934,670,688,690
1392,23269,5491,2,0.8658973574638367,0.9172117710113525,0.05131441354751587,1,1504,1682,471,1664,1576,1561,1537
1393,23272,23032,2,0.8151109218597412,0.9126232862472534,0.09751236438751221,1,1631,1638,118,1523,1576,1476,1410
1394,23323,4371,3,0.8373786807060242,0.8884932398796082,0.051114559173583984,1,1753,1346,131,1168,1755,1751,1741
1395,23341,2758,2,0.7399207353591919,0.827597439289093,0.08767670392990112,1,1440,738,109,412,1508,1279,1232
1396,23350,16433,2,0.9303057789802551,0.8517772555351257,-0.0785285234451294,0,392,80,1707,123,346,524,615
1397,23358,17611,2,0.8408834338188171,0.8933075666427612,0.05242413282394409,1,1564,1255,117,1095,1513,1415,1402
1398,23385,20041,2,0.921730637550354,0.8406333923339844,-0.08109724521636963,0,118,92,1716,140,108,154,149
1399,23392,17957,2,0.8763243556022644,0.807494580745697,-0.06882977485656738,0,91,26,1621,27,88,144,231
1400,23442,21500,3,0.8993282318115234,0.8680398464202881,-0.03128838539123535,0,446,677,1222,755,368,449,390
1401,23477,9968,2,0.9631265997886658,0.8649771809577942,-0.09814941883087158,0,392,280,1409,226,356,335,358
1402,23487,20913,2,0.9000752568244934,0.887660562992096,-0.012414693832397461,0,625,633,908,622,756,752,757
1403,23488,20040,2,0.8839526176452637,0.8604928851127625,-0.02345973253250122,0,301,391,1393,396,335,298,258
1404,23491,19297,2,0.9166088700294495,0.8716955184936523,-0.04491335153579712,0,264,260,1524,276,216,242,264
1405,23515,7733,1,0.9548242688179016,0.8734939694404602,-0.0813302993774414,0,2,3,1010,3,3,2,2
1406,23535,2814,2,0.8368622660636902,0.8893231749534607,0.05246090888977051,1,759,1074,1361,1189,668,767,833
1407,23546,9384,2,0.8962080478668213,0.8536434769630432,-0.042564570903778076,0,21,39,268,23,20,19,23
1408,23551,19895,5,0.9481872916221619,0.798144519329071,-0.15004277229309082,0,17,179,1335,141,16,13,16
1409,23605,14776,2,0.8665143847465515,0.8639124035835266,-0.0026019811630249023,0,793,732,1159,850,783,879,886
1410,23615,22533,2,0.9855246543884277,0.894411563873291,-0.09111309051513672,0,2,2,617,1,2,2,2
1411,23628,21586,2,0.8927532434463501,0.7927535176277161,-0.09999972581863403,0,82,61,1779,136,77,162,140
1412,23654,21195,2,0.8234888911247253,0.8781834244728088,0.054694533348083496,1,1542,1431,1232,1568,1413,1509,1545
1413,23676,20891,2,0.9110192060470581,0.8906500339508057,-0.02036917209625244,0,77,273,1175,299,62,64,62
1414,23682,16818,3,0.7851446270942688,0.8600133657455444,0.07486873865127563,1,1764,1747,260,1693,1751,1748,1745
1415,23689,20550,2,0.8218274116516113,0.9282148480415344,0.1063874363899231,1,1687,1477,237,1421,1653,1647,1641
1416,23729,22966,2,0.9277454018592834,0.8716884255409241,-0.056056976318359375,0,120,69,1632,61,125,127,164
1417,23731,17888,3,0.8727301359176636,0.8901628851890564,0.017432749271392822,1,1169,1100,1097,1274,1103,1224,1227
1418,23758,22059,2,0.930672287940979,0.8889943361282349,-0.04167795181274414,0,112,114,1261,102,180,180,238
1419,23766,4576,3,0.8586955070495605,0.8342536091804504,-0.024441897869110107,0,1105,661,948,659,1142,1238,1333
1420,23775,17210,2,0.8572677373886108,0.895149827003479,0.037882089614868164,1,1225,1280,1235,1395,1223,1395,1399
1421,23787,22511,3,0.8928125500679016,0.9138698577880859,0.021057307720184326,1,96,689,132,524,111,65,50
1422,23810,15983,3,0.7409218549728394,0.8922224640846252,0.1513006091117859,1,704,1461,388,1437,774,689,697
1423,23832,20282,4,0.909006655216217,0.8494136929512024,-0.05959296226501465,0,28,269,966,201,29,11,7
1424,23833,11835,3,0.8769972920417786,0.8818065524101257,0.004809260368347168,1,142,1171,845,1190,154,123,85
1425,23851,15572,3,0.9189417362213135,0.8677369356155396,-0.051204800605773926,0,371,77,1253,84,318,352,371
1426,23853,13239,3,0.8808521032333374,0.8554266095161438,-0.025425493717193604,0,1357,258,846,263,1382,1403,1444
1427,23867,3560,2,0.8797967433929443,0.8724002838134766,-0.0073964595794677734,0,1130,726,903,688,1052,1076,1148
1428,23876,21895,6,0.9668093919754028,0.7722399234771729,-0.19456946849822998,0,197,164,1494,163,188,197,208
1429,23913,17805,3,0.8483401536941528,0.8957096934318542,0.047369539737701416,1,573,1295,672,1312,654,614,615
1430,23922,17953,4,0.9832708835601807,0.7513647675514221,-0.23190611600875854,0,3,5,1777,4,3,5,6
1431,23923,19829,5,0.8715658783912659,0.8502312898635864,-0.021334588527679443,0,627,1211,215,1108,630,484,337
1432,23939,11142,2,0.8717486262321472,0.9123897552490234,0.04064112901687622,1,1112,863,922,865,1106,1157,1048
1433,23943,10945,5,0.8561323881149292,0.7726368308067322,-0.08349555730819702,0,287,1197,1646,1341,349,556,648
1434,23945,3469,2,0.7617794871330261,0.8465646505355835,0.08478516340255737,1,699,1308,938,1390,904,890,796
1435,23953,6193,3,0.9562061429023743,0.8449090719223022,-0.11129707098007202,0,250,111,1136,42,262,185,189
1436,23964,12288,2,0.8520840406417847,0.9028112292289734,0.05072718858718872,1,1192,796,1056,854,947,1019,971
1437,23974,13314,2,0.9438056945800781,0.9260439276695251,-0.01776176691055298,0,170,219,242,138,205,97,139
1438,23976,11979,2,0.8476733565330505,0.8794177770614624,0.031744420528411865,1,1012,1066,141,902,875,601,631
1439,23978,13824,2,0.7886511087417603,0.8586239218711853,0.06997281312942505,1,1669,1278,368,1206,1642,1647,1673
1440,23983,6795,2,0.947837233543396,0.8207857012748718,-0.12705153226852417,0,13,24,1741,21,14,9,9
1441,23990,6893,2,0.8339869976043701,0.8630043268203735,0.029017329216003418,1,730,1351,1139,1447,696,733,664
1442,24060,19304,2,0.8856985569000244,0.8960312604904175,0.010332703590393066,1,685,591,1530,735,682,851,1009
1443,24075,19361,2,0.9145975708961487,0.9372502565383911,0.02265268564224243,1,1200,1289,157,1174,1279,1139,1158
1444,24090,9853,2,0.8809021711349487,0.886827290058136,0.005925118923187256,1,884,869,996,939,803,846,889
1445,24097,22926,2,0.9645884037017822,0.8958413600921631,-0.06874704360961914,0,21,7,449,7,16,15,22
1446,24100,2978,2,0.8556415438652039,0.8790922164916992,0.02345067262649536,1,1651,494,925,483,1594,1649,1696
1447,24109,5347,3,0.8238422274589539,0.88509202003479,0.06124979257583618,1,1138,1634,665,1635,1243,1223,1289
1448,24119,14264,2,0.8223272562026978,0.8609670996665955,0.038639843463897705,1,1025,1607,1296,1649,1129,1247,1217
1449,24125,15827,3,0.881283164024353,0.82645583152771,-0.054827332496643066,0,3,810,1643,1010,3,5,5
1450,24134,15865,2,0.7679347991943359,0.8798571825027466,0.11192238330841064,1,700,1438,613,1463,730,703,683
1451,24139,18362,2,0.9006685018539429,0.8641493320465088,-0.03651916980743408,0,521,405,1105,381,474,458,438
1452,24144,11925,3,0.9758139252662659,0.836432933807373,-0.13938099145889282,0,99,240,1655,279,91,89,101
1453,24151,10817,2,0.8293682336807251,0.8420479893684387,0.012679755687713623,1,1084,1319,1714,1490,1059,1327,1308
1454,24204,20668,2,0.9718382358551025,0.8175328969955444,-0.1543053388595581,0,7,82,1712,88,3,5,5
1455,24269,12686,2,0.9109131693840027,0.9317976236343384,0.020884454250335693,1,1072,820,187,715,1031,868,955
1456,24285,22346,2,0.865174412727356,0.8502700328826904,-0.014904379844665527,0,1095,413,1563,496,1071,1250,1240
1457,24299,21798,5,0.8526124954223633,0.7741974592208862,-0.07841503620147705,0,1312,831,1608,1011,1129,1315,1395
1458,24323,3050,3,0.8822286128997803,0.9170308113098145,0.03480219841003418,1,845,1634,350,1622,842,682,527
1459,24333,19794,2,0.8762170672416687,0.8919553756713867,0.015738308429718018,1,608,501,1183,494,515,546,567
1460,24343,22903,3,0.8556826710700989,0.899361789226532,0.043679118156433105,1,368,1365,1190,1394,301,320,265
1461,24369,12617,2,0.7991727590560913,0.8628863096237183,0.06371355056762695,1,1587,1044,285,949,1574,1543,1539
1462,24371,6879,3,0.8935044407844543,0.8962198495864868,0.0027154088020324707,1,153,502,624,490,283,54,25
1463,24395,3730,3,0.856728732585907,0.8893415331840515,0.03261280059814453,1,1554,831,286,761,1661,1658,1677
1464,24398,10401,3,0.9179112911224365,0.8571492433547974,-0.06076204776763916,0,23,45,855,39,23,17,15
1465,24407,3073,3,0.9269474744796753,0.8417829871177673,-0.08516448736190796,0,41,178,1536,172,44,25,30
1466,24412,22990,5,0.8694512844085693,0.8205564618110657,-0.04889482259750366,0,316,587,429,547,349,199,110
1467,24449,11328,2,0.843553900718689,0.9040167927742004,0.060462892055511475,1,458,788,698,738,448,393,346
1468,24480,22939,1,0.9612193703651428,0.850802481174469,-0.11041688919067383,0,23,21,1554,17,24,25,26
1469,24524,16859,2,0.9881466627120972,0.8241305947303772,-0.16401606798171997,0,109,73,1617,60,117,106,100
1470,24530,15913,2,0.951698899269104,0.8697132468223572,-0.08198565244674683,0,173,73,1490,93,128,123,163
1471,24544,20503,4,0.9077109098434448,0.8890707492828369,-0.01864016056060791,0,740,553,680,536,654,605,635
1472,24580,3113,2,0.9386397004127502,0.8449852466583252,-0.09365445375442505,0,42,60,1157,55,51,29,30
1473,24601,21110,2,0.8313049077987671,0.8569861650466919,0.025681257247924805,1,893,954,851,942,977,986,1023
1474,24616,20312,2,0.7582621574401855,0.892381489276886,0.13411933183670044,1,1126,1163,378,1116,1030,944,960
1475,24629,11589,2,0.8795167207717896,0.8881811499595642,0.008664429187774658,1,549,630,1257,699,553,617,646
1476,24636,21734,7,0.9301844835281372,0.8773802518844604,-0.05280423164367676,0,642,692,108,507,677,411,284
1477,24648,16873,3,0.9069089889526367,0.8637275695800781,-0.043181419372558594,0,351,374,1235,369,358,326,250
1478,24652,13175,2,0.8706706762313843,0.9035764932632446,0.03290581703186035,1,818,1066,573,1036,966,864,855
1479,24738,20641,2,0.9101008772850037,0.8647051453590393,-0.045395731925964355,0,413,163,1609,204,302,436,496
1480,24755,20801,3,0.9600204825401306,0.7884367108345032,-0.17158377170562744,0,53,84,1760,131,68,137,136
1481,24836,12657,1,0.894981324672699,0.8867122530937195,-0.008269071578979492,0,544,424,1311,436,426,501,563
1482,24841,19955,2,0.8488008379936218,0.8859102725982666,0.037109434604644775,1,1431,1285,668,1274,1495,1511,1455
1483,24869,16217,2,0.8779552578926086,0.8073880672454834,-0.07056719064712524,0,358,364,1437,370,361,373,385
1484,24911,3188,2,0.9100854396820068,0.8390153646469116,-0.07107007503509521,0,22,215,1644,246,19,22,29
1485,24913,20793,3,0.9220730066299438,0.9206863641738892,-0.0013866424560546875,0,908,738,278,622,763,611,669
1486,24929,9508,4,0.8607376217842102,0.8723715543746948,0.01163393259048462,1,1530,1167,277,986,1566,1503,1450
1487,24977,15619,4,0.894770085811615,0.9037511348724365,0.008981049060821533,1,785,529,388,461,589,493,497
1488,24978,3825,3,0.8470187783241272,0.8156957626342773,-0.031323015689849854,0,474,549,1463,612,472,517,652
1489,24995,8537,2,0.7679890394210815,0.8497501015663147,0.08176106214523315,1,1688,1727,928,1732,1689,1719,1710
1490,25069,20803,3,0.941623330116272,0.9064398407936096,-0.035183489322662354,0,577,590,1408,675,526,649,682
1491,25110,19052,3,0.9559965133666992,0.9178815484046936,-0.038114964962005615,0,4,166,910,134,3,3,3
1492,25184,22884,2,0.851953387260437,0.9090747833251953,0.0571213960647583,1,1004,1245,671,1273,1062,1055,955
1493,25197,17183,1,0.9519239068031311,0.8496240973472595,-0.10229980945587158,0,172,179,1598,182,182,178,175
1494,25198,5082,1,0.9680923819541931,0.8289685249328613,-0.1391238570213318,0,33,78,1649,70,39,46,45
1495,25245,5847,2,0.8586203455924988,0.8800047039985657,0.021384358406066895,1,143,971,1433,1089,174,214,218
1496,25265,17953,3,0.7841705679893494,0.801471471786499,0.017300903797149658,1,767,1592,1709,1724,816,1127,1199
1497,25268,18542,4,0.9142037034034729,0.8916323184967041,-0.0225713849067688,0,561,525,335,463,565,461,475
1498,25289,13001,2,0.9274619221687317,0.8856527209281921,-0.04180920124053955,0,268,372,1395,378,310,241,173
1499,25300,8410,2,0.8997182846069336,0.8764858245849609,-0.023232460021972656,0,442,332,582,283,552,433,491
1500,25328,13078,2,0.8316192030906677,0.8935750722885132,0.06195586919784546,1,751,1417,959,1505,789,811,763
1501,25329,22355,2,0.9310926795005798,0.9219356775283813,-0.009157001972198486,0,218,677,1032,656,226,159,142
1502,25337,22252,2,0.875186026096344,0.8896376490592957,0.01445162296295166,1,247,858,1438,1019,277,339,326
1503,25339,19835,3,0.9065414071083069,0.9200613498687744,0.01351994276046753,1,513,1081,274,985,465,277,162
1504,25396,19069,3,0.794975996017456,0.8613994121551514,0.06642341613769531,1,520,1340,1181,1524,571,652,690
1505,25397,17369,3,0.9644418954849243,0.8564956188201904,-0.10794627666473389,0,110,239,1617,253,103,93,94
1506,25407,11829,8,0.9106435775756836,0.6725379824638367,-0.23810559511184692,0,132,512,1352,619,149,175,244
1507,25438,21384,5,0.9434953331947327,0.8204911947250366,-0.12300413846969604,0,31,84,889,66,28,25,24
1508,25440,3344,2,0.8685757517814636,0.8766463398933411,0.008070588111877441,1,156,961,1501,1080,217,305,331
1509,25443,3637,2,0.9737104177474976,0.8926286697387695,-0.08108174800872803,0,162,167,1281,71,127,58,56
1510,25453,22826,6,0.9416747093200684,0.7670563459396362,-0.17461836338043213,0,50,41,1622,46,44,63,87
1511,25462,21436,2,0.8801236152648926,0.8798301219940186,-0.00029349327087402344,0,472,711,503,554,400,276,254
1512,25485,19663,3,0.8635412454605103,0.8544789552688599,-0.00906229019165039,0,1575,504,1236,564,1618,1649,1658
1513,25490,20564,2,0.8842883110046387,0.916103184223175,0.03181487321853638,1,710,1168,460,1107,772,643,485
1514,25492,21146,2,0.9164649844169617,0.9123436212539673,-0.004121363162994385,0,742,656,772,646,711,673,682
1515,25518,3726,3,0.8973281383514404,0.8903450965881348,-0.006983041763305664,0,1141,624,859,601,1080,1119,1144
1516,25532,3382,2,0.7952760457992554,0.8970618844032288,0.10178583860397339,1,200,1736,832,1739,230,208,149
1517,25605,9388,3,0.8938989043235779,0.7956697940826416,-0.09822911024093628,0,2,18,1493,18,2,4,4
1518,25607,9388,3,0.9709766507148743,0.7930811643600464,-0.17789548635482788,0,3,3,1620,3,3,3,3
1519,25609,3396,2,0.7944865226745605,0.8464823365211487,0.051995813846588135,1,1587,733,673,671,1588,1599,1630
1520,25612,13511,1,0.9487139582633972,0.8473713994026184,-0.10134255886077881,0,114,204,1537,193,194,176,179
1521,25629,10362,4,0.9532013535499573,0.8567067384719849,-0.09649461507797241,0,157,26,1047,21,124,56,75
1522,25657,3415,3,0.8815411329269409,0.8851795196533203,0.0036383867263793945,1,982,1069,746,1082,961,948,981
1523,25658,9868,2,0.906970739364624,0.9345266222953796,0.027555882930755615,1,703,1147,752,1147,630,590,522
1524,25687,22642,2,0.8351200819015503,0.8408578634262085,0.005737781524658203,1,529,658,1302,724,506,567,686
1525,25689,19835,7,0.9172042608261108,0.8294677138328552,-0.08773654699325562,0,1026,1196,763,1188,827,814,805
1526,25694,22958,2,0.9457458257675171,0.8294098377227783,-0.11633598804473877,0,176,11,1687,9,173,265,314
1527,25708,14877,3,0.9139701724052429,0.9323081970214844,0.018338024616241455,1,499,819,541,767,521,450,403
1528,25714,9384,2,0.8119277358055115,0.8580748438835144,0.04614710807800293,1,1184,1392,198,1322,1271,1125,1114
1529,25771,16586,2,0.8690322637557983,0.8673542141914368,-0.0016780495643615723,0,363,699,1063,768,349,344,299
1530,25789,3485,4,0.7655252814292908,0.8441909551620483,0.07866567373275757,1,1600,1597,681,1568,1561,1571,1553
1531,25792,15648,2,0.9929074645042419,0.793481707572937,-0.19942575693130493,0,12,4,1727,2,5,10,11
1532,25862,5520,4,0.9322180151939392,0.7891823053359985,-0.14303570985794067,0,20,45,1774,66,29,48,65
1533,25867,11106,1,0.6996966600418091,0.8645211458206177,0.1648244857788086,1,1129,914,1303,1104,872,1041,979
1534,25885,22472,4,0.8705949783325195,0.9064254760742188,0.03583049774169922,1,1177,676,153,599,1192,979,1027
1535,25900,19526,2,0.9282593131065369,0.8541795015335083,-0.07407981157302856,0,4,286,1642,334,4,6,5
1536,25938,6195,5,0.9373526573181152,0.7980571389198303,-0.1392955183982849,0,267,176,1282,126,263,221,245
1537,26003,22144,2,0.8960608839988708,0.8519105315208435,-0.044150352478027344,0,464,66,1476,67,434,509,598
1538,26008,3712,6,0.8467391729354858,0.8346600532531738,-0.012079119682312012,0,1107,1249,208,1175,1087,843,730
1539,26035,6656,2,0.8363808393478394,0.8949186205863953,0.05853778123855591,1,1561,1345,290,1244,1518,1426,1406
1540,26041,15998,2,0.9627505540847778,0.8438677191734314,-0.11888283491134644,0,36,89,1578,74,47,34,32
1541,26065,14871,3,0.8395397663116455,0.872560977935791,0.03302121162414551,1,793,557,377,482,576,501,445
1542,26085,21685,2,0.8132118582725525,0.855668306350708,0.04245644807815552,1,1097,1441,1090,1530,1048,1121,1041
1543,26090,20805,2,0.887677013874054,0.8468359708786011,-0.04084104299545288,0,263,554,1525,654,256,258,261
1544,26130,19913,3,0.7658484578132629,0.8496403098106384,0.08379185199737549,1,1179,1415,529,1395,1110,1077,1120
1545,26156,18394,6,0.8555161952972412,0.8360589146614075,-0.01945728063583374,0,1339,844,509,799,1334,1297,1336
1546,26202,18061,2,0.8720108270645142,0.9172295331954956,0.045218706130981445,1,1365,837,118,605,1275,1054,1079
1547,26209,22929,4,0.9622098803520203,0.8782429695129395,-0.08396691083908081,0,288,105,889,94,234,228,253
1548,26220,10861,3,0.8723729252815247,0.894343376159668,0.02197045087814331,1,876,941,288,781,876,699,666
1549,26230,8044,2,0.8684343695640564,0.9016589522361755,0.03322458267211914,1,1689,975,82,847,1677,1631,1594
1550,26233,6714,2,0.9137993454933167,0.8420898914337158,-0.07170945405960083,0,402,354,1556,392,405,504,617
1551,26234,6497,2,0.8378999829292297,0.9150221347808838,0.07712215185165405,1,776,1653,223,1625,717,501,428
1552,26241,16198,3,0.8348763585090637,0.8056425452232361,-0.029233813285827637,0,284,946,1760,1207,239,525,543
1553,26247,7447,3,0.9215937256813049,0.8564839363098145,-0.06510978937149048,0,76,132,1468,158,54,73,78
1554,26259,23028,2,0.9409508109092712,0.887119472026825,-0.05383133888244629,0,125,219,1542,264,102,125,133
1555,26267,22565,3,0.8614093065261841,0.9093471169471741,0.04793781042098999,1,1206,1197,400,1156,1161,1094,1049
1556,26276,22807,2,0.8429246544837952,0.900649905204773,0.05772525072097778,1,1615,1676,1569,1714,1580,1677,1660
1557,26299,3595,2,0.8198039531707764,0.8164162635803223,-0.0033876895904541016,0,1010,520,302,405,940,766,708
1558,26321,3599,2,0.8794400691986084,0.8496554493904114,-0.02978461980819702,0,207,203,886,191,215,178,217
1559,26349,22714,2,0.918401837348938,0.905712366104126,-0.012689471244812012,0,507,422,479,407,483,434,418
1560,26368,13598,2,0.8833391070365906,0.8810880184173584,-0.0022510886192321777,0,308,454,1278,462,303,323,310
1561,26369,6033,2,0.8033934831619263,0.8039615750312805,0.000568091869354248,1,1057,878,1750,1159,1039,1366,1410
1562,26371,10742,2,0.8572260141372681,0.8799415230751038,0.022715508937835693,1,627,1202,732,1228,561,415,347
1563,26377,9694,5,0.901677668094635,0.8524520397186279,-0.04922562837600708,0,1,547,675,537,1,1,1
1564,26387,7373,2,0.8202347159385681,0.9004230499267578,0.0801883339881897,1,623,1554,1382,1625,858,1034,1044
1565,26394,13046,4,0.9561492800712585,0.8836513161659241,-0.07249796390533447,0,12,118,1312,125,8,8,9
1566,26402,14378,3,0.9763714075088501,0.8714156150817871,-0.10495579242706299,0,3,56,1314,35,5,3,3
1567,26406,22574,2,0.9187613725662231,0.8443107008934021,-0.07445067167282104,0,72,51,1714,62,86,105,122
1568,26437,19112,2,0.8283160328865051,0.8665246963500977,0.03820866346359253,1,887,1493,1246,1543,749,842,882
1569,26448,19900,3,0.9852468967437744,0.8020737171173096,-0.18317317962646484,0,21,43,1758,61,21,27,33
1570,26530,5108,2,0.9104105234146118,0.9026386141777039,-0.007771909236907959,0,772,553,684,500,734,686,698
1571,26532,8504,2,0.8563328385353088,0.8908828496932983,0.0345500111579895,1,188,597,326,488,249,147,179
1572,26534,22821,3,0.8390679359436035,0.8648110032081604,0.025743067264556885,1,28,349,101,225,33,24,24
1573,26580,9479,2,0.8615873456001282,0.784029483795166,-0.07755786180496216,0,57,273,1754,370,68,111,107
1574,26583,5903,3,0.852512538433075,0.8476821184158325,-0.004830420017242432,0,331,580,1449,694,507,625,658
1575,26605,22328,5,0.8467547297477722,0.8497115969657898,0.002956867218017578,1,480,1064,864,1142,593,631,620
1576,26628,4387,3,0.7535869479179382,0.9331640005111694,0.1795770525932312,1,1162,1634,49,1464,928,679,573
1577,26630,22004,2,0.8540201783180237,0.888744592666626,0.034724414348602295,1,1026,1067,921,1069,1003,1003,1052
1578,26674,13481,2,0.8847745060920715,0.8470638990402222,-0.037710607051849365,0,246,132,1703,221,235,396,471
1579,26690,19767,2,0.9510778188705444,0.8840888738632202,-0.06698894500732422,0,15,336,1682,388,13,19,16
1580,26817,21758,2,0.8659232258796692,0.8769018054008484,0.0109785795211792,1,1161,883,1457,1017,1096,1226,1282
1581,26818,18274,2,0.9827757477760315,0.8477200269699097,-0.13505572080612183,0,32,176,1644,173,35,34,43
1582,26819,3762,2,0.9245688915252686,0.858544111251831,-0.0660247802734375,0,146,237,1480,228,168,140,116
1583,26850,21345,3,0.8906012177467346,0.8275278806686401,-0.06307333707809448,0,382,401,1612,489,368,454,412
1584,26854,23031,3,0.8745136857032776,0.9005851149559021,0.02607142925262451,1,1587,1559,330,1496,1565,1501,1413
1585,26857,11685,2,0.9213458895683289,0.8496960997581482,-0.07164978981018066,0,1,41,807,13,1,1,1
1586,26876,22217,3,0.7919065952301025,0.8870776295661926,0.09517103433609009,1,1392,1542,4,1044,1397,810,685
1587,26886,22892,3,0.9493527412414551,0.9020109176635742,-0.04734182357788086,0,754,152,157,80,753,527,591
1588,26952,12394,2,0.8834431171417236,0.8895674347877502,0.006124317646026611,1,142,728,822,725,209,149,86
1589,26973,15590,2,0.9071234464645386,0.8958841562271118,-0.011239290237426758,0,34,507,478,469,112,5,3
1590,27003,11829,2,0.9261482357978821,0.8586907982826233,-0.06745743751525879,0,5,153,1641,213,4,9,8
1591,27006,22480,3,0.945617139339447,0.8112563490867615,-0.13436079025268555,0,73,2,1726,2,75,149,225
1592,27028,18091,2,0.8820242285728455,0.8944513201713562,0.012427091598510742,1,374,833,540,769,359,256,350
1593,27036,3822,3,0.8725446462631226,0.8546825051307678,-0.017862141132354736,0,8,1056,1619,1193,7,15,15
1594,27046,14483,3,0.9433577656745911,0.9112175107002258,-0.032140254974365234,0,21,480,1202,482,23,13,3
1595,27054,15266,6,0.8398150205612183,0.7705099582672119,-0.06930506229400635,0,1,673,920,722,4,1,1
1596,27078,20798,1,0.7590447068214417,0.8199398517608643,0.06089514493942261,1,1534,1081,1582,1303,1529,1617,1584
1597,27079,21724,1,0.8372640013694763,0.8985499739646912,0.061285972595214844,1,776,912,1465,1090,827,1008,1066
1598,27093,21338,1,0.8694525361061096,0.8621752858161926,-0.007277250289916992,0,209,331,1565,374,355,609,557
1599,27126,22144,2,0.9122412800788879,0.8462965488433838,-0.06594473123550415,0,295,72,1574,76,259,350,342
1600,27176,21364,4,0.9478431940078735,0.8096097111701965,-0.138233482837677,0,69,20,1215,8,76,66,83
1601,27193,3865,2,0.8730995059013367,0.9159476161003113,0.04284811019897461,1,1042,703,98,575,1092,806,799
1602,27215,3869,2,0.7239906191825867,0.8626000881195068,0.13860946893692017,1,974,1433,164,1340,1062,897,914
1603,27234,16763,1,0.8392428159713745,0.8952626585960388,0.05601984262466431,1,1167,729,658,701,1171,1172,1231
1604,27261,22929,2,0.9509463310241699,0.8833943605422974,-0.06755197048187256,0,158,149,1547,174,143,206,254
1605,27273,22994,2,0.8601817488670349,0.8985335826873779,0.03835183382034302,1,998,1304,371,1249,955,770,677
1606,27283,17780,3,0.8807402849197388,0.8103778958320618,-0.070362389087677,0,856,118,1320,91,843,988,1080
1607,27284,11696,3,0.907364010810852,0.8530568480491638,-0.05430716276168823,0,185,85,894,77,293,255,337
1608,27312,13482,3,0.8973822593688965,0.8993701338768005,0.0019878745079040527,1,1181,453,173,242,1151,962,1071
1609,27315,21350,5,0.9272157549858093,0.7476856112480164,-0.17953014373779297,0,3,7,1756,18,3,3,3
1610,27344,6982,2,0.7729265093803406,0.9021560549736023,0.12922954559326172,1,1767,1682,178,1658,1769,1770,1769
1611,27366,20517,5,0.9143143892288208,0.854713499546051,-0.059600889682769775,0,613,626,685,609,599,599,597
1612,27385,21350,2,0.7868613004684448,0.8474075794219971,0.060546278953552246,1,621,1536,900,1594,796,789,689
1613,27392,3947,3,0.8387109637260437,0.8454728722572327,0.006761908531188965,1,1112,1287,1122,1397,1285,1424,1477
1614,27396,3948,2,0.8522732853889465,0.7886579036712646,-0.06361538171768188,0,42,44,1759,93,47,97,100
1615,27417,4170,2,0.9087831974029541,0.8998705744743347,-0.008912622928619385,0,1009,512,543,406,913,758,742
1616,27434,5108,2,0.7870197892189026,0.9021787643432617,0.11515897512435913,1,900,1067,794,1084,944,959,875
1617,27437,3955,2,0.7345685958862305,0.840053915977478,0.10548532009124756,1,499,1547,553,1517,641,516,383
1618,27448,22228,4,0.8491965532302856,0.8368858098983765,-0.01231074333190918,0,569,1157,1510,1259,480,627,626
1619,27457,14681,2,0.7355275750160217,0.8720167279243469,0.1364891529083252,1,1411,1595,207,1564,1508,1476,1471
1620,27465,17843,1,0.8797128796577454,0.8658250570297241,-0.01388782262802124,0,896,332,1288,326,831,994,1062
1621,27509,17976,2,0.8428297638893127,0.9289357662200928,0.08610600233078003,1,109,1114,206,991,70,28,16
1622,27511,10229,4,0.9255403876304626,0.8544648885726929,-0.07107549905776978,0,1,78,992,67,1,1,1
1623,27514,21866,2,0.9266324639320374,0.8814114928245544,-0.04522097110748291,0,22,25,1392,33,16,19,23
1624,27533,7305,3,0.8952508568763733,0.8909918069839478,-0.004259049892425537,0,1574,500,432,372,1542,1531,1553
1625,27546,3995,2,0.8592205047607422,0.855555534362793,-0.0036649703979492188,0,630,983,1167,1047,585,650,740
1626,27551,16772,2,0.9854339361190796,0.8251330256462097,-0.16030091047286987,0,10,81,1652,77,12,11,12
1627,27561,10797,4,0.8235082030296326,0.8423575758934021,0.01884937286376953,1,1779,945,118,818,1779,1779,1780
1628,27584,6314,2,0.9710268974304199,0.8375208973884583,-0.13350600004196167,0,149,162,1640,175,170,187,210
1629,27623,4020,2,0.9663934111595154,0.8339118361473083,-0.13248157501220703,0,203,172,1551,167,244,231,239
1630,27687,22943,2,0.9187377691268921,0.8871761560440063,-0.03156161308288574,0,1010,545,1144,525,929,1062,1209
1631,27688,19859,2,0.8547665476799011,0.872251570224762,0.01748502254486084,1,1232,1183,1434,1456,1181,1350,1390
1632,27690,5745,4,0.9452887177467346,0.8146218657493591,-0.1306668519973755,0,240,80,1577,67,214,257,307
1633,27691,10077,3,0.7294551134109497,0.787371814250946,0.05791670083999634,1,1324,1653,925,1716,1306,1382,1298
1634,27694,4045,2,0.8224802613258362,0.8924778699874878,0.06999760866165161,1,1459,1149,169,1031,1466,1352,1358
1635,27695,21282,3,0.8728452920913696,0.8493013978004456,-0.023543894290924072,0,1204,763,1165,826,1190,1308,1405
1636,27723,6269,2,0.9481306076049805,0.8454323410987854,-0.10269826650619507,0,71,113,1668,149,58,66,68
1637,27750,12454,2,0.9325343370437622,0.9468092322349548,0.014274895191192627,1,983,760,135,612,845,497,485
1638,27784,19913,2,0.8301572799682617,0.8423919081687927,0.012234628200531006,1,335,1101,1434,1228,293,368,295
1639,27790,22932,3,0.9109323620796204,0.8881067633628845,-0.02282559871673584,0,1144,531,631,492,1070,1006,1012
1640,27815,21742,2,0.9622417092323303,0.8763091564178467,-0.08593255281448364,0,198,351,1474,354,183,122,110
1641,27868,14417,2,0.9365935325622559,0.8761178851127625,-0.06047564744949341,0,104,138,1693,190,70,108,113
1642,27871,4133,5,0.8767351508140564,0.7909269332885742,-0.08580821752548218,0,1176,1043,1547,1190,1136,1341,1378
1643,27888,21021,2,0.9201310873031616,0.878470778465271,-0.041660308837890625,0,301,210,1506,248,286,361,366
1644,27897,22453,3,0.924039900302887,0.8538016080856323,-0.07023829221725464,0,587,57,1056,45,599,604,751
1645,27915,14062,3,0.8786596059799194,0.9202788472175598,0.04161924123764038,1,1248,1302,574,1314,1185,1154,1174
1646,27927,13376,2,0.9149710536003113,0.9077491164207458,-0.00722193717956543,0,650,177,901,218,619,620,639
1647,27960,16616,2,0.8830401301383972,0.949644148349762,0.06660401821136475,1,642,1276,94,1020,632,291,206
1648,27996,18274,2,0.8662121295928955,0.8719289302825928,0.005716800689697266,1,709,1175,1434,1295,774,921,933
1649,28019,20753,2,0.9687924981117249,0.8202420473098755,-0.14855045080184937,0,20,100,1674,114,27,32,28
1650,28052,21446,2,0.7869617342948914,0.8750555515289307,0.0880938172340393,1,1429,1538,1013,1615,1454,1513,1504
1651,28056,17693,1,0.9154302477836609,0.8951648473739624,-0.020265400409698486,0,26,119,1701,125,28,29,25
1652,28068,10151,2,0.7407308220863342,0.8447884321212769,0.10405761003494263,1,1418,1682,499,1694,1365,1347,1249
1653,28109,6037,3,0.9628234505653381,0.8331396579742432,-0.12968379259109497,0,2,15,1556,12,2,2,2
1654,28151,6716,2,0.8478752970695496,0.8818907141685486,0.03401541709899902,1,835,1190,812,1242,967,963,998
1655,28157,19837,3,0.8647783398628235,0.9267410635948181,0.06196272373199463,1,483,1467,477,1372,549,431,305
1656,28162,8589,3,0.8972866535186768,0.9361251592636108,0.03883850574493408,1,1006,894,41,680,950,556,484
1657,28164,17122,2,0.9280056953430176,0.8615949153900146,-0.06641077995300293,0,706,377,1417,374,480,575,761
1658,28177,4284,3,0.9266964793205261,0.8907156586647034,-0.035980820655822754,0,4,235,885,243,1,2,2
1659,28212,22701,2,0.8359793424606323,0.8687363862991333,0.03275704383850098,1,1111,1118,478,1093,1167,1084,1135
1660,28219,6020,5,0.8162999749183655,0.8165327310562134,0.0002327561378479004,1,1628,1223,696,1191,1587,1588,1610
1661,28222,21758,2,0.857265830039978,0.8779193162918091,0.020653486251831055,1,315,372,1484,446,340,417,454
1662,28302,15571,3,0.8928610682487488,0.8215694427490234,-0.07129162549972534,0,13,20,1494,21,13,20,23
1663,28353,8812,3,0.8330714702606201,0.8572596907615662,0.024188220500946045,1,454,1058,1111,1119,487,534,523
1664,28374,21491,3,0.8925206661224365,0.9340189099311829,0.04149824380874634,1,1268,1130,168,976,1186,904,824
1665,28390,7170,3,0.9188433289527893,0.8728286623954773,-0.04601466655731201,0,400,439,1263,438,386,371,356
1666,28392,4365,3,0.9053780436515808,0.9085037112236023,0.0031256675720214844,1,515,1029,915,1052,531,503,453
1667,28403,19563,4,0.8499476909637451,0.8577210903167725,0.007773399353027344,1,1574,1421,583,1341,1538,1520,1513
1668,28422,15439,8,0.9645366668701172,0.68697190284729,-0.27756476402282715,0,13,28,993,32,13,16,17
1669,28423,22774,3,0.9585157036781311,0.9196411371231079,-0.03887456655502319,0,623,214,240,135,527,289,291
1670,28426,20054,3,0.8809030055999756,0.9268500804901123,0.04594707489013672,1,1399,1118,167,1017,1317,1123,1157
1671,28482,5967,2,0.7694973349571228,0.8795694708824158,0.11007213592529297,1,1727,1777,72,1776,1726,1712,1689
1672,28496,11069,2,0.8749704360961914,0.8289572596549988,-0.04601317644119263,0,68,231,1642,339,61,177,187
1673,28501,21699,3,0.9773149490356445,0.8007040619850159,-0.17661088705062866,0,141,66,1731,88,119,189,216
1674,28504,16291,2,0.9353653192520142,0.861483097076416,-0.07388222217559814,0,26,183,1519,179,19,16,16
1675,28522,21101,1,0.8411733508110046,0.9288586378097534,0.08768528699874878,1,1384,1581,825,1635,1225,1267,1173
1676,28548,17822,3,0.9077773690223694,0.8358818292617798,-0.0718955397605896,0,184,368,1747,489,180,313,373
1677,28551,18052,2,0.9483729004859924,0.8425416946411133,-0.10583120584487915,0,20,31,1755,35,18,23,25
1678,28556,21338,3,0.8910490274429321,0.8759411573410034,-0.015107870101928711,0,365,537,475,479,365,205,136
1679,28607,6378,2,0.8697993159294128,0.9006108045578003,0.03081148862838745,1,1506,1650,288,1579,1424,1348,1254
1680,28625,20923,2,0.8113169074058533,0.8608466386795044,0.04952973127365112,1,1665,1343,658,1344,1634,1659,1621
1681,28676,4438,2,0.8660535216331482,0.8756818771362305,0.009628355503082275,1,896,1112,1374,1275,846,997,913
1682,28716,11690,2,0.8748287558555603,0.8807582259178162,0.005929470062255859,1,691,720,851,708,793,768,735
1683,28737,22929,1,0.8319603204727173,0.9031686186790466,0.07120829820632935,1,775,890,729,882,886,893,915
1684,28751,5900,2,0.8566144704818726,0.8235260844230652,-0.03308838605880737,0,1659,311,1472,346,1654,1705,1712
1685,28757,22194,2,0.7775708436965942,0.893460214138031,0.11588937044143677,1,1631,1750,66,1663,1627,1496,1420
1686,28773,20919,1,0.8744651675224304,0.9109790921211243,0.03651392459869385,1,511,558,1240,572,516,554,542
1687,28781,22267,2,0.8664160370826721,0.8737832903862,0.007367253303527832,1,655,606,1087,654,596,628,622
1688,28839,21775,2,0.8439043164253235,0.8632818460464478,0.019377529621124268,1,473,1231,1324,1311,473,575,475
1689,28868,16859,2,0.9464473724365234,0.8374294638633728,-0.10901790857315063,0,172,24,1624,15,166,180,211
1690,28891,22945,5,0.8826760053634644,0.8939497470855713,0.011273741722106934,1,887,1285,103,1010,839,605,518
1691,28902,5963,2,0.8264014720916748,0.8651543259620667,0.038752853870391846,1,1070,1254,1111,1316,1100,1138,1145
1692,28914,10165,2,0.8720276355743408,0.9004048109054565,0.028377175331115723,1,426,654,188,552,452,336,225
1693,28938,22772,3,0.8379058837890625,0.9080352187156677,0.07012933492660522,1,877,824,719,820,820,804,791
1694,28974,9532,3,0.7997156977653503,0.8944723606109619,0.09475666284561157,1,1747,1761,13,1748,1747,1710,1668
1695,28989,19015,1,0.8617278337478638,0.902778148651123,0.04105031490325928,1,534,607,824,576,543,488,504
1696,29004,17841,2,0.9288406372070312,0.8528928160667419,-0.0759478211402893,0,284,107,1608,131,250,332,326
1697,29008,23029,2,0.8740636110305786,0.8912085890769958,0.017144978046417236,1,249,960,1382,1044,236,299,303
1698,29016,21724,2,0.9292579293251038,0.8886170983314514,-0.040640830993652344,0,505,487,1413,523,504,597,623
1699,29075,21624,2,0.985641360282898,0.8288602232933044,-0.1567811369895935,0,5,51,1624,43,5,4,4
1700,29095,4611,3,0.9844158887863159,0.8155786991119385,-0.16883718967437744,0,17,3,1659,3,17,21,27
1701,29113,21751,1,0.9027953147888184,0.9195556640625,0.01676034927368164,1,507,664,1123,662,508,530,547
1702,29131,21652,2,0.9176011681556702,0.8773523569107056,-0.0402488112449646,0,1,35,276,19,1,1,1
1703,29138,8021,3,0.8551127910614014,0.8772657513618469,0.022152960300445557,1,1631,1626,317,1611,1618,1587,1594
1704,29152,20082,3,0.9242125153541565,0.863388180732727,-0.06082433462142944,0,95,95,1022,107,119,130,117
1705,29219,15020,2,0.9525339007377625,0.824580729007721,-0.1279531717300415,0,1,1,1528,1,1,1,1
1706,29259,20781,4,0.847644567489624,0.8991748094558716,0.05153024196624756,1,1433,1416,149,1277,1416,1281,1194
1707,29270,16085,1,0.7735429406166077,0.8992976546287537,0.125754714012146,1,1176,1280,325,1234,1144,1031,1000
1708,29287,21915,2,0.9127691984176636,0.8838685154914856,-0.02890068292617798,0,580,676,1774,976,524,876,970
1709,29302,22862,3,0.9074050784111023,0.8392075300216675,-0.06819754838943481,0,790,74,725,50,740,706,785
1710,29344,15063,4,0.860621988773346,0.8475366234779358,-0.013085365295410156,0,961,885,1307,991,781,912,944
1711,29362,21639,2,0.8745908737182617,0.9343744516372681,0.05978357791900635,1,730,741,443,690,636,558,462
1712,29370,22874,2,0.7553331851959229,0.8624441027641296,0.10711091756820679,1,1315,1427,751,1476,1412,1437,1432
1713,29436,19814,2,0.8432554602622986,0.8923290371894836,0.04907357692718506,1,1056,984,391,905,847,750,811
1714,29444,9018,2,0.9597269892692566,0.8264032006263733,-0.1333237886428833,0,214,80,1568,65,164,170,196
1715,29504,15682,3,0.9363098740577698,0.8823145031929016,-0.053995370864868164,0,2,118,1306,124,2,1,1
1716,29509,22228,2,0.7707464694976807,0.870185375213623,0.09943890571594238,1,951,1370,995,1500,831,908,931
1717,29553,23005,2,0.9276740550994873,0.9057906866073608,-0.021883368492126465,0,244,462,1187,452,235,196,174
1718,29689,9075,2,0.8511924743652344,0.8212980628013611,-0.02989441156387329,0,1158,396,1160,340,1185,1325,1472
1719,29693,15674,3,0.847609281539917,0.8684836030006409,0.020874321460723877,1,1594,1395,621,1362,1647,1672,1670
1720,29720,4878,2,0.8742403984069824,0.8811939358711243,0.006953537464141846,1,445,431,1397,446,429,485,531
1721,29728,14312,2,0.8811106085777283,0.890135645866394,0.009025037288665771,1,515,851,154,660,571,401,358
1722,29729,19837,3,0.8827670812606812,0.9258074760437012,0.04304039478302002,1,549,1257,473,1199,590,473,345
1723,29741,9164,2,0.9188327789306641,0.8969686627388,-0.021864116191864014,0,1,25,194,20,1,1,1
1724,29746,22884,2,0.9460972547531128,0.9037765860557556,-0.04232066869735718,0,72,207,993,173,62,59,56
1725,29759,17613,2,0.8233785629272461,0.8883757591247559,0.06499719619750977,1,1140,1073,721,1083,1078,1082,1094
1726,29776,4907,2,0.9165925979614258,0.776131272315979,-0.14046132564544678,0,34,16,1779,18,22,45,65
1727,29780,22826,2,0.926884114742279,0.8832747340202332,-0.0436093807220459,0,659,79,915,78,573,556,585
1728,29791,4920,2,0.8795790076255798,0.8504107594490051,-0.029168248176574707,0,805,343,385,256,805,660,748
1729,29798,21775,3,0.8612385392189026,0.8525921702384949,-0.008646368980407715,0,57,379,1446,468,85,108,92
1730,29815,22740,3,0.9110247492790222,0.8356252312660217,-0.07539951801300049,0,263,180,1658,295,262,390,497
1731,29851,21900,3,0.8483613729476929,0.8994177579879761,0.0510563850402832,1,1680,1452,15,928,1693,1491,1401
1732,29857,13106,3,0.9603508114814758,0.8550946712493896,-0.10525614023208618,0,84,28,899,28,65,53,53
1733,29888,4952,2,0.8687618374824524,0.8809779286384583,0.01221609115600586,1,556,357,268,252,484,300,309
1734,29916,22004,2,0.8213831782341003,0.8936964869499207,0.07231330871582031,1,1132,1621,572,1638,1206,1177,1093
1735,29935,19454,2,0.8844939470291138,0.8818693161010742,-0.0026246309280395508,0,611,361,1023,351,655,630,657
1736,29976,12079,3,0.7988367676734924,0.8436779975891113,0.044841229915618896,1,1356,1675,201,1613,1345,1131,1008
1737,29984,19819,1,0.840773344039917,0.9054904580116272,0.0647171139717102,1,852,507,524,465,724,646,722
1738,29988,10633,2,0.9392968416213989,0.8789988160133362,-0.060298025608062744,0,1,40,987,19,1,1,1
1739,29997,17122,2,0.8449381589889526,0.8875358700752258,0.04259771108627319,1,1152,749,202,598,1061,748,741
1740,30000,21945,2,0.8128252625465393,0.830968976020813,0.01814371347427368,1,929,1562,1390,1681,993,1221,1208
1741,30004,22894,2,0.7871543169021606,0.8748927712440491,0.08773845434188843,1,1548,1093,721,1110,1524,1535,1541
1742,30135,13821,3,0.9763219952583313,0.8413238525390625,-0.1349981427192688,0,50,278,1572,292,46,35,34
1743,30150,19633,1,0.7733628749847412,0.854165256023407,0.08080238103866577,1,820,1376,232,1267,693,517,386
1744,30170,21768,2,0.8743734359741211,0.86137455701828,-0.012998878955841064,0,466,435,1377,451,444,506,587
1745,30202,10890,4,0.9118441939353943,0.8859554529190063,-0.02588874101638794,0,319,903,1408,1045,311,427,409
1746,30229,22932,1,0.939407467842102,0.8818177580833435,-0.057589709758758545,0,156,94,1592,100,162,219,325
1747,30236,22349,2,0.9241255521774292,0.9195879101753235,-0.004537642002105713,0,73,273,1585,331,74,77,72
1748,30239,22996,3,0.8746830224990845,0.8686049580574036,-0.006078064441680908,0,1022,829,296,681,1052,879,878
1749,30261,13591,2,0.8745313882827759,0.8556060791015625,-0.01892530918121338,0,555,607,1357,700,542,646,739
1750,30263,5137,2,0.7910379767417908,0.8660906553268433,0.07505267858505249,1,648,1165,842,1222,641,646,560
1751,30303,12630,2,0.9331710338592529,0.848809540271759,-0.0843614935874939,0,159,21,814,20,152,29,38
1752,30311,17171,3,0.9429364204406738,0.8185901641845703,-0.12434625625610352,0,71,22,1718,21,66,76,90
1753,30367,22703,1,0.9247627258300781,0.8777589797973633,-0.047003746032714844,0,132,109,1398,105,136,145,157
1754,30371,14534,2,0.8638994097709656,0.8605895042419434,-0.003309905529022217,0,545,673,1394,746,549,615,501
1755,30377,19474,2,0.911444902420044,0.8592596054077148,-0.0521852970123291,0,206,388,1511,483,212,195,154
1756,30397,13296,2,0.7497400641441345,0.8512150049209595,0.10147494077682495,1,91,1374,623,1397,131,88,41
1757,30398,6105,1,0.7162728905677795,0.8875726461410522,0.1712997555732727,1,727,1521,593,1485,806,760,716
1758,30423,13448,3,0.9163804054260254,0.822848916053772,-0.09353148937225342,0,348,374,1758,440,327,452,530
1759,30442,19160,2,0.9058991074562073,0.8478154540061951,-0.05808365345001221,0,9,407,1728,479,9,20,21
1760,30448,19352,4,0.8969913125038147,0.8405501842498779,-0.05644112825393677,0,433,890,1615,1055,465,633,774
1761,30469,11591,2,0.9101983904838562,0.8724834322929382,-0.03771495819091797,0,2,113,1024,97,2,3,3
1762,30568,10403,3,0.7851657867431641,0.8417310118675232,0.05656522512435913,1,1178,1645,1261,1674,1272,1375,1309
1763,30634,20376,4,0.9667900204658508,0.7861209511756897,-0.18066906929016113,0,7,2,1280,2,6,7,8
1764,30668,22837,2,0.812989354133606,0.8642707467079163,0.0512813925743103,1,922,1244,655,1250,1026,1002,986
1765,30675,20282,2,0.939894437789917,0.8651914000511169,-0.07470303773880005,0,149,44,1318,31,125,124,167
1766,30676,18272,2,0.8598036170005798,0.8734020590782166,0.013598442077636719,1,1204,1031,1048,1093,1298,1358,1395
1767,30680,18807,3,0.9291356801986694,0.9118720293045044,-0.01726365089416504,0,398,424,676,354,385,297,362
1768,30686,17517,3,0.8715366721153259,0.9288752675056458,0.057338595390319824,1,1465,1264,91,985,1049,720,666
1769,30723,15850,2,0.9128669500350952,0.8876203298568726,-0.025246620178222656,0,229,413,1172,400,213,188,188
1770,30737,21505,2,0.865159809589386,0.8856165409088135,0.02045673131942749,1,246,801,1484,942,172,239,185
1771,30750,16960,1,0.7409263849258423,0.8498270511627197,0.10890066623687744,1,1021,1204,882,1278,891,926,894
1772,30764,22550,1,0.8691170811653137,0.8837714791297913,0.014654397964477539,1,409,163,887,156,335,335,367
1773,30780,22892,1,0.8576492071151733,0.8991276025772095,0.04147839546203613,1,1689,852,464,723,1638,1627,1620
1774,30826,10817,2,0.8062995076179504,0.8502309322357178,0.043931424617767334,1,1032,1483,1114,1618,1041,1130,1192
1775,30851,20177,2,0.8768302202224731,0.8564931154251099,-0.02033710479736328,0,645,386,1757,620,585,980,1074
1776,30941,18794,2,0.8406943678855896,0.8664690852165222,0.025774717330932617,1,718,1568,1636,1666,832,1099,999
1777,30948,21947,4,0.9551853537559509,0.8173403739929199,-0.137844979763031,0,4,35,1614,27,5,5,7
1778,30951,22975,1,0.930653989315033,0.887736976146698,-0.04291701316833496,0,56,137,1120,113,52,41,39
1779,30971,7388,2,0.9014973044395447,0.8936598300933838,-0.007837474346160889,0,331,330,1746,495,228,394,446
1780,31018,5520,4,0.9129893779754639,0.7930766940116882,-0.11991268396377563,0,210,214,1734,277,190,278,335
1781,31039,23008,1,0.8011117577552795,0.9141110181808472,0.11299926042556763,1,1225,1581,918,1587,1315,1319,1270
1782,31060,16627,3,0.888792872428894,0.8175548911094666,-0.07123798131942749,0,237,398,1636,549,250,309,314
1783,31069,15308,3,0.8750980496406555,0.8723853826522827,-0.0027126669883728027,0,361,1216,888,1215,536,498,385
1784,31095,10403,3,0.8561679720878601,0.831812858581543,-0.02435511350631714,0,1088,535,1420,603,1154,1353,1294
1785,31098,21801,2,0.9560169577598572,0.8724304437637329,-0.08358651399612427,0,373,153,1399,91,343,319,321
1786,31126,23019,3,0.8900774121284485,0.9173585176467896,0.027281105518341064,1,995,1493,1005,1537,901,917,867
1787,31144,21429,3,0.8853148221969604,0.8174959421157837,-0.06781888008117676,0,47,320,1653,383,48,69,77
1788,31160,19010,2,0.906266450881958,0.8663769960403442,-0.03988945484161377,0,750,367,1115,331,639,631,701
1789,31179,22347,3,0.9286096096038818,0.8304834365844727,-0.09812617301940918,0,277,88,1731,158,250,360,436
1790,31201,21222,2,0.9380729794502258,0.8842334747314453,-0.05383950471878052,0,167,103,1692,112,150,212,307
1791,31212,21082,1,0.7774869799613953,0.9173358082771301,0.13984882831573486,1,691,1141,402,1081,850,745,714
1792,31238,22329,3,0.9883026480674744,0.8058905005455017,-0.18241214752197266,0,17,67,1686,61,17,14,14
1793,31240,20604,2,0.8176900148391724,0.8497776389122009,0.032087624073028564,1,1734,1456,1120,1577,1723,1747,1749
1794,31242,18151,2,0.9275892972946167,0.8710474371910095,-0.05654186010360718,0,97,258,1545,289,64,66,81
1795,31244,15643,2,0.9524402618408203,0.9119859337806702,-0.040454328060150146,0,2,45,348,29,2,2,2
1796,31258,9156,3,0.9243764281272888,0.8652617931365967,-0.05911463499069214,0,6,18,1305,31,6,9,11
1797,31282,23012,4,0.9181093573570251,0.8953104019165039,-0.02279895544052124,0,942,1008,560,943,911,823,820
1798,31284,10011,2,0.8810449838638306,0.8925118446350098,0.0114668607711792,1,683,1228,289,1089,743,509,531
1799,31317,12120,1,0.795710563659668,0.8887295722961426,0.09301900863647461,1,816,1011,546,996,961,900,831
1800,31355,16120,3,0.882043719291687,0.8997303247451782,0.01768660545349121,1,1666,617,70,426,1650,1564,1533
1801,31357,21707,3,0.8909769058227539,0.9154650568962097,0.02448815107345581,1,176,1068,1068,1104,183,204,178
1802,31415,22700,2,0.8984129428863525,0.8886504769325256,-0.009762465953826904,0,649,781,512,676,665,545,487
1803,31430,19136,2,0.9684163331985474,0.8150533437728882,-0.15336298942565918,0,5,3,1542,2,5,5,5
1804,31478,13117,2,0.9878432750701904,0.8193960785865784,-0.16844719648361206,0,10,27,1678,23,7,13,12
1805,31494,21351,2,0.8077413439750671,0.9077107310295105,0.09996938705444336,1,611,726,1305,841,463,480,385
1806,31523,19746,1,0.9060528874397278,0.8558564782142639,-0.05019640922546387,0,874,160,1662,199,723,964,1071
1807,31541,17669,6,0.8287215232849121,0.8006701469421387,-0.028051376342773438,0,1281,1094,809,1150,1188,1205,1279
1808,31560,10045,2,0.8224323987960815,0.8806936740875244,0.05826127529144287,1,846,1614,343,1593,952,803,729
1809,31563,21489,1,0.8787844181060791,0.9137240052223206,0.034939587116241455,1,56,500,1228,496,53,44,42
1810,31626,14242,2,0.9486197829246521,0.8647800087928772,-0.0838397741317749,0,19,118,701,39,19,11,11
1811,31633,18213,4,0.9141841530799866,0.8861748576164246,-0.02800929546356201,0,1620,276,185,209,1576,1449,1483
1812,31645,12017,2,0.8126459121704102,0.878617525100708,0.06597161293029785,1,1102,1239,979,1271,1064,1102,1196
1813,31708,20039,2,0.9732319712638855,0.8305456638336182,-0.14268630743026733,0,240,147,1633,147,234,244,235
1814,31731,21583,3,0.9529394507408142,0.8890469670295715,-0.06389248371124268,0,116,154,953,155,97,78,71
1815,31742,22182,1,0.8272689580917358,0.880279541015625,0.05301058292388916,1,1666,859,504,749,1591,1563,1548
1816,31771,13037,2,0.9228231310844421,0.8717827796936035,-0.05104035139083862,0,14,40,941,30,24,13,18
1817,31808,22981,3,0.871373176574707,0.8799014091491699,0.00852823257446289,1,885,872,135,709,872,678,577
1818,31841,20012,3,0.7886857986450195,0.8140830397605896,0.02539724111557007,1,1168,1208,1487,1382,1140,1281,1449
1819,31846,21586,2,0.7524129152297974,0.8212195634841919,0.06880664825439453,1,1197,1746,1148,1757,1204,1255,1191
1820,31851,18059,3,0.8924062252044678,0.8856803178787231,-0.006725907325744629,0,713,1197,1181,1298,741,811,788
1821,31862,22845,2,0.8950947523117065,0.8969175219535828,0.0018227696418762207,1,1030,312,578,246,915,832,879
1822,31912,16518,2,0.8413028120994568,0.9215127825737,0.08020997047424316,1,1669,1648,153,1579,1657,1614,1610
1823,31955,22884,5,0.9329454898834229,0.8732245564460754,-0.05972093343734741,0,740,694,417,620,705,505,468
1824,32000,6656,2,0.8700369000434875,0.9017719030380249,0.031735002994537354,1,1553,1006,114,860,1551,1442,1406
1825,32037,22168,3,0.9494468569755554,0.8792276978492737,-0.07021915912628174,0,165,137,991,120,138,130,149
1826,32046,20666,3,0.9258907437324524,0.8420226573944092,-0.08386808633804321,0,285,188,1451,177,330,315,306
1827,32076,13715,3,0.9142892360687256,0.9080225825309753,-0.006266653537750244,0,9,487,178,360,12,2,3
1828,32084,23019,2,0.9365375638008118,0.9209004044532776,-0.01563715934753418,0,334,647,1275,711,270,263,339
1829,32097,20793,1,0.8883051872253418,0.9180331230163574,0.029727935791015625,1,1212,545,728,504,931,923,1007
1830,32143,20683,2,0.9961611032485962,0.8070216178894043,-0.1891394853591919,0,10,18,1740,18,9,8,10
1831,32196,22935,3,0.9420027136802673,0.8545454740524292,-0.08745723962783813,0,160,26,1478,27,160,191,279
1832,32197,20705,2,0.9336552023887634,0.8653613328933716,-0.06829386949539185,0,27,53,1411,50,27,24,25
1833,32229,10807,2,0.9144465923309326,0.8653416037559509,-0.04910498857498169,0,77,21,1097,20,81,82,105
1834,32255,8810,6,0.9199437499046326,0.7951418161392212,-0.12480193376541138,0,1196,421,1304,448,1135,1263,1333
1835,32284,22703,3,0.8581418395042419,0.8741219639778137,0.015980124473571777,1,495,1042,988,1121,507,506,460
1836,32310,20333,2,0.9521502256393433,0.9136388897895813,-0.03851133584976196,0,496,323,648,167,530,450,438
1837,32318,22116,2,0.8668797016143799,0.9229781627655029,0.05609846115112305,1,651,1435,944,1510,668,672,639
1838,32331,8817,2,0.7935329675674438,0.8714009523391724,0.07786798477172852,1,1548,767,875,778,1518,1572,1567
1839,32347,21586,4,0.8845973610877991,0.7609278559684753,-0.12366950511932373,0,7,76,1773,145,7,14,19
1840,32379,22017,3,0.8121312856674194,0.8849629163742065,0.07283163070678711,1,1732,1154,2,466,1698,1583,1540
1841,32400,22787,3,0.8981556296348572,0.9061057567596436,0.007950127124786377,1,682,675,761,656,595,575,607
1842,32431,18278,1,0.8070694804191589,0.882714033126831,0.07564455270767212,1,1582,1295,162,1122,1591,1521,1525
1843,32447,20127,2,0.8174567222595215,0.8742559552192688,0.056799232959747314,1,566,1326,690,1331,640,532,570
1844,32450,19866,1,0.9266536831855774,0.9157058596611023,-0.010947823524475098,0,18,239,1408,247,16,11,7
1845,32452,21356,3,0.8894689083099365,0.8912277817726135,0.001758873462677002,1,386,891,669,846,253,182,158
1846,32471,21581,3,0.8743261098861694,0.8936949372291565,0.01936882734298706,1,1193,744,448,693,1124,1067,1066
1847,32474,21366,5,0.9221609830856323,0.7962554693222046,-0.12590551376342773,0,138,18,929,21,111,108,147
1848,32485,21368,1,0.6516191363334656,0.8726711869239807,0.22105205059051514,1,1353,1776,63,1778,1405,1321,1241
1849,32494,21417,2,0.8490493893623352,0.915556788444519,0.06650739908218384,1,1329,847,551,823,1290,1263,1256
1850,32506,17112,3,0.8447284698486328,0.8484368920326233,0.0037084221839904785,1,67,1264,1259,1313,76,87,77
1851,32539,18180,2,0.8974263072013855,0.8634178638458252,-0.0340084433555603,0,483,173,1322,176,463,514,569
1852,32558,13396,2,0.8784957528114319,0.9300193190574646,0.051523566246032715,1,352,657,850,619,406,357,305
1853,32610,20656,3,0.8941187858581543,0.8538691997528076,-0.04024958610534668,0,282,302,906,277,259,245,254
1854,32617,16159,3,0.8696167469024658,0.8894170522689819,0.019800305366516113,1,1486,1265,779,1222,1554,1568,1559
1855,32625,16653,2,0.8976404070854187,0.8960424065589905,-0.0015980005264282227,0,528,694,1309,809,517,587,557
1856,32645,21221,2,0.9486189484596252,0.9271032214164734,-0.021515727043151855,0,1,147,625,130,1,1,1
1857,32647,22021,2,0.810198962688446,0.9153347611427307,0.10513579845428467,1,807,613,536,580,809,722,770
1858,32657,22980,3,0.9043816924095154,0.8856950998306274,-0.01868659257888794,0,480,486,995,516,350,365,411
1859,32663,21736,2,0.9163585901260376,0.862916111946106,-0.05344247817993164,0,18,287,1499,300,18,15,15
1860,32711,10875,2,0.9105743169784546,0.8554725050926208,-0.05510181188583374,0,167,39,625,24,109,62,59
1861,32730,9569,2,0.8503025770187378,0.872961163520813,0.022658586502075195,1,223,495,1640,644,191,242,255
1862,32772,11125,5,0.868172287940979,0.8500350713729858,-0.018137216567993164,0,937,1186,887,1247,816,824,800
1863,32847,10411,2,0.8007179498672485,0.865520715713501,0.06480276584625244,1,953,1228,457,1164,1078,995,1015
1864,32860,22973,1,0.7677533030509949,0.8750541806221008,0.10730087757110596,1,1041,721,1105,818,1067,1083,1032
1865,32861,14261,1,0.7669346928596497,0.8647239804267883,0.09778928756713867,1,1224,691,757,669,1246,1277,1355
1866,32878,19231,2,0.916556715965271,0.8141660690307617,-0.10239064693450928,0,5,114,1479,70,5,4,5
1867,32882,16612,3,0.8936490416526794,0.9132862091064453,0.01963716745376587,1,1004,627,999,638,799,852,772
1868,32913,22144,4,0.879102349281311,0.836289644241333,-0.04281270503997803,0,540,627,1076,667,475,481,533
1869,32923,22968,2,0.9178740978240967,0.9523641467094421,0.03449004888534546,1,614,1194,600,1185,644,580,530
1870,32956,21060,1,0.8713048696517944,0.9188485741615295,0.04754370450973511,1,1014,686,979,640,1074,1152,1231
1871,32965,21982,2,0.865531861782074,0.8679513931274414,0.0024195313453674316,1,1469,611,1098,605,1432,1463,1460
1872,32989,17231,3,0.9552379250526428,0.8831191658973694,-0.07211875915527344,0,2,110,1296,83,2,1,1
1873,32993,21263,2,0.9195069670677185,0.8857929706573486,-0.03371399641036987,0,712,382,1252,369,485,506,539
1874,33001,20050,1,0.9889997839927673,0.8729493021965027,-0.11605048179626465,0,1,17,1728,16,1,1,1
1875,33026,21096,1,0.9105272889137268,0.9101397395133972,-0.00038754940032958984,0,101,242,1661,298,93,151,203
1876,33027,22997,2,0.8416520357131958,0.8779953122138977,0.036343276500701904,1,1089,880,913,891,1078,1132,1108
1877,33042,22032,2,0.8403719663619995,0.8327732682228088,-0.007598698139190674,0,740,198,63,102,606,304,448
1878,33066,20084,2,0.8417841196060181,0.8602177500724792,0.01843363046646118,1,787,1049,510,1017,811,704,670
1879,33067,23027,3,0.6869006752967834,0.8692531585693359,0.1823524832725525,1,1757,1738,11,1447,1765,1752,1742
1880,33092,19364,2,0.967079222202301,0.8148611783981323,-0.1522180438041687,0,304,94,1667,90,308,356,423
1881,33093,6874,2,0.8269372582435608,0.7730489373207092,-0.05388832092285156,0,1144,10,1774,35,1153,1447,1555
1882,33102,15006,3,0.8248865008354187,0.8131769299507141,-0.01170957088470459,0,1054,1433,1722,1587,1094,1327,1336
1883,33114,22334,2,0.954184889793396,0.8872290253639221,-0.06695586442947388,0,204,38,1214,39,156,163,209
1884,33120,13707,2,0.8863704800605774,0.8919764161109924,0.005605936050415039,1,440,374,1201,354,334,329,368
1885,33146,19786,3,0.8715341091156006,0.887798547744751,0.01626443862915039,1,252,1244,175,1016,294,172,117
1886,33151,6923,2,0.8150817155838013,0.8862991333007812,0.07121741771697998,1,1260,930,1184,1094,1159,1273,1321
1887,33158,21568,2,0.8805353045463562,0.8897541761398315,0.009218871593475342,1,633,838,1364,970,571,682,641
1888,33184,22777,2,0.8960770964622498,0.928154468536377,0.0320773720741272,1,903,907,449,840,826,723,663
1889,33196,6952,2,0.9487866759300232,0.8515050411224365,-0.09728163480758667,0,9,10,1659,14,9,11,12
1890,33226,17424,2,0.8554937839508057,0.8963121175765991,0.04081833362579346,1,1766,1002,22,606,1770,1765,1767
1891,33248,11477,2,0.9694840908050537,0.8355278372764587,-0.13395625352859497,0,280,228,1692,259,285,318,343
1892,33281,17232,2,0.932214617729187,0.8555773496627808,-0.07663726806640625,0,69,30,1696,43,62,78,85
1893,33283,21218,2,0.8922750949859619,0.9070770740509033,0.014801979064941406,1,677,189,830,158,596,528,655
1894,33286,19384,1,0.7455658912658691,0.8355022072792053,0.08993631601333618,1,1291,1521,221,1427,1216,1003,742
1895,33324,9209,2,0.8646559119224548,0.8846407532691956,0.019984841346740723,1,666,1062,1629,1282,643,880,944
1896,33356,21161,6,0.928880512714386,0.8396292924880981,-0.08925122022628784,0,1223,1112,1018,1104,1117,1135,1142
1897,33372,22805,2,0.803916871547699,0.9193158745765686,0.11539900302886963,1,1051,1635,520,1644,1118,1065,881
1898,33383,13315,3,0.8925663828849792,0.8542869687080383,-0.03827941417694092,0,325,302,1187,340,307,336,336
1899,33417,7080,2,0.9737234711647034,0.8154149055480957,-0.15830856561660767,0,1,1,1753,1,1,1,1
1900,33516,10469,3,0.9626366496086121,0.9450530409812927,-0.017583608627319336,0,25,822,378,590,24,14,11
1901,33574,22401,3,0.7548907995223999,0.8624022006988525,0.10751140117645264,1,1338,1761,348,1767,1299,1181,1057
1902,33581,20084,2,0.7329509854316711,0.8835741281509399,0.1506231427192688,1,1013,1748,15,1632,1015,650,564
1903,33614,21230,2,0.8941407203674316,0.9051517844200134,0.011011064052581787,1,69,687,174,527,59,23,16
1904,33619,22957,2,0.9454585909843445,0.8641712069511414,-0.08128738403320312,0,368,133,1584,138,376,500,562
1905,33665,13485,2,0.837288498878479,0.8719635605812073,0.03467506170272827,1,1508,1247,130,943,1407,1152,1123
1906,33668,15212,1,0.9605805277824402,0.8866391181945801,-0.07394140958786011,0,4,41,1704,42,5,4,4
1907,33693,22973,3,0.9266295433044434,0.8739063143730164,-0.052723228931427,0,221,48,572,21,171,110,139
1908,33694,22273,2,0.7880063652992249,0.8820511102676392,0.0940447449684143,1,1675,1569,14,1263,1544,1124,1107
1909,33695,16653,2,0.897463321685791,0.890682578086853,-0.006780743598937988,0,208,487,1568,591,212,271,240
1910,33723,14172,4,0.9571754336357117,0.844815194606781,-0.11236023902893066,0,407,332,1416,331,365,391,434
1911,33747,22701,8,0.8436954021453857,0.7331100106239319,-0.11058539152145386,0,453,1499,538,1438,467,416,432
1912,33764,20688,2,0.9348599314689636,0.8367895483970642,-0.09807038307189941,0,137,39,1692,40,163,293,540
1913,33794,22853,3,0.8790820837020874,0.884373128414154,0.00529104471206665,1,1050,512,207,329,1063,744,869
1914,33824,20518,4,0.8221648335456848,0.8827947974205017,0.060629963874816895,1,1332,1409,540,1382,1262,1204,1137
1915,33846,16539,4,0.9083990454673767,0.8653601408004761,-0.043038904666900635,0,10,583,859,580,16,6,6
1916,33850,22932,2,0.7316637635231018,0.9039638042449951,0.1723000407218933,1,1366,1669,182,1637,1406,1305,1270
1917,33868,18884,3,0.8486050367355347,0.8166338205337524,-0.03197121620178223,0,939,433,1308,514,1002,1122,1128
1918,33870,7460,2,0.9235146641731262,0.850513219833374,-0.0730014443397522,0,337,260,1518,259,302,327,352
1919,33891,22515,1,0.9185718297958374,0.9191328287124634,0.0005609989166259766,1,413,308,486,235,263,181,199
1920,33923,22776,2,0.9483458399772644,0.857391893863678,-0.09095394611358643,0,2,30,1314,27,2,3,3
1921,33930,7514,2,0.8623034954071045,0.8711968660354614,0.008893370628356934,1,396,419,938,364,407,347,345
1922,33944,18094,2,0.852279782295227,0.9015716910362244,0.049291908740997314,1,165,429,993,369,111,129,128
1923,33959,23032,3,0.92733234167099,0.9084890484809875,-0.01884329319000244,0,245,156,178,76,287,134,175
1924,33964,14075,2,0.9114822745323181,0.8838813304901123,-0.02760094404220581,0,252,266,1609,346,215,277,298
1925,33965,22095,5,0.9455632567405701,0.7420327067375183,-0.20353055000305176,0,3,1,1264,1,3,2,3
1926,33997,19251,3,0.9712218046188354,0.898813784122467,-0.07240802049636841,0,2,348,1369,314,2,2,2
1927,33999,21906,2,0.987909197807312,0.8662601709365845,-0.12164902687072754,0,8,243,1478,220,6,3,3
1928,34122,22996,2,0.8820368051528931,0.8688281774520874,-0.013208627700805664,0,193,403,342,301,229,153,150
1929,34124,23011,2,0.8805055618286133,0.8709750771522522,-0.009530484676361084,0,671,364,1068,385,565,574,643
1930,34151,22878,3,0.8913685083389282,0.9111281633377075,0.019759654998779297,1,730,1181,750,1124,845,827,763
1931,34161,17138,2,0.9193540811538696,0.8680515885353088,-0.05130249261856079,0,44,230,1402,181,42,36,36
1932,34196,20180,3,0.908158004283905,0.8820689916610718,-0.026089012622833252,0,218,468,1438,497,228,234,238
1933,34217,21626,2,0.7775815725326538,0.8631883859634399,0.08560681343078613,1,1574,1750,34,1725,1610,1484,1382
1934,34221,20362,2,0.8784946203231812,0.8975318670272827,0.019037246704101562,1,979,372,207,300,1072,775,776
1935,34276,14861,2,0.9268549680709839,0.915814995765686,-0.011039972305297852,0,114,685,982,671,105,94,86
1936,34351,20549,3,0.8817334771156311,0.9308518171310425,0.04911834001541138,1,1010,1642,79,1523,1053,600,497
1937,34361,20411,2,0.8716452121734619,0.9164180755615234,0.04477286338806152,1,1268,1387,43,1132,1372,984,993
1938,34363,18146,2,0.901211142539978,0.8657758235931396,-0.03543531894683838,0,69,312,1276,340,76,105,106
1939,34366,13989,2,0.945174515247345,0.8821448683738708,-0.06302964687347412,0,15,145,1253,136,20,13,14
1940,34381,22941,5,0.9000680446624756,0.8833194971084595,-0.016748547554016113,0,781,1292,276,1220,754,560,380
1941,34459,21206,3,0.9582259654998779,0.8348831534385681,-0.12334281206130981,0,21,273,1606,309,22,19,20
1942,34477,19825,2,0.9396355152130127,0.9195204973220825,-0.020115017890930176,0,2,527,1282,577,3,6,7
1943,34478,15519,1,0.8511422276496887,0.9322385787963867,0.081096351146698,1,1323,704,171,594,1293,1173,1188
1944,34491,22834,2,0.9105395078659058,0.9211091995239258,0.01056969165802002,1,111,300,702,284,105,74,65
1945,34521,15894,3,0.7991237640380859,0.8529818654060364,0.05385810136795044,1,1152,957,445,854,1081,927,1036
1946,34522,9014,2,0.8762515187263489,0.8229554295539856,-0.05329608917236328,0,175,150,1669,194,171,240,262
1947,34529,16799,2,0.9344009160995483,0.9073307514190674,-0.027070164680480957,0,317,352,1121,257,314,241,199
1948,34534,16661,2,0.952002227306366,0.9014374017715454,-0.05056482553482056,0,268,220,1435,222,204,224,250
1949,34544,22997,2,0.8997008800506592,0.8742961883544922,-0.025404691696166992,0,549,604,1193,655,534,563,634
1950,34565,20711,5,0.9101614356040955,0.8387352228164673,-0.07142621278762817,0,426,482,1224,543,410,429,425
1951,34598,14215,6,0.8082476854324341,0.741991400718689,-0.06625628471374512,0,1120,933,885,964,1090,1111,1133
1952,34606,22996,2,0.8839377760887146,0.8687242269515991,-0.015213549137115479,0,317,291,365,226,373,253,221
1953,34609,13693,2,0.9961915612220764,0.7804399728775024,-0.21575158834457397,0,1,8,1773,9,1,1,1
1954,34618,20792,2,0.8782915472984314,0.8264893293380737,-0.051802217960357666,0,646,275,1143,139,661,689,667
1955,34631,10393,2,0.8470146059989929,0.9010095000267029,0.05399489402770996,1,1250,758,998,784,1159,1212,1197
1956,34636,8171,2,0.813252866268158,0.7997312545776367,-0.01352161169052124,0,535,630,343,484,666,497,656
1957,34643,17369,3,0.987820565700531,0.8469246029853821,-0.14089596271514893,0,17,257,1582,266,18,19,20
1958,34659,19415,2,0.8828822374343872,0.8637567162513733,-0.019125521183013916,0,17,317,1678,426,20,25,28
1959,34670,10580,2,0.873403787612915,0.8727123737335205,-0.0006914138793945312,0,17,93,14,34,143,7,10
1960,34691,23018,2,0.8020187020301819,0.9136930108070374,0.11167430877685547,1,1291,1494,500,1498,1324,1307,1275
1961,34714,11970,2,0.9445508718490601,0.866524338722229,-0.07802653312683105,0,519,249,1593,262,420,540,658
1962,34776,12981,2,0.8627220988273621,0.8644203543663025,0.0016982555389404297,1,346,471,1702,653,299,470,479
1963,34831,23021,2,0.9209305644035339,0.8931689858436584,-0.02776157855987549,0,101,341,1151,318,118,89,97
1964,34833,18069,2,0.9395378828048706,0.8799801468849182,-0.05955773591995239,0,119,304,1127,276,127,76,65
1965,34845,8398,4,0.8779705166816711,0.8203142881393433,-0.05765622854232788,0,93,83,1255,111,132,180,240
1966,34849,15381,3,0.8943379521369934,0.8797670602798462,-0.014570891857147217,0,348,475,1476,531,355,436,392
1967,34858,21757,2,0.9669554829597473,0.8601486086845398,-0.10680687427520752,0,101,251,1501,237,85,38,38
1968,34891,22228,1,0.7698510885238647,0.8766400814056396,0.1067889928817749,1,641,1334,718,1385,687,657,604
1969,34964,18291,2,0.8541377186775208,0.8404971361160278,-0.01364058256149292,0,563,815,920,804,632,585,528
1970,34971,8529,2,0.9633265137672424,0.8943443298339844,-0.06898218393325806,0,219,127,1508,149,182,228,248
1971,34978,11648,3,0.9539853930473328,0.8754658102989197,-0.07851958274841309,0,89,351,1554,360,84,78,70
1972,34980,22958,2,0.7605279684066772,0.8328753113746643,0.07234734296798706,1,993,441,1632,619,785,1082,1040
1973,35001,17817,3,0.9667212963104248,0.9063819050788879,-0.060339391231536865,0,6,135,421,72,6,4,4
1974,35011,21459,2,0.9240522384643555,0.905784010887146,-0.018268227577209473,0,669,416,546,343,511,411,601
1975,35071,12749,3,0.9098562598228455,0.8369052410125732,-0.07295101881027222,0,283,305,1473,316,284,280,301
1976,35078,17021,2,0.8514797687530518,0.8898202776908875,0.03834050893783569,1,1682,1331,242,1173,1716,1703,1704
1977,35096,21789,2,0.908602774143219,0.8446139097213745,-0.06398886442184448,0,8,54,1313,61,7,8,11
1978,35195,23029,2,0.8481377363204956,0.894520103931427,0.046382367610931396,1,472,1244,990,1313,562,539,466
1979,35201,22610,2,0.8954761028289795,0.846010148525238,-0.049465954303741455,0,45,171,666,66,86,33,48
1980,35213,18430,2,0.918206512928009,0.913003146648407,-0.005203366279602051,0,437,802,1577,970,432,591,632
1981,35271,21992,2,0.8197378516197205,0.865203857421875,0.04546600580215454,1,817,1043,799,1064,964,928,800
1982,35273,8916,6,0.9444475173950195,0.84072345495224,-0.10372406244277954,0,593,548,1002,613,562,613,581
1983,35276,21803,2,0.8542032837867737,0.9207109808921814,0.06650769710540771,1,497,1153,381,1045,663,485,440
1984,35300,15323,2,0.85707688331604,0.8499342799186707,-0.007142603397369385,0,1020,682,1750,980,975,1349,1426
1985,35308,16303,2,0.87361079454422,0.8638639450073242,-0.009746849536895752,0,731,487,1449,528,553,692,791
1986,35322,19052,4,0.8884889483451843,0.9048458337783813,0.01635688543319702,1,530,828,989,912,519,520,503
1987,35328,20746,3,0.8791255950927734,0.8583754301071167,-0.02075016498565674,0,1244,777,1323,848,1127,1313,1422
1988,35336,18362,2,0.9063148498535156,0.8685393333435059,-0.037775516510009766,0,456,81,640,41,386,272,309
1989,35344,15932,3,0.88664311170578,0.8780186176300049,-0.008624494075775146,0,308,692,1354,781,290,353,372
1990,35386,21751,1,0.9280779361724854,0.9189578890800476,-0.009120047092437744,0,7,145,1570,153,8,7,7
1991,35402,19647,1,0.737537682056427,0.8576029539108276,0.12006527185440063,1,1265,1673,648,1714,1279,1276,1194
1992,35404,21326,3,0.9479027986526489,0.856601357460022,-0.09130144119262695,0,494,21,1125,24,460,405,496
1993,35412,20158,2,0.9210780262947083,0.8934498429298401,-0.027628183364868164,0,61,153,1619,190,58,59,63
1994,35443,23006,4,0.8311784863471985,0.9132980108261108,0.08211952447891235,1,1537,1715,12,1545,1619,1439,1348
1995,35463,12626,1,0.7466604113578796,0.8615582585334778,0.11489784717559814,1,1588,1503,123,1414,1591,1544,1502
1996,35466,22603,2,0.8301453590393066,0.8492962718009949,0.019150912761688232,1,641,784,1073,818,745,762,652
1997,35477,19652,2,0.7456974387168884,0.8842507600784302,0.13855332136154175,1,1591,1048,452,1010,1584,1589,1623
1998,35489,16546,2,0.8367564082145691,0.8823585510253906,0.04560214281082153,1,1456,1612,449,1613,1462,1448,1449
1999,35530,15398,2,0.8761893510818481,0.8767569065093994,0.0005675554275512695,1,106,629,1519,741,135,180,218
2000,35532,13811,3,0.9314074516296387,0.8710713386535645,-0.06033611297607422,0,160,359,1502,413,155,132,114
2001,35543,21272,2,0.8120012283325195,0.927459180355072,0.11545795202255249,1,1271,1309,74,1095,1216,1047,961
2002,35560,21703,3,0.9782671928405762,0.7572014331817627,-0.22106575965881348,0,6,2,1765,1,5,6,6
2003,35622,15215,2,0.8438902497291565,0.8357759714126587,-0.008114278316497803,0,697,149,1521,140,758,979,1051
2004,35627,22073,1,0.8958057165145874,0.8581909537315369,-0.03761476278305054,0,41,78,1606,99,54,74,87
2005,35685,12544,2,0.9053642153739929,0.8931937217712402,-0.012170493602752686,0,811,355,156,232,634,377,478
2006,35705,15633,3,0.9417950510978699,0.9281845092773438,-0.013610541820526123,0,372,566,1026,587,381,331,225
2007,35707,15339,2,0.8872957229614258,0.9100093841552734,0.022713661193847656,1,665,748,94,502,728,439,463
2008,35710,23018,1,0.6821793913841248,0.9249762296676636,0.24279683828353882,1,1198,1715,157,1703,1348,1274,1214
2009,35716,18548,2,0.9066675901412964,0.8603906035423279,-0.046276986598968506,0,98,143,1550,168,82,113,111
2010,35780,21939,2,0.8619034886360168,0.8951776027679443,0.03327411413192749,1,937,1404,262,1268,964,735,647
2011,35798,12421,2,0.8000612854957581,0.8551462292671204,0.055084943771362305,1,1283,1534,812,1556,1069,1104,1125
2012,35832,12125,2,0.8252689838409424,0.8854295611381531,0.06016057729721069,1,311,992,1355,1201,329,353,302
2013,35860,19769,2,0.8021574020385742,0.8558256030082703,0.053668200969696045,1,750,1274,535,1261,770,655,621
2014,35898,12221,2,0.9361293315887451,0.8942527770996094,-0.04187655448913574,0,343,145,448,114,386,241,284
2015,35937,10583,2,0.8604369759559631,0.8101006150245667,-0.050336360931396484,0,305,44,1361,51,273,308,505
2016,35991,22929,2,0.773534893989563,0.9036330580711365,0.1300981640815735,1,1223,1489,616,1513,1088,1076,1069
2017,35995,20273,3,0.911550760269165,0.882431149482727,-0.02911961078643799,0,136,173,1140,172,117,104,114
2018,36004,21757,3,0.9523167610168457,0.860867977142334,-0.09144878387451172,0,287,292,1465,286,237,218,218
2019,36031,22924,2,0.8624094128608704,0.8851208090782166,0.02271139621734619,1,483,462,1328,480,407,464,432
2020,36066,21238,3,0.988710880279541,0.8425962328910828,-0.14611464738845825,0,4,140,1476,88,5,4,4
2021,36068,21677,2,0.8931881189346313,0.9222503900527954,0.029062271118164062,1,1124,891,298,756,1029,874,843
2022,36092,22144,2,0.9486621022224426,0.847770631313324,-0.10089147090911865,0,116,28,1577,25,73,120,183
2023,36170,17476,2,0.7808377146720886,0.8099040985107422,0.029066383838653564,1,1132,1481,1482,1615,1207,1419,1452
2024,36229,13928,5,0.9346210956573486,0.861064612865448,-0.07355648279190063,0,419,583,725,584,414,384,392
2025,36231,11058,2,0.8890169858932495,0.8923763632774353,0.003359377384185791,1,510,944,1205,1081,481,517,434
2026,36243,22545,2,0.8578910827636719,0.9402289986610413,0.08233791589736938,1,1356,1566,28,1309,1442,1095,1020
2027,36270,15520,3,0.9596304893493652,0.9026089906692505,-0.057021498680114746,0,29,2,260,2,26,19,21
2028,36291,10381,2,0.847712516784668,0.9042990803718567,0.05658656358718872,1,1171,1081,348,1018,1105,1010,979
2029,36303,19375,2,0.9430423974990845,0.8694431781768799,-0.07359921932220459,0,136,78,684,52,134,70,96
2030,36315,10954,2,0.8412405848503113,0.909471333026886,0.06823074817657471,1,1617,1736,74,1688,1602,1519,1453
2031,36348,22125,1,0.9271724224090576,0.8945161700248718,-0.03265625238418579,0,692,91,571,51,699,569,747
2032,36351,20827,2,0.9269077181816101,0.808573842048645,-0.11833387613296509,0,105,13,1698,12,95,148,208
2033,36363,22945,2,0.8693935871124268,0.9187135100364685,0.04931992292404175,1,288,1009,99,688,320,225,212
2034,36412,22746,3,0.8962287902832031,0.8865910172462463,-0.009637773036956787,0,438,242,756,186,314,287,283
2035,36417,10615,1,0.8226384520530701,0.9096254110336304,0.0869869589805603,1,767,1310,765,1357,587,525,486
2036,36430,22721,2,0.8405526280403137,0.8869019746780396,0.04634934663772583,1,1451,1552,258,1445,1529,1509,1495
2037,36464,11254,2,0.8932163119316101,0.8806634545326233,-0.012552857398986816,0,708,517,563,420,594,478,421
2038,36473,15367,2,0.8832597732543945,0.9238156676292419,0.04055589437484741,1,40,839,1397,950,43,44,38
2039,36511,23012,2,0.8920580148696899,0.9103224873542786,0.018264472484588623,1,637,1113,522,1022,599,510,500
2040,36514,14918,4,0.9560242891311646,0.823194146156311,-0.13283014297485352,0,1,19,1313,21,1,1,1
2041,36634,20046,2,0.8562069535255432,0.85423743724823,-0.0019695162773132324,0,366,684,1343,828,412,460,405
2042,36668,21789,1,0.9635711312294006,0.8257071375846863,-0.13786399364471436,0,77,32,1722,39,104,137,138
2043,36705,23016,3,0.9209346771240234,0.9056310653686523,-0.015303611755371094,0,702,841,729,810,707,617,572
2044,36812,20680,1,0.8143858909606934,0.9341219067573547,0.11973601579666138,1,221,841,1228,966,189,191,172
2045,36865,22853,3,0.7659251093864441,0.8855752944946289,0.11965018510818481,1,1564,1284,171,1075,1495,1376,1339
2046,36879,19112,2,0.9687445163726807,0.8611651659011841,-0.10757935047149658,0,7,20,1311,14,7,6,6
2047,36972,22700,2,0.9196907877922058,0.8755180239677429,-0.04417276382446289,0,728,283,1359,279,579,681,745
2048,37083,16008,2,0.9466874599456787,0.8010197281837463,-0.14566773176193237,0,11,4,1762,4,11,15,16
2049,37086,23009,6,0.8576720356941223,0.796148955821991,-0.06152307987213135,0,109,1051,1082,1113,132,172,220
2050,37137,14480,2,0.7681412696838379,0.850601851940155,0.08246058225631714,1,1041,1152,314,1047,1165,992,830
2051,37195,22928,2,0.6685817241668701,0.8527289032936096,0.1841471791267395,1,1238,1752,54,1729,894,560,407
2052,37218,20228,4,0.9634858965873718,0.8095772862434387,-0.1539086103439331,0,20,20,1348,2,29,14,13
2053,37222,21053,2,0.8007211089134216,0.8816907405853271,0.08096963167190552,1,764,1514,417,1527,748,629,557
2054,37239,22929,1,0.8622068166732788,0.8900508880615234,0.02784407138824463,1,983,511,1539,572,842,1061,1099
2055,37285,22790,1,0.8541954159736633,0.8506341576576233,-0.003561258316040039,0,701,349,1180,331,598,643,654
2056,37293,18675,2,0.8496810793876648,0.8995566964149475,0.049875617027282715,1,1498,1702,148,1687,1496,1418,1414
2057,37294,22144,2,0.9280716776847839,0.8490704298019409,-0.07900124788284302,0,219,92,1526,97,225,277,292
2058,37314,19449,2,0.9639782309532166,0.9120187163352966,-0.05195951461791992,0,1,12,789,11,1,1,1
2059,37352,15148,2,0.9144135117530823,0.8718152642250061,-0.04259824752807617,0,749,215,557,69,753,670,661
2060,37441,20929,3,0.9526993632316589,0.8812915682792664,-0.07140779495239258,0,119,147,1564,188,109,148,194
2061,37533,17157,1,0.8553847670555115,0.852703332901001,-0.002681434154510498,0,364,628,1249,654,431,407,439
2062,37580,20473,2,0.9495294690132141,0.885166347026825,-0.06436312198638916,0,50,80,1704,139,51,75,110
2063,37593,12819,2,0.8429010510444641,0.9010190367698669,0.05811798572540283,1,1063,1108,376,1033,1036,902,883
2064,37619,15342,5,0.9712874889373779,0.762743353843689,-0.20854413509368896,0,8,10,1598,14,8,10,8
2065,37657,21380,1,0.8109040856361389,0.8197183012962341,0.008814215660095215,1,614,527,157,381,806,579,632
2066,37684,20070,3,0.8999947905540466,0.8660886883735657,-0.03390610218048096,0,274,310,698,275,319,273,307
2067,37691,22808,2,0.9551791548728943,0.8838962316513062,-0.07128292322158813,0,51,118,1455,112,60,60,61
2068,37702,20522,2,0.8187495470046997,0.890104353427887,0.07135480642318726,1,1719,1561,32,1323,1702,1654,1649
2069,37741,20579,2,0.9411763548851013,0.8576883673667908,-0.08348798751831055,0,32,40,1636,30,35,25,28
2070,37749,21078,1,0.9359511137008667,0.9028406143188477,-0.03311049938201904,0,64,36,848,20,66,40,44
2071,37753,17748,3,0.9807769060134888,0.8435809016227722,-0.13719600439071655,0,87,207,1459,167,74,33,35
2072,37762,23023,2,0.8378340601921082,0.8812271952629089,0.04339313507080078,1,713,1384,1626,1542,668,917,821
2073,37764,14774,1,0.7810319662094116,0.8979859352111816,0.11695396900177002,1,649,1676,1322,1695,716,832,617
2074,38156,22929,2,0.9311848878860474,0.8898114562034607,-0.04137343168258667,0,578,497,1267,506,607,690,700
2075,38264,19559,1,0.9187972545623779,0.9005247354507446,-0.0182725191116333,0,28,267,1144,247,36,26,22
2076,38300,22053,2,0.8989687561988831,0.9164736270904541,0.017504870891571045,1,329,711,928,674,354,290,242
2077,38372,22979,1,0.9142201542854309,0.8521234393119812,-0.06209671497344971,0,62,83,1676,104,67,80,88
2078,38387,18180,1,0.8289435505867004,0.8759352564811707,0.046991705894470215,1,1095,1115,519,1074,1102,1018,1055
2079,38440,21080,2,0.9510886669158936,0.930088460445404,-0.021000206470489502,0,113,154,661,147,134,121,116
2080,38543,21824,2,0.8238584995269775,0.8448541164398193,0.020995616912841797,1,1326,893,1135,937,1258,1396,1307
2081,38579,16801,2,0.7997710108757019,0.8220060467720032,0.02223503589630127,1,935,997,1143,1075,973,1057,1040
2082,38662,22526,2,0.968441903591156,0.9042244553565979,-0.0642174482345581,0,111,78,751,61,91,57,58
2083,38671,23002,2,0.9644775986671448,0.9028536677360535,-0.06162393093109131,0,29,105,1349,94,30,23,26
2084,38691,22132,2,0.8951637744903564,0.928594708442688,0.03343093395233154,1,272,710,734,703,212,136,115
2085,38703,20057,2,0.892393946647644,0.8984445929527283,0.0060506463050842285,1,217,718,1183,736,251,221,233
2086,38704,19121,2,0.9617120027542114,0.8208898901939392,-0.14082211256027222,0,13,8,1732,10,13,13,13
2087,38757,20758,2,0.8586385846138,0.8557407855987549,-0.002897799015045166,0,325,889,1618,1045,282,426,433
2088,38785,20850,2,0.9464676976203918,0.8393338918685913,-0.10713380575180054,0,19,44,1609,46,20,21,19
2089,38822,21902,2,0.8732950687408447,0.8920626044273376,0.01876753568649292,1,104,981,832,993,168,115,112
2090,38860,22681,1,0.9169508814811707,0.9183175563812256,0.0013666749000549316,1,397,415,835,317,496,346,378
2091,38886,15708,3,0.8619949221611023,0.8733661770820618,0.011371254920959473,1,811,1095,899,1150,756,772,788
2092,38903,21460,2,0.9878516793251038,0.9040751457214355,-0.08377653360366821,0,3,3,1333,6,2,2,3
2093,38938,20376,1,0.9062492251396179,0.805379331111908,-0.10086989402770996,0,1,3,1733,5,1,1,1
2094,39254,22790,3,0.8004238605499268,0.8549061417579651,0.05448228120803833,1,1528,1679,478,1700,1485,1469,1399
