row_id,user,target,rank,history_length,predicted_stay,target_stay_similarity,target_score
0,17,22665,1200,2,0.14555396139621735,0.030909927561879158,-0.40675291419029236
1,29,22642,384,10,0.14733324944972992,0.03272083401679993,0.6170969605445862
2,31,22893,1632,6,0.14678505063056946,0.03205639868974686,-0.9820420145988464
3,45,23031,1320,2,0.1459117978811264,0.03137865662574768,-0.4152694344520569
4,53,7596,35,6,0.1474119871854782,0.0338849201798439,1.9794330596923828
5,55,21826,7,2,0.14569541811943054,0.035656556487083435,2.6455307006835938
6,80,6054,1731,2,0.14613312482833862,0.034812234342098236,-1.3891319036483765
7,87,16756,43,3,0.1474173665046692,0.042144037783145905,1.296166181564331
8,112,8,791,2,0.14600521326065063,0.03499948978424072,0.1660776287317276
9,152,22453,59,2,0.14617857336997986,0.039080940186977386,1.0914894342422485
10,161,9983,815,4,0.14616791903972626,0.031926028430461884,0.20157241821289062
11,183,23032,472,5,0.14660847187042236,0.031573038548231125,0.41191717982292175
12,205,2528,310,2,0.14756765961647034,0.030563626438379288,0.5835725665092468
13,226,41,607,3,0.14551590383052826,0.03456544876098633,0.3590090572834015
14,239,11170,854,2,0.14556041359901428,0.03238778933882713,0.04025936871767044
15,252,4668,22,2,0.14612731337547302,0.035165075212717056,2.8760616779327393
16,291,6572,75,3,0.1455141007900238,0.03127317875623703,1.3818718194961548
17,323,1062,802,2,0.1461254358291626,0.031925760209560394,0.0003935396671295166
18,335,4501,1498,3,0.14571796357631683,0.03215935453772545,-0.6961219310760498
19,352,19666,6,2,0.14510135352611542,0.03518582507967949,2.3594064712524414
20,367,21826,1062,3,0.14796556532382965,0.0297596026211977,-0.14233629405498505
21,396,22052,315,10,0.147965207695961,0.03549635782837868,0.6672704815864563
22,407,22018,543,2,0.14590348303318024,0.037604257464408875,0.3697061836719513
23,420,23009,1368,2,0.14542324841022491,0.03388004004955292,-0.5183351635932922
24,427,21170,633,2,0.14546068012714386,0.03136468678712845,0.237920880317688
25,442,7239,99,3,0.1469835489988327,0.03950304538011551,1.1540112495422363
26,444,21451,1,2,0.145513653755188,0.036933332681655884,2.8018951416015625
27,452,2064,339,3,0.14549051225185394,0.03566596657037735,0.6394296288490295
28,453,19378,517,2,0.1453918069601059,0.03147866949439049,0.28135570883750916
29,464,4689,1059,2,0.14755560457706451,0.03229929134249687,-0.16933253407478333
30,488,21586,163,3,0.1454060822725296,0.03377879410982132,0.8715227842330933
31,501,19594,8,3,0.1459890902042389,0.033711738884449005,2.3504528999328613
32,504,2461,1659,3,0.145734503865242,0.030262663960456848,-0.8900007605552673
33,525,17654,1495,3,0.14576570689678192,0.029438436031341553,-0.6263905763626099
34,527,19870,1313,3,0.1469949185848236,0.030645150691270828,-0.34915411472320557
35,544,10495,511,2,0.1460835188627243,0.0346699021756649,0.36191320419311523
36,549,14862,44,1,0.14617834985256195,0.03938828408718109,1.1514359712600708
37,552,335,1127,2,0.145987868309021,0.03168737515807152,-0.16691254079341888
38,554,30,1030,3,0.14624136686325073,0.030658308416604996,-0.08266925066709518
39,557,3111,172,5,0.14698182046413422,0.03498220071196556,0.8660099506378174
40,567,23026,878,7,0.14690318703651428,0.03173983097076416,0.03735532611608505
41,570,22330,84,8,0.14841073751449585,0.03510367125272751,1.4674344062805176
42,574,31,975,2,0.14564664661884308,0.029392598196864128,0.004881605505943298
43,575,32,1434,2,0.14515289664268494,0.03262948989868164,-0.48374834656715393
44,581,9265,104,2,0.1456211507320404,0.034160077571868896,1.2835776805877686
45,593,16348,277,7,0.146855890750885,0.03398407623171806,0.935170590877533
46,611,16050,1187,10,0.1478763371706009,0.03278327360749245,-0.2898405194282532
47,625,3518,1664,7,0.1467788815498352,0.03101932257413864,-1.2834279537200928
48,630,20548,286,2,0.1455060988664627,0.032054632902145386,0.7482389211654663
49,637,36,407,3,0.14579062163829803,0.03404742479324341,0.6165098547935486
50,650,19094,1095,1,0.14671233296394348,0.030996184796094894,-0.21054178476333618
51,664,10306,1,2,0.1457081437110901,0.033292390406131744,3.3956191539764404
52,665,16079,525,1,0.14578931033611298,0.03518373519182205,0.4641968309879303
53,669,3575,5,4,0.1456092894077301,0.03529331833124161,1.8637511730194092
54,749,22890,253,7,0.14683064818382263,0.031662918627262115,0.7852393388748169
55,778,6693,451,3,0.14592602849006653,0.03790464997291565,0.4349513053894043
56,839,15852,3,1,0.1468539983034134,0.03982267901301384,2.214264392852783
57,852,18811,805,3,0.1459837704896927,0.030864674597978592,0.13921314477920532
58,855,3420,184,4,0.14595244824886322,0.03425515443086624,0.8389378786087036
59,857,2150,376,9,0.1490897834300995,0.036122508347034454,0.6222528219223022
60,867,21936,512,1,0.14801724255084991,0.02983054518699646,0.471121609210968
61,899,15381,588,2,0.14599399268627167,0.03152112662792206,0.32216814160346985
62,900,20703,649,3,0.145719513297081,0.03175344690680504,0.30355510115623474
63,913,17450,402,2,0.14526565372943878,0.03174750506877899,0.5505625009536743
64,929,50,547,2,0.1452857106924057,0.031919024884700775,0.3483651280403137
65,943,9665,336,6,0.14701926708221436,0.03263929858803749,0.7080810070037842
66,947,22007,866,2,0.14580410718917847,0.031267255544662476,0.02539372444152832
67,948,21372,533,5,0.14672960340976715,0.033121783286333084,0.4377492070198059
68,963,18233,470,5,0.14714348316192627,0.03315642476081848,0.48067447543144226
69,980,21904,20,10,0.14827093482017517,0.036499157547950745,2.195937156677246
70,1021,20072,1322,2,0.14547684788703918,0.03159709274768829,-0.4023243188858032
71,1022,5390,1198,8,0.14837253093719482,0.03448299318552017,-0.20924384891986847
72,1042,16559,1450,2,0.14532767236232758,0.030153032392263412,-0.6182690262794495
73,1045,21489,356,3,0.14553995430469513,0.03230070322751999,0.7025392055511475
74,1084,7111,883,4,0.14562658965587616,0.0321103110909462,-0.023162201046943665
75,1086,13086,702,3,0.14594189822673798,0.033419765532016754,0.10355931520462036
76,1093,17474,1004,4,0.14551806449890137,0.030483683571219444,-0.16239482164382935
77,1099,4944,505,3,0.14588505029678345,0.0321432501077652,0.4001328647136688
78,1100,20057,197,2,0.145493745803833,0.03509720414876938,0.970026433467865
79,1101,12982,1243,10,0.14786964654922485,0.03197705000638962,-0.3515191674232483
80,1109,7276,1767,8,0.14833024144172668,0.030048025771975517,-2.502455234527588
81,1118,13004,460,2,0.1459507942199707,0.03740684688091278,0.43657004833221436
82,1132,7828,45,4,0.14612653851509094,0.030947156250476837,1.7767491340637207
83,1133,373,305,2,0.14591416716575623,0.03169209510087967,0.6634756922721863
84,1162,15423,801,2,0.14580726623535156,0.030835121870040894,0.04061483219265938
85,1172,5521,437,3,0.1455892026424408,0.03321613743901253,0.4449032247066498
86,1177,13059,833,6,0.1476219892501831,0.02977757155895233,0.03874801844358444
87,1184,8459,25,7,0.1469627469778061,0.035417936742305756,1.87161123752594
88,1185,21451,18,5,0.14680054783821106,0.03464357554912567,1.6232948303222656
89,1196,67,1625,2,0.14522944390773773,0.03348702937364578,-1.1070141792297363
90,1202,11276,578,2,0.14550995826721191,0.03153253719210625,0.22762592136859894
91,1211,3016,1576,3,0.14633691310882568,0.03095433861017227,-0.7339339256286621
92,1217,22845,154,4,0.14570406079292297,0.03249550610780716,0.8693851232528687
93,1226,4083,1,7,0.14665865898132324,0.03412393480539322,3.4655203819274902
94,1230,10413,107,4,0.14548063278198242,0.033700261265039444,1.0570313930511475
95,1279,23008,1310,10,0.1481897085905075,0.03145718574523926,-0.34894880652427673
96,1281,20992,718,1,0.14653921127319336,0.034876011312007904,0.13347195088863373
97,1284,9598,1,5,0.14937818050384521,0.04377713054418564,1.9540143013000488
98,1304,13392,91,3,0.14642059803009033,0.03506508097052574,1.2481486797332764
99,1307,21983,954,3,0.1466279923915863,0.03095077909529209,-0.08067232370376587
100,1326,5814,573,2,0.1459214836359024,0.034521374851465225,0.3358035385608673
101,1337,3515,62,3,0.14584779739379883,0.03637060523033142,1.289086103439331
102,1369,22007,785,10,0.14778222143650055,0.03499975427985191,0.193955659866333
103,1372,20668,1095,5,0.14826957881450653,0.03088957443833351,-0.30608704686164856
104,1373,18656,62,8,0.14806778728961945,0.03329963982105255,1.2340686321258545
105,1380,270,1323,3,0.14644193649291992,0.029048359021544456,-0.3772132992744446
106,1418,11812,385,4,0.14558368921279907,0.03207257762551308,0.49730193614959717
107,1432,10011,1686,2,0.1475164145231247,0.02697843313217163,-1.2172603607177734
108,1437,17496,1255,3,0.14543069899082184,0.03309888392686844,-0.32606613636016846
109,1445,628,1193,3,0.1466403305530548,0.030729522928595543,-0.24377702176570892
110,1454,15337,713,2,0.14585794508457184,0.0335225984454155,0.19302429258823395
111,1476,11968,6,2,0.1460309475660324,0.03799792379140854,3.0973992347717285
112,1481,19454,306,2,0.1467263102531433,0.0337761715054512,0.7069922685623169
113,1501,1510,603,2,0.1455143690109253,0.0320819690823555,0.2966947853565216
114,1517,2240,280,2,0.145918607711792,0.037370793521404266,0.7012900114059448
115,1525,19093,1460,2,0.14592786133289337,0.028383754193782806,-0.7203155755996704
116,1574,5187,452,4,0.14629991352558136,0.035803645849227905,0.45343315601348877
117,1583,19186,5,2,0.14685560762882233,0.04065924137830734,3.430325746536255
118,1601,16414,708,2,0.14608649909496307,0.03389309346675873,0.16650809347629547
119,1614,85,231,2,0.14621497690677643,0.032686926424503326,0.7516083717346191
120,1617,85,517,5,0.1476135402917862,0.03208364173769951,0.3487604260444641
121,1624,21350,66,10,0.14772367477416992,0.034484270960092545,1.3860670328140259
122,1626,8303,123,10,0.14820612967014313,0.032632015645504,1.024776577949524
123,1639,16850,1035,3,0.14614823460578918,0.032662853598594666,-0.24086853861808777
124,1648,2282,184,2,0.14649853110313416,0.0339464470744133,0.8207895755767822
125,1723,1862,1657,3,0.14621220529079437,0.03132304921746254,-1.0395156145095825
126,1743,23032,38,8,0.148178830742836,0.0374680832028389,1.9231244325637817
127,1765,17957,645,4,0.14607129991054535,0.03646072745323181,0.2729494571685791
128,1766,22217,1509,8,0.1492752879858017,0.029848173260688782,-0.701636791229248
129,1798,21218,580,3,0.14555427432060242,0.03278789669275284,0.28323081135749817
130,1818,13145,800,1,0.14694511890411377,0.031563058495521545,-0.0030248016119003296
131,1826,19653,723,1,0.14654985070228577,0.03052719309926033,0.13672217726707458
132,1829,3843,75,3,0.1454198956489563,0.0343567356467247,1.2721933126449585
133,1830,23014,3,5,0.14711742103099823,0.03650209307670593,2.377838134765625
134,1846,18838,476,1,0.1482032984495163,0.03708222135901451,0.46375760436058044
135,1860,13318,131,4,0.14596636593341827,0.03193524479866028,0.9153585433959961
136,1885,13115,424,3,0.1464165598154068,0.0337456651031971,0.493197500705719
137,1890,9168,168,5,0.14729876816272736,0.03568203002214432,0.9181731939315796
138,1929,5599,119,10,0.14764651656150818,0.03274127468466759,0.9289001822471619
139,1936,108,1434,3,0.14563289284706116,0.03138059005141258,-0.5631700754165649
140,1939,108,382,2,0.1458299607038498,0.032118555158376694,0.48458725214004517
141,1940,21981,1216,4,0.145518496632576,0.03273826837539673,-0.22608661651611328
142,1951,20719,414,5,0.14665479958057404,0.03284027799963951,0.5495012998580933
143,2002,3811,847,2,0.14577323198318481,0.033087607473134995,0.018160805106163025
144,2017,7390,409,3,0.14555230736732483,0.03420445695519447,0.499213308095932
145,2023,7583,155,1,0.14852488040924072,0.031040621921420097,1.0007960796356201
146,2028,712,221,8,0.14876402914524078,0.03250657767057419,0.8594539165496826
147,2049,18465,1398,3,0.1458505541086197,0.03442613407969475,-0.5020372867584229
148,2063,21703,337,4,0.146935373544693,0.042420029640197754,0.7506399154663086
149,2092,16740,1553,2,0.14577694237232208,0.03446008265018463,-0.7419633269309998
150,2097,13065,742,4,0.1458825021982193,0.033429138362407684,0.12325450032949448
151,2099,4650,1427,2,0.14656351506710052,0.030787978321313858,-0.5992955565452576
152,2102,6517,1071,2,0.14658619463443756,0.032607123255729675,-0.093263640999794
153,2146,20781,1114,2,0.1459672451019287,0.03259263187646866,-0.11916030198335648
154,2215,3079,280,2,0.14689338207244873,0.04085846617817879,0.7419353723526001
155,2227,11051,334,3,0.14584627747535706,0.03691251575946808,0.6847233176231384
156,2233,22792,905,2,0.14587058126926422,0.03615584224462509,-0.05987340211868286
157,2245,22478,1615,6,0.1469583809375763,0.030367840081453323,-1.059782862663269
158,2247,22592,832,2,0.14599905908107758,0.03142821043729782,-0.01762545108795166
159,2252,4026,705,2,0.14595235884189606,0.034619156271219254,0.25404471158981323
160,2266,15149,867,2,0.14620119333267212,0.032329216599464417,-0.04396228492259979
161,2269,2719,1700,10,0.14745338261127472,0.031090060248970985,-1.3228769302368164
162,2291,9686,21,2,0.1456764191389084,0.035040292888879776,1.6675708293914795
163,2300,21919,1377,3,0.1467510312795639,0.030942875891923904,-0.49263250827789307
164,2305,22821,935,5,0.1471492052078247,0.03210645541548729,-0.15865862369537354
165,2318,20407,34,2,0.14577482640743256,0.03580810874700546,1.4360811710357666
166,2336,124,1463,2,0.1456359624862671,0.03196746110916138,-0.6550679802894592
167,2346,461,584,2,0.14914768934249878,0.029372816905379295,0.23545530438423157
168,2348,14020,1727,2,0.14613106846809387,0.03373267501592636,-1.0595166683197021
169,2364,128,1039,2,0.14613564312458038,0.0313098169863224,-0.19658169150352478
170,2367,6058,1556,5,0.14798606932163239,0.0313851572573185,-0.7602589130401611
171,2387,21399,1367,2,0.14562459290027618,0.03114258497953415,-0.4501373767852783
172,2423,134,1624,1,0.14685247838497162,0.030992312356829643,-0.9793299436569214
173,2449,741,621,3,0.14549633860588074,0.033967144787311554,0.3300226032733917
174,2478,16064,108,2,0.1453051120042801,0.032842982560396194,0.9223704934120178
175,2488,11596,1673,2,0.1472393423318863,0.03029775246977806,-1.0305044651031494
176,2494,21406,1242,3,0.14570891857147217,0.0319877564907074,-0.43711426854133606
177,2496,143,5,3,0.14743511378765106,0.04015887528657913,1.9145560264587402
178,2526,17229,4,4,0.14570821821689606,0.03513726219534874,2.256995677947998
179,2554,23007,284,4,0.14582741260528564,0.03524613007903099,0.843571662902832
180,2584,22956,26,2,0.1462385505437851,0.03470957651734352,1.7995364665985107
181,2586,19865,1118,4,0.1456514596939087,0.030142225325107574,-0.27267709374427795
182,2591,21520,36,1,0.14864473044872284,0.037351690232753754,1.5204626321792603
183,2599,19333,270,3,0.14582586288452148,0.03782620653510094,0.7437368035316467
184,2613,20525,577,5,0.148220032453537,0.033694155514240265,0.2917338013648987
185,2619,153,1730,3,0.14655716717243195,0.028269914910197258,-1.5199666023254395
186,2639,22995,1373,3,0.1454826444387436,0.03149903565645218,-0.44234663248062134
187,2651,295,985,4,0.14558449387550354,0.03230493515729904,-0.13940057158470154
188,2670,17953,1479,3,0.14597655832767487,0.03254622220993042,-0.6705020666122437
189,2673,15308,492,4,0.14576652646064758,0.0367792472243309,0.4575755298137665
190,2680,20055,455,2,0.1459570825099945,0.03531016409397125,0.35289856791496277
191,2701,6217,1565,2,0.14649949967861176,0.028845161199569702,-0.8991609215736389
192,2708,13558,1071,4,0.14564239978790283,0.03046015277504921,-0.20288898050785065
193,2712,13216,425,2,0.14557121694087982,0.031615205109119415,0.48708847165107727
194,2760,14821,1060,8,0.14813251793384552,0.03190235421061516,-0.19047203660011292
195,2765,20927,1030,5,0.1467875987291336,0.031147368252277374,-0.059768132865428925
196,2780,17472,1608,2,0.14542412757873535,0.028504401445388794,-0.9524495601654053
197,2792,696,1362,2,0.14616426825523376,0.03168556094169617,-0.36476996541023254
198,2802,20054,1152,3,0.14574767649173737,0.031351204961538315,-0.25049734115600586
199,2812,18065,23,5,0.14708268642425537,0.0348600298166275,1.4597485065460205
200,2825,14965,1664,8,0.1481451541185379,0.03025340661406517,-1.1754939556121826
201,2847,20872,974,2,0.1463182419538498,0.030368544161319733,-0.014582559466362
202,2854,17132,591,9,0.1496536284685135,0.033209413290023804,0.43729904294013977
203,2884,8264,1517,6,0.1466219425201416,0.03202972188591957,-0.7861931920051575
204,2909,14572,11,3,0.14580780267715454,0.03400733321905136,2.049304485321045
205,2913,21384,90,3,0.14616182446479797,0.03453933820128441,1.2781212329864502
206,2914,20848,263,2,0.14555837213993073,0.03347711265087128,0.7060441374778748
207,2931,23014,784,4,0.14584776759147644,0.03338300436735153,0.1687648594379425
208,2939,21319,6,8,0.1480652391910553,0.03286537528038025,2.8557116985321045
209,2949,22802,154,2,0.14630559086799622,0.03435825556516647,1.0376226902008057
210,2952,626,1,5,0.14689965546131134,0.03596833348274231,2.140083074569702
211,2964,21758,699,2,0.1456126719713211,0.033065177500247955,0.2275531142950058
212,2990,712,1084,10,0.14825968444347382,0.03116067498922348,-0.2886601388454437
213,3069,1898,1664,2,0.14603210985660553,0.029064390808343887,-1.1282769441604614
214,3088,180,1052,4,0.14693835377693176,0.030808167532086372,-0.17945465445518494
215,3099,21101,1034,2,0.1469869315624237,0.031867027282714844,-0.008464455604553223
216,3103,5796,43,2,0.14592769742012024,0.036124199628829956,1.693377137184143
217,3147,21115,70,3,0.14633354544639587,0.038950592279434204,0.9931621551513672
218,3164,20069,1149,2,0.145768940448761,0.03106662631034851,-0.24314311146736145
219,3173,4423,963,5,0.14693623781204224,0.030352238565683365,-0.009284228086471558
220,3183,20635,230,3,0.14570309221744537,0.03617187961935997,0.8021218776702881
221,3200,14473,575,3,0.1454489678144455,0.031620390713214874,0.30896615982055664
222,3224,6171,3,2,0.14891739189624786,0.049732521176338196,4.714975833892822
223,3230,4205,2,2,0.14594198763370514,0.0371568538248539,3.2257425785064697
224,3250,1145,1,2,0.14579397439956665,0.036618221551179886,3.218623161315918
225,3274,7367,39,5,0.1469201296567917,0.034482359886169434,1.6071405410766602
226,3287,21297,1358,2,0.14732612669467926,0.02893095463514328,-0.529208779335022
227,3289,22998,707,6,0.1477038562297821,0.03322453051805496,0.10664509981870651
228,3305,4581,62,2,0.1465281844139099,0.036368049681186676,1.8531339168548584
229,3370,3382,32,2,0.1459358036518097,0.0354422852396965,1.407296895980835
230,3394,22217,1383,3,0.14543555676937103,0.02962169423699379,-0.4972075819969177
231,3413,8526,1199,3,0.14551615715026855,0.03259294480085373,-0.39148610830307007
232,3436,20596,1358,2,0.14600242674350739,0.03182138875126839,-0.4337632954120636
233,3438,13856,1141,3,0.1476125568151474,0.03116404265165329,-0.24219781160354614
234,3453,21768,1061,2,0.14543426036834717,0.02955593168735504,-0.19856736063957214
235,3459,4431,494,4,0.14627137780189514,0.033714659512043,0.3827439844608307
236,3464,6797,1162,2,0.14691497385501862,0.030181080102920532,-0.31464290618896484
237,3472,7196,56,4,0.14548911154270172,0.032182127237319946,1.242000699043274
238,3473,20837,300,2,0.14520978927612305,0.03249143064022064,0.6396652460098267
239,3486,2466,921,2,0.1462787389755249,0.028942767530679703,-0.10230812430381775
240,3489,11179,424,3,0.14601199328899384,0.03451918810606003,0.5556071400642395
241,3496,201,493,5,0.14747169613838196,0.030919119715690613,0.4771116375923157
242,3498,17014,1174,2,0.14670971035957336,0.03144761174917221,-0.2774603068828583
243,3503,17476,1189,3,0.1466107815504074,0.029549727216362953,-0.2741025686264038
244,3506,14490,150,3,0.14560988545417786,0.035252027213573456,0.9793776273727417
245,3507,21391,1485,10,0.147928386926651,0.032431792467832565,-0.7101043462753296
246,3556,5459,116,1,0.14681625366210938,0.037375062704086304,1.0511194467544556
247,3569,203,1236,6,0.14749273657798767,0.03147353231906891,-0.3727301359176636
248,3576,953,151,3,0.1457495242357254,0.035099878907203674,1.1892786026000977
249,3597,4066,595,2,0.14586760103702545,0.032188937067985535,0.3154929280281067
250,3614,20924,8,2,0.14600130915641785,0.0370895154774189,2.100804567337036
251,3661,22590,389,4,0.1460578888654709,0.03614240139722824,0.5293298959732056
252,3664,10666,1229,2,0.14550690352916718,0.031099833548069,-0.28247368335723877
253,3666,22821,179,2,0.14610163867473602,0.0389195941388607,0.8946425318717957
254,3680,213,1339,2,0.14587445557117462,0.03048240765929222,-0.48120927810668945
255,3696,6927,906,2,0.14722469449043274,0.03124796226620674,0.0058076828718185425
256,3712,21442,172,4,0.14558766782283783,0.03318820148706436,0.8760988116264343
257,3751,20283,77,3,0.14605872333049774,0.036117956042289734,1.4838569164276123
258,3752,1660,97,10,0.1480887532234192,0.03419179469347,1.1959782838821411
259,3758,4408,1552,4,0.14550597965717316,0.029392849653959274,-0.8620850443840027
260,3785,4593,143,4,0.14729347825050354,0.043097712099552155,1.0088133811950684
261,3803,11897,1,3,0.14565569162368774,0.03469192609190941,4.957705974578857
262,3812,20298,270,10,0.1478702425956726,0.03150108829140663,0.7851986885070801
263,3817,16990,4,2,0.1454859972000122,0.03713297098875046,2.191300868988037
264,3836,3466,799,2,0.1464235633611679,0.03044915571808815,0.032214440405368805
265,3838,8505,1049,3,0.1462782919406891,0.03005920723080635,-0.23671501874923706
266,3870,6110,1452,2,0.1462295800447464,0.030674772337079048,-0.5328169465065002
267,3877,226,1241,2,0.1452486366033554,0.03296023607254028,-0.32720816135406494
268,3890,21147,56,6,0.14778119325637817,0.034300994127988815,1.6980212926864624
269,3899,8178,977,2,0.14626911282539368,0.03032667376101017,-0.11169657111167908
270,3906,3144,1700,3,0.14554297924041748,0.03275791555643082,-1.310699462890625
271,3908,15848,301,10,0.14798998832702637,0.03625893592834473,0.7168087959289551
272,3919,12220,219,2,0.14567841589450836,0.03613453358411789,0.7632526159286499
273,3921,6764,179,2,0.1456346958875656,0.03615507483482361,0.969940721988678
274,3930,21884,175,2,0.1465633660554886,0.0325373150408268,1.0130057334899902
275,3934,234,435,3,0.14553627371788025,0.03344947099685669,0.43710631132125854
276,3982,3998,828,1,0.14689020812511444,0.03393453359603882,-0.03533133864402771
277,3993,4446,1712,3,0.14566570520401,0.02925402671098709,-1.306431770324707
278,3998,7799,896,4,0.14561407268047333,0.03253382444381714,-0.07221090793609619
279,4023,9027,1670,5,0.14704389870166779,0.03151513263583183,-1.0753412246704102
280,4067,7003,1740,4,0.14590983092784882,0.031102556735277176,-1.8635101318359375
281,4069,6685,22,8,0.14839158952236176,0.03400645777583122,2.4881668090820312
282,4071,1333,209,3,0.14569221436977386,0.03319836035370827,0.8910924196243286
283,4094,4683,725,3,0.1456727683544159,0.030741654336452484,0.10954209417104721
284,4120,23012,732,3,0.1458018571138382,0.03215939179062843,0.10295336693525314
285,4149,763,770,7,0.1467849463224411,0.032337598502635956,0.048824191093444824
286,4206,4768,72,3,0.1458800584077835,0.035534247756004333,1.1597172021865845
287,4209,6059,193,3,0.14643652737140656,0.03436419740319252,1.0634127855300903
288,4233,8048,42,2,0.14698536694049835,0.0373806431889534,2.0755057334899902
289,4241,22956,203,10,0.1485113799571991,0.03216065466403961,0.8799693584442139
290,4262,15633,71,2,0.1457281857728958,0.034342363476753235,1.2486622333526611
291,4267,16835,1082,10,0.14792364835739136,0.03372940793633461,-0.18449543416500092
292,4300,13718,600,2,0.14618541300296783,0.03176005557179451,0.2852329909801483
293,4319,4539,35,6,0.14740440249443054,0.035426899790763855,1.5649068355560303
294,4357,23030,1697,7,0.1466401070356369,0.03152434527873993,-1.3123255968093872
295,4444,3931,224,2,0.1457328200340271,0.03703015297651291,0.9052949547767639
296,4456,20989,622,2,0.1457120180130005,0.035475023090839386,0.2852659821510315
297,4477,2357,137,3,0.1460568606853485,0.03651758283376694,1.0663868188858032
298,4481,12440,3,3,0.1465977132320404,0.04110971465706825,2.6889004707336426
299,4504,16633,122,2,0.1455623060464859,0.03770104795694351,0.9503768682479858
300,4507,5202,912,3,0.14565907418727875,0.03239100053906441,0.06613789498806
301,4517,14699,1256,2,0.1459689438343048,0.03292716667056084,-0.30945295095443726
302,4547,22252,1656,4,0.14575991034507751,0.03076782450079918,-1.1857011318206787
303,4596,6565,1554,2,0.14622627198696136,0.03030780516564846,-0.7564328908920288
304,4600,20077,767,2,0.1459563970565796,0.02998058870434761,0.09152325242757797
305,4610,19155,816,2,0.14651453495025635,0.033689893782138824,0.09003009647130966
306,4613,10817,853,2,0.14562712609767914,0.03250166028738022,0.032784298062324524
307,4621,268,15,2,0.14567235112190247,0.03801519796252251,1.916384220123291
308,4657,11134,1510,10,0.14767341315746307,0.03116527944803238,-0.6437349319458008
309,4676,12048,521,3,0.14576315879821777,0.03637417405843735,0.4582822620868683
310,4715,17142,198,2,0.14524169266223907,0.03355713188648224,0.985488772392273
311,4736,12607,123,2,0.14558082818984985,0.03357083722949028,1.1035608053207397
312,4744,19352,1098,2,0.1465776264667511,0.03142843768000603,-0.19329187273979187
313,4748,284,686,2,0.1457643359899521,0.0320710651576519,0.1282583326101303
314,4767,17085,365,3,0.1455225795507431,0.034094810485839844,0.57557612657547
315,4823,11171,1,2,0.14577342569828033,0.03622763976454735,5.03347110748291
316,4835,1504,1,3,0.14593374729156494,0.038587749004364014,2.8021092414855957
317,4839,11420,1371,2,0.14583319425582886,0.03262297064065933,-0.49716347455978394
318,4849,21342,234,2,0.14522390067577362,0.033036477863788605,0.842750608921051
319,4851,22952,3,2,0.14508967101573944,0.03380011022090912,1.7966605424880981
320,4860,16808,1325,5,0.14673028886318207,0.03333298861980438,-0.493460088968277
321,4868,20919,87,2,0.14669501781463623,0.03673192858695984,1.0096435546875
322,4876,570,1409,1,0.14852488040924072,0.02705528773367405,-0.49807631969451904
323,4879,19687,283,1,0.14707495272159576,0.03459972143173218,0.7322324514389038
324,4880,297,821,3,0.1457299441099167,0.03417576849460602,-0.08029483258724213
325,4930,20891,443,4,0.1455923467874527,0.03215448558330536,0.5202357769012451
326,4952,305,98,2,0.1459054797887802,0.03586376830935478,1.1715378761291504
327,4956,22425,172,3,0.14579766988754272,0.035516154021024704,0.9494062662124634
328,4965,15856,955,2,0.1458570510149002,0.03250538557767868,-0.1477828323841095
329,4972,12212,276,2,0.14624342322349548,0.0339132621884346,0.743521511554718
330,4987,23014,292,6,0.14827276766300201,0.038095623254776,0.7856705784797668
331,4990,4491,278,2,0.14557337760925293,0.0331597626209259,0.8383569121360779
332,5011,1040,4,4,0.1459224671125412,0.03337175399065018,3.1595590114593506
333,5022,16616,1318,1,0.14814573526382446,0.03037818893790245,-0.3734833598136902
334,5037,22686,1510,1,0.14719833433628082,0.030485784634947777,-0.597686767578125
335,5041,18786,2,2,0.14514611661434174,0.03512262925505638,2.9533445835113525
336,5048,5287,128,2,0.14639200270175934,0.031549472361803055,1.0951189994812012
337,5058,23029,187,5,0.14653059840202332,0.03174916282296181,0.9127416014671326
338,5090,314,1318,2,0.1458757221698761,0.030929042026400566,-0.31483572721481323
339,5094,5262,656,2,0.14533576369285583,0.030894365161657333,0.22618266940116882
340,5107,16607,357,2,0.1457221955060959,0.03687402978539467,0.5909407138824463
341,5125,2953,1347,2,0.14550577104091644,0.03255341574549675,-0.5416479706764221
342,5166,2022,48,5,0.1466384083032608,0.03385983034968376,1.184489369392395
343,5171,4539,130,4,0.14556308090686798,0.03505135327577591,1.0448054075241089
344,5172,10659,1030,1,0.14627213776111603,0.03072827123105526,-0.0770210474729538
345,5180,12734,247,3,0.1453387439250946,0.03591420501470566,0.7978070974349976
346,5195,16859,88,4,0.14689786732196808,0.04065261781215668,1.2254502773284912
347,5269,14214,1305,3,0.14588871598243713,0.03050748072564602,-0.4428313970565796
348,5270,23032,488,2,0.14592625200748444,0.03226904571056366,0.3317107558250427
349,5273,3929,1490,7,0.1467401683330536,0.03335989639163017,-0.7792421579360962
350,5288,4533,196,4,0.1458873301744461,0.03716416284441948,0.9266153573989868
351,5289,9866,510,2,0.14775343239307404,0.03548670560121536,0.27909374237060547
352,5298,21263,579,2,0.14788594841957092,0.03685833513736725,0.2071838676929474
353,5306,11733,255,6,0.14733564853668213,0.03571930527687073,0.8063749074935913
354,5335,15193,1020,3,0.1461055725812912,0.03400488197803497,-0.21120144426822662
355,5341,18920,114,2,0.1468246579170227,0.03283896669745445,1.1876437664031982
356,5347,22908,1196,3,0.146614670753479,0.030496325343847275,-0.2797466516494751
357,5348,17019,1259,5,0.14684368669986725,0.031097067520022392,-0.3797048330307007
358,5391,2046,1460,3,0.14564645290374756,0.03050248697400093,-0.6082127690315247
359,5429,18642,699,1,0.1483163684606552,0.03487096354365349,0.11570247262716293
360,5431,21415,13,2,0.1451837569475174,0.03419915959239006,1.7854833602905273
361,5433,21350,387,3,0.14530766010284424,0.033798012882471085,0.417182981967926
362,5447,21121,374,4,0.14551249146461487,0.03143290430307388,0.6866185069084167
363,5453,21942,11,10,0.14805151522159576,0.03509284555912018,1.9203729629516602
364,5488,349,818,2,0.14717040956020355,0.03236693888902664,-0.026131300255656242
365,5496,5485,1428,3,0.1455954611301422,0.032635174691677094,-0.5715436935424805
366,5501,22928,791,2,0.1463851034641266,0.029588690027594566,0.11507046222686768
367,5533,23029,153,4,0.14549247920513153,0.034530483186244965,1.1612166166305542
368,5558,357,453,2,0.14546018838882446,0.032874271273612976,0.5161385536193848
369,5563,23003,758,2,0.14603452384471893,0.03155573830008507,0.09000510722398758
370,5569,359,963,2,0.14613716304302216,0.03391536325216293,-0.10336337238550186
371,5572,831,14,2,0.14580705761909485,0.0324791818857193,1.9453999996185303
372,5587,7310,284,2,0.14721441268920898,0.03221279755234718,0.6594682931900024
373,5591,12831,496,2,0.14702248573303223,0.033120810985565186,0.34009310603141785
374,5632,1570,1365,2,0.1455288678407669,0.031705036759376526,-0.43416982889175415
375,5636,11158,1205,2,0.14509320259094238,0.03331305831670761,-0.28429722785949707
376,5638,15975,406,4,0.14577728509902954,0.03428199142217636,0.576083779335022
377,5644,3381,570,3,0.14557677507400513,0.034827541559934616,0.3966043293476105
378,5659,4885,930,3,0.14597004652023315,0.03292685002088547,0.053962551057338715
379,5680,5491,1,7,0.14784492552280426,0.03545239195227623,3.06783390045166
380,5682,11701,205,3,0.14790479838848114,0.04162038862705231,0.9492179751396179
381,5690,23023,5,2,0.14576447010040283,0.035194456577301025,2.0745761394500732
382,5691,367,5,2,0.14659442007541656,0.03658100962638855,4.200368404388428
383,5694,11047,1261,2,0.14610283076763153,0.030389944091439247,-0.281230628490448
384,5725,826,172,5,0.14678043127059937,0.033435188233852386,0.9938507080078125
385,5751,17113,1711,4,0.14564573764801025,0.03106790781021118,-1.3633618354797363
386,5770,17519,1465,6,0.14722511172294617,0.03262016922235489,-0.6920528411865234
387,5773,373,1269,3,0.1455644965171814,0.03465971350669861,-0.31405895948410034
388,5804,19030,58,2,0.14565502107143402,0.03435362130403519,1.5236917734146118
389,5820,15861,610,2,0.14548467099666595,0.03255267068743706,0.25222423672676086
390,5831,4767,785,3,0.14645570516586304,0.02976873144507408,0.0026635155081748962
391,5843,3163,1029,2,0.14556346833705902,0.03305671736598015,-0.13575445115566254
392,5871,22809,8,5,0.1469614952802658,0.03513133525848389,3.2402219772338867
393,5879,10160,534,2,0.1453678458929062,0.03469844162464142,0.3558150827884674
394,5892,19034,128,3,0.14604537189006805,0.0330049991607666,0.9853729605674744
395,5957,2003,262,2,0.14633910357952118,0.030933020636439323,0.7559080123901367
396,5973,16592,514,2,0.14596432447433472,0.033197641372680664,0.3478221297264099
397,6000,1247,297,2,0.14522965252399445,0.03262471407651901,0.7307381629943848
398,6033,14418,1,3,0.14576251804828644,0.03282877057790756,2.719175338745117
399,6068,456,1693,3,0.14584489166736603,0.031309500336647034,-1.440799593925476
400,6096,22704,880,2,0.14572909474372864,0.032821401953697205,0.023553431034088135
401,6100,23014,269,4,0.14592552185058594,0.035747069865465164,0.7194949388504028
402,6171,19227,911,2,0.14620175957679749,0.03555326908826828,-0.1290818452835083
403,6177,396,2,2,0.1470128297805786,0.042719319462776184,1.703352451324463
404,6196,22533,1103,2,0.14567241072654724,0.0323321595788002,-0.08426046371459961
405,6252,21452,460,7,0.14705297350883484,0.03538045287132263,0.5028055310249329
406,6259,5815,1758,1,0.14685603976249695,0.029289044439792633,-2.1951184272766113
407,6280,8586,356,4,0.14536146819591522,0.03328043967485428,0.5156278610229492
408,6283,21396,149,2,0.14621764421463013,0.03300005570054054,1.1975812911987305
409,6284,22217,104,5,0.14714674651622772,0.035545967519283295,1.1774537563323975
410,6289,2370,398,2,0.14578260481357574,0.03238707035779953,0.5646216869354248
411,6312,11927,1323,2,0.14587344229221344,0.031778112053871155,-0.3594783544540405
412,6314,22299,505,2,0.14565013349056244,0.030673647299408913,0.41985365748405457
413,6360,20273,62,5,0.1481451839208603,0.03798726946115494,1.7234526872634888
414,6369,1274,1388,9,0.14997762441635132,0.02972421422600746,-0.5027070641517639
415,6404,5377,213,2,0.1459847092628479,0.03856205940246582,0.803858757019043
416,6405,6219,1593,6,0.1470419019460678,0.031271688640117645,-0.8676038980484009
417,6407,3151,288,2,0.1462193727493286,0.03322504088282585,0.6336599588394165
418,6440,4196,57,2,0.1458745151758194,0.03679423779249191,1.782201886177063
419,6494,21436,491,2,0.1461276113986969,0.03073524497449398,0.48279866576194763
420,6509,14084,934,5,0.1474868506193161,0.03282070904970169,-0.06686672568321228
421,6539,16804,953,3,0.14553749561309814,0.03292205184698105,-0.07497098296880722
422,6554,8775,705,2,0.1455833613872528,0.031379565596580505,0.2109605222940445
423,6595,21277,152,2,0.14527025818824768,0.033632054924964905,0.9088589549064636
424,6596,22347,777,5,0.14666476845741272,0.03536832332611084,0.1858772337436676
425,6619,22961,75,2,0.14562895894050598,0.03457112982869148,1.333102822303772
426,6623,22657,364,2,0.14547020196914673,0.033460456877946854,0.6631190776824951
427,6631,1408,1769,3,0.14566001296043396,0.031988129019737244,-1.8887436389923096
428,6666,21757,1258,3,0.14560958743095398,0.03164244443178177,-0.4560132622718811
429,6669,4536,104,2,0.145845428109169,0.03493236005306244,1.2566218376159668
430,6686,23031,453,4,0.14536544680595398,0.03340332955121994,0.45473936200141907
431,6696,18186,1177,2,0.14532850682735443,0.036048393696546555,-0.1939397156238556
432,6697,21691,1195,4,0.1460069715976715,0.03200797736644745,-0.3388517200946808
433,6706,670,980,2,0.14736483991146088,0.03505146503448486,-0.08869262039661407
434,6717,4566,374,7,0.1468026041984558,0.033822622150182724,0.6526466608047485
435,6729,21141,618,4,0.14677020907402039,0.03496776521205902,0.12447008490562439
436,6730,22000,188,2,0.145639106631279,0.035110387951135635,0.9299944043159485
437,6739,22987,1079,8,0.14859548211097717,0.03278806805610657,-0.1224687322974205
438,6742,966,86,2,0.14598096907138824,0.03910398855805397,1.0216141939163208
439,6750,451,101,2,0.14546678960323334,0.034727491438388824,1.2294373512268066
440,6760,12823,85,3,0.14738747477531433,0.040388599038124084,1.2343828678131104
441,6762,15814,761,5,0.14696118235588074,0.032031506299972534,0.16009372472763062
442,6766,4196,811,3,0.14670869708061218,0.0355830192565918,0.1505146324634552
443,6768,16613,759,2,0.14530079066753387,0.03148261085152626,0.21259953081607819
444,6770,22970,580,3,0.1461443454027176,0.03227391839027405,0.28893598914146423
445,6787,21758,192,5,0.14731630682945251,0.036482200026512146,0.8822518587112427
446,6804,21003,1,2,0.14632457494735718,0.03959127515554428,2.83575439453125
447,6820,458,1269,3,0.14658720791339874,0.030446821823716164,-0.41424560546875
448,6838,22928,1564,6,0.1505400389432907,0.028760995715856552,-0.7637443542480469
449,6859,9462,87,2,0.14872728288173676,0.037250980734825134,1.612931251525879
450,6874,18842,436,5,0.14763641357421875,0.03424181044101715,0.48637527227401733
451,6878,1894,872,4,0.1456538736820221,0.03012910857796669,-0.005048230290412903
452,6946,861,1266,4,0.14716601371765137,0.03330916911363602,-0.35119086503982544
453,6951,22861,335,2,0.1470729559659958,0.033882997930049896,0.6854168176651001
454,6967,20687,1767,2,0.14545084536075592,0.030108198523521423,-2.2345428466796875
455,6979,8252,484,5,0.14725299179553986,0.033527471125125885,0.5227648615837097
456,6990,23020,1455,3,0.14602161943912506,0.03138364478945732,-0.6259865760803223
457,7025,14372,984,4,0.1460900455713272,0.037033043801784515,-0.0748399943113327
458,7042,23027,1660,4,0.14638099074363708,0.032051943242549896,-1.2346339225769043
459,7043,22961,932,2,0.14562655985355377,0.031084787100553513,0.018477946519851685
460,7047,2760,1170,3,0.14608177542686462,0.03380291163921356,-0.35172146558761597
461,7062,3315,145,3,0.14552266895771027,0.03466687351465225,1.0185257196426392
462,7064,14238,1451,2,0.1459898054599762,0.03164692968130112,-0.5849562883377075
463,7092,13580,8,5,0.14714570343494415,0.036832693964242935,2.444065570831299
464,7093,3163,1616,2,0.14684408903121948,0.028473906219005585,-1.0438064336776733
465,7094,483,1197,2,0.14621008932590485,0.03196132183074951,-0.23863115906715393
466,7095,4507,1,3,0.1467578113079071,0.04042721167206764,2.46305251121521
467,7109,22682,104,8,0.14854560792446136,0.035397715866565704,1.1322144269943237
468,7110,21344,1454,2,0.1455289125442505,0.032519154250621796,-0.6663082242012024
469,7120,22892,1471,7,0.14676223695278168,0.032358549535274506,-0.7254693508148193
470,7139,486,665,2,0.1457677185535431,0.03255973383784294,0.33049073815345764
471,7150,20658,543,2,0.1453564614057541,0.03240320086479187,0.40302878618240356
472,7151,9694,42,2,0.14586330950260162,0.03526382893323898,1.4013367891311646
473,7153,21966,1003,3,0.145697221159935,0.030743520706892014,-0.12208077311515808
474,7166,17941,82,2,0.14667613804340363,0.03713340312242508,1.1203618049621582
475,7173,17099,270,4,0.14555098116397858,0.03477265685796738,0.8517059087753296
476,7176,5108,1634,2,0.14635145664215088,0.02725551277399063,-0.9329379200935364
477,7185,16344,540,9,0.14868399500846863,0.03312211483716965,0.39418697357177734
478,7187,22961,1343,3,0.14583908021450043,0.03142014145851135,-0.4968123733997345
479,7192,23025,1527,4,0.14579981565475464,0.031992554664611816,-0.6898823976516724
480,7214,622,271,3,0.1456141471862793,0.03257599472999573,0.7525601387023926
481,7250,22442,1642,2,0.14563961327075958,0.029766658321022987,-1.0373622179031372
482,7260,22975,105,3,0.14574748277664185,0.03380235284566879,1.195283055305481
483,7261,10331,589,2,0.14532284438610077,0.030928146094083786,0.3065453767776489
484,7262,17216,581,2,0.14535637199878693,0.03264913707971573,0.2985619902610779
485,7263,19389,276,8,0.14858980476856232,0.03466838598251343,0.695487380027771
486,7264,497,1106,2,0.14582662284374237,0.03027394413948059,-0.18077194690704346
487,7271,17645,951,5,0.1471233367919922,0.03192571550607681,-0.04532242566347122
488,7276,4557,1289,3,0.1475592851638794,0.03024449199438095,-0.3103594481945038
489,7303,22984,797,4,0.14546871185302734,0.03140562027692795,0.12090478092432022
490,7309,22112,92,3,0.14567601680755615,0.03369970992207527,1.2455753087997437
491,7311,13257,1612,3,0.14562319219112396,0.030724134296178818,-0.9806205630302429
492,7312,12174,290,2,0.14560791850090027,0.035564251244068146,0.7153998613357544
493,7313,501,1172,2,0.14654770493507385,0.030930858105421066,-0.19259807467460632
494,7318,21593,928,4,0.1463867872953415,0.03195852413773537,-0.021678239107131958
495,7352,5297,912,3,0.14608490467071533,0.030816368758678436,-0.005857877433300018
496,7356,7203,1767,4,0.14564993977546692,0.02899213135242462,-1.9961084127426147
497,7364,18630,464,2,0.14539089798927307,0.03320872783660889,0.5018365979194641
498,7432,20547,868,6,0.14715683460235596,0.03226800262928009,-0.02969193458557129
499,7453,18770,603,2,0.14673782885074615,0.030939068645238876,0.28842782974243164
500,7517,15006,8,2,0.1471584439277649,0.04401169717311859,1.3832557201385498
501,7524,19608,373,2,0.1459670066833496,0.03724042326211929,0.5178516507148743
502,7541,5986,1441,2,0.14543884992599487,0.03252484276890755,-0.6605576276779175
503,7557,22237,1082,3,0.14628563821315765,0.03163326531648636,-0.1061137318611145
504,7576,21893,1415,3,0.14640213549137115,0.03118008002638817,-0.621699333190918
505,7601,19460,1216,2,0.1456088274717331,0.034039150923490524,-0.24240367114543915
506,7609,20393,681,2,0.14531627297401428,0.034639980643987656,0.24587497115135193
507,7628,6261,282,3,0.1458875983953476,0.033672936260700226,0.6675606966018677
508,7638,22925,695,3,0.145403653383255,0.032044701278209686,0.16814936697483063
509,7651,20792,579,3,0.1454748511314392,0.03302374854683876,0.40616732835769653
510,7657,13314,858,3,0.14536328613758087,0.031098535284399986,0.06021392345428467
511,7673,525,1663,2,0.14704599976539612,0.030487457290291786,-1.0772508382797241
512,7681,11990,1514,2,0.14581003785133362,0.029759004712104797,-0.6445749998092651
513,7682,10884,524,3,0.14538772404193878,0.031840987503528595,0.3928438425064087
514,7701,4599,73,2,0.14555715024471283,0.03538013994693756,1.2570449113845825
515,7702,19110,33,10,0.1480257511138916,0.03398214280605316,1.41006338596344
516,7707,17029,1104,3,0.14547650516033173,0.0333913117647171,-0.20935355126857758
517,7717,531,76,3,0.14569416642189026,0.035886578261852264,1.1324656009674072
518,7719,9220,1648,5,0.14709779620170593,0.03184681385755539,-0.9468181729316711
519,7765,536,44,5,0.14745210111141205,0.036202192306518555,1.4454076290130615
520,7813,13800,464,2,0.14603793621063232,0.02905491553246975,0.4810291528701782
521,7816,922,3,1,0.14639951288700104,0.037877753376960754,2.672914981842041
522,7850,2246,97,3,0.14520984888076782,0.03310981020331383,1.4261337518692017
523,7883,22996,541,2,0.14535577595233917,0.032808057963848114,0.41921332478523254
524,7892,18744,142,4,0.14580152928829193,0.03592429682612419,1.0982533693313599
525,7895,20027,967,3,0.1457495242357254,0.03335009887814522,-0.15657396614551544
526,7916,6451,405,4,0.14578236639499664,0.03491996228694916,0.5392056703567505
527,7920,554,1226,2,0.1454164981842041,0.03256530314683914,-0.20204108953475952
528,7928,3719,661,1,0.14698489010334015,0.03662293031811714,0.1963689923286438
529,7932,20472,1247,3,0.14584533870220184,0.031064476817846298,-0.3357389569282532
530,7960,21356,488,2,0.14533117413520813,0.034325242042541504,0.46567851305007935
531,7984,563,1613,2,0.14624570310115814,0.030396822839975357,-0.8612004518508911
532,7999,22938,954,2,0.14598269760608673,0.033497340977191925,-0.03401117026805878
533,8025,23012,933,2,0.1455792486667633,0.03176257014274597,-0.08795534819364548
534,8032,8090,22,2,0.14527565240859985,0.03426256775856018,2.05898380279541
535,8070,11984,1382,2,0.1455763578414917,0.03041885979473591,-0.5318304300308228
536,8075,20472,771,2,0.1453862488269806,0.03180139139294624,0.12073960155248642
537,8092,22911,1484,1,0.14575843513011932,0.030589142814278603,-0.7115424871444702
538,8101,20768,6,2,0.14511561393737793,0.03446538373827934,2.469492197036743
539,8111,20848,145,3,0.14566166698932648,0.031200500205159187,1.0828434228897095
540,8118,14054,394,3,0.1457938402891159,0.03271399810910225,0.4359404146671295
541,8120,22645,752,3,0.1459255814552307,0.03464949503540993,0.04669933021068573
542,8132,2283,1514,6,0.14679673314094543,0.03110770881175995,-0.8043333888053894
543,8135,23014,23,9,0.14890074729919434,0.038581062108278275,1.7133655548095703
544,8136,11369,840,5,0.14693792164325714,0.032329414039850235,0.011444583535194397
545,8141,18429,405,1,0.1463245451450348,0.03420698642730713,0.5683841109275818
546,8148,20231,310,2,0.145594522356987,0.03306642547249794,0.5972944498062134
547,8186,8354,1393,2,0.14675594866275787,0.030393561348319054,-0.4769690930843353
548,8226,12656,1,2,0.14624342322349548,0.03751875087618828,4.338725566864014
549,8247,21508,52,3,0.14562378823757172,0.033608049154281616,1.412992238998413
550,8264,20985,734,2,0.14809544384479523,0.03361015394330025,0.008366083726286888
551,8282,589,1710,5,0.1466032713651657,0.03177131712436676,-1.4409067630767822
552,8284,17142,153,7,0.14683835208415985,0.03338322043418884,0.9915435910224915
553,8287,8397,755,2,0.14622043073177338,0.03258837014436722,0.20624008774757385
554,8294,22638,584,10,0.1479862779378891,0.032197535037994385,0.41486212611198425
555,8330,6011,373,3,0.14542898535728455,0.03287171199917793,0.5880463123321533
556,8338,9185,1224,3,0.14529524743556976,0.03217574208974838,-0.33683809638023376
557,8366,6235,818,4,0.14564594626426697,0.03076782450079918,0.03925393149256706
558,8389,21098,870,2,0.14587163925170898,0.030505090951919556,0.05522509664297104
559,8398,1266,417,2,0.14644816517829895,0.03166791796684265,0.5442721247673035
560,8414,15635,927,7,0.14884276688098907,0.032328493893146515,-0.10224136710166931
561,8415,16409,282,2,0.14697383344173431,0.041408389806747437,0.727166473865509
562,8423,8907,866,3,0.1465725600719452,0.030922941863536835,-0.09444695711135864
563,8429,8970,355,2,0.14545004069805145,0.03611721098423004,0.6660304665565491
564,8440,2951,1566,3,0.1456112414598465,0.03352109715342522,-0.8479913473129272
565,8450,19333,947,2,0.14634501934051514,0.032656479626894,-0.04397168755531311
566,8498,22851,440,2,0.14589817821979523,0.032867077738046646,0.49491173028945923
567,8508,20768,658,2,0.14581769704818726,0.030124438926577568,0.21176549792289734
568,8511,20888,1757,2,0.1463048756122589,0.027603754773736,-2.2145256996154785
569,8577,7310,244,10,0.14833959937095642,0.030762430280447006,0.7669933438301086
570,8583,9039,508,2,0.14625556766986847,0.03272586315870285,0.32408958673477173
571,8629,16159,182,6,0.1470566838979721,0.03347528725862503,1.0994086265563965
572,8652,12607,436,3,0.14636406302452087,0.03186853975057602,0.4823234975337982
573,8684,17811,96,5,0.14829698204994202,0.03929159417748451,1.1671562194824219
574,8686,9302,1577,2,0.1458900272846222,0.030205633491277695,-0.8602866530418396
575,8707,628,1116,7,0.14840807020664215,0.030255027115345,-0.2670050859451294
576,8711,23030,1770,3,0.14606982469558716,0.027433505281805992,-2.2459328174591064
577,8745,632,1730,3,0.14551317691802979,0.031031422317028046,-1.4943697452545166
578,8770,10027,744,3,0.14572462439537048,0.03440319746732712,0.13289834558963776
579,8771,635,1676,2,0.14848223328590393,0.02864019200205803,-1.233172059059143
580,8777,22273,1446,2,0.14577659964561462,0.03196948766708374,-0.5001091361045837
581,8793,20471,141,2,0.14579921960830688,0.03500230610370636,0.8974807858467102
582,8805,9231,724,2,0.14607225358486176,0.03642324358224869,0.18967151641845703
583,8825,16607,1712,2,0.14725133776664734,0.02996821328997612,-1.3574087619781494
584,8834,21996,834,3,0.14613953232765198,0.03447180241346359,0.032771699130535126
585,8843,7077,445,2,0.14625655114650726,0.03042927011847496,0.4698924422264099
586,8899,23009,1165,4,0.14562349021434784,0.034263595938682556,-0.26345813274383545
587,8904,12639,645,3,0.14546261727809906,0.03191570192575455,0.2556455135345459
588,8918,1629,1722,2,0.1477966606616974,0.030873283743858337,-1.2898030281066895
589,8961,8624,165,3,0.14634190499782562,0.034088946878910065,0.9997277855873108
590,9006,14115,879,2,0.1455390602350235,0.03195010870695114,0.033858269453048706
591,9014,6569,41,5,0.1477469652891159,0.034070178866386414,1.4302290678024292
592,9015,13400,150,3,0.14720559120178223,0.03723771870136261,1.0278692245483398
593,9019,16384,1268,2,0.14641565084457397,0.032028794288635254,-0.46594974398612976
594,9029,22154,642,5,0.14689891040325165,0.03310209512710571,0.26807788014411926
595,9046,6535,281,4,0.1457568109035492,0.033981818705797195,0.7958410978317261
596,9059,16893,147,3,0.14732879400253296,0.04201066493988037,1.0217713117599487
597,9094,4491,401,5,0.14707070589065552,0.03435809910297394,0.5791618824005127
598,9095,21833,203,3,0.14558841288089752,0.033644743263721466,0.8753789067268372
599,9108,653,331,3,0.14548823237419128,0.033838555216789246,0.6911330223083496
600,9115,22446,863,3,0.1481655389070511,0.029007606208324432,-0.06866024434566498
601,9135,694,1708,2,0.14593520760536194,0.030827660113573074,-1.5243499279022217
602,9195,21241,1096,1,0.14689359068870544,0.033183079212903976,-0.2339334636926651
603,9207,20180,1124,3,0.14602823555469513,0.03390657529234886,-0.30778297781944275
604,9225,21613,737,2,0.14707529544830322,0.03443051874637604,0.12149247527122498
605,9236,6797,608,2,0.1469673216342926,0.03092489205300808,0.2521362602710724
606,9251,18477,1773,2,0.14509879052639008,0.03583645820617676,-2.4447450637817383
607,9257,22970,15,2,0.14549756050109863,0.0339571014046669,1.3579405546188354
608,9258,19494,106,5,0.14760109782218933,0.03949033468961716,1.0623835325241089
609,9294,8707,1703,2,0.1456809639930725,0.030703403055667877,-1.303166151046753
610,9302,6191,106,2,0.14579111337661743,0.03564444184303284,1.2022528648376465
611,9315,675,742,2,0.14682267606258392,0.02790917456150055,0.13403064012527466
612,9324,675,6,3,0.14571090042591095,0.036603961139917374,2.185713052749634
613,9331,17519,1613,2,0.14652618765830994,0.03276895731687546,-0.7418018579483032
614,9357,20745,623,3,0.1457938700914383,0.033443648368120193,0.25821653008461
615,9379,9495,1452,2,0.1462060511112213,0.031856875866651535,-0.545760452747345
616,9397,680,144,2,0.14558707177639008,0.032086268067359924,1.0046439170837402
617,9398,7799,974,2,0.1474231481552124,0.03148709610104561,-0.12495113909244537
618,9411,17237,643,2,0.14602512121200562,0.033844735473394394,0.2513355314731598
619,9415,22853,119,2,0.14634934067726135,0.03978509455919266,1.3918452262878418
620,9448,20143,1370,4,0.14582237601280212,0.03188291937112808,-0.47571784257888794
621,9458,2026,289,2,0.14608994126319885,0.03809479624032974,0.7454009056091309
622,9468,21350,18,2,0.14769913256168365,0.04578288272023201,1.3964263200759888
623,9483,22844,860,7,0.14646786451339722,0.03176673501729965,0.12394991517066956
624,9512,10085,338,2,0.14543887972831726,0.03296121582388878,0.6254561543464661
625,9513,12401,183,2,0.14545395970344543,0.03437880054116249,0.8137685060501099
626,9544,23002,975,4,0.14544564485549927,0.03021477535367012,-0.09821632504463196
627,9555,14053,1,1,0.14624057710170746,0.03807259351015091,3.1592745780944824
628,9562,15862,1190,3,0.14599385857582092,0.03054594248533249,-0.27141621708869934
629,9591,5987,488,9,0.14866802096366882,0.03361339494585991,0.4647463262081146
630,9604,21982,368,6,0.1489637941122055,0.035031288862228394,0.576860785484314
631,9669,3956,162,2,0.14730224013328552,0.04258634150028229,1.0119216442108154
632,9697,712,2,2,0.14730089902877808,0.04381860792636871,2.0113227367401123
633,9733,712,18,2,0.14782840013504028,0.04402291774749756,1.253238320350647
634,9773,7373,95,3,0.14588643610477448,0.032605186104774475,1.3141909837722778
635,9814,21711,484,3,0.145457461476326,0.03318525105714798,0.41184675693511963
636,9828,22812,425,2,0.14671531319618225,0.03196915611624718,0.436075359582901
637,9830,22739,425,3,0.14566881954669952,0.03176095709204674,0.5186739563941956
638,9874,14417,123,2,0.14570891857147217,0.034101806581020355,1.0573960542678833
639,9883,18076,936,2,0.14665552973747253,0.03260314464569092,-0.05033993721008301
640,9885,4907,1079,2,0.14565618336200714,0.03042277693748474,-0.18100185692310333
641,9917,2668,10,6,0.14912408590316772,0.04200110584497452,1.8955185413360596
642,9921,22889,582,3,0.14590957760810852,0.03206765279173851,0.2883165180683136
643,9928,720,278,2,0.14694544672966003,0.031067224219441414,0.7524411678314209
644,9929,4725,601,2,0.1451953649520874,0.035610929131507874,0.3525979220867157
645,9931,21491,122,2,0.1456441432237625,0.03318985924124718,1.2821654081344604
646,9943,22998,922,3,0.1457778662443161,0.03251377120614052,0.0034882426261901855
647,9969,4603,508,2,0.1461196094751358,0.03493340313434601,0.3841833472251892
648,9973,14084,1255,2,0.14770857989788055,0.02898423559963703,-0.26799604296684265
649,9993,9879,440,2,0.14584395289421082,0.030327042564749718,0.4358644187450409
650,10009,9313,147,4,0.14576604962348938,0.03356535732746124,0.9264410734176636
651,10028,6969,259,1,0.14663951098918915,0.031694307923316956,0.7692378163337708
652,10050,15381,686,3,0.1462935209274292,0.03446124121546745,0.156236469745636
653,10106,21803,554,4,0.14572635293006897,0.03192080929875374,0.3471071124076843
654,10118,3611,19,3,0.1460084766149521,0.0362616702914238,2.1792056560516357
655,10156,3434,2,2,0.14580993354320526,0.038937196135520935,2.4911727905273438
656,10173,6235,1495,2,0.14520741999149323,0.03109712153673172,-0.7155123949050903
657,10186,7338,103,2,0.14694082736968994,0.03890839219093323,1.2766716480255127
658,10216,7524,1687,2,0.14558051526546478,0.03208167850971222,-1.302081823348999
659,10239,2844,530,2,0.14576637744903564,0.03473806753754616,0.3865692913532257
660,10258,22552,1389,4,0.14557448029518127,0.033614352345466614,-0.44724205136299133
661,10275,16108,304,3,0.14735165238380432,0.03265593200922012,0.8012480139732361
662,10280,7809,816,2,0.14578410983085632,0.03293447196483612,0.09738075733184814
663,10307,10059,1081,2,0.14554651081562042,0.03187408298254013,-0.19496363401412964
664,10315,741,384,3,0.14547306299209595,0.03261314705014229,0.6040495038032532
665,10327,14451,682,3,0.14719782769680023,0.03506428748369217,0.13619758188724518
666,10344,3083,1281,2,0.1456531584262848,0.031549546867609024,-0.44865381717681885
667,10383,22133,369,4,0.14640308916568756,0.03114856407046318,0.5696210861206055
668,10390,23009,1738,2,0.14715510606765747,0.028211981058120728,-1.8856561183929443
669,10430,1616,721,1,0.14746150374412537,0.03834986686706543,0.29254573583602905
670,10440,12335,20,3,0.1480218470096588,0.04436257481575012,1.6580288410186768
671,10467,3718,34,5,0.14680053293704987,0.03604644536972046,1.2801958322525024
672,10471,12192,159,3,0.14591668546199799,0.033024534583091736,1.040057897567749
673,10481,8466,173,2,0.1458318829536438,0.03545726090669632,0.9594917297363281
674,10523,22773,998,3,0.14577996730804443,0.0314556322991848,-0.11064673960208893
675,10526,11477,269,4,0.14598466455936432,0.03246366232633591,0.7671877145767212
676,10550,16962,239,8,0.1505478471517563,0.038700468838214874,0.924114465713501
677,10664,20477,5,6,0.1474630981683731,0.03252188116312027,2.329437017440796
678,10680,18021,1714,4,0.1458422839641571,0.030464572831988335,-1.5700913667678833
679,10718,22052,1094,2,0.14597466588020325,0.033238764852285385,-0.16046519577503204
680,10725,767,1708,2,0.14597271382808685,0.028652433305978775,-1.0819343328475952
681,10734,2579,952,5,0.1465563327074051,0.0319950245320797,-0.0918302834033966
682,10743,8637,838,2,0.14563748240470886,0.029929514974355698,0.04144103825092316
683,10746,9206,13,4,0.1459084451198578,0.035240743309259415,1.8404409885406494
684,10749,10049,1017,3,0.1455664187669754,0.034172192215919495,-0.09833812713623047
685,10760,16404,338,2,0.14624322950839996,0.03014248050749302,0.584584653377533
686,10782,22979,1072,5,0.14689667522907257,0.0326467826962471,-0.18389278650283813
687,10787,22807,1038,5,0.14736062288284302,0.03210378438234329,-0.08749144524335861
688,10808,10068,893,2,0.1471496820449829,0.030633745715022087,-0.009884506464004517
689,10830,8336,1425,2,0.1453019231557846,0.03234298154711723,-0.6715083718299866
690,10835,3990,191,2,0.14689186215400696,0.03781665861606598,0.9139447808265686
691,10836,17962,14,2,0.14598505198955536,0.038545213639736176,1.6877803802490234
692,10846,782,409,5,0.14662209153175354,0.03354142606258392,0.5405725240707397
693,10848,19423,1452,2,0.14555349946022034,0.031202059239149094,-0.6629847288131714
694,10871,21691,2,4,0.1474948674440384,0.041466355323791504,1.6856560707092285
695,10918,17814,757,2,0.14702516794204712,0.03264094889163971,0.005589686334133148
696,10942,21366,1092,1,0.14786234498023987,0.029199058189988136,-0.2881358563899994
697,10949,14358,898,3,0.14597094058990479,0.03303875774145126,0.032822925597429276
698,10951,20348,1442,5,0.14663027226924896,0.03248918429017067,-0.5977157354354858
699,10960,11420,1181,2,0.14670728147029877,0.028211068361997604,-0.2597833275794983
700,10966,4231,1,2,0.1462712287902832,0.034388065338134766,4.355603218078613
701,10973,4645,1394,3,0.14556245505809784,0.030238162726163864,-0.5101350545883179
702,10985,22929,191,3,0.14545278251171112,0.03424331918358803,0.8665250539779663
703,10991,12956,735,2,0.14551979303359985,0.034571532160043716,0.13570433855056763
704,11042,20979,304,2,0.14561890065670013,0.039206817746162415,0.6782201528549194
705,11045,16829,287,3,0.14639143645763397,0.03998761996626854,0.7640156745910645
706,11046,22076,953,2,0.14698046445846558,0.03269037976861,-0.07454387843608856
707,11054,22874,709,2,0.14581285417079926,0.030858667567372322,0.2324385643005371
708,11076,4643,1395,2,0.14560534060001373,0.03334794566035271,-0.516337513923645
709,11077,14417,62,6,0.14687465131282806,0.03213826194405556,1.2397327423095703
710,11082,10900,542,2,0.1465667486190796,0.031856656074523926,0.3626815676689148
711,11100,12830,26,2,0.14604170620441437,0.036172669380903244,2.093425750732422
712,11116,18339,252,4,0.14561395347118378,0.0327426940202713,0.7370669841766357
713,11125,805,1467,5,0.14712661504745483,0.030492035672068596,-0.6690512299537659
714,11126,805,948,3,0.14600740373134613,0.03203383833169937,0.0028651952743530273
715,11128,16156,3,3,0.14569169282913208,0.034319695085287094,2.7611398696899414
716,11129,15001,582,3,0.14568692445755005,0.03674737736582756,0.33987563848495483
717,11132,20734,174,4,0.14623956382274628,0.03353327512741089,0.8938397765159607
718,11153,22572,16,3,0.14581172168254852,0.03560556471347809,1.897486925125122
719,11168,20913,704,2,0.14558708667755127,0.03304906561970711,0.24859102070331573
720,11181,22575,691,1,0.14569254219532013,0.03328917548060417,0.15949949622154236
721,11190,1660,1031,5,0.14752282202243805,0.031915247440338135,-0.12856356799602509
722,11197,22922,325,2,0.14656119048595428,0.031294744461774826,0.7253843545913696
723,11199,17410,81,2,0.14542214572429657,0.03526107966899872,1.373785376548767
724,11201,3484,466,4,0.1455589234828949,0.03419888764619827,0.5000054836273193
725,11204,17717,79,4,0.14669492840766907,0.0355508029460907,1.4455771446228027
726,11211,12306,480,2,0.14602583646774292,0.03916282206773758,0.4657902717590332
727,11284,2046,61,5,0.14678798615932465,0.03321812301874161,1.8668090105056763
728,11301,21337,344,5,0.1472446620464325,0.03288635239005089,0.6768627762794495
729,11316,22549,1142,6,0.14901337027549744,0.033618420362472534,-0.24133668839931488
730,11322,22965,403,5,0.14698249101638794,0.03223042190074921,0.5176546573638916
731,11324,23021,759,2,0.14647594094276428,0.031223714351654053,0.04582184925675392
732,11337,18244,596,10,0.14958614110946655,0.03194781392812729,0.2992117404937744
733,11364,23024,655,4,0.14652493596076965,0.031014787033200264,0.23532512784004211
734,11365,22964,89,2,0.14597199857234955,0.03369513899087906,1.1486647129058838
735,11376,16220,1343,1,0.14627215266227722,0.029923638328909874,-0.45520296692848206
736,11392,21951,730,5,0.14806722104549408,0.03407757729291916,0.10157265514135361
737,11407,18272,96,2,0.14715005457401276,0.04230958968400955,1.080213189125061
738,11418,10838,29,4,0.14607755839824677,0.03405926749110222,1.8056328296661377
739,11450,3637,640,2,0.14512020349502563,0.03478054329752922,0.29054754972457886
740,11460,9725,144,2,0.1451626569032669,0.033676471561193466,1.0177550315856934
741,11461,1402,506,8,0.14908760786056519,0.032584432512521744,0.4845374822616577
742,11482,6293,78,2,0.145676851272583,0.031158078461885452,1.1608848571777344
743,11505,22004,1449,2,0.14735516905784607,0.030403703451156616,-0.6305696964263916
744,11520,3369,1051,4,0.14644163846969604,0.031489353626966476,-0.15596117079257965
745,11530,20302,1527,2,0.14570167660713196,0.033188872039318085,-0.7446056008338928
746,11584,10780,37,3,0.14569011330604553,0.03662482649087906,1.7615424394607544
747,11598,13669,289,2,0.14653454720973969,0.03258497267961502,0.6080194115638733
748,11604,4761,443,6,0.1466498076915741,0.03368472680449486,0.5302284955978394
749,11619,22835,987,3,0.14548151195049286,0.032796189188957214,-0.10104325413703918
750,11620,22688,1062,3,0.14563097059726715,0.033420711755752563,-0.18709737062454224
751,11626,2060,495,7,0.14758864045143127,0.03303666412830353,0.4326022267341614
752,11636,866,349,7,0.14666748046875,0.03446459025144577,0.7910768389701843
753,11641,21411,365,3,0.1457117646932602,0.03147844225168228,0.6094006896018982
754,11643,868,1,2,0.1455094814300537,0.03816778212785721,4.110195636749268
755,11698,875,1565,2,0.1462341696023941,0.034311406314373016,-0.83277428150177
756,11702,9775,1715,2,0.14686976373195648,0.030472800135612488,-1.3372455835342407
757,11710,22896,631,9,0.14802788197994232,0.03313141316175461,0.33701619505882263
758,11757,23008,422,2,0.1460193544626236,0.03205960988998413,0.5603866577148438
759,11758,22929,1039,3,0.14567553997039795,0.033235251903533936,-0.10577501356601715
760,11815,889,1051,4,0.14566770195960999,0.03690735250711441,-0.08803210407495499
761,11829,21350,379,6,0.1470256745815277,0.03453660011291504,0.5348351001739502
762,11867,22414,351,10,0.14756277203559875,0.03246646001935005,0.6587035655975342
763,11877,16189,1610,3,0.14566797018051147,0.03235083073377609,-0.9196484684944153
764,11883,19222,896,2,0.14611990749835968,0.0336773581802845,0.04672739654779434
765,11891,6019,458,2,0.14602667093276978,0.033922597765922546,0.5745370984077454
766,11899,22645,75,3,0.14600853621959686,0.035082533955574036,1.1749478578567505
767,11901,15883,1644,2,0.14531439542770386,0.03230346739292145,-1.0872904062271118
768,11918,16348,1114,2,0.14653581380844116,0.0318315364420414,-0.2939448952674866
769,11930,22329,242,2,0.14627628028392792,0.03309991955757141,0.7611468434333801
770,11957,15869,369,2,0.14658626914024353,0.037338532507419586,0.5800929665565491
771,11962,9376,1161,2,0.14581088721752167,0.03154424577951431,-0.30340775847435
772,12053,5138,352,2,0.14614102244377136,0.032640837132930756,0.5914438962936401
773,12084,22594,724,3,0.1456889808177948,0.031904108822345734,0.244908407330513
774,12095,15826,1211,3,0.14524409174919128,0.03242539241909981,-0.32786068320274353
775,12161,18367,1542,2,0.14543798565864563,0.03218318149447441,-0.7797777652740479
776,12172,11479,165,2,0.14527665078639984,0.03222089260816574,0.9776813983917236
777,12189,12118,123,4,0.14546169340610504,0.03505450487136841,0.8982253670692444
778,12203,6636,1,3,0.1458282172679901,0.03368621692061424,2.722221612930298
779,12208,1901,1548,2,0.14652830362319946,0.031629420816898346,-0.6602508425712585
780,12266,2817,788,1,0.14794231951236725,0.02796332538127899,-0.008611112833023071
781,12274,12740,1264,1,0.1459101140499115,0.030636677518486977,-0.28422078490257263
782,12276,15826,1078,3,0.14536409080028534,0.03262506425380707,-0.11491470038890839
783,12292,21992,1460,3,0.14533200860023499,0.030091404914855957,-0.6118872761726379
784,12319,3793,39,2,0.14566372334957123,0.037268973886966705,1.1768596172332764
785,12320,10591,540,2,0.1459423303604126,0.034488286823034286,0.38232266902923584
786,12324,2055,1733,2,0.14698313176631927,0.03289719298481941,-1.0771920680999756
787,12329,21624,11,3,0.14550240337848663,0.03554832935333252,1.644834280014038
788,12337,22183,1009,3,0.14536751806735992,0.03053913079202175,-0.17096807062625885
789,12340,4813,270,2,0.14689156413078308,0.040765222162008286,0.8123388290405273
790,12361,17859,744,2,0.14592359960079193,0.03470531105995178,0.23282283544540405
791,12401,2178,745,3,0.14558610320091248,0.03119822032749653,0.1485917717218399
792,12432,966,1537,2,0.1454228311777115,0.031146898865699768,-0.7093753814697266
793,12434,966,215,3,0.1460852175951004,0.03901510313153267,0.8713911771774292
794,12466,21826,62,2,0.14595095813274384,0.03398754075169563,1.415234088897705
795,12545,21345,746,3,0.14658516645431519,0.03237123414874077,0.046753570437431335
796,12575,23002,230,4,0.1453646719455719,0.03193601965904236,0.7936234474182129
797,12579,16883,88,2,0.1459275782108307,0.03832449018955231,1.020456075668335
798,12598,11991,51,2,0.14660310745239258,0.035335153341293335,1.6897387504577637
799,12623,22004,242,3,0.14687179028987885,0.04007174074649811,0.9489519596099854
800,12624,21826,9,3,0.1455337554216385,0.032984182238578796,1.6082127094268799
801,12635,9590,94,2,0.14581018686294556,0.03383247181773186,1.075443148612976
802,12661,2706,195,2,0.14550340175628662,0.03715486079454422,0.9413888454437256
803,12683,10843,482,4,0.14635732769966125,0.03149954229593277,0.37275469303131104
804,12723,4262,11,4,0.1474970579147339,0.04141048714518547,3.0864083766937256
805,12750,10918,579,4,0.14528526365756989,0.03273937106132507,0.33699148893356323
806,12796,14657,399,3,0.1462019681930542,0.03232192620635033,0.5203913450241089
807,12799,3913,1401,2,0.14736641943454742,0.030963653698563576,-0.47491908073425293
808,12802,22591,584,3,0.14533473551273346,0.03285784646868706,0.30561327934265137
809,12844,22228,475,4,0.14551128447055817,0.03348090499639511,0.3784584105014801
810,12854,21115,43,3,0.14570027589797974,0.035492513328790665,1.2835752964019775
811,12856,6053,480,2,0.1459229737520218,0.03225703909993172,0.4416530430316925
812,12857,21956,1040,3,0.1457485407590866,0.03093329817056656,-0.12309004366397858
813,12868,14224,199,2,0.14617717266082764,0.039996035397052765,0.7801573276519775
814,12900,15861,1744,7,0.1465766876935959,0.031141100451350212,-1.8578507900238037
815,12904,22903,540,4,0.1457688808441162,0.03173498809337616,0.3226240277290344
816,12916,8381,51,3,0.14540299773216248,0.03386685252189636,1.3256829977035522
817,12941,20283,187,1,0.1469610184431076,0.03268681466579437,0.8837910294532776
818,12949,13473,276,2,0.14599953591823578,0.038159411400556564,0.7570012807846069
819,12953,22874,1652,2,0.14647610485553741,0.031944721937179565,-0.8821688890457153
820,12976,10661,1319,1,0.14673666656017303,0.02980632893741131,-0.44323158264160156
821,12983,22596,211,1,0.14629578590393066,0.03136640787124634,0.7498770952224731
822,13052,21735,33,7,0.14724473655223846,0.037800081074237823,1.3394650220870972
823,13054,22084,758,2,0.14659036695957184,0.03213613107800484,0.13690142333507538
824,13056,3054,1361,2,0.14594976603984833,0.02936408668756485,-0.4466995894908905
825,13069,21568,1199,1,0.14715458452701569,0.03269093483686447,-0.2409961074590683
826,13081,4534,89,6,0.14703036844730377,0.034110527485609055,1.4882769584655762
827,13098,6456,1597,1,0.14720860123634338,0.033846646547317505,-1.0174332857131958
828,13162,19176,11,5,0.14668594300746918,0.03540073335170746,2.3922269344329834
829,13173,6513,1018,3,0.14573359489440918,0.03315628692507744,-0.19023673236370087
830,13211,8974,31,2,0.14759427309036255,0.04489602521061897,1.4296467304229736
831,13232,14477,1,3,0.1456206738948822,0.0357140377163887,3.085175037384033
832,13235,1051,1259,4,0.14592508971691132,0.033132750540971756,-0.25916728377342224
833,13264,19626,26,3,0.1474720984697342,0.04080718755722046,1.3723416328430176
834,13300,13760,526,2,0.14622975885868073,0.033726632595062256,0.3237222731113434
835,13310,3532,1104,2,0.14616723358631134,0.03110162541270256,-0.21552038192749023
836,13342,22636,1684,2,0.14599500596523285,0.031048672273755074,-1.045792579650879
837,13372,2386,32,4,0.14707735180854797,0.038334548473358154,1.9610764980316162
838,13392,22931,74,3,0.14724101126194,0.040056824684143066,1.5675184726715088
839,13404,11017,1249,3,0.14558835327625275,0.03384992107748985,-0.3512156009674072
840,13410,1081,171,2,0.14598140120506287,0.031054068356752396,1.0214776992797852
841,13424,11846,1695,2,0.14670191705226898,0.03189581260085106,-0.9108836650848389
842,13434,8784,518,2,0.14551781117916107,0.03164117783308029,0.4258507788181305
843,13472,8248,724,1,0.1479005217552185,0.03043978661298752,0.2698623239994049
844,13560,23005,633,2,0.1460823267698288,0.0319974347949028,0.15703986585140228
845,13566,22482,1650,3,0.14571622014045715,0.03259808197617531,-0.8839018940925598
846,13570,22344,177,5,0.14676931500434875,0.03432124853134155,0.9282854795455933
847,13604,7196,124,2,0.14632238447666168,0.03166656941175461,1.0968047380447388
848,13610,1101,1318,2,0.148856058716774,0.03154200688004494,-0.4151664674282074
849,13612,16633,2,2,0.14793208241462708,0.04602140188217163,2.1803932189941406
850,13616,9608,567,3,0.14613090455532074,0.0321681946516037,0.2765863537788391
851,13643,5042,948,2,0.14543752372264862,0.032428938895463943,0.005409647710621357
852,13665,1110,241,1,0.14709164202213287,0.03046814352273941,0.7630751729011536
853,13669,6031,1742,3,0.14622172713279724,0.029867365956306458,-1.4975744485855103
854,13681,22205,156,4,0.14541932940483093,0.03686842694878578,0.9824137687683105
855,13739,20995,1,3,0.1457129865884781,0.03690949082374573,2.3898839950561523
856,13741,10037,1353,2,0.1458764523267746,0.03250566124916077,-0.5287238955497742
857,13744,22019,314,2,0.1460288166999817,0.034744273871183395,0.6503100991249084
858,13769,1119,1268,2,0.1467568427324295,0.032668523490428925,-0.31413406133651733
859,13793,11213,1415,2,0.14648842811584473,0.030676361173391342,-0.49295175075531006
860,13795,1121,1246,2,0.146040141582489,0.030651498585939407,-0.4028182029724121
861,13813,10470,1,2,0.14565037190914154,0.03895069658756256,2.9844086170196533
862,13839,19825,265,2,0.14700505137443542,0.033905670046806335,0.7728316187858582
863,13845,1128,406,2,0.14688929915428162,0.03579602390527725,0.5008254051208496
864,13854,6055,1770,4,0.14579619467258453,0.029489822685718536,-1.998605489730835
865,13863,13556,224,8,0.15041925013065338,0.04062153398990631,0.7948766946792603
866,13913,20722,1639,2,0.1470499187707901,0.028759529814124107,-0.9379259347915649
867,13928,22364,713,2,0.14614231884479523,0.03302599862217903,0.09776541590690613
868,13940,9838,226,3,0.14735884964466095,0.04275535047054291,0.8604959845542908
869,13977,22144,474,2,0.1455823928117752,0.03523170202970505,0.5249648690223694
870,13984,18104,925,1,0.14629891514778137,0.03089013136923313,0.06772975623607635
871,14027,21334,306,3,0.14558716118335724,0.03334926441311836,0.7223852276802063
872,14029,17916,1734,3,0.14550714194774628,0.0317959189414978,-1.6713674068450928
873,14053,18029,416,1,0.14708174765110016,0.034491099417209625,0.5026692152023315
874,14085,22559,1508,2,0.1459725946187973,0.030053894966840744,-0.654460608959198
875,14090,5101,263,2,0.14646385610103607,0.032894428819417953,0.8267447352409363
876,14138,4164,488,3,0.14619293808937073,0.03284291550517082,0.37536880373954773
877,14176,12299,39,3,0.1462661623954773,0.036560870707035065,1.5108423233032227
878,14179,8348,32,2,0.14808286726474762,0.04503541439771652,1.4355876445770264
879,14190,19857,343,4,0.14676235616207123,0.04120936989784241,0.6855318546295166
880,14195,3768,56,2,0.146225243806839,0.0341244712471962,1.5337833166122437
881,14225,1336,1698,3,0.14565818011760712,0.034063491970300674,-1.1834930181503296
882,14243,8075,1549,1,0.14632511138916016,0.031519822776317596,-0.8724454641342163
883,14261,17187,697,1,0.14670529961585999,0.03640824928879738,0.11839333176612854
884,14275,20322,1526,4,0.14638690650463104,0.03234749659895897,-0.6567747592926025
885,14292,19717,528,2,0.14722144603729248,0.033319808542728424,0.31759002804756165
886,14322,10141,1227,2,0.14622950553894043,0.0323244109749794,-0.3411102890968323
887,14336,2357,547,2,0.1453319936990738,0.03295730799436569,0.3771960139274597
888,14339,6211,1580,2,0.14614997804164886,0.031114595010876656,-0.8182817697525024
889,14342,8840,431,3,0.14579975605010986,0.03254588693380356,0.534395158290863
890,14347,21170,904,2,0.14571945369243622,0.03175245225429535,-0.006585225462913513
891,14370,13085,1134,2,0.14592371881008148,0.03191240876913071,-0.2587500214576721
892,14376,10594,1424,3,0.14619232714176178,0.030597293749451637,-0.5357937216758728
893,14401,1216,1775,3,0.14670559763908386,0.03148217499256134,-1.970348596572876
894,14410,9287,25,3,0.14633317291736603,0.03282396122813225,2.4314358234405518
895,14451,11213,96,2,0.1460183709859848,0.0353727862238884,1.4904388189315796
896,14453,2391,121,10,0.14842002093791962,0.03553338721394539,1.0336209535598755
897,14462,17469,748,1,0.1468241959810257,0.03471755236387253,0.1641082763671875
898,14477,21873,152,4,0.14699678122997284,0.04120286554098129,1.0740585327148438
899,14484,20043,853,5,0.14769548177719116,0.03396964445710182,0.06633332371711731
900,14492,19160,1075,2,0.14561907947063446,0.03195437788963318,-0.13090266287326813
901,14572,9115,177,4,0.14592914283275604,0.03567846491932869,0.8802232146263123
902,14596,15381,659,3,0.14620442688465118,0.03338851034641266,0.1753818392753601
903,14610,1356,531,3,0.14615604281425476,0.031043173745274544,0.37670591473579407
904,14642,8763,390,2,0.14555326104164124,0.03471523895859718,0.5585634708404541
905,14643,19504,2,2,0.1457003653049469,0.035380929708480835,2.9461238384246826
906,14651,1236,938,2,0.14549963176250458,0.030492642894387245,-0.035336270928382874
907,14653,21776,703,2,0.14574836194515228,0.031846385449171066,0.206589013338089
908,14670,20283,722,2,0.14561797678470612,0.033724553883075714,0.15762218832969666
909,14686,14727,1041,4,0.14680355787277222,0.03261532634496689,-0.12262667715549469
910,14704,21350,97,3,0.14565527439117432,0.03791972994804382,1.1457265615463257
911,14732,1250,1370,3,0.14574120938777924,0.03320328891277313,-0.48202741146087646
912,14763,18116,901,4,0.14594843983650208,0.035850659012794495,-0.07714192569255829
913,14781,22623,467,2,0.14514771103858948,0.03172151744365692,0.4746953845024109
914,14785,1255,1324,2,0.14715121686458588,0.03092414140701294,-0.3763740062713623
915,14831,1259,1094,2,0.14657703042030334,0.035139333456754684,-0.23139260709285736
916,14838,20098,17,1,0.1471714973449707,0.03879863768815994,2.2453484535217285
917,14850,2417,1656,3,0.1464158594608307,0.030572254210710526,-0.8948156833648682
918,14876,7053,213,2,0.14594149589538574,0.03751377761363983,0.8047579526901245
919,14889,20355,214,3,0.14604921638965607,0.031220775097608566,0.9692667126655579
920,14892,15985,336,2,0.14565445482730865,0.03417897969484329,0.6315842270851135
921,14913,21489,1286,2,0.1455693244934082,0.03215036168694496,-0.3289300799369812
922,14938,23022,493,2,0.14573746919631958,0.03164709359407425,0.48644572496414185
923,15000,16872,139,2,0.14572453498840332,0.03623145446181297,0.8428137302398682
924,15002,10403,246,2,0.14593888819217682,0.03604033589363098,0.7078313231468201
925,15007,4536,1241,3,0.14585623145103455,0.029803965240716934,-0.27526718378067017
926,15009,1704,560,1,0.1470230519771576,0.03279474750161171,0.23629246652126312
927,15010,18527,966,5,0.14733348786830902,0.03385284170508385,-0.08355018496513367
928,15031,6584,48,2,0.1466473937034607,0.0368688739836216,1.3551278114318848
929,15032,1285,33,3,0.14573000371456146,0.03233287110924721,1.638863444328308
930,15041,17527,117,2,0.14524652063846588,0.033564627170562744,1.0026333332061768
931,15056,14958,89,3,0.14562705159187317,0.030976861715316772,1.375633955001831
932,15079,12564,955,2,0.14536665380001068,0.030635185539722443,0.004853818565607071
933,15093,18022,1673,2,0.14554573595523834,0.031842783093452454,-1.1627202033996582
934,15112,15148,895,2,0.14598768949508667,0.032346948981285095,0.02577134221792221
935,15128,17546,1120,2,0.14594393968582153,0.030689503997564316,-0.30626049637794495
936,15158,6465,726,3,0.14575733244419098,0.03212074562907219,0.21415939927101135
937,15159,15955,1666,2,0.1453717052936554,0.031181642785668373,-1.2043193578720093
938,15173,20362,1682,2,0.1459626406431198,0.031111784279346466,-1.1280767917633057
939,15188,19489,7,2,0.1456330418586731,0.038746803998947144,1.6114673614501953
940,15190,7624,1036,2,0.14524918794631958,0.0318373404443264,-0.11148233711719513
941,15258,11338,756,2,0.1459730714559555,0.031437065452337265,0.09815028309822083
942,15272,9157,1370,1,0.14819326996803284,0.03672565519809723,-0.44729000329971313
943,15281,13043,751,2,0.1460517793893814,0.03369508683681488,0.17793405055999756
944,15286,11266,95,4,0.14694316685199738,0.03857775032520294,1.0089772939682007
945,15299,2303,264,7,0.14961375296115875,0.036137014627456665,0.9799726605415344
946,15348,13899,187,2,0.14742878079414368,0.04158560559153557,0.985159695148468
947,15350,18343,810,1,0.1460256725549698,0.03229747712612152,0.11928233504295349
948,15352,20477,3,1,0.14709870517253876,0.036310262978076935,2.0551164150238037
949,15358,1773,248,2,0.14579550921916962,0.03519861400127411,0.8109292387962341
950,15359,19173,1494,2,0.14654159545898438,0.02861950360238552,-0.6232727766036987
951,15360,20473,864,2,0.14550262689590454,0.03383544087409973,0.0691625103354454
952,15377,19587,242,3,0.147311732172966,0.04390326887369156,0.8205705881118774
953,15418,20902,721,3,0.14651300013065338,0.032452765852212906,0.039217814803123474
954,15443,17218,1520,4,0.14615541696548462,0.03349324315786362,-0.6480211019515991
955,15469,10970,507,2,0.15011237561702728,0.029053442180156708,0.3034049868583679
956,15474,22853,803,3,0.14582642912864685,0.03170911222696304,0.09594357758760452
957,15510,11289,361,3,0.14605380594730377,0.03224122151732445,0.5471080541610718
958,15515,20780,351,3,0.14666102826595306,0.03201891481876373,0.648879885673523
959,15545,1347,1675,2,0.146571546792984,0.029603246599435806,-1.146743655204773
960,15554,21350,421,2,0.14664529263973236,0.029402201995253563,0.44766974449157715
961,15559,1350,799,6,0.14734439551830292,0.03280629217624664,0.030352309346199036
962,15592,21881,169,2,0.14575226604938507,0.03487299010157585,0.9225599765777588
963,15605,2198,735,6,0.14735791087150574,0.03148338943719864,0.026505276560783386
964,15642,9522,1735,2,0.14760495722293854,0.029404954984784126,-1.3949850797653198
965,15673,14195,48,3,0.1475115418434143,0.042407743632793427,1.314422369003296
966,15700,17099,228,2,0.14765441417694092,0.04343068599700928,0.9375000596046448
967,15710,22017,1077,2,0.145738884806633,0.02949444204568863,-0.17204608023166656
968,15745,13494,18,3,0.14644452929496765,0.035131532698869705,1.438700556755066
969,15751,19277,399,3,0.14633916318416595,0.0348263755440712,0.5089337825775146
970,15801,1667,1410,4,0.1457587331533432,0.03220270574092865,-0.6351256370544434
971,15807,7250,1523,1,0.1480516940355301,0.029361464083194733,-0.7344912886619568
972,15821,22155,1355,1,0.14657315611839294,0.03324320167303085,-0.5676375031471252
973,15844,11702,201,2,0.14505045115947723,0.036184221506118774,0.8836058378219604
974,15864,16440,1589,2,0.14662736654281616,0.03373860567808151,-0.7137857675552368
975,15878,2969,1705,2,0.14618104696273804,0.03462715446949005,-1.1168618202209473
976,15919,21491,683,3,0.1456703394651413,0.0316770002245903,0.10379977524280548
977,15924,22007,295,2,0.14605239033699036,0.03697974234819412,0.7011746168136597
978,15934,9770,2,1,0.14694152772426605,0.04169939458370209,1.5377925634384155
979,15949,10029,937,2,0.14549989998340607,0.0324726328253746,-0.0513080358505249
980,15973,20041,13,6,0.14722011983394623,0.03205747529864311,2.140476942062378
981,16015,9749,489,1,0.14750418066978455,0.02853524684906006,0.38001251220703125
982,16029,17748,182,4,0.1459500938653946,0.03570938482880592,0.8806909322738647
983,16048,18279,75,2,0.14638368785381317,0.041729673743247986,1.3073917627334595
984,16049,16520,1128,3,0.146306112408638,0.03233347088098526,-0.21410034596920013
985,16090,22890,223,3,0.14572054147720337,0.0317215621471405,0.8750095963478088
986,16128,22574,992,1,0.14637325704097748,0.03632831200957298,-0.04763004928827286
987,16137,12113,1078,2,0.14617101848125458,0.035037338733673096,-0.25301647186279297
988,16143,19792,536,1,0.14640827476978302,0.03262665867805481,0.31167107820510864
989,16178,20069,1048,2,0.14552703499794006,0.031578198075294495,-0.15951044857501984
990,16202,11857,1739,2,0.14595499634742737,0.029147032648324966,-1.4711356163024902
991,16204,1437,789,2,0.14556840062141418,0.034376565366983414,0.13294437527656555
992,16209,3528,1728,2,0.14804057776927948,0.029238220304250717,-1.2517307996749878
993,16225,20940,1430,4,0.14594939351081848,0.03214754909276962,-0.5358506441116333
994,16228,23008,763,2,0.14635132253170013,0.03100336715579033,0.05361602455377579
995,16229,8537,1646,2,0.1454225480556488,0.0315750315785408,-0.9846417903900146
996,16250,12449,1104,2,0.1469212919473648,0.028951827436685562,-0.186292365193367
997,16263,22109,617,2,0.14561982452869415,0.0339171439409256,0.1770133078098297
998,16318,19822,877,2,0.14603640139102936,0.033807605504989624,0.061185307800769806
999,16322,12560,1239,2,0.14649845659732819,0.033498991280794144,-0.2573939263820648
1000,16325,8023,1556,3,0.1459081470966339,0.03194207698106766,-0.7291842103004456
1001,16392,14523,1059,3,0.1457822024822235,0.031940482556819916,-0.15213939547538757
1002,16417,22132,813,5,0.14678341150283813,0.03215331211686134,0.014378368854522705
1003,16427,22986,733,2,0.1477494239807129,0.029673989862203598,0.2565351724624634
1004,16431,6015,167,3,0.14530226588249207,0.03260379284620285,0.9410489201545715
1005,16437,14570,1569,2,0.14539118111133575,0.03155648708343506,-0.7133630514144897
1006,16438,22051,1532,1,0.1482066810131073,0.02893880009651184,-0.8935427665710449
1007,16443,16127,912,2,0.14533449709415436,0.029833640903234482,0.041513144969940186
1008,16461,17922,1553,2,0.1456565111875534,0.029088031500577927,-0.6827507615089417
1009,16507,21249,337,2,0.14575816690921783,0.03230634704232216,0.6491338610649109
1010,16520,16926,18,3,0.14584414660930634,0.036965951323509216,1.4742292165756226
1011,16529,4902,227,4,0.14662064611911774,0.03224138915538788,0.7660664319992065
1012,16542,17107,16,5,0.14714163541793823,0.036388568580150604,1.5034873485565186
1013,16547,19751,109,2,0.14650394022464752,0.03823351114988327,1.1907732486724854
1014,16608,20995,1,2,0.14709410071372986,0.04224056005477905,1.9814283847808838
1015,16609,17235,721,2,0.14746397733688354,0.03057195618748665,0.049829885363578796
1016,16620,1865,1199,2,0.14650286734104156,0.031319744884967804,-0.300709992647171
1017,16623,16217,694,3,0.145527645945549,0.032753534615039825,0.16877837479114532
1018,16626,13131,1383,2,0.1465175896883011,0.030284853652119637,-0.4406152367591858
1019,16696,2825,501,4,0.14564134180545807,0.03264801204204559,0.4625173807144165
1020,16702,16841,10,4,0.14601121842861176,0.03821071237325668,1.674863576889038
1021,16710,15817,519,2,0.14640295505523682,0.03453461080789566,0.32871386408805847
1022,16713,5462,324,3,0.14739985764026642,0.0430622324347496,0.7051787376403809
1023,16734,20060,1106,2,0.1451636254787445,0.030723491683602333,-0.24785524606704712
1024,16768,13587,134,2,0.1474756896495819,0.03545674681663513,1.285459280014038
1025,16773,1552,1,3,0.146284282207489,0.04179916903376579,4.7879180908203125
1026,16800,11473,1,2,0.15003089606761932,0.04934438690543175,5.214907169342041
1027,16803,10081,515,2,0.1464173048734665,0.031255971640348434,0.4070148468017578
1028,16830,22969,1258,3,0.14579756557941437,0.031323522329330444,-0.42926737666130066
1029,16835,12222,984,4,0.14555498957633972,0.032793544232845306,-0.18603935837745667
1030,16868,23032,80,2,0.14544376730918884,0.03266715630888939,1.3684300184249878
1031,16869,1551,124,2,0.14614151418209076,0.0328691229224205,1.1470783948898315
1032,16874,5820,271,3,0.14579541981220245,0.032912664115428925,0.6470804810523987
1033,16906,14215,1053,3,0.14597617089748383,0.03023357316851616,-0.15138061344623566
1034,16913,5963,1000,3,0.1456986516714096,0.0321715772151947,-0.03663626313209534
1035,16926,19636,11,2,0.14683300256729126,0.03995177149772644,1.9627902507781982
1036,16931,1564,1235,2,0.1458641141653061,0.03668580949306488,-0.4091613292694092
1037,16939,15834,888,1,0.1511543095111847,0.03303457051515579,-0.09827031195163727
1038,16947,2665,87,3,0.14557607471942902,0.030997103080153465,1.1370855569839478
1039,17000,19390,24,2,0.14720748364925385,0.04315263032913208,1.4758037328720093
1040,17010,22108,870,4,0.14807401597499847,0.031955912709236145,0.041458725929260254
1041,17054,13659,605,2,0.14580555260181427,0.034099943935871124,0.3317983150482178
1042,17055,17216,1512,3,0.1461072564125061,0.031908705830574036,-0.692548394203186
1043,17070,21445,1748,2,0.14601261913776398,0.03005264140665531,-1.9244381189346313
1044,17090,9490,20,2,0.14644628763198853,0.03887329250574112,1.5943108797073364
1045,17108,12600,183,2,0.14538443088531494,0.03390224650502205,0.8550353050231934
1046,17113,17560,667,5,0.14749665558338165,0.03466948866844177,0.2942207157611847
1047,17121,3491,796,3,0.14577063918113708,0.03271651268005371,0.12600667774677277
1048,17134,21824,626,2,0.14548276364803314,0.03265202417969704,0.38163354992866516
1049,17157,22582,848,3,0.14533816277980804,0.03763537108898163,0.07916274666786194
1050,17189,12536,181,2,0.1502290517091751,0.031323887407779694,1.0397800207138062
1051,17195,8946,144,2,0.14703159034252167,0.041600409895181656,1.0075119733810425
1052,17268,20868,303,6,0.1471957564353943,0.03345729410648346,0.7487874627113342
1053,17300,20766,280,2,0.1464177966117859,0.04005240648984909,0.8098298907279968
1054,17302,4815,1,3,0.1454179584980011,0.037543222308158875,3.4749016761779785
1055,17318,23009,1152,4,0.14535464346408844,0.03535226732492447,-0.3090856671333313
1056,17330,22894,1525,5,0.14681634306907654,0.031025949865579605,-0.8101703524589539
1057,17333,21889,695,10,0.14765281975269318,0.033174704760313034,0.29094937443733215
1058,17348,22415,384,2,0.14726930856704712,0.03828606754541397,0.6041719913482666
1059,17397,13078,1147,4,0.14560626447200775,0.03205264359712601,-0.24589602649211884
1060,17398,1642,1136,2,0.1453133523464203,0.03170766681432724,-0.17529051005840302
1061,17399,21685,1324,3,0.14539691805839539,0.03462003543972969,-0.4715600907802582
1062,17423,1645,1198,2,0.14566797018051147,0.033758655190467834,-0.30351823568344116
1063,17447,6485,635,2,0.14570961892604828,0.031482964754104614,0.2830049395561218
1064,17453,16841,20,2,0.14700321853160858,0.04223359748721123,1.4483494758605957
1065,17501,4030,675,5,0.14683403074741364,0.032097697257995605,0.20139648020267487
1066,17504,20644,578,2,0.14529630541801453,0.03363088145852089,0.3121371269226074
1067,17533,21760,205,2,0.1455574780702591,0.03807944059371948,0.8240405321121216
1068,17611,3208,1640,6,0.1482212394475937,0.029307816177606583,-1.0930366516113281
1069,17621,9882,294,2,0.1457735151052475,0.03886616230010986,0.7044122815132141
1070,17650,22228,344,10,0.14806850254535675,0.033450279384851456,0.615960955619812
1071,17665,1920,234,3,0.14551739394664764,0.031649842858314514,0.7818395495414734
1072,17748,13154,1646,3,0.14636823534965515,0.03037985786795616,-1.0035475492477417
1073,17770,17729,1305,3,0.14592315256595612,0.030743060633540154,-0.4370611310005188
1074,17810,21639,1055,8,0.14892801642417908,0.031138978898525238,-0.17076197266578674
1075,17831,21743,192,3,0.14544861018657684,0.03572458773851395,0.7923983335494995
1076,17890,9726,377,2,0.14608646929264069,0.03316140174865723,0.6450591087341309
1077,17891,17157,111,2,0.14597700536251068,0.03570738807320595,1.3147727251052856
1078,17897,3610,867,2,0.14585909247398376,0.03206978738307953,0.030970362946391106
1079,17905,7799,1298,2,0.145494744181633,0.031241929158568382,-0.36672618985176086
1080,17920,20441,1333,2,0.1457328498363495,0.03206285089254379,-0.4791303277015686
1081,17926,22411,1328,2,0.14593841135501862,0.03073028475046158,-0.42705395817756653
1082,17931,21983,985,2,0.14532731473445892,0.030860841274261475,-0.1501343548297882
1083,17955,20555,373,2,0.1467631459236145,0.034275393933057785,0.5715128779411316
1084,17965,4637,66,10,0.14850559830665588,0.03250058740377426,1.1729254722595215
1085,17968,5042,97,4,0.14560486376285553,0.03685035556554794,1.2108020782470703
1086,17980,18851,28,2,0.14547504484653473,0.03306721895933151,1.9399571418762207
1087,17982,18513,772,4,0.14729823172092438,0.03150766342878342,0.03926907479763031
1088,18003,15088,446,2,0.14606231451034546,0.03847196698188782,0.5107958912849426
1089,18004,22642,516,3,0.14571502804756165,0.03535998612642288,0.41578376293182373
1090,18025,21472,118,3,0.14592427015304565,0.032620206475257874,1.0134512186050415
1091,18040,8969,406,2,0.14552363753318787,0.033437564969062805,0.5151021480560303
1092,18051,20098,1701,2,0.1461396962404251,0.031103581190109253,-1.458048939704895
1093,18053,23018,1074,2,0.14741964638233185,0.031037533655762672,-0.15327110886573792
1094,18071,22792,770,3,0.14626391232013702,0.03566841036081314,0.0626610517501831
1095,18075,9221,757,4,0.14605005085468292,0.032114557921886444,0.2032136470079422
1096,18108,15903,203,2,0.14584854245185852,0.03397611528635025,0.9326228499412537
1097,18152,1770,1626,2,0.14625167846679688,0.029617058113217354,-1.0388450622558594
1098,18159,8496,153,2,0.14576849341392517,0.03635527193546295,0.9459756016731262
1099,18172,22904,99,5,0.1471983641386032,0.03666970878839493,1.1520779132843018
1100,18173,17218,1284,2,0.14681197702884674,0.03410650044679642,-0.3376976549625397
1101,18182,15603,671,2,0.1482604593038559,0.03132324665784836,0.1813245415687561
1102,18188,12976,1686,2,0.14606280624866486,0.030224552378058434,-1.34147047996521
1103,18195,13823,391,3,0.14569517970085144,0.036847859621047974,0.6355025172233582
1104,18199,5685,476,3,0.14566558599472046,0.03495149686932564,0.37495893239974976
1105,18225,22983,131,4,0.1456228494644165,0.03394331783056259,1.1167705059051514
1106,18233,22520,402,10,0.14804165065288544,0.0336826890707016,0.6256166696548462
1107,18244,22800,794,2,0.14687596261501312,0.0336453802883625,0.010683724656701088
1108,18280,21939,1302,4,0.14557547867298126,0.03264166787266731,-0.3349147140979767
1109,18326,22202,1310,5,0.14823730289936066,0.03175228089094162,-0.4108212888240814
1110,18357,12309,1533,2,0.14851386845111847,0.029648154973983765,-0.8468536138534546
1111,18386,20030,168,2,0.1456293910741806,0.03929707035422325,0.9041575193405151
1112,18388,2531,27,6,0.14792269468307495,0.040958523750305176,1.6995289325714111
1113,18429,20854,640,3,0.14613837003707886,0.03257426247000694,0.2143412083387375
1114,18443,21060,1295,2,0.1459042876958847,0.03183026984333992,-0.3874863386154175
1115,18448,12607,218,2,0.1460796743631363,0.03228197991847992,0.697137713432312
1116,18540,22478,890,6,0.1478099375963211,0.029926106333732605,-0.10766639560461044
1117,18542,17931,497,1,0.14863744378089905,0.03092609904706478,0.3688614070415497
1118,18551,20348,1024,3,0.14529894292354584,0.030884740874171257,-0.08438816666603088
1119,18583,17957,651,3,0.14633826911449432,0.03698202222585678,0.3141392469406128
1120,18595,20483,625,3,0.14560450613498688,0.0334920771420002,0.3266039788722992
1121,18620,4379,54,2,0.146823912858963,0.032797232270240784,1.6735281944274902
1122,18625,7556,418,2,0.14584936201572418,0.03403893858194351,0.512519121170044
1123,18635,22428,239,2,0.145717054605484,0.03311220556497574,0.7463511824607849
1124,18637,12542,121,3,0.14723141491413116,0.040150776505470276,1.0549222230911255
1125,18646,10957,301,6,0.1473807543516159,0.03434722498059273,0.7658853530883789
1126,18663,23030,1755,5,0.14782552421092987,0.028454087674617767,-1.3848806619644165
1127,18676,1859,754,2,0.14627410471439362,0.033107079565525055,0.21301093697547913
1128,18688,1860,1242,2,0.1463204324245453,0.03091462515294552,-0.22094646096229553
1129,18708,10310,1119,3,0.1454215794801712,0.030937248840928078,-0.1640363484621048
1130,18718,15708,274,1,0.14528603851795197,0.03161211684346199,0.7575119137763977
1131,18734,20017,40,4,0.1468360275030136,0.03930860757827759,1.6888264417648315
1132,18739,21618,47,3,0.14682282507419586,0.040370773524045944,1.387601375579834
1133,18758,22411,441,1,0.14567844569683075,0.03306030482053757,0.4515923857688904
1134,18771,14627,6,2,0.14551925659179688,0.034224607050418854,2.137371063232422
1135,18807,16345,224,3,0.14658881723880768,0.03327163681387901,0.8962490558624268
1136,18834,19955,641,2,0.14681550860404968,0.02906460501253605,0.12704160809516907
1137,18860,3484,1747,2,0.14779624342918396,0.027194775640964508,-1.5128196477890015
1138,18903,20860,320,3,0.14579051733016968,0.0305309034883976,0.7359936833381653
1139,18911,22344,19,3,0.14785981178283691,0.041969142854213715,1.5237770080566406
1140,18936,22425,1422,5,0.14932748675346375,0.03087056800723076,-0.5458667874336243
1141,18938,9512,725,3,0.14751765131950378,0.03443537652492523,0.07889236509799957
1142,18974,17246,182,2,0.1466079205274582,0.0363130159676075,0.9808288812637329
1143,18994,21451,933,2,0.14561231434345245,0.03349611163139343,0.021823152899742126
1144,19000,3921,254,3,0.1452706903219223,0.03291107714176178,0.6858413219451904
1145,19007,9656,83,4,0.1457064300775528,0.03242352604866028,1.4710099697113037
1146,19015,1924,1559,4,0.1470031589269638,0.027792152017354965,-0.7502439022064209
1147,19025,22948,696,6,0.14814665913581848,0.03355913609266281,0.054650627076625824
1148,19030,22105,362,2,0.14615371823310852,0.03302174061536789,0.6070225238800049
1149,19031,13869,792,2,0.14630068838596344,0.03144679218530655,0.059894245117902756
1150,19032,22900,83,3,0.14554765820503235,0.033367909491062164,1.2132701873779297
1151,19054,10081,88,2,0.14607249200344086,0.036923184990882874,1.0300395488739014
1152,19152,4896,1410,2,0.14575083553791046,0.031439632177352905,-0.5805540680885315
1153,19159,1946,245,2,0.14742153882980347,0.04292606562376022,0.7967535257339478
1154,19201,5963,720,3,0.14597375690937042,0.03145796060562134,0.07558472454547882
1155,19214,11578,1261,3,0.1458917111158371,0.03053215704858303,-0.38030508160591125
1156,19225,22894,901,3,0.1463945508003235,0.033550143241882324,-0.09048181027173996
1157,19252,20260,39,10,0.1477563977241516,0.03403366729617119,1.6656219959259033
1158,19253,2979,151,3,0.1457347422838211,0.03560363128781319,0.8430740833282471
1159,19266,10026,36,2,0.14567992091178894,0.0359920971095562,1.7217789888381958
1160,19269,22574,477,2,0.14599314332008362,0.0352528914809227,0.39909881353378296
1161,19277,19653,19,5,0.14710523188114166,0.03594830259680748,1.6687698364257812
1162,19279,5877,1266,2,0.14701786637306213,0.03253205865621567,-0.3227671682834625
1163,19304,21267,275,4,0.1465057134628296,0.03500887751579285,0.7555264234542847
1164,19306,18840,197,2,0.14628519117832184,0.03756244480609894,0.981050968170166
1165,19323,4541,1368,2,0.14573532342910767,0.03214292973279953,-0.5461791157722473
1166,19325,6474,1543,7,0.14687244594097137,0.03202906250953674,-0.9443517923355103
1167,19342,15698,1208,3,0.1459629088640213,0.03220665454864502,-0.27624988555908203
1168,19358,11000,86,2,0.14581288397312164,0.031013885512948036,1.0404841899871826
1169,19392,21826,1523,3,0.1460765153169632,0.029903266578912735,-0.7675656080245972
1170,19398,13016,695,5,0.1473018079996109,0.03329291194677353,0.17667849361896515
1171,19399,20676,126,2,0.14676308631896973,0.0358579196035862,1.1013553142547607
1172,19436,2478,1639,5,0.14944159984588623,0.03378947824239731,-0.9202496409416199
1173,19499,20942,259,6,0.14707361161708832,0.03203843533992767,0.9070500731468201
1174,19544,10842,649,2,0.14571648836135864,0.03134431689977646,0.20950619876384735
1175,19556,7766,517,2,0.14633049070835114,0.03125729039311409,0.3528028130531311
1176,19559,7171,849,4,0.1455308496952057,0.03148045018315315,0.026289820671081543
1177,19613,22951,150,2,0.14648199081420898,0.037642281502485275,1.1512612104415894
1178,19615,12739,872,3,0.14576712250709534,0.03319685906171799,-0.030658304691314697
1179,19623,5948,1708,3,0.14719675481319427,0.03185170888900757,-1.3649311065673828
1180,19634,7865,1020,2,0.1461796760559082,0.02938196435570717,-0.043273210525512695
1181,19643,10121,975,5,0.1471461057662964,0.030309857800602913,-0.19986221194267273
1182,19654,7543,1,2,0.1472027450799942,0.044187046587467194,2.0522475242614746
1183,19662,20144,232,1,0.1462455540895462,0.03340965509414673,0.8241536617279053
1184,19667,5186,6,5,0.14736105501651764,0.034667786210775375,2.6544675827026367
1185,19673,21734,828,2,0.1459910273551941,0.03464058041572571,0.12417248636484146
1186,19728,20685,1171,2,0.1467423141002655,0.03235287219285965,-0.30852848291397095
1187,19740,22923,271,4,0.14591404795646667,0.03320043906569481,0.662135124206543
1188,19762,21230,1447,3,0.14570794999599457,0.031418971717357635,-0.5297059416770935
1189,19769,22076,1621,4,0.1460483819246292,0.03287423402070999,-0.880089282989502
1190,19781,13801,215,2,0.14544937014579773,0.03363015502691269,0.95125812292099
1191,19783,12312,583,3,0.14551809430122375,0.033397674560546875,0.3194878399372101
1192,19786,22892,1647,2,0.1456141471862793,0.030453549697995186,-1.1220072507858276
1193,19812,3921,38,2,0.1461072415113449,0.03628043830394745,1.4476284980773926
1194,19838,22874,1262,1,0.14603322744369507,0.0316048189997673,-0.32152867317199707
1195,19848,10277,56,2,0.14596150815486908,0.03667066991329193,1.1443613767623901
1196,19864,2046,705,2,0.14550594985485077,0.0317646861076355,0.1875954568386078
1197,19885,11141,1115,4,0.1459072381258011,0.03068358078598976,-0.1260460466146469
1198,19897,19549,11,3,0.1475703865289688,0.04391415789723396,1.6306699514389038
1199,19920,21319,11,4,0.14566120505332947,0.03394591435790062,2.117396354675293
1200,19932,22994,731,2,0.14767122268676758,0.03185901790857315,0.09114155173301697
1201,19950,4027,85,5,0.1472519487142563,0.03763557970523834,1.222438097000122
1202,19958,21364,179,1,0.1463768631219864,0.03913256525993347,0.9140824675559998
1203,19967,14296,96,2,0.1456940770149231,0.03437482565641403,1.0188071727752686
1204,19970,11091,25,3,0.14544983208179474,0.03379486873745918,1.5701044797897339
1205,20013,21321,461,3,0.14584091305732727,0.03212997317314148,0.4607747197151184
1206,20022,16926,683,2,0.1463535726070404,0.0359957180917263,0.24916106462478638
1207,20028,2084,1218,4,0.1454586684703827,0.031706493347883224,-0.39416778087615967
1208,20056,13253,464,2,0.14636480808258057,0.034196626394987106,0.5430166125297546
1209,20125,3890,943,4,0.14570331573486328,0.034713566303253174,0.030990170314908028
1210,20128,22921,248,7,0.14715540409088135,0.03321748971939087,0.7333070635795593
1211,20130,9758,1665,2,0.14580745995044708,0.03146905452013016,-0.9761667847633362
1212,20153,20298,4,2,0.14578835666179657,0.03679218143224716,2.576981544494629
1213,20154,22861,503,10,0.14997999370098114,0.034139618277549744,0.4356786608695984
1214,20166,17148,558,2,0.14557546377182007,0.03278353065252304,0.36483126878738403
1215,20210,12542,235,6,0.14784590899944305,0.03728441894054413,0.9418028593063354
1216,20246,22861,1021,4,0.1456967443227768,0.03155682235956192,-0.05358201265335083
1217,20254,4761,336,2,0.14643631875514984,0.030055522918701172,0.63261479139328
1218,20301,3740,1393,2,0.14588327705860138,0.029928360134363174,-0.5460357666015625
1219,20341,11932,198,6,0.14901480078697205,0.03942907974123955,0.9460080862045288
1220,20359,20926,618,2,0.14591826498508453,0.033323101699352264,0.3448106050491333
1221,20365,18430,424,2,0.14583081007003784,0.031185468658804893,0.5455437302589417
1222,20383,2140,1,3,0.14559274911880493,0.03541404381394386,3.3309860229492188
1223,20385,19486,2,2,0.14626774191856384,0.0413956455886364,2.6701700687408447
1224,20449,8717,295,3,0.14588141441345215,0.03448166698217392,0.6959500312805176
1225,20458,7237,5,2,0.145356222987175,0.03428419679403305,1.8820737600326538
1226,20464,17422,758,3,0.14647527039051056,0.03197341412305832,0.08400935679674149
1227,20472,17785,15,2,0.14530616998672485,0.03312060609459877,1.7263597249984741
1228,20483,7661,1255,8,0.15127164125442505,0.030462026596069336,-0.37164026498794556
1229,20487,21758,20,3,0.14561957120895386,0.037676215171813965,1.5737940073013306
1230,20488,18116,914,2,0.14591097831726074,0.036137863993644714,-0.022427570074796677
1231,20501,2152,94,4,0.14688648283481598,0.03318214789032936,1.218785285949707
1232,20526,23031,643,5,0.14651434123516083,0.032906923443078995,0.27578529715538025
1233,20604,7236,532,1,0.14651983976364136,0.03297044709324837,0.4714111089706421
1234,20606,22382,1290,3,0.14565923810005188,0.030230984091758728,-0.4189032316207886
1235,20607,10524,138,3,0.14528334140777588,0.03175339102745056,1.0888479948043823
1236,20610,20127,792,6,0.1472455859184265,0.03274865821003914,0.15902800858020782
1237,20678,16440,1522,2,0.1471143662929535,0.028899051249027252,-0.6935502886772156
1238,20681,7014,896,5,0.14704187214374542,0.032400187104940414,0.02601931244134903
1239,20686,22633,643,3,0.1456025391817093,0.03323715552687645,0.2695280909538269
1240,20689,18133,1101,5,0.14668412506580353,0.03236837685108185,-0.17348811030387878
1241,20692,21377,99,4,0.14565511047840118,0.03429025784134865,1.122210144996643
1242,20698,22787,1688,1,0.14739124476909637,0.031514085829257965,-1.1044447422027588
1243,20700,14056,116,2,0.1466802954673767,0.035181596875190735,1.2426464557647705
1244,20726,21344,1411,2,0.14570623636245728,0.030507806688547134,-0.6004625558853149
1245,20735,18362,1163,6,0.14675134420394897,0.033874209970235825,-0.21716563403606415
1246,20748,13394,7,5,0.14782410860061646,0.03698723763227463,1.8710887432098389
1247,20771,3584,1136,4,0.14621976017951965,0.032590191811323166,-0.17871588468551636
1248,20788,22964,25,4,0.14581875503063202,0.03351663053035736,1.6316734552383423
1249,20790,18728,903,1,0.14583908021450043,0.031319838017225266,0.09734199941158295
1250,20815,22929,1282,2,0.1461099088191986,0.033403776586055756,-0.338458389043808
1251,20822,20995,4,2,0.14745399355888367,0.042919009923934937,1.7367304563522339
1252,20827,17276,22,2,0.14543858170509338,0.033727049827575684,1.7699851989746094
1253,20847,13670,478,2,0.14702020585536957,0.03322824835777283,0.33794793486595154
1254,20874,22229,429,2,0.14597032964229584,0.030954036861658096,0.43965771794319153
1255,20899,18594,31,1,0.14710381627082825,0.033380500972270966,1.433105230331421
1256,20926,22545,241,1,0.14671280980110168,0.03639049082994461,0.8732442259788513
1257,20943,17912,421,3,0.14543527364730835,0.03400971740484238,0.5934979319572449
1258,20989,4642,785,2,0.14597268402576447,0.03240891546010971,0.12451153993606567
1259,21003,19336,1043,3,0.14545898139476776,0.030021943151950836,-0.07337067276239395
1260,21014,18548,116,2,0.14706583321094513,0.03667261824011803,1.1862969398498535
1261,21075,16414,925,2,0.14690235257148743,0.030491122975945473,-0.037963755428791046
1262,21087,22959,80,3,0.14577247202396393,0.03206932172179222,1.2040578126907349
1263,21103,7577,994,6,0.14714530110359192,0.032996900379657745,-0.06757035106420517
1264,21115,5810,738,2,0.14573170244693756,0.034917496144771576,0.1960190236568451
1265,21135,9103,1669,2,0.14685265719890594,0.02878289297223091,-1.1244347095489502
1266,21146,19256,578,2,0.14514465630054474,0.033336084336042404,0.2878577709197998
1267,21178,23026,1391,3,0.14603359997272491,0.029329774901270866,-0.5838115811347961
1268,21204,13241,1130,3,0.14575329422950745,0.03137974441051483,-0.24546316266059875
1269,21281,13436,416,3,0.14669807255268097,0.03495519980788231,0.580363929271698
1270,21301,19659,1091,2,0.146867036819458,0.032870929688215256,-0.3227454721927643
1271,21308,21615,1063,5,0.1471242755651474,0.03214078024029732,-0.16238398849964142
1272,21322,4304,421,3,0.1455446034669876,0.03343389928340912,0.5056471228599548
1273,21335,22349,67,3,0.14546817541122437,0.03160453215241432,1.3776071071624756
1274,21355,22434,709,3,0.1452939808368683,0.03121482953429222,0.2541150450706482
1275,21366,16956,473,4,0.14544682204723358,0.0347944051027298,0.45016390085220337
1276,21387,4209,1336,5,0.14702437818050385,0.032432395964860916,-0.4800318777561188
1277,21407,8873,958,2,0.14607766270637512,0.032677628099918365,-0.028572939336299896
1278,21416,11281,35,3,0.1474086195230484,0.040659256279468536,1.2923271656036377
1279,21446,12804,1035,4,0.146796315908432,0.03243178874254227,-0.11341795325279236
1280,21457,20141,644,8,0.1486278772354126,0.034423504024744034,0.35568884015083313
1281,21466,10304,310,2,0.14529097080230713,0.03547193109989166,0.6997502446174622
1282,21475,20864,1514,2,0.14635007083415985,0.03126046806573868,-0.6507839560508728
1283,21497,15814,743,4,0.1457088589668274,0.03358994424343109,0.16294872760772705
1284,21501,11540,1103,2,0.1454533487558365,0.03230765461921692,-0.19167448580265045
1285,21512,9479,740,3,0.14589783549308777,0.03207419812679291,0.21271684765815735
1286,21522,8758,1432,2,0.1471409648656845,0.030842188745737076,-0.6108786463737488
1287,21538,22434,248,3,0.14574645459651947,0.032751694321632385,0.8384796977043152
1288,21561,2332,1779,2,0.14557048678398132,0.030520174652338028,-4.230045795440674
1289,21572,21942,113,4,0.14577066898345947,0.037379682064056396,1.112682580947876
1290,21574,20240,828,3,0.14683188498020172,0.03216243535280228,0.0043999552726745605
1291,21586,22555,1597,7,0.14683797955513,0.0352618582546711,-0.9646844267845154
1292,21623,22743,1328,2,0.14605209231376648,0.034783415496349335,-0.47664594650268555
1293,21661,17438,1334,1,0.14679421484470367,0.03226202353835106,-0.39595815539360046
1294,21677,22775,568,3,0.14607973396778107,0.032591331750154495,0.36490553617477417
1295,21716,11337,2,2,0.14534465968608856,0.03265374153852463,2.7785909175872803
1296,21759,4864,467,2,0.14655174314975739,0.030631959438323975,0.42114031314849854
1297,21772,22472,1647,1,0.1468634158372879,0.030037039890885353,-1.121889591217041
1298,21813,16292,3,3,0.14576731622219086,0.036706358194351196,1.9387911558151245
1299,21834,14778,189,2,0.14618496596813202,0.033628277480602264,0.8117514252662659
1300,21838,22385,353,3,0.14579463005065918,0.03275374695658684,0.7033810615539551
1301,21842,19186,770,7,0.14784690737724304,0.03297979012131691,0.049434907734394073
1302,21852,22474,232,1,0.14666882157325745,0.03286649286746979,0.7337417006492615
1303,21859,4334,31,2,0.145133838057518,0.03274163976311684,1.542770266532898
1304,21890,19794,1244,4,0.1457732766866684,0.03198457881808281,-0.2979680001735687
1305,21896,22532,741,2,0.14551755785942078,0.030724596232175827,0.1252676546573639
1306,21911,22834,957,1,0.1469341516494751,0.03114563226699829,0.02888820692896843
1307,21912,22515,317,3,0.14545340836048126,0.03387574106454849,0.785033643245697
1308,21941,9811,961,2,0.14608313143253326,0.031280964612960815,-0.09980356693267822
1309,21955,17716,1657,1,0.1454319953918457,0.031097296625375748,-1.054398536682129
1310,21960,12930,847,3,0.1466216742992401,0.03558282554149628,0.14009717106819153
1311,21981,14964,1649,2,0.1464054137468338,0.03629864752292633,-0.9608203172683716
1312,21988,21826,63,8,0.14844530820846558,0.03075825609266758,1.4531430006027222
1313,22006,21124,291,2,0.14608699083328247,0.03231184184551239,0.6648141741752625
1314,22024,10954,1659,3,0.1475042849779129,0.0323026143014431,-0.9532235860824585
1315,22037,14510,1506,2,0.1457720249891281,0.030793199315667152,-0.6584106683731079
1316,22097,8042,1468,2,0.14543113112449646,0.03486111760139465,-0.6029528379440308
1317,22134,14255,146,3,0.14830122888088226,0.044625334441661835,1.0563665628433228
1318,22167,22204,10,6,0.14774952828884125,0.034875959157943726,2.1642062664031982
1319,22172,21217,640,3,0.14556346833705902,0.03259965404868126,0.36731481552124023
1320,22176,22909,929,3,0.14639121294021606,0.029894229024648666,-0.12432892620563507
1321,22179,12036,308,2,0.14569400250911713,0.032106947153806686,0.7162573337554932
1322,22183,8766,955,1,0.14789187908172607,0.02998165600001812,-0.15034322440624237
1323,22213,22821,609,2,0.1475767195224762,0.02971525490283966,0.2857024073600769
1324,22220,3633,140,3,0.1462087482213974,0.0360843762755394,1.0031489133834839
1325,22231,22957,1050,4,0.1456337869167328,0.0322943776845932,-0.0802106112241745
1326,22238,10831,108,2,0.14578582346439362,0.0329250767827034,1.0657860040664673
1327,22241,2492,269,3,0.1452140212059021,0.03297978639602661,0.7495481967926025
1328,22254,7779,1480,3,0.14529553055763245,0.030359216034412384,-0.6823755502700806
1329,22290,2920,65,2,0.14575332403182983,0.04058567434549332,1.1020570993423462
1330,22302,10918,13,2,0.14645305275917053,0.041006967425346375,2.481004238128662
1331,22310,22356,514,2,0.14589864015579224,0.032244931906461716,0.4274750351905823
1332,22315,8077,246,2,0.1457497626543045,0.03513822704553604,0.7911098599433899
1333,22331,21276,611,6,0.1472817063331604,0.03291673958301544,0.28483471274375916
1334,22366,18548,318,4,0.14592722058296204,0.03285621851682663,0.74649977684021
1335,22387,5436,9,2,0.1465366780757904,0.04275916516780853,1.69463050365448
1336,22400,5895,488,2,0.1456177979707718,0.034345075488090515,0.4267774224281311
1337,22429,20893,890,2,0.14529643952846527,0.03205132856965065,0.09091221541166306
1338,22445,22213,10,8,0.1485820710659027,0.03437548503279686,2.6864542961120605
1339,22463,19474,30,2,0.14591506123542786,0.03747245669364929,1.3964505195617676
1340,22482,17922,1173,2,0.14574114978313446,0.02830803394317627,-0.2450067698955536
1341,22490,22853,1184,2,0.14615175127983093,0.02901964820921421,-0.3170245289802551
1342,22501,19837,535,4,0.14590129256248474,0.03296416997909546,0.35526883602142334
1343,22502,13175,1023,2,0.14530877768993378,0.03161699324846268,-0.16570203006267548
1344,22508,13453,743,4,0.1461065113544464,0.03220026195049286,0.06414031982421875
1345,22515,6884,1761,2,0.14581085741519928,0.030818071216344833,-2.2660791873931885
1346,22538,12705,511,2,0.14876611530780792,0.03626991808414459,0.47598496079444885
1347,22628,12592,1,2,0.1464422047138214,0.039536286145448685,2.496438503265381
1348,22630,5059,59,2,0.14720775187015533,0.04064970836043358,1.2783043384552002
1349,22659,2594,1599,3,0.1460925042629242,0.030764270573854446,-0.8183596134185791
1350,22675,23009,851,2,0.1458953469991684,0.03531526029109955,0.017177997156977654
1351,22695,20610,831,2,0.1461595743894577,0.03014209121465683,-0.0195283442735672
1352,22700,4665,1353,2,0.145747572183609,0.029859624803066254,-0.38105037808418274
1353,22709,3018,48,3,0.14618119597434998,0.03870764002203941,1.1120156049728394
1354,22710,19985,513,1,0.1467639058828354,0.03158233314752579,0.33555424213409424
1355,22714,20902,7,3,0.14544972777366638,0.032671935856342316,1.8990540504455566
1356,22731,22913,707,2,0.14669877290725708,0.02831672690808773,0.1262201964855194
1357,22743,10454,1435,1,0.1473267674446106,0.029751842841506004,-0.5312896966934204
1358,22767,17099,1094,3,0.14595146477222443,0.03167878836393356,-0.21716010570526123
1359,22774,22018,755,7,0.14735709130764008,0.036505866795778275,0.08188840001821518
1360,22781,9818,2,2,0.14574751257896423,0.035874828696250916,2.1963510513305664
1361,22782,7186,78,3,0.1468770056962967,0.03499255329370499,1.4965720176696777
1362,22799,17569,339,7,0.14695124328136444,0.031110147014260292,0.5893865823745728
1363,22827,11953,101,3,0.1465287059545517,0.038340892642736435,1.0845626592636108
1364,22830,21465,684,2,0.14894580841064453,0.028585463762283325,0.22450217604637146
1365,22843,22946,1304,2,0.145963653922081,0.030962228775024414,-0.3451499938964844
1366,22849,14716,1,3,0.14631499350070953,0.04002067446708679,2.8164618015289307
1367,22864,4019,327,4,0.14589260518550873,0.03259732574224472,0.6494818329811096
1368,22873,22884,905,2,0.14592982828617096,0.031229771673679352,-0.017842154949903488
1369,22876,19652,1524,2,0.14706535637378693,0.031662873923778534,-0.6201651096343994
1370,22878,16642,346,2,0.14646506309509277,0.034616619348526,0.6126692891120911
1371,22882,3103,1244,1,0.15036755800247192,0.02662777155637741,-0.43662336468696594
1372,22928,13697,42,3,0.14619441330432892,0.03981070965528488,1.1989914178848267
1373,22929,20978,51,3,0.1482076644897461,0.04407096654176712,1.3300976753234863
1374,22952,2667,1,2,0.14655701816082,0.04157894849777222,3.0428171157836914
1375,22991,16890,1346,2,0.14562800526618958,0.033144183456897736,-0.43759626150131226
1376,23048,17424,1717,2,0.1463523507118225,0.030930228531360626,-1.2148816585540771
1377,23064,21429,46,2,0.1474163830280304,0.04314647614955902,1.236128330230713
1378,23074,19594,1572,1,0.1471634805202484,0.030548453330993652,-0.804463803768158
1379,23081,2686,1,2,0.14564396440982819,0.036262527108192444,6.778982639312744
1380,23084,9674,986,4,0.14560990035533905,0.03375506401062012,-0.09375497698783875
1381,23090,12939,1036,2,0.14556412398815155,0.034723058342933655,-0.06094525754451752
1382,23109,8466,362,2,0.14729434251785278,0.04605960473418236,0.5997424721717834
1383,23121,18069,109,3,0.14770779013633728,0.04042542725801468,1.07820725440979
1384,23122,6718,481,2,0.14725139737129211,0.03199419379234314,0.35877734422683716
1385,23135,4395,29,3,0.14575500786304474,0.0360662005841732,1.6826965808868408
1386,23141,22518,1297,2,0.14678651094436646,0.03045620396733284,-0.40434035658836365
1387,23175,21615,656,2,0.14667896926403046,0.0312960259616375,0.19900622963905334
1388,23176,22033,545,2,0.14610987901687622,0.040177278220653534,0.4036903977394104
1389,23219,22935,394,2,0.14601284265518188,0.03216640651226044,0.6059795618057251
1390,23255,21045,1050,1,0.14725176990032196,0.031018264591693878,-0.2015785574913025
1391,23256,12526,763,2,0.14603042602539062,0.03330744430422783,0.1262953281402588
1392,23269,5491,1557,2,0.1453711986541748,0.031002365052700043,-0.7282942533493042
1393,23272,23032,1536,2,0.14628024399280548,0.03336646407842636,-0.8506275415420532
1394,23323,4371,1746,3,0.1456901878118515,0.03092908300459385,-1.6875498294830322
1395,23341,2758,1334,2,0.14813430607318878,0.03165099769830704,-0.436631977558136
1396,23350,16433,431,2,0.14570380747318268,0.03415379673242569,0.6175462603569031
1397,23358,17611,1435,2,0.14560453593730927,0.032495226711034775,-0.5308231115341187
1398,23385,20041,146,2,0.14577938616275787,0.03842164948582649,1.0721440315246582
1399,23392,17957,535,2,0.14527219533920288,0.03588894009590149,0.4360029101371765
1400,23442,21500,428,3,0.1452617645263672,0.03193109109997749,0.5870686769485474
1401,23477,9968,379,2,0.14674122631549835,0.041539065539836884,0.6646110415458679
1402,23487,20913,704,2,0.14558710157871246,0.03304906561970711,0.24859188497066498
1403,23488,20040,345,2,0.14632801711559296,0.034686800092458725,0.6148673892021179
1404,23491,19297,235,2,0.14620329439640045,0.0374845415353775,0.8757257461547852
1405,23515,7733,2,1,0.14660222828388214,0.040446653962135315,4.340231895446777
1406,23535,2814,772,2,0.14606235921382904,0.031297601759433746,0.12643064558506012
1407,23546,9384,20,2,0.1452546864748001,0.03404054045677185,2.724562883377075
1408,23551,19895,17,5,0.14730392396450043,0.03791490197181702,1.345965027809143
1409,23605,14776,747,2,0.1454503983259201,0.03286217525601387,0.1487627476453781
1410,23615,22533,2,2,0.14596861600875854,0.03897213190793991,3.4545044898986816
1411,23628,21586,146,2,0.1456415206193924,0.037325069308280945,1.0450063943862915
1412,23654,21195,1365,2,0.1457313895225525,0.03184250369668007,-0.5155749320983887
1413,23676,20891,70,2,0.14578676223754883,0.033619776368141174,1.3631997108459473
1414,23682,16818,1742,3,0.1467617303133011,0.02927408367395401,-2.0713272094726562
1415,23689,20550,1635,2,0.14707255363464355,0.031724948436021805,-1.0033601522445679
1416,23729,22966,172,2,0.14718765020370483,0.03702884167432785,0.8287680149078369
1417,23731,17888,1221,3,0.1462065577507019,0.030340448021888733,-0.2912663221359253
1418,23758,22059,275,2,0.14699947834014893,0.032534174621105194,0.788890540599823
1419,23766,4576,1265,3,0.14617347717285156,0.033714473247528076,-0.3383534848690033
1420,23775,17210,1267,2,0.14569416642189026,0.03136224299669266,-0.3815280795097351
1421,23787,22511,52,3,0.14613063633441925,0.033684082329273224,1.6498677730560303
1422,23810,15983,726,3,0.14825697243213654,0.03324750438332558,0.04287894442677498
1423,23832,20282,5,4,0.145518496632576,0.03255440667271614,1.7524011135101318
1424,23833,11835,203,3,0.14523746073246002,0.03271011635661125,0.8287738561630249
1425,23851,15572,298,3,0.1456383615732193,0.03566838055849075,0.6684495806694031
1426,23853,13239,1299,3,0.1454126089811325,0.03398789465427399,-0.40522876381874084
1427,23867,3560,1023,2,0.14549516141414642,0.03250540792942047,-0.12791496515274048
1428,23876,21895,145,6,0.14717480540275574,0.037320367991924286,1.1061146259307861
1429,23913,17805,615,3,0.14637692272663116,0.033668458461761475,0.24314498901367188
1430,23922,17953,7,4,0.14693525433540344,0.043514057993888855,1.7074525356292725
1431,23923,19829,423,5,0.14712481200695038,0.031904950737953186,0.5563236474990845
1432,23939,11142,925,2,0.14646115899085999,0.03001776523888111,-0.06223074346780777
1433,23943,10945,602,5,0.14655664563179016,0.03305146098136902,0.3724035620689392
1434,23945,3469,1006,2,0.14682988822460175,0.030942250043153763,-0.14611349999904633
1435,23953,6193,249,3,0.1454964280128479,0.03813181445002556,0.9504525661468506
1436,23964,12288,939,2,0.14734789729118347,0.03407410532236099,-0.11742118000984192
1437,23974,13314,100,2,0.14571614563465118,0.034903090447187424,1.1125582456588745
1438,23976,11979,592,2,0.14553526043891907,0.032394662499427795,0.3196362257003784
1439,23978,13824,1623,2,0.14563515782356262,0.030251160264015198,-0.8897033333778381
1440,23983,6795,18,2,0.14739498496055603,0.04173155874013901,1.8532531261444092
1441,23990,6893,920,2,0.14523598551750183,0.03285185247659683,-0.008051592856645584
1442,24060,19304,1016,2,0.1460951864719391,0.03183142840862274,-0.12351246923208237
1443,24075,19361,1297,2,0.1451978087425232,0.031157178804278374,-0.34957414865493774
1444,24090,9853,836,2,0.14547520875930786,0.033908624202013016,0.0009538233280181885
1445,24097,22926,23,2,0.14685370028018951,0.03888282924890518,1.8062001466751099
1446,24100,2978,1462,2,0.14679929614067078,0.03433802351355553,-0.7771681547164917
1447,24109,5347,1200,3,0.1460467427968979,0.031755656003952026,-0.34257379174232483
1448,24119,14264,1158,2,0.1455584466457367,0.030599787831306458,-0.23999053239822388
1449,24125,15827,5,3,0.14588883519172668,0.03543107956647873,1.9543499946594238
1450,24134,15865,776,2,0.14787018299102783,0.032413214445114136,0.011304441839456558
1451,24139,18362,507,2,0.14595627784729004,0.03689960390329361,0.4042448401451111
1452,24144,11925,158,3,0.1464797407388687,0.040377289056777954,1.0082796812057495
1453,24151,10817,1302,2,0.14543108642101288,0.03162666782736778,-0.43848228454589844
1454,24204,20668,6,2,0.14694418013095856,0.043580543249845505,1.5084571838378906
1455,24269,12686,992,2,0.14573301374912262,0.032580647617578506,-0.09258543699979782
1456,24285,22346,1305,2,0.1456008404493332,0.033269673585891724,-0.40640541911125183
1457,24299,21798,1341,5,0.14718544483184814,0.03233405947685242,-0.4138036072254181
1458,24323,3050,584,3,0.1454106867313385,0.031286969780921936,0.3430161774158478
1459,24333,19794,665,2,0.1471879929304123,0.03587739169597626,0.14706790447235107
1460,24343,22903,343,3,0.1474427878856659,0.030033482238650322,0.5539045333862305
1461,24369,12617,1601,2,0.14576543867588043,0.03149682283401489,-0.922814667224884
1462,24371,6879,80,3,0.14606302976608276,0.03464513272047043,1.1048178672790527
1463,24395,3730,1686,3,0.14673718810081482,0.03165198117494583,-1.0703665018081665
1464,24398,10401,26,3,0.14554905891418457,0.03539654612541199,1.518273115158081
1465,24407,3073,30,3,0.145494744181633,0.03746810182929039,1.3332476615905762
1466,24412,22990,296,5,0.14774897694587708,0.03369113430380821,0.7452331185340881
1467,24449,11328,441,2,0.14721861481666565,0.034150153398513794,0.4236157536506653
1468,24480,22939,23,1,0.14555421471595764,0.03648977726697922,1.4978580474853516
1469,24524,16859,73,2,0.14728425443172455,0.042423032224178314,1.1931413412094116
1470,24530,15913,128,2,0.14587780833244324,0.03786228597164154,0.8778688311576843
1471,24544,20503,785,4,0.14560741186141968,0.032641954720020294,0.0770350992679596
1472,24580,3113,59,2,0.14574675261974335,0.03581478074193001,1.5121841430664062
1473,24601,21110,1280,2,0.14571113884449005,0.032345000654459,-0.40070798993110657
1474,24616,20312,1151,2,0.14761634171009064,0.030596483498811722,-0.24491432309150696
1475,24629,11589,633,2,0.14674881100654602,0.032165952026844025,0.14661210775375366
1476,24636,21734,475,7,0.14672602713108063,0.03325234353542328,0.466684490442276
1477,24648,16873,333,3,0.14753392338752747,0.03607778251171112,0.7216342091560364
1478,24652,13175,964,2,0.14544765651226044,0.030098458752036095,-0.12606847286224365
1479,24738,20641,306,2,0.14660020172595978,0.03503831475973129,0.6583815217018127
1480,24755,20801,105,3,0.14754079282283783,0.04212323576211929,1.137953281402588
1481,24836,12657,384,1,0.1456594169139862,0.03197193518280983,0.606370210647583
1482,24841,19955,1476,2,0.1463061422109604,0.029667282477021217,-0.7065327763557434
1483,24869,16217,342,2,0.14659973978996277,0.034205324947834015,0.5979939699172974
1484,24911,3188,32,2,0.14564277231693268,0.03704988211393356,1.3571754693984985
1485,24913,20793,578,3,0.1454067975282669,0.03330444544553757,0.388477087020874
1486,24929,9508,1606,4,0.14557881653308868,0.02992282621562481,-1.0424315929412842
1487,24977,15619,678,4,0.147146075963974,0.03355250880122185,0.281015545129776
1488,24978,3825,501,3,0.14635050296783447,0.03507870435714722,0.3760841488838196
1489,24995,8537,1702,2,0.1459939032793045,0.028438406065106392,-1.4338626861572266
1490,25069,20803,653,3,0.14571750164031982,0.033259712159633636,0.27422475814819336
1491,25110,19052,3,3,0.14591526985168457,0.03605703264474869,2.3461155891418457
1492,25184,22884,971,2,0.14596448838710785,0.029062923043966293,-0.10952777415513992
1493,25197,17183,172,1,0.14745692908763885,0.04180560261011124,0.9623289704322815
1494,25198,5082,79,1,0.1475832611322403,0.043024759739637375,1.1810615062713623
1495,25245,5847,70,2,0.1460454910993576,0.03216017037630081,1.2797460556030273
1496,25265,17953,1215,3,0.14560866355895996,0.03258361294865608,-0.2070186883211136
1497,25268,18542,615,4,0.14576348662376404,0.03195694833993912,0.17507027089595795
1498,25289,13001,256,2,0.1475449800491333,0.03669356554746628,0.8106967806816101
1499,25300,8410,492,2,0.14566916227340698,0.033739879727363586,0.3870972990989685
1500,25328,13078,714,2,0.14577552676200867,0.030767956748604774,0.19210466742515564
1501,25329,22355,151,2,0.1457761824131012,0.03291798010468483,1.069405436515808
1502,25337,22252,510,2,0.14570346474647522,0.03009689971804619,0.3884727954864502
1503,25339,19835,250,3,0.14588181674480438,0.033929258584976196,0.764186680316925
1504,25396,19069,642,3,0.1465701013803482,0.031087780371308327,0.12215213477611542
1505,25397,17369,90,3,0.14580000936985016,0.03679801896214485,1.1658579111099243
1506,25407,11829,204,8,0.14859844744205475,0.03523925691843033,0.8955378532409668
1507,25438,21384,20,5,0.14664804935455322,0.03362124413251877,1.7666749954223633
1508,25440,3344,239,2,0.1457011103630066,0.031186098232865334,0.7781256437301636
1509,25443,3637,92,2,0.14634162187576294,0.04038040712475777,1.045399785041809
1510,25453,22826,28,6,0.14726874232292175,0.03465428948402405,1.6978116035461426
1511,25462,21436,491,2,0.14581094682216644,0.03667173534631729,0.39109867811203003
1512,25485,19663,1659,3,0.14607860147953033,0.03133626654744148,-1.0777853727340698
1513,25490,20564,453,2,0.14571796357631683,0.030697330832481384,0.40633928775787354
1514,25492,21146,605,2,0.14559921622276306,0.03378025442361832,0.316422700881958
1515,25518,3726,1196,3,0.1464117169380188,0.034245312213897705,-0.3468857705593109
1516,25532,3382,234,2,0.14608892798423767,0.03120136447250843,0.9815008044242859
1517,25605,9388,4,3,0.1455359160900116,0.03342026099562645,2.913454055786133
1518,25607,9388,2,3,0.1470407098531723,0.041853781789541245,3.119744300842285
1519,25609,3396,1609,2,0.14738930761814117,0.0322607085108757,-0.8271178007125854
1520,25612,13511,202,1,0.14617834985256195,0.03960519656538963,0.8651450872421265
1521,25629,10362,85,4,0.14573466777801514,0.03610798716545105,1.121590495109558
1522,25657,3415,847,3,0.14545254409313202,0.03335494548082352,0.02294079214334488
1523,25658,9868,610,2,0.14605873823165894,0.032918673008680344,0.24365326762199402
1524,25687,22642,553,2,0.14581379294395447,0.03343306481838226,0.20257419347763062
1525,25689,19835,792,7,0.14676468074321747,0.03179151937365532,0.05623246729373932
1526,25694,22958,268,2,0.1450861394405365,0.03327353298664093,0.7829886078834534
1527,25708,14877,561,3,0.1463082879781723,0.03207525238394737,0.20460760593414307
1528,25714,9384,1153,2,0.14561103284358978,0.03280718997120857,-0.2617011070251465
1529,25771,16586,372,2,0.14545294642448425,0.031691379845142365,0.5491878986358643
1530,25789,3485,1564,4,0.14701510965824127,0.031635917723178864,-0.8131179809570312
1531,25792,15648,15,2,0.14766614139080048,0.04580894112586975,1.4568126201629639
1532,25862,5520,48,4,0.14622466266155243,0.03810904920101166,1.6261935234069824
1533,25867,11106,1107,1,0.14952892065048218,0.030175182968378067,-0.11860726028680801
1534,25885,22472,985,4,0.14691627025604248,0.033049341291189194,-0.12175911664962769
1535,25900,19526,8,2,0.14629216492176056,0.03892862796783447,1.5854604244232178
1536,25938,6195,223,5,0.14713023602962494,0.03629644960165024,0.9583263993263245
1537,26003,22144,443,2,0.14566384255886078,0.035486988723278046,0.4407292306423187
1538,26008,3712,836,6,0.14729677140712738,0.03259150683879852,0.14772644639015198
1539,26035,6656,1457,2,0.14603810012340546,0.029299946501851082,-0.6103106737136841
1540,26041,15998,65,2,0.1454973667860031,0.038079578429460526,1.238887071609497
1541,26065,14871,758,3,0.14737482368946075,0.03504543751478195,0.06245064735412598
1542,26085,21685,1231,2,0.1453143209218979,0.030499141663312912,-0.3243646025657654
1543,26090,20805,290,2,0.14564399421215057,0.03449133038520813,0.7970093488693237
1544,26130,19913,1167,3,0.14744147658348083,0.030571984127163887,-0.2275152951478958
1545,26156,18394,1391,6,0.14778326451778412,0.03408904746174812,-0.4445459246635437
1546,26202,18061,925,2,0.14612698554992676,0.03378878906369209,0.015904784202575684
1547,26209,22929,162,4,0.1455310583114624,0.03571378439664841,0.9812604188919067
1548,26220,10861,774,3,0.14663688838481903,0.03212406113743782,-0.005871012806892395
1549,26230,8044,1681,2,0.14582473039627075,0.03340514004230499,-1.0031230449676514
1550,26233,6714,547,2,0.14568910002708435,0.035896703600883484,0.3372124135494232
1551,26234,6497,577,2,0.1463339477777481,0.030402306467294693,0.22195471823215485
1552,26241,16198,401,3,0.1459227055311203,0.034893929958343506,0.48790591955184937
1553,26247,7447,163,3,0.14561302959918976,0.03418354690074921,0.984270453453064
1554,26259,23028,214,2,0.1458887755870819,0.03490947559475899,0.9837154150009155
1555,26267,22565,1153,3,0.1465962678194046,0.0326230488717556,-0.20666192471981049
1556,26276,22807,1668,2,0.1461043506860733,0.029835836961865425,-1.0813465118408203
1557,26299,3595,794,2,0.14574018120765686,0.035253219306468964,0.1290503740310669
1558,26321,3599,326,2,0.14573681354522705,0.035324838012456894,0.6658607721328735
1559,26349,22714,402,2,0.14603926241397858,0.03422889485955238,0.510850191116333
1560,26368,13598,340,2,0.1462651938199997,0.032965339720249176,0.6352578401565552
1561,26369,6033,1175,2,0.14557351171970367,0.031716398894786835,-0.28028404712677
1562,26371,10742,422,2,0.14587542414665222,0.033861592411994934,0.5539975762367249
1563,26377,9694,1,5,0.14723017811775208,0.0321272648870945,2.949899911880493
1564,26387,7373,660,2,0.14545325934886932,0.030260827392339706,0.10796687752008438
1565,26394,13046,12,4,0.1462692767381668,0.036086104810237885,2.1903674602508545
1566,26402,14378,3,3,0.14687511324882507,0.0391700454056263,3.167414665222168
1567,26406,22574,112,2,0.14563408493995667,0.03559386730194092,1.2595969438552856
1568,26437,19112,777,2,0.1453123837709427,0.03355773538351059,0.11275004595518112
1569,26448,19900,28,3,0.1465204507112503,0.04105452448129654,1.6105204820632935
1570,26530,5108,616,2,0.14535026252269745,0.032876238226890564,0.2640063464641571
1571,26532,8504,145,2,0.1465868204832077,0.033914871513843536,1.0296207666397095
1572,26534,22821,24,3,0.1460728496313095,0.035461295396089554,2.226397752761841
1573,26580,9479,134,2,0.14637106657028198,0.038429275155067444,1.0098803043365479
1574,26583,5903,495,3,0.14619088172912598,0.03311863914132118,0.5087649822235107
1575,26605,22328,594,5,0.14874112606048584,0.03200126439332962,0.15913645923137665
1576,26628,4387,831,3,0.14824071526527405,0.031344957649707794,-0.016132771968841553
1577,26630,22004,1211,2,0.14586874842643738,0.03152676671743393,-0.3228679895401001
1578,26674,13481,615,2,0.14581523835659027,0.03398379683494568,0.24974550306797028
1579,26690,19767,15,2,0.1456288844347,0.03772926330566406,1.505535364151001
1580,26817,21758,1242,2,0.1461583971977234,0.03386310115456581,-0.3141721785068512
1581,26818,18274,42,2,0.1462951898574829,0.04122811183333397,1.21942138671875
1582,26819,3762,146,2,0.14620226621627808,0.038301292806863785,0.9490798711776733
1583,26850,21345,464,3,0.14555512368679047,0.03295474871993065,0.4223385751247406
1584,26854,23031,1487,3,0.14547748863697052,0.03188704326748848,-0.6199263334274292
1585,26857,11685,1,2,0.146219864487648,0.037561509758234024,2.266511917114258
1586,26876,22217,1232,3,0.14593631029129028,0.030103737488389015,-0.3218391537666321
1587,26886,22892,898,3,0.14563341438770294,0.03620682284235954,-0.040196098387241364
1588,26952,12394,172,2,0.1454591155052185,0.032867543399333954,1.0353542566299438
1589,26973,15590,4,2,0.14625613391399384,0.03520228713750839,1.5548944473266602
1590,27003,11829,9,2,0.14601463079452515,0.03833133727312088,1.451209306716919
1591,27006,22480,212,3,0.14568868279457092,0.03408941626548767,0.9013192057609558
1592,27028,18091,99,2,0.1457173377275467,0.0335310623049736,1.129946231842041
1593,27036,3822,26,3,0.14548158645629883,0.031969282776117325,1.6581292152404785
1594,27046,14483,4,3,0.14584919810295105,0.03450951725244522,1.9599018096923828
1595,27054,15266,4,6,0.1481192260980606,0.03630147874355316,2.0167529582977295
1596,27078,20798,1616,1,0.14725664258003235,0.030378863215446472,-0.9889025092124939
1597,27079,21724,690,1,0.14725664258003235,0.03544533997774124,0.20866654813289642
1598,27093,21338,228,1,0.14661234617233276,0.03420808166265488,0.7263222932815552
1599,27126,22144,414,2,0.14580632746219635,0.03356015682220459,0.5934221148490906
1600,27176,21364,50,4,0.1464768350124359,0.039449743926525116,1.6194233894348145
1601,27193,3865,944,2,0.14591364562511444,0.03273865953087807,-0.044211819767951965
1602,27215,3869,866,2,0.1473686844110489,0.029926955699920654,-0.027789752930402756
1603,27234,16763,1195,1,0.14824047684669495,0.03500066697597504,-0.2855244278907776
1604,27261,22929,118,2,0.14530114829540253,0.03623371571302414,1.080390214920044
1605,27273,22994,854,2,0.14566057920455933,0.030848108232021332,0.13535019755363464
1606,27283,17780,981,3,0.14605112373828888,0.03325137868523598,-0.053045108914375305
1607,27284,11696,482,3,0.145731121301651,0.03512589633464813,0.4809185266494751
1608,27312,13482,1115,3,0.14579078555107117,0.03456130623817444,-0.25340843200683594
1609,27315,21350,4,5,0.14712020754814148,0.0379505455493927,2.197462797164917
1610,27344,6982,1764,2,0.1468905359506607,0.02793198451399803,-1.9531875848770142
1611,27366,20517,692,5,0.14715632796287537,0.03279295563697815,0.11422942578792572
1612,27385,21350,974,2,0.14603693783283234,0.03245466202497482,-0.0765267163515091
1613,27392,3947,1309,3,0.14538191258907318,0.03179473429918289,-0.4330555200576782
1614,27396,3948,171,2,0.14593838155269623,0.03129095211625099,1.1692934036254883
1615,27417,4170,1099,2,0.1451846808195114,0.031642571091651917,-0.12756362557411194
1616,27434,5108,809,2,0.1480957567691803,0.03177662938833237,0.03633343055844307
1617,27437,3955,421,2,0.1466236710548401,0.03172246366739273,0.5581681728363037
1618,27448,22228,839,4,0.1460094004869461,0.030383862555027008,0.09157970547676086
1619,27457,14681,1450,2,0.14804093539714813,0.029744578525424004,-0.5316268801689148
1620,27465,17843,748,1,0.14608265459537506,0.03459370508790016,0.1617162525653839
1621,27509,17976,45,2,0.1464894711971283,0.03326183184981346,1.286708950996399
1622,27511,10229,2,4,0.14547008275985718,0.035725921392440796,2.8938276767730713
1623,27514,21866,21,2,0.14569661021232605,0.0354965440928936,1.8017382621765137
1624,27533,7305,1422,3,0.14585354924201965,0.03348056972026825,-0.5613338947296143
1625,27546,3995,993,2,0.1453879475593567,0.034240566194057465,-0.049712467938661575
1626,27551,16772,9,2,0.14755024015903473,0.0437760129570961,1.5171393156051636
1627,27561,10797,1779,4,0.145386204123497,0.03081500716507435,-3.315967559814453
1628,27584,6314,135,2,0.1465582251548767,0.04138145223259926,1.0323601961135864
1629,27623,4020,221,2,0.14714735746383667,0.04175451397895813,0.8815382122993469
1630,27687,22943,1153,2,0.14648744463920593,0.03919883444905281,-0.20254731178283691
1631,27688,19859,1248,2,0.14524969458580017,0.03369440883398056,-0.3003310561180115
1632,27690,5745,310,4,0.14604265987873077,0.03857308253645897,0.674771785736084
1633,27691,10077,1428,3,0.14572346210479736,0.03209627419710159,-0.5019131898880005
1634,27694,4045,1182,2,0.1460675448179245,0.030529703944921494,-0.3267655372619629
1635,27695,21282,1249,3,0.14532512426376343,0.0318315327167511,-0.28973984718322754
1636,27723,6269,51,2,0.14573898911476135,0.036728113889694214,1.1566839218139648
1637,27750,12454,561,2,0.14531852304935455,0.03342599421739578,0.3733895719051361
1638,27784,19913,287,2,0.14569339156150818,0.030933786183595657,0.7869976758956909
1639,27790,22932,1181,3,0.14556041359901428,0.033974453806877136,-0.27272656559944153
1640,27815,21742,188,2,0.14690616726875305,0.041446786373853683,0.999630868434906
1641,27868,14417,158,2,0.14556166529655457,0.03374974802136421,1.0091909170150757
1642,27871,4133,1169,5,0.14715754985809326,0.03151156008243561,-0.18426962196826935
1643,27888,21021,424,2,0.1452210694551468,0.032812342047691345,0.6123022437095642
1644,27897,22453,498,3,0.14534792304039001,0.03520159795880318,0.43073052167892456
1645,27915,14062,1008,3,0.1458745151758194,0.03183353692293167,-0.14689883589744568
1646,27927,13376,532,2,0.1459905505180359,0.031761523336172104,0.48379892110824585
1647,27960,16616,315,2,0.14586645364761353,0.033079441636800766,0.6603156328201294
1648,27996,18274,1016,2,0.14617249369621277,0.032276131212711334,-0.11181247234344482
1649,28019,20753,24,2,0.14757008850574493,0.04374600201845169,1.435039758682251
1650,28052,21446,1461,2,0.14641806483268738,0.030845439061522484,-0.5631704330444336
1651,28056,17693,9,1,0.14685125648975372,0.03719594329595566,1.9367213249206543
1652,28068,10151,1459,2,0.14572474360466003,0.03084486722946167,-0.8117526769638062
1653,28109,6037,2,3,0.14583338797092438,0.03875530883669853,2.1626551151275635
1654,28151,6716,855,2,0.14588481187820435,0.0316624790430069,-0.006779208779335022
1655,28157,19837,329,3,0.1463567614555359,0.03159846365451813,0.609661340713501
1656,28162,8589,876,3,0.14638738334178925,0.032164886593818665,-0.028161853551864624
1657,28164,17122,700,2,0.1458190381526947,0.03795088827610016,0.2396710067987442
1658,28177,4284,2,3,0.14568592607975006,0.033851709216833115,2.6540191173553467
1659,28212,22701,976,2,0.14586757123470306,0.0332316979765892,-0.15288254618644714
1660,28219,6020,1625,5,0.1469404101371765,0.03199426084756851,-0.992296576499939
1661,28222,21758,587,2,0.14717836678028107,0.03236018866300583,0.18576954305171967
1662,28302,15571,20,3,0.14542226493358612,0.03584948182106018,1.958441972732544
1663,28353,8812,682,3,0.14628098905086517,0.034418098628520966,0.2882154881954193
1664,28374,21491,906,3,0.1457526534795761,0.031245680525898933,-0.07271398603916168
1665,28390,7170,407,3,0.14540860056877136,0.03528760373592377,0.49525004625320435
1666,28392,4365,394,3,0.14605174958705902,0.03207632154226303,0.5481806397438049
1667,28403,19563,1504,4,0.146171435713768,0.031740136444568634,-0.7245852947235107
1668,28422,15439,17,8,0.14925174415111542,0.03743851184844971,2.418456554412842
1669,28423,22774,317,3,0.14586661756038666,0.032395415008068085,0.6687824130058289
1670,28426,20054,1134,3,0.14615477621555328,0.031413380056619644,-0.13453498482704163
1671,28482,5967,1724,2,0.14537294209003448,0.029723554849624634,-1.5864158868789673
1672,28496,11069,176,2,0.1454526036977768,0.03283606842160225,0.9183955788612366
1673,28501,21699,189,3,0.14723949134349823,0.043914537876844406,0.9832190275192261
1674,28504,16291,22,2,0.14591945707798004,0.037360407412052155,1.4439140558242798
1675,28522,21101,1224,1,0.1457664966583252,0.030321210622787476,-0.2606062591075897
1676,28548,17822,317,3,0.14517836272716522,0.03520935773849487,0.643741250038147
1677,28551,18052,19,2,0.14712099730968475,0.040782853960990906,2.2823598384857178
1678,28556,21338,239,3,0.145310178399086,0.03221936523914337,0.7481399178504944
1679,28607,6378,1349,2,0.14541466534137726,0.03310060501098633,-0.46840009093284607
1680,28625,20923,1667,2,0.1460264027118683,0.029345490038394928,-1.2463866472244263
1681,28676,4438,833,2,0.14543147385120392,0.02990811876952648,0.07373099029064178
1682,28716,11690,842,2,0.14523735642433167,0.032556306570768356,0.18134361505508423
1683,28737,22929,772,1,0.14723308384418488,0.034381262958049774,0.08519361913204193
1684,28751,5900,1661,2,0.14569494128227234,0.031169192865490913,-1.049715518951416
1685,28757,22194,1444,2,0.1452914923429489,0.029368914663791656,-0.5490156412124634
1686,28773,20919,460,1,0.14751958847045898,0.03356868401169777,0.4110376238822937
1687,28781,22267,573,2,0.1458183228969574,0.032585836946964264,0.30814987421035767
1688,28839,21775,520,2,0.1454116851091385,0.03315354883670807,0.407620906829834
1689,28868,16859,157,2,0.1453639417886734,0.0362342894077301,0.9369377493858337
1690,28891,22945,616,5,0.14700071513652802,0.031426019966602325,0.28404635190963745
1691,28902,5963,1088,2,0.1462055891752243,0.03047504648566246,-0.10246652364730835
1692,28914,10165,247,2,0.1462312787771225,0.034792497754096985,0.8031853437423706
1693,28938,22772,790,3,0.1472398340702057,0.03159730136394501,0.0365491583943367
1694,28974,9532,1720,3,0.14544840157032013,0.03072364628314972,-1.3593924045562744
1695,28989,19015,509,1,0.14628398418426514,0.03216277062892914,0.3683384954929352
1696,29004,17841,414,2,0.1456741988658905,0.035606108605861664,0.6165078282356262
1697,29008,23029,290,2,0.1456046998500824,0.031668998301029205,0.8466019630432129
1698,29016,21724,583,2,0.14548347890377045,0.03401884436607361,0.3185501992702484
1699,29075,21624,5,2,0.1469663828611374,0.042304933071136475,1.7216451168060303
1700,29095,4611,18,3,0.14612087607383728,0.03818875923752785,1.8759758472442627
1701,29113,21751,515,1,0.14623434841632843,0.03291283920407295,0.42181241512298584
1702,29131,21652,1,2,0.1469159722328186,0.0393962487578392,3.1972339153289795
1703,29138,8021,1607,3,0.14524385333061218,0.03142977133393288,-1.0569442510604858
1704,29152,20082,130,3,0.1460065245628357,0.036416005343198776,1.174405574798584
1705,29219,15020,1,2,0.1465224027633667,0.0403953455388546,2.5102334022521973
1706,29259,20781,1315,4,0.14576424658298492,0.0315677672624588,-0.34232616424560547
1707,29270,16085,1035,1,0.14597851037979126,0.031540147960186005,-0.1053701862692833
1708,29287,21915,665,2,0.1453585922718048,0.03436185047030449,0.24135902523994446
1709,29302,22862,564,3,0.14585888385772705,0.03443550691008568,0.3779809772968292
1710,29344,15063,919,4,0.14596424996852875,0.03257621452212334,-0.07966850697994232
1711,29362,21639,496,2,0.14680813252925873,0.03399094566702843,0.3639858365058899
1712,29370,22874,1398,2,0.14717422425746918,0.031707219779491425,-0.46979257464408875
1713,29436,19814,682,2,0.14583148062229156,0.033371008932590485,0.3049488067626953
1714,29444,9018,198,2,0.1472766250371933,0.042597539722919464,0.8809539079666138
1715,29504,15682,2,3,0.1455887109041214,0.03769568353891373,3.2594144344329834
1716,29509,22228,873,2,0.14749830961227417,0.03188163787126541,-0.028373882174491882
1717,29553,23005,193,2,0.14589767158031464,0.03392045572400093,0.9567465782165527
1718,29689,9075,1235,2,0.1460830271244049,0.033189933747053146,-0.27227041125297546
1719,29693,15674,1635,3,0.1455705761909485,0.030584249645471573,-0.9670354127883911
1720,29720,4878,419,2,0.14855869114398956,0.037140585482120514,0.417431116104126
1721,29728,14312,471,2,0.1456245332956314,0.03426540642976761,0.3694322109222412
1722,29729,19837,406,3,0.14628168940544128,0.03204813972115517,0.6175537109375
1723,29741,9164,1,2,0.1466188132762909,0.03956201300024986,3.135909080505371
1724,29746,22884,68,2,0.14577621221542358,0.03629300743341446,1.1585166454315186
1725,29759,17613,1138,2,0.14585283398628235,0.03181005269289017,-0.2819063663482666
1726,29776,4907,62,2,0.14714448153972626,0.04284658282995224,1.605148196220398
1727,29780,22826,427,2,0.14570339024066925,0.033112481236457825,0.3943965435028076
1728,29791,4920,883,2,0.145802304148674,0.03272730112075806,0.03776921331882477
1729,29798,21775,72,3,0.1459326148033142,0.03145578131079674,1.3739216327667236
1730,29815,22740,403,3,0.14549602568149567,0.034835804253816605,0.5066627264022827
1731,29851,21900,1587,3,0.14564527571201324,0.030101634562015533,-0.8194876909255981
1732,29857,13106,66,3,0.14601127803325653,0.03658583015203476,1.2687456607818604
1733,29888,4952,437,2,0.14593185484409332,0.03451039269566536,0.47278666496276855
1734,29916,22004,1246,2,0.14587941765785217,0.0316823273897171,-0.33443140983581543
1735,29935,19454,666,2,0.14586405456066132,0.0323641300201416,0.257487952709198
1736,29976,12079,1071,3,0.14558450877666473,0.03114294819533825,-0.19119203090667725
1737,29984,19819,402,1,0.14838655292987823,0.030959559604525566,0.624122142791748
1738,29988,10633,1,2,0.1455232948064804,0.037017032504081726,3.8554916381835938
1739,29997,17122,1026,2,0.14621315896511078,0.033107783645391464,-0.16590893268585205
1740,30000,21945,975,2,0.14563821256160736,0.030716542154550552,-0.051374442875385284
1741,30004,22894,1434,2,0.14679962396621704,0.03169171139597893,-0.5069957375526428
1742,30135,13821,75,3,0.14721278846263885,0.042694780975580215,1.174809217453003
1743,30150,19633,761,1,0.14603281021118164,0.03015161119401455,0.1969113051891327
1744,30170,21768,542,2,0.14786504209041595,0.035891562700271606,0.24587035179138184
1745,30202,10890,466,4,0.14543840289115906,0.031075112521648407,0.5015115737915039
1746,30229,22932,261,1,0.14597636461257935,0.039734214544296265,0.8064590692520142
1747,30236,22349,80,2,0.1459856778383255,0.03354058787226677,1.3007636070251465
1748,30239,22996,900,3,0.14536263048648834,0.03305843472480774,0.03360793739557266
1749,30261,13591,596,2,0.14562399685382843,0.033358581364154816,0.1622382402420044
1750,30263,5137,609,2,0.14746323227882385,0.03354867920279503,0.17205698788166046
1751,30303,12630,43,2,0.1459968537092209,0.037646085023880005,1.2351468801498413
1752,30311,17171,74,3,0.1456710696220398,0.036302126944065094,1.5304889678955078
1753,30367,22703,159,1,0.14567452669143677,0.035412222146987915,0.9459842443466187
1754,30371,14534,659,2,0.14546626806259155,0.031037740409374237,0.35233762860298157
1755,30377,19474,225,2,0.14559611678123474,0.03543456271290779,0.8479100465774536
1756,30397,13296,128,2,0.14609545469284058,0.03281310945749283,1.124255657196045
1757,30398,6105,329,1,0.1488424837589264,0.032185524702072144,0.7110754251480103
1758,30423,13448,406,3,0.14609654247760773,0.03687185049057007,0.5883224606513977
1759,30442,19160,18,2,0.1459738314151764,0.03605874627828598,1.4658458232879639
1760,30448,19352,669,4,0.14571745693683624,0.0341453030705452,0.2970932722091675
1761,30469,11591,4,2,0.14596153795719147,0.033930227160453796,2.4441347122192383
1762,30568,10403,1327,3,0.14612731337547302,0.03104100376367569,-0.5120844841003418
1763,30634,20376,8,4,0.14613021910190582,0.03631176799535751,2.6194307804107666
1764,30668,22837,1075,2,0.14562827348709106,0.03134184330701828,-0.2020484209060669
1765,30675,20282,79,2,0.14517980813980103,0.0350547730922699,1.2559309005737305
1766,30676,18272,1366,2,0.14589793980121613,0.03442879021167755,-0.5121653079986572
1767,30680,18807,258,3,0.14637871086597443,0.03472233563661575,0.750950813293457
1768,30686,17517,852,3,0.14628563821315765,0.03502042964100838,0.010599017143249512
1769,30723,15850,234,2,0.1455819457769394,0.036604128777980804,0.8352920413017273
1770,30737,21505,264,2,0.14580942690372467,0.031950049102306366,0.6588164567947388
1771,30750,16960,922,1,0.14676044881343842,0.03192905709147453,-0.01031617820262909
1772,30764,22550,367,1,0.14589455723762512,0.03277680277824402,0.6931967735290527
1773,30780,22892,1683,1,0.1454562395811081,0.03261471167206764,-1.2723455429077148
1774,30826,10817,1237,2,0.14531110227108002,0.03119576722383499,-0.3303294777870178
1775,30851,20177,837,2,0.14553767442703247,0.031283844262361526,0.13598893582820892
1776,30941,18794,868,2,0.14590083062648773,0.03215739130973816,0.09075914323329926
1777,30948,21947,8,4,0.14854682981967926,0.045919835567474365,2.9586329460144043
1778,30951,22975,31,1,0.14591242372989655,0.03461883217096329,1.6181743144989014
1779,30971,7388,352,2,0.14584685862064362,0.03328125551342964,0.6735537648200989
1780,31018,5520,338,4,0.14586226642131805,0.038656339049339294,0.7174753546714783
1781,31039,23008,1288,1,0.1471496820449829,0.03072519227862358,-0.369983047246933
1782,31060,16627,296,3,0.14534349739551544,0.03424708545207977,0.8136184215545654
1783,31069,15308,663,3,0.14556194841861725,0.03377385437488556,0.2844722867012024
1784,31095,10403,1404,3,0.14583103358745575,0.032961077988147736,-0.530527651309967
1785,31098,21801,328,2,0.1458096206188202,0.0360584631562233,0.6792791485786438
1786,31126,23019,842,3,0.1456247717142105,0.033919557929039,0.08776935189962387
1787,31144,21429,68,3,0.14564329385757446,0.03463408350944519,1.3054779767990112
1788,31160,19010,726,2,0.14574451744556427,0.035614438354969025,0.21485169231891632
1789,31179,22347,357,3,0.14576652646064758,0.037376224994659424,0.6680129170417786
1790,31201,21222,164,2,0.1462855488061905,0.03647345304489136,0.9002467393875122
1791,31212,21082,775,1,0.14871080219745636,0.029666313901543617,0.006704382598400116
1792,31238,22329,14,3,0.14741554856300354,0.044040925800800323,1.5206913948059082
1793,31240,20604,1731,2,0.1453889161348343,0.03317444026470184,-1.5248581171035767
1794,31242,18151,55,2,0.145748570561409,0.035617243498563766,1.08650541305542
1795,31244,15643,2,2,0.1454422026872635,0.03495003655552864,3.3041415214538574
1796,31258,9156,6,3,0.14666719734668732,0.03646272420883179,2.5013985633850098
1797,31282,23012,750,4,0.1453426331281662,0.032696716487407684,0.182366281747818
1798,31284,10011,613,2,0.14520522952079773,0.0321759358048439,0.3034646511077881
1799,31317,12120,890,1,0.14746586978435516,0.03329458087682724,-0.0770091712474823
1800,31355,16120,1491,3,0.14604595303535461,0.033135972917079926,-0.6904965043067932
1801,31357,21707,164,3,0.1465926468372345,0.03171239420771599,1.0298583507537842
1802,31415,22700,615,2,0.14596544206142426,0.03449822589755058,0.3160572946071625
1803,31430,19136,5,2,0.14578908681869507,0.036821216344833374,2.74603271484375
1804,31478,13117,9,2,0.14677874743938446,0.042248621582984924,1.4539940357208252
1805,31494,21351,383,2,0.14788611233234406,0.030306125059723854,0.36200493574142456
1806,31523,19746,970,1,0.1467052549123764,0.0350794717669487,0.014752209186553955
1807,31541,17669,1243,6,0.148925319314003,0.03235046565532684,-0.29711925983428955
1808,31560,10045,748,2,0.1453315168619156,0.029830634593963623,0.17368155717849731
1809,31563,21489,45,1,0.14858099818229675,0.036502186208963394,1.2178800106048584
1810,31626,14242,19,2,0.14558617770671844,0.03812165558338165,1.6498675346374512
1811,31633,18213,1510,4,0.1456795334815979,0.03256522864103317,-0.663130521774292
1812,31645,12017,904,2,0.14707498252391815,0.03229192644357681,-0.11352972686290741
1813,31708,20039,245,2,0.14685238897800446,0.0412428118288517,0.8370137214660645
1814,31731,21583,164,3,0.14583340287208557,0.03466454893350601,1.1708686351776123
1815,31742,22182,1590,1,0.1454974114894867,0.030414652079343796,-0.8620296120643616
1816,31771,13037,31,2,0.1463477611541748,0.03721708804368973,1.7919445037841797
1817,31808,22981,717,3,0.1453351080417633,0.03224772959947586,0.2384919822216034
1818,31841,20012,1306,3,0.14582471549510956,0.03228555619716644,-0.47841137647628784
1819,31846,21586,1448,2,0.14676286280155182,0.02982233092188835,-0.6802852749824524
1820,31851,18059,851,3,0.14529481530189514,0.03385097160935402,0.08807028084993362
1821,31862,22845,801,2,0.14573781192302704,0.033847127109766006,0.1740003228187561
1822,31912,16518,1653,2,0.1458219438791275,0.03083498775959015,-1.1412891149520874
1823,31955,22884,487,5,0.14670845866203308,0.032968297600746155,0.45166411995887756
1824,32000,6656,1537,2,0.14605912566184998,0.0328386127948761,-0.789578378200531
1825,32037,22168,148,3,0.14599700272083282,0.034959107637405396,0.969875156879425
1826,32046,20666,333,3,0.14621542394161224,0.03414980322122574,0.6520233750343323
1827,32076,13715,2,3,0.14547426998615265,0.03332365304231644,2.1199519634246826
1828,32084,23019,385,2,0.14554813504219055,0.03425205498933792,0.599897563457489
1829,32097,20793,800,1,0.14555348455905914,0.03430020064115524,0.23014745116233826
1830,32143,20683,8,2,0.14746427536010742,0.04544367641210556,1.9965567588806152
1831,32196,22935,186,3,0.14568141102790833,0.03340151533484459,0.9472896456718445
1832,32197,20705,26,2,0.14868946373462677,0.0449124276638031,1.990062952041626
1833,32229,10807,70,2,0.14590060710906982,0.036011070013046265,1.3807612657546997
1834,32255,8810,1261,6,0.14751212298870087,0.036940135061740875,-0.31074070930480957
1835,32284,22703,437,3,0.14648225903511047,0.03140315040946007,0.47376343607902527
1836,32310,20333,387,2,0.14577238261699677,0.03604600578546524,0.5754366517066956
1837,32318,22116,590,2,0.1455988734960556,0.031885452568531036,0.34018898010253906
1838,32331,8817,1574,2,0.14796222746372223,0.03234926238656044,-0.6546043157577515
1839,32347,21586,32,4,0.14556550979614258,0.03666272014379501,1.2432279586791992
1840,32379,22017,1562,3,0.1457037478685379,0.032003771513700485,-0.8482504487037659
1841,32400,22787,725,3,0.14613473415374756,0.03356223180890083,0.17383530735969543
1842,32431,18278,1448,1,0.14553450047969818,0.030327457934617996,-0.555241584777832
1843,32447,20127,643,2,0.14601343870162964,0.03129972517490387,0.2277481108903885
1844,32450,19866,9,1,0.14576144516468048,0.03338555991649628,1.806538462638855
1845,32452,21356,303,3,0.14579255878925323,0.03332331031560898,0.6612619161605835
1846,32471,21581,1124,3,0.1461283564567566,0.033187203109264374,-0.20488570630550385
1847,32474,21366,141,5,0.14692796766757965,0.03381475806236267,1.0387911796569824
1848,32485,21368,1322,1,0.14706772565841675,0.02837529219686985,-0.34493288397789
1849,32494,21417,1223,2,0.14559295773506165,0.03218579292297363,-0.30105647444725037
1850,32506,17112,97,3,0.14554698765277863,0.033473461866378784,1.326837182044983
1851,32539,18180,243,2,0.14538438618183136,0.03581330180168152,0.7508279085159302
1852,32558,13396,290,2,0.14669102430343628,0.03327437490224838,0.7537238597869873
1853,32610,20656,208,3,0.14611931145191193,0.03621288388967514,1.0368971824645996
1854,32617,16159,1593,3,0.14628861844539642,0.030549287796020508,-0.972797155380249
1855,32625,16653,502,2,0.14674662053585052,0.03256908431649208,0.33685868978500366
1856,32645,21221,1,2,0.14582601189613342,0.03719592094421387,3.0979835987091064
1857,32647,22021,623,2,0.14888307452201843,0.03501880168914795,0.26022210717201233
1858,32657,22980,401,3,0.1459895670413971,0.03259997442364693,0.5927202105522156
1859,32663,21736,19,2,0.14659595489501953,0.03998640924692154,1.4209587574005127
1860,32711,10875,63,2,0.14580883085727692,0.035922821611166,1.362130045890808
1861,32730,9569,239,2,0.14669568836688995,0.037181511521339417,0.8627688884735107
1862,32772,11125,888,5,0.14814816415309906,0.03370429575443268,0.03278304636478424
1863,32847,10411,1061,2,0.14551949501037598,0.03217897564172745,-0.20923742651939392
1864,32860,22973,1086,1,0.14892901480197906,0.02997826598584652,-0.25240370631217957
1865,32861,14261,1352,1,0.146664097905159,0.03421645611524582,-0.36688295006752014
1866,32878,19231,4,2,0.14557605981826782,0.03470620885491371,2.445370674133301
1867,32882,16612,699,3,0.1471019834280014,0.03420179337263107,0.12781380116939545
1868,32913,22144,659,4,0.14566253125667572,0.03274870291352272,0.25369468331336975
1869,32923,22968,535,2,0.14596319198608398,0.032837335020303726,0.2504660487174988
1870,32956,21060,1077,1,0.14636904001235962,0.03309272229671478,-0.14429444074630737
1871,32965,21982,1519,2,0.1455608606338501,0.03279903531074524,-0.7058056592941284
1872,32989,17231,1,3,0.14578324556350708,0.03502306342124939,2.4631776809692383
1873,32993,21263,626,2,0.1469222456216812,0.03569233417510986,0.1907998025417328
1874,33001,20050,2,1,0.14533355832099915,0.036499105393886566,2.8398427963256836
1875,33026,21096,98,1,0.14616036415100098,0.033473286777734756,1.2215075492858887
1876,33027,22997,1077,2,0.14633776247501373,0.029861221089959145,-0.2126845121383667
1877,33042,22032,616,2,0.14575433731079102,0.03634679690003395,0.31180909276008606
1878,33066,20084,654,2,0.14563816785812378,0.03208349645137787,0.2115248143672943
1879,33067,23027,1737,3,0.14781837165355682,0.030252620577812195,-1.4621758460998535
1880,33092,19364,337,2,0.147662952542305,0.0424145832657814,0.6503632068634033
1881,33093,6874,1193,2,0.1467682421207428,0.03434688225388527,-0.20225468277931213
1882,33102,15006,1383,3,0.14550216495990753,0.03217679262161255,-0.4487660825252533
1883,33114,22334,179,2,0.14535818994045258,0.033909257501363754,1.022984504699707
1884,33120,13707,481,2,0.14674650132656097,0.03554580360651016,0.38112369179725647
1885,33146,19786,168,3,0.1454203575849533,0.03337456285953522,0.9789443016052246
1886,33151,6923,1388,2,0.1475490927696228,0.03356856852769852,-0.4380607008934021
1887,33158,21568,649,2,0.145485982298851,0.03232020139694214,0.24486783146858215
1888,33184,22777,666,2,0.14590904116630554,0.032638419419527054,0.07010185718536377
1889,33196,6952,10,2,0.14563077688217163,0.03639084845781326,2.1909945011138916
1890,33226,17424,1768,2,0.14560136198997498,0.03161913901567459,-2.5695979595184326
1891,33248,11477,330,2,0.1479719877243042,0.04511210322380066,0.6713029146194458
1892,33281,17232,99,2,0.14579381048679352,0.037444017827510834,1.1734864711761475
1893,33283,21218,535,2,0.14661714434623718,0.03164079040288925,0.44195371866226196
1894,33286,19384,1269,1,0.1467350423336029,0.030885957181453705,-0.31094393134117126
1895,33324,9209,822,2,0.1458156406879425,0.03146311640739441,0.1112760454416275
1896,33356,21161,946,6,0.14705513417720795,0.03334074467420578,0.04115481674671173
1897,33372,22805,1115,2,0.1460597813129425,0.027841690927743912,-0.30774998664855957
1898,33383,13315,319,3,0.14594098925590515,0.034129735082387924,0.6797732710838318
1899,33417,7080,1,2,0.14608435332775116,0.04237565025687218,3.784862995147705
1900,33516,10469,22,3,0.1453866958618164,0.03389155864715576,1.3235012292861938
1901,33574,22401,1167,3,0.14583320915699005,0.029573896899819374,-0.2892898917198181
1902,33581,20084,910,2,0.1466885507106781,0.031166711822152138,-0.01325671374797821
1903,33614,21230,58,2,0.14574432373046875,0.03191018104553223,1.4128667116165161
1904,33619,22957,323,2,0.14579449594020844,0.0339813306927681,0.6710929870605469
1905,33665,13485,1078,2,0.14539387822151184,0.03212888538837433,-0.19096070528030396
1906,33668,15212,5,1,0.14806222915649414,0.041751544922590256,2.5673208236694336
1907,33693,22973,145,3,0.14540188014507294,0.03358488529920578,1.0192350149154663
1908,33694,22273,1127,2,0.14571060240268707,0.031320713460445404,-0.2935054898262024
1909,33695,16653,256,2,0.14613477885723114,0.032502129673957825,0.7711266875267029
1910,33723,14172,392,4,0.14660537242889404,0.03901243209838867,0.6083134412765503
1911,33747,22701,426,8,0.14872942864894867,0.03071231208741665,0.591728150844574
1912,33764,20688,368,2,0.1468750536441803,0.03824670985341072,0.5194764137268066
1913,33794,22853,834,3,0.14572785794734955,0.033273354172706604,0.02033967524766922
1914,33824,20518,1180,4,0.14621835947036743,0.03206590563058853,-0.2079509049654007
1915,33846,16539,9,4,0.14607609808444977,0.03576052933931351,1.7267310619354248
1916,33850,22932,1358,2,0.14719897508621216,0.0281883105635643,-0.4277465343475342
1917,33868,18884,1095,3,0.14595355093479156,0.029902320355176926,-0.12093541026115417
1918,33870,7460,375,2,0.14614345133304596,0.036967769265174866,0.582221508026123
1919,33891,22515,192,1,0.14654675126075745,0.03541360795497894,1.0092076063156128
1920,33923,22776,2,2,0.14624322950839996,0.038339607417583466,3.3152146339416504
1921,33930,7514,235,2,0.1456860452890396,0.0334867462515831,0.8939841389656067
1922,33944,18094,93,2,0.14835451543331146,0.03359972685575485,1.2702436447143555
1923,33959,23032,78,3,0.14570727944374084,0.03599284216761589,1.3016304969787598
1924,33964,14075,305,2,0.14534875750541687,0.03337789326906204,0.7385314702987671
1925,33965,22095,6,5,0.14746136963367462,0.04151034727692604,2.6300432682037354
1926,33997,19251,4,3,0.1455080807209015,0.03587168827652931,2.3827905654907227
1927,33999,21906,3,2,0.1467573046684265,0.04101967066526413,1.4035444259643555
1928,34122,22996,142,2,0.14522744715213776,0.032332539558410645,1.075057864189148
1929,34124,23011,382,2,0.14578109979629517,0.03245065361261368,0.6217086911201477
1930,34151,22878,715,3,0.14546433091163635,0.03039383888244629,0.1967180073261261
1931,34161,17138,48,2,0.1465674638748169,0.03888579457998276,1.4823440313339233
1932,34196,20180,170,3,0.1462089717388153,0.03329724818468094,0.7745689153671265
1933,34217,21626,1568,2,0.14543740451335907,0.029651354998350143,-0.8637322783470154
1934,34221,20362,874,2,0.1457846462726593,0.033336006104946136,-0.08030225336551666
1935,34276,14861,95,2,0.14555998146533966,0.03199432045221329,1.1439208984375
1936,34351,20549,731,3,0.14554156363010406,0.03193967416882515,-0.008931022137403488
1937,34361,20411,987,2,0.1454934924840927,0.03093685209751129,-0.052781108766794205
1938,34363,18146,79,2,0.1455250233411789,0.033808715641498566,1.2447973489761353
1939,34366,13989,14,2,0.14513735473155975,0.03460211306810379,1.7463648319244385
1940,34381,22941,853,5,0.14691974222660065,0.03344210982322693,0.05862603336572647
1941,34459,21206,19,3,0.14643330872058868,0.03928036987781525,1.6338930130004883
1942,34477,19825,2,2,0.1451585292816162,0.0334782749414444,2.0228378772735596
1943,34478,15519,1158,1,0.14722895622253418,0.031069299206137657,-0.24055403470993042
1944,34491,22834,58,2,0.14664308726787567,0.03558598458766937,1.2102503776550293
1945,34521,15894,927,3,0.14680451154708862,0.034269243478775024,-0.0317227840423584
1946,34522,9014,256,2,0.1454465091228485,0.037267979234457016,0.8193674087524414
1947,34529,16799,223,2,0.14565187692642212,0.03272642940282822,0.8576041460037231
1948,34534,16661,202,2,0.14532996714115143,0.03403998911380768,0.9262162446975708
1949,34544,22997,560,2,0.14534500241279602,0.03392370790243149,0.3299478590488434
1950,34565,20711,408,5,0.14902830123901367,0.036914192140102386,0.554450273513794
1951,34598,14215,1014,6,0.1474897414445877,0.031166190281510353,-0.03569696098566055
1952,34606,22996,255,2,0.14609183371067047,0.03321672976016998,0.8177247047424316
1953,34609,13693,1,2,0.1483234465122223,0.04762519150972366,1.9673954248428345
1954,34618,20792,749,2,0.1457190364599228,0.03460489213466644,0.2077593207359314
1955,34631,10393,1305,2,0.1474364548921585,0.037017084658145905,-0.33995765447616577
1956,34636,8171,608,2,0.1456010490655899,0.03370323032140732,0.375260591506958
1957,34643,17369,16,3,0.1473136991262436,0.04090837016701698,1.502190351486206
1958,34659,19415,20,2,0.14544346928596497,0.03460163623094559,2.034243106842041
1959,34670,10580,2,2,0.14534029364585876,0.03293364867568016,1.8468163013458252
1960,34691,23018,1214,2,0.14675787091255188,0.031079676002264023,-0.2654924988746643
1961,34714,11970,595,2,0.14686167240142822,0.03937513753771782,0.33359649777412415
1962,34776,12981,451,2,0.14586058259010315,0.03231092542409897,0.5144010186195374
1963,34831,23021,115,2,0.14560070633888245,0.03399921953678131,1.1521737575531006
1964,34833,18069,94,2,0.14548662304878235,0.03503698110580444,0.9887305498123169
1965,34845,8398,410,4,0.14583446085453033,0.03312996029853821,0.5268545746803284
1966,34849,15381,289,3,0.14636127650737762,0.032703038305044174,0.6696532964706421
1967,34858,21757,56,2,0.14679239690303802,0.040863681584596634,1.1322150230407715
1968,34891,22228,588,1,0.14736883342266083,0.032317109405994415,0.23568618297576904
1969,34964,18291,478,2,0.1454111784696579,0.03278367221355438,0.48346418142318726
1970,34971,8529,166,2,0.14558973908424377,0.03500599414110184,1.0752500295639038
1971,34978,11648,81,3,0.14608532190322876,0.038566745817661285,1.0700099468231201
1972,34980,22958,692,2,0.14771953225135803,0.03259608894586563,0.2031012326478958
1973,35001,17817,4,3,0.14573226869106293,0.03814198449254036,2.7067809104919434
1974,35011,21459,505,2,0.14568951725959778,0.03421255946159363,0.4122235178947449
1975,35071,12749,291,3,0.14578312635421753,0.035228993743658066,0.70176100730896
1976,35078,17021,1680,2,0.14572148025035858,0.03192374110221863,-0.9303799271583557
1977,35096,21789,17,2,0.14544889330863953,0.03672843798995018,1.3623640537261963
1978,35195,23029,393,2,0.14586086571216583,0.03127375617623329,0.5673654079437256
1979,35201,22610,100,2,0.1453041285276413,0.03448159620165825,0.9532918334007263
1980,35213,18430,517,2,0.145464688539505,0.03266409412026405,0.3711450695991516
1981,35271,21992,802,2,0.1470889002084732,0.02997683361172676,0.08289305865764618
1982,35273,8916,594,6,0.14720572531223297,0.033667080104351044,0.41167598962783813
1983,35276,21803,684,2,0.14628462493419647,0.030682850629091263,0.18763117492198944
1984,35300,15323,1131,2,0.1454060673713684,0.032486192882061005,-0.1904713213443756
1985,35308,16303,815,2,0.14652931690216064,0.03572762385010719,0.19125065207481384
1986,35322,19052,414,4,0.1460120677947998,0.032883331179618835,0.5822979211807251
1987,35328,20746,1341,3,0.14550618827342987,0.033110350370407104,-0.4387340843677521
1988,35336,18362,296,2,0.1464402973651886,0.038130730390548706,0.7219507694244385
1989,35344,15932,205,3,0.14680135250091553,0.03630324453115463,0.7903236150741577
1990,35386,21751,8,1,0.14652958512306213,0.035954177379608154,2.7019739151000977
1991,35402,19647,1307,1,0.1457393616437912,0.029924936592578888,-0.40128210186958313
1992,35404,21326,449,3,0.14544729888439178,0.03403881937265396,0.5205726623535156
1993,35412,20158,40,2,0.14560359716415405,0.035491663962602615,1.7003703117370605
1994,35443,23006,1472,4,0.14586761593818665,0.029932312667369843,-0.6831187605857849
1995,35463,12626,1590,1,0.14666223526000977,0.029529130086302757,-0.9599530100822449
1996,35466,22603,717,2,0.14607010781764984,0.03051302582025528,0.21124005317687988
1997,35477,19652,1575,2,0.14727778732776642,0.030791740864515305,-0.772140383720398
1998,35489,16546,1575,2,0.14524120092391968,0.031214643269777298,-0.9403749704360962
1999,35530,15398,199,2,0.1459788978099823,0.03205724433064461,1.0210258960723877
2000,35532,13811,156,3,0.14548885822296143,0.03613496571779251,0.9661750793457031
2001,35543,21272,1081,2,0.14724984765052795,0.030687257647514343,-0.12753517925739288
2002,35560,21703,2,3,0.1476438194513321,0.04589476063847542,2.165691375732422
2003,35622,15215,680,2,0.15011805295944214,0.033347100019454956,0.18489238619804382
2004,35627,22073,194,1,0.14588472247123718,0.03508914262056351,0.8407514095306396
2005,35685,12544,449,2,0.14507539570331573,0.03338699787855148,0.48181021213531494
2006,35705,15633,322,3,0.14598578214645386,0.03286554291844368,0.7406570911407471
2007,35707,15339,543,2,0.14592209458351135,0.03248162195086479,0.2500889301300049
2008,35710,23018,1083,1,0.147752046585083,0.02810399979352951,-0.18730248510837555
2009,35716,18548,110,2,0.1457487791776657,0.033124953508377075,1.588616132736206
2010,35780,21939,822,2,0.14546647667884827,0.03275272250175476,0.047187816351652145
2011,35798,12421,1123,2,0.1460823118686676,0.031762655824422836,-0.3176756203174591
2012,35832,12125,327,2,0.14599451422691345,0.03254421800374985,0.6047927141189575
2013,35860,19769,902,2,0.14666281640529633,0.03249747306108475,0.13528692722320557
2014,35898,12221,288,2,0.1456231027841568,0.035100772976875305,0.7074326872825623
2015,35937,10583,354,2,0.14580166339874268,0.034234173595905304,0.6601066589355469
2016,35991,22929,1203,2,0.14726029336452484,0.03148999437689781,-0.27510765194892883
2017,35995,20273,111,3,0.14620175957679749,0.036656852811574936,1.086775541305542
2018,36004,21757,242,3,0.14599204063415527,0.038465939462184906,0.7765635251998901
2019,36031,22924,438,2,0.14593379199504852,0.032013289630413055,0.5299519300460815
2020,36066,21238,6,3,0.1478332281112671,0.044084928929805756,1.4165794849395752
2021,36068,21677,994,2,0.14620323479175568,0.03417713940143585,-0.013075709342956543
2022,36092,22144,91,2,0.14538812637329102,0.03643270209431648,1.008518099784851
2023,36170,17476,1386,2,0.1461969017982483,0.029887620359659195,-0.5024354457855225
2024,36229,13928,372,5,0.14663060009479523,0.03376598283648491,0.6228885054588318
2025,36231,11058,484,2,0.14562959969043732,0.03268595039844513,0.4828157126903534
2026,36243,22545,1020,2,0.1453770101070404,0.03249414265155792,-0.1301129311323166
2027,36270,15520,18,3,0.1457885056734085,0.036241818219423294,2.5474796295166016
2028,36291,10381,944,2,0.14666658639907837,0.030920198187232018,-0.060237690806388855
2029,36303,19375,118,2,0.14547564089298248,0.036347970366477966,1.1462855339050293
2030,36315,10954,1548,2,0.145591139793396,0.030567733570933342,-0.8680744171142578
2031,36348,22125,711,1,0.14709974825382233,0.03576855733990669,0.15246662497520447
2032,36351,20827,148,2,0.14526303112506866,0.035543348640203476,1.1172988414764404
2033,36363,22945,202,2,0.1459147334098816,0.03231434151530266,0.9449855089187622
2034,36412,22746,326,3,0.14641335606575012,0.03124670870602131,0.5657607316970825
2035,36417,10615,688,1,0.1460772454738617,0.030188802629709244,0.2737475335597992
2036,36430,22721,1498,2,0.14567698538303375,0.031180979683995247,-0.6087083220481873
2037,36464,11254,575,2,0.14563247561454773,0.033465370535850525,0.3608531355857849
2038,36473,15367,44,2,0.14664070308208466,0.034149572253227234,1.3633991479873657
2039,36511,23012,476,2,0.1455477923154831,0.03184029459953308,0.4538976848125458
2040,36514,14918,1,4,0.1465023308992386,0.04009117931127548,2.9285478591918945
2041,36634,20046,368,2,0.14633940160274506,0.033840205520391464,0.5960236191749573
2042,36668,21789,76,1,0.14693808555603027,0.04227876663208008,1.216367483139038
2043,36705,23016,913,3,0.14568740129470825,0.032647423446178436,0.0752694308757782
2044,36812,20680,182,1,0.14816871285438538,0.0318174883723259,0.9977179765701294
2045,36865,22853,1462,3,0.14795458316802979,0.028803512454032898,-0.6031576991081238
2046,36879,19112,6,2,0.1462400108575821,0.039047516882419586,2.4897546768188477
2047,36972,22700,649,2,0.14523495733737946,0.03287230059504509,0.3625960052013397
2048,37083,16008,17,2,0.1453179121017456,0.0384485200047493,1.418541669845581
2049,37086,23009,195,6,0.14711838960647583,0.03464961424469948,0.9383934736251831
2050,37137,14480,988,2,0.14586718380451202,0.030871596187353134,-0.07393275946378708
2051,37195,22928,689,2,0.1493818759918213,0.0296599380671978,0.1911306232213974
2052,37218,20228,18,4,0.14650510251522064,0.03995249792933464,1.30289626121521
2053,37222,21053,556,2,0.14580266177654266,0.03093169443309307,0.30194318294525146
2054,37239,22929,811,1,0.1459319144487381,0.030651483684778214,0.06525026261806488
2055,37285,22790,978,1,0.14691710472106934,0.037754859775304794,-0.04087665677070618
2056,37293,18675,1351,2,0.1453579217195511,0.03121502697467804,-0.4382699728012085
2057,37294,22144,251,2,0.14542584121227264,0.034663259983062744,0.7901345491409302
2058,37314,19449,1,2,0.14605504274368286,0.038640983402729034,4.145438194274902
2059,37352,15148,973,2,0.14537280797958374,0.033265382051467896,-0.033343054354190826
2060,37441,20929,131,3,0.14690178632736206,0.0358639657497406,1.0262744426727295
2061,37533,17157,382,1,0.14633308351039886,0.036210544407367706,0.5402970910072327
2062,37580,20473,76,2,0.14517591893672943,0.03289266303181648,1.4309957027435303
2063,37593,12819,1123,2,0.14579887688159943,0.03291265293955803,-0.26841461658477783
2064,37619,15342,9,5,0.14833036065101624,0.04027280956506729,2.429191827774048
2065,37657,21380,640,1,0.14581558108329773,0.03446521610021591,0.3260773718357086
2066,37684,20070,411,3,0.14567144215106964,0.03305476903915405,0.5894370675086975
2067,37691,22808,54,2,0.14648008346557617,0.03847113251686096,1.5068981647491455
2068,37702,20522,1666,2,0.1458801031112671,0.031238757073879242,-1.3187105655670166
2069,37741,20579,26,2,0.14607110619544983,0.03967246413230896,1.8639150857925415
2070,37749,21078,36,1,0.14649257063865662,0.03614288941025734,1.472516417503357
2071,37753,17748,67,3,0.14716114103794098,0.042281728237867355,1.1671319007873535
2072,37762,23023,868,2,0.1459353268146515,0.029974160715937614,-0.03228718787431717
2073,37764,14774,863,1,0.14766602218151093,0.02951604127883911,0.04595421254634857
2074,38156,22929,487,2,0.14589296281337738,0.03562252223491669,0.4350888431072235
2075,38264,19559,51,1,0.14647798240184784,0.03521057590842247,1.6025774478912354
2076,38300,22053,319,2,0.14578647911548615,0.032246097922325134,0.6213460564613342
2077,38372,22979,53,1,0.14772315323352814,0.0369890034198761,1.5063986778259277
2078,38387,18180,1022,1,0.14544470608234406,0.03288082778453827,0.011634424328804016
2079,38440,21080,120,2,0.1463489830493927,0.03595993295311928,1.2468379735946655
2080,38543,21824,1363,2,0.14592082798480988,0.032434940338134766,-0.40933656692504883
2081,38579,16801,1064,2,0.14605669677257538,0.03188246488571167,-0.15927579998970032
2082,38662,22526,97,2,0.1459987908601761,0.0367342010140419,1.3213200569152832
2083,38671,23002,25,2,0.14730346202850342,0.035973094403743744,1.5780229568481445
2084,38691,22132,129,2,0.1466204673051834,0.033899977803230286,1.108178973197937
2085,38703,20057,163,2,0.1464526653289795,0.03487197309732437,0.9746026396751404
2086,38704,19121,13,2,0.14697697758674622,0.041966572403907776,2.428140640258789
2087,38757,20758,420,2,0.14564238488674164,0.03362244367599487,0.5520709156990051
2088,38785,20850,20,2,0.14660011231899261,0.04144623503088951,1.9089598655700684
2089,38822,21902,118,2,0.14600268006324768,0.034632086753845215,0.9469789862632751
2090,38860,22681,309,1,0.14614012837409973,0.035542454570531845,0.6238449215888977
2091,38886,15708,838,3,0.146223783493042,0.0313560850918293,0.017595350742340088
2092,38903,21460,3,2,0.14578689634799957,0.038272127509117126,4.409628391265869
2093,38938,20376,1,1,0.14598111808300018,0.03464246913790703,3.4882781505584717
2094,39254,22790,1490,3,0.14551398158073425,0.032139427959918976,-0.5679265260696411
