row_id,user,target,rank,history_length,predicted_stay,target_stay_similarity,target_score
0,0,5458,284,1,0.07414482533931732,0.10062677413225174,0.826176106929779
1,5,18349,1256,10,0.0735093355178833,0.06078311428427696,-1.3712302446365356
2,8,798,625,4,0.07451754063367844,0.06133094057440758,-0.02656366303563118
3,21,16785,961,1,0.07222582399845123,0.08262734860181808,-0.49316680431365967
4,28,18103,243,5,0.07437224686145782,0.06198057159781456,0.7715203762054443
5,31,800,184,3,0.07584360241889954,0.08350977301597595,0.9756603240966797
6,54,16989,467,6,0.07505282759666443,0.07656744867563248,0.3323891758918762
7,55,10102,749,4,0.07371222227811813,0.06637004762887955,-0.23476210236549377
8,56,14613,526,2,0.07175043225288391,0.062404267489910126,0.159587100148201
9,80,7551,386,3,0.07484256476163864,0.06560004502534866,0.27978402376174927
10,99,1431,46,5,0.07464481890201569,0.06591304391622543,2.114262819290161
11,122,18060,354,5,0.07450450211763382,0.08178290724754333,0.49071604013442993
12,150,5838,133,2,0.07154897600412369,0.07307863980531693,1.1994073390960693
13,164,8,686,3,0.07507485151290894,0.07796613872051239,-0.13353867828845978
14,165,8,486,5,0.07478506863117218,0.0694282278418541,0.3067921996116638
15,167,8,394,5,0.07567480951547623,0.08014137297868729,0.45864391326904297
16,168,18315,11,2,0.07412898540496826,0.07422541826963425,2.6788363456726074
17,169,18131,27,10,0.07477182149887085,0.07447689771652222,2.470338821411133
18,171,18315,1,10,0.07356753200292587,0.06501644849777222,4.073973655700684
19,172,8,98,7,0.07417280226945877,0.07253368198871613,1.4786871671676636
20,173,18347,1331,10,0.07440419495105743,0.0654180645942688,-2.212369441986084
21,174,8,25,6,0.07461638748645782,0.07445745915174484,2.304389476776123
22,175,18277,800,2,0.07428962737321854,0.06629772484302521,-0.27567070722579956
23,176,18277,121,10,0.07381965219974518,0.07099737226963043,1.2338910102844238
24,177,8,65,6,0.07470700144767761,0.07276748865842819,1.5570166110992432
25,178,8,193,10,0.07383902370929718,0.07374349236488342,0.9966675639152527
26,184,14630,138,10,0.07426688820123672,0.06074686348438263,1.3521487712860107
27,188,16043,765,3,0.07526788115501404,0.06683573871850967,-0.24276533722877502
28,195,6753,11,10,0.0735674500465393,0.05191946402192116,2.9389069080352783
29,196,17024,52,3,0.07231452316045761,0.05031469836831093,1.546683430671692
30,213,11,395,3,0.07420312613248825,0.06929481029510498,0.44272053241729736
31,217,12,471,2,0.07349208742380142,0.0780411809682846,0.23229436576366425
32,226,17943,1289,3,0.07318758219480515,0.07971402257680893,-1.4089419841766357
33,229,7621,198,5,0.07405465841293335,0.07578984647989273,1.0233678817749023
34,269,15737,724,4,0.0747743770480156,0.0711623802781105,-0.1495642364025116
35,277,18179,263,2,0.07338451594114304,0.06064583361148834,0.6993615627288818
36,289,1736,1225,3,0.07366590201854706,0.08448268473148346,-1.1204745769500732
37,303,14464,195,6,0.07499683648347855,0.06122574955224991,0.9285769462585449
38,315,7129,205,4,0.07394836843013763,0.06157156825065613,0.8885171413421631
39,321,10682,801,2,0.07397039234638214,0.06505616754293442,-0.3097635507583618
40,347,14009,355,3,0.07386594265699387,0.053504157811403275,0.38336968421936035
41,383,12643,1,1,0.07335679978132248,0.0858728364109993,4.922031879425049
42,406,15569,338,3,0.0749889612197876,0.07057210803031921,0.6295008659362793
43,408,13719,39,10,0.07453205436468124,0.072565957903862,2.431443452835083
44,414,17566,30,2,0.07063416391611099,0.047187648713588715,1.9680923223495483
45,416,18194,1029,2,0.07341120392084122,0.06842537969350815,-0.6642219424247742
46,421,17961,1076,10,0.07439246773719788,0.06399546563625336,-0.7812696695327759
47,450,8854,56,4,0.07525132596492767,0.06713046133518219,1.824707269668579
48,475,17335,182,3,0.07518231868743896,0.06675348430871964,1.0514899492263794
49,476,18030,749,7,0.07487586885690689,0.07962092757225037,-0.2353382706642151
50,480,10293,516,2,0.0729607567191124,0.06406284123659134,0.2124941498041153
51,484,13676,109,9,0.07468105852603912,0.06511591374874115,1.4988954067230225
52,493,6200,228,2,0.07409629970788956,0.057089004665613174,0.7935379147529602
53,508,4080,432,6,0.07460037618875504,0.06786340475082397,0.33226481080055237
54,542,1429,1050,2,0.0738963633775711,0.0697413831949234,-0.7470680475234985
55,555,4208,887,6,0.07439156621694565,0.05806488171219826,-0.46867313981056213
56,571,18320,792,10,0.07455454021692276,0.07687658071517944,-0.23500101268291473
57,573,18227,578,3,0.07338345795869827,0.0733552798628807,0.061043933033943176
58,586,18320,241,7,0.07529422640800476,0.07397422939538956,0.76702880859375
59,611,7159,363,8,0.07450641691684723,0.06393212080001831,0.44300729036331177
60,617,18261,228,3,0.07341248542070389,0.07772549986839294,0.888079047203064
61,621,18274,1043,10,0.07398080080747604,0.06197575479745865,-0.7268445491790771
62,625,2943,418,2,0.07370942085981369,0.06855155527591705,0.3716651201248169
63,642,18250,399,5,0.07501926273107529,0.06796859204769135,0.31879815459251404
64,658,18274,623,6,0.07524261623620987,0.06498083472251892,-0.0531584769487381
65,660,18307,825,3,0.07500916719436646,0.0707990825176239,-0.2720180153846741
66,670,2424,1004,2,0.07462934404611588,0.06437104940414429,-0.6747084259986877
67,698,4462,226,2,0.0741569772362709,0.05934625491499901,0.794711172580719
68,700,17980,654,2,0.0737803652882576,0.06260069459676743,-0.026327788829803467
69,701,8366,272,4,0.07375038415193558,0.06786638498306274,0.5815556645393372
70,704,15305,1276,3,0.0721668154001236,0.0575689934194088,-1.331619143486023
71,719,16458,1173,7,0.07072027772665024,0.06407181173563004,-1.0071674585342407
72,724,18307,434,3,0.07438553124666214,0.06813493371009827,0.2735908031463623
73,730,13476,601,2,0.07312974333763123,0.06380622833967209,0.05149809271097183
74,736,11979,570,4,0.07439874112606049,0.06947211921215057,0.06618376076221466
75,737,18306,421,10,0.07363186031579971,0.07122194021940231,0.43337810039520264
76,738,12035,859,2,0.07392413169145584,0.06892859935760498,-0.3019038438796997
77,754,607,941,4,0.07393966615200043,0.06640955060720444,-0.5018584132194519
78,755,845,941,2,0.07283347845077515,0.06750315427780151,-0.46894633769989014
79,757,2045,13,3,0.07231622189283371,0.07572344690561295,2.457000255584717
80,767,12901,975,5,0.07519464939832687,0.06207766383886337,-0.5542027354240417
81,816,17881,11,6,0.07293987274169922,0.06896772235631943,3.1749377250671387
82,836,13323,293,2,0.07429579645395279,0.0822397843003273,0.6516399383544922
83,852,1869,2,10,0.07391709089279175,0.07375168800354004,4.662322521209717
84,855,7522,18,6,0.07090716809034348,0.08202725648880005,2.746365785598755
85,869,18285,374,4,0.07440565526485443,0.06241053342819214,0.5502889156341553
86,873,514,1,6,0.07499359548091888,0.06672894954681396,4.415109157562256
87,874,7572,611,2,0.07539157569408417,0.05641593411564827,0.12199068069458008
88,916,1451,918,2,0.07299486547708511,0.07239559292793274,-0.4725535809993744
89,945,17943,70,5,0.07439842075109482,0.0937001183629036,1.7742698192596436
90,954,47,554,2,0.07133617252111435,0.05996919423341751,0.13792820274829865
91,958,5969,310,2,0.07332956045866013,0.0481686070561409,0.515754222869873
92,1001,13086,676,1,0.07155030220746994,0.09543256461620331,-0.07912760972976685
93,1008,50,326,2,0.07362041622400284,0.08392826467752457,0.49904051423072815
94,1021,51,1141,3,0.07421312481164932,0.06367260962724686,-0.938980758190155
95,1029,18356,600,9,0.0753331258893013,0.06642623245716095,0.08053471148014069
96,1040,16920,208,2,0.07392997294664383,0.0784614086151123,0.8395804762840271
97,1088,58,180,2,0.0731450766324997,0.0614372119307518,0.9236308336257935
98,1107,11876,894,3,0.07118616253137589,0.057153038680553436,-0.3357788324356079
99,1111,18290,507,4,0.07328399270772934,0.0673888623714447,0.2639254033565521
100,1112,18330,36,2,0.07429710775613785,0.05645690858364105,1.7540743350982666
101,1140,1270,429,2,0.07271543890237808,0.06804478913545609,0.2613614797592163
102,1147,9419,652,2,0.07488603889942169,0.08533758670091629,0.08030202984809875
103,1150,18287,174,10,0.07389139384031296,0.057169314473867416,1.0694067478179932
104,1152,18091,1085,2,0.07440242171287537,0.07840447127819061,-0.7813326120376587
105,1154,9402,963,4,0.07475610822439194,0.06847449392080307,-0.5026007294654846
106,1158,17943,1286,3,0.07377684116363525,0.07115353643894196,-1.4259973764419556
107,1159,18347,1209,4,0.0755118876695633,0.06696364283561707,-1.0468339920043945
108,1178,1784,286,2,0.0736953541636467,0.07200418412685394,0.5968613028526306
109,1188,17714,223,2,0.07484930008649826,0.07374228537082672,0.8942527770996094
110,1194,17090,49,2,0.07277719676494598,0.053734470158815384,1.8852736949920654
111,1197,18309,130,8,0.07483147084712982,0.07600399851799011,1.172276496887207
112,1207,16414,546,3,0.07392184436321259,0.05899281054735184,0.08694055676460266
113,1211,64,1334,4,0.0733751729130745,0.06620387732982635,-1.7696924209594727
114,1238,17086,840,3,0.07467751950025558,0.05729120224714279,-0.32551276683807373
115,1242,11385,204,3,0.07570625841617584,0.08380500972270966,0.7941813468933105
116,1255,5718,1021,2,0.07433516532182693,0.07511603087186813,-0.6328663229942322
117,1273,7199,118,2,0.07422035932540894,0.05929026007652283,1.1892012357711792
118,1293,18261,794,4,0.07497578114271164,0.07009004801511765,-0.2966971695423126
119,1298,18272,1029,3,0.07471709698438644,0.07869596779346466,-0.6105892658233643
120,1300,17494,223,4,0.07491675019264221,0.058844193816185,0.8953219652175903
121,1304,18280,162,3,0.07406160980463028,0.05638429895043373,1.0506335496902466
122,1308,7145,670,2,0.07279201596975327,0.06596057862043381,-0.0025310516357421875
123,1315,18347,973,4,0.07473933696746826,0.06233029440045357,-0.6033343076705933
124,1331,18290,827,3,0.07529626786708832,0.06399513781070709,-0.3647969365119934
125,1357,18307,1213,5,0.07378360629081726,0.061981767416000366,-1.0842221975326538
126,1361,18207,838,2,0.07423800230026245,0.07097125798463821,-0.2973787784576416
127,1366,10154,494,5,0.07507939636707306,0.07304692268371582,0.17868082225322723
128,1378,2470,1319,4,0.0752800777554512,0.061805129051208496,-1.5625709295272827
129,1389,7643,801,4,0.07453589141368866,0.07045727968215942,-0.36085283756256104
130,1394,17077,640,3,0.0732988640666008,0.07942833006381989,-0.06993286311626434
131,1404,18346,161,2,0.07374671846628189,0.06728868931531906,1.099345326423645
132,1407,18271,441,5,0.07551220804452896,0.07114683091640472,0.3382721543312073
133,1414,18304,13,3,0.07415797561407089,0.060417965054512024,2.179260492324829
134,1421,17409,1199,3,0.07445321977138519,0.05522705614566803,-1.0813177824020386
135,1430,10084,943,2,0.07249396294355392,0.05962781235575676,-0.5175185203552246
136,1440,18346,374,1,0.07083681970834732,0.05886080861091614,0.4049256145954132
137,1463,1710,597,9,0.07507568597793579,0.06577235460281372,0.03484959900379181
138,1482,11166,131,5,0.07503856718540192,0.061340149492025375,1.18410325050354
139,1502,17137,574,3,0.07063552737236023,0.06260976940393448,0.11331537365913391
140,1513,254,499,4,0.07337594032287598,0.06663558632135391,0.2235298901796341
141,1514,16042,330,2,0.07476358115673065,0.07421877980232239,0.639089047908783
142,1527,4755,197,2,0.07470858842134476,0.07216107100248337,0.9515763521194458
143,1530,18287,299,6,0.07459059357643127,0.05460689961910248,0.6583504676818848
144,1542,6290,349,3,0.07227710634469986,0.07179401069879532,0.6514797210693359
145,1543,6900,21,4,0.07576291263103485,0.0684141293168068,1.9602738618850708
146,1555,6355,278,7,0.07362937182188034,0.08099257946014404,0.5562019348144531
147,1573,17566,223,4,0.07478611171245575,0.05178317055106163,0.7570207118988037
148,1579,18030,949,4,0.07025571167469025,0.06992097198963165,-0.46992987394332886
149,1619,4638,978,3,0.07494954019784927,0.06048225983977318,-0.591474175453186
150,1625,16793,517,10,0.07504282146692276,0.06079968437552452,0.12097309529781342
151,1646,2727,134,2,0.07290638238191605,0.05248982086777687,0.9813743233680725
152,1657,8794,64,4,0.07325670123100281,0.059486933052539825,1.5851057767868042
153,1658,17962,143,3,0.07556109875440598,0.05849611759185791,1.075251579284668
154,1673,15257,48,10,0.07163476943969727,0.06301640719175339,1.9681270122528076
155,1697,18237,962,10,0.07458193600177765,0.06804261356592178,-0.60066819190979
156,1706,3086,275,5,0.07326479256153107,0.05901017785072327,0.5378869771957397
157,1709,3743,1135,2,0.07521270960569382,0.07112082093954086,-0.8617768287658691
158,1776,101,367,3,0.07194605469703674,0.05348578840494156,0.6326311230659485
159,1790,18272,52,10,0.07413545995950699,0.08077654987573624,1.6210501194000244
160,1791,101,116,5,0.0738329216837883,0.05493292585015297,1.239627480506897
161,1811,12401,11,1,0.07278028875589371,0.0614941380918026,2.126333236694336
162,1825,6669,544,6,0.07513073831796646,0.08151627331972122,0.11701413989067078
163,1836,9935,1192,2,0.072850301861763,0.08602222800254822,-1.042283058166504
164,1858,12327,817,2,0.07411965727806091,0.05000104755163193,-0.3290778398513794
165,1864,108,1195,2,0.07428280264139175,0.06814070045948029,-1.088488221168518
166,1882,12872,186,7,0.07266177982091904,0.07027503103017807,0.9102232456207275
167,1885,6041,744,3,0.07412106543779373,0.07032929360866547,-0.15296882390975952
168,1887,11230,1117,3,0.07518642395734787,0.05644756555557251,-0.778560996055603
169,1898,18288,313,6,0.07369166612625122,0.05663181096315384,0.6271218061447144
170,1900,604,129,4,0.07500788569450378,0.06419942528009415,1.1795213222503662
171,1939,11149,1020,3,0.07464706897735596,0.0598655566573143,-0.628814697265625
172,1947,17844,304,1,0.0736493468284607,0.05568280816078186,0.70831698179245
173,1960,9931,978,3,0.07451087981462479,0.05829732492566109,-0.6357576847076416
174,1965,115,130,3,0.07387899607419968,0.056987226009368896,1.2486456632614136
175,1978,5515,653,5,0.07391126453876495,0.05737544596195221,-0.06842995434999466
176,2003,11676,6,10,0.07476494461297989,0.060712702572345734,3.2273385524749756
177,2021,121,169,3,0.07529184967279434,0.05726630613207817,1.063542366027832
178,2026,4236,565,3,0.07458976656198502,0.06332346051931381,0.12368573993444443
179,2040,18237,533,6,0.0752580389380455,0.06905779242515564,0.15101498365402222
180,2046,2321,707,3,0.07473360002040863,0.07380683720111847,-0.16302728652954102
181,2047,10985,82,4,0.07434868067502975,0.08656040579080582,1.4952126741409302
182,2089,15543,1153,2,0.07328098267316818,0.07539647817611694,-0.950993001461029
183,2090,7838,330,4,0.07457740604877472,0.06955814361572266,0.5006768703460693
184,2112,7115,64,6,0.0743693932890892,0.06882402300834656,1.6975480318069458
185,2136,4673,4,2,0.07456916570663452,0.05521085113286972,3.3977906703948975
186,2156,14449,64,2,0.07384133338928223,0.06994505971670151,1.6089574098587036
187,2158,13983,1236,3,0.0751921683549881,0.10450363904237747,-1.1564723253250122
188,2169,186,456,4,0.07477615773677826,0.06650029867887497,0.2351333498954773
189,2202,804,33,3,0.07543722540140152,0.07845449447631836,1.8279720544815063
190,2203,11599,2,2,0.07357940822839737,0.08188989758491516,4.860138893127441
191,2226,18035,256,4,0.07318103313446045,0.0637928694486618,0.7338842749595642
192,2245,18298,364,4,0.07311408221721649,0.06545361876487732,0.4760282337665558
193,2249,18131,312,1,0.07074400782585144,0.06322170794010162,0.5540095567703247
194,2269,139,518,5,0.0752483382821083,0.06546313315629959,0.23626747727394104
195,2285,9624,479,1,0.07258293777704239,0.04335475340485573,0.2899874150753021
196,2298,10507,11,5,0.07428937405347824,0.07004418224096298,2.8465516567230225
197,2302,2884,488,4,0.07583428174257278,0.06410762667655945,0.3004508912563324
198,2307,18292,69,2,0.07338949292898178,0.053536370396614075,1.506096363067627
199,2334,1787,13,9,0.07434552907943726,0.06732435524463654,3.2478795051574707
200,2346,147,1,2,0.07200033962726593,0.08151749521493912,8.322951316833496
201,2347,147,967,9,0.07394541800022125,0.06674706935882568,-0.5104981660842896
202,2355,13716,34,2,0.07158644497394562,0.07101061195135117,1.755789041519165
203,2372,379,14,3,0.07374641299247742,0.0817415714263916,2.4937541484832764
204,2376,5714,355,5,0.07409093528985977,0.054969798773527145,0.3948722183704376
205,2391,10506,6,4,0.07349569350481033,0.06471961736679077,3.6341874599456787
206,2403,16646,198,2,0.07371832430362701,0.06579770147800446,0.9865294694900513
207,2404,18272,5,5,0.07450423389673233,0.08771991729736328,4.81583309173584
208,2412,3114,176,6,0.07492620497941971,0.07764047384262085,0.9434744119644165
209,2422,6013,9,2,0.07409704476594925,0.08019004762172699,2.614079475402832
210,2428,17715,1278,3,0.07527799159288406,0.07702921330928802,-1.4588923454284668
211,2444,8791,897,3,0.07548774033784866,0.06401723623275757,-0.49083200097084045
212,2456,16478,169,9,0.07437124848365784,0.0551721453666687,1.0591827630996704
213,2465,11627,21,10,0.07204444706439972,0.061846837401390076,2.760009527206421
214,2470,18088,1314,5,0.07435427606105804,0.07784726470708847,-1.4509209394454956
215,2497,7588,193,3,0.07336534559726715,0.062444694340229034,0.9473878145217896
216,2505,16178,538,7,0.07512379437685013,0.07583297789096832,0.171732097864151
217,2508,1412,272,1,0.06842880696058273,0.04984697327017784,0.6352227926254272
218,2511,7518,12,2,0.07345344871282578,0.08338633924722672,2.8155345916748047
219,2546,12944,955,6,0.0746907964348793,0.07021411508321762,-0.4983447790145874
220,2549,17179,370,3,0.07377619296312332,0.06132064014673233,0.4693134129047394
221,2555,1255,833,4,0.07434225082397461,0.06682012975215912,-0.3505556583404541
222,2576,15523,1225,4,0.0759885311126709,0.07090173661708832,-1.167773962020874
223,2608,18280,233,5,0.074834905564785,0.060341835021972656,0.7960957884788513
224,2615,719,20,2,0.07387831062078476,0.07198664546012878,2.110567331314087
225,2622,13211,15,2,0.07399114221334457,0.061077624559402466,2.3034493923187256
226,2641,5073,543,5,0.07459070533514023,0.07315817475318909,0.18146684765815735
227,2643,9111,626,1,0.07274889945983887,0.06985338032245636,-0.005779668688774109
228,2663,2701,722,2,0.07371488958597183,0.0609714537858963,-0.1876983791589737
229,2664,17862,421,10,0.07415510714054108,0.06611891835927963,0.405870258808136
230,2667,18131,1239,9,0.0742868185043335,0.06747562438249588,-1.2545322179794312
231,2677,183,432,5,0.07370813935995102,0.06874465942382812,0.44030678272247314
232,2708,2440,257,2,0.07246232777833939,0.059508610516786575,0.582208514213562
233,2714,2889,410,2,0.07342761754989624,0.06908546388149261,0.36260515451431274
234,2720,9107,1153,2,0.07411196827888489,0.08416711539030075,-0.8425405025482178
235,2730,14579,168,4,0.07551950961351395,0.06180518865585327,0.9622769951820374
236,2775,4638,570,4,0.07426506280899048,0.06103770434856415,0.0903734415769577
237,2777,17856,559,10,0.07490035146474838,0.07234145700931549,0.12956221401691437
238,2784,16266,463,2,0.0748642310500145,0.06920918077230453,0.29365038871765137
239,2821,12212,51,2,0.07365015894174576,0.06170205771923065,1.7266480922698975
240,2833,18337,120,5,0.0743250623345375,0.06729304790496826,1.3487135171890259
241,2845,18134,1092,2,0.07495442032814026,0.06018619239330292,-0.7917167544364929
242,2858,2179,650,3,0.07409242540597916,0.0765930563211441,-0.09480655193328857
243,2859,2770,831,4,0.07409598678350449,0.0873454213142395,-0.35011231899261475
244,2870,5260,981,2,0.07310918718576431,0.06302987784147263,-0.5924313068389893
245,2885,8431,902,4,0.07426025718450546,0.0838012769818306,-0.42582279443740845
246,2889,4313,35,2,0.07466982305049896,0.05745873972773552,1.6855292320251465
247,2898,5355,534,2,0.07467273622751236,0.06509125232696533,0.21887080371379852
248,2903,951,376,6,0.075347401201725,0.06450777500867844,0.5232482552528381
249,2930,548,39,2,0.07399645447731018,0.06232365220785141,1.7130626440048218
250,2949,2424,999,2,0.07315128296613693,0.061761483550071716,-0.6224586367607117
251,2961,203,46,8,0.07475526630878448,0.06528353691101074,1.7330141067504883
252,2972,205,386,5,0.07375996559858322,0.07522943615913391,0.40098217129707336
253,2975,16243,620,5,0.07403028756380081,0.05821845307946205,-0.024829354137182236
254,2981,18159,676,2,0.07308211922645569,0.057396795600652695,-0.12465406209230423
255,2984,6979,9,3,0.07486871629953384,0.06924431025981903,2.574549674987793
256,2997,4527,526,10,0.07433771342039108,0.07256390899419785,0.21750245988368988
257,3004,17961,956,4,0.07526905834674835,0.06220167130231857,-0.5202494859695435
258,3030,5593,893,10,0.07271914929151535,0.06832847744226456,-0.46505600214004517
259,3037,10168,99,3,0.07325773686170578,0.066719189286232,1.3052349090576172
260,3046,18200,549,6,0.0754365622997284,0.06313809752464294,0.087365061044693
261,3077,18334,844,10,0.07469097524881363,0.08979175239801407,-0.3204469382762909
262,3106,4930,11,6,0.0741007998585701,0.06248660385608673,2.508605718612671
263,3113,14081,757,2,0.07363579422235489,0.06397125124931335,-0.23977576196193695
264,3128,8849,9,9,0.0739244595170021,0.05164927989244461,2.7841367721557617
265,3145,16958,55,2,0.07405292242765427,0.056219860911369324,1.7483688592910767
266,3158,233,46,2,0.07354339212179184,0.06785258650779724,1.770212173461914
267,3195,6097,253,5,0.07470815628767014,0.06947648525238037,0.6565515995025635
268,3198,17779,342,2,0.07494016736745834,0.06619967520236969,0.6244560480117798
269,3207,17605,1109,2,0.07392069697380066,0.060268860310316086,-0.8696796298027039
270,3250,11854,221,8,0.0745900347828865,0.06585259735584259,0.9223138093948364
271,3262,15370,55,2,0.07270216196775436,0.06114940345287323,1.502428412437439
272,3288,16014,303,2,0.07466749846935272,0.06284844875335693,0.608129620552063
273,3301,15745,465,2,0.07291915267705917,0.06963831931352615,0.45272088050842285
274,3321,17098,495,1,0.0733262374997139,0.07541488856077194,0.3105403780937195
275,3329,14823,969,10,0.07441125065088272,0.0727311372756958,-0.5682238936424255
276,3330,13721,113,3,0.07529130578041077,0.060135964304208755,1.1832765340805054
277,3331,12873,172,9,0.07477937638759613,0.06444893032312393,1.0979537963867188
278,3334,17699,207,3,0.07391838729381561,0.08173945546150208,1.0423495769500732
279,3343,11332,310,2,0.07510700076818466,0.06214983016252518,0.6931406855583191
280,3363,13605,1032,5,0.07480355352163315,0.0783810243010521,-0.6813281774520874
281,3364,18083,726,3,0.07417628914117813,0.07406488806009293,-0.1550336331129074
282,3366,11572,14,4,0.07434853911399841,0.05594666674733162,2.242121934890747
283,3374,10073,156,1,0.07273688912391663,0.07448198646306992,1.2158161401748657
284,3381,14970,175,3,0.07552020251750946,0.06197627633810043,0.9961158633232117
285,3389,7037,80,10,0.07360701262950897,0.057564474642276764,1.6276843547821045
286,3391,17951,354,2,0.07318773120641708,0.06795088201761246,0.5913639068603516
287,3392,5053,28,6,0.07455448806285858,0.07077661156654358,1.8588792085647583
288,3393,6337,335,2,0.07467444986104965,0.05913223698735237,0.6533774733543396
289,3402,2120,344,2,0.07347540557384491,0.06005287542939186,0.6321868896484375
290,3406,14864,1165,2,0.0742994025349617,0.06738142669200897,-0.9239320755004883
291,3448,17787,124,10,0.07406633347272873,0.07497989386320114,1.3338266611099243
292,3453,8500,926,9,0.0753328800201416,0.06116357073187828,-0.4583272635936737
293,3463,15457,691,3,0.07475876808166504,0.061646636575460434,-0.08836089074611664
294,3477,17443,825,2,0.07397881150245667,0.07669002562761307,-0.29520902037620544
295,3484,5294,1323,2,0.0721621960401535,0.06222087889909744,-1.6572479009628296
296,3492,4801,358,2,0.07403158396482468,0.06834040582180023,0.5568761229515076
297,3552,4211,366,10,0.07508621364831924,0.07005321979522705,0.5589680671691895
298,3553,4223,995,2,0.07467611134052277,0.06940960884094238,-0.6372969150543213
299,3556,8726,124,2,0.07414981722831726,0.05957890301942825,1.233048915863037
300,3576,5100,67,4,0.0731043592095375,0.05781954154372215,1.6168771982192993
301,3580,18274,1045,10,0.07389062643051147,0.05731712281703949,-0.7527967095375061
302,3589,15493,26,5,0.07450395077466965,0.06410621851682663,1.9224082231521606
303,3616,17951,145,10,0.07420085370540619,0.06826205551624298,1.2381467819213867
304,3652,9918,57,2,0.07440285384654999,0.0563487634062767,1.5526862144470215
305,3653,18200,811,2,0.07505302131175995,0.06324748694896698,-0.32702013850212097
306,3656,5170,331,2,0.07464753091335297,0.06465961784124374,0.6402812600135803
307,3697,18014,291,5,0.07535608112812042,0.08219942450523376,0.691630482673645
308,3703,16193,1048,2,0.07266460359096527,0.06732325255870819,-0.7369269132614136
309,3771,260,20,2,0.07327573746442795,0.056041110306978226,1.9278802871704102
310,3774,17477,713,4,0.07385598123073578,0.07321397960186005,-0.15772566199302673
311,3783,7607,568,2,0.072774738073349,0.05298870429396629,0.1566547155380249
312,3785,8120,176,3,0.07310491055250168,0.05296356976032257,0.9901553392410278
313,3819,16369,226,4,0.07419703155755997,0.054768651723861694,0.8121700882911682
314,3823,17814,20,3,0.07490888237953186,0.05743663012981415,2.065394639968872
315,3828,3042,615,2,0.07344179600477219,0.07015509903430939,0.05403430759906769
316,3860,14357,2,3,0.07442528009414673,0.056611284613609314,2.9295947551727295
317,3862,7747,239,2,0.07501274347305298,0.08102191239595413,0.7791093587875366
318,3863,5444,194,3,0.07506273686885834,0.06391025334596634,1.0413037538528442
319,3895,2587,667,6,0.07490766793489456,0.059235021471977234,-0.03238306939601898
320,3936,5680,275,5,0.07517996430397034,0.07060868293046951,0.7097152471542358
321,3940,2453,41,2,0.07517591863870621,0.06412697583436966,1.6760438680648804
322,3954,9516,56,2,0.0749320238828659,0.06294984370470047,1.4990050792694092
323,3988,11969,246,3,0.07475356757640839,0.06068648397922516,0.8025760650634766
324,4001,9516,358,2,0.07207322865724564,0.05123148858547211,0.519349217414856
325,4004,15311,511,3,0.07410009205341339,0.05477641522884369,0.3107762038707733
326,4024,1880,32,2,0.07293945550918579,0.07750298827886581,1.7278231382369995
327,4039,587,706,2,0.07540744543075562,0.07639485597610474,-0.020424917340278625
328,4041,16234,4,1,0.07422579824924469,0.06976060569286346,2.634988307952881
329,4070,14500,519,9,0.07430398464202881,0.06617139279842377,0.24413231015205383
330,4082,5170,164,4,0.0742800310254097,0.06588366627693176,1.0537279844284058
331,4083,2799,70,2,0.07386687397956848,0.06543683260679245,1.498480200767517
332,4088,17462,293,9,0.07390096783638,0.05141649395227432,0.7225391864776611
333,4107,8155,583,1,0.07244984060525894,0.08111445605754852,0.16143222153186798
334,4109,13126,91,3,0.07516476511955261,0.06636857241392136,1.2855020761489868
335,4116,251,730,4,0.07421064376831055,0.0711701363325119,-0.230922132730484
336,4117,2404,507,2,0.07417876273393631,0.06439343839883804,0.19729653000831604
337,4132,18150,622,4,0.07529653608798981,0.06442613899707794,-0.0011889934539794922
338,4217,1009,1020,3,0.07241876423358917,0.058288365602493286,-0.6872262358665466
339,4223,11135,354,1,0.07461175322532654,0.0687328577041626,0.5410826802253723
340,4224,5213,32,1,0.07376362383365631,0.05850045382976532,1.696005940437317
341,4229,2947,856,3,0.0756530836224556,0.07394422590732574,-0.32075268030166626
342,4233,17331,6,2,0.07430586963891983,0.06184302642941475,3.1823983192443848
343,4237,18133,145,3,0.07544327527284622,0.0654800683259964,1.091373085975647
344,4257,13506,500,2,0.07385658472776413,0.06197115033864975,0.27033793926239014
345,4275,8120,86,3,0.07563046365976334,0.05380764976143837,1.3959168195724487
346,4277,14960,1176,5,0.07538455724716187,0.0770912617444992,-1.0435529947280884
347,4279,5583,945,8,0.07512495666742325,0.09214784950017929,-0.5473877191543579
348,4286,12782,598,4,0.07536141574382782,0.06614527851343155,0.07611335813999176
349,4290,16494,973,2,0.0745897963643074,0.06515238434076309,-0.6075162291526794
350,4310,13506,1113,3,0.07500326633453369,0.06449125707149506,-0.812947154045105
351,4328,17853,211,1,0.07409355044364929,0.061657071113586426,0.9102442264556885
352,4335,18274,8,4,0.07508094608783722,0.062234971672296524,3.9581050872802734
353,4340,2884,519,2,0.07423540204763412,0.06605026125907898,0.30264508724212646
354,4372,9615,1159,9,0.0750846266746521,0.06315276771783829,-1.015175461769104
355,4426,270,223,2,0.0736270323395729,0.0643407478928566,0.8377692699432373
356,4521,278,67,9,0.074457548558712,0.07060735672712326,1.5754565000534058
357,4542,9034,504,3,0.07539177685976028,0.06149354204535484,0.2138736993074417
358,4549,14448,673,6,0.07468153536319733,0.05672963708639145,-0.06996914744377136
359,4550,11542,972,2,0.07316076010465622,0.06460113823413849,-0.5412834882736206
360,4594,15021,334,6,0.07514204829931259,0.06587759405374527,0.5385614633560181
361,4618,17477,798,4,0.07477650791406631,0.07065748423337936,-0.2885613739490509
362,4690,17828,1043,1,0.07305542379617691,0.07510119676589966,-0.7222973704338074
363,4696,17862,914,6,0.07446976751089096,0.06369084864854813,-0.4755905866622925
364,4712,8500,101,2,0.07473915815353394,0.06101686507463455,1.2676068544387817
365,4715,17101,52,5,0.07543182373046875,0.056579362601041794,1.5687527656555176
366,4727,12207,74,3,0.07437597215175629,0.06526001542806625,1.437139630317688
367,4737,15672,204,3,0.07505244016647339,0.07311861217021942,0.9575446844100952
368,4744,16265,913,4,0.07435119152069092,0.05475698411464691,-0.4965011179447174
369,4747,7994,337,2,0.07281306385993958,0.06522718816995621,0.4967106580734253
370,4751,6234,42,5,0.07442567497491837,0.05875992029905319,1.7788965702056885
371,4761,1568,17,4,0.07514511048793793,0.06284023821353912,2.5831966400146484
372,4765,18288,790,2,0.07358887046575546,0.061873823404312134,-0.212513267993927
373,4773,18315,849,3,0.0719936192035675,0.05985862389206886,-0.4048352837562561
374,4794,18214,914,7,0.07503113150596619,0.05424369126558304,-0.40773993730545044
375,4801,6825,3,4,0.07511027157306671,0.0641869306564331,3.9005141258239746
376,4850,14134,60,2,0.07343412190675735,0.05771922320127487,1.6092767715454102
377,4855,303,506,2,0.07376004010438919,0.0584583580493927,0.17225797474384308
378,4869,18293,722,2,0.07244191318750381,0.06557521224021912,-0.16831913590431213
379,4888,13729,10,2,0.07354715466499329,0.06721465289592743,3.0375075340270996
380,4903,18307,1022,4,0.0750337615609169,0.06634903699159622,-0.7343709468841553
381,4907,10732,678,2,0.07430662214756012,0.06783312559127808,-0.013861745595932007
382,4925,17332,35,7,0.07489785552024841,0.07363618910312653,1.997049331665039
383,4932,17479,1313,3,0.07547864317893982,0.07014328986406326,-1.5521436929702759
384,4962,18287,392,2,0.07500821352005005,0.059171274304389954,0.39233464002609253
385,4981,18131,87,9,0.07489899545907974,0.06759986281394958,1.3890504837036133
386,4984,1898,912,2,0.0740954577922821,0.06969135254621506,-0.525612473487854
387,4996,18303,367,6,0.07516147196292877,0.07318180799484253,0.6177113056182861
388,5003,18344,53,7,0.0742378830909729,0.06368071585893631,1.8756271600723267
389,5015,11173,1156,2,0.07413485646247864,0.06835191696882248,-1.0050370693206787
390,5040,16802,124,2,0.07279971987009048,0.056099437177181244,1.2110087871551514
391,5043,12445,290,3,0.0719776600599289,0.06182623654603958,0.6918221116065979
392,5058,5227,576,2,0.07325755804777145,0.07802682369947433,0.08387504518032074
393,5087,323,515,3,0.07446007430553436,0.06033841520547867,0.2598460614681244
394,5088,18274,12,5,0.07427599281072617,0.05893706530332565,3.5636117458343506
395,5090,9804,113,4,0.0745588168501854,0.0632719174027443,1.238524079322815
396,5091,16665,117,2,0.0732620432972908,0.0616721585392952,1.2257858514785767
397,5112,14982,569,4,0.0740673691034317,0.06555496901273727,0.06844069063663483
398,5119,18306,253,4,0.07542666792869568,0.07465051859617233,0.7286393046379089
399,5154,18334,959,2,0.07494667917490005,0.08878657966852188,-0.5136455297470093
400,5156,10477,356,2,0.07385863363742828,0.0720575749874115,0.5057240724563599
401,5182,1203,328,2,0.07378259301185608,0.07068115472793579,0.5117765069007874
402,5192,4324,151,2,0.07294365763664246,0.0642295628786087,1.0804353952407837
403,5195,17560,19,6,0.07511088997125626,0.06366576254367828,2.143014907836914
404,5203,5920,13,10,0.07437685877084732,0.07011906057596207,2.936659812927246
405,5217,11453,731,2,0.07350116223096848,0.06568118929862976,-0.17117711901664734
406,5223,14897,113,1,0.07218755781650543,0.07785848528146744,1.2960894107818604
407,5233,2279,1213,5,0.07547365128993988,0.06470490992069244,-1.079485535621643
408,5248,18290,18,7,0.07425999641418457,0.06003522127866745,3.016589403152466
409,5258,7361,701,4,0.07248851656913757,0.06845360994338989,-0.16520050168037415
410,5264,18346,116,4,0.07473152130842209,0.0646141842007637,1.3403959274291992
411,5266,18280,355,3,0.07332142442464828,0.061788953840732574,0.5060040354728699
412,5271,13681,326,3,0.07372257113456726,0.07024069130420685,0.5249689221382141
413,5292,13480,909,1,0.07376930117607117,0.059272509068250656,-0.5377411842346191
414,5311,2494,1026,3,0.07448582351207733,0.0705108717083931,-0.6590830087661743
415,5328,17243,26,2,0.07588676363229752,0.05566421523690224,2.186152935028076
416,5331,12853,71,1,0.07477550208568573,0.061179473996162415,1.512343406677246
417,5348,16609,419,2,0.07479709386825562,0.07994792610406876,0.35031503438949585
418,5354,15991,27,2,0.07365977019071579,0.05393353849649429,1.8549672365188599
419,5377,18322,482,3,0.0746576189994812,0.06519708037376404,0.3258511424064636
420,5386,9356,205,5,0.0745755210518837,0.06900455057621002,0.965218722820282
421,5391,7114,108,2,0.07401775568723679,0.06819352507591248,1.4187742471694946
422,5398,18291,151,10,0.07450131326913834,0.06024825945496559,1.164054036140442
423,5402,354,885,2,0.07451153546571732,0.06898670643568039,-0.4169214069843292
424,5416,17596,398,6,0.0749756470322609,0.06453293561935425,0.3721223473548889
425,5419,13400,149,8,0.0747985988855362,0.06781605631113052,1.140040397644043
426,5420,16151,538,1,0.07504764199256897,0.06642317771911621,0.31779253482818604
427,5430,2632,483,2,0.07454837113618851,0.06154422461986542,0.15468621253967285
428,5431,18133,294,3,0.07447823137044907,0.05870407074689865,0.5878790616989136
429,5523,11068,407,2,0.0725080743432045,0.055068228393793106,0.5071567893028259
430,5560,18307,1235,2,0.07290574908256531,0.060325607657432556,-1.002448320388794
431,5585,7809,1221,2,0.07389964908361435,0.06835775822401047,-1.1211282014846802
432,5592,18285,235,8,0.07444093376398087,0.05727480724453926,0.7031335234642029
433,5613,3522,929,6,0.07507959008216858,0.08515722304582596,-0.5735208988189697
434,5627,6138,223,3,0.07381406426429749,0.0649455115199089,0.7712405323982239
435,5630,18307,532,4,0.07535582780838013,0.06493888050317764,0.11151739954948425
436,5636,10465,113,3,0.07569609582424164,0.05680137127637863,1.2989989519119263
437,5654,17798,384,3,0.07530531287193298,0.0819985643029213,0.4946393668651581
438,5685,16546,283,4,0.07297065854072571,0.054357416927814484,0.7223062515258789
439,5696,16456,211,2,0.07560429722070694,0.055906087160110474,1.0062410831451416
440,5740,11986,513,5,0.0747586116194725,0.06895844638347626,0.10441465675830841
441,5757,6276,601,5,0.07567572593688965,0.06189742684364319,0.06595361232757568
442,5765,12632,136,8,0.0741867870092392,0.05478796735405922,1.2285572290420532
443,5810,6647,266,8,0.07463376969099045,0.06724284589290619,0.7979519963264465
444,5839,17235,1061,2,0.073313407599926,0.07212812453508377,-0.7111654877662659
445,5891,17339,1185,3,0.07488460838794708,0.052620694041252136,-0.9514068365097046
446,5897,2376,66,4,0.0752343162894249,0.07326149195432663,1.6026618480682373
447,5912,18310,1310,1,0.07298777252435684,0.08430159091949463,-1.6630972623825073
448,5935,14409,650,2,0.07269556075334549,0.060441382229328156,-0.02096838690340519
449,5945,17254,853,5,0.07352028042078018,0.06277573108673096,-0.38089123368263245
450,5967,9627,486,4,0.07263804227113724,0.06708460301160812,0.23273812234401703
451,5970,15566,101,3,0.07378849387168884,0.07096144556999207,1.3306390047073364
452,5980,3713,296,2,0.07323360443115234,0.06150663271546364,0.5793440341949463
453,5986,6169,79,2,0.07344897091388702,0.07075271755456924,1.4579222202301025
454,6037,17335,435,5,0.0740397721529007,0.06207570061087608,0.4360978603363037
455,6059,400,834,3,0.07485205680131912,0.06806111335754395,-0.3629456162452698
456,6079,16802,109,3,0.07336997240781784,0.06099606677889824,1.2536529302597046
457,6081,14476,650,2,0.07367216795682907,0.07084297388792038,-0.05399426817893982
458,6088,11633,104,4,0.07418558746576309,0.06437766551971436,1.2924296855926514
459,6091,6993,769,4,0.07457071542739868,0.0637810006737709,-0.25112178921699524
460,6119,8559,97,1,0.07413516938686371,0.06096603721380234,1.3502914905548096
461,6121,11858,213,4,0.07331377267837524,0.07496102154254913,0.9535214900970459
462,6131,5521,279,4,0.07313001900911331,0.055378325283527374,0.7645158767700195
463,6134,16326,1213,4,0.07491361349821091,0.0718715488910675,-1.1260759830474854
464,6159,4461,297,7,0.07497821003198624,0.05423666164278984,0.6690558195114136
465,6171,18095,12,3,0.07406501471996307,0.06464827060699463,2.7662899494171143
466,6174,8030,116,5,0.07500677555799484,0.06040848791599274,1.2978233098983765
467,6176,17880,1175,4,0.07480211555957794,0.06041445583105087,-1.0084247589111328
468,6178,3513,425,3,0.07366421073675156,0.055298883467912674,0.4251406192779541
469,6180,409,52,10,0.07358139753341675,0.06164049729704857,1.8101773262023926
470,6192,2712,127,3,0.07497882097959518,0.06307114660739899,1.239810824394226
471,6201,9019,139,2,0.07177552580833435,0.06238217651844025,1.1148297786712646
472,6223,17425,1,2,0.0721721351146698,0.07471669465303421,3.485511302947998
473,6263,17137,607,5,0.0746840387582779,0.058073580265045166,0.014291808009147644
474,6279,18132,628,8,0.07441066205501556,0.07338307052850723,0.02191157639026642
475,6287,3391,17,2,0.0754714235663414,0.06990929692983627,2.3801286220550537
476,6298,420,85,2,0.07264796644449234,0.06690838932991028,1.3051326274871826
477,6299,420,37,2,0.07140416651964188,0.062081169337034225,1.719975471496582
478,6366,14956,347,2,0.07343468815088272,0.06761876493692398,0.5251036882400513
479,6395,16802,200,5,0.07435162365436554,0.06024169921875,0.992432713508606
480,6476,2026,31,5,0.07281261682510376,0.06944968551397324,2.014777660369873
481,6490,5685,263,4,0.07377440482378006,0.06728309392929077,0.6658357381820679
482,6497,16949,58,5,0.07491156458854675,0.06015826016664505,1.5198498964309692
483,6525,18356,15,7,0.07546266913414001,0.06815219670534134,2.570751905441284
484,6530,2185,146,4,0.07463297992944717,0.06164882704615593,1.1528841257095337
485,6539,17711,112,2,0.07344739884138107,0.0647517517209053,1.250985860824585
486,6555,9516,232,2,0.07492734491825104,0.05629461631178856,0.8333792686462402
487,6577,17718,1316,5,0.07452580332756042,0.06174066290259361,-1.5355137586593628
488,6584,12476,294,4,0.07330331206321716,0.06210247799754143,0.6545425653457642
489,6592,449,691,3,0.07512841373682022,0.07137908041477203,-0.07736896723508835
490,6606,9635,205,1,0.07180590182542801,0.05596080422401428,0.8385751247406006
491,6639,8286,635,2,0.07330010831356049,0.07597792893648148,0.002848486416041851
492,6663,7775,1152,3,0.07307308912277222,0.07365485280752182,-0.9171240925788879
493,6668,17183,103,3,0.07602294534444809,0.07431922852993011,1.403584361076355
494,6671,2372,371,1,0.07378607988357544,0.07234815508127213,0.4623221755027771
495,6675,14984,110,3,0.07529192417860031,0.07367110252380371,1.2124192714691162
496,6676,18050,1262,3,0.07442375272512436,0.06567078083753586,-1.2705364227294922
497,6691,4929,210,2,0.0745096504688263,0.06675834208726883,0.8273550271987915
498,6780,1723,630,2,0.0729098692536354,0.054165687412023544,-0.0070000141859054565
499,6799,16096,2,4,0.07382997870445251,0.06868230551481247,4.4073944091796875
500,6800,13508,953,3,0.07411859184503555,0.06581218540668488,-0.5806075930595398
501,6831,460,235,2,0.07321419566869736,0.0687919333577156,0.7807828187942505
502,6852,1227,255,10,0.07445038110017776,0.06669750809669495,0.8486500978469849
503,6875,467,857,4,0.07398907840251923,0.09091447293758392,-0.40239396691322327
504,6900,16413,73,7,0.07401653379201889,0.06127360463142395,1.4623138904571533
505,6909,17042,456,7,0.07477720826864243,0.06703592836856842,0.2788485288619995
506,6923,4244,557,6,0.07431071996688843,0.07209452241659164,0.12747156620025635
507,6927,15763,260,2,0.07352934032678604,0.06438712775707245,0.7634698152542114
508,6938,17627,19,2,0.07307793200016022,0.07549777626991272,2.0624685287475586
509,6960,11650,243,2,0.07371046394109726,0.0730208083987236,0.8174815773963928
510,6966,18334,443,4,0.07461753487586975,0.08628126978874207,0.3334410786628723
511,6969,18159,137,4,0.07516169548034668,0.07002466171979904,1.1503448486328125
512,6972,2670,235,4,0.07443290203809738,0.05866384878754616,0.8520525097846985
513,6990,18104,29,10,0.07496010512113571,0.07519978284835815,2.4937682151794434
514,7022,5911,354,3,0.07504522055387497,0.06344766914844513,0.3827820122241974
515,7032,3675,807,2,0.0714678168296814,0.05782679468393326,-0.3025715947151184
516,7037,1910,667,2,0.07361189275979996,0.06431686133146286,-0.04974284768104553
517,7045,3316,91,3,0.07508134096860886,0.08185754716396332,1.2622590065002441
518,7069,18253,126,2,0.07341194897890091,0.056635573506355286,1.193458914756775
519,7076,13152,1058,3,0.07482963800430298,0.08913356810808182,-0.6931804418563843
520,7089,7049,9,2,0.07067286968231201,0.06732261925935745,3.2842421531677246
521,7092,487,662,2,0.0745597705245018,0.06673553586006165,-0.006020806729793549
522,7094,18214,1165,2,0.07302755862474442,0.05050945281982422,-1.0332750082015991
523,7103,488,1006,3,0.07469460368156433,0.06399785727262497,-0.6457456350326538
524,7107,18356,665,2,0.07216515392065048,0.05573314428329468,-0.09329353272914886
525,7116,4497,13,3,0.07547406852245331,0.07219194620847702,3.1693930625915527
526,7128,490,1230,2,0.07373782992362976,0.06271285563707352,-1.0672369003295898
527,7132,3114,894,3,0.07231258600950241,0.06469671428203583,-0.3707638680934906
528,7134,17494,566,6,0.07495972514152527,0.06619218736886978,0.12342236936092377
529,7137,18131,25,8,0.07461221516132355,0.0733565092086792,2.601970911026001
530,7139,18320,1310,2,0.07112675160169601,0.07751788198947906,-1.438122272491455
531,7140,18137,873,8,0.0744289755821228,0.08068764209747314,-0.4160501956939697
532,7141,18356,553,6,0.07462242990732193,0.06258635222911835,0.1429833471775055
533,7147,17862,145,3,0.07381447404623032,0.061894554644823074,1.1765573024749756
534,7151,18137,1291,2,0.07307058572769165,0.07594116777181625,-1.3793824911117554
535,7152,18356,571,4,0.07430598139762878,0.06477274000644684,0.04182637855410576
536,7160,18355,70,5,0.07523169368505478,0.06262041628360748,1.569198727607727
537,7209,16332,1283,2,0.07346915453672409,0.07997335493564606,-1.328712821006775
538,7214,15658,1242,2,0.07349532097578049,0.06946922093629837,-1.1848599910736084
539,7222,16784,1031,2,0.0737137496471405,0.06347794830799103,-0.7519215941429138
540,7247,18289,104,1,0.06908266991376877,0.059327125549316406,1.263959527015686
541,7264,3771,15,3,0.07325181365013123,0.05845313146710396,2.135770320892334
542,7401,2372,1148,2,0.07411842793226242,0.06984411180019379,-0.9246912002563477
543,7402,9999,542,2,0.0749548003077507,0.08499312400817871,0.24308209121227264
544,7404,8595,499,2,0.07260969281196594,0.056836824864149094,0.20492428541183472
545,7415,3657,327,1,0.0737389549612999,0.07627399265766144,0.6442393064498901
546,7432,12964,635,4,0.07267311960458755,0.05738050490617752,-0.0007313787937164307
547,7451,7327,188,2,0.07195685058832169,0.0734316036105156,1.0242537260055542
548,7470,17252,736,6,0.07501726597547531,0.05849049985408783,-0.18502913415431976
549,7475,516,639,2,0.07292129844427109,0.05913699418306351,-0.0003965049982070923
550,7515,10992,282,2,0.07431436330080032,0.05482333526015282,0.6265036463737488
551,7554,15545,244,3,0.07192989438772202,0.05909842252731323,0.7304289937019348
552,7596,11813,1074,2,0.07473508268594742,0.06967233866453171,-0.7701072692871094
553,7613,11633,580,3,0.07428732514381409,0.05904766172170639,0.08550418168306351
554,7620,5795,3,3,0.07435150444507599,0.05734977498650551,3.463111400604248
555,7640,18226,51,3,0.0750000923871994,0.051672451198101044,1.8675602674484253
556,7641,2843,962,2,0.07436241954565048,0.06141036003828049,-0.5377908945083618
557,7695,678,20,2,0.07299768924713135,0.0503489226102829,2.029158592224121
558,7706,5171,306,3,0.07346910238265991,0.06228151544928551,0.6531599164009094
559,7728,18200,456,2,0.07451774924993515,0.06169095262885094,0.36987239122390747
560,7734,14318,153,1,0.07315286993980408,0.06184718757867813,1.0950781106948853
561,7756,17947,296,4,0.07448041439056396,0.06407472491264343,0.5936952233314514
562,7759,18150,215,7,0.07451145350933075,0.06243371218442917,0.9617732167243958
563,7770,18292,345,2,0.07381169497966766,0.06019144132733345,0.5675634741783142
564,7777,3020,771,2,0.07376957684755325,0.057383403182029724,-0.20131658017635345
565,7784,18004,961,1,0.07329228520393372,0.05496595427393913,-0.47498059272766113
566,7790,11979,357,4,0.07472159713506699,0.07244066894054413,0.4665214717388153
567,7805,6483,922,3,0.07490958273410797,0.06217874959111214,-0.4689140319824219
568,7809,15679,77,2,0.07295157760381699,0.05635031685233116,1.3634531497955322
569,7813,16298,46,4,0.07346400618553162,0.06042376905679703,1.6954149007797241
570,7817,3349,200,3,0.07469653338193893,0.05770097300410271,0.9216044545173645
571,7862,8699,19,9,0.07375404238700867,0.06291566789150238,2.448150873184204
572,7874,8443,302,1,0.06947297602891922,0.054624199867248535,0.7748135924339294
573,7890,11573,171,7,0.07364407181739807,0.0539923757314682,1.0298218727111816
574,7891,18174,939,1,0.0743648111820221,0.07234050333499908,-0.5696271657943726
575,7903,12339,836,6,0.07407739013433456,0.07300643622875214,-0.35036978125572205
576,7917,6550,881,4,0.07508829981088638,0.06993921846151352,-0.4187816083431244
577,7927,18275,448,1,0.07544216513633728,0.07857000827789307,0.47393208742141724
578,7950,18226,11,1,0.07415014505386353,0.061462920159101486,2.2066142559051514
579,7975,4085,348,2,0.07206021249294281,0.05565284565091133,0.6535966992378235
580,7982,554,1071,3,0.07376822829246521,0.0743400901556015,-0.7643269300460815
581,7988,11010,957,2,0.07432912290096283,0.06665155291557312,-0.542915403842926
582,8004,18219,8,2,0.07315172255039215,0.05720590054988861,2.081277847290039
583,8016,9914,606,5,0.07482229173183441,0.06349056214094162,0.08195152878761292
584,8022,11781,453,2,0.07433788478374481,0.07571865618228912,0.47595030069351196
585,8043,16666,834,2,0.0745665654540062,0.07803357392549515,-0.3187120854854584
586,8045,16091,407,2,0.07339232414960861,0.05910618230700493,0.42085057497024536
587,8059,3304,434,3,0.07471130043268204,0.06867706030607224,0.3082718551158905
588,8063,18200,802,3,0.07441088557243347,0.0643482655286789,-0.3240840435028076
589,8080,18295,242,2,0.07370642572641373,0.05769920349121094,0.7210236191749573
590,8088,18352,368,2,0.07361120730638504,0.0624283030629158,0.3735392689704895
591,8115,5188,129,2,0.07312826067209244,0.06372972577810287,1.0361628532409668
592,8122,12038,223,2,0.07272961735725403,0.053288817405700684,0.8485114574432373
593,8131,6608,411,10,0.07286937534809113,0.05867816507816315,0.5085239410400391
594,8159,8177,34,4,0.07322915643453598,0.0584242157638073,1.8162269592285156
595,8168,17425,142,4,0.07286294549703598,0.06599995493888855,1.1115634441375732
596,8197,17839,734,2,0.07554750144481659,0.06661546230316162,-0.11975525319576263
597,8200,569,14,2,0.07301995903253555,0.058087557554244995,2.144435167312622
598,8234,9500,164,3,0.07397259026765823,0.0490390919148922,1.094685435295105
599,8246,16714,398,2,0.07437517493963242,0.06139729917049408,0.5940618515014648
600,8250,9993,763,2,0.07473811507225037,0.05863673985004425,-0.25716716051101685
601,8255,7440,152,6,0.07449550181627274,0.07469341158866882,1.1609247922897339
602,8278,8355,1243,3,0.07458866387605667,0.0667230486869812,-1.1654250621795654
603,8332,4780,443,4,0.07476361095905304,0.06297371536493301,0.41510143876075745
604,8349,14967,259,2,0.07243122905492783,0.06910078227519989,0.8415376543998718
605,8374,2616,837,2,0.07462692260742188,0.07022843509912491,-0.2986010015010834
606,8432,13899,406,3,0.07490763068199158,0.05355401337146759,0.4919363856315613
607,8443,1939,1144,3,0.07456132024526596,0.06547338515520096,-0.9005481004714966
608,8490,738,361,4,0.07510276883840561,0.06467132270336151,0.5454790592193604
609,8506,18307,1198,4,0.07488705217838287,0.0728362426161766,-1.028588056564331
610,8507,8535,73,1,0.0733775943517685,0.07569659501314163,1.4080976247787476
611,8513,17805,930,2,0.07473985105752945,0.07923531532287598,-0.4536634683609009
612,8522,4879,574,3,0.07356008887290955,0.06213484704494476,0.06523902714252472
613,8529,3422,362,2,0.07467102259397507,0.07799717783927917,0.5304848551750183
614,8534,3141,962,3,0.07461241632699966,0.06750556826591492,-0.510276734828949
615,8543,18287,231,4,0.0749635174870491,0.056742921471595764,0.9912945628166199
616,8545,18088,784,2,0.07424377650022507,0.07081034779548645,-0.20482555031776428
617,8558,17323,848,5,0.07455603778362274,0.07752105593681335,-0.32679641246795654
618,8572,10688,250,3,0.07528898119926453,0.05520793795585632,0.8413417935371399
619,8597,601,199,2,0.07303785532712936,0.06072712317109108,0.8363877534866333
620,8615,10219,615,2,0.07394247502088547,0.05259128659963608,0.0196857750415802
621,8639,17275,200,3,0.07464585453271866,0.06441321969032288,0.9542809724807739
622,8640,3681,31,3,0.07460976392030716,0.06838847696781158,2.3827831745147705
623,8658,18199,295,2,0.07155010104179382,0.054783206433057785,0.7414621710777283
624,8662,17824,1098,10,0.07452738285064697,0.0752972885966301,-0.8319320678710938
625,8665,2056,284,2,0.07424923032522202,0.07654546946287155,0.6940006017684937
626,8714,17962,698,2,0.07153584808111191,0.06717021018266678,-0.053532518446445465
627,8716,6488,5,4,0.07598550617694855,0.06760386377573013,2.88985538482666
628,8719,1100,205,2,0.07340025901794434,0.06213565170764923,0.9872157573699951
629,8723,2887,301,3,0.07503281533718109,0.0815068781375885,0.5757774114608765
630,8730,1773,8,2,0.0725444108247757,0.0734717845916748,3.9651947021484375
631,8735,18168,472,2,0.07505925744771957,0.07541441917419434,0.2744765877723694
632,8738,12462,10,2,0.07415487617254257,0.05792350694537163,2.4763569831848145
633,8755,11541,3,2,0.07280736416578293,0.0615251362323761,3.0230624675750732
634,8776,14891,5,2,0.07311463356018066,0.07549113035202026,3.184544324874878
635,8787,17943,1079,5,0.0749346986413002,0.08206290751695633,-0.7298426628112793
636,8795,13586,115,8,0.0733841061592102,0.06932438164949417,1.3318904638290405
637,8813,15717,111,3,0.07555726915597916,0.09673482924699783,1.3169941902160645
638,8815,4149,50,2,0.07376942783594131,0.06492629647254944,1.7472554445266724
639,8818,18307,45,4,0.07542413473129272,0.07238734513521194,1.958028793334961
640,8820,18307,289,4,0.06976807117462158,0.053542569279670715,0.5553151369094849
641,8829,17453,890,2,0.07377263903617859,0.06375671923160553,-0.4094691872596741
642,8832,10752,1184,5,0.07543354481458664,0.08733402192592621,-0.9439877271652222
643,8860,8155,1230,5,0.07548857480287552,0.07487262785434723,-1.1957261562347412
644,8866,17530,556,2,0.0734887644648552,0.0681617334485054,0.12733101844787598
645,8877,1609,793,2,0.07382786273956299,0.062195733189582825,-0.2510303854942322
646,8897,8535,1161,2,0.07550854235887527,0.07354967296123505,-0.9258323907852173
647,8931,9118,175,3,0.07501421123743057,0.07367431372404099,0.9580236673355103
648,8944,18319,818,10,0.07386304438114166,0.08281861990690231,-0.21779468655586243
649,8964,18030,363,6,0.07524777203798294,0.0785592645406723,0.4287407398223877
650,8969,15570,1322,8,0.07494600862264633,0.0698879212141037,-1.569672703742981
651,8974,11060,192,2,0.07236126065254211,0.05463307723402977,0.9403908252716064
652,8975,18195,115,4,0.07501404732465744,0.05578336864709854,1.2328790426254272
653,8976,18324,216,3,0.07339777052402496,0.0758422464132309,0.8764604926109314
654,9000,18325,94,2,0.07501697540283203,0.05849349871277809,1.370907187461853
655,9003,14652,209,4,0.07485263794660568,0.05941222980618477,0.884221076965332
656,9014,1934,85,3,0.07203620672225952,0.07693755626678467,1.4290128946304321
657,9019,18068,368,1,0.07338087260723114,0.07143483310937881,0.4915904998779297
658,9027,7168,633,2,0.07220521569252014,0.06823593378067017,0.04636751115322113
659,9044,17825,1184,3,0.07513035088777542,0.0645446702837944,-0.8903241753578186
660,9045,1929,1252,2,0.07514794170856476,0.06376132369041443,-1.280415654182434
661,9100,2998,57,9,0.07492204010486603,0.05938837304711342,1.690793514251709
662,9122,18319,1202,5,0.07479961961507797,0.08823779225349426,-1.026691198348999
663,9126,15258,723,10,0.07381412386894226,0.060315705835819244,-0.1425505429506302
664,9131,15755,93,1,0.07352650910615921,0.07703667134046555,1.3850722312927246
665,9185,5318,10,4,0.07348494231700897,0.07803567498922348,2.6856234073638916
666,9204,653,157,5,0.0761057436466217,0.07050427794456482,1.0789949893951416
667,9207,653,600,3,0.0746491476893425,0.06427737325429916,0.07570964843034744
668,9229,18145,147,2,0.07384724169969559,0.06609011441469193,1.1487611532211304
669,9263,661,496,5,0.07436172664165497,0.07529239356517792,0.21987567842006683
670,9280,14827,447,2,0.073558010160923,0.07674374431371689,0.3615420162677765
671,9307,665,55,3,0.07523665577173233,0.06230664253234863,1.683627963066101
672,9359,17513,407,4,0.07515197992324829,0.07156634330749512,0.46511170268058777
673,9365,10110,231,1,0.07235412299633026,0.07063500583171844,0.8171106576919556
674,9372,719,71,6,0.07433626800775528,0.055559247732162476,1.6282938718795776
675,9381,7089,241,2,0.07387793809175491,0.061737388372421265,0.8001928329467773
676,9403,14592,5,10,0.07456712424755096,0.069417305290699,3.8458361625671387
677,9416,13514,1013,3,0.07423426955938339,0.07061684876680374,-0.6020288467407227
678,9433,1402,17,3,0.07273516058921814,0.061865612864494324,2.362469434738159
679,9519,13795,635,4,0.0748416930437088,0.07562901079654694,-0.041968196630477905
680,9530,9635,15,3,0.0754576325416565,0.07238262891769409,2.550508499145508
681,9544,13210,4,6,0.07403068244457245,0.058031994849443436,2.916158676147461
682,9591,15250,571,2,0.07321834564208984,0.0706905797123909,0.08653189241886139
683,9599,10930,1185,4,0.07524064183235168,0.06313203275203705,-1.044407606124878
684,9616,689,223,2,0.07373712956905365,0.05991675332188606,0.9441280364990234
685,9624,1578,635,2,0.07535409927368164,0.06670455634593964,-0.06710599362850189
686,9646,11397,407,2,0.07363268733024597,0.06412352621555328,0.48009175062179565
687,9724,7551,677,3,0.07500983774662018,0.07160283625125885,-0.055334240198135376
688,9728,4901,793,6,0.07331275939941406,0.06795600801706314,-0.30039095878601074
689,9735,3118,781,8,0.07318354398012161,0.06015494093298912,-0.24536113440990448
690,9751,12340,1308,3,0.07478638738393784,0.06828338652849197,-1.497661828994751
691,9776,18112,1209,2,0.0740995705127716,0.07621999084949493,-0.994181215763092
692,9777,14986,816,3,0.07354339212179184,0.05883362889289856,-0.2766319513320923
693,9797,2363,4,2,0.06852357089519501,0.04513721540570259,3.6241555213928223
694,9799,18287,17,6,0.06812060624361038,0.046718742698431015,2.2961840629577637
695,9811,3389,792,4,0.07468781620264053,0.07169635593891144,-0.2668977677822113
696,9817,708,1103,2,0.07468606531620026,0.0716773197054863,-0.7477437257766724
697,9825,12446,16,2,0.07298273593187332,0.05826123058795929,2.352940559387207
698,9886,15403,914,3,0.07515397667884827,0.06319954991340637,-0.4216822385787964
699,9888,18137,752,5,0.07553752511739731,0.08294940739870071,-0.2316131889820099
700,9896,14617,934,5,0.07403314858675003,0.06471403688192368,-0.5349918007850647
701,9903,12570,817,4,0.07341579347848892,0.05506623163819313,-0.32427650690078735
702,9941,15854,50,2,0.07251840084791183,0.05082320421934128,1.5835869312286377
703,9945,6750,4,1,0.07103586941957474,0.0492456890642643,3.318434000015259
704,9947,1354,377,2,0.07543058693408966,0.06715579330921173,0.44238489866256714
705,9951,8921,324,9,0.07444390654563904,0.06389416009187698,0.6336188316345215
706,9970,727,76,4,0.07372895628213882,0.047291770577430725,1.4932689666748047
707,9974,16789,168,2,0.07307116687297821,0.04634268581867218,1.055474042892456
708,9994,12429,965,1,0.06565574556589127,0.04192103073000908,-0.48794054985046387
709,10011,2853,1,3,0.06972910463809967,0.04195781797170639,5.760295391082764
710,10014,17437,1053,2,0.07188321650028229,0.07183597981929779,-0.7171869874000549
711,10033,12690,429,3,0.07578648626804352,0.06836367398500443,0.5226110219955444
712,10123,738,480,4,0.07491634041070938,0.06644685566425323,0.18576762080192566
713,10125,17388,25,4,0.07272379845380783,0.04861924797296524,2.1744987964630127
714,10146,18258,9,7,0.07410173863172531,0.06982691586017609,3.0916380882263184
715,10154,8999,97,2,0.07369864732027054,0.05437714233994484,1.3595924377441406
716,10156,743,836,2,0.07571697980165482,0.06688794493675232,-0.3235139846801758
717,10207,18272,32,2,0.07372519373893738,0.08912231773138046,2.0264625549316406
718,10242,18200,134,3,0.0748550295829773,0.06310541927814484,1.147613525390625
719,10274,14687,230,3,0.07544287294149399,0.07741191238164902,0.8694812059402466
720,10281,11385,1179,2,0.07165700197219849,0.0684126764535904,-0.9858636260032654
721,10323,4874,337,2,0.07432815432548523,0.07817960530519485,0.6386281251907349
722,10349,14706,11,2,0.07260861992835999,0.06306327879428864,2.658639907836914
723,10350,762,944,2,0.07281609624624252,0.07302308827638626,-0.5127593278884888
724,10362,763,137,3,0.07201681286096573,0.07854139059782028,1.0950063467025757
725,10372,6353,1060,2,0.07423330098390579,0.06292220950126648,-0.7151914834976196
726,10374,5750,87,3,0.0755624994635582,0.0518592894077301,1.5052112340927124
727,10384,17891,91,1,0.07169631868600845,0.07381591945886612,1.2872717380523682
728,10386,18320,855,10,0.07467620074748993,0.08106139302253723,-0.4019358158111572
729,10387,18320,1091,3,0.07324473559856415,0.07798079401254654,-0.9007166028022766
730,10388,18316,11,4,0.07371891289949417,0.07500787824392319,3.4511008262634277
731,10414,8991,1294,4,0.07572350651025772,0.0627453625202179,-1.4825191497802734
732,10418,1227,1058,3,0.07230561971664429,0.07198593765497208,-0.71503746509552
733,10421,16178,1128,3,0.07503609359264374,0.0785413384437561,-0.9577932953834534
734,10447,7919,256,2,0.07427588105201721,0.05293501541018486,0.7302271723747253
735,10464,10788,52,2,0.07354950159788132,0.05988764762878418,1.5642386674880981
736,10480,17883,1098,2,0.0744880735874176,0.08215459436178207,-0.8526107668876648
737,10486,12577,371,3,0.07116720825433731,0.07009854167699814,0.4096564054489136
738,10491,17068,985,2,0.07354699820280075,0.0744301900267601,-0.6149104833602905
739,10505,16803,78,3,0.07471966743469238,0.07397063821554184,1.381946086883545
740,10516,14467,518,3,0.07354691624641418,0.07111214101314545,0.2303934395313263
741,10522,14568,421,2,0.07506722211837769,0.06900474429130554,0.5029940009117126
742,10530,1245,561,2,0.07392146438360214,0.062223128974437714,0.11160097271203995
743,10570,9186,12,3,0.07313182204961777,0.0756399855017662,2.9534716606140137
744,10572,9621,647,2,0.07440164685249329,0.07284847646951675,-0.01874801516532898
745,10589,4698,65,2,0.07150167971849442,0.08907263725996017,1.5169522762298584
746,10604,3204,514,2,0.07258666306734085,0.08450692892074585,0.15637487173080444
747,10605,17566,179,2,0.07453299313783646,0.05885585397481918,1.0357407331466675
748,10624,18216,14,3,0.07442331314086914,0.07029791176319122,2.385601758956909
749,10640,3178,26,5,0.06966698914766312,0.05513765290379524,2.110917568206787
750,10647,3114,380,5,0.07503968477249146,0.07247351109981537,0.5212448239326477
751,10651,7381,136,1,0.07297813892364502,0.06591515988111496,1.1534854173660278
752,10654,8143,64,3,0.07457751035690308,0.08184465765953064,1.6486265659332275
753,10656,8657,446,3,0.07291675359010696,0.060487933456897736,0.2881089746952057
754,10659,18278,151,4,0.0747106745839119,0.060069989413022995,1.046764850616455
755,10664,2061,733,3,0.07496997714042664,0.06603231281042099,-0.17423656582832336
756,10666,14393,63,5,0.07361496239900589,0.07067713141441345,1.8164805173873901
757,10669,4294,1211,2,0.07390155643224716,0.06114383414387703,-1.1006479263305664
758,10682,16043,195,4,0.07462839782238007,0.07316592335700989,0.8545876741409302
759,10709,13451,611,2,0.07387541979551315,0.06142009049654007,0.022973015904426575
760,10740,3485,164,2,0.07404997199773788,0.0679193064570427,0.9360246658325195
761,10744,5106,553,3,0.07565637677907944,0.07133901864290237,0.13168497383594513
762,10766,926,197,2,0.07249805331230164,0.07250434160232544,1.0109138488769531
763,10808,5027,538,2,0.07430518418550491,0.07639181613922119,0.17135262489318848
764,10823,804,19,3,0.07456401735544205,0.07762626558542252,2.3686065673828125
765,10838,11213,833,2,0.07472219318151474,0.0661163479089737,-0.3112797141075134
766,10843,7375,263,3,0.07309813797473907,0.059384819120168686,0.7131457328796387
767,10854,3076,1283,6,0.07490537315607071,0.06140948832035065,-1.3718445301055908
768,10861,13527,951,2,0.07535018026828766,0.06971411406993866,-0.4881548583507538
769,10864,17085,272,6,0.07525581866502762,0.05425788834691048,0.8080165982246399
770,10880,18307,233,2,0.07258693873882294,0.07463812083005905,0.825377881526947
771,10881,18307,73,8,0.07452607154846191,0.06970524042844772,1.805816411972046
772,10883,18244,29,4,0.07476620376110077,0.06713367998600006,2.423217296600342
773,10884,18307,442,2,0.07527834177017212,0.07515944540500641,0.3298662304878235
774,10887,18227,549,2,0.07474435120820999,0.071916364133358,0.18936806917190552
775,10888,18133,152,3,0.07465936243534088,0.06355328112840652,1.1227508783340454
776,10891,10047,71,7,0.07516341656446457,0.07718854397535324,1.6856074333190918
777,10893,8955,159,10,0.07430116087198257,0.06779465824365616,1.1408534049987793
778,10900,15948,347,2,0.07441332191228867,0.06446930021047592,0.493583619594574
779,10907,18307,239,4,0.07442150264978409,0.06563213467597961,0.8489499092102051
780,10910,16674,95,4,0.07572875916957855,0.06479793787002563,1.3976716995239258
781,10928,18258,88,5,0.07401984184980392,0.07044848054647446,1.519385814666748
782,10934,14851,457,2,0.07501724362373352,0.0771726742386818,0.36463725566864014
783,10935,17435,345,2,0.07445544004440308,0.0587974414229393,0.5543460845947266
784,10944,2508,217,2,0.0739055722951889,0.06364032626152039,0.8627203702926636
785,10993,17917,524,6,0.07451609522104263,0.0684577226638794,0.060260072350502014
786,10994,17007,242,2,0.0748048648238182,0.06827348470687866,0.853093147277832
787,10995,17437,54,2,0.07330385595560074,0.09100395441055298,1.7341972589492798
788,11022,18287,186,6,0.07425367087125778,0.05238780751824379,0.8954963684082031
789,11031,1784,632,2,0.07434199005365372,0.07597853988409042,0.055445313453674316
790,11064,15569,299,3,0.07505323737859726,0.07322008907794952,0.6503875255584717
791,11089,4826,23,2,0.07299664616584778,0.07374926656484604,2.0191233158111572
792,11092,11276,1060,3,0.07546188682317734,0.07134230434894562,-0.7604674696922302
793,11128,12387,896,1,0.07270187139511108,0.08561205863952637,-0.40679919719696045
794,11138,16359,875,1,0.0738871693611145,0.07106059044599533,-0.36689332127571106
795,11142,17086,752,5,0.07489407062530518,0.05487503111362457,-0.22048160433769226
796,11149,5370,1057,1,0.07501744478940964,0.07455023378133774,-0.7316873669624329
797,11158,839,407,2,0.07326829433441162,0.0652041956782341,0.46214747428894043
798,11162,2434,6,2,0.07438423484563828,0.06916467100381851,4.000765800476074
799,11177,3216,173,1,0.07424429059028625,0.07938456535339355,0.9202388525009155
800,11186,845,421,2,0.07259083539247513,0.06274580955505371,0.44034314155578613
801,11199,12613,382,4,0.07380977272987366,0.0601087287068367,0.3919905424118042
802,11232,18318,1147,2,0.07535942643880844,0.07015906274318695,-0.9803280830383301
803,11268,17280,490,1,0.07214686274528503,0.07061921060085297,0.21466553211212158
804,11274,16665,130,3,0.07535967230796814,0.06642516702413559,1.2060654163360596
805,11306,4799,622,3,0.07479872554540634,0.05221138149499893,0.0017787516117095947
806,11331,2083,684,6,0.07297754287719727,0.05589539557695389,-0.1175779476761818
807,11335,10668,17,3,0.07453951239585876,0.08650273084640503,2.284322500228882
808,11338,6388,505,2,0.07248583436012268,0.06655363738536835,0.21500125527381897
809,11343,3969,929,8,0.07362629473209381,0.05688430741429329,-0.5305842161178589
810,11361,5006,43,3,0.07536950707435608,0.06562074273824692,1.9151268005371094
811,11404,18318,50,2,0.07349757105112076,0.07245045900344849,1.6836214065551758
812,11452,15117,359,5,0.07467436790466309,0.06588082015514374,0.4459083676338196
813,11483,10718,82,2,0.07407591491937637,0.07268422842025757,1.468242883682251
814,11484,3287,105,3,0.07460984587669373,0.05454269051551819,1.3559973239898682
815,11498,5026,292,3,0.07260789722204208,0.07261857390403748,0.7677738666534424
816,11512,13876,252,2,0.07460349798202515,0.07196980714797974,0.7278442978858948
817,11528,2289,433,2,0.07445057481527328,0.07683373987674713,0.4633866846561432
818,11576,8125,76,4,0.07545673847198486,0.08136327564716339,1.6613025665283203
819,11598,18334,334,4,0.07454538345336914,0.08177047967910767,0.4886011481285095
820,11603,1939,157,6,0.07431536912918091,0.06187712028622627,1.190335750579834
821,11629,17954,60,10,0.07306238263845444,0.06592150032520294,1.640594482421875
822,11632,16103,14,4,0.0753561481833458,0.08024615049362183,1.9505220651626587
823,11646,17943,837,6,0.0749497041106224,0.0771322175860405,-0.3484199345111847
824,11656,18064,909,6,0.07447093725204468,0.06642908602952957,-0.512787401676178
825,11681,18326,1199,7,0.0751330628991127,0.0664668083190918,-1.1560922861099243
826,11704,889,956,2,0.0745319053530693,0.06732483953237534,-0.577254593372345
827,11722,18307,680,2,0.07375498116016388,0.07137946039438248,-0.12103042006492615
828,11757,3718,1,5,0.07470216602087021,0.0779975950717926,3.312049627304077
829,11763,8267,47,1,0.07291507720947266,0.06312115490436554,1.5768789052963257
830,11814,9853,700,2,0.07360102981328964,0.06902691721916199,-0.147964209318161
831,11818,14423,905,3,0.07369822263717651,0.07535997778177261,-0.4454173445701599
832,11848,10233,134,4,0.07425722479820251,0.06330985575914383,1.1203367710113525
833,11863,12901,612,3,0.07543931901454926,0.06779751181602478,0.012018874287605286
834,11874,918,1059,2,0.07383138686418533,0.05256696045398712,-0.7422575354576111
835,11927,18298,57,4,0.07450851052999496,0.06078491359949112,1.7001621723175049
836,11931,1007,1201,3,0.07364745438098907,0.06733492016792297,-1.025294542312622
837,11932,927,688,2,0.07436410337686539,0.07138296961784363,-0.07223857939243317
838,11944,15354,550,6,0.07446308434009552,0.06186358630657196,0.12183621525764465
839,11953,14850,186,4,0.07428786903619766,0.06163033843040466,0.9965051412582397
840,11956,17407,91,7,0.07427044212818146,0.0644942969083786,1.503952980041504
841,12035,3181,1123,2,0.07510919868946075,0.07185865938663483,-0.8625597953796387
842,12045,16332,777,7,0.07486256211996078,0.08604046702384949,-0.256980299949646
843,12075,18268,988,3,0.07453036308288574,0.07614737749099731,-0.5720265507698059
844,12091,10468,1168,2,0.07400288432836533,0.07177147269248962,-0.9831230044364929
845,12099,11941,11,2,0.07456620782613754,0.07262439280748367,2.3023018836975098
846,12125,18273,99,2,0.07155431061983109,0.0716186910867691,1.3794633150100708
847,12129,16914,84,2,0.07164464890956879,0.06533737480640411,1.3425557613372803
848,12137,17943,395,3,0.07325812429189682,0.08754531294107437,0.3364107012748718
849,12147,6706,58,5,0.07197068631649017,0.06737532466650009,1.6665608882904053
850,12195,12528,466,2,0.07137373834848404,0.060087651014328,0.19139841198921204
851,12202,18307,1151,2,0.07387489825487137,0.0646895095705986,-0.9104924201965332
852,12224,9118,841,10,0.07418029755353928,0.06887071579694748,-0.3491663336753845
853,12226,18236,547,1,0.07351849228143692,0.07243768870830536,0.24823316931724548
854,12232,1651,126,2,0.0728166252374649,0.06082100793719292,1.274918556213379
855,12265,14751,648,2,0.07431405782699585,0.07397866994142532,0.03919145464897156
856,12270,6879,145,9,0.07388646900653839,0.06727036833763123,1.1476600170135498
857,12294,15705,17,3,0.07496237009763718,0.06208314001560211,2.098052740097046
858,12306,16791,561,4,0.07494334131479263,0.07194989919662476,0.09357623010873795
859,12314,5163,447,2,0.0737622082233429,0.08944008499383926,0.28453442454338074
860,12340,16791,711,4,0.07310138642787933,0.06298207491636276,-0.08978070318698883
861,12342,5119,782,2,0.07426848262548447,0.06839022785425186,-0.26272815465927124
862,12355,1118,478,3,0.07497189193964005,0.07517948001623154,0.3995203971862793
863,12375,13373,221,3,0.07345712929964066,0.062369026243686676,0.8201068043708801
864,12409,9866,495,3,0.07495294511318207,0.07600600272417068,0.2330910861492157
865,12410,18307,780,5,0.07449262589216232,0.07498686015605927,-0.31092673540115356
866,12443,18333,116,2,0.07378070056438446,0.0580744668841362,1.1413733959197998
867,12451,9405,523,3,0.07410471886396408,0.059089235961437225,0.19089634716510773
868,12455,18320,873,3,0.07357718795537949,0.08645417541265488,-0.4118170142173767
869,12484,18298,3,4,0.0749160647392273,0.0693928450345993,4.565359592437744
870,12498,18315,16,7,0.07564383000135422,0.0671011358499527,3.0207314491271973
871,12525,18276,792,6,0.07383782416582108,0.0639898031949997,-0.2834838032722473
872,12526,17086,764,2,0.07214973121881485,0.05238835886120796,-0.21768204867839813
873,12528,18287,349,3,0.07206989079713821,0.05528443679213524,0.5528478622436523
874,12532,18307,853,5,0.07492047548294067,0.06372920423746109,-0.3847963809967041
875,12536,18277,867,2,0.07212278246879578,0.07077864557504654,-0.40363138914108276
876,12538,18258,40,4,0.07328078895807266,0.07346081733703613,1.8299176692962646
877,12541,18334,198,8,0.07481826841831207,0.09272264689207077,0.8799085021018982
878,12567,6751,1106,2,0.07483571022748947,0.07910363376140594,-0.9126380681991577
879,12604,13362,19,4,0.07447824627161026,0.060562506318092346,1.9604607820510864
880,12614,13884,347,3,0.07554022967815399,0.0678192749619484,0.6407297849655151
881,12615,10459,360,3,0.07582523673772812,0.05723355710506439,0.44702228903770447
882,12616,13654,115,4,0.07376555353403091,0.053776226937770844,1.295882225036621
883,12637,7962,825,1,0.07396884262561798,0.061823971569538116,-0.3070942461490631
884,12643,2881,860,2,0.073561891913414,0.07173015177249908,-0.31317538022994995
885,12644,13316,3,3,0.0747423991560936,0.05412793159484863,3.6063685417175293
886,12655,9233,146,3,0.07474949210882187,0.06424900144338608,0.9740171432495117
887,12662,18195,35,7,0.07496919482946396,0.05454276129603386,2.1738803386688232
888,12666,13237,566,2,0.07254721969366074,0.061360836029052734,0.030962258577346802
889,12667,15439,576,1,0.07104220986366272,0.07371284812688828,0.06902003288269043
890,12670,4768,9,2,0.07057330757379532,0.0637059360742569,2.9262070655822754
891,12677,8479,218,3,0.07444438338279724,0.061089467257261276,0.7770699858665466
892,12692,14484,1218,2,0.07516836374998093,0.07344092428684235,-1.1062015295028687
893,12733,7560,99,2,0.07405317574739456,0.07294042408466339,1.386476993560791
894,12749,18216,448,3,0.07378150522708893,0.06590231508016586,0.3405359983444214
895,12760,13395,862,3,0.0754442885518074,0.07070744037628174,-0.33725833892822266
896,12764,2489,1,5,0.07510434836149216,0.062415264546871185,3.2937469482421875
897,12801,18307,765,4,0.07453878223896027,0.06592829525470734,-0.22696375846862793
898,12811,16435,424,2,0.07383543252944946,0.06557054072618484,0.474698007106781
899,12831,15705,351,1,0.07351784408092499,0.06496816128492355,0.608575701713562
900,12840,1088,113,9,0.07493932545185089,0.06549112498760223,1.2825340032577515
901,12853,15758,54,2,0.0734240785241127,0.05777871608734131,1.7216657400131226
902,12866,14860,72,4,0.07416964322328568,0.07058442384004593,1.6422299146652222
903,12873,17473,576,2,0.07445062696933746,0.06149058789014816,0.1440858244895935
904,12874,8413,753,2,0.07296023517847061,0.06974606215953827,-0.12890978157520294
905,12892,4219,100,2,0.07254789769649506,0.05821973830461502,1.3429113626480103
906,12901,4128,55,2,0.07468999177217484,0.06463909149169922,1.9004707336425781
907,12915,9229,783,6,0.07495728135108948,0.06982280313968658,-0.2915599048137665
908,12921,4097,3,3,0.07504967600107193,0.0638643354177475,5.571644306182861
909,12941,3276,2,3,0.07316622138023376,0.07227770239114761,3.999897003173828
910,12946,14677,403,2,0.07252275943756104,0.0578000582754612,0.37311872839927673
911,12999,16033,68,2,0.07214697450399399,0.07157191634178162,1.5128659009933472
912,13002,18252,366,2,0.07561328262090683,0.06657014787197113,0.5412896871566772
913,13033,17880,446,2,0.07308220863342285,0.057829827070236206,0.28813615441322327
914,13112,17025,595,4,0.07518360018730164,0.07248765975236893,0.02785830944776535
915,13113,2817,102,6,0.07374905049800873,0.08516846597194672,1.4817078113555908
916,13134,5687,41,2,0.07361817359924316,0.0626278966665268,1.9631844758987427
917,13145,17303,43,2,0.07400655001401901,0.08012431859970093,1.749590516090393
918,13176,1081,705,3,0.07522998750209808,0.06823661923408508,-0.1652907431125641
919,13189,2990,229,3,0.07163935154676437,0.05318092554807663,0.688012421131134
920,13240,13396,1,2,0.0749674141407013,0.08614270389080048,6.252396106719971
921,13244,18051,591,2,0.07388974726200104,0.06913239508867264,0.13563519716262817
922,13268,16106,307,2,0.07301350682973862,0.06111675128340721,0.5630441904067993
923,13303,11651,159,3,0.0749608501791954,0.05923093855381012,1.0035021305084229
924,13304,17020,921,2,0.07453557103872299,0.056539956480264664,-0.4493185579776764
925,13317,9299,327,2,0.0743325725197792,0.06828667223453522,0.6307148337364197
926,13333,18237,878,3,0.07428440451622009,0.06410371512174606,-0.4260234534740448
927,13342,16614,379,1,0.07245317846536636,0.05634428560733795,0.46072864532470703
928,13358,3694,1119,3,0.0748371034860611,0.0542430505156517,-0.8306868672370911
929,13376,9009,698,3,0.07547103613615036,0.06996700167655945,-0.10880749672651291
930,13387,15195,598,2,0.07453104108572006,0.07224439829587936,0.0823107361793518
931,13395,4304,1190,1,0.07367797940969467,0.0587177611887455,-1.17060387134552
932,13398,6048,239,2,0.07375017553567886,0.05991342291235924,0.7396018505096436
933,13399,6995,113,4,0.07437208294868469,0.06234149634838104,1.3522346019744873
934,13423,15311,8,5,0.07282120734453201,0.058340542018413544,2.7525126934051514
935,13439,8476,21,3,0.07528106123209,0.07571937143802643,2.854121685028076
936,13489,14582,308,6,0.07454314082860947,0.07577325403690338,0.5818202495574951
937,13504,17545,819,4,0.0749439224600792,0.06029411777853966,-0.3119724988937378
938,13518,14883,96,2,0.07339742034673691,0.07900826632976532,1.335105538368225
939,13530,7663,1070,4,0.07385901361703873,0.06404957175254822,-0.8067960739135742
940,13562,1133,83,5,0.07356832921504974,0.06176850199699402,1.5205763578414917
941,13623,8756,184,4,0.07465489953756332,0.06244993209838867,1.035764455795288
942,13660,9687,19,2,0.07123036682605743,0.05723434314131737,3.008185386657715
943,13709,2632,956,4,0.07501687854528427,0.07333954423666,-0.5580179691314697
944,13722,3359,694,5,0.07406296581029892,0.07926268130540848,-0.1184529960155487
945,13746,14423,905,2,0.07537277787923813,0.08743217587471008,-0.4663844704627991
946,13819,7991,1111,4,0.07379757612943649,0.06859081983566284,-0.8869128227233887
947,13883,18246,953,2,0.07307122647762299,0.05801232159137726,-0.49965834617614746
948,13886,18209,191,3,0.07471898943185806,0.06180819496512413,0.9668858051300049
949,13910,5037,819,2,0.07376918196678162,0.06402291357517242,-0.28134989738464355
950,13934,1304,807,10,0.07384975254535675,0.0576014406979084,-0.2513970136642456
951,13935,17714,15,10,0.07344656437635422,0.06807122379541397,3.185635805130005
952,13944,5765,815,2,0.07319154590368271,0.05818502604961395,-0.29023948311805725
953,14048,13369,8,2,0.07411810010671616,0.056871410459280014,2.3413331508636475
954,14054,7500,119,2,0.0729193389415741,0.05892058089375496,1.2288801670074463
955,14090,17285,325,2,0.07297153770923615,0.051976531744003296,0.5472061634063721
956,14136,15413,174,3,0.07535914331674576,0.0636560320854187,0.9705281257629395
957,14204,10536,1310,1,0.07285454124212265,0.0669497549533844,-1.3362735509872437
958,14251,14934,453,2,0.07269290834665298,0.06097817048430443,0.359224796295166
959,14254,18305,7,2,0.07519243657588959,0.062461238354444504,1.9622306823730469
960,14270,17756,671,2,0.07479631900787354,0.05398985743522644,-0.059208303689956665
961,14273,17385,37,3,0.07379800826311111,0.06487570703029633,1.6286718845367432
962,14296,1706,14,2,0.07366588711738586,0.06785252690315247,2.4609177112579346
963,14331,18139,1,3,0.07412690669298172,0.07297910749912262,3.80147123336792
964,14342,16123,1238,3,0.07462520897388458,0.05127020180225372,-1.2714029550552368
965,14347,5895,1103,2,0.07411593198776245,0.07962432503700256,-0.7791904211044312
966,14366,5425,166,6,0.07377778738737106,0.061338961124420166,1.0363824367523193
967,14393,1551,40,3,0.0746728852391243,0.07470200955867767,2.1571099758148193
968,14404,9606,581,7,0.07532477378845215,0.06186046451330185,0.08702251315116882
969,14438,12047,101,6,0.07436443865299225,0.06418532878160477,1.4637494087219238
970,14454,5605,271,4,0.0748610720038414,0.053989965468645096,0.6121065616607666
971,14468,17235,1174,6,0.07472953200340271,0.05934227257966995,-1.0150272846221924
972,14479,11554,96,3,0.07373615354299545,0.070816271007061,1.295395851135254
973,14594,18208,51,3,0.07447580248117447,0.06538508832454681,1.5128196477890015
974,14625,6599,716,4,0.073305144906044,0.06643213331699371,-0.16233062744140625
975,14674,17616,212,1,0.07294556498527527,0.06305723637342453,0.9303463101387024
976,14682,16270,637,5,0.07514873892068863,0.07941284775733948,0.0455087274312973
977,14683,5968,640,2,0.07341945916414261,0.06079816073179245,-0.05349993333220482
978,14694,8301,681,3,0.0752067118883133,0.06028904765844345,-0.1216205433011055
979,14714,18274,22,9,0.07491513341665268,0.06113719940185547,2.5687313079833984
980,14732,17177,860,2,0.07345990091562271,0.06734292209148407,-0.32788121700286865
981,14738,18148,56,2,0.07313353568315506,0.06461584568023682,1.494327425956726
982,14742,8972,2,2,0.07461906969547272,0.07551734894514084,3.7013161182403564
983,14749,12497,107,2,0.07315261662006378,0.07674600929021835,1.2825361490249634
984,14772,17586,676,2,0.07419433444738388,0.10194084793329239,-0.07959190011024475
985,14786,18232,921,3,0.0742456391453743,0.05369255691766739,-0.44344863295555115
986,14787,17086,690,4,0.07254689931869507,0.05447107553482056,-0.12083660811185837
987,14790,7329,59,2,0.07320530712604523,0.07142423093318939,1.6358119249343872
988,14791,11551,94,2,0.07287967950105667,0.05409703403711319,1.2890229225158691
989,14800,17699,1072,2,0.07535780966281891,0.08451610058546066,-0.678233802318573
990,14804,6369,947,4,0.07475124299526215,0.07152140885591507,-0.5125806927680969
991,14852,18279,405,3,0.07436005026102066,0.0626906305551529,0.3722732961177826
992,14876,16200,83,3,0.07520321011543274,0.06534504145383835,1.4555796384811401
993,14899,18218,975,5,0.07233892381191254,0.06274063140153885,-0.6266393065452576
994,14929,2083,209,2,0.07319651544094086,0.05354201793670654,1.002149224281311
995,14934,1280,122,2,0.07286352664232254,0.08042798191308975,1.1859478950500488
996,14959,11567,188,4,0.07427932322025299,0.0593511238694191,0.92713463306427
997,14994,7324,274,4,0.07329324632883072,0.07125172019004822,0.643213152885437
998,15000,15269,136,2,0.07338068634271622,0.08228085935115814,1.2011276483535767
999,15038,18280,691,3,0.07404802739620209,0.056156083941459656,-0.10117965936660767
1000,15046,10128,79,5,0.07502169162034988,0.06536026298999786,1.7108720541000366
1001,15048,7797,866,2,0.07333327829837799,0.06536854058504105,-0.34687530994415283
1002,15103,2139,451,2,0.07215139269828796,0.0735911875963211,0.37080222368240356
1003,15124,12508,12,8,0.074600949883461,0.06252080947160721,2.934631109237671
1004,15154,15349,6,2,0.07436171174049377,0.07426217198371887,2.7240660190582275
1005,15157,13506,1220,1,0.06682325154542923,0.053111448884010315,-1.1189548969268799
1006,15193,18349,1320,4,0.07395878434181213,0.06526220589876175,-1.685397744178772
1007,15200,13419,140,1,0.07475389540195465,0.05786717310547829,1.16222083568573
1008,15213,1313,1275,2,0.07424332946538925,0.07611225545406342,-1.1881684064865112
1009,15225,4530,577,3,0.0750822201371193,0.061284225434064865,0.14595049619674683
1010,15236,9572,949,3,0.07342471182346344,0.07781054079532623,-0.5172772407531738
1011,15280,5574,181,3,0.07489345222711563,0.06487419456243515,1.0277765989303589
1012,15285,3496,967,4,0.07503405213356018,0.0592242032289505,-0.6167837977409363
1013,15301,15305,301,3,0.07304485887289047,0.06081492453813553,0.6177707314491272
1014,15302,11494,2,2,0.07371293753385544,0.06624972820281982,5.206024169921875
1015,15317,17194,51,4,0.07477739453315735,0.06579286605119705,1.8185205459594727
1016,15344,12651,3,3,0.07431729882955551,0.06805018335580826,2.388751268386841
1017,15355,18307,43,2,0.07429762929677963,0.08007580786943436,1.7688977718353271
1018,15364,1616,103,2,0.07405098527669907,0.05951853096485138,1.4287736415863037
1019,15390,1344,327,2,0.07304107397794724,0.06605984270572662,0.5523310899734497
1020,15400,18079,844,2,0.07454510033130646,0.05801928788423538,-0.3589751422405243
1021,15435,2184,296,3,0.07300610095262527,0.060449033975601196,0.6292020082473755
1022,15459,14632,19,5,0.07497876137495041,0.0644601583480835,2.4774396419525146
1023,15466,16243,549,4,0.0736427903175354,0.057417578995227814,0.09248640388250351
1024,15479,17262,1269,6,0.07482019811868668,0.07088267058134079,-1.386935830116272
1025,15499,16628,280,2,0.07429932802915573,0.0649019405245781,0.7948951721191406
1026,15510,5032,1,2,0.07285228371620178,0.05490579828619957,4.370839595794678
1027,15532,7551,509,1,0.07247955352067947,0.05466897785663605,0.26675957441329956
1028,15543,12564,699,2,0.07340247929096222,0.0743311196565628,-0.1453356295824051
1029,15546,4997,1196,4,0.07497618347406387,0.06344655156135559,-1.1094378232955933
1030,15558,17998,830,2,0.07394100725650787,0.07804538309574127,-0.33711522817611694
1031,15572,8902,42,1,0.0693589523434639,0.06186925247311592,1.6329903602600098
1032,15614,18325,133,4,0.0758012980222702,0.05724556744098663,1.1916606426239014
1033,15621,12104,505,2,0.0706791952252388,0.060023341327905655,0.21295341849327087
1034,15682,15312,5,6,0.07306189835071564,0.059148214757442474,3.530998945236206
1035,15690,14153,255,3,0.07315739244222641,0.058687224984169006,0.7418633699417114
1036,15717,2276,29,7,0.07533546537160873,0.058874208480119705,1.9987716674804688
1037,15728,9034,97,3,0.07481659948825836,0.05560166761279106,1.330237865447998
1038,15761,14153,283,2,0.06894394755363464,0.05907861888408661,0.5723039507865906
1039,15772,5739,686,3,0.07437615096569061,0.04981569945812225,-0.10512252897024155
1040,15795,6325,541,2,0.07254569977521896,0.06226598471403122,0.2042652666568756
1041,15806,6163,1,10,0.07438083738088608,0.06359344720840454,5.850379467010498
1042,15808,7479,299,8,0.07349090278148651,0.05622865632176399,0.5774072408676147
1043,15822,15536,755,1,0.07201770693063736,0.05312655493617058,-0.2830275297164917
1044,15823,17696,1286,2,0.07382216304540634,0.06196580082178116,-1.3980361223220825
1045,15827,7000,18,4,0.07412987947463989,0.06982309371232986,3.290001630783081
1046,15855,10828,328,2,0.07350355386734009,0.0794546902179718,0.46376490592956543
1047,15864,3614,464,3,0.07352472841739655,0.062438350170850754,0.2910608649253845
1048,15912,2093,9,3,0.07534445077180862,0.06015501171350479,2.6421399116516113
1049,15935,11500,193,2,0.07563218474388123,0.06153642758727074,0.8757563829421997
1050,15971,13943,943,2,0.07371275871992111,0.06696318089962006,-0.4775965213775635
1051,15981,6327,379,4,0.07345278561115265,0.07847892493009567,0.39874202013015747
1052,15985,17264,1034,3,0.07366832345724106,0.06876446306705475,-0.6831992268562317
1053,16030,4158,1148,4,0.07420939207077026,0.07050606608390808,-0.9481277465820312
1054,16054,8999,663,2,0.07248678058385849,0.052482038736343384,-0.056358445435762405
1055,16055,3747,1219,2,0.07298874109983444,0.05437915027141571,-1.105932593345642
1056,16085,17824,365,6,0.07416615635156631,0.0663599744439125,0.3724251389503479
1057,16099,3541,1020,2,0.07282417267560959,0.06269298493862152,-0.6103593111038208
1058,16105,14565,8,5,0.07491996139287949,0.0588294081389904,4.271085739135742
1059,16174,18098,541,3,0.07474677264690399,0.05966496840119362,0.12180760502815247
1060,16205,17886,154,2,0.07457836717367172,0.06640822440385818,1.0762230157852173
1061,16220,14565,680,1,0.07251258194446564,0.05984441936016083,-0.06545236706733704
1062,16288,18195,295,2,0.07103782147169113,0.049317456781864166,0.654110312461853
1063,16325,16394,1206,5,0.07351108640432358,0.07790897786617279,-1.0082663297653198
1064,16411,10478,111,2,0.07261398434638977,0.06933636218309402,1.3550912141799927
1065,16421,1739,499,3,0.07314218580722809,0.06465012580156326,0.16824644804000854
1066,16433,2198,541,2,0.07329879701137543,0.059729915112257004,0.1685708463191986
1067,16449,10682,514,3,0.07444904744625092,0.07450475543737411,0.30096861720085144
1068,16472,5992,377,2,0.07291008532047272,0.07626555860042572,0.5044884085655212
1069,16499,15640,1197,2,0.07456117123365402,0.07040548324584961,-1.0511916875839233
1070,16501,11986,129,4,0.0748356506228447,0.08043923228979111,1.137174129486084
1071,16533,11467,1,1,0.07428471744060516,0.06266244500875473,3.7068870067596436
1072,16535,6848,48,2,0.07320969551801682,0.06437873840332031,1.6547980308532715
1073,16544,17149,373,2,0.07494469732046127,0.07181990891695023,0.5620652437210083
1074,16548,1486,448,3,0.07394543290138245,0.048697054386138916,0.2914082109928131
1075,16554,16707,289,2,0.07261130213737488,0.058518920093774796,0.5986553430557251
1076,16636,9949,71,2,0.07254425436258316,0.0615018755197525,1.5139496326446533
1077,16666,18185,749,5,0.0756278708577156,0.06757030636072159,-0.19383031129837036
1078,16672,11904,130,3,0.07566098868846893,0.05940726399421692,1.2397953271865845
1079,16675,18072,1298,2,0.07429494708776474,0.07310794293880463,-1.3765833377838135
1080,16718,18309,635,3,0.0722394809126854,0.06739826500415802,-0.03451566398143768
1081,16746,17960,569,1,0.07387983798980713,0.0713256374001503,0.10566391050815582
1082,16750,13181,45,2,0.07403729856014252,0.05520597845315933,1.615596890449524
1083,16843,18014,534,2,0.07485055178403854,0.07360461354255676,0.25972336530685425
1084,16850,14407,877,8,0.0749935507774353,0.06729385256767273,-0.36174726486206055
1085,16851,13782,21,2,0.07306911796331406,0.06184862181544304,2.337002992630005
1086,16869,1529,370,2,0.07390984892845154,0.061433643102645874,0.515893816947937
1087,16876,15991,523,3,0.07428835332393646,0.057954344898462296,0.0879090279340744
1088,16919,18330,30,3,0.07380949705839157,0.0557309165596962,1.832613229751587
1089,16920,17940,420,2,0.07379457354545593,0.06212306022644043,0.4847961664199829
1090,16923,17090,292,5,0.07545576244592667,0.0552753210067749,0.6673285961151123
1091,16956,18335,185,3,0.07603305578231812,0.06502556055784225,0.9683610200881958
1092,16974,16799,234,2,0.07464631646871567,0.052477966994047165,0.8676145672798157
1093,16980,10153,23,3,0.07567821443080902,0.06561185419559479,1.8799363374710083
1094,17008,17099,458,3,0.07510966062545776,0.0710352286696434,0.36568784713745117
1095,17020,8139,74,4,0.07496839016675949,0.06120479479432106,1.7986576557159424
1096,17026,16018,257,2,0.07382786273956299,0.06111118942499161,0.7901080846786499
1097,17047,14207,262,3,0.07379890233278275,0.08634347468614578,0.6788486242294312
1098,17057,10204,461,2,0.07514040917158127,0.07623942196369171,0.3465943932533264
1099,17060,18307,1045,5,0.0742129236459732,0.07153282314538956,-0.773087203502655
1100,17071,1553,908,2,0.07364987581968307,0.07548882067203522,-0.4238256812095642
1101,17087,9450,419,5,0.07458937168121338,0.08348557353019714,0.4852107763290405
1102,17101,2093,18,9,0.07397028058767319,0.06031564995646477,2.7834291458129883
1103,17121,16953,411,5,0.07449997961521149,0.07072776556015015,0.45366132259368896
1104,17124,10673,78,2,0.07394886016845703,0.05715072154998779,1.4914019107818604
1105,17152,17085,279,2,0.07392841577529907,0.05207313597202301,0.6825830936431885
1106,17183,17209,1247,3,0.07496467977762222,0.06869882345199585,-1.246755599975586
1107,17202,13844,131,5,0.07463084906339645,0.07459293305873871,1.0676485300064087
1108,17212,6427,1103,3,0.07510370761156082,0.07683014869689941,-0.7995563745498657
1109,17220,3558,141,1,0.07201885432004929,0.06322614848613739,1.0788209438323975
1110,17224,15436,411,4,0.07457247376441956,0.05907296761870384,0.3020372986793518
1111,17267,17891,1029,2,0.07480639964342117,0.07556329667568207,-0.602869987487793
1112,17276,12421,416,2,0.07338684797286987,0.06978082656860352,0.38509538769721985
1113,17300,15345,440,4,0.0752471461892128,0.0734964907169342,0.3602856695652008
1114,17372,1600,870,2,0.07508843392133713,0.06430855393409729,-0.3025974631309509
1115,17457,11561,506,2,0.07263229042291641,0.07288308441638947,0.22209249436855316
1116,17495,13746,245,4,0.07502973824739456,0.06114109605550766,0.7713890075683594
1117,17519,7728,45,2,0.07467260956764221,0.061652831733226776,1.7533453702926636
1118,17524,5858,962,2,0.07533462345600128,0.08006599545478821,-0.6920167207717896
1119,17598,12390,329,2,0.07457303255796432,0.05927734449505806,0.6167274713516235
1120,17631,16332,1136,2,0.07341595739126205,0.08507819473743439,-0.8141534328460693
1121,17671,18277,1067,2,0.0716424286365509,0.06784750521183014,-0.7381891012191772
1122,17672,17085,274,3,0.07481613755226135,0.05586254969239235,0.6268367171287537
1123,17673,18277,972,4,0.07455282658338547,0.06573045998811722,-0.5842478275299072
1124,17677,18232,545,4,0.07549486309289932,0.061632562428712845,0.110581174492836
1125,17682,17566,146,3,0.07522730529308319,0.057877570390701294,1.189080834388733
1126,17684,18307,1009,2,0.07406967133283615,0.06721160560846329,-0.5935250520706177
1127,17687,18334,758,2,0.07070045918226242,0.07381954044103622,-0.21974089741706848
1128,17726,14458,323,4,0.07522168755531311,0.0768289789557457,0.5441569089889526
1129,17759,6715,1141,7,0.07449879497289658,0.08360009640455246,-0.8677264451980591
1130,17762,14127,1261,3,0.07541978359222412,0.06556951999664307,-1.3571470975875854
1131,17766,12513,209,4,0.07421886175870895,0.06361765414476395,0.8156615495681763
1132,17802,15592,818,3,0.0734768658876419,0.07972552627325058,-0.3083500862121582
1133,17838,2113,1335,2,0.0733673945069313,0.07818946242332458,-1.7822082042694092
1134,17873,12848,94,2,0.0742821916937828,0.07934493571519852,1.3253109455108643
1135,17893,1670,511,2,0.07451028376817703,0.0667334571480751,0.19436241686344147
1136,17953,17564,508,1,0.07226768881082535,0.06408681720495224,0.23550313711166382
1137,17991,2971,336,2,0.07387074083089828,0.06788320094347,0.5813807249069214
1138,17995,16729,369,2,0.07353810966014862,0.05549611151218414,0.3991363048553467
1139,18018,1690,1,3,0.07409887760877609,0.0574672557413578,3.1615777015686035
1140,18024,13448,827,4,0.07382077723741531,0.06778080761432648,-0.24992133677005768
1141,18025,14224,118,3,0.07488805800676346,0.06519724428653717,1.3290719985961914
1142,18031,2858,439,5,0.07520049065351486,0.07192444056272507,0.2770596146583557
1143,18039,15079,69,2,0.07365469634532928,0.06692623347043991,1.37222158908844
1144,18047,14827,1083,2,0.07467402517795563,0.06636857986450195,-0.795689046382904
1145,18057,3421,299,4,0.07514053583145142,0.07427958399057388,0.7565202116966248
1146,18064,1696,21,2,0.0755339115858078,0.07388947904109955,1.7727054357528687
1147,18077,18315,21,2,0.07257229834794998,0.06328978389501572,2.4430391788482666
1148,18125,12726,915,2,0.07390624284744263,0.055061452090740204,-0.4410547912120819
1149,18177,15989,60,2,0.0747760757803917,0.0559973418712616,1.5199575424194336
1150,18224,1800,379,2,0.07308830320835114,0.06809739023447037,0.4505830705165863
1151,18236,16635,38,3,0.07550361752510071,0.07568733394145966,2.0899438858032227
1152,18246,10517,296,2,0.07502035796642303,0.06690720468759537,0.6526058316230774
1153,18247,18064,1119,1,0.0718378946185112,0.0648336336016655,-0.8199430108070374
1154,18341,17227,1079,2,0.07419665902853012,0.054973017424345016,-0.7638875842094421
1155,18343,4770,12,4,0.07437410205602646,0.07025789469480515,2.429460048675537
1156,18350,10576,3,2,0.07420214265584946,0.07191543281078339,3.230211019515991
1157,18365,6783,81,2,0.0747823640704155,0.04769892618060112,1.4412579536437988
1158,18395,7385,1041,2,0.07381738722324371,0.08217570185661316,-0.7880954742431641
1159,18461,5369,22,2,0.07360965013504028,0.0707826167345047,1.9615873098373413
1160,18470,17742,853,1,0.07183940708637238,0.06778697669506073,-0.3576902151107788
1161,18593,12414,286,2,0.07196054607629776,0.05824016407132149,0.5638363361358643
1162,18602,17453,53,3,0.07341372221708298,0.06856660544872284,2.18949031829834
1163,18645,5465,452,2,0.07349810004234314,0.06460963934659958,0.3453649878501892
1164,18685,14450,1047,2,0.07355032861232758,0.06097602844238281,-0.700944721698761
1165,18703,15523,722,2,0.07478248327970505,0.07653221487998962,-0.14012394845485687
1166,18711,6350,203,4,0.0738624855875969,0.06992879509925842,0.8080508708953857
1167,18712,7664,1018,2,0.0730009526014328,0.07195836305618286,-0.6113176941871643
1168,18724,2743,155,3,0.07520149648189545,0.08688188344240189,1.0870916843414307
1169,18778,10204,44,3,0.07476910203695297,0.06358753144741058,1.9507051706314087
1170,18792,17714,735,3,0.07497624307870865,0.06870044767856598,-0.19898709654808044
1171,18845,3209,1225,1,0.07366885244846344,0.05812331661581993,-1.2340507507324219
1172,19003,10422,564,2,0.07260514050722122,0.05805189162492752,0.09556062519550323
1173,19089,5555,195,2,0.07412339001893997,0.05871003121137619,0.9413466453552246
1174,19112,1884,1047,3,0.07460924237966537,0.07746462523937225,-0.696438729763031
1175,19133,18326,758,1,0.07322320342063904,0.06839387863874435,-0.12208355218172073
1176,19139,18112,1212,1,0.0724065750837326,0.06651939451694489,-1.1699028015136719
1177,19140,1866,433,2,0.07520565390586853,0.06941355764865875,0.4497836232185364
1178,19156,17724,39,3,0.0724233090877533,0.059518467634916306,1.644957184791565
1179,19182,17521,1,3,0.07347288727760315,0.06413724273443222,4.0972418785095215
1180,19205,14676,232,3,0.07510405778884888,0.08532442152500153,0.8427678346633911
1181,19224,9447,146,4,0.07358013093471527,0.056324899196624756,1.0625405311584473
1182,19257,12210,42,3,0.07386548817157745,0.05545950308442116,1.827836513519287
1183,19262,18150,844,3,0.07441011071205139,0.0659436285495758,-0.4090525507926941
1184,19263,11705,171,1,0.06994112581014633,0.06447739154100418,0.9119650721549988
1185,19276,1885,42,4,0.07533877342939377,0.053203169256448746,1.6180821657180786
1186,19311,5602,650,1,0.07297739386558533,0.057885073125362396,-0.0026813745498657227
1187,19318,18209,270,4,0.07526707649230957,0.06544028222560883,0.6923850774765015
1188,19354,6295,179,7,0.07457544654607773,0.05773358419537544,0.9875156283378601
1189,19377,16132,295,2,0.073770672082901,0.06559542566537857,0.7956616878509521
1190,19408,4834,216,2,0.07328548282384872,0.08046112954616547,0.8776085376739502
1191,19415,17473,99,2,0.0730205699801445,0.05784204602241516,1.3334062099456787
1192,19484,18261,1194,5,0.07444947957992554,0.06332332640886307,-0.9487389922142029
1193,19490,18023,305,3,0.07576219737529755,0.05983714759349823,0.6310818791389465
1194,19525,12093,756,2,0.07401083409786224,0.06692429631948471,-0.19889134168624878
1195,19541,18305,253,2,0.0734168216586113,0.051824718713760376,0.817828357219696
1196,19575,2062,609,3,0.07454756647348404,0.056816354393959045,0.06075499951839447
1197,19634,9633,713,2,0.07197590917348862,0.06132466718554497,-0.0524495393037796
1198,19663,15607,29,2,0.07295545935630798,0.05961582064628601,1.6193361282348633
1199,19683,7946,210,2,0.07425381988286972,0.056607406586408615,0.80787593126297
1200,19720,9142,482,2,0.07313628494739532,0.05478475242853165,0.2579648196697235
1201,19732,18337,132,2,0.07408268749713898,0.06547410786151886,1.2352197170257568
1202,19854,15569,4,2,0.07289130985736847,0.060251615941524506,3.1754019260406494
1203,19858,15500,99,2,0.0751684308052063,0.06274712830781937,1.3959341049194336
1204,19859,6979,16,3,0.074803426861763,0.07265199720859528,2.633254051208496
1205,19896,9866,791,3,0.0733482837677002,0.07467759400606155,-0.2836530804634094
1206,19919,5686,64,4,0.07459428906440735,0.07310241460800171,1.9107873439788818
1207,19943,15782,42,1,0.07282831519842148,0.05805154889822006,1.6834162473678589
1208,19947,17227,981,2,0.07317089289426804,0.05318490415811539,-0.5627638101577759
1209,19948,18307,1124,8,0.07486946135759354,0.06927408277988434,-0.8563915491104126
1210,19983,17075,53,6,0.07437024265527725,0.07707428187131882,2.152280569076538
1211,20033,2029,7,4,0.07403086125850677,0.06489093601703644,2.943281412124634
1212,20038,18315,3,3,0.07476548850536346,0.06173119693994522,3.669595718383789
1213,20043,6335,40,2,0.07421397417783737,0.07119123637676239,1.7831519842147827
1214,20047,2030,686,2,0.07319322973489761,0.06981242448091507,-0.020089156925678253
1215,20051,18307,1336,10,0.07379916310310364,0.06247634440660477,-2.167638063430786
1216,20056,6970,1075,3,0.07351312786340714,0.04953794926404953,-0.6738560199737549
1217,20075,16720,984,2,0.07378189265727997,0.06609403342008591,-0.6602544784545898
1218,20085,8761,126,3,0.07342575490474701,0.06664305925369263,1.1908001899719238
1219,20106,13980,869,2,0.07528948783874512,0.07643039524555206,-0.4254087209701538
1220,20107,15253,128,2,0.07430586963891983,0.06863132864236832,1.2575002908706665
1221,20166,2045,6,4,0.07469343394041061,0.07688470184803009,2.832782506942749
1222,20186,11187,416,3,0.07322873175144196,0.05844651907682419,0.3526526689529419
1223,20190,10107,99,2,0.0745915099978447,0.06106357276439667,1.3566997051239014
1224,20217,17523,461,3,0.07489044964313507,0.0743572860956192,0.2692280411720276
1225,20219,18195,72,10,0.07369863241910934,0.055625069886446,1.6712689399719238
1226,20277,3637,706,1,0.07384544610977173,0.06734327971935272,-0.05885210633277893
1227,20278,9740,145,2,0.07521124929189682,0.06104711443185806,1.1764042377471924
1228,20332,2075,25,4,0.07549000531435013,0.07033810764551163,2.48622989654541
1229,20352,12477,570,2,0.07308527827262878,0.052554257214069366,0.17622239887714386
1230,20369,5489,38,6,0.0740426778793335,0.06035492941737175,1.9738521575927734
1231,20387,7000,11,2,0.07278502732515335,0.06868948042392731,2.5788872241973877
1232,20412,3451,1145,2,0.0739402025938034,0.0642312616109848,-0.931247353553772
1233,20421,16985,344,2,0.07356351613998413,0.06880427151918411,0.5207945704460144
1234,20453,15222,311,3,0.07548854500055313,0.0729244276881218,0.5455318093299866
1235,20466,18179,90,2,0.07404575496912003,0.0672178715467453,1.37130606174469
1236,20467,17640,475,1,0.07337885349988937,0.06580149382352829,0.36846309900283813
1237,20484,4206,1005,2,0.07376617193222046,0.06074686348438263,-0.6409478783607483
1238,20592,17799,60,2,0.07366196066141129,0.06625638157129288,1.505645990371704
1239,20630,5831,60,1,0.07230167090892792,0.06839744001626968,1.8108582496643066
1240,20651,4713,1,2,0.07395893335342407,0.08025974035263062,4.770435810089111
1241,20693,10067,101,3,0.07562585175037384,0.07521510124206543,1.3458024263381958
1242,20744,17090,411,3,0.07472159713506699,0.053288694471120834,0.36832672357559204
1243,20748,18274,529,3,0.07409698516130447,0.05367135629057884,0.10961075127124786
1244,20772,18254,380,2,0.07383060455322266,0.07658742368221283,0.4666171371936798
1245,20783,2142,5,2,0.07523705810308456,0.06645646691322327,2.6792991161346436
1246,20831,18307,334,3,0.07608377188444138,0.07482022047042847,0.6505990624427795
1247,20841,14676,344,3,0.07233618199825287,0.0656895712018013,0.5644054412841797
1248,20847,11418,769,3,0.07502830028533936,0.07631886750459671,-0.26919132471084595
1249,20851,14188,601,2,0.07447091490030289,0.0826750174164772,0.05035547912120819
1250,20853,15782,94,2,0.0749707892537117,0.06495480239391327,1.4376988410949707
1251,20854,9326,1053,3,0.07552076876163483,0.062457676976919174,-0.7056492567062378
1252,20872,16200,118,4,0.07470783591270447,0.0591602623462677,1.2528362274169922
1253,20887,10977,10,1,0.07504425942897797,0.08004899322986603,2.273481607437134
1254,20904,17393,118,2,0.07380969077348709,0.0712009146809578,1.1317096948623657
1255,20922,5220,285,1,0.07488369196653366,0.07071472704410553,0.8842405676841736
1256,20937,2173,1098,2,0.0741518959403038,0.06907449662685394,-0.9135112166404724
1257,20938,18334,1017,2,0.0735618844628334,0.08902465552091599,-0.6233914494514465
1258,20958,3469,961,1,0.07213638722896576,0.08087823539972305,-0.5290654301643372
1259,20995,4453,805,2,0.07381957024335861,0.07624438405036926,-0.2638063430786133
1260,21004,15673,93,2,0.07463011145591736,0.06566659361124039,1.3695732355117798
1261,21038,10138,57,4,0.07420612126588821,0.05451424419879913,1.5688202381134033
1262,21047,16702,203,3,0.0719178169965744,0.05651653930544853,0.8999837636947632
1263,21102,18205,611,2,0.07506506890058517,0.06882055848836899,0.014620214700698853
1264,21113,2284,464,5,0.07543819397687912,0.05331189185380936,0.2529660761356354
1265,21122,16791,556,3,0.07433214783668518,0.06896553188562393,0.1505107432603836
1266,21145,5951,259,2,0.07165348529815674,0.05668116360902786,0.7832868099212646
1267,21156,11280,1235,3,0.07476756721735,0.06533095985651016,-1.1674708127975464
1268,21165,14552,478,3,0.07455641776323318,0.06423188000917435,0.30386626720428467
1269,21184,17376,354,2,0.07425473630428314,0.05845813453197479,0.570545494556427
1270,21194,17662,221,3,0.07472138851881027,0.05719432234764099,0.8473387956619263
1271,21203,17071,46,2,0.07306039333343506,0.058924831449985504,1.6047132015228271
1272,21204,15508,785,4,0.07544579356908798,0.06014060974121094,-0.23194080591201782
1273,21227,6318,573,3,0.07379132509231567,0.06801669299602509,0.0771925151348114
1274,21350,6924,47,3,0.07467255741357803,0.0676533654332161,2.2647852897644043
1275,21383,2295,817,6,0.07517005503177643,0.0751943439245224,-0.36782306432724
1276,21533,15709,708,1,0.07293721288442612,0.05847803130745888,-0.0753212571144104
1277,21589,17979,814,2,0.07487010210752487,0.0660538300871849,-0.2542684078216553
1278,21598,2275,114,2,0.0743458941578865,0.058631058782339096,1.2752779722213745
1279,21600,11465,729,2,0.06916221231222153,0.06255015730857849,-0.12778493762016296
1280,21602,14752,194,2,0.07373327016830444,0.06710647791624069,0.9517266750335693
1281,21701,11507,109,4,0.07432432472705841,0.05961943045258522,1.231368899345398
1282,21715,8212,1146,1,0.07161720842123032,0.059311721473932266,-0.9672208428382874
1283,21772,18287,407,3,0.0742262750864029,0.049620307981967926,0.324849396944046
1284,21777,18334,398,2,0.07092656940221786,0.07484999299049377,0.3708062171936035
1285,21797,18298,28,4,0.07502492517232895,0.06331507116556168,2.2800867557525635
1286,21804,5605,148,2,0.07354813814163208,0.05633150041103363,0.9661571979522705
1287,21811,2308,649,2,0.0739303007721901,0.07096690684556961,-0.01953001320362091
1288,21823,13267,39,2,0.07515886425971985,0.060882970690727234,1.8255599737167358
1289,21878,17494,99,2,0.07319715619087219,0.062023479491472244,1.5533236265182495
1290,21909,10284,59,3,0.07365256547927856,0.06646837294101715,1.6784712076187134
1291,21923,18287,333,3,0.07299263775348663,0.053191136568784714,0.607369601726532
1292,21927,18307,985,5,0.07561256736516953,0.06964917480945587,-0.6532264947891235
1293,21941,7191,398,2,0.07306905090808868,0.05860873684287071,0.37979769706726074
1294,21944,5503,403,2,0.0742720291018486,0.07019680738449097,0.46138790249824524
1295,21963,16074,544,2,0.07450328022241592,0.06315907090902328,0.13174070417881012
1296,21982,16948,379,1,0.07368788123130798,0.0641464963555336,0.5924099683761597
1297,22031,7573,136,2,0.07512274384498596,0.06324790418148041,1.2128076553344727
1298,22045,16809,116,4,0.07572125643491745,0.062362730503082275,1.1649184226989746
1299,22050,3741,609,2,0.0735933929681778,0.0775132104754448,0.08639664947986603
1300,22059,17824,13,3,0.07278510183095932,0.07497814297676086,2.6613447666168213
1301,22068,14576,559,2,0.07301916927099228,0.07282055914402008,0.16833075881004333
1302,22072,17588,1176,7,0.07246866822242737,0.07401113212108612,-1.0301952362060547
1303,22085,13576,440,2,0.07357464730739594,0.05631726235151291,0.34499937295913696
1304,22180,6169,732,4,0.07461521029472351,0.07176889479160309,-0.1581568568944931
1305,22219,5706,1,4,0.07549546658992767,0.0702616274356842,4.997273921966553
1306,22224,15249,213,2,0.07302455604076385,0.05504096299409866,1.0192172527313232
1307,22357,11536,224,3,0.07286848872900009,0.058134775608778,0.7389743328094482
1308,22362,18281,835,3,0.07450079917907715,0.06837877631187439,-0.3572264313697815
1309,22386,4277,208,2,0.07181151211261749,0.05626226216554642,0.7903929948806763
1310,22399,18254,168,1,0.07342738658189774,0.06914523243904114,0.9502633213996887
1311,22549,18281,777,3,0.07432572543621063,0.06381284445524216,-0.24883322417736053
1312,22556,15601,999,2,0.07401406764984131,0.06624334305524826,-0.6160539388656616
1313,22562,15334,134,1,0.0735747367143631,0.06032809987664223,1.1190227270126343
1314,22613,17352,300,3,0.07558183372020721,0.061521634459495544,0.639503538608551
1315,22630,18320,1207,5,0.07478896528482437,0.07118282467126846,-1.172110676765442
1316,22638,2483,6,2,0.07307370007038116,0.05896344780921936,2.8216466903686523
1317,22732,7713,477,3,0.07377032935619354,0.05609054118394852,0.3391389846801758
1318,22746,13014,1308,2,0.0745093822479248,0.06855140626430511,-1.4960412979125977
1319,22749,17816,547,2,0.07526924461126328,0.07253969460725784,0.18370051681995392
1320,22774,15721,90,2,0.07219146937131882,0.055348653346300125,1.3292603492736816
1321,22805,15545,51,1,0.07319416105747223,0.05848086625337601,1.7169796228408813
1322,22839,14074,122,2,0.07495392113924026,0.0659741461277008,1.2545613050460815
1323,22910,2537,1059,2,0.07416161894798279,0.059109561145305634,-0.686406135559082
1324,22927,11209,351,2,0.07438318431377411,0.052897971123456955,0.5592690110206604
1325,22932,13312,93,2,0.07586245983839035,0.058590181171894073,1.4234050512313843
1326,22955,18145,49,2,0.07415737956762314,0.06204650551080704,1.579675316810608
1327,22960,7215,465,2,0.0737113207578659,0.05146944522857666,0.3954259753227234
1328,22967,18298,6,2,0.0738523080945015,0.07386858761310577,4.067244529724121
1329,22968,14125,483,1,0.07152039557695389,0.04883158579468727,0.257995069026947
1330,22974,18278,1076,4,0.07461928576231003,0.05590979754924774,-0.806471049785614
1331,22996,2562,115,3,0.07595152407884598,0.06911936402320862,1.2386343479156494
1332,23009,13091,241,2,0.07262567430734634,0.056688833981752396,0.871406078338623
1333,23099,11865,920,2,0.07136746495962143,0.05233194679021835,-0.42867040634155273
1334,23111,17316,101,2,0.07242219150066376,0.06022435799241066,1.3487814664840698
1335,23112,2573,920,2,0.07403624057769775,0.0638313740491867,-0.5185562372207642
1336,23118,2575,381,3,0.07452697306871414,0.05690566450357437,0.5419757962226868
1337,23124,13432,522,2,0.07460158318281174,0.06457927078008652,0.14522793889045715
1338,23179,9679,1328,2,0.07149846106767654,0.0646304041147232,-1.6806764602661133
1339,23180,7134,261,2,0.07454096525907516,0.05646168068051338,0.7833704352378845
1340,23211,8352,245,3,0.07545287162065506,0.062404438853263855,0.7706373929977417
1341,23236,17474,265,1,0.07600535452365875,0.07022829353809357,0.7983902096748352
1342,23250,18069,266,2,0.07430154085159302,0.06647384911775589,0.7481079697608948
1343,23256,13780,103,1,0.07300440222024918,0.05618312582373619,1.2868447303771973
1344,23285,18274,354,2,0.07168819010257721,0.06553363054990768,0.5567019581794739
1345,23304,3248,439,2,0.07388757914304733,0.07732921838760376,0.428705096244812
1346,23327,2600,135,2,0.07426607608795166,0.0634521096944809,1.2367181777954102
1347,23346,3436,4,7,0.0742771103978157,0.07666546106338501,3.9143383502960205
1348,23378,14814,254,1,0.07226888835430145,0.07374297082424164,0.5942514538764954
1349,23393,2612,13,3,0.07468026131391525,0.0673762783408165,2.6514720916748047
1350,23420,12608,530,2,0.07370541989803314,0.06007785350084305,0.18776124715805054
1351,23426,15519,1164,3,0.0757993534207344,0.0629417821764946,-1.008540391921997
1352,23476,11411,737,1,0.07464183866977692,0.06874963641166687,-0.14873310923576355
1353,23519,18084,1315,1,0.07474284619092941,0.07134534418582916,-1.7927807569503784
1354,23525,15334,138,2,0.07414937764406204,0.05946967005729675,1.0478790998458862
1355,23544,12949,1244,2,0.07347536832094193,0.053023699671030045,-1.1775131225585938
1356,23602,3783,565,3,0.07491903007030487,0.07439178228378296,0.14314638078212738
1357,23769,17270,64,3,0.0748068317770958,0.05817616730928421,1.400415301322937
1358,23805,3782,1102,2,0.07469799369573593,0.07225940376520157,-0.8482793569564819
1359,23824,18012,466,4,0.07486215233802795,0.0658513531088829,0.32590800523757935
1360,23847,9061,2,6,0.07416985183954239,0.06223920360207558,4.717412948608398
1361,23849,17941,751,2,0.07206204533576965,0.05192900449037552,-0.1477164924144745
1362,23857,10274,483,3,0.07390543818473816,0.09041456878185272,0.23268988728523254
1363,23875,8813,502,5,0.0757976546883583,0.08273694664239883,0.26060184836387634
1364,23893,17085,97,2,0.07191373407840729,0.04713860899209976,1.3082236051559448
1365,23904,18244,530,3,0.0761331170797348,0.0700792670249939,0.14786674082279205
1366,23911,4017,224,2,0.07261380553245544,0.07263599336147308,0.879604160785675
1367,23921,18307,971,5,0.07547664642333984,0.07632029801607132,-0.5658677816390991
1368,23925,18334,607,2,0.07422377914190292,0.09169039130210876,0.08020144701004028
1369,23945,7661,6,3,0.07519493252038956,0.07330155372619629,2.780442237854004
1370,23972,15190,48,3,0.07137040793895721,0.06365077197551727,1.7061506509780884
1371,23999,4380,1100,2,0.07181385904550552,0.05824006721377373,-0.768120527267456
1372,24003,2971,97,3,0.07502318173646927,0.0802006646990776,1.376052975654602
1373,24050,6108,749,2,0.07438819110393524,0.06385499238967896,-0.13592782616615295
1374,24072,6330,123,3,0.07410638779401779,0.08390115201473236,1.2926455736160278
1375,24092,14883,296,1,0.07039114832878113,0.0697183683514595,0.566797137260437
1376,24155,2770,867,2,0.07398011535406113,0.0718393623828888,-0.36292698979377747
1377,24243,18244,40,2,0.07445210218429565,0.07560139149427414,1.9600764513015747
1378,24274,3994,205,2,0.07493270188570023,0.06840744614601135,0.859062910079956
1379,24335,17539,692,2,0.07457295060157776,0.06687403470277786,-0.0681457594037056
1380,24355,17025,466,5,0.07550325244665146,0.07577919960021973,0.3031420111656189
1381,24362,9678,638,3,0.07497778534889221,0.06762480735778809,-0.046066731214523315
1382,24407,12340,1270,2,0.07426263391971588,0.06340618431568146,-1.2493679523468018
1383,24515,18324,44,5,0.07362447679042816,0.06476806849241257,1.95125150680542
1384,24518,15607,25,4,0.07384184002876282,0.05958116054534912,2.1084699630737305
1385,24572,16096,1163,2,0.07177489995956421,0.06300918012857437,-0.9294082522392273
1386,24580,2853,688,2,0.07439505308866501,0.04716978594660759,-0.105805404484272
1387,24605,13239,403,2,0.07536894083023071,0.06929662823677063,0.5030211806297302
1388,24757,17146,190,2,0.0736628919839859,0.05689685791730881,0.9798694849014282
1389,24760,13540,562,2,0.0740424320101738,0.07572422176599503,0.07382756471633911
1390,24761,7440,472,2,0.0745474174618721,0.08382922410964966,0.2711876630783081
1391,24784,9372,683,2,0.07405323535203934,0.056813281029462814,-0.09750493615865707
1392,24831,5236,948,3,0.07513488829135895,0.05244525894522667,-0.47006136178970337
1393,24845,12334,2,3,0.07474034279584885,0.07706276327371597,4.504615783691406
1394,24872,3582,951,2,0.07519785314798355,0.07699167728424072,-0.512671947479248
1395,24929,17021,1135,2,0.07297017425298691,0.0639352947473526,-0.8390361070632935
1396,24952,18164,1327,10,0.07477456331253052,0.07322616875171661,-1.980647087097168
1397,24957,17943,890,6,0.07475326955318451,0.08239388465881348,-0.4485687017440796
1398,24962,18307,921,4,0.07299637049436569,0.05970342457294464,-0.5393984317779541
1399,24964,18209,379,3,0.0732264295220375,0.05359465628862381,0.4324694573879242
1400,24966,18276,90,4,0.07490330189466476,0.06722038984298706,1.5528489351272583
1401,24967,17085,437,3,0.07489877939224243,0.05035834759473801,0.3960447907447815
1402,25115,10314,492,2,0.07341787964105606,0.07071857154369354,0.3857973515987396
1403,25207,7530,123,2,0.07320211082696915,0.07851450890302658,1.252502679824829
1404,25242,15579,687,1,0.07324021309614182,0.07819627970457077,-0.09573173522949219
1405,25318,14174,176,2,0.07487744092941284,0.06263751536607742,1.0383987426757812
1406,25321,17385,562,2,0.07362581044435501,0.06217915192246437,0.06562245637178421
1407,25324,15042,74,3,0.07563430070877075,0.05799190700054169,1.5150492191314697
1408,25355,13195,116,2,0.07389261573553085,0.06988286972045898,1.1700459718704224
1409,25356,11261,170,4,0.07472635805606842,0.06886865943670273,1.0550222396850586
1410,25379,11732,15,3,0.07429105788469315,0.06477301567792892,2.1883456707000732
1411,25382,14176,100,1,0.07386847585439682,0.06407050788402557,1.4631775617599487
1412,25395,8525,322,1,0.07347454130649567,0.07565175741910934,0.833692729473114
1413,25399,11922,55,6,0.07481549680233002,0.06318110227584839,1.7219023704528809
1414,25403,16300,617,2,0.0736841931939125,0.07794390618801117,0.03443245589733124
1415,25544,17862,1210,2,0.07393430173397064,0.06258171796798706,-1.0780583620071411
1416,25580,7349,2,2,0.07287757098674774,0.06519415974617004,3.5034706592559814
1417,25586,18320,679,2,0.0729636549949646,0.06990967690944672,-0.07643791288137436
1418,25591,18273,1,3,0.0744028314948082,0.07598713785409927,7.069312572479248
1419,25604,8796,758,2,0.07119010388851166,0.05412185192108154,-0.20918390154838562
1420,25605,17566,271,4,0.07465565949678421,0.05657234415411949,0.6494238376617432
1421,25669,8999,215,3,0.07557085156440735,0.05943392589688301,0.8808401823043823
1422,25670,18069,186,2,0.07468005269765854,0.07005687057971954,0.9456141591072083
1423,25695,14523,3,2,0.07247544825077057,0.07672034204006195,3.8954126834869385
1424,25703,4735,47,1,0.0748833492398262,0.07088593393564224,1.6959104537963867
1425,25710,3102,829,2,0.07478217780590057,0.06792281568050385,-0.3074877858161926
1426,25727,9308,1328,2,0.07373248785734177,0.07329843938350677,-1.788690447807312
1427,25744,18088,1245,2,0.07521159201860428,0.0857764407992363,-1.3373762369155884
1428,25758,17090,56,2,0.07138718664646149,0.048058152198791504,1.5562831163406372
1429,25778,17961,675,3,0.07429371774196625,0.06106579676270485,-0.0560276061296463
1430,25790,5883,872,2,0.07230772823095322,0.0674561858177185,-0.36398595571517944
1431,25813,17009,504,2,0.07211419939994812,0.057968620210886,0.141968235373497
1432,25877,18280,275,3,0.07594535499811172,0.06172465160489082,0.6425818204879761
1433,25891,18315,274,3,0.07512156665325165,0.0648387148976326,0.6829332709312439
1434,25894,9355,851,2,0.07218605279922485,0.0596441775560379,-0.31360751390457153
1435,25973,16129,111,2,0.07470925897359848,0.06470465660095215,1.278984785079956
1436,25992,3209,7,2,0.07363569736480713,0.07497485727071762,3.0426957607269287
1437,26010,12691,749,2,0.0748617947101593,0.0766008198261261,-0.1919247806072235
1438,26016,3212,630,2,0.07438842952251434,0.0585164949297905,0.011246584355831146
1439,26020,18130,504,2,0.07323814183473587,0.06674898415803909,0.16378584504127502
1440,26021,18278,146,4,0.075055330991745,0.05736195668578148,0.9675532579421997
1441,26046,10985,1058,3,0.07511895149946213,0.0750817209482193,-0.7324070930480957
1442,26071,3234,104,2,0.0734274685382843,0.07517518848180771,1.2472208738327026
1443,26126,9595,30,3,0.07232090830802917,0.06962461024522781,1.9716143608093262
1444,26153,10165,169,2,0.07344134151935577,0.05656461417675018,1.0984066724777222
1445,26204,15215,905,1,0.07242128252983093,0.06875978410243988,-0.4365251362323761
1446,26218,6921,492,2,0.07476728409528732,0.07399554550647736,0.30664169788360596
1447,26223,9124,312,3,0.07414595782756805,0.07857297360897064,0.7652837038040161
1448,26280,7774,832,2,0.07249188423156738,0.05988479033112526,-0.39807671308517456
1449,26307,17325,208,2,0.07521390169858932,0.07092490047216415,0.9361181855201721
1450,26309,12262,313,2,0.07297760993242264,0.07100436091423035,0.6791064739227295
1451,26324,18316,609,2,0.07483021914958954,0.07762008905410767,0.05816149711608887
1452,26383,18307,861,4,0.07541333138942719,0.06889072805643082,-0.42082011699676514
1453,26405,17441,328,2,0.07327837496995926,0.06256317347288132,0.686244785785675
1454,26410,11168,953,3,0.07392951101064682,0.06205964460968971,-0.4706570506095886
1455,26464,16729,153,4,0.07529009133577347,0.057470180094242096,1.041771411895752
1456,26622,15587,7,2,0.07331157475709915,0.05517579987645149,3.775651454925537
1457,26625,3536,234,2,0.07357209920883179,0.06225382909178734,0.8347428441047668
1458,26648,3413,1058,2,0.07332325726747513,0.06370475888252258,-0.6753088235855103
1459,26714,12040,463,2,0.07241849601268768,0.052741602063179016,0.2435843050479889
1460,26724,14679,213,2,0.07438135892152786,0.07020844519138336,0.8717594146728516
1461,26748,17634,620,2,0.07498501986265182,0.0625605583190918,-0.00777447409927845
1462,26769,6075,886,2,0.07400688529014587,0.06339549273252487,-0.42790040373802185
1463,26770,16149,353,1,0.07220986485481262,0.07331468164920807,0.540699303150177
1464,26775,17802,804,2,0.0746062621474266,0.0752086490392685,-0.2650727927684784
1465,26778,17219,815,1,0.07391741871833801,0.06973949819803238,-0.4042603671550751
1466,26789,17900,1158,2,0.07494636625051498,0.06640567630529404,-0.9731795191764832
1467,26856,18045,594,2,0.07427223771810532,0.07248709350824356,0.15327312052249908
1468,26882,6936,60,2,0.07357590645551682,0.08636296540498734,1.7101147174835205
1469,26912,11202,6,3,0.07431208342313766,0.05763167142868042,2.542065143585205
1470,26920,18279,117,5,0.07418297231197357,0.061072878539562225,1.3203699588775635
1471,26922,18298,3,2,0.07367540895938873,0.07339764386415482,3.574808120727539
1472,26986,5207,442,3,0.07560806721448898,0.06866715103387833,0.4282786548137665
1473,27080,15199,258,1,0.07287310808897018,0.048936087638139725,0.7110939621925354
1474,27108,14355,1,1,0.07562169432640076,0.05450902506709099,4.037528038024902
1475,27180,18313,266,1,0.0723242536187172,0.08023936301469803,0.7559420466423035
1476,27203,18010,624,2,0.07483095675706863,0.0655575767159462,0.027795925736427307
1477,27225,9002,668,1,0.07241187989711761,0.05660120025277138,-0.12512624263763428
1478,27228,18214,494,2,0.07276973128318787,0.05007845163345337,0.2237599790096283
1479,27260,18244,942,2,0.07496101409196854,0.06809010356664658,-0.4892141819000244
1480,27278,4517,770,3,0.07521914690732956,0.0698617473244667,-0.19094964861869812
1481,27292,15859,192,2,0.07391702383756638,0.060143157839775085,0.9636073708534241
1482,27340,3972,57,1,0.07100071758031845,0.06097204610705376,1.6753185987472534
1483,27348,4173,385,4,0.0752948671579361,0.05209335312247276,0.5494300127029419
1484,27438,7289,558,2,0.07264825701713562,0.08011988550424576,0.08953320235013962
1485,27554,11804,1101,2,0.07347149401903152,0.059015993028879166,-0.7824535369873047
1486,27606,7919,14,3,0.07510092109441757,0.060446880757808685,2.242398977279663
1487,27645,14076,35,3,0.07576879113912582,0.07724548131227493,1.9634565114974976
1488,27664,10739,925,2,0.07512035965919495,0.06909488141536713,-0.4172609746456146
1489,27696,9738,489,2,0.07396576553583145,0.0762387290596962,0.20749622583389282
1490,27777,14318,1011,2,0.07414287328720093,0.06724807620048523,-0.6670013070106506
1491,27794,15318,202,2,0.07314973324537277,0.04905293136835098,0.8588787317276001
1492,27945,14590,3,5,0.0743933618068695,0.07501856982707977,3.5785956382751465
1493,27976,7753,47,3,0.07312663644552231,0.07349719107151031,1.7173664569854736
1494,27987,3887,172,2,0.07444019615650177,0.06358373910188675,0.9564871788024902
1495,27990,15436,544,3,0.07362384349107742,0.05397095903754234,0.053589046001434326
1496,28012,9956,616,3,0.0731918215751648,0.05742604658007622,-0.0474633127450943
1497,28023,6041,931,2,0.06976185739040375,0.08877164125442505,-0.4461720585823059
1498,28092,13680,349,2,0.07458677142858505,0.08145631104707718,0.5571408867835999
1499,28105,3952,53,3,0.0743565633893013,0.058663465082645416,1.6159979104995728
1500,28148,18311,304,2,0.07398677617311478,0.06160911172628403,0.6774371862411499
1501,28166,18334,454,3,0.07185699790716171,0.0804349035024643,0.3083072304725647
1502,28233,16055,140,4,0.07581418007612228,0.06181144341826439,1.160075068473816
1503,28253,17751,92,2,0.07448768615722656,0.0772935003042221,1.3921962976455688
1504,28261,11102,472,3,0.07440632581710815,0.06149657070636749,0.30925872921943665
1505,28281,18326,1282,7,0.07550782710313797,0.0701531320810318,-1.418286919593811
1506,28317,9450,843,3,0.07333245128393173,0.07953858375549316,-0.38911882042884827
1507,28331,4052,202,2,0.07344528287649155,0.06549741327762604,1.057332992553711
1508,28421,18296,47,2,0.07395235449075699,0.05515166372060776,1.7041484117507935
1509,28447,17849,1326,2,0.07289645820856094,0.07237730920314789,-1.5027132034301758
1510,28450,17666,2,2,0.07416034489870071,0.06109795719385147,2.9844398498535156
1511,28517,15275,187,2,0.07458899915218353,0.06068642437458038,0.9533766508102417
1512,28520,4125,64,2,0.07294487208127975,0.07114188373088837,1.4890804290771484
1513,28526,18236,1145,2,0.07284925878047943,0.07674302160739899,-0.8610694408416748
1514,28537,12270,1,2,0.07379693537950516,0.061541106551885605,4.052158832550049
1515,28554,18331,162,2,0.07340379804372787,0.05904145538806915,1.0893423557281494
1516,28582,4120,333,2,0.07399600744247437,0.050789423286914825,0.7009276747703552
1517,28619,10644,1299,3,0.07431552559137344,0.06962664425373077,-1.5018683671951294
1518,28643,17825,1274,2,0.07380831241607666,0.06979735195636749,-1.2179194688796997
1519,28712,17430,102,2,0.07473982870578766,0.0746849924325943,1.2832112312316895
1520,28931,17813,1,2,0.07106131315231323,0.0688159167766571,5.801074504852295
1521,28992,16178,671,2,0.07188531011343002,0.055448099970817566,-0.07154020667076111
1522,28997,18279,963,3,0.07431384176015854,0.05816949903964996,-0.5976837277412415
1523,29050,18243,1007,1,0.07446809113025665,0.060179203748703,-0.7174791097640991
1524,29093,5033,99,2,0.07366558909416199,0.06336086243391037,1.2924350500106812
1525,29140,13368,131,2,0.07351355999708176,0.05912267044186592,1.1897251605987549
1526,29169,18030,536,2,0.07333182543516159,0.08443392813205719,0.19417926669120789
1527,29242,10920,25,2,0.07183011621236801,0.08470584452152252,2.01574969291687
1528,29275,18333,587,1,0.07188119739294052,0.062032584100961685,0.061136335134506226
1529,29282,16043,405,2,0.072303906083107,0.06591682136058807,0.415524423122406
1530,29296,11969,568,3,0.0744556337594986,0.06788777559995651,0.13909652829170227
1531,29311,18313,290,10,0.07370760291814804,0.08305643498897552,0.6791355609893799
1532,29350,18331,97,2,0.07486675679683685,0.05972132831811905,1.37653648853302
1533,29353,10884,471,3,0.07464954257011414,0.0780743807554245,0.3387833833694458
1534,29371,7926,825,2,0.07317660748958588,0.06499630212783813,-0.32301777601242065
1535,29373,18290,935,2,0.07320260256528854,0.06085220351815224,-0.48315075039863586
1536,29486,4441,1177,2,0.07531391829252243,0.05638942867517471,-0.986556351184845
1537,29491,13557,180,1,0.07305233925580978,0.0653928816318512,1.0285274982452393
1538,29543,17805,824,3,0.07512293010950089,0.06692203134298325,-0.34850960969924927
1539,29584,7349,1333,1,0.0730634406208992,0.062457069754600525,-2.3595123291015625
1540,29596,7674,159,2,0.07348860055208206,0.06530769169330597,1.067553997039795
1541,29720,13495,709,3,0.0753907561302185,0.06035592034459114,-0.1426379680633545
1542,29759,12523,1193,3,0.07384182512760162,0.07139499485492706,-0.9967050552368164
1543,29781,17588,995,2,0.07391301542520523,0.08080587536096573,-0.6287772059440613
1544,29783,18276,29,6,0.07447520643472672,0.07095613330602646,2.221203565597534
1545,29791,18307,330,3,0.07359197735786438,0.06557443737983704,0.6349257230758667
1546,29842,18334,535,3,0.07409839332103729,0.09364955127239227,0.16069357097148895
1547,29843,14145,51,2,0.07209224998950958,0.06315785646438599,1.6957823038101196
1548,29847,16349,71,2,0.0733155682682991,0.06433136761188507,1.6676729917526245
1549,29874,6337,133,2,0.07381758838891983,0.057204894721508026,1.1676706075668335
1550,29892,11596,788,3,0.07461942732334137,0.06489425897598267,-0.25941187143325806
1551,29895,15709,1171,4,0.07480701059103012,0.063377745449543,-0.8957382440567017
1552,29918,17003,223,1,0.07434152811765671,0.06009164825081825,0.8119652271270752
1553,29941,18265,6,3,0.07437275350093842,0.08432833850383759,3.5918126106262207
1554,30073,18288,417,1,0.07000553607940674,0.04953005909919739,0.5098188519477844
1555,30103,8135,181,2,0.07465042173862457,0.07283713668584824,1.0219810009002686
1556,30154,4868,339,2,0.07232033461332321,0.061999667435884476,0.4579031467437744
1557,30345,16068,98,2,0.07357479631900787,0.058143213391304016,1.300001621246338
1558,30444,17090,17,8,0.07507806271314621,0.05520324781537056,3.230865716934204
1559,30451,18309,35,3,0.07380148023366928,0.07357677072286606,1.940483570098877
1560,30454,18276,43,6,0.07341363281011581,0.06700071692466736,1.969621181488037
1561,30455,18280,58,4,0.0738583579659462,0.059650570154190063,1.9027907848358154
1562,30577,11570,321,2,0.0735965445637703,0.05921747907996178,0.5291377305984497
1563,30704,5186,69,2,0.07460487633943558,0.058907344937324524,1.5501329898834229
1564,30725,14604,319,2,0.07184270024299622,0.06491100788116455,0.5549373030662537
1565,30886,9383,381,2,0.07495205104351044,0.06474754959344864,0.41043129563331604
1566,30946,5305,27,3,0.07391448318958282,0.07273269444704056,2.0832467079162598
1567,30957,18261,453,3,0.0743868425488472,0.06410094350576401,0.28065696358680725
1568,30974,15606,146,2,0.07222793251276016,0.06186866760253906,1.103827714920044
1569,30976,18347,1169,5,0.07399922609329224,0.060368236154317856,-0.9108376502990723
1570,31077,11144,126,2,0.0741918608546257,0.06053389608860016,1.2390248775482178
1571,31079,18355,28,2,0.07415176928043365,0.06317184120416641,1.9410868883132935
1572,31135,8813,594,2,0.0731942281126976,0.07203401625156403,0.06599032878875732
1573,31287,18290,861,3,0.07597406953573227,0.0635383352637291,-0.3146955370903015
1574,31303,6345,741,3,0.07538300007581711,0.06824217736721039,-0.18800081312656403
1575,31313,17991,171,2,0.07316261529922485,0.06794004142284393,0.9772591590881348
1576,31364,18255,73,2,0.07386738061904907,0.06602344661951065,1.4447510242462158
1577,31386,10110,579,3,0.0744384229183197,0.07885817438364029,0.026296138763427734
1578,31431,17566,50,2,0.0740828588604927,0.05862355977296829,1.777933120727539
1579,31445,18307,408,3,0.07530901581048965,0.06734699755907059,0.42790642380714417
1580,31487,5686,1303,2,0.07457345724105835,0.07144342362880707,-1.6120799779891968
1581,31545,18307,1296,5,0.0753515437245369,0.07001891732215881,-1.5622119903564453
1582,31669,18044,155,2,0.07440315186977386,0.07154620438814163,1.1085923910140991
1583,31686,9968,824,2,0.07266190648078918,0.06509289145469666,-0.2609204649925232
1584,31688,10251,915,2,0.07421143352985382,0.07102692872285843,-0.4552497863769531
1585,31762,14841,190,1,0.07590049505233765,0.06124604120850563,1.1636996269226074
1586,31773,8308,978,3,0.07493004202842712,0.06357228010892868,-0.5678709745407104
1587,31774,5868,236,2,0.07497705519199371,0.06865374743938446,0.7408139705657959
1588,31778,11023,76,2,0.06999997794628143,0.05381779372692108,1.3005740642547607
1589,31803,18250,23,6,0.07472783327102661,0.07895475625991821,2.6184635162353516
1590,31818,18307,452,3,0.07502927631139755,0.06460200250148773,0.3086971342563629
1591,31864,14601,619,2,0.07254703342914581,0.05710340663790703,0.062183573842048645
1592,31910,10152,524,2,0.07409632951021194,0.061518482863903046,0.2927723824977875
1593,31936,13064,1247,1,0.07174842059612274,0.06640683859586716,-1.3268181085586548
1594,32040,18289,29,3,0.07432528585195541,0.06667645275592804,1.7468161582946777
1595,32082,11615,115,2,0.07322786748409271,0.07279945909976959,1.2057392597198486
1596,32154,18349,1257,3,0.07334363460540771,0.06156868115067482,-1.2376524209976196
1597,32518,18334,302,2,0.0724647268652916,0.09082774817943573,0.6479830145835876
1598,32556,13328,7,2,0.07416427135467529,0.06273342669010162,3.46981143951416
1599,32631,17566,168,3,0.07444906234741211,0.058710336685180664,1.1203196048736572
1600,32635,13448,302,1,0.07152935862541199,0.05853695422410965,0.6368573904037476
1601,32673,18261,342,2,0.07497496902942657,0.07165949046611786,0.6539131999015808
1602,32681,18272,638,3,0.07383947819471359,0.07491964846849442,0.012991935014724731
1603,32704,15563,173,2,0.0745554193854332,0.060121916234493256,1.172972321510315
1604,32746,17266,2,1,0.07492179423570633,0.05619118735194206,2.8245041370391846
1605,32750,18281,490,2,0.07548274099826813,0.07545054703950882,0.21666380763053894
1606,32818,18307,346,4,0.07353922724723816,0.06902016699314117,0.5595702528953552
1607,32856,18231,682,3,0.07444154471158981,0.06569061428308487,-0.09006448835134506
1608,32858,17437,1087,1,0.07312508672475815,0.08049310743808746,-0.7858858108520508
1609,32884,13348,844,2,0.07233010977506638,0.06072404235601425,-0.3148196339607239
1610,32912,15063,1047,2,0.07369482517242432,0.06472288817167282,-0.7707419395446777
1611,32938,16049,711,2,0.07278639823198318,0.057208530604839325,-0.10569921135902405
1612,32954,10861,177,1,0.07214781641960144,0.0689992904663086,1.1333494186401367
1613,32996,18334,561,3,0.07469023764133453,0.07913628965616226,0.06051461398601532
1614,33081,17441,4,1,0.07301346957683563,0.058811724185943604,2.3908908367156982
1615,33116,18315,438,2,0.07217852026224136,0.06254222989082336,0.3469814360141754
1616,33155,9944,227,3,0.07320427894592285,0.06157176196575165,0.8775740265846252
1617,33156,18274,251,5,0.07526998966932297,0.06173340603709221,0.7124713659286499
1618,33159,18307,746,2,0.0738646537065506,0.06634886562824249,-0.18127068877220154
1619,33166,18307,60,2,0.07369472086429596,0.07364314794540405,1.658373475074768
1620,33184,11226,5,2,0.07287642359733582,0.08323916047811508,3.247891902923584
1621,33275,7091,700,2,0.07477850466966629,0.06605825573205948,-0.12831494212150574
1622,33432,17188,1084,2,0.07412668317556381,0.07148122787475586,-0.7892632484436035
1623,33482,18177,596,3,0.07456620782613754,0.08030042797327042,0.08558341860771179
1624,33502,12335,1168,2,0.07463061064481735,0.058547843247652054,-1.0576894283294678
1625,33611,18307,493,5,0.07398122549057007,0.0715833231806755,0.1945004165172577
1626,33614,18334,809,3,0.07322857528924942,0.08851926773786545,-0.3013221323490143
1627,33655,16935,685,1,0.07322865724563599,0.0639694407582283,-0.029000163078308105
1628,33659,18309,942,3,0.07587681710720062,0.07409641891717911,-0.5196488499641418
1629,33690,18307,1057,2,0.07325682789087296,0.06417085975408554,-0.7524968385696411
1630,33786,18287,164,3,0.07405547797679901,0.0566006638109684,1.0488377809524536
1631,33851,17477,1031,2,0.07506463676691055,0.07772091776132584,-0.6944143772125244
1632,33913,13873,197,3,0.07361369580030441,0.06378703564405441,0.9120841026306152
1633,34025,18290,540,2,0.07459862530231476,0.06347042322158813,0.171705424785614
1634,34085,14757,784,1,0.07466015219688416,0.07607510685920715,-0.26961344480514526
1635,34141,18187,477,2,0.07366180419921875,0.07824678719043732,0.30291837453842163
1636,34248,17464,239,2,0.07418200373649597,0.061088986694812775,0.9544103145599365
1637,34252,18334,131,2,0.0740712434053421,0.09025143831968307,1.2587988376617432
1638,34273,18278,1154,4,0.07513437420129776,0.05937472730875015,-0.9778196811676025
1639,34295,17303,112,1,0.07432926446199417,0.0829138234257698,1.212754249572754
1640,34360,16157,420,2,0.07390870153903961,0.05792132019996643,0.41463837027549744
1641,34404,18290,1084,3,0.07447266578674316,0.05960501730442047,-0.7535965442657471
1642,34423,17090,14,5,0.07558304071426392,0.055987123399972916,3.337512254714966
1643,34424,18261,49,3,0.07544907927513123,0.06314384192228317,1.7537087202072144
1644,34432,14400,765,2,0.07440105825662613,0.06682790070772171,-0.2436659038066864
1645,34482,18252,44,2,0.07448883354663849,0.06554920971393585,2.1002187728881836
1646,34491,18315,1,3,0.07483869791030884,0.06689095497131348,7.2039337158203125
1647,34604,18315,537,3,0.07532982528209686,0.05971211940050125,0.17622683942317963
1648,34626,18326,1051,5,0.07496703416109085,0.06657509505748749,-0.6989918351173401
1649,34804,12274,1153,1,0.07066996395587921,0.06782647222280502,-0.9767847061157227
1650,34836,17261,14,2,0.07434961944818497,0.06951996684074402,2.230273485183716
1651,34837,18190,26,3,0.07379008829593658,0.055190056562423706,1.8258973360061646
1652,34949,16948,174,2,0.07105228304862976,0.056092314422130585,1.1359814405441284
1653,34968,10130,355,2,0.07469794899225235,0.07695936411619186,0.5732821226119995
1654,34979,10153,349,2,0.07200320810079575,0.059792306274175644,0.5448176264762878
1655,34989,18352,34,1,0.07018958032131195,0.07658912986516953,2.0134754180908203
1656,35016,18195,18,2,0.07218867540359497,0.05052763596177101,2.7284820079803467
1657,35022,18307,1292,2,0.07084650546312332,0.061282675713300705,-1.3837732076644897
1658,35031,18307,473,3,0.07335638999938965,0.06800155341625214,0.27756649255752563
1659,35033,18258,910,3,0.07449853420257568,0.06626304239034653,-0.46794506907463074
1660,35044,18352,1022,1,0.07176674157381058,0.06629156321287155,-0.6013386249542236
1661,35058,18298,35,2,0.0747569277882576,0.06689608842134476,1.906315565109253
1662,35059,18309,1258,2,0.06502100080251694,0.050051189959049225,-1.1664937734603882
1663,35068,18356,331,3,0.06501777470111847,0.042572032660245895,0.5174996256828308
1664,35087,18346,366,4,0.07389121502637863,0.05719460919499397,0.5051222443580627
1665,35089,16492,602,2,0.07285602390766144,0.07680293917655945,-0.011100083589553833
1666,35094,12924,254,2,0.07262352854013443,0.058485157787799835,0.6977335810661316
1667,35098,18209,148,2,0.07282330095767975,0.05844765529036522,1.10895574092865
1668,35103,18334,524,2,0.06780348718166351,0.062123853713274,0.12260985374450684
1669,35104,18334,94,2,0.07207068800926208,0.07371982932090759,1.6186596155166626
1670,35110,18307,295,3,0.07074334472417831,0.06484997272491455,0.6596029996871948
1671,35122,18309,1204,2,0.07406061887741089,0.07097846269607544,-1.074845790863037
1672,35133,15755,181,2,0.07382769137620926,0.05903663858771324,1.0408539772033691
1673,35214,18341,62,3,0.07464125007390976,0.07906019687652588,1.6404523849487305
1674,35218,18334,328,3,0.07407312095165253,0.07789339870214462,0.6105115413665771
1675,35227,11501,825,2,0.07268517464399338,0.0559987798333168,-0.29542216658592224
1676,35252,17943,1337,2,0.07091367244720459,0.06353330612182617,-1.6728204488754272
1677,35256,17588,1115,2,0.07231497019529343,0.07724355906248093,-0.7679300308227539
1678,35262,18276,800,2,0.07457544654607773,0.07507496327161789,-0.2736404836177826
1679,35280,18327,91,2,0.07330778986215591,0.06877852231264114,1.3842289447784424
1680,35296,17588,614,3,0.07543354481458664,0.08663783967494965,0.018804483115673065
1681,35391,18307,612,2,0.0709085762500763,0.06329315155744553,0.04318317770957947
1682,35419,18287,17,2,0.07565216720104218,0.0590166375041008,2.762911796569824
1683,35446,18290,33,2,0.0699552372097969,0.053456585854291916,1.755252480506897
1684,35458,18356,331,2,0.0681040957570076,0.05974985659122467,0.5173768997192383
1685,35470,18352,34,1,0.07018958032131195,0.07658912986516953,2.0134754180908203
1686,35515,17090,424,2,0.07347247749567032,0.055418066680431366,0.3260921239852905
1687,35526,18146,41,6,0.07333561778068542,0.07665041089057922,2.2517197132110596
1688,35529,18134,1228,3,0.07585956901311874,0.06268545240163803,-1.3216969966888428
1689,35572,18356,186,2,0.07233607769012451,0.07782433927059174,0.9846486449241638
1690,35575,18280,246,4,0.07515686005353928,0.06681812554597855,0.7034686803817749
1691,35579,18237,790,1,0.07357890903949738,0.08099504560232162,-0.29830819368362427
1692,35588,18248,10,2,0.07509033381938934,0.07869164645671844,2.743236780166626
