row_id,user,target,history_length,past_target_cosine,future_target_cosine,delta_future_minus_past,future_better,rank_Anchor-only,rank_Past-only,rank_Future-only,rank_Past+Future,rank_FIR-MIC without future bridge,rank_Per-item + transition/association,rank_FIR-MIC full
0,17,22665,2,0.906181812286377,0.8560243248939514,-0.05015748739242554,0,1065,863,1262,896,1085,1262,1290
1,29,22642,10,0.9049630761146545,0.7254348993301392,-0.17952817678451538,0,559,716,728,713,438,465,495
2,31,22893,6,0.9400991797447205,0.8264908194541931,-0.11360836029052734,0,1609,930,322,835,1567,1508,1522
3,45,23031,2,0.8883317708969116,0.7864810824394226,-0.10185068845748901,0,1344,614,1236,679,1296,1437,1434
4,53,7596,6,0.897214949131012,0.8376018404960632,-0.05961310863494873,0,36,1553,251,1339,43,22,13
5,55,21826,2,0.9488502144813538,0.8507212400436401,-0.09812897443771362,0,11,510,1481,541,13,12,13
6,80,6054,2,0.9075383543968201,0.7383705377578735,-0.16916781663894653,0,1724,79,42,61,1737,1699,1707
7,87,16756,3,0.9874199032783508,0.6725910305976868,-0.31482887268066406,0,46,289,1518,292,48,35,34
8,112,8,2,0.9166316390037537,0.7322243452072144,-0.1844072937965393,0,782,221,351,230,671,521,573
9,152,22453,2,0.9561741948127747,0.7656428217887878,-0.19053137302398682,0,78,397,1328,433,62,51,55
10,161,9983,4,0.8914546966552734,0.7393038868904114,-0.15215080976486206,0,969,651,1547,848,867,1111,1154
11,183,23032,5,0.9243093729019165,0.8078644871711731,-0.11644488573074341,0,494,919,134,816,598,385,369
12,205,2528,2,0.788430392742157,0.8801542520523071,0.09172385931015015,1,244,1518,1255,1538,268,314,325
13,226,41,3,0.9357122778892517,0.7877138257026672,-0.14799845218658447,0,523,399,1269,441,523,543,577
14,239,11170,2,0.8965272307395935,0.8428329229354858,-0.053694307804107666,0,684,837,1242,880,565,728,754
15,252,4668,2,0.9448912143707275,0.8625105023384094,-0.08238071203231812,0,16,564,1111,618,14,14,12
16,291,6572,3,0.9305118918418884,0.8654893636703491,-0.0650225281715393,0,63,980,1512,1087,53,69,82
17,323,1062,2,0.8121798038482666,0.7305406928062439,-0.0816391110420227,0,626,629,1380,734,682,748,751
18,335,4501,3,0.918781042098999,0.7362592220306396,-0.18252182006835938,0,1529,186,147,106,1474,1382,1381
19,352,19666,2,0.9643608927726746,0.8409097194671631,-0.12345117330551147,0,6,536,368,523,6,4,4
20,367,21826,3,0.7747002243995667,0.8467156887054443,0.07201546430587769,1,1314,1332,29,1083,1258,967,932
21,396,22052,10,0.9272385835647583,0.8014377951622009,-0.12580078840255737,0,518,951,227,802,478,311,261
22,407,22018,2,0.9709587693214417,0.6876748204231262,-0.28328394889831543,0,376,224,1500,209,384,448,470
23,420,23009,2,0.937105119228363,0.7865723967552185,-0.15053272247314453,0,1203,478,1494,550,1221,1391,1443
24,427,21170,2,0.9273878335952759,0.9191156029701233,-0.008272230625152588,0,845,1612,1172,1593,760,938,947
25,442,7239,3,0.9547917246818542,0.8288426995277405,-0.12594902515411377,0,250,482,1254,551,187,281,333
26,444,21451,2,0.9262353181838989,0.659999430179596,-0.266235888004303,0,1,50,1357,20,1,1,1
27,452,2064,3,0.9474602937698364,0.6953667998313904,-0.25209349393844604,0,258,132,1397,193,266,324,340
28,453,19378,2,0.8391332626342773,0.8338422775268555,-0.005290985107421875,0,818,1369,811,1372,792,736,736
29,464,4689,2,0.8814745545387268,0.8429059982299805,-0.03856855630874634,0,1392,860,499,818,1030,980,965
30,488,21586,3,0.8936429619789124,0.6745973229408264,-0.21904563903808594,0,80,76,1253,186,87,120,109
31,501,19594,3,0.9509541988372803,0.8286367058753967,-0.12231749296188354,0,8,406,287,388,7,6,6
32,504,2461,3,0.792514443397522,0.8267029523849487,0.03418850898742676,1,1704,1665,255,1393,1695,1664,1658
33,525,17654,3,0.8368837833404541,0.8073135018348694,-0.029570281505584717,0,1412,1191,1379,1221,1378,1497,1479
34,527,19870,3,0.8593271374702454,0.7918451428413391,-0.06748199462890625,0,1128,714,1702,907,1188,1468,1485
35,544,10495,2,0.9012952446937561,0.8062842488288879,-0.09501099586486816,0,497,672,699,662,504,485,519
36,549,14862,1,0.9784186482429504,0.6639952659606934,-0.3144233822822571,0,26,120,1666,127,39,43,50
37,552,335,2,0.8165947198867798,0.7882893681526184,-0.028305351734161377,0,1067,515,402,476,1073,971,957
38,554,30,3,0.7976943254470825,0.849114179611206,0.051419854164123535,1,1255,1710,195,1499,1273,1054,1041
39,557,3111,5,0.9349175691604614,0.6387665867805481,-0.29615098237991333,0,288,232,767,93,284,158,142
40,567,23026,7,0.9139625430107117,0.7385759353637695,-0.17538660764694214,0,951,1000,1132,1084,975,1046,1054
41,570,22330,8,0.9502343535423279,0.6874755620956421,-0.2627587914466858,0,32,587,1303,698,39,39,52
42,574,31,2,0.8441458940505981,0.8499542474746704,0.005808353424072266,1,1278,1183,41,935,1178,839,762
43,575,32,2,0.8970012664794922,0.8132225871086121,-0.08377867937088013,0,1410,638,726,621,1298,1263,1291
44,581,9265,2,0.9124135971069336,0.8399105668067932,-0.07250303030014038,0,111,818,1605,932,111,137,137
45,593,16348,7,0.9188527464866638,0.791985273361206,-0.12686747312545776,0,325,799,52,631,362,214,201
46,611,16050,10,0.8695026636123657,0.6759186387062073,-0.19358402490615845,0,1409,1107,1647,1397,1406,1527,1541
47,625,3518,7,0.8718096613883972,0.7195954918861389,-0.1522141695022583,0,1673,838,209,708,1671,1625,1590
48,630,20548,2,0.8659751415252686,0.8213847875595093,-0.04459035396575928,0,372,679,864,661,433,387,376
49,637,36,3,0.9262099266052246,0.8462338447570801,-0.07997608184814453,0,271,762,1351,833,264,275,273
50,650,19094,1,0.8817466497421265,0.8039539456367493,-0.0777927041053772,0,1355,713,1021,725,1349,1411,1415
51,664,10306,2,0.9046216607093811,0.8392326831817627,-0.06538897752761841,0,1,918,1289,967,1,1,1
52,665,16079,1,0.9464284181594849,0.6954401135444641,-0.25098830461502075,0,307,207,1494,188,219,248,244
53,669,3575,4,0.9385562539100647,0.7428911924362183,-0.19566506147384644,0,6,441,1661,560,5,11,12
54,749,22890,7,0.8922936916351318,0.7769419550895691,-0.11535173654556274,0,259,1359,566,1326,248,202,209
55,778,6693,3,0.9609322547912598,0.6855083703994751,-0.27542388439178467,0,381,197,1349,125,373,379,385
56,839,15852,1,0.9552813172340393,0.8524433970451355,-0.10283792018890381,0,1,620,1759,815,1,2,2
57,852,18811,3,0.7627165913581848,0.8279380202293396,0.06522142887115479,1,1169,1651,72,1324,1069,679,546
58,855,3420,4,0.8544896245002747,0.6693517565727234,-0.18513786792755127,0,287,134,536,50,294,144,116
59,857,2150,9,0.9639111757278442,0.6624075770378113,-0.30150359869003296,0,443,458,485,426,417,274,250
60,867,21936,1,0.7995395064353943,0.8509094715118408,0.05136996507644653,1,814,1616,1465,1681,797,968,958
61,899,15381,2,0.9067438840866089,0.8282130360603333,-0.07853084802627563,0,717,442,819,471,623,673,717
62,900,20703,3,0.9069692492485046,0.860456645488739,-0.046512603759765625,0,596,977,581,957,750,658,638
63,913,17450,2,0.8782633543014526,0.8607203960418701,-0.01754295825958252,0,628,1414,1246,1525,644,716,720
64,929,50,2,0.8880892992019653,0.84906005859375,-0.03902924060821533,0,453,1336,1624,1434,539,821,918
65,943,9665,6,0.8687388896942139,0.8119419813156128,-0.056796908378601074,0,643,1530,348,1376,725,557,514
66,947,22007,2,0.8029273152351379,0.8125125765800476,0.009585261344909668,1,966,844,604,777,827,776,721
67,948,21372,5,0.8198646306991577,0.636110782623291,-0.1837538480758667,0,539,1011,1459,1252,536,623,604
68,963,18233,5,0.8126591444015503,0.6888424158096313,-0.12381672859191895,0,297,1606,1515,1735,329,362,363
69,980,21904,10,0.9713461995124817,0.7800016403198242,-0.19134455919265747,0,30,601,450,555,29,22,21
70,1021,20072,2,0.9021927118301392,0.8817810416221619,-0.020411670207977295,0,1405,1311,1479,1399,1368,1488,1484
71,1022,5390,8,0.9156500101089478,0.5769882202148438,-0.338661789894104,0,501,199,1642,291,441,657,752
72,1042,16559,2,0.842229425907135,0.7989539504051208,-0.04327547550201416,0,1540,711,279,603,1514,1447,1428
73,1045,21489,3,0.9353370070457458,0.882158637046814,-0.053178369998931885,0,334,1069,1181,1057,349,301,277
74,1084,7111,4,0.8713935017585754,0.8458970785140991,-0.02549642324447632,0,720,1468,1102,1573,694,738,781
75,1086,13086,3,0.8922123312950134,0.796294093132019,-0.09591823816299438,0,546,826,1715,1102,541,730,746
76,1093,17474,4,0.8467915058135986,0.8643697500228882,0.01757824420928955,1,1150,1657,1176,1705,1102,1203,1212
77,1099,4944,3,0.8410489559173584,0.7582582235336304,-0.08279073238372803,0,463,160,657,143,497,386,375
78,1100,20057,2,0.9313565492630005,0.8468413352966309,-0.08451521396636963,0,329,711,1052,748,247,216,234
79,1101,12982,10,0.8862525224685669,0.8249432444572449,-0.06130927801132202,0,974,1564,57,1266,1069,789,715
80,1109,7276,8,0.8377155065536499,0.6428497433662415,-0.19486576318740845,0,1772,392,53,184,1771,1763,1762
81,1118,13004,2,0.9427487254142761,0.7192819714546204,-0.22346675395965576,0,371,330,1479,338,331,387,394
82,1132,7828,4,0.8816288709640503,0.87452232837677,-0.0071065425872802734,0,55,1283,353,1198,87,37,15
83,1133,373,2,0.874936580657959,0.8036750555038452,-0.07126152515411377,0,256,338,906,415,282,237,226
84,1162,15423,2,0.8336631059646606,0.8310585618019104,-0.002604544162750244,0,626,1278,1322,1473,713,893,905
85,1172,5521,3,0.8841956257820129,0.6956504583358765,-0.18854516744613647,0,371,231,322,177,383,359,350
86,1177,13059,6,0.780766487121582,0.788335382938385,0.0075688958168029785,1,1021,1768,292,1745,1023,892,857
87,1184,8459,7,0.9230968356132507,0.600119948387146,-0.32297688722610474,0,24,143,1116,102,17,13,13
88,1185,21451,5,0.882540225982666,0.6165665984153748,-0.26597362756729126,0,19,78,447,19,20,6,6
89,1196,67,2,0.8959738612174988,0.7170412540435791,-0.17893260717391968,0,1534,217,267,177,1493,1449,1434
90,1202,11276,2,0.9393095374107361,0.8032487630844116,-0.13606077432632446,0,582,598,1317,648,579,754,747
91,1211,3016,3,0.8111801147460938,0.7433313131332397,-0.067848801612854,0,1452,749,192,674,1520,1395,1430
92,1217,22845,4,0.9287936687469482,0.8704500198364258,-0.05834364891052246,0,340,1079,292,900,347,106,84
93,1226,4083,7,0.9575849771499634,0.733765184879303,-0.2238197922706604,0,1,540,921,598,1,1,1
94,1230,10413,4,0.9195193648338318,0.808702826499939,-0.11081653833389282,0,270,715,1114,765,213,185,166
95,1279,23008,10,0.9032649397850037,0.8016873598098755,-0.10157757997512817,0,1176,1569,667,1597,1131,1137,1150
96,1281,20992,1,0.8634122014045715,0.8272554874420166,-0.03615671396255493,0,626,170,728,242,778,762,778
97,1284,9598,5,0.9914077520370483,0.5946595072746277,-0.39674824476242065,0,1,328,1502,339,1,1,1
98,1304,13392,3,0.9244268536567688,0.9290422797203064,0.004615426063537598,1,234,1317,1033,1267,174,164,174
99,1307,21983,3,0.8543030023574829,0.8666923642158508,0.01238936185836792,1,1051,1279,1013,1242,926,977,946
100,1326,5814,2,0.9344390034675598,0.8643942475318909,-0.07004475593566895,0,786,858,1379,944,767,882,949
101,1337,3515,3,0.9298731684684753,0.7181401252746582,-0.21173304319381714,0,44,243,1100,259,62,73,66
102,1369,22007,10,0.9149897694587708,0.7151981592178345,-0.19979161024093628,0,908,380,390,307,839,675,660
103,1372,20668,5,0.8568532466888428,0.5647088885307312,-0.2921443581581116,0,737,80,1752,182,840,1305,1363
104,1373,18656,8,0.9085783958435059,0.7270084619522095,-0.1815699338912964,0,118,1236,1130,1279,117,126,137
105,1380,270,3,0.8589024543762207,0.8223069906234741,-0.03659546375274658,0,1013,870,1334,946,1278,1383,1358
106,1418,11812,4,0.9048100709915161,0.8091133236885071,-0.09569674730300903,0,530,697,800,668,418,378,493
107,1432,10011,2,0.7495776414871216,0.8538260459899902,0.10424840450286865,1,1739,1626,869,1558,1736,1739,1736
108,1437,17496,3,0.9481237530708313,0.7632715106010437,-0.1848522424697876,0,1285,418,726,429,1152,1132,1152
109,1445,628,3,0.701282799243927,0.7364410758018494,0.03515827655792236,1,1210,1704,1375,1777,1165,1403,1401
110,1454,15337,2,0.8149988055229187,0.7445496916770935,-0.0704491138458252,0,1121,182,170,183,1352,1195,1212
111,1476,11968,2,0.9316792488098145,0.7963331937789917,-0.13534605503082275,0,8,308,370,312,11,8,8
112,1481,19454,2,0.8697910904884338,0.8632144331932068,-0.006576657295227051,0,145,791,679,725,175,131,118
113,1501,1510,2,0.8390109539031982,0.8285032510757446,-0.010507702827453613,0,594,1406,902,1308,510,494,439
114,1517,2240,2,0.9360464215278625,0.6759723424911499,-0.26007407903671265,0,134,72,1620,64,160,178,174
115,1525,19093,2,0.9154604077339172,0.8664095401763916,-0.049050867557525635,0,1086,745,1407,818,1244,1444,1505
116,1574,5187,4,0.9638348817825317,0.8839382529258728,-0.07989662885665894,0,864,674,9,511,817,429,445
117,1583,19186,2,0.9394421577453613,0.8655185699462891,-0.07392358779907227,0,8,33,1135,99,7,6,6
118,1601,16414,2,0.8280923962593079,0.8185547590255737,-0.00953763723373413,0,723,1393,1606,1470,665,911,999
119,1614,85,2,0.8561037182807922,0.7610843777656555,-0.09501934051513672,0,117,490,575,454,119,71,63
120,1617,85,5,0.8691221475601196,0.6157792210578918,-0.2533429265022278,0,307,349,1696,433,321,488,538
121,1624,21350,10,0.90223228931427,0.5942014455795288,-0.3080308437347412,0,37,147,1185,117,37,45,48
122,1626,8303,10,0.8828479051589966,0.7954263687133789,-0.08742153644561768,0,185,1396,266,1283,195,70,61
123,1639,16850,3,0.8676759600639343,0.7316179275512695,-0.1360580325126648,0,1061,197,1102,263,853,883,866
124,1648,2282,2,0.8927035927772522,0.8840678334236145,-0.008635759353637695,0,190,1372,212,1249,347,105,88
125,1723,1862,3,0.8825718760490417,0.7783715128898621,-0.10420036315917969,0,1593,689,1295,799,1580,1674,1683
126,1743,23032,8,0.9511350989341736,0.7618102431297302,-0.18932485580444336,0,39,650,525,681,37,37,38
127,1765,17957,4,0.9189478158950806,0.6455098986625671,-0.2734379172325134,0,281,63,1730,159,265,476,516
128,1766,22217,8,0.9208566546440125,0.7167382836341858,-0.20411837100982666,0,1568,477,60,303,1517,1231,1177
129,1798,21218,3,0.8904117345809937,0.8342332243919373,-0.056178510189056396,0,736,936,1070,966,779,838,849
130,1818,13145,1,0.8252812623977661,0.8419905304908752,0.01670926809310913,1,988,1133,555,1122,1054,990,969
131,1826,19653,1,0.8336135149002075,0.8285170793533325,-0.005096435546875,0,497,1089,1606,1284,339,675,632
132,1829,3843,3,0.9144285321235657,0.8038837313652039,-0.11054480075836182,0,117,443,910,470,123,89,86
133,1830,23014,5,0.9251153469085693,0.6185489296913147,-0.30656641721725464,0,1,217,1590,295,1,1,1
134,1846,18838,1,0.9114266633987427,0.8110979199409485,-0.10032874345779419,0,452,614,1216,636,470,413,413
135,1860,13318,4,0.8060786724090576,0.7621013522148132,-0.043977320194244385,0,287,1338,1670,1575,270,428,482
136,1885,13115,3,0.905428409576416,0.7045943737030029,-0.20083403587341309,0,370,104,605,133,421,428,452
137,1890,9168,5,0.9335494041442871,0.7248731851577759,-0.20867621898651123,0,122,608,1204,698,89,111,130
138,1929,5599,10,0.9361199140548706,0.5735111236572266,-0.36260879039764404,0,94,115,1653,150,116,152,162
139,1936,108,3,0.8708962798118591,0.8566451072692871,-0.014251172542572021,0,1405,1345,813,1355,1422,1461,1464
140,1939,108,2,0.8923436999320984,0.8596353530883789,-0.03270834684371948,0,361,1139,1411,1236,350,435,464
141,1940,21981,4,0.8666479587554932,0.8307168483734131,-0.03593111038208008,0,1264,1466,480,1417,1216,1162,1158
142,1951,20719,5,0.9590668082237244,0.7883526086807251,-0.17071419954299927,0,533,1084,998,1179,479,415,417
143,2002,3811,2,0.8914204239845276,0.8591684103012085,-0.03225201368331909,0,947,1269,819,1330,901,913,859
144,2017,7390,3,0.9132477641105652,0.8101992011070251,-0.10304856300354004,0,439,744,1569,905,390,572,641
145,2023,7583,1,0.8128553628921509,0.8263982534408569,0.013542890548706055,1,184,975,1604,1115,151,215,229
146,2028,712,8,0.8756559491157532,0.5878098607063293,-0.28784608840942383,0,141,146,1290,178,141,160,166
147,2049,18465,3,0.9022420048713684,0.8320249319076538,-0.0702170729637146,0,1411,844,743,849,1333,1327,1305
148,2063,21703,4,0.982012152671814,0.6154550909996033,-0.3665570616722107,0,143,126,1750,173,107,191,218
149,2092,16740,2,0.8682258725166321,0.7547034621238708,-0.11352241039276123,0,1677,529,880,517,1630,1644,1644
150,2097,13065,4,0.8868899345397949,0.8101879954338074,-0.07670193910598755,0,805,1067,1248,1133,775,880,895
151,2099,4650,2,0.8068103194236755,0.8646016716957092,0.05779135227203369,1,1576,1688,79,1383,1548,1425,1411
152,2102,6517,2,0.8514795899391174,0.8564673662185669,0.004987776279449463,1,1214,1444,1200,1592,1055,1185,1177
153,2146,20781,2,0.8455191850662231,0.9045810103416443,0.05906182527542114,1,1207,1668,535,1604,1285,1216,1174
154,2215,3079,2,0.9782939553260803,0.7133665680885315,-0.26492738723754883,0,293,359,1418,361,317,291,306
155,2227,11051,3,0.9358018636703491,0.7587319612503052,-0.17706990242004395,0,360,449,1451,530,245,321,296
156,2233,22792,2,0.9464548230171204,0.7290163636207581,-0.2174384593963623,0,719,399,1367,397,615,838,931
157,2245,22478,6,0.8591625094413757,0.7815679907798767,-0.07759451866149902,0,1704,1329,337,1233,1690,1681,1682
158,2247,22592,2,0.8801490664482117,0.8611228466033936,-0.019026219844818115,0,657,1377,1603,1466,684,987,1015
159,2252,4026,2,0.930500328540802,0.8673770427703857,-0.06312328577041626,0,757,848,579,795,999,925,926
160,2266,15149,2,0.8363698124885559,0.8718578815460205,0.0354880690574646,1,841,1495,459,1435,801,733,753
161,2269,2719,10,0.9083121418952942,0.7320629954338074,-0.17624914646148682,0,1708,590,196,489,1700,1627,1594
162,2291,9686,2,0.8959673047065735,0.8740583658218384,-0.021908938884735107,0,24,1616,1723,1687,31,46,40
163,2300,21919,3,0.7430723905563354,0.7620741128921509,0.01900172233581543,1,1374,1258,1585,1569,1358,1641,1672
164,2305,22821,5,0.8594162464141846,0.7697851061820984,-0.08963114023208618,0,982,1194,331,1087,990,842,861
165,2318,20407,2,0.8409585952758789,0.8574419617652893,0.0164833664894104,1,47,1540,1636,1742,66,85,88
166,2336,124,2,0.7970676422119141,0.8299102783203125,0.03284263610839844,1,1500,1241,1160,1304,1535,1620,1625
167,2346,461,2,0.766381561756134,0.7845459580421448,0.018164396286010742,1,689,659,554,646,670,657,579
168,2348,14020,2,0.8679658770561218,0.8718827366828918,0.0039168596267700195,1,1710,1287,159,1148,1676,1643,1660
169,2364,128,2,0.872303307056427,0.8778559565544128,0.00555264949798584,1,1122,1183,754,1100,1631,1644,1664
170,2367,6058,5,0.8803359866142273,0.7858218550682068,-0.09451413154602051,0,1565,1028,159,904,1547,1464,1442
171,2387,21399,2,0.8707576394081116,0.866083562374115,-0.004674077033996582,0,1428,1390,264,1297,1434,1398,1378
172,2423,134,1,0.7213281989097595,0.8111522793769836,0.08982408046722412,1,1640,1329,236,1279,1641,1634,1631
173,2449,741,3,0.9419517517089844,0.8423576951026917,-0.09959405660629272,0,772,779,1441,855,564,664,720
174,2478,16064,2,0.8445463180541992,0.8569754958152771,0.01242917776107788,1,214,1598,1614,1712,226,296,289
175,2488,11596,2,0.7938016057014465,0.8321005702018738,0.038298964500427246,1,1664,1259,365,1211,1643,1638,1641
176,2494,21406,3,0.9350833892822266,0.892350435256958,-0.042732954025268555,0,1058,1020,630,959,1128,948,1013
177,2496,143,3,0.8746597170829773,0.7763069868087769,-0.09835273027420044,0,12,604,743,598,23,3,2
178,2526,17229,4,0.9291638135910034,0.6672933101654053,-0.26187050342559814,0,6,239,1751,323,5,6,6
179,2554,23007,4,0.9609563946723938,0.8161390423774719,-0.14481735229492188,0,450,411,1141,441,284,273,305
180,2584,22956,2,0.9358227849006653,0.8922159075737,-0.04360687732696533,0,27,937,1728,1109,24,29,29
181,2586,19865,4,0.913124680519104,0.8758131265640259,-0.037311553955078125,0,1225,1132,101,927,1310,971,910
182,2591,21520,1,0.8573864102363586,0.8142238259315491,-0.04316258430480957,0,56,170,1395,289,52,49,50
183,2599,19333,3,0.9252048134803772,0.7246493101119995,-0.20055550336837769,0,319,190,450,181,311,278,272
184,2613,20525,5,0.9371141195297241,0.6831148862838745,-0.2539992332458496,0,519,468,519,452,602,562,572
185,2619,153,3,0.8381260633468628,0.740991473197937,-0.09713459014892578,0,1742,664,802,671,1761,1768,1767
186,2639,22995,3,0.849711000919342,0.8731012344360352,0.023390233516693115,1,1255,1666,1276,1679,1253,1368,1362
187,2651,295,4,0.9226792454719543,0.7777693271636963,-0.14490991830825806,0,828,696,1702,938,752,1186,1190
188,2670,17953,3,0.8693513870239258,0.6743162274360657,-0.1950351595878601,0,1240,85,1278,158,1105,1215,1248
189,2673,15308,4,0.9514747262001038,0.6851787567138672,-0.2662959694862366,0,442,132,1043,90,419,372,399
190,2680,20055,2,0.9169603586196899,0.779425323009491,-0.13753503561019897,0,420,538,1096,580,426,447,450
191,2701,6217,2,0.829730212688446,0.870986819267273,0.041256606578826904,1,1593,1563,378,1398,1664,1641,1632
192,2708,13558,4,0.7970693707466125,0.7959174513816833,-0.0011519193649291992,0,1270,1628,1548,1681,1124,1321,1261
193,2712,13216,2,0.8419243693351746,0.8724490404129028,0.03052467107772827,1,446,1571,668,1457,444,443,443
194,2760,14821,8,0.8946235179901123,0.7263106107711792,-0.1683129072189331,0,1019,648,264,614,1046,846,773
195,2765,20927,5,0.8909915089607239,0.6465306878089905,-0.2444608211517334,0,1218,361,911,351,1227,1291,1306
196,2780,17472,2,0.8377479910850525,0.8637978434562683,0.02604985237121582,1,1637,1736,1082,1728,1661,1691,1688
197,2792,696,2,0.8732742071151733,0.85042804479599,-0.02284616231918335,0,1420,1224,1378,1258,1364,1469,1481
198,2802,20054,3,0.798660933971405,0.8820999264717102,0.08343899250030518,1,1399,1772,91,1655,1339,1045,961
199,2812,18065,5,0.9201545119285583,0.6124539971351624,-0.307700514793396,0,22,312,1617,355,24,43,44
200,2825,14965,8,0.8363648056983948,0.735321044921875,-0.10104376077651978,0,1709,1694,400,1620,1702,1707,1702
201,2847,20872,2,0.8207448124885559,0.8240689635276794,0.003324151039123535,1,952,1283,982,1403,893,930,924
202,2854,17132,9,0.9143769145011902,0.7644826173782349,-0.14989429712295532,0,823,884,41,668,785,259,187
203,2884,8264,6,0.8785606622695923,0.6404160857200623,-0.23814457654953003,0,1391,293,1719,380,1365,1574,1599
204,2909,14572,3,0.9266294836997986,0.8504497408866882,-0.07617974281311035,0,13,1042,1654,1237,18,21,22
205,2913,21384,3,0.9454865455627441,0.8422901630401611,-0.10319638252258301,0,101,458,1636,614,109,100,85
206,2914,20848,2,0.9265206456184387,0.8804709911346436,-0.046049654483795166,0,227,1293,1510,1370,245,438,448
207,2931,23014,4,0.853844404220581,0.7087286710739136,-0.14511573314666748,0,233,439,1696,559,453,679,662
208,2939,21319,8,0.9458822011947632,0.756172239780426,-0.18970996141433716,0,6,1186,1028,1218,6,7,7
209,2949,22802,2,0.9202004671096802,0.8310228586196899,-0.08917760848999023,0,92,472,1770,710,89,141,147
210,2952,626,5,0.9528633952140808,0.6745831966400146,-0.27828019857406616,0,1,450,1317,495,1,1,1
211,2964,21758,2,0.8500710725784302,0.7292776703834534,-0.1207934021949768,0,528,235,497,242,600,455,408
212,2990,712,10,0.8209788799285889,0.6047457456588745,-0.21623313426971436,0,841,225,1233,226,873,945,949
213,3069,1898,2,0.8524177074432373,0.7230221629142761,-0.12939554452896118,0,1657,178,87,154,1657,1511,1458
214,3088,180,4,0.8027254343032837,0.7667354345321655,-0.035989999771118164,0,1106,1241,1183,1432,1055,1218,1225
215,3099,21101,2,0.8678833246231079,0.8327187299728394,-0.035164594650268555,0,1163,808,581,750,1116,1054,1015
216,3103,5796,2,0.9351199269294739,0.8399907350540161,-0.09512919187545776,0,49,519,1717,655,47,42,42
217,3147,21115,3,0.9712140560150146,0.7307254672050476,-0.24048858880996704,0,165,364,1306,355,161,67,50
218,3164,20069,2,0.891136646270752,0.8806891441345215,-0.010447502136230469,0,1308,1315,979,1297,1152,1248,1254
219,3173,4423,5,0.8980191349983215,0.7234827876091003,-0.1745363473892212,0,939,1061,1291,1206,1094,1195,1201
220,3183,20635,3,0.9325823783874512,0.8014072179794312,-0.13117516040802002,0,206,437,887,468,327,297,268
221,3200,14473,3,0.8622613549232483,0.7432406544685364,-0.11902070045471191,0,411,253,629,234,488,327,304
222,3224,6171,2,0.9727718830108643,0.7666277885437012,-0.20614409446716309,0,3,30,1759,254,3,3,3
223,3230,4205,2,0.9565925598144531,0.8373565077781677,-0.1192360520362854,0,3,444,757,457,3,3,3
224,3250,1145,2,0.9390199780464172,0.8832231760025024,-0.055796802043914795,0,1,680,831,652,1,1,1
225,3274,7367,5,0.9079835414886475,0.7951844334602356,-0.11279910802841187,0,18,1082,266,949,60,29,30
226,3287,21297,2,0.797906756401062,0.8015496134757996,0.003642857074737549,1,1171,1158,1059,1160,1287,1370,1323
227,3289,22998,6,0.8939784169197083,0.7775769829750061,-0.11640143394470215,0,687,1063,841,1104,743,761,792
228,3305,4581,2,0.9536193013191223,0.9109280109405518,-0.04269129037857056,0,100,469,1364,571,79,86,89
229,3370,3382,2,0.9343549013137817,0.7889781594276428,-0.14537674188613892,0,83,406,911,401,80,54,58
230,3394,22217,3,0.8689934015274048,0.8015549182891846,-0.06743848323822021,0,1553,670,11,491,1582,1309,1300
231,3413,8526,3,0.8978064060211182,0.7759078145027161,-0.1218985915184021,0,870,356,535,361,1007,902,893
232,3436,20596,2,0.8539305925369263,0.855273425579071,0.0013428330421447754,1,1424,1292,602,1252,1496,1481,1457
233,3438,13856,3,0.8134124875068665,0.8973069787025452,0.08389449119567871,1,932,1445,151,1288,1208,1039,1037
234,3453,21768,2,0.8145790100097656,0.8411470055580139,0.02656799554824829,1,887,1242,601,1190,990,999,950
235,3459,4431,4,0.9456757307052612,0.7982637882232666,-0.14741194248199463,0,547,602,996,614,453,446,449
236,3464,6797,2,0.8696931004524231,0.880937397480011,0.01124429702758789,1,1256,1128,519,1000,1087,957,940
237,3472,7196,4,0.9359041452407837,0.8237121105194092,-0.11219203472137451,0,93,811,935,845,97,53,53
238,3473,20837,2,0.9047264456748962,0.8864642381668091,-0.018262207508087158,0,342,1330,1595,1444,308,435,427
239,3486,2466,2,0.7897343635559082,0.8482607007026672,0.05852633714675903,1,1016,1686,570,1674,1104,1065,1046
240,3489,11179,3,0.9606314301490784,0.8165759444236755,-0.14405548572540283,0,471,565,1407,655,434,469,507
241,3496,201,5,0.8203973770141602,0.6636829376220703,-0.15671443939208984,0,276,1322,1637,1604,419,550,540
242,3498,17014,2,0.843056321144104,0.8438425660133362,0.0007862448692321777,1,1129,1084,1053,1101,1225,1299,1295
243,3503,17476,3,0.7597529292106628,0.6823835372924805,-0.07736939191818237,0,1039,1008,1780,1642,1113,1608,1630
244,3506,14490,3,0.9327320456504822,0.8675618767738342,-0.06517016887664795,0,141,919,1629,1059,111,130,144
245,3507,21391,10,0.8897504210472107,0.7512694001197815,-0.1384810209274292,0,1504,1218,479,1155,1496,1429,1414
246,3556,5459,1,0.8885176181793213,0.8613895177841187,-0.027128100395202637,0,39,541,964,579,77,51,58
247,3569,203,6,0.7762066721916199,0.6456174254417419,-0.13058924674987793,0,1016,254,1156,291,937,1011,1047
248,3576,953,3,0.9133540987968445,0.8921636343002319,-0.02119046449661255,0,164,1452,1130,1432,159,147,132
249,3597,4066,2,0.8837079405784607,0.8646146059036255,-0.019093334674835205,0,927,1352,1319,1384,815,1001,994
250,3614,20924,2,0.9512953758239746,0.8700532913208008,-0.08124208450317383,0,2,541,1628,646,1,1,1
251,3661,22590,4,0.9478501677513123,0.698492705821991,-0.2493574619293213,0,286,261,1347,243,254,247,254
252,3664,10666,2,0.9223713278770447,0.8011347055435181,-0.12123662233352661,0,1420,514,499,493,1383,1367,1287
253,3666,22821,2,0.8807699084281921,0.8392273187637329,-0.04154258966445923,0,118,952,1629,1089,149,215,298
254,3680,213,2,0.7714709043502808,0.7669280767440796,-0.004542827606201172,0,1351,1495,1688,1585,1282,1452,1459
255,3696,6927,2,0.7896131277084351,0.8032395839691162,0.013626456260681152,1,724,1106,793,1134,786,772,825
256,3712,21442,4,0.8915414214134216,0.7731832265853882,-0.11835819482803345,0,200,758,1250,851,221,221,309
257,3751,20283,3,0.9491655230522156,0.8438723087310791,-0.10529321432113647,0,117,394,1480,502,129,127,135
258,3752,1660,10,0.9309089183807373,0.7264617085456848,-0.2044472098350525,0,84,664,946,685,89,91,112
259,3758,4408,4,0.8662279844284058,0.8232368230819702,-0.04299116134643555,0,1740,873,86,719,1721,1693,1693
260,3785,4593,4,0.9920105338096619,0.6589323878288269,-0.33307814598083496,0,164,176,1598,182,152,148,155
261,3803,11897,3,0.9746770262718201,0.8990964293479919,-0.07558059692382812,0,1,816,1317,864,1,1,1
262,3812,20298,10,0.8748654723167419,0.6705726385116577,-0.20429283380508423,0,374,547,647,517,316,235,211
263,3817,16990,2,0.9728481769561768,0.7065874934196472,-0.26626068353652954,0,5,248,1578,256,3,4,4
264,3836,3466,2,0.8189640045166016,0.8485787510871887,0.029614746570587158,1,1014,1588,1532,1628,984,1265,1305
265,3838,8505,3,0.8989496231079102,0.7706825137138367,-0.1282671093940735,0,923,369,389,364,1004,823,733
266,3870,6110,2,0.8778636455535889,0.8276447057723999,-0.050218939781188965,0,1489,831,303,768,1512,1471,1453
267,3877,226,2,0.910176157951355,0.7814105749130249,-0.12876558303833008,0,1149,339,341,334,1405,1304,1350
268,3890,21147,6,0.9612822532653809,0.8512623310089111,-0.11001992225646973,0,56,965,384,895,48,38,36
269,3899,8178,2,0.8872933983802795,0.8501749038696289,-0.037118494510650635,0,974,896,1237,938,870,1094,1124
270,3906,3144,3,0.9047109484672546,0.7216978073120117,-0.18301314115524292,0,1720,316,121,170,1702,1684,1686
271,3908,15848,10,0.947903037071228,0.5921297073364258,-0.35577332973480225,0,274,102,1112,65,247,249,240
272,3919,12220,2,0.8954446911811829,0.8594947457313538,-0.0359499454498291,0,288,1301,1540,1388,210,382,442
273,3921,6764,2,0.9522315859794617,0.8898707628250122,-0.06236082315444946,0,209,304,1320,441,192,186,239
274,3930,21884,2,0.8506566882133484,0.8988041877746582,0.048147499561309814,1,269,1325,1274,1392,218,229,214
275,3934,234,3,0.8502033948898315,0.8412594199180603,-0.00894397497177124,0,623,1655,1544,1668,545,733,807
276,3982,3998,1,0.8292171955108643,0.7966370582580566,-0.03258013725280762,0,575,841,657,828,609,566,567
277,3993,4446,3,0.8468549847602844,0.8721783757209778,0.02532339096069336,1,1734,1638,860,1642,1725,1743,1740
278,3998,7799,4,0.9243791103363037,0.8588904142379761,-0.06548869609832764,0,1087,1043,734,1027,940,937,945
279,4023,9027,5,0.8950119614601135,0.6050636768341064,-0.2899482846260071,0,1572,100,1372,131,1593,1656,1670
280,4067,7003,4,0.8259840607643127,0.8259336352348328,-5.042552947998047e-05,0,1763,1465,84,1179,1768,1768,1766
281,4069,6685,8,0.9034647941589355,0.7063100337982178,-0.19715476036071777,0,20,776,1529,914,17,20,21
282,4071,1333,3,0.9211043119430542,0.8518331050872803,-0.06927120685577393,0,317,758,786,753,312,256,240
283,4094,4683,3,0.8145087957382202,0.8064290881156921,-0.008079707622528076,0,668,1662,1734,1737,616,1056,1006
284,4120,23012,3,0.9329529404640198,0.8758505582809448,-0.05710238218307495,0,803,974,900,921,776,756,756
285,4149,763,7,0.858111560344696,0.7264081239700317,-0.1317034363746643,0,698,1543,962,1576,658,711,734
286,4206,4768,3,0.9420296549797058,0.7339280843734741,-0.2081015706062317,0,66,370,1377,378,64,42,41
287,4209,6059,3,0.8873324990272522,0.8977140784263611,0.010381579399108887,1,416,1393,1107,1442,363,311,320
288,4233,8048,2,0.9417735934257507,0.8893272280693054,-0.05244636535644531,0,42,838,1517,933,39,43,44
289,4241,22956,10,0.8716773986816406,0.8306061625480652,-0.04107123613357544,0,348,1628,113,1463,363,135,87
290,4262,15633,2,0.9583528637886047,0.8835620880126953,-0.07479077577590942,0,201,807,1042,825,128,120,122
291,4267,16835,10,0.8757331371307373,0.5438297390937805,-0.3319033980369568,0,706,63,1687,93,762,1089,1135
292,4300,13718,2,0.8613408803939819,0.8580458760261536,-0.003295004367828369,0,627,900,530,816,617,484,466
293,4319,4539,6,0.9509575366973877,0.6132760643959045,-0.33768147230148315,0,36,189,1688,250,39,46,53
294,4357,23030,7,0.8990195393562317,0.7708724141120911,-0.12814712524414062,0,1592,1094,312,977,1641,1611,1600
295,4444,3931,2,0.963446855545044,0.72572261095047,-0.23772424459457397,0,267,230,1039,147,227,151,163
296,4456,20989,2,0.8995894193649292,0.8320469856262207,-0.0675424337387085,0,809,916,1520,1069,672,823,895
297,4477,2357,3,0.9491492509841919,0.7217363715171814,-0.2274128794670105,0,114,299,1581,334,104,116,115
298,4481,12440,3,0.9533668160438538,0.7968066930770874,-0.15656012296676636,0,1,385,1776,616,3,3,2
299,4504,16633,2,0.9574524164199829,0.6526309251785278,-0.3048214912414551,0,87,50,1729,53,87,124,127
300,4507,5202,3,0.8549054861068726,0.7275111079216003,-0.12739437818527222,0,767,222,1144,292,827,919,873
301,4517,14699,2,0.8848756551742554,0.7749538421630859,-0.10992181301116943,0,1308,661,1064,688,1289,1391,1370
302,4547,22252,4,0.7473896741867065,0.8430813550949097,0.09569168090820312,1,1655,1775,1089,1743,1639,1661,1643
303,4596,6565,2,0.9152445793151855,0.7234680652618408,-0.19177651405334473,0,1524,307,522,178,1561,1505,1515
304,4600,20077,2,0.8920658826828003,0.8706361651420593,-0.021429717540740967,0,778,814,580,735,883,785,773
305,4610,19155,2,0.8942580819129944,0.7347823977470398,-0.1594756841659546,0,489,219,328,196,473,347,338
306,4613,10817,2,0.8248352408409119,0.6800625324249268,-0.1447727084159851,0,426,24,309,31,434,290,291
307,4621,268,2,0.9391139149665833,0.8099374175071716,-0.12917649745941162,0,12,662,1779,1066,11,26,29
308,4657,11134,10,0.8474705815315247,0.6917632818222046,-0.15570729970932007,0,1553,1255,1298,1465,1594,1633,1638
309,4676,12048,3,0.9579975008964539,0.6788597106933594,-0.2791377902030945,0,392,125,1709,164,499,809,886
310,4715,17142,2,0.925616443157196,0.8556631803512573,-0.06995326280593872,0,176,943,1642,1111,144,202,201
311,4736,12607,2,0.9481493234634399,0.8819411993026733,-0.0662081241607666,0,182,567,639,538,149,91,91
312,4744,19352,2,0.8432353734970093,0.7527346611022949,-0.09050071239471436,0,858,118,406,165,804,656,680
313,4748,284,2,0.8227551579475403,0.8664387464523315,0.04368358850479126,1,745,1614,262,1486,799,654,670
314,4767,17085,3,0.9158297777175903,0.8442820310592651,-0.0715477466583252,0,276,799,1352,859,313,323,358
315,4823,11171,2,0.950524091720581,0.8293840289115906,-0.12114006280899048,0,1,448,1634,565,1,1,1
316,4835,1504,3,0.9836552739143372,0.6846331357955933,-0.2990221381187439,0,1,156,1377,97,1,1,1
317,4839,11420,2,0.8038302659988403,0.7999190092086792,-0.003911256790161133,0,1297,1397,1560,1453,1293,1398,1379
318,4849,21342,2,0.8760800957679749,0.7638987302780151,-0.11218136548995972,0,291,265,644,312,359,240,238
319,4851,22952,2,0.9703701138496399,0.88079833984375,-0.08957177400588989,0,2,662,530,642,2,2,3
320,4860,16808,5,0.8995518684387207,0.8245657086372375,-0.07498615980148315,0,864,1520,152,1306,814,537,465
321,4868,20919,2,0.9574590921401978,0.8104344010353088,-0.14702469110488892,0,138,504,1177,492,75,54,48
322,4876,570,1,0.825094997882843,0.8477869033813477,0.02269190549850464,1,1562,1016,1555,1132,1478,1570,1573
323,4879,19687,1,0.9100959300994873,0.8783110976219177,-0.03178483247756958,0,415,725,1411,803,283,329,351
324,4880,297,3,0.794853925704956,0.8006625175476074,0.005808591842651367,1,876,1329,1475,1466,843,1036,1130
325,4930,20891,4,0.9403519630432129,0.8741732835769653,-0.06617867946624756,0,484,1463,1629,1626,538,759,779
326,4952,305,2,0.9193087816238403,0.8571901321411133,-0.06211864948272705,0,106,817,965,827,84,72,85
327,4956,22425,3,0.9328911900520325,0.8763980269432068,-0.056493163108825684,0,359,1059,1413,1133,298,309,329
328,4965,15856,2,0.8916825652122498,0.8214858770370483,-0.07019668817520142,0,793,821,1644,1094,805,1134,1178
329,4972,12212,2,0.9034698605537415,0.8404027819633484,-0.06306707859039307,0,206,550,1579,637,203,270,315
330,4987,23014,6,0.951047420501709,0.6115158200263977,-0.3395316004753113,0,116,360,1700,414,173,233,267
331,4990,4491,2,0.912063717842102,0.9007090926170349,-0.011354625225067139,0,340,1032,772,1015,384,295,262
332,5011,1040,4,0.8514060974121094,0.7468065619468689,-0.10459953546524048,0,1,813,1708,1098,2,2,2
333,5022,16616,1,0.8352630734443665,0.8285799622535706,-0.0066831111907958984,0,1328,861,468,807,1416,1412,1372
334,5037,22686,1,0.8432100415229797,0.876410186290741,0.03320014476776123,1,1463,1394,62,1106,1528,1401,1367
335,5041,18786,2,0.9558696746826172,0.8208205699920654,-0.13504910469055176,0,2,440,1263,501,2,2,2
336,5048,5287,2,0.9121314287185669,0.8914640545845032,-0.02066737413406372,0,116,1248,1193,1236,82,78,91
337,5058,23029,5,0.8751697540283203,0.7721795439720154,-0.10299021005630493,0,293,1751,1156,1767,285,291,284
338,5090,314,2,0.9059194922447205,0.8572537899017334,-0.04866570234298706,0,1160,884,996,846,1022,1050,1065
339,5094,5262,2,0.8717771172523499,0.861392080783844,-0.01038503646850586,0,1063,1445,870,1372,967,989,962
340,5107,16607,2,0.9782130122184753,0.676224946975708,-0.30198806524276733,0,357,113,1501,89,321,321,320
341,5125,2953,2,0.9101449847221375,0.912935197353363,0.002790212631225586,1,1151,1621,1111,1619,1326,1411,1431
342,5166,2022,5,0.948078989982605,0.7280873656272888,-0.21999162435531616,0,68,530,919,549,48,27,20
343,5171,4539,4,0.9314005970954895,0.6893941760063171,-0.24200642108917236,0,95,134,1638,210,104,178,183
344,5172,10659,1,0.757672131061554,0.7983866930007935,0.0407145619392395,1,947,1771,1775,1780,1111,1480,1462
345,5180,12734,3,0.914088785648346,0.6804841756820679,-0.23360460996627808,0,254,158,1135,92,269,211,206
346,5195,16859,4,0.9876943826675415,0.6509899497032166,-0.33670443296432495,0,113,211,1487,177,113,89,89
347,5269,14214,3,0.8372492790222168,0.6854009032249451,-0.15184837579727173,0,992,150,586,196,1044,1009,978
348,5270,23032,2,0.8644378185272217,0.8571581840515137,-0.007279634475708008,0,584,1071,38,905,618,482,478
349,5273,3929,7,0.8793250322341919,0.7624615430831909,-0.11686348915100098,0,1564,1317,451,1204,1480,1396,1393
350,5288,4533,4,0.9669961929321289,0.7221736907958984,-0.24482250213623047,0,190,362,1500,392,158,136,137
351,5289,9866,2,0.949644148349762,0.7706437110900879,-0.17900043725967407,0,528,471,1322,488,467,478,491
352,5298,21263,2,0.8501989841461182,0.7615251541137695,-0.08867383003234863,0,594,610,847,576,468,417,409
353,5306,11733,6,0.9398595094680786,0.5962254405021667,-0.34363406896591187,0,348,164,1520,145,326,365,378
354,5335,15193,3,0.9103488326072693,0.8383458256721497,-0.07200300693511963,0,1371,699,495,687,1200,1097,1161
355,5341,18920,2,0.8547886610031128,0.8805405497550964,0.025751888751983643,1,107,1436,1485,1510,97,116,102
356,5347,22908,3,0.8626737594604492,0.852423369884491,-0.010250389575958252,0,1350,1076,714,1083,1328,1314,1292
357,5348,17019,5,0.890851616859436,0.7627135515213013,-0.12813806533813477,0,1372,1429,871,1409,1303,1317,1332
358,5391,2046,3,0.7463464736938477,0.7825378179550171,0.036191344261169434,1,1312,1708,1711,1761,1359,1609,1624
359,5429,18642,1,0.8460628986358643,0.7674165964126587,-0.07864630222320557,0,618,454,210,399,534,397,381
360,5431,21415,2,0.9687932729721069,0.8945333957672119,-0.07425987720489502,0,11,739,1410,813,9,9,10
361,5433,21350,3,0.8985126614570618,0.6956543326377869,-0.2028583288192749,0,151,44,1066,86,128,131,139
362,5447,21121,4,0.8527809977531433,0.8468612432479858,-0.005919754505157471,0,260,1750,1108,1758,311,293,297
363,5453,21942,10,0.9319792985916138,0.6129947900772095,-0.3189845085144043,0,11,217,1332,194,9,10,12
364,5488,349,2,0.8202118873596191,0.8433941006660461,0.023182213306427002,1,712,1279,570,1277,702,663,669
365,5496,5485,3,0.8893792033195496,0.6887768507003784,-0.20060235261917114,0,1249,93,709,105,1186,1160,1188
366,5501,22928,2,0.7785306572914124,0.7108240127563477,-0.0677066445350647,0,1111,388,422,380,1206,1044,964
367,5533,23029,4,0.9434545636177063,0.8946995735168457,-0.048754990100860596,0,215,1499,807,1386,177,129,118
368,5558,357,2,0.9404160380363464,0.8190415501594543,-0.12137448787689209,0,391,534,643,520,360,300,309
369,5563,23003,2,0.9072022438049316,0.8822742700576782,-0.024927973747253418,0,648,1430,1588,1508,685,911,944
370,5569,359,2,0.7585397958755493,0.7554568648338318,-0.0030829310417175293,0,802,177,338,126,771,592,596
371,5572,831,2,0.9156665205955505,0.8955007195472717,-0.02016580104827881,0,25,1105,1196,1108,31,24,21
372,5587,7310,2,0.8395776748657227,0.8416936993598938,0.0021160244941711426,1,435,873,351,770,356,259,267
373,5591,12831,2,0.7374597191810608,0.8488572835922241,0.11139756441116333,1,596,1743,147,1731,559,421,404
374,5632,1570,2,0.8145319819450378,0.7771888375282288,-0.03734314441680908,0,1446,1195,1119,1329,1474,1533,1546
375,5636,11158,2,0.898395836353302,0.8516470789909363,-0.04674875736236572,0,1146,1015,1292,1045,1357,1438,1463
376,5638,15975,4,0.919522762298584,0.877336323261261,-0.042186439037323,0,543,1440,1270,1511,508,566,628
377,5644,3381,3,0.9599639773368835,0.8362421989440918,-0.12372177839279175,0,747,597,540,595,682,494,495
378,5659,4885,3,0.8850374817848206,0.8429457545280457,-0.0420917272567749,0,983,1043,1412,1142,892,966,991
379,5680,5491,7,0.8941060304641724,0.7743546962738037,-0.11975133419036865,0,1,1281,671,1247,1,1,1
380,5682,11701,3,0.9897643327713013,0.644831657409668,-0.3449326753616333,0,173,174,1595,171,170,169,160
381,5690,23023,2,0.9403637647628784,0.8632757067680359,-0.07708805799484253,0,6,969,1137,1122,5,5,5
382,5691,367,2,0.900661051273346,0.872576117515564,-0.028084933757781982,0,5,928,1385,986,4,5,5
383,5694,11047,2,0.8682865500450134,0.8412604928016663,-0.027026057243347168,0,1179,1144,178,991,1182,1035,1058
384,5725,826,5,0.9483853578567505,0.7981601357460022,-0.1502252221107483,0,258,761,286,664,227,121,113
385,5751,17113,4,0.836449146270752,0.8454200029373169,0.008970856666564941,1,1736,1579,76,1297,1733,1724,1720
386,5770,17519,6,0.9194486737251282,0.7418516874313354,-0.17759698629379272,0,1489,524,226,473,1484,1361,1323
387,5773,373,3,0.8674778342247009,0.7708426117897034,-0.09663522243499756,0,1014,789,1514,961,951,1139,1139
388,5804,19030,2,0.9209645986557007,0.8760315775871277,-0.044933021068573,0,79,1179,1589,1292,48,72,70
389,5820,15861,2,0.8936595916748047,0.7915216088294983,-0.1021379828453064,0,580,590,964,625,883,901,959
390,5831,4767,3,0.8279843926429749,0.8305624127388,0.0025780200958251953,1,939,1394,1361,1579,996,1237,1219
391,5843,3163,2,0.8990229368209839,0.8619426488876343,-0.03708028793334961,0,904,928,100,794,1197,923,877
392,5871,22809,5,0.938348650932312,0.7315973043441772,-0.20675134658813477,0,5,513,364,457,8,7,7
393,5879,10160,2,0.9315694570541382,0.7150911092758179,-0.2164783477783203,0,468,365,1469,400,548,709,686
394,5892,19034,3,0.8520350456237793,0.836091160774231,-0.01594388484954834,0,194,1242,1565,1471,228,297,277
395,5957,2003,2,0.8601428270339966,0.8327762484550476,-0.027366578578948975,0,396,526,643,529,354,265,243
396,5973,16592,2,0.9428361654281616,0.7904695868492126,-0.15236657857894897,0,475,428,884,397,459,430,417
397,6000,1247,2,0.9178171157836914,0.8491522073745728,-0.06866490840911865,0,543,959,1379,1046,378,495,528
398,6033,14418,3,0.9622507691383362,0.8632694482803345,-0.09898132085800171,0,1,590,1483,655,1,1,1
399,6068,456,3,0.7691612243652344,0.8310243487358093,0.06186312437057495,1,1601,1711,1239,1747,1639,1697,1712
400,6096,22704,2,0.872236430644989,0.8532317280769348,-0.0190047025680542,0,1210,1290,1604,1442,909,1218,1213
401,6100,23014,4,0.9334405064582825,0.7063073515892029,-0.2271331548690796,0,102,111,1732,290,117,177,193
402,6171,19227,2,0.9389808773994446,0.710475504398346,-0.22850537300109863,0,665,290,1151,243,593,686,727
403,6177,396,2,0.9787170886993408,0.6116571426391602,-0.36705994606018066,0,2,7,1749,9,2,2,2
404,6196,22533,2,0.8415162563323975,0.8701621890068054,0.02864593267440796,1,1382,1487,144,1323,1400,1257,1203
405,6252,21452,7,0.939670205116272,0.5938526391983032,-0.34581756591796875,0,365,181,1451,193,386,476,522
406,6259,5815,1,0.8321646451950073,0.771346926689148,-0.060817718505859375,0,1732,599,85,493,1745,1733,1732
407,6280,8586,4,0.9383246302604675,0.8694401383399963,-0.06888449192047119,0,624,843,190,724,647,427,402
408,6283,21396,2,0.8324787616729736,0.8143150806427002,-0.018163681030273438,0,216,1282,1397,1296,186,248,248
409,6284,22217,5,0.9409831166267395,0.7379326820373535,-0.203050434589386,0,126,303,61,112,136,82,82
410,6289,2370,2,0.9036186933517456,0.8929040431976318,-0.01071465015411377,0,577,1349,824,1266,521,486,504
411,6312,11927,2,0.8432626128196716,0.8937063813209534,0.05044376850128174,1,1268,1705,1049,1665,1303,1351,1349
412,6314,22299,2,0.9156761169433594,0.8981294631958008,-0.017546653747558594,0,639,1138,722,1046,663,627,604
413,6360,20273,5,0.9495694041252136,0.7537651658058167,-0.19580423831939697,0,51,638,604,630,68,58,56
414,6369,1274,9,0.7714728713035583,0.6548528075218201,-0.11662006378173828,0,1407,1628,1220,1722,1357,1492,1526
415,6404,5377,2,0.8736774921417236,0.7992097735404968,-0.0744677186012268,0,116,777,1769,1007,122,239,329
416,6405,6219,6,0.8353567123413086,0.8215264081954956,-0.013830304145812988,0,1659,1745,262,1705,1673,1665,1653
417,6407,3151,2,0.8500300049781799,0.8245975971221924,-0.02543240785598755,0,604,1026,880,996,441,479,501
418,6440,4196,2,0.881736159324646,0.8794624209403992,-0.002273738384246826,0,69,1639,1535,1667,73,85,84
419,6494,21436,2,0.8630600571632385,0.7595444917678833,-0.10351556539535522,0,623,69,111,65,796,535,523
420,6509,14084,5,0.9098624587059021,0.808471143245697,-0.10139131546020508,0,575,1549,498,1475,635,518,510
421,6539,16804,3,0.8434114456176758,0.7385735511779785,-0.10483789443969727,0,744,178,495,202,762,635,580
422,6554,8775,2,0.8343931436538696,0.8761780261993408,0.04178488254547119,1,1089,1589,263,1444,998,874,840
423,6595,21277,2,0.9118658304214478,0.8738705515861511,-0.03799527883529663,0,347,1285,1748,1539,175,432,533
424,6596,22347,5,0.9210805296897888,0.5608181357383728,-0.360262393951416,0,373,91,1744,177,326,607,710
425,6619,22961,2,0.9100136756896973,0.8771814107894897,-0.03283226490020752,0,70,1550,1731,1657,79,126,158
426,6623,22657,2,0.8738762140274048,0.8951568007469177,0.02128058671951294,1,589,1605,1164,1538,572,600,645
427,6631,1408,3,0.8749510049819946,0.8958168625831604,0.02086585760116577,1,1756,1483,471,1303,1760,1762,1761
428,6666,21757,3,0.8673387765884399,0.7132941484451294,-0.15404462814331055,0,1165,95,115,57,1110,772,741
429,6669,4536,2,0.9111635684967041,0.8145604133605957,-0.0966031551361084,0,129,522,1153,551,128,114,121
430,6686,23031,4,0.9273479580879211,0.7824551463127136,-0.14489281177520752,0,518,580,1214,648,534,573,581
431,6696,18186,2,0.8844583034515381,0.8287954926490784,-0.05566281080245972,0,1321,880,253,783,1134,943,1033
432,6697,21691,4,0.8936941027641296,0.7136696577072144,-0.18002444505691528,0,1038,239,1054,252,1038,1107,1080
433,6706,670,2,0.8770838975906372,0.7479079961776733,-0.12917590141296387,0,961,427,802,423,725,702,724
434,6717,4566,7,0.9671998023986816,0.7076486349105835,-0.25955116748809814,0,696,693,1648,878,565,872,951
435,6729,21141,4,0.8993113040924072,0.7881042957305908,-0.1112070083618164,0,819,687,1019,696,721,796,830
436,6730,22000,2,0.9302767515182495,0.6854631304740906,-0.24481362104415894,0,186,245,1545,243,242,261,242
437,6739,22987,8,0.9086858034133911,0.7066674828529358,-0.20201832056045532,0,905,1158,1538,1347,892,1121,1152
438,6742,966,2,0.9765937328338623,0.681270956993103,-0.2953227758407593,0,60,144,1677,178,58,82,91
439,6750,451,2,0.932901918888092,0.8304478526115417,-0.10245406627655029,0,109,730,1669,877,120,184,181
440,6760,12823,3,0.9730498194694519,0.8045650124549866,-0.16848480701446533,0,81,418,1690,529,67,86,94
441,6762,15814,5,0.9012410044670105,0.7908143997192383,-0.11042660474777222,0,1015,1327,481,1267,962,860,818
442,6766,4196,3,0.872677206993103,0.8890565037727356,0.01637929677963257,1,1060,1524,782,1396,1190,1143,1089
443,6768,16613,2,0.8811909556388855,0.8773308992385864,-0.0038600564002990723,0,1032,1275,48,962,1065,679,646
444,6770,22970,3,0.854783296585083,0.8637034296989441,0.008920133113861084,1,539,1395,1179,1426,504,548,521
445,6787,21758,5,0.9402723908424377,0.6014246344566345,-0.3388477563858032,0,175,218,1503,214,173,182,185
446,6804,21003,2,0.9651057124137878,0.6799535751342773,-0.2851521372795105,0,1,90,1672,109,1,1,1
447,6820,458,3,0.8429312705993652,0.7453908324241638,-0.09754043817520142,0,1304,629,515,603,1214,1156,1124
448,6838,22928,6,0.7590667605400085,0.6079861521720886,-0.15108060836791992,0,1162,135,1625,195,1075,1371,1415
449,6859,9462,2,0.8806213736534119,0.860477089881897,-0.020144283771514893,0,110,592,985,595,159,168,189
450,6874,18842,5,0.9635761976242065,0.7251644134521484,-0.2384117841720581,0,536,434,158,327,449,178,174
451,6878,1894,4,0.8342427611351013,0.8620705604553223,0.027827799320220947,1,867,1707,612,1622,638,544,477
452,6946,861,4,0.888207733631134,0.7744230628013611,-0.11378467082977295,0,1176,662,1067,675,1150,1233,1267
453,6951,22861,2,0.8751522898674011,0.7402962446212769,-0.13485604524612427,0,361,557,1331,595,381,371,362
454,6967,20687,2,0.8005064725875854,0.8045563697814941,0.004049897193908691,1,1764,1691,1515,1696,1762,1770,1769
455,6979,8252,5,0.9467954635620117,0.7743657827377319,-0.17242968082427979,0,718,749,572,741,589,477,452
456,6990,23020,3,0.9055692553520203,0.8709977865219116,-0.03457146883010864,0,1593,1137,837,1093,1572,1593,1592
457,7025,14372,4,0.9308552145957947,0.7375236749649048,-0.1933315396308899,0,1519,130,230,89,1555,1458,1497
458,7042,23027,4,0.8905255794525146,0.7329734563827515,-0.15755212306976318,0,1713,435,116,302,1701,1683,1696
459,7043,22961,2,0.8434581756591797,0.8764062523841858,0.032948076725006104,1,887,1741,1365,1761,976,1097,1051
460,7047,2760,3,0.8605883717536926,0.8474876284599304,-0.013100743293762207,0,1417,1218,413,1045,1459,1318,1315
461,7062,3315,3,0.9458244442939758,0.8256437182426453,-0.12018072605133057,0,131,473,1462,519,126,115,112
462,7064,14238,2,0.9168946146965027,0.7741637229919434,-0.14273089170455933,0,1304,487,1445,538,1329,1495,1510
463,7092,13580,5,0.9611194133758545,0.7476310729980469,-0.21348834037780762,0,11,576,845,590,9,8,8
464,7093,3163,2,0.8229190707206726,0.8662682771682739,0.04334920644760132,1,1521,1536,167,1264,1620,1541,1526
465,7094,483,2,0.8854594826698303,0.8091499209403992,-0.07630956172943115,0,1124,851,1539,1058,1234,1366,1383
466,7095,4507,3,0.9510568976402283,0.6335106492042542,-0.3175462484359741,0,1,84,1737,124,1,1,1
467,7109,22682,8,0.9240726828575134,0.5905745625495911,-0.33349812030792236,0,63,229,1510,287,56,75,82
468,7110,21344,2,0.8460022807121277,0.7545095086097717,-0.09149277210235596,0,1390,592,686,588,1355,1355,1320
469,7120,22892,7,0.8762449622154236,0.7453852891921997,-0.13085967302322388,0,1531,1298,923,1340,1560,1551,1562
470,7139,486,2,0.8109254837036133,0.8131397366523743,0.0022142529487609863,1,597,1244,1035,1216,422,509,560
471,7150,20658,2,0.8942521214485168,0.8233814239501953,-0.07087069749832153,0,669,634,660,622,769,683,631
472,7151,9694,2,0.9270280003547668,0.7844866514205933,-0.14254134893417358,0,19,56,1714,234,19,27,27
473,7153,21966,3,0.8382840752601624,0.8367801904678345,-0.0015038847923278809,0,781,1484,1675,1589,763,1055,1046
474,7166,17941,2,0.91111159324646,0.7380257248878479,-0.17308586835861206,0,82,438,1329,460,107,39,37
475,7173,17099,4,0.9448121190071106,0.7506113052368164,-0.1942008137702942,0,256,443,1373,501,259,300,295
476,7176,5108,2,0.8722238540649414,0.8551343679428101,-0.017089486122131348,0,1633,903,688,848,1662,1646,1641
477,7185,16344,9,0.9206007122993469,0.6201471090316772,-0.3004536032676697,0,417,733,1522,945,444,520,587
478,7187,22961,3,0.8042195439338684,0.8703612685203552,0.06614172458648682,1,1124,1742,1753,1765,1108,1364,1403
479,7192,23025,4,0.8036534786224365,0.8617558479309082,0.05810236930847168,1,1594,1494,440,1419,1521,1495,1479
480,7214,622,3,0.9465608596801758,0.8670141100883484,-0.07954674959182739,0,663,716,424,664,706,548,550
481,7250,22442,2,0.8166866302490234,0.8100806474685669,-0.006605982780456543,0,1648,1386,772,1324,1601,1599,1603
482,7260,22975,3,0.9476162195205688,0.8618037104606628,-0.085812509059906,0,100,605,1210,619,108,69,72
483,7261,10331,2,0.8129833936691284,0.7846171855926514,-0.02836620807647705,0,637,642,421,593,667,499,471
484,7262,17216,2,0.9234908819198608,0.8427562117576599,-0.08073467016220093,0,590,786,1236,887,546,563,561
485,7263,19389,8,0.9219659566879272,0.5672821402549744,-0.3546838164329529,0,191,9,688,5,212,154,154
486,7264,497,2,0.8241786360740662,0.8421260714530945,0.01794743537902832,1,1032,1718,1740,1772,995,1371,1367
487,7271,17645,5,0.8780141472816467,0.7773154377937317,-0.10069870948791504,0,929,1213,403,1128,970,855,823
488,7276,4557,3,0.8898415565490723,0.9056965708732605,0.015855014324188232,1,1350,1033,366,931,1437,1297,1303
489,7303,22984,4,0.8685048818588257,0.884461522102356,0.015956640243530273,1,840,1740,166,1688,946,673,612
490,7309,22112,3,0.9533857703208923,0.872579038143158,-0.08080673217773438,0,166,1013,1587,1140,109,142,144
491,7311,13257,3,0.8525078892707825,0.8519934415817261,-0.0005144476890563965,0,1699,1629,617,1490,1693,1691,1683
492,7312,12174,2,0.9386475086212158,0.7097412943840027,-0.22890621423721313,0,264,292,1702,331,239,327,331
493,7313,501,2,0.8002718091011047,0.8728084564208984,0.0725366473197937,1,1491,1544,682,1485,1343,1341,1340
494,7318,21593,4,0.7324406504631042,0.7756065130233765,0.04316586256027222,1,703,1776,1563,1777,937,1193,1210
495,7352,5297,3,0.8263598084449768,0.7876986861228943,-0.03866112232208252,0,704,1488,1717,1592,592,916,921
496,7356,7203,4,0.8940314650535583,0.7688887715339661,-0.12514269351959229,0,1773,536,79,456,1768,1765,1762
497,7364,18630,2,0.8983938694000244,0.8844309449195862,-0.013962924480438232,0,466,1573,1596,1687,438,541,542
498,7432,20547,6,0.9234970808029175,0.7716367840766907,-0.1518602967262268,0,783,985,1135,1107,795,918,959
499,7453,18770,2,0.926091730594635,0.8531830906867981,-0.07290863990783691,0,820,639,1388,689,736,893,884
500,7517,15006,2,0.9887427091598511,0.6081446409225464,-0.3805980682373047,0,1,18,1773,34,1,2,2
501,7524,19608,2,0.9635947942733765,0.6450058221817017,-0.3185889720916748,0,285,38,1699,42,268,328,347
502,7541,5986,2,0.8451905250549316,0.7575163245201111,-0.08767420053482056,0,1408,292,336,276,1420,1338,1334
503,7557,22237,3,0.9016652703285217,0.8639206290245056,-0.03774464130401611,0,1226,852,88,714,1155,863,799
504,7576,21893,3,0.8923951387405396,0.8648502230644226,-0.027544915676116943,0,1346,1096,1371,1212,1318,1431,1452
505,7601,19460,2,0.8698911666870117,0.7693080306053162,-0.10058313608169556,0,1152,327,442,336,1046,922,894
506,7609,20393,2,0.8822391033172607,0.8453822731971741,-0.03685683012008667,0,1001,1100,551,989,956,858,801
507,7628,6261,3,0.9132830500602722,0.809478759765625,-0.10380429029464722,0,221,750,1657,903,223,471,492
508,7638,22925,3,0.9041338562965393,0.8561832904815674,-0.047950565814971924,0,664,939,654,929,626,567,533
509,7651,20792,3,0.8615018725395203,0.8635421991348267,0.0020403265953063965,1,276,1665,1478,1705,269,365,308
510,7657,13314,3,0.9254481196403503,0.8783736824989319,-0.04707443714141846,0,831,1054,734,961,991,972,968
511,7673,525,2,0.8465006351470947,0.8539561033248901,0.00745546817779541,1,1643,934,110,817,1703,1683,1685
512,7681,11990,2,0.8287398815155029,0.8846709728240967,0.05593109130859375,1,1438,1610,490,1512,1373,1336,1291
513,7682,10884,3,0.8320086598396301,0.7932078838348389,-0.03880077600479126,0,684,1196,1534,1283,806,1068,1144
514,7701,4599,2,0.9400063753128052,0.718789279460907,-0.2212170958518982,0,31,218,227,101,37,12,11
515,7702,19110,10,0.9382621645927429,0.5892429947853088,-0.3490191698074341,0,28,111,1322,100,29,32,32
516,7707,17029,3,0.8407390713691711,0.7247189879417419,-0.1160200834274292,0,942,89,345,90,923,765,690
517,7717,531,3,0.9628690481185913,0.7458158731460571,-0.21705317497253418,0,121,406,1390,438,126,80,91
518,7719,9220,5,0.7797252535820007,0.6389310956001282,-0.14079415798187256,0,1547,1507,1656,1734,1494,1680,1703
519,7765,536,5,0.9304855465888977,0.6888261437416077,-0.24165940284729004,0,97,606,1263,698,128,80,86
520,7813,13800,2,0.8129900097846985,0.8546280860900879,0.041638076305389404,1,461,1737,1525,1732,444,631,583
521,7816,922,1,0.9608252048492432,0.8346415758132935,-0.1261836290359497,0,3,81,1158,140,3,2,2
522,7850,2246,3,0.9393543601036072,0.8383914828300476,-0.10096287727355957,0,124,636,888,673,128,128,129
523,7883,22996,2,0.9219127893447876,0.8936457633972168,-0.0282670259475708,0,646,1211,738,1076,645,622,595
524,7892,18744,4,0.9557344317436218,0.886804461479187,-0.06892997026443481,0,242,682,501,624,192,90,89
525,7895,20027,3,0.92689049243927,0.8592329025268555,-0.06765758991241455,0,550,738,1074,766,688,697,726
526,7916,6451,4,0.8671429753303528,0.8114842176437378,-0.05565875768661499,0,407,1110,806,1110,391,367,353
527,7920,554,2,0.900909960269928,0.8391574025154114,-0.0617525577545166,0,1284,882,1570,1103,1089,1334,1331
528,7928,3719,1,0.8233587145805359,0.8471025228500366,0.023743808269500732,1,604,1114,789,1142,631,623,622
529,7932,20472,3,0.9215274453163147,0.8538732528686523,-0.06765419244766235,0,1168,850,426,792,1237,1140,1108
530,7960,21356,2,0.9299776554107666,0.8563028573989868,-0.07367479801177979,0,807,767,1405,873,579,717,751
531,7984,563,2,0.8706166744232178,0.8512910008430481,-0.019325673580169678,0,1449,1142,957,1194,1634,1664,1677
532,7999,22938,2,0.889563798904419,0.8532294034957886,-0.03633439540863037,0,1045,1175,257,1013,1015,872,884
533,8025,23012,2,0.9053300023078918,0.8600394129753113,-0.045290589332580566,0,1051,931,556,900,1038,950,891
534,8032,8090,2,0.9438108801841736,0.8661138415336609,-0.0776970386505127,0,24,821,829,778,25,24,27
535,8070,11984,2,0.780769407749176,0.7676783800125122,-0.013091027736663818,0,1490,989,290,784,1583,1525,1537
536,8075,20472,2,0.9358187317848206,0.8495100736618042,-0.08630865812301636,0,999,732,817,728,992,1002,985
537,8092,22911,1,0.8476265668869019,0.8649234175682068,0.01729685068130493,1,1501,1677,671,1585,1432,1415,1399
538,8101,20768,2,0.9224451780319214,0.8653498291969299,-0.057095348834991455,0,7,1164,1712,1381,7,8,8
539,8111,20848,3,0.88762366771698,0.8723481297492981,-0.015275537967681885,0,151,1282,1643,1424,145,198,197
540,8118,14054,3,0.91675865650177,0.819939374923706,-0.09681928157806396,0,474,529,563,540,506,428,429
541,8120,22645,3,0.9508577585220337,0.8696327209472656,-0.08122503757476807,0,1166,741,341,719,1103,852,921
542,8132,2283,6,0.8812177777290344,0.831081211566925,-0.050136566162109375,0,1663,1706,362,1651,1673,1642,1637
543,8135,23014,9,0.9593050479888916,0.5342804193496704,-0.4250246286392212,0,21,210,1716,299,20,24,28
544,8136,11369,5,0.9405952095985413,0.6440438628196716,-0.29655134677886963,0,735,337,1240,316,856,913,977
545,8141,18429,1,0.8615811467170715,0.868562638759613,0.006981492042541504,1,263,1017,1752,1184,343,469,518
546,8148,20231,2,0.9261812567710876,0.827745795249939,-0.09843546152114868,0,397,757,1202,825,414,358,321
547,8186,8354,2,0.7973038554191589,0.8963956236839294,0.09909176826477051,1,1402,1628,73,1537,1436,1324,1295
548,8226,12656,2,0.9367674589157104,0.8556888699531555,-0.08107858896255493,0,1,241,1261,402,1,1,1
549,8247,21508,3,0.957920491695404,0.8628017902374268,-0.0951187014579773,0,157,710,1157,783,161,151,158
550,8264,20985,2,0.8066436648368835,0.859774112701416,0.05313044786453247,1,770,1354,290,1307,832,721,725
551,8282,589,5,0.9155193567276001,0.8325475454330444,-0.08297181129455566,0,1690,1397,99,1083,1681,1647,1629
552,8284,17142,7,0.9473849534988403,0.7305704951286316,-0.21681445837020874,0,91,832,1501,998,62,110,112
553,8287,8397,2,0.815348207950592,0.8189699053764343,0.003621697425842285,1,918,1140,1149,1139,830,838,817
554,8294,22638,10,0.9138975739479065,0.7521968483924866,-0.16170072555541992,0,503,844,357,744,564,387,368
555,8330,6011,3,0.910419762134552,0.8801651000976562,-0.030254662036895752,0,610,1227,885,1172,593,536,517
556,8338,9185,3,0.9574527740478516,0.8513213992118835,-0.10613137483596802,0,1196,579,954,581,1183,1193,1257
557,8366,6235,4,0.9320480227470398,0.8448169231414795,-0.0872310996055603,0,969,1042,1569,1238,848,1098,1149
558,8389,21098,2,0.8315489888191223,0.8891031742095947,0.05755418539047241,1,1145,1690,60,1599,1220,988,934
559,8398,1266,2,0.8387787342071533,0.8945345282554626,0.055755794048309326,1,290,1283,957,1286,342,315,309
560,8414,15635,7,0.6903849244117737,0.6156026721000671,-0.07478225231170654,0,813,1267,962,1373,862,925,973
561,8415,16409,2,0.9748307466506958,0.6613974571228027,-0.31343328952789307,0,288,225,1607,228,252,263,277
562,8423,8907,3,0.8734043836593628,0.8421726822853088,-0.031231701374053955,0,1114,878,598,860,889,808,781
563,8429,8970,2,0.9137974381446838,0.8458507657051086,-0.0679466724395752,0,231,620,886,645,224,192,210
564,8440,2951,3,0.9061018824577332,0.8721653819084167,-0.033936500549316406,0,1570,1255,543,1150,1580,1585,1591
565,8450,19333,2,0.9014919996261597,0.7250704169273376,-0.17642158269882202,0,830,127,452,143,740,618,648
566,8498,22851,2,0.9178369641304016,0.8758724927902222,-0.04196447134017944,0,543,822,421,762,523,395,411
567,8508,20768,2,0.7488488554954529,0.8639498949050903,0.11510103940963745,1,805,1768,298,1770,852,754,712
568,8511,20888,2,0.8035755157470703,0.765446126461029,-0.03812938928604126,0,1754,831,80,693,1757,1749,1746
569,8577,7310,10,0.8887635469436646,0.7441214323043823,-0.14464211463928223,0,264,943,598,901,291,257,256
570,8583,9039,2,0.7525371313095093,0.7355383634567261,-0.016998767852783203,0,646,1151,355,1051,589,511,527
571,8629,16159,6,0.8807082772254944,0.8133857846260071,-0.0673224925994873,0,297,1639,577,1585,321,189,189
572,8652,12607,3,0.9326959848403931,0.8640433549880981,-0.06865262985229492,0,552,733,269,676,531,447,449
573,8684,17811,5,0.9755002856254578,0.6701096296310425,-0.3053906559944153,0,106,429,1243,444,54,29,32
574,8686,9302,2,0.8181361556053162,0.8309520483016968,0.012815892696380615,1,1585,1292,1202,1378,1576,1600,1603
575,8707,628,7,0.6834933161735535,0.6534965634346008,-0.029996752738952637,0,934,1759,1175,1775,974,1135,1189
576,8711,23030,3,0.8601838946342468,0.8644517660140991,0.004267871379852295,1,1766,1183,393,1069,1766,1765,1762
577,8745,632,3,0.8867124319076538,0.7696661949157715,-0.11704623699188232,0,1754,469,44,416,1746,1720,1726
578,8770,10027,3,0.923189640045166,0.7747611403465271,-0.14842849969863892,0,725,401,50,219,701,361,329
579,8771,635,2,0.8264268636703491,0.7804498672485352,-0.045976996421813965,0,1659,570,714,570,1641,1614,1603
580,8777,22273,2,0.9273743033409119,0.7760922908782959,-0.15128201246261597,0,1597,441,30,312,1585,1356,1331
581,8793,20471,2,0.8835576772689819,0.8671522736549377,-0.01640540361404419,0,75,1175,1116,1172,78,78,104
582,8805,9231,2,0.9214175939559937,0.75181645154953,-0.16960114240646362,0,1031,184,46,107,1063,755,773
583,8825,16607,2,0.7840614318847656,0.7387164831161499,-0.04534494876861572,0,1675,234,153,212,1635,1541,1551
584,8834,21996,3,0.8820011019706726,0.8022947311401367,-0.07970637083053589,0,805,819,831,819,932,950,934
585,8843,7077,2,0.8650714159011841,0.8509071469306946,-0.014164268970489502,0,571,963,810,890,619,598,593
586,8899,23009,4,0.9583784937858582,0.7490829229354858,-0.20929557085037231,0,980,462,1363,514,938,1174,1248
587,8904,12639,3,0.855349063873291,0.8724832534790039,0.01713418960571289,1,990,1594,622,1516,727,672,644
588,8918,1629,2,0.8009405732154846,0.7617144584655762,-0.03922611474990845,0,1621,775,656,758,1721,1723,1724
589,8961,8624,3,0.8545511364936829,0.7325599789619446,-0.12199115753173828,0,114,400,1734,547,158,321,303
590,9006,14115,2,0.8702505230903625,0.9064295887947083,0.0361790657043457,1,1044,1652,660,1651,1018,993,982
591,9014,6569,5,0.910083532333374,0.7061204314231873,-0.20396310091018677,0,18,696,1000,769,58,26,27
592,9015,13400,3,0.9278159737586975,0.7562304139137268,-0.1715855598449707,0,178,168,731,211,151,142,151
593,9019,16384,2,0.8395218849182129,0.7900943756103516,-0.04942750930786133,0,1216,933,1776,1236,1376,1628,1640
594,9029,22154,5,0.894999086856842,0.6515770554542542,-0.2434220314025879,0,691,363,1476,408,591,744,813
595,9046,6535,4,0.9152440428733826,0.8233643174171448,-0.09187972545623779,0,249,717,729,698,246,176,171
596,9059,16893,3,0.9857173562049866,0.6230254769325256,-0.36269187927246094,0,161,23,1723,41,189,265,276
597,9094,4491,5,0.9134506583213806,0.8038418889045715,-0.10960876941680908,0,376,1263,704,1307,427,391,391
598,9095,21833,3,0.944461464881897,0.8778197169303894,-0.06664174795150757,0,283,1167,1603,1313,267,327,394
599,9108,653,3,0.9124318957328796,0.7330654263496399,-0.17936646938323975,0,371,290,798,206,358,317,303
600,9115,22446,3,0.7658444046974182,0.8793062567710876,0.11346185207366943,1,876,1607,1327,1570,1189,1297,1270
601,9135,694,2,0.8753482699394226,0.7942252159118652,-0.08112305402755737,0,1709,673,440,632,1729,1724,1721
602,9195,21241,1,0.8912523984909058,0.8599525690078735,-0.03129982948303223,0,1088,915,646,897,1175,1156,1181
603,9207,20180,3,0.9105626344680786,0.7383278012275696,-0.17223483324050903,0,1093,467,1313,516,892,1095,1108
604,9225,21613,2,0.8788501024246216,0.867560863494873,-0.011289238929748535,0,659,1062,953,1117,664,680,707
605,9236,6797,2,0.8977128863334656,0.8566133975982666,-0.041099488735198975,0,667,867,368,790,602,535,536
606,9251,18477,2,0.8050556182861328,0.7444565296173096,-0.06059908866882324,0,1770,574,67,490,1775,1773,1773
607,9257,22970,2,0.9155007600784302,0.8637253642082214,-0.05177539587020874,0,44,992,699,1006,66,12,14
608,9258,19494,5,0.940479040145874,0.5261628031730652,-0.41431623697280884,0,66,148,1775,263,59,133,162
609,9294,8707,2,0.8749094009399414,0.7640588283538818,-0.11085057258605957,0,1630,422,391,410,1634,1572,1543
610,9302,6191,2,0.9293447136878967,0.7229170799255371,-0.20642763376235962,0,89,217,1071,284,80,139,151
611,9315,675,2,0.7655550241470337,0.8514494299888611,0.08589440584182739,1,913,1554,372,1424,942,838,843
612,9324,675,3,0.9030637145042419,0.8172447681427002,-0.08581894636154175,0,3,818,1205,928,3,6,6
613,9331,17519,2,0.923845112323761,0.7906865477561951,-0.13315856456756592,0,1634,512,65,424,1629,1445,1431
614,9357,20745,3,0.9106189012527466,0.7681632041931152,-0.14245569705963135,0,526,649,1519,799,502,631,638
615,9379,9495,2,0.9195789098739624,0.8200922012329102,-0.09948670864105225,0,1586,617,118,539,1598,1513,1527
616,9397,680,2,0.8382641673088074,0.7617990374565125,-0.07646512985229492,0,59,101,308,90,125,76,64
617,9398,7799,2,0.8502495884895325,0.8536866307258606,0.003437042236328125,1,1132,1133,495,1100,1007,969,963
618,9411,17237,2,0.9663887023925781,0.9128143787384033,-0.053574323654174805,0,689,773,957,775,576,563,619
619,9415,22853,2,0.9350739121437073,0.8253793120384216,-0.10969460010528564,0,95,420,939,454,101,73,70
620,9448,20143,4,0.9392257332801819,0.8165268301963806,-0.12269890308380127,0,1469,627,519,595,1486,1435,1451
621,9458,2026,2,0.9365312457084656,0.6715726256370544,-0.26495862007141113,0,302,303,1650,342,262,298,294
622,9468,21350,2,0.9926177859306335,0.6200311779975891,-0.37258660793304443,0,11,53,1753,69,6,10,14
623,9483,22844,7,0.9038003087043762,0.8171545267105103,-0.08664578199386597,0,922,1439,110,1167,897,580,518
624,9512,10085,2,0.9470449686050415,0.8498818874359131,-0.09716308116912842,0,564,627,184,566,508,321,298
625,9513,12401,2,0.8895190358161926,0.8475017547607422,-0.04201728105545044,0,337,875,696,838,291,226,241
626,9544,23002,4,0.8993299603462219,0.8619096875190735,-0.03742027282714844,0,1205,1407,680,1444,1245,1262,1240
627,9555,14053,1,0.9590136408805847,0.87123042345047,-0.08778321743011475,0,1,561,864,580,1,1,1
628,9562,15862,3,0.9013717770576477,0.8847977519035339,-0.01657402515411377,0,1239,1236,432,1050,1247,1158,1143
629,9591,5987,9,0.9035508036613464,0.5688479542732239,-0.33470284938812256,0,353,203,1147,169,411,416,383
630,9604,21982,6,0.9478198885917664,0.7244090437889099,-0.22341084480285645,0,455,539,1116,568,428,416,412
631,9669,3956,2,0.9861127734184265,0.6464762091636658,-0.33963656425476074,0,176,124,1708,146,180,217,224
632,9697,712,2,0.9971442222595215,0.6321797966957092,-0.36496442556381226,0,2,81,1753,107,2,2,2
633,9733,712,2,0.9964516758918762,0.6252700090408325,-0.3711816668510437,0,4,85,1753,111,4,16,16
634,9773,7373,3,0.9128532409667969,0.8356736302375793,-0.07717961072921753,0,158,858,1582,979,122,135,125
635,9814,21711,3,0.922251284122467,0.8305720686912537,-0.09167921543121338,0,419,706,993,712,599,598,614
636,9828,22812,2,0.9229668378829956,0.8493510484695435,-0.07361578941345215,0,516,792,770,786,525,492,467
637,9830,22739,3,0.9209418296813965,0.8372128009796143,-0.08372902870178223,0,383,512,943,512,432,382,362
638,9874,14417,2,0.8627097010612488,0.876182496547699,0.013472795486450195,1,89,1520,1537,1570,90,109,121
639,9883,18076,2,0.8708316087722778,0.827040433883667,-0.04379117488861084,0,1099,687,1270,738,733,909,966
640,9885,4907,2,0.796816885471344,0.81111741065979,0.014300525188446045,1,1125,1276,1747,1402,1040,1340,1330
641,9917,2668,6,0.981739342212677,0.5422333478927612,-0.43950599431991577,0,12,72,1753,107,12,13,12
642,9921,22889,3,0.8858444094657898,0.8619627952575684,-0.023881614208221436,0,619,1154,1017,1157,607,641,630
643,9928,720,2,0.9253616333007812,0.9073474407196045,-0.018014192581176758,0,335,1102,1477,1156,372,541,538
644,9929,4725,2,0.8802290558815002,0.8414161205291748,-0.03881293535232544,0,622,1130,1259,1152,807,910,990
645,9931,21491,2,0.9401710033416748,0.8937695622444153,-0.04640144109725952,0,199,941,742,882,211,149,137
646,9943,22998,3,0.8956292271614075,0.855747640132904,-0.03988158702850342,0,1069,1171,1235,1186,1072,1089,1108
647,9969,4603,2,0.864206075668335,0.8834400773048401,0.019234001636505127,1,692,1327,1273,1431,559,681,695
648,9973,14084,2,0.8141697645187378,0.8834108710289001,0.06924110651016235,1,1314,1375,1519,1569,1293,1468,1467
649,9993,9879,2,0.8821960687637329,0.7631068229675293,-0.11908924579620361,0,505,381,199,358,394,307,309
650,10009,9313,4,0.9419513940811157,0.8525197505950928,-0.08943164348602295,0,230,771,771,759,177,135,149
651,10028,6969,1,0.7816014885902405,0.7607997059822083,-0.020801782608032227,0,280,871,880,839,260,229,228
652,10050,15381,3,0.9428451061248779,0.7724733352661133,-0.17037177085876465,0,653,512,1368,584,557,727,750
653,10106,21803,4,0.9222012162208557,0.7871502041816711,-0.13505101203918457,0,604,563,807,584,545,514,469
654,10118,3611,3,0.9489099979400635,0.7672015428543091,-0.1817084550857544,0,8,33,1765,61,7,8,9
655,10156,3434,2,0.9726662635803223,0.769005298614502,-0.2036609649658203,0,2,18,1751,18,2,3,3
656,10173,6235,2,0.8977780342102051,0.8627871870994568,-0.03499084711074829,0,1424,1186,1240,1251,1484,1552,1571
657,10186,7338,2,0.9371063709259033,0.8445887565612793,-0.09251761436462402,0,57,513,1734,626,51,55,65
658,10216,7524,2,0.8434808850288391,0.7770373225212097,-0.0664435625076294,0,1662,418,269,397,1658,1607,1585
659,10239,2844,2,0.9259294867515564,0.7536803483963013,-0.17224913835525513,0,536,420,604,386,481,382,328
660,10258,22552,4,0.9314066171646118,0.8737741112709045,-0.057632505893707275,0,1023,1111,149,853,1118,828,822
661,10275,16108,3,0.9149121642112732,0.688752293586731,-0.22615987062454224,0,399,410,1428,433,392,429,431
662,10280,7809,2,0.8175346255302429,0.8435727953910828,0.026038169860839844,1,853,1685,637,1618,874,793,791
663,10307,10059,2,0.8839933276176453,0.8260968327522278,-0.05789649486541748,0,1432,728,638,697,1437,1396,1394
664,10315,741,3,0.920705258846283,0.8534015417098999,-0.06730371713638306,0,422,838,1420,906,348,383,395
665,10327,14451,3,0.910977303981781,0.7435963749885559,-0.1673809289932251,0,728,454,686,426,825,821,810
666,10344,3083,2,0.9123153686523438,0.8719092011451721,-0.04040616750717163,0,1328,931,1594,1032,1191,1411,1431
667,10383,22133,4,0.9168015122413635,0.8347070813179016,-0.08209443092346191,0,327,811,638,804,355,297,266
668,10390,23009,2,0.7179479598999023,0.8026444315910339,0.08469647169113159,1,1742,1541,649,1527,1724,1731,1727
669,10430,1616,1,0.8984056711196899,0.8475369215011597,-0.05086874961853027,0,637,820,1715,1004,766,1045,1165
670,10440,12335,3,0.9700828790664673,0.8075785040855408,-0.1625043749809265,0,16,153,1759,398,17,19,24
671,10467,3718,5,0.9291272163391113,0.5505325198173523,-0.37859469652175903,0,25,45,1679,63,19,36,49
672,10471,12192,3,0.9308671951293945,0.8932151198387146,-0.03765207529067993,0,130,1214,1615,1344,118,122,119
673,10481,8466,2,0.9224845767021179,0.7114614248275757,-0.21102315187454224,0,151,126,856,175,133,159,161
674,10523,22773,3,0.8800749778747559,0.8669934272766113,-0.013081550598144531,0,959,1432,767,1461,877,856,831
675,10526,11477,4,0.8908885717391968,0.6959306597709656,-0.1949579119682312,0,221,189,463,103,250,161,151
676,10550,16962,8,0.9830637574195862,0.5416787266731262,-0.44138503074645996,0,235,83,1641,95,210,234,234
677,10664,20477,6,0.898158609867096,0.7880470752716064,-0.1101115345954895,0,4,1264,1059,1335,6,10,11
678,10680,18021,4,0.7622300982475281,0.6872188448905945,-0.0750112533569336,0,1642,247,465,237,1652,1652,1636
679,10718,22052,2,0.871906578540802,0.8654825091362,-0.006424069404602051,0,1036,1166,724,1200,1000,984,942
680,10725,767,2,0.7555016279220581,0.8174617886543274,0.06196016073226929,1,1653,1569,236,1442,1654,1605,1606
681,10734,2579,5,0.9166048169136047,0.6903780102729797,-0.226226806640625,0,1340,680,1585,847,1228,1453,1458
682,10743,8637,2,0.7961310744285583,0.7762469053268433,-0.019884169101715088,0,854,1341,919,1438,942,991,987
683,10746,9206,4,0.8907719850540161,0.901560366153717,0.010788381099700928,1,32,1575,338,1448,37,15,9
684,10749,10049,3,0.8710796236991882,0.8260675072669983,-0.04501211643218994,0,1238,1099,959,1150,1166,1228,1239
685,10760,16404,2,0.8160901665687561,0.8538112640380859,0.037721097469329834,1,625,1194,1539,1321,521,718,682
686,10782,22979,5,0.8472539782524109,0.7989076972007751,-0.04834628105163574,0,1062,1704,330,1634,990,843,765
687,10787,22807,5,0.8382012844085693,0.7602871656417847,-0.07791411876678467,0,826,1608,781,1598,856,851,859
688,10808,10068,2,0.712893009185791,0.7886905670166016,0.07579755783081055,1,791,1422,509,1439,1122,1094,1122
689,10830,8336,2,0.8211799263954163,0.6482464671134949,-0.1729334592819214,0,1395,1,8,1,1399,1110,1147
690,10835,3990,2,0.9551845192909241,0.7446052432060242,-0.2105792760848999,0,203,404,1248,380,234,79,59
691,10836,17962,2,0.9118233919143677,0.6635659337043762,-0.24825745820999146,0,13,116,1693,160,13,10,10
692,10846,782,5,0.9160701036453247,0.5989445447921753,-0.3171255588531494,0,429,144,1267,112,453,469,470
693,10848,19423,2,0.872772216796875,0.7749847769737244,-0.09778743982315063,0,1541,524,655,527,1610,1601,1604
694,10871,21691,4,0.9934846758842468,0.6403957605361938,-0.353088915348053,0,2,211,1614,220,2,2,2
695,10918,17814,2,0.9107687473297119,0.7117214202880859,-0.19904732704162598,0,751,431,1332,428,792,1044,1066
696,10942,21366,1,0.8434228897094727,0.7811408638954163,-0.062282025814056396,0,1078,437,570,450,1126,1111,1137
697,10949,14358,3,0.8490093946456909,0.73044353723526,-0.11856585741043091,0,780,182,337,172,806,598,554
698,10951,20348,5,0.9097587466239929,0.7301868200302124,-0.17957192659378052,0,1533,483,90,392,1449,1297,1252
699,10960,11420,2,0.7956942915916443,0.7832604646682739,-0.012433826923370361,0,997,1140,1173,1284,1111,1265,1241
700,10966,4231,2,0.9273597598075867,0.8773305416107178,-0.050029218196868896,0,1,751,1481,848,1,1,1
701,10973,4645,3,0.8602864742279053,0.9047811031341553,0.04449462890625,1,965,1747,71,1642,1295,1046,1023
702,10985,22929,3,0.9185695648193359,0.9128678441047668,-0.005701720714569092,0,326,1570,982,1578,314,258,243
703,10991,12956,2,0.9199514985084534,0.8288910388946533,-0.09106045961380005,0,678,778,1043,825,628,645,608
704,11042,20979,2,0.9375039339065552,0.7100141048431396,-0.22748982906341553,0,217,248,1636,308,201,272,277
705,11045,16829,3,0.9634458422660828,0.639695942401886,-0.3237498998641968,0,295,70,1479,44,275,260,265
706,11046,22076,2,0.8253219723701477,0.8820083141326904,0.056686341762542725,1,920,1258,602,1271,937,896,943
707,11054,22874,2,0.8712447881698608,0.8873957991600037,0.016151010990142822,1,775,1551,1353,1571,751,915,908
708,11076,4643,2,0.8968273401260376,0.866768479347229,-0.030058860778808594,0,1397,1140,184,910,1322,1189,1159
709,11077,14417,6,0.8934432864189148,0.7942087650299072,-0.09923452138900757,0,112,1672,1000,1691,117,126,119
710,11082,10900,2,0.7976739406585693,0.8330580592155457,0.03538411855697632,1,554,1243,244,1095,435,308,280
711,11100,12830,2,0.9523587822914124,0.885962188243866,-0.06639659404754639,0,38,641,871,660,36,34,34
712,11116,18339,4,0.9026432633399963,0.8608494400978088,-0.0417938232421875,0,515,1585,966,1591,441,405,433
713,11125,805,5,0.8551762700080872,0.8057473301887512,-0.04942893981933594,0,1179,1454,340,1327,1289,1197,1157
714,11126,805,3,0.8980419635772705,0.8835340738296509,-0.014507889747619629,0,543,1368,639,1324,691,633,630
715,11128,16156,3,0.888945996761322,0.8614293336868286,-0.027516663074493408,0,6,1627,1515,1678,6,7,6
716,11129,15001,3,0.925737738609314,0.8171324133872986,-0.10860532522201538,0,568,680,1459,806,533,588,599
717,11132,20734,4,0.9137119650840759,0.8417328000068665,-0.07197916507720947,0,228,863,1153,941,182,202,202
718,11153,22572,3,0.956707239151001,0.8980948328971863,-0.0586124062538147,0,16,941,1085,954,16,14,15
719,11168,20913,2,0.809008002281189,0.8720850348472595,0.06307703256607056,1,625,1763,601,1768,787,723,649
720,11181,22575,1,0.7916767001152039,0.7413917779922485,-0.05028492212295532,0,671,422,264,383,799,606,581
721,11190,1660,5,0.8272276520729065,0.7097094058990479,-0.11751824617385864,0,1164,1540,1325,1652,1071,1238,1232
722,11197,22922,2,0.8540027737617493,0.9177334308624268,0.06373065710067749,1,288,1532,1235,1522,350,342,318
723,11199,17410,2,0.9565843939781189,0.8307934403419495,-0.12579095363616943,0,74,616,1493,699,87,93,104
724,11201,3484,4,0.9368091821670532,0.8743516206741333,-0.06245756149291992,0,485,1003,834,956,575,534,594
725,11204,17717,4,0.9074892997741699,0.8214183449745178,-0.0860709547996521,0,110,732,724,729,98,75,72
726,11211,12306,2,0.9415136575698853,0.6634604930877686,-0.2780531644821167,0,392,95,1644,95,377,561,619
727,11284,2046,5,0.9081919193267822,0.6519348621368408,-0.2562570571899414,0,42,426,1770,606,36,75,88
728,11301,21337,5,0.8834087252616882,0.6564574837684631,-0.2269512414932251,0,290,728,1468,926,272,311,277
729,11316,22549,6,0.9313244223594666,0.7289023399353027,-0.20242208242416382,0,892,534,789,528,738,755,753
730,11322,22965,5,0.8752129673957825,0.7339690923690796,-0.14124387502670288,0,338,1245,945,1320,329,276,260
731,11324,23021,2,0.8422399759292603,0.8845903277397156,0.04235035181045532,1,707,1521,823,1394,721,670,648
732,11337,18244,10,0.9118831157684326,0.6845902800559998,-0.22729283571243286,0,727,739,1527,873,794,1146,1183
733,11364,23024,4,0.8594218492507935,0.8635740876197815,0.004152238368988037,1,761,1292,668,1307,771,734,702
734,11365,22964,2,0.9361664056777954,0.8267606496810913,-0.1094057559967041,0,120,568,1474,624,65,78,74
735,11376,16220,1,0.8149858117103577,0.826676070690155,0.011690258979797363,1,1551,1191,529,1086,1417,1363,1357
736,11392,21951,5,0.914922833442688,0.7353370785713196,-0.1795857548713684,0,658,950,1276,1140,644,781,818
737,11407,18272,2,0.9767835140228271,0.6478046178817749,-0.32897889614105225,0,79,129,1605,115,104,100,91
738,11418,10838,4,0.909320056438446,0.8062511682510376,-0.10306888818740845,0,24,626,1401,734,22,25,28
739,11450,3637,2,0.9169326424598694,0.7228259444236755,-0.19410669803619385,0,552,347,1062,314,477,474,479
740,11460,9725,2,0.9227812886238098,0.8236517310142517,-0.0991295576095581,0,233,606,1271,669,285,392,462
741,11461,1402,8,0.9385867118835449,0.7168063521385193,-0.22178035974502563,0,424,718,713,767,435,416,403
742,11482,6293,2,0.8165621757507324,0.8326081037521362,0.01604592800140381,1,69,1621,1189,1589,123,112,89
743,11505,22004,2,0.8279132843017578,0.7486155033111572,-0.07929778099060059,0,1524,326,146,294,1473,1286,1251
744,11520,3369,4,0.8923800587654114,0.8684801459312439,-0.02389991283416748,0,1008,1339,1042,1347,893,917,939
745,11530,20302,2,0.9205746054649353,0.7123002409934998,-0.20827436447143555,0,1473,343,1533,385,1397,1524,1512
746,11584,10780,3,0.9460390210151672,0.855296790599823,-0.09074223041534424,0,36,778,1268,875,35,38,41
747,11598,13669,2,0.8291377425193787,0.7313458919525146,-0.09779185056686401,0,157,401,290,385,188,140,131
748,11604,4761,6,0.8626376986503601,0.7968380451202393,-0.06579965353012085,0,605,1258,191,1128,554,373,288
749,11619,22835,3,0.8638641834259033,0.7391207218170166,-0.12474346160888672,0,932,218,233,188,883,630,566
750,11620,22688,3,0.9017636775970459,0.8431182503700256,-0.058645427227020264,0,1102,1010,1431,1106,1045,1256,1287
751,11626,2060,7,0.9104360342025757,0.7285380959510803,-0.18189793825149536,0,493,689,494,649,630,571,542
752,11636,866,7,0.8912944793701172,0.745040237903595,-0.14625424146652222,0,594,1223,819,1208,609,611,609
753,11641,21411,3,0.8108329176902771,0.8134129047393799,0.002579987049102783,1,469,1283,1018,1395,513,512,518
754,11643,868,2,0.963676393032074,0.8436713814735413,-0.12000501155853271,0,1,439,1444,536,1,1,1
755,11698,875,2,0.7776950597763062,0.8493525981903076,0.07165753841400146,1,1459,1478,643,1443,1516,1515,1490
756,11702,9775,2,0.7597895860671997,0.7606855034828186,0.0008959174156188965,1,1716,1083,1068,1163,1696,1716,1714
757,11710,22896,9,0.9337891936302185,0.7232485413551331,-0.21054065227508545,0,721,1089,483,1017,636,594,578
758,11757,23008,2,0.9381183981895447,0.9154829978942871,-0.02263540029525757,0,333,1446,1177,1403,338,399,416
759,11758,22929,3,0.9139384627342224,0.896747350692749,-0.01719111204147339,0,1207,1501,437,1331,1137,1019,961
760,11815,889,4,0.9218848347663879,0.8583824038505554,-0.06350243091583252,0,1189,921,123,787,1260,1076,1108
761,11829,21350,6,0.9059092998504639,0.5754122138023376,-0.3304970860481262,0,318,210,1764,337,348,628,717
762,11867,22414,10,0.9048859477043152,0.8205141425132751,-0.08437180519104004,0,402,1196,18,879,363,188,147
763,11877,16189,3,0.8012611269950867,0.8390374779701233,0.03777635097503662,1,1385,1641,458,1582,1393,1376,1395
764,11883,19222,2,0.8671467304229736,0.821087121963501,-0.046059608459472656,0,1062,645,426,587,1196,1059,1057
765,11891,6019,2,0.8883029222488403,0.7024593353271484,-0.1858435869216919,0,420,20,106,13,403,207,196
766,11899,22645,3,0.9437021613121033,0.8739737868309021,-0.06972837448120117,0,183,729,611,743,230,227,254
767,11901,15883,2,0.8877535462379456,0.798072099685669,-0.08968144655227661,0,1667,743,597,722,1661,1674,1664
768,11918,16348,2,0.8248770236968994,0.8364514112472534,0.011574387550354004,1,1257,1093,303,974,1178,1058,1030
769,11930,22329,2,0.8600731492042542,0.7368001341819763,-0.12327301502227783,0,130,291,410,312,122,113,96
770,11957,15869,2,0.8858433961868286,0.783494234085083,-0.1023491621017456,0,175,510,1774,732,135,528,631
771,11962,9376,2,0.868248462677002,0.8964016437530518,0.028153181076049805,1,1380,1390,738,1345,1365,1401,1400
772,12053,5138,2,0.9030250906944275,0.8007014393806458,-0.10232365131378174,0,390,682,1163,711,378,329,339
773,12084,22594,3,0.936753511428833,0.8946369886398315,-0.042116522789001465,0,591,1324,1461,1387,698,896,890
774,12095,15826,3,0.9401846528053284,0.8664771318435669,-0.07370752096176147,0,1135,806,1083,794,1095,1227,1227
775,12161,18367,2,0.9147745966911316,0.8562900424003601,-0.058484554290771484,0,1442,880,267,786,1472,1381,1341
776,12172,11479,2,0.9412550330162048,0.8914541602134705,-0.049800872802734375,0,138,1059,1130,1055,173,156,137
777,12189,12118,4,0.9481427073478699,0.6759949326515198,-0.2721477746963501,0,140,254,1617,281,132,151,154
778,12203,6636,3,0.9042723774909973,0.8603011965751648,-0.04397118091583252,0,1,1091,647,1053,8,1,1
779,12208,1901,2,0.8003727197647095,0.8367146849632263,0.036341965198516846,1,1363,1388,129,1221,1427,1248,1186
780,12266,2817,1,0.8593740463256836,0.7096254229545593,-0.14974862337112427,0,803,24,482,51,700,583,610
781,12274,12740,1,0.8790077567100525,0.8784255981445312,-0.0005821585655212402,0,1324,959,277,842,1370,1286,1306
782,12276,15826,3,0.9271270632743835,0.8623188138008118,-0.06480824947357178,0,1222,967,1053,956,1200,1270,1259
783,12292,21992,3,0.8235809803009033,0.8731438517570496,0.04956287145614624,1,1566,1672,253,1411,1587,1553,1529
784,12319,3793,2,0.9087181091308594,0.6901556253433228,-0.21856248378753662,0,4,223,1435,179,6,13,10
785,12320,10591,2,0.9171472787857056,0.8533785343170166,-0.06376874446868896,0,489,1068,1136,1223,416,406,431
786,12324,2055,2,0.773867130279541,0.7754058241844177,0.001538693904876709,1,1727,1116,113,917,1739,1709,1703
787,12329,21624,3,0.9346087574958801,0.6695299744606018,-0.2650787830352783,0,6,55,1588,61,5,2,2
788,12337,22183,3,0.8492991924285889,0.7432245016098022,-0.10607469081878662,0,787,127,658,146,780,716,701
789,12340,4813,2,0.9670687317848206,0.7035689353942871,-0.26349979639053345,0,320,357,1427,357,319,289,300
790,12361,17859,2,0.9023874402046204,0.7297220826148987,-0.17266535758972168,0,531,76,323,96,569,380,384
791,12401,2178,3,0.8909702897071838,0.8848650455474854,-0.006105244159698486,0,833,1382,1116,1346,986,1006,987
792,12432,966,2,0.7656815052032471,0.7481923699378967,-0.017489135265350342,0,1372,383,213,296,1379,1197,1175
793,12434,966,3,0.9788258671760559,0.6775866746902466,-0.3012391924858093,0,156,155,1615,185,152,187,201
794,12466,21826,2,0.9332249760627747,0.850739061832428,-0.08248591423034668,0,100,758,1374,827,89,138,165
795,12545,21345,3,0.8974254131317139,0.6657249927520752,-0.23170042037963867,0,780,399,1648,463,541,946,1006
796,12575,23002,4,0.9144838452339172,0.8734340071678162,-0.041049838066101074,0,514,1241,972,1266,500,503,494
797,12579,16883,2,0.9399306774139404,0.6936184763908386,-0.2463122010231018,0,55,164,1472,209,69,78,78
798,12598,11991,2,0.9251518249511719,0.8811878561973572,-0.0439639687538147,0,79,1008,1407,1063,77,86,99
799,12623,22004,3,0.9832583069801331,0.6584790945053101,-0.324779212474823,0,261,237,1613,250,155,171,158
800,12624,21826,3,0.8881493210792542,0.8565753102302551,-0.03157401084899902,0,69,947,347,876,110,41,38
801,12635,9590,2,0.9091646075248718,0.8998144865036011,-0.009350121021270752,0,112,1454,1471,1495,92,133,126
802,12661,2706,2,0.939932107925415,0.6980456709861755,-0.2418864369392395,0,221,142,773,100,213,143,136
803,12683,10843,4,0.8458678126335144,0.8655117750167847,0.019643962383270264,1,586,1417,1316,1548,604,710,712
804,12723,4262,4,0.9580159783363342,0.7712527513504028,-0.1867632269859314,0,11,80,1761,303,11,11,12
805,12750,10918,4,0.9018516540527344,0.7980958223342896,-0.10375583171844482,0,741,726,988,769,662,679,691
806,12796,14657,3,0.8341038823127747,0.852874219417572,0.018770337104797363,1,427,1514,459,1491,520,399,358
807,12799,3913,2,0.6916194558143616,0.8100034594535828,0.11838400363922119,1,1421,1655,298,1655,1413,1382,1386
808,12802,22591,3,0.8630068302154541,0.8138449788093567,-0.04916185140609741,0,584,1299,1729,1601,552,907,987
809,12844,22228,4,0.9178667068481445,0.8059698343276978,-0.11189687252044678,0,506,776,1616,969,481,628,667
810,12854,21115,3,0.9464764595031738,0.765579879283905,-0.1808965802192688,0,78,350,515,334,88,41,35
811,12856,6053,2,0.8376761078834534,0.8192624449729919,-0.018413662910461426,0,416,1341,1568,1422,410,580,613
812,12857,21956,3,0.8878434300422668,0.8719781041145325,-0.015865325927734375,0,1103,1543,1543,1600,954,1183,1160
813,12868,14224,2,0.9564248323440552,0.6840251088142395,-0.2723997235298157,0,95,90,1674,122,98,128,134
814,12900,15861,7,0.8443413972854614,0.6729254722595215,-0.17141592502593994,0,1698,1127,1269,1271,1697,1715,1713
815,12904,22903,4,0.9052315950393677,0.8096896409988403,-0.09554195404052734,0,610,886,1271,1019,576,686,683
816,12916,8381,3,0.958984375,0.8603144884109497,-0.09866988658905029,0,79,720,1458,842,63,75,80
817,12941,20283,1,0.8452199101448059,0.8481571078300476,0.0029371976852416992,1,141,1210,1260,1233,146,151,164
818,12949,13473,2,0.9248564839363098,0.6479701399803162,-0.27688634395599365,0,179,137,1753,211,250,372,390
819,12953,22874,2,0.8228171467781067,0.8823956251144409,0.05957847833633423,1,1599,1411,735,1462,1624,1634,1637
820,12976,10661,1,0.8089888691902161,0.8250951170921326,0.016106247901916504,1,1390,987,843,1005,1475,1521,1518
821,12983,22596,1,0.7647912502288818,0.676214337348938,-0.08857691287994385,0,321,114,305,47,359,140,112
822,13052,21735,7,0.9647857546806335,0.5541931986808777,-0.41059255599975586,0,61,70,1667,93,56,120,136
823,13054,22084,2,0.883327841758728,0.8563637137413025,-0.026964128017425537,0,811,777,444,682,778,594,536
824,13056,3054,2,0.8432363271713257,0.7510864734649658,-0.09214985370635986,0,1322,302,119,266,1295,952,926
825,13069,21568,1,0.8063916563987732,0.8533031344413757,0.04691147804260254,1,1066,1230,604,1227,916,888,876
826,13081,4534,6,0.9104480743408203,0.6294934153556824,-0.28095465898513794,0,87,3,1777,8,79,197,220
827,13098,6456,1,0.835934579372406,0.8581300973892212,0.022195518016815186,1,1645,1096,1118,1093,1683,1694,1701
828,13162,19176,5,0.951205849647522,0.741020679473877,-0.21018517017364502,0,15,518,1256,551,11,11,14
829,13173,6513,3,0.8441135287284851,0.7987541556358337,-0.04535937309265137,0,914,1112,1227,1279,957,1142,1186
830,13211,8974,2,0.9789979457855225,0.6251437067985535,-0.353854238986969,0,34,79,1665,74,26,19,18
831,13232,14477,3,0.9431335926055908,0.6711481809616089,-0.27198541164398193,0,1,23,833,30,1,1,1
832,13235,1051,4,0.9013477563858032,0.6567233800888062,-0.24462437629699707,0,999,45,1064,30,955,975,907
833,13264,19626,3,0.9918554425239563,0.6663386821746826,-0.3255167603492737,0,41,286,1567,288,41,30,28
834,13300,13760,2,0.8887456655502319,0.8350111246109009,-0.053734540939331055,0,587,828,992,853,606,593,641
835,13310,3532,2,0.8532461524009705,0.8858837485313416,0.032637596130371094,1,1029,1539,1035,1513,1020,1009,985
836,13342,22636,2,0.8553463220596313,0.8698062896728516,0.014459967613220215,1,1597,1521,360,1460,1635,1619,1619
837,13372,2386,4,0.9601350426673889,0.768494188785553,-0.19164085388183594,0,29,386,1648,489,49,59,62
838,13392,22931,3,0.9598411321640015,0.8520293831825256,-0.10781174898147583,0,79,583,1299,634,76,77,73
839,13404,11017,3,0.8494131565093994,0.8360456824302673,-0.01336747407913208,0,1126,1478,868,1409,1229,1258,1315
840,13410,1081,2,0.9173191785812378,0.7588851451873779,-0.15843403339385986,0,118,348,1196,441,92,92,79
841,13424,11846,2,0.8637436032295227,0.8468292951583862,-0.016914308071136475,0,1611,1169,603,1165,1631,1621,1649
842,13434,8784,2,0.8863504528999329,0.8501507043838501,-0.036199748516082764,0,676,1128,723,1143,696,652,619
843,13472,8248,1,0.7321043610572815,0.8210058212280273,0.08890146017074585,1,288,1693,1143,1673,268,311,269
844,13560,23005,2,0.9200888872146606,0.8911651968955994,-0.02892369031906128,0,643,1152,690,1102,647,632,610
845,13566,22482,3,0.9610608220100403,0.8482782244682312,-0.11278259754180908,0,1658,671,551,682,1605,1605,1641
846,13570,22344,5,0.9279670119285583,0.5681027770042419,-0.3598642349243164,0,167,241,1771,325,156,283,337
847,13604,7196,2,0.8795726895332336,0.8554831743240356,-0.024089515209197998,0,305,1036,1455,1097,155,163,165
848,13610,1101,2,0.7469189167022705,0.8911969661712646,0.14427804946899414,1,1180,1544,81,1423,1301,1144,1171
849,13612,16633,2,0.9936640858650208,0.6215062737464905,-0.3721578121185303,0,2,25,1735,36,2,3,3
850,13616,9608,3,0.8971433043479919,0.8459848165512085,-0.05115848779678345,0,604,850,471,805,707,649,663
851,13643,5042,2,0.8480201363563538,0.8444939851760864,-0.003526151180267334,0,1006,1455,585,1441,1002,948,858
852,13665,1110,1,0.9066662192344666,0.8204066753387451,-0.08625954389572144,0,118,637,1759,878,119,421,448
853,13669,6031,3,0.8554578423500061,0.8908706307411194,0.03541278839111328,1,1745,1373,339,1194,1737,1727,1724
854,13681,22205,4,0.9615322947502136,0.7745767831802368,-0.1869555115699768,0,85,451,1560,534,92,126,155
855,13739,20995,3,0.9634125828742981,0.7470630407333374,-0.2163495421409607,0,1,355,1500,420,1,1,1
856,13741,10037,2,0.8979774117469788,0.8510473370552063,-0.04693007469177246,0,1354,840,919,835,1284,1280,1303
857,13744,22019,2,0.9241555333137512,0.8502210974693298,-0.07393443584442139,0,441,853,878,894,452,369,361
858,13769,1119,2,0.9086900353431702,0.7259146571159363,-0.1827753782272339,0,1081,262,602,241,1144,1093,1107
859,13793,11213,2,0.7774296998977661,0.7607738971710205,-0.016655802726745605,0,1472,1172,1246,1379,1439,1551,1552
860,13795,1121,2,0.7586815357208252,0.6962462663650513,-0.062435269355773926,0,1124,314,34,180,1040,700,670
861,13813,10470,2,0.9665411710739136,0.6860301494598389,-0.2805110216140747,0,1,56,1454,53,1,1,1
862,13839,19825,2,0.8881032466888428,0.8679676651954651,-0.020135581493377686,0,355,1048,1127,1035,352,393,384
863,13845,1128,2,0.9675124287605286,0.7571621537208557,-0.21035027503967285,0,475,419,1329,419,406,403,405
864,13854,6055,4,0.9144842624664307,0.7607007026672363,-0.15378355979919434,0,1773,511,838,521,1773,1775,1777
865,13863,13556,8,0.9658313989639282,0.5633799433708191,-0.40245145559310913,0,176,153,1346,131,167,153,154
866,13913,20722,2,0.8709570169448853,0.7760958671569824,-0.09486114978790283,0,1618,567,902,560,1644,1637,1636
867,13928,22364,2,0.8611072301864624,0.8834944367408752,0.022387206554412842,1,900,1548,377,1482,847,723,720
868,13940,9838,3,0.9845660328865051,0.6262289881706238,-0.35833704471588135,0,236,52,1604,47,244,274,279
869,13977,22144,2,0.9330638647079468,0.8716152906417847,-0.06144857406616211,0,377,546,1265,613,263,262,292
870,13984,18104,1,0.8038619160652161,0.8572436571121216,0.05338174104690552,1,1222,1323,1046,1288,1322,1375,1345
871,14027,21334,3,0.9588717222213745,0.8756019473075867,-0.08326977491378784,0,354,1016,1613,1187,302,378,395
872,14029,17916,3,0.8284609913825989,0.8469141721725464,0.01845318078994751,1,1730,1463,172,1223,1744,1739,1737
873,14053,18029,1,0.739570677280426,0.7189903259277344,-0.02058035135269165,0,368,50,64,17,416,152,159
874,14085,22559,2,0.8411358594894409,0.7946527004241943,-0.04648315906524658,0,1437,884,829,905,1578,1610,1603
875,14090,5101,2,0.9107580780982971,0.8731117248535156,-0.037646353244781494,0,350,693,401,625,338,200,199
876,14138,4164,3,0.895606517791748,0.8811930418014526,-0.01441347599029541,0,681,1041,510,988,684,599,602
877,14176,12299,3,0.9357998371124268,0.8757590055465698,-0.060040831565856934,0,272,814,485,793,243,153,151
878,14179,8348,2,0.9916075468063354,0.6303026676177979,-0.3613048791885376,0,17,64,1695,59,24,38,38
879,14190,19857,4,0.9502119421958923,0.6034846305847168,-0.34672731161117554,0,325,4,1354,2,360,360,381
880,14195,3768,2,0.7946156859397888,0.8419377207756042,0.04732203483581543,1,254,1378,171,1192,378,149,110
881,14225,1336,3,0.8159772753715515,0.8440540432929993,0.028076767921447754,1,1737,1670,432,1548,1722,1719,1719
882,14243,8075,1,0.7897548079490662,0.8856334090232849,0.09587860107421875,1,1511,1676,3,1265,1514,1235,1211
883,14261,17187,1,0.8913664817810059,0.8029813170433044,-0.08838516473770142,0,524,672,1203,701,514,524,549
884,14275,20322,4,0.9379327893257141,0.717873752117157,-0.22005903720855713,0,1408,366,839,270,1452,1496,1522
885,14292,19717,2,0.8697271943092346,0.8391348123550415,-0.030592381954193115,0,457,900,1097,953,517,519,541
886,14322,10141,2,0.9562868475914001,0.7567766308784485,-0.19951021671295166,0,1077,438,1246,423,823,1009,1101
887,14336,2357,2,0.9203463792800903,0.7459862232208252,-0.17436015605926514,0,117,316,747,348,153,146,127
888,14339,6211,2,0.8208701014518738,0.8692457675933838,0.04837566614151001,1,1554,1633,314,1553,1605,1602,1596
889,14342,8840,3,0.8966680765151978,0.8613294959068298,-0.03533858060836792,0,420,1223,962,1303,419,342,309
890,14347,21170,2,0.8669141530990601,0.9218977689743042,0.05498361587524414,1,1000,1450,1136,1484,907,1058,1059
891,14370,13085,2,0.8653802275657654,0.8217028379440308,-0.04367738962173462,0,658,915,1516,1008,631,765,854
892,14376,10594,3,0.7988415360450745,0.8693216443061829,0.0704801082611084,1,1519,1758,367,1745,1433,1414,1426
893,14401,1216,3,0.8737861514091492,0.855840802192688,-0.01794534921646118,0,1777,968,473,928,1774,1779,1779
894,14410,9287,3,0.9187151193618774,0.865414559841156,-0.053300559520721436,0,31,1233,1720,1481,29,40,42
895,14451,11213,2,0.8224779963493347,0.7788929343223572,-0.04358506202697754,0,93,1176,1749,1394,91,124,131
896,14453,2391,10,0.9412407875061035,0.6347817182540894,-0.30645906925201416,0,149,368,1103,341,142,97,89
897,14462,17469,1,0.8271464109420776,0.8874080181121826,0.06026160717010498,1,954,1620,1372,1665,978,1142,1128
898,14477,21873,4,0.9786694645881653,0.6949986815452576,-0.2836707830429077,0,134,269,1366,229,129,68,63
899,14484,20043,5,0.9016387462615967,0.6830356121063232,-0.21860313415527344,0,966,603,800,614,786,786,740
900,14492,19160,2,0.9000787734985352,0.7220727801322937,-0.17800599336624146,0,716,286,1097,338,711,739,644
901,14572,9115,4,0.9315729141235352,0.7853320837020874,-0.14624083042144775,0,178,627,1084,657,319,154,168
902,14596,15381,3,0.9130549430847168,0.7967067956924438,-0.11634814739227295,0,548,630,1428,770,498,609,607
903,14610,1356,3,0.9054056406021118,0.8730471730232239,-0.03235846757888794,0,282,1380,1035,1328,333,283,250
904,14642,8763,2,0.8820288181304932,0.8810616731643677,-0.0009671449661254883,0,639,1431,405,1346,594,451,441
905,14643,19504,2,0.9261005520820618,0.890229344367981,-0.03587120771408081,0,3,1243,545,1152,3,4,4
906,14651,1236,2,0.8591058254241943,0.849341630935669,-0.00976419448852539,0,811,1420,1000,1504,1031,1094,1094
907,14653,21776,2,0.9492760896682739,0.8037718534469604,-0.14550423622131348,0,646,571,1186,588,578,640,655
908,14670,20283,2,0.9044480323791504,0.8397701382637024,-0.064677894115448,0,858,913,826,935,832,822,839
909,14686,14727,4,0.9247927665710449,0.7729119062423706,-0.15188086032867432,0,1139,588,1255,638,942,1104,1110
910,14704,21350,3,0.9357823133468628,0.6544588804244995,-0.2813234329223633,0,46,152,1769,265,42,107,126
911,14732,1250,3,0.9074907302856445,0.7363362908363342,-0.1711544394493103,0,1395,387,210,282,1378,1198,1236
912,14763,18116,4,0.9018787145614624,0.8186799883842468,-0.08319872617721558,0,794,819,438,797,730,654,665
913,14781,22623,2,0.8397192358970642,0.8439001441001892,0.004180908203125,1,575,1237,212,1093,605,424,401
914,14785,1255,2,0.8548077344894409,0.790120005607605,-0.06468772888183594,0,1262,815,861,846,1369,1413,1395
915,14831,1259,2,0.9113680124282837,0.7254949808120728,-0.18587303161621094,0,1352,58,6,22,1428,1103,1198
916,14838,20098,1,0.9254536628723145,0.8574155569076538,-0.06803810596466064,0,32,82,597,136,26,19,20
917,14850,2417,3,0.8460910320281982,0.8906968832015991,0.04460585117340088,1,1604,1646,561,1500,1622,1590,1594
918,14876,7053,2,0.9536430835723877,0.6901140809059143,-0.2635290026664734,0,229,123,1505,136,238,245,233
919,14889,20355,3,0.8562883734703064,0.8446417450904846,-0.011646628379821777,0,399,1194,1017,1187,332,306,255
920,14892,15985,2,0.8461859226226807,0.8513068556785583,0.0051209330558776855,1,330,1389,188,1245,380,190,161
921,14913,21489,2,0.9334532022476196,0.8624503016471863,-0.07100290060043335,0,1034,1009,1001,1111,1097,1168,1177
922,14938,23022,2,0.8690289855003357,0.8633348941802979,-0.005694091320037842,0,641,1297,816,1230,478,427,438
923,15000,16872,2,0.9600698947906494,0.7961165308952332,-0.16395336389541626,0,169,487,1297,504,182,83,81
924,15002,10403,2,0.918133020401001,0.7907192707061768,-0.12741374969482422,0,250,609,1559,766,244,289,276
925,15007,4536,3,0.8007449507713318,0.8087022304534912,0.007957279682159424,1,1331,1268,1324,1320,1311,1395,1401
926,15009,1704,1,0.9122492671012878,0.7173925638198853,-0.1948567032814026,0,604,435,1377,455,668,868,866
927,15010,18527,5,0.8923813700675964,0.6083726286888123,-0.2840087413787842,0,563,180,1394,189,702,823,875
928,15031,6584,2,0.9183629751205444,0.8446213603019714,-0.073741614818573,0,110,803,1094,862,124,36,32
929,15032,1285,3,0.9265965223312378,0.8669710755348206,-0.059625446796417236,0,72,830,482,816,57,39,34
930,15041,17527,2,0.927680492401123,0.874614953994751,-0.05306553840637207,0,119,1361,1662,1529,83,159,153
931,15056,14958,3,0.9224969148635864,0.7229717373847961,-0.19952517747879028,0,78,181,329,151,80,67,70
932,15079,12564,2,0.872318685054779,0.8346905708312988,-0.037628114223480225,0,1001,1163,1161,1138,937,1009,1032
933,15093,18022,2,0.8601042032241821,0.7074293494224548,-0.1526748538017273,0,1644,71,81,69,1599,1459,1436
934,15112,15148,2,0.8331332802772522,0.8807688355445862,0.047635555267333984,1,779,1433,1366,1515,726,966,997
935,15128,17546,2,0.9168915748596191,0.7732570767402649,-0.14363449811935425,0,1545,274,205,256,1592,1512,1514
936,15158,6465,3,0.8131024837493896,0.6926271319389343,-0.12047535181045532,0,749,683,1776,1136,733,1314,1384
937,15159,15955,2,0.8618486523628235,0.8479572534561157,-0.013891398906707764,0,1699,1249,447,1066,1693,1669,1664
938,15173,20362,2,0.9218217134475708,0.8452478051185608,-0.07657390832901001,0,1725,774,719,784,1678,1686,1685
939,15188,19489,2,0.9026932120323181,0.6483650207519531,-0.254328191280365,0,6,24,1678,44,6,6,6
940,15190,7624,2,0.9240580201148987,0.8296043872833252,-0.09445363283157349,0,982,700,1014,736,1094,1136,1152
941,15258,11338,2,0.8767690062522888,0.8586655855178833,-0.018103420734405518,0,840,926,789,881,888,889,954
942,15272,9157,1,0.917576014995575,0.7081003189086914,-0.20947569608688354,0,1025,410,1270,390,969,1175,1202
943,15281,13043,2,0.8348410725593567,0.8636387586593628,0.028797686100006104,1,735,1696,1537,1720,1163,1371,1366
944,15286,11266,4,0.9726794362068176,0.6823729276657104,-0.2903065085411072,0,97,285,1481,277,88,76,80
945,15299,2303,7,0.950202226638794,0.7441523671150208,-0.2060498595237732,0,337,534,246,467,340,102,44
946,15348,13899,2,0.981486976146698,0.6956662535667419,-0.28582072257995605,0,275,325,1466,330,250,199,198
947,15350,18343,1,0.7578703761100769,0.7374646067619324,-0.02040576934814453,0,892,123,180,112,866,583,543
948,15352,20477,1,0.9254689812660217,0.8548942804336548,-0.07057470083236694,0,3,592,1594,711,6,4,4
949,15358,1773,2,0.8852938413619995,0.8488425612449646,-0.03645128011703491,0,631,781,2,511,566,190,132
950,15359,19173,2,0.7018205523490906,0.794096052646637,0.09227550029754639,1,1452,1651,542,1681,1465,1453,1457
951,15360,20473,2,0.9132212400436401,0.8782591223716736,-0.03496211767196655,0,799,1199,1094,1348,792,847,849
952,15377,19587,3,0.9751390814781189,0.632486879825592,-0.34265220165252686,0,231,171,1749,242,230,301,316
953,15418,20902,3,0.9157999753952026,0.8482739925384521,-0.06752598285675049,0,668,872,1015,930,739,828,847
954,15443,17218,4,0.8418834209442139,0.8734756112098694,0.03159219026565552,1,1550,1576,1103,1643,1473,1560,1569
955,15469,10970,2,0.7875162363052368,0.8238729238510132,0.03635668754577637,1,736,765,1526,842,599,820,797
956,15474,22853,3,0.9360203146934509,0.8474947214126587,-0.08852559328079224,0,1116,533,235,501,1129,945,956
957,15510,11289,3,0.9184492230415344,0.8222347497940063,-0.09621447324752808,0,404,553,991,556,404,372,405
958,15515,20780,3,0.8259492516517639,0.8898090720176697,0.06385982036590576,1,506,1330,162,1223,579,466,400
959,15545,1347,2,0.8415915369987488,0.7742167115211487,-0.0673748254776001,0,1711,772,1169,837,1735,1760,1760
960,15554,21350,2,0.8252982497215271,0.7111510038375854,-0.11414724588394165,0,195,267,148,228,208,131,119
961,15559,1350,6,0.9235555529594421,0.7980943322181702,-0.12546122074127197,0,847,829,232,727,877,694,665
962,15592,21881,2,0.9197720289230347,0.8831650018692017,-0.03660702705383301,0,345,871,820,870,336,285,337
963,15605,2198,6,0.9247636198997498,0.7658682465553284,-0.1588953733444214,0,1120,645,374,625,976,843,792
964,15642,9522,2,0.7384620308876038,0.8752182126045227,0.13675618171691895,1,1732,1745,116,1720,1726,1709,1711
965,15673,14195,3,0.9853953719139099,0.6775392889976501,-0.30785608291625977,0,80,262,1486,253,54,38,35
966,15700,17099,2,0.9669921398162842,0.7090883255004883,-0.2579038143157959,0,172,383,1456,400,187,116,104
967,15710,22017,2,0.8656271696090698,0.7947111129760742,-0.0709160566329956,0,1572,720,131,620,1586,1430,1424
968,15745,13494,3,0.934539794921875,0.8744719624519348,-0.060067832469940186,0,33,893,272,772,31,5,5
969,15751,19277,3,0.86830073595047,0.7344159483909607,-0.13388478755950928,0,407,579,1731,825,388,502,531
970,15801,1667,4,0.8720100522041321,0.7419136762619019,-0.13009637594223022,0,1429,314,205,249,1423,1297,1264
971,15807,7250,1,0.7547320127487183,0.805133044719696,0.05040103197097778,1,1674,1515,605,1445,1650,1645,1638
972,15821,22155,1,0.7595686912536621,0.786608874797821,0.027040183544158936,1,1317,892,284,736,1347,1224,1188
973,15844,11702,2,0.9411088228225708,0.7154116630554199,-0.22569715976715088,0,180,233,936,218,188,155,145
974,15864,16440,2,0.8450536131858826,0.8252130746841431,-0.019840538501739502,0,1568,979,893,1012,1592,1622,1631
975,15878,2969,2,0.9045348763465881,0.7508301138877869,-0.15370476245880127,0,1638,448,146,395,1661,1598,1628
976,15919,21491,3,0.9249700307846069,0.8818455934524536,-0.04312443733215332,0,1134,899,510,878,1074,918,902
977,15924,22007,2,0.9172842502593994,0.8023946285247803,-0.11488962173461914,0,418,408,540,416,347,247,292
978,15934,9770,1,0.9858832359313965,0.6694214344024658,-0.31646180152893066,0,2,232,1622,243,2,1,1
979,15949,10029,2,0.9295960664749146,0.8563522100448608,-0.07324385643005371,0,852,858,309,770,951,823,817
980,15973,20041,6,0.9001728892326355,0.6322262287139893,-0.26794666051864624,0,10,166,1144,144,9,12,12
981,16015,9749,1,0.8650087714195251,0.8460063934326172,-0.01900237798690796,0,467,1080,930,1041,379,355,323
982,16029,17748,4,0.9444354176521301,0.7210322022438049,-0.2234032154083252,0,236,317,1301,299,227,189,179
983,16048,18279,2,0.9788018465042114,0.7813109755516052,-0.1974908709526062,0,53,365,1672,470,57,61,62
984,16049,16520,3,0.7783935070037842,0.8511643409729004,0.07277083396911621,1,1158,1694,719,1643,1193,1193,1151
985,16090,22890,3,0.9193931818008423,0.8663634061813354,-0.053029775619506836,0,131,1003,1454,1083,110,128,143
986,16128,22574,1,0.8388190865516663,0.7280553579330444,-0.11076372861862183,0,644,355,671,395,745,713,721
987,16137,12113,2,0.9248977899551392,0.8574490547180176,-0.06744873523712158,0,962,756,173,645,1003,780,814
988,16143,19792,1,0.8821237087249756,0.8283159732818604,-0.053807735443115234,0,455,788,463,739,530,457,436
989,16178,20069,2,0.8821496367454529,0.8804064393043518,-0.0017431974411010742,0,1333,1635,1107,1601,1396,1490,1491
990,16202,11857,2,0.8440508246421814,0.8391355276107788,-0.004915297031402588,0,1721,1016,764,1014,1725,1733,1730
991,16204,1437,2,0.8486749529838562,0.7255786061286926,-0.12309634685516357,0,402,52,99,53,555,234,229
992,16209,3528,2,0.7589443325996399,0.876542329788208,0.11759799718856812,1,1719,1528,62,1401,1721,1696,1693
993,16225,20940,4,0.861957848072052,0.8684911131858826,0.006533265113830566,1,1547,1245,91,1098,1556,1467,1459
994,16228,23008,2,0.8561373949050903,0.903930127620697,0.04779273271560669,1,796,1428,602,1402,746,703,695
995,16229,8537,2,0.8731340765953064,0.8661837577819824,-0.006950318813323975,0,1618,1453,134,1282,1576,1508,1515
996,16250,12449,2,0.8428886532783508,0.8152722716331482,-0.027616381645202637,0,1298,734,12,573,1442,1210,1171
997,16263,22109,2,0.9130117893218994,0.8160429000854492,-0.0969688892364502,0,789,631,433,584,661,578,572
998,16318,19822,2,0.8269448280334473,0.8222782015800476,-0.004666626453399658,0,775,1489,1507,1510,883,1103,1161
999,16322,12560,2,0.8398074507713318,0.8441457152366638,0.004338264465332031,1,1035,1127,528,1083,1094,1052,1074
1000,16325,8023,3,0.8996016979217529,0.8193023800849915,-0.08029931783676147,0,1507,747,359,707,1559,1539,1531
1001,16392,14523,3,0.9078245759010315,0.7452123761177063,-0.1626121997833252,0,1094,193,286,201,1025,790,773
1002,16417,22132,5,0.9349522590637207,0.7770423293113708,-0.15790992975234985,0,1186,994,633,998,1159,1137,1135
1003,16427,22986,2,0.8587279319763184,0.8831389546394348,0.024411022663116455,1,572,1294,1295,1304,556,712,713
1004,16431,6015,3,0.9447177052497864,0.9021661877632141,-0.042551517486572266,0,210,1203,884,1134,212,161,145
1005,16437,14570,2,0.8392278552055359,0.8728121519088745,0.03358429670333862,1,1496,1653,1205,1600,1461,1518,1490
1006,16438,22051,1,0.8220473527908325,0.9115237593650818,0.08947640657424927,1,1671,1518,737,1443,1721,1721,1723
1007,16443,16127,2,0.8315154910087585,0.7744225263595581,-0.05709296464920044,0,1064,572,359,523,905,726,648
1008,16461,17922,2,0.781157910823822,0.8257535696029663,0.04459565877914429,1,1515,1574,671,1586,1529,1522,1517
1009,16507,21249,2,0.7625235915184021,0.7699638605117798,0.0074402689933776855,1,198,1514,1349,1508,220,224,264
1010,16520,16926,3,0.9244423508644104,0.6450069546699524,-0.279435396194458,0,11,19,1569,22,12,11,14
1011,16529,4902,4,0.8696607351303101,0.737461268901825,-0.1321994662284851,0,274,519,1678,633,209,367,395
1012,16542,17107,5,0.9322810173034668,0.5791276693344116,-0.3531533479690552,0,17,120,1570,120,23,24,24
1013,16547,19751,2,0.9150170087814331,0.7926011085510254,-0.12241590023040771,0,95,78,1711,87,92,102,103
1014,16608,20995,2,0.9898902773857117,0.69949871301651,-0.29039156436920166,0,1,340,1633,368,1,1,1
1015,16609,17235,2,0.8342623114585876,0.8969579339027405,0.06269562244415283,1,947,1402,57,1248,846,695,685
1016,16620,1865,2,0.8326819539070129,0.8770034909248352,0.044321537017822266,1,1277,1287,247,1233,1164,1041,1029
1017,16623,16217,3,0.9167185425758362,0.7036092281341553,-0.2131093144416809,0,737,365,1574,399,666,940,974
1018,16626,13131,2,0.739341139793396,0.7722599506378174,0.03291881084442139,1,1485,1543,760,1610,1426,1461,1503
1019,16696,2825,4,0.8441199660301208,0.7650140523910522,-0.0791059136390686,0,425,1127,1329,1411,531,592,642
1020,16702,16841,4,0.967163622379303,0.6832060813903809,-0.2839575409889221,0,11,216,1635,264,10,13,13
1021,16710,15817,2,0.8522145748138428,0.7862709760665894,-0.06594359874725342,0,504,742,1095,782,449,430,422
1022,16713,5462,3,0.968450129032135,0.6057279109954834,-0.3627222180366516,0,271,20,1617,18,238,252,263
1023,16734,20060,2,0.8543182611465454,0.8626959919929504,0.00837773084640503,1,1418,1694,1641,1713,1361,1575,1578
1024,16768,13587,2,0.9144917726516724,0.7885357737541199,-0.1259559988975525,0,141,573,1753,782,151,256,309
1025,16773,1552,3,0.9669984579086304,0.7803043723106384,-0.18669408559799194,0,1,33,1677,161,1,1,1
1026,16800,11473,2,0.9864426255226135,0.7719640135765076,-0.21447861194610596,0,1,13,1764,96,1,1,1
1027,16803,10081,2,0.895148754119873,0.8167644739151001,-0.07838428020477295,0,387,624,1669,739,528,802,805
1028,16830,22969,3,0.8196555376052856,0.8528543710708618,0.03319883346557617,1,1128,1538,1310,1526,1149,1236,1225
1029,16835,12222,4,0.8223131895065308,0.7699426412582397,-0.052370548248291016,0,844,1185,1750,1560,846,1399,1429
1030,16868,23032,2,0.9003272652626038,0.8765490055084229,-0.023778259754180908,0,93,792,764,785,123,105,107
1031,16869,1551,2,0.819996178150177,0.8246269822120667,0.0046308040618896484,1,104,1556,1779,1705,136,299,275
1032,16874,5820,3,0.9128702878952026,0.8536140322685242,-0.05925625562667847,0,425,737,170,650,494,253,255
1033,16906,14215,3,0.7594639658927917,0.8830090761184692,0.12354511022567749,1,987,1742,1480,1715,1025,1177,1147
1034,16913,5963,3,0.9327536225318909,0.872024416923523,-0.06072920560836792,0,1008,1078,1226,1125,985,1028,1013
1035,16926,19636,2,0.9479438066482544,0.8566307425498962,-0.09131306409835815,0,22,429,1700,578,22,22,21
1036,16931,1564,2,0.8329068422317505,0.7688488364219666,-0.06405800580978394,0,1047,856,1737,1100,1013,1303,1323
1037,16939,15834,1,0.7786314487457275,0.8928329944610596,0.11420154571533203,1,1172,1045,737,986,1071,1051,1086
1038,16947,2665,3,0.9387345910072327,0.8559037446975708,-0.08283084630966187,0,218,720,720,708,191,100,82
1039,17000,19390,2,0.9779047966003418,0.6616032719612122,-0.31630152463912964,0,27,72,1492,47,24,23,25
1040,17010,22108,4,0.8327315449714661,0.8965702652931213,0.06383872032165527,1,811,1581,229,1520,814,678,649
1041,17054,13659,2,0.8364779949188232,0.8479700088500977,0.011492013931274414,1,591,1607,1239,1704,599,650,652
1042,17055,17216,3,0.912371814250946,0.8563007116317749,-0.05607110261917114,0,1503,954,743,937,1424,1427,1406
1043,17070,21445,2,0.8812756538391113,0.8829123973846436,0.0016367435455322266,1,1749,1615,1095,1557,1742,1742,1738
1044,17090,9490,2,0.9587084650993347,0.8719101548194885,-0.08679831027984619,0,75,226,1128,300,65,26,24
1045,17108,12600,2,0.8131244778633118,0.7862371802330017,-0.02688729763031006,0,250,1252,1254,1355,202,233,224
1046,17113,17560,5,0.9125338196754456,0.7806302905082703,-0.1319035291671753,0,749,1498,997,1528,657,611,648
1047,17121,3491,3,0.9289038181304932,0.8695797324180603,-0.05932408571243286,0,893,1132,1393,1189,828,982,1033
1048,17134,21824,2,0.9165576696395874,0.8890835046768188,-0.027474164962768555,0,421,1587,1636,1649,455,713,742
1049,17157,22582,3,0.9028748273849487,0.8443589210510254,-0.05851590633392334,0,305,806,1050,842,380,433,432
1050,17189,12536,2,0.8600723743438721,0.8111531734466553,-0.0489192008972168,0,515,684,1628,800,221,319,350
1051,17195,8946,2,0.9713143110275269,0.6342368721961975,-0.33707743883132935,0,215,103,1642,99,167,179,179
1052,17268,20868,6,0.8658907413482666,0.6244141459465027,-0.24147659540176392,0,184,186,1570,231,215,307,288
1053,17300,20766,2,0.9598197937011719,0.8542856574058533,-0.1055341362953186,0,386,582,567,545,411,360,374
1054,17302,4815,3,0.9507270455360413,0.7265002727508545,-0.22422677278518677,0,1,180,668,181,1,1,1
1055,17318,23009,4,0.9389311671257019,0.7664914727210999,-0.17243969440460205,0,1027,465,1330,524,972,1192,1284
1056,17330,22894,5,0.9222608208656311,0.8174808621406555,-0.10477995872497559,0,1603,1412,299,1246,1604,1575,1552
1057,17333,21889,10,0.9340826272964478,0.7929535508155823,-0.14112907648086548,0,822,1281,518,1275,725,638,632
1058,17348,22415,2,0.9292051196098328,0.7015848755836487,-0.22762024402618408,0,323,288,1569,313,334,381,377
1059,17397,13078,4,0.9118508696556091,0.7187003493309021,-0.19315052032470703,0,1084,249,245,124,1035,822,780
1060,17398,1642,2,0.9481150507926941,0.8033857345581055,-0.14472931623458862,0,1187,467,19,366,1226,767,771
1061,17399,21685,3,0.9053490161895752,0.7317206859588623,-0.1736283302307129,0,1119,347,1015,401,1090,1099,1116
1062,17423,1645,2,0.9366748929023743,0.8503296375274658,-0.08634525537490845,0,1281,767,1088,791,1373,1355,1410
1063,17447,6485,2,0.8673061728477478,0.8911183476448059,0.023812174797058105,1,510,1631,1233,1719,593,702,671
1064,17453,16841,2,0.9913654327392578,0.6635007858276367,-0.3278646469116211,0,12,189,1639,206,12,12,12
1065,17501,4030,5,0.941484272480011,0.6611844301223755,-0.2802998423576355,0,885,481,1381,557,939,1067,1067
1066,17504,20644,2,0.8786740899085999,0.6749793887138367,-0.20369470119476318,0,473,6,87,6,500,311,281
1067,17533,21760,2,0.9523968696594238,0.7069253325462341,-0.2454715371131897,0,211,136,1223,108,200,177,177
1068,17611,3208,6,0.7598860859870911,0.7503923177719116,-0.009493768215179443,0,1710,1759,965,1741,1668,1689,1686
1069,17621,9882,2,0.9800804257392883,0.663301944732666,-0.3167784810066223,0,222,122,1710,149,187,258,269
1070,17650,22228,10,0.8504852056503296,0.740524172782898,-0.10996103286743164,0,499,1614,686,1614,442,387,394
1071,17665,1920,3,0.9273170828819275,0.8932568430900574,-0.03406023979187012,0,190,1177,1167,1243,178,196,199
1072,17748,13154,3,0.8615418672561646,0.8279551267623901,-0.033586740493774414,0,1692,935,397,891,1663,1631,1632
1073,17770,17729,3,0.7191650867462158,0.777951717376709,0.058786630630493164,1,1171,1721,1768,1763,1307,1613,1609
1074,17810,21639,8,0.8772563338279724,0.759631335735321,-0.11762499809265137,0,920,1441,634,1362,1075,1025,1048
1075,17831,21743,3,0.9565971493721008,0.7292958498001099,-0.22730129957199097,0,223,263,1267,307,218,243,241
1076,17890,9726,2,0.9143730401992798,0.758635401725769,-0.15573763847351074,0,417,435,1001,451,394,394,400
1077,17891,17157,2,0.8993543386459351,0.8510140180587769,-0.0483403205871582,0,154,938,1200,937,124,118,121
1078,17897,3610,2,0.7907055616378784,0.7033810019493103,-0.08732455968856812,0,941,251,19,129,978,632,595
1079,17905,7799,2,0.8984102606773376,0.8747581243515015,-0.02365213632583618,0,1380,1372,1328,1393,1257,1365,1360
1080,17920,20441,2,0.897908627986908,0.8842460513114929,-0.013662576675415039,0,1223,1223,392,1057,1207,1113,1131
1081,17926,22411,2,0.8163830041885376,0.8374912142753601,0.02110821008682251,1,1539,1556,870,1576,1385,1425,1411
1082,17931,21983,2,0.8707824349403381,0.8679620027542114,-0.002820432186126709,0,1078,1454,907,1404,1059,1154,1129
1083,17955,20555,2,0.8631958365440369,0.8877688646316528,0.024573028087615967,1,450,1160,840,1144,533,491,521
1084,17965,4637,10,0.8876994252204895,0.8251913189888,-0.06250810623168945,0,103,1343,8,944,197,26,20
1085,17968,5042,4,0.9419235587120056,0.8353806734085083,-0.10654288530349731,0,19,372,1471,486,69,69,82
1086,17980,18851,2,0.8729448914527893,0.8452393412590027,-0.02770555019378662,0,17,1195,1660,1334,18,23,24
1087,17982,18513,4,0.7719560861587524,0.869239330291748,0.0972832441329956,1,802,1733,332,1694,865,746,713
1088,18003,15088,2,0.9794347882270813,0.7213836312294006,-0.25805115699768066,0,434,290,1560,309,393,442,483
1089,18004,22642,3,0.8900213241577148,0.7870765924453735,-0.10294473171234131,0,495,777,1282,914,466,483,469
1090,18025,21472,3,0.9144893884658813,0.8631250262260437,-0.051364362239837646,0,119,890,1166,925,122,150,136
1091,18040,8969,2,0.9224358201026917,0.8572059273719788,-0.06522989273071289,0,363,864,687,873,448,324,297
1092,18051,20098,2,0.8727893233299255,0.8643827438354492,-0.008406579494476318,0,1714,963,174,780,1697,1665,1658
1093,18053,23018,2,0.7561430931091309,0.895909309387207,0.13976621627807617,1,1167,1717,150,1704,1225,1076,1067
1094,18071,22792,3,0.9284601211547852,0.7597731947898865,-0.16868692636489868,0,566,416,622,437,533,498,482
1095,18075,9221,4,0.8693907260894775,0.8891850709915161,0.019794344902038574,1,646,1735,395,1718,671,503,458
1096,18108,15903,2,0.9199654459953308,0.7376159429550171,-0.18234950304031372,0,303,453,1254,448,330,280,260
1097,18152,1770,2,0.8982730507850647,0.7810449004173279,-0.11722815036773682,0,1662,413,577,382,1665,1646,1648
1098,18159,8496,2,0.965900719165802,0.689469039440155,-0.276431679725647,0,207,114,1596,116,192,215,209
1099,18172,22904,5,0.960597038269043,0.5428666472434998,-0.4177303910255432,0,61,78,1750,124,59,109,125
1100,18173,17218,2,0.8206452131271362,0.8819252848625183,0.06128007173538208,1,1223,1580,728,1638,1085,1095,1076
1101,18182,15603,2,0.7817180752754211,0.8509084582328796,0.0691903829574585,1,676,1139,596,1113,629,576,585
1102,18188,12976,2,0.8300020098686218,0.8917011618614197,0.06169915199279785,1,1709,1351,880,1283,1696,1695,1696
1103,18195,13823,3,0.9399404525756836,0.6538138389587402,-0.28612661361694336,0,403,15,952,4,359,277,294
1104,18199,5685,3,0.8396949768066406,0.8250362277030945,-0.014658749103546143,0,590,931,94,772,633,489,494
1105,18225,22983,4,0.9694839715957642,0.894460141658783,-0.0750238299369812,0,202,1297,1401,1407,148,165,173
1106,18233,22520,10,0.8984575867652893,0.7288713455200195,-0.16958624124526978,0,508,1113,1223,1318,462,540,565
1107,18244,22800,2,0.831643283367157,0.7969054579734802,-0.03473782539367676,0,718,1016,379,933,674,613,599
1108,18280,21939,4,0.907227635383606,0.6900536417961121,-0.2171739935874939,0,985,70,585,54,953,871,843
1109,18326,22202,5,0.7456528544425964,0.7397820353507996,-0.005870819091796875,0,1098,1665,641,1643,1111,1098,1077
1110,18357,12309,2,0.7112259268760681,0.8363526463508606,0.12512671947479248,1,1624,1653,606,1609,1626,1617,1591
1111,18386,20030,2,0.9581738114356995,0.6981029510498047,-0.2600708603858948,0,117,132,1493,157,118,118,123
1112,18388,2531,6,0.9676523208618164,0.5724790096282959,-0.3951733112335205,0,24,39,1618,37,22,27,28
1113,18429,20854,3,0.8783844709396362,0.8461099863052368,-0.032274484634399414,0,785,1259,1643,1533,774,1062,1074
1114,18443,21060,2,0.9180497527122498,0.8866430521011353,-0.0314067006111145,0,1395,1236,1076,1194,1388,1436,1453
1115,18448,12607,2,0.9474703669548035,0.8779137134552002,-0.06955665349960327,0,286,687,707,672,248,220,213
1116,18540,22478,6,0.8064466118812561,0.7804874181747437,-0.02595919370651245,0,1171,1449,360,1347,1225,1127,1085
1117,18542,17931,1,0.8279786705970764,0.8998490571975708,0.07187038660049438,1,593,1483,1612,1667,490,717,756
1118,18551,20348,3,0.9395890235900879,0.7952541708946228,-0.1443348526954651,0,1419,441,14,305,1390,909,945
1119,18583,17957,3,0.8864652514457703,0.6412471532821655,-0.24521809816360474,0,260,42,1726,107,273,534,597
1120,18595,20483,3,0.860728919506073,0.8686853051185608,0.007956385612487793,1,1025,1242,286,1057,892,700,680
1121,18620,4379,2,0.8246892690658569,0.8299431800842285,0.005253911018371582,1,55,1054,1735,1257,77,109,115
1122,18625,7556,2,0.8107631802558899,0.8498603701591492,0.03909718990325928,1,390,1435,1077,1397,420,442,381
1123,18635,22428,2,0.9116876125335693,0.8503540754318237,-0.061333537101745605,0,487,939,250,796,567,321,379
1124,18637,12542,3,0.9636109471321106,0.727171778678894,-0.23643916845321655,0,196,380,1184,344,230,75,43
1125,18646,10957,6,0.9287423491477966,0.7997550964355469,-0.12898725271224976,0,532,686,43,558,529,210,133
1126,18663,23030,5,0.8459322452545166,0.7476406097412109,-0.09829163551330566,0,1735,1176,551,1151,1744,1753,1753
1127,18676,1859,2,0.8918983936309814,0.8570259213447571,-0.034872472286224365,0,908,966,979,951,780,867,917
1128,18688,1860,2,0.731304407119751,0.8214935660362244,0.09018915891647339,1,787,1721,535,1599,1076,979,927
1129,18708,10310,3,0.8837009072303772,0.8613659739494324,-0.022334933280944824,0,1112,1174,63,834,1153,806,712
1130,18718,15708,1,0.8844810724258423,0.8632655143737793,-0.02121555805206299,0,309,1273,1544,1372,310,373,319
1131,18734,20017,4,0.9678841233253479,0.7708094120025635,-0.19707471132278442,0,44,404,1689,517,34,43,39
1132,18739,21618,3,0.94925457239151,0.7799727916717529,-0.16928178071975708,0,64,373,1142,398,70,63,62
1133,18758,22411,1,0.8142571449279785,0.8445740938186646,0.030316948890686035,1,651,1268,127,1113,621,376,408
1134,18771,14627,2,0.8873820304870605,0.8750735521316528,-0.012308478355407715,0,19,1393,432,1317,29,10,8
1135,18807,16345,3,0.8928773999214172,0.8530206680297852,-0.03985673189163208,0,212,937,556,899,351,138,111
1136,18834,19955,2,0.8116503953933716,0.8799504041671753,0.06830000877380371,1,586,1564,58,1409,652,487,476
1137,18860,3484,2,0.866976261138916,0.8876989483833313,0.020722687244415283,1,1761,1408,964,1373,1755,1763,1759
1138,18903,20860,3,0.9300470948219299,0.9119129776954651,-0.018134117126464844,0,271,1473,1448,1475,326,317,311
1139,18911,22344,3,0.9873673319816589,0.6539276242256165,-0.3334397077560425,0,17,192,1694,239,19,23,23
1140,18936,22425,5,0.7794991135597229,0.765809953212738,-0.013689160346984863,0,1495,1623,592,1621,1416,1409,1394
1141,18938,9512,3,0.7805407047271729,0.7999414801597595,0.01940077543258667,1,623,1332,925,1405,639,662,669
1142,18974,17246,2,0.9218246340751648,0.7053719162940979,-0.2164527177810669,0,222,300,1236,218,212,112,85
1143,18994,21451,2,0.9188381433486938,0.6911320090293884,-0.22770613431930542,0,1049,9,75,7,964,680,720
1144,19000,3921,3,0.9103697538375854,0.8244969844818115,-0.08587276935577393,0,413,734,1177,766,378,405,364
1145,19007,9656,4,0.8821138739585876,0.8823602199554443,0.00024634599685668945,1,95,1751,1129,1743,87,80,78
1146,19015,1924,4,0.8517695665359497,0.7618244290351868,-0.08994513750076294,0,1381,700,1556,843,1503,1607,1615
1147,19025,22948,6,0.880763053894043,0.7994790077209473,-0.0812840461730957,0,661,1436,1146,1587,597,685,744
1148,19030,22105,2,0.9384115934371948,0.8808565139770508,-0.05755507946014404,0,399,684,1551,795,324,469,516
1149,19031,13869,2,0.9050944447517395,0.866274893283844,-0.03881955146789551,0,925,805,1215,853,996,1118,1122
1150,19032,22900,3,0.9177186489105225,0.8881714940071106,-0.029547154903411865,0,83,1365,1615,1461,58,81,82
1151,19054,10081,2,0.9559875726699829,0.7996222376823425,-0.15636533498764038,0,320,529,1458,602,263,252,274
1152,19152,4896,2,0.8902315497398376,0.8606886863708496,-0.029542863368988037,0,1512,1212,814,1151,1405,1436,1443
1153,19159,1946,2,0.9856916069984436,0.6546260714530945,-0.3310655355453491,0,264,173,1635,193,253,268,272
1154,19201,5963,3,0.9025193452835083,0.8698515295982361,-0.03266781568527222,0,573,1112,1086,1174,651,645,621
1155,19214,11578,3,0.8083732724189758,0.773500919342041,-0.034872353076934814,0,1289,1631,1771,1758,1202,1587,1627
1156,19225,22894,3,0.8666863441467285,0.878784716129303,0.012098371982574463,1,609,1272,467,1154,751,608,639
1157,19252,20260,10,0.9437809586524963,0.7342628240585327,-0.20951813459396362,0,34,833,1059,889,36,53,59
1158,19253,2979,3,0.9578774571418762,0.6696038246154785,-0.2882736325263977,0,139,54,1292,55,194,174,168
1159,19266,10026,2,0.954481303691864,0.890321671962738,-0.06415963172912598,0,32,845,1069,855,22,17,19
1160,19269,22574,2,0.9001257419586182,0.7167160511016846,-0.1834096908569336,0,525,380,1349,393,515,577,570
1161,19277,19653,5,0.9292173981666565,0.7209985852241516,-0.20821881294250488,0,18,746,1345,874,18,27,29
1162,19279,5877,2,0.8068744540214539,0.8214330673217773,0.014558613300323486,1,1248,1163,570,1138,1238,1230,1247
1163,19304,21267,4,0.900337815284729,0.7591667175292969,-0.14117109775543213,0,385,577,1097,581,354,275,257
1164,19306,18840,2,0.9614359140396118,0.6883845329284668,-0.273051381111145,0,236,261,1484,255,224,192,198
1165,19323,4541,2,0.8691645264625549,0.8998781442642212,0.03071361780166626,1,1366,1628,836,1569,1410,1460,1411
1166,19325,6474,7,0.8809269666671753,0.6294008493423462,-0.2515261173248291,0,1570,287,1002,295,1554,1554,1550
1167,19342,15698,3,0.8620241284370422,0.8531278371810913,-0.008896291255950928,0,1057,1643,1571,1746,1067,1279,1282
1168,19358,11000,2,0.9364805817604065,0.861116349697113,-0.07536423206329346,0,54,906,1303,967,53,85,79
1169,19392,21826,3,0.8440350294113159,0.8578356504440308,0.013800621032714844,1,1623,1200,388,1101,1610,1600,1593
1170,19398,13016,5,0.8611774444580078,0.7178342342376709,-0.14334321022033691,0,869,1077,1296,1210,837,1004,1041
1171,19399,20676,2,0.8773908019065857,0.9257885813713074,0.04839777946472168,1,53,1476,1422,1493,50,73,68
1172,19436,2478,5,0.7921072840690613,0.7671527862548828,-0.024954497814178467,0,1668,1203,36,915,1656,1590,1575
1173,19499,20942,6,0.9411315321922302,0.839056134223938,-0.10207539796829224,0,332,1073,202,911,303,174,177
1174,19544,10842,2,0.9092844128608704,0.831428587436676,-0.07785582542419434,0,569,722,1324,750,474,600,587
1175,19556,7766,2,0.8912063241004944,0.7017438411712646,-0.18946248292922974,0,448,238,317,128,456,292,256
1176,19559,7171,4,0.8998299241065979,0.8130663633346558,-0.08676356077194214,0,1395,560,207,513,1168,923,876
1177,19613,22951,2,0.9113996028900146,0.8839135766029358,-0.027486026287078857,0,131,636,1049,679,127,105,110
1178,19615,12739,3,0.921725332736969,0.8725309371948242,-0.049194395542144775,0,325,1010,1172,1015,451,475,457
1179,19623,5948,3,0.8391685485839844,0.8566494584083557,0.017480909824371338,1,1771,1023,251,910,1762,1758,1757
1180,19634,7865,2,0.9067104458808899,0.87397700548172,-0.03273344039916992,0,1224,1023,219,907,1093,934,902
1181,19643,10121,5,0.8356002569198608,0.7729604840278625,-0.06263977289199829,0,1135,1494,423,1405,1207,1100,1015
1182,19654,7543,2,0.9908223152160645,0.6428148746490479,-0.3480074405670166,0,1,54,1699,54,1,1,1
1183,19662,20144,1,0.9414883255958557,0.8096386790275574,-0.13184964656829834,0,389,515,520,489,271,202,227
1184,19667,5186,5,0.9380870461463928,0.732819676399231,-0.20526736974716187,0,7,850,1583,1035,7,9,13
1185,19673,21734,2,0.9207327365875244,0.8863056302070618,-0.034427106380462646,0,782,1139,814,1163,777,785,787
1186,19728,20685,2,0.8220096230506897,0.8417133688926697,0.01970374584197998,1,1046,1269,882,1342,1058,1116,1147
1187,19740,22923,4,0.9250126481056213,0.8390546441078186,-0.08595800399780273,0,542,949,961,1010,470,412,405
1188,19762,21230,3,0.8758066892623901,0.8898897767066956,0.01408308744430542,1,1540,1622,503,1495,1514,1516,1528
1189,19769,22076,4,0.9392606616020203,0.8827357888221741,-0.05652487277984619,0,1634,1442,1496,1501,1613,1670,1675
1190,19781,13801,2,0.9134505391120911,0.8820071816444397,-0.03144335746765137,0,359,1261,968,1198,425,445,460
1191,19783,12312,3,0.9117377400398254,0.8329052329063416,-0.07883250713348389,0,164,798,1422,864,154,165,185
1192,19786,22892,2,0.8550776839256287,0.8637863993644714,0.008708715438842773,1,1656,1684,1088,1629,1655,1665,1668
1193,19812,3921,2,0.9293931126594543,0.8283917903900146,-0.1010013222694397,0,77,522,722,533,48,28,25
1194,19838,22874,1,0.8354325890541077,0.8839313983917236,0.04849880933761597,1,1240,1389,426,1356,1381,1348,1304
1195,19848,10277,2,0.9066936373710632,0.6954151391983032,-0.21127849817276,0,22,164,1317,193,16,2,3
1196,19864,2046,2,0.8052667379379272,0.7926231622695923,-0.012643575668334961,0,727,1480,1086,1620,809,893,931
1197,19885,11141,4,0.942492663860321,0.834825873374939,-0.10766679048538208,0,1216,774,737,785,1159,1096,1151
1198,19897,19549,3,0.9854163527488708,0.6633176803588867,-0.32209867238998413,0,15,226,1686,270,14,22,23
1199,19920,21319,4,0.9352681636810303,0.858581006526947,-0.07668715715408325,0,13,662,1636,781,12,20,16
1200,19932,22994,2,0.7630525827407837,0.8194795846939087,0.056427001953125,1,909,1335,684,1388,811,802,831
1201,19950,4027,5,0.9576447010040283,0.7952737808227539,-0.16237092018127441,0,212,739,684,766,310,236,240
1202,19958,21364,1,0.8243762254714966,0.6546692848205566,-0.16970694065093994,0,226,8,1400,49,144,144,183
1203,19967,14296,2,0.8371597528457642,0.7501423954963684,-0.08701735734939575,0,89,236,162,224,144,94,90
1204,19970,11091,3,0.8749560713768005,0.6984921097755432,-0.17646396160125732,0,13,320,1776,548,13,34,39
1205,20013,21321,3,0.8884825706481934,0.8516845703125,-0.03679800033569336,0,449,1131,961,1180,461,476,453
1206,20022,16926,2,0.8030111789703369,0.6828027963638306,-0.12020838260650635,0,478,10,304,13,403,241,252
1207,20028,2084,4,0.8579332828521729,0.8162031173706055,-0.04173016548156738,0,1333,1179,303,944,1388,1295,1311
1208,20056,13253,2,0.880277156829834,0.7553918957710266,-0.12488526105880737,0,603,494,726,475,585,536,505
1209,20125,3890,4,0.9328747987747192,0.6894729137420654,-0.2434018850326538,0,761,188,957,153,696,696,718
1210,20128,22921,7,0.8492780923843384,0.7338218688964844,-0.115456223487854,0,293,1670,1304,1743,251,257,277
1211,20130,9758,2,0.8110769391059875,0.8261101245880127,0.015033185482025146,1,1642,1311,503,1306,1704,1696,1702
1212,20153,20298,2,0.9697428941726685,0.7162943482398987,-0.2534485459327698,0,5,331,1453,333,5,4,4
1213,20154,22861,10,0.8829665184020996,0.6749951243400574,-0.20797139406204224,0,525,585,748,548,461,423,436
1214,20166,17148,2,0.923380434513092,0.8199514746665955,-0.10342895984649658,0,764,559,233,535,789,581,631
1215,20210,12542,6,0.9537293314933777,0.6827927231788635,-0.27093660831451416,0,309,396,781,348,308,134,94
1216,20246,22861,4,0.8188772201538086,0.7628142237663269,-0.05606299638748169,0,1058,1064,1292,1142,955,1028,1042
1217,20254,4761,2,0.799986720085144,0.8541909456253052,0.05420422554016113,1,247,1349,44,1100,241,143,121
1218,20301,3740,2,0.710861325263977,0.8037384748458862,0.09287714958190918,1,1499,1656,589,1649,1416,1388,1399
1219,20341,11932,6,0.9567650556564331,0.561492383480072,-0.3952726721763611,0,125,24,1650,24,113,135,189
1220,20359,20926,2,0.9147275686264038,0.7607889175415039,-0.1539386510848999,0,453,394,1189,452,397,411,350
1221,20365,18430,2,0.8659851551055908,0.8641421794891357,-0.0018429756164550781,0,352,1390,1674,1561,389,683,695
1222,20383,2140,3,0.9239197373390198,0.7844569087028503,-0.13946282863616943,0,3,220,302,230,3,2,3
1223,20385,19486,2,0.966061532497406,0.6583970785140991,-0.3076644539833069,0,2,29,1716,45,2,2,2
1224,20449,8717,3,0.9434637427330017,0.7476568818092346,-0.1958068609237671,0,315,332,264,267,343,268,237
1225,20458,7237,2,0.918101966381073,0.8665397763252258,-0.05156219005584717,0,7,1061,645,1033,20,6,6
1226,20464,17422,3,0.893060564994812,0.7829902172088623,-0.11007034778594971,0,548,312,936,349,563,535,510
1227,20472,17785,2,0.919390082359314,0.8666191101074219,-0.05277097225189209,0,94,995,470,962,109,51,39
1228,20483,7661,8,0.746427595615387,0.6400732398033142,-0.10635435581207275,0,1271,1463,1227,1575,1191,1333,1303
1229,20487,21758,3,0.9597027897834778,0.6932216286659241,-0.2664811611175537,0,15,201,1557,218,14,15,15
1230,20488,18116,2,0.8737044930458069,0.8218221664428711,-0.05188232660293579,0,777,995,881,1063,768,801,785
1231,20501,2152,4,0.8720968961715698,0.8819929957389832,0.00989609956741333,1,119,1307,511,1280,129,92,80
1232,20526,23031,5,0.8811649084091187,0.6978381276130676,-0.18332678079605103,0,897,789,1114,881,993,1022,1018
1233,20604,7236,1,0.87525874376297,0.8224176168441772,-0.052841126918792725,0,432,941,1655,1153,284,456,503
1234,20606,22382,3,0.8780949711799622,0.8021316528320312,-0.07596331834793091,0,1275,471,684,449,1253,1226,1236
1235,20607,10524,3,0.9333236813545227,0.9032078981399536,-0.030115783214569092,0,137,1635,1439,1642,88,123,127
1236,20610,20127,6,0.8878810405731201,0.6722984313964844,-0.21558260917663574,0,781,78,1344,70,732,880,875
1237,20678,16440,2,0.8693684935569763,0.8284386396408081,-0.04092985391616821,0,1573,947,1683,1301,1521,1646,1646
1238,20681,7014,5,0.8710013031959534,0.5796641111373901,-0.29133719205856323,0,560,332,1760,487,578,956,1029
1239,20686,22633,3,0.8844731450080872,0.9108015894889832,0.026328444480895996,1,740,1357,964,1302,633,614,607
1240,20689,18133,5,0.9073091149330139,0.8487070202827454,-0.058602094650268555,0,1555,1579,77,1265,1543,1429,1393
1241,20692,21377,4,0.9535245299339294,0.7300240993499756,-0.22350043058395386,0,143,234,406,104,127,77,82
1242,20698,22787,1,0.789588451385498,0.8701545000076294,0.08056604862213135,1,1650,1222,634,1156,1653,1634,1644
1243,20700,14056,2,0.936572253704071,0.8256450295448303,-0.11092722415924072,0,140,608,1646,705,124,145,147
1244,20726,21344,2,0.7908461689949036,0.7594467401504517,-0.031399428844451904,0,1395,806,546,736,1329,1275,1228
1245,20735,18362,6,0.9367385506629944,0.7211935520172119,-0.21554499864578247,0,1292,454,654,454,1240,1255,1216
1246,20748,13394,5,0.9715283513069153,0.6946849822998047,-0.2768433690071106,0,16,519,1310,586,13,15,15
1247,20771,3584,4,0.9347499012947083,0.8252589702606201,-0.10949093103408813,0,960,681,554,666,1085,998,1033
1248,20788,22964,4,0.9341208338737488,0.8121828436851501,-0.12193799018859863,0,48,620,867,599,35,24,19
1249,20790,18728,1,0.821615993976593,0.7778716087341309,-0.04374438524246216,0,954,632,934,591,953,950,919
1250,20815,22929,2,0.9084961414337158,0.9017125368118286,-0.006783604621887207,0,1067,1457,914,1369,973,990,986
1251,20822,20995,2,0.9870432615280151,0.6913696527481079,-0.2956736087799072,0,9,337,1617,360,9,2,2
1252,20827,17276,2,0.9354867339134216,0.8316879868507385,-0.1037987470626831,0,14,772,1737,1014,21,46,47
1253,20847,13670,2,0.8079633116722107,0.7612780928611755,-0.046685218811035156,0,518,846,1114,898,499,492,473
1254,20874,22229,2,0.769183874130249,0.6959785223007202,-0.07320535182952881,0,449,856,1350,1039,444,517,522
1255,20899,18594,1,0.9367866516113281,0.8063213229179382,-0.1304653286933899,0,27,565,1500,615,19,23,22
1256,20926,22545,1,0.925565779209137,0.7635701298713684,-0.16199564933776855,0,735,135,290,145,539,355,366
1257,20943,17912,3,0.9546496272087097,0.889045238494873,-0.06560438871383667,0,528,1050,1291,1090,402,486,486
1258,20989,4642,2,0.9111891984939575,0.8775356411933899,-0.03365355730056763,0,913,1014,938,997,902,959,993
1259,21003,19336,3,0.886298656463623,0.864711582660675,-0.021587073802947998,0,1104,1462,1133,1445,1080,1133,1168
1260,21014,18548,2,0.8969255089759827,0.8473676443099976,-0.04955786466598511,0,102,389,1100,449,75,73,68
1261,21075,16414,2,0.6952351331710815,0.8175976276397705,0.12236249446868896,1,1090,1682,22,1571,991,753,729
1262,21087,22959,3,0.9153785705566406,0.9045215845108032,-0.010856986045837402,0,96,1363,1126,1331,96,101,92
1263,21103,7577,6,0.8861706256866455,0.5810797214508057,-0.30509090423583984,0,747,61,1730,115,760,1112,1171
1264,21115,5810,2,0.9287623167037964,0.7923262715339661,-0.13643604516983032,0,771,489,1203,561,832,878,910
1265,21135,9103,2,0.8704797625541687,0.8733230233192444,0.0028432607650756836,1,1557,1104,364,998,1688,1682,1679
1266,21146,19256,2,0.8783994317054749,0.8446919322013855,-0.033707499504089355,0,644,1282,1226,1294,581,664,641
1267,21178,23026,3,0.8731499910354614,0.8689834475517273,-0.004166543483734131,0,1542,1134,336,1016,1539,1399,1328
1268,21204,13241,3,0.854453444480896,0.8606857061386108,0.006232261657714844,1,1346,1661,1162,1687,1290,1389,1387
1269,21281,13436,3,0.8227474093437195,0.8404273390769958,0.017679929733276367,1,618,1159,1170,1183,518,547,558
1270,21301,19659,2,0.8721686601638794,0.6972259879112244,-0.17494267225265503,0,693,145,422,122,711,587,545
1271,21308,21615,5,0.8934131860733032,0.7284867167472839,-0.1649264693260193,0,1053,1223,1356,1394,988,1152,1193
1272,21322,4304,3,0.9051499962806702,0.8619335889816284,-0.04321640729904175,0,164,1053,1283,1128,387,407,403
1273,21335,22349,3,0.921088695526123,0.8591493964195251,-0.0619392991065979,0,103,947,1268,998,71,81,91
1274,21355,22434,3,0.954288125038147,0.8783276081085205,-0.07596051692962646,0,630,861,1055,901,452,435,410
1275,21366,16956,4,0.9011139273643494,0.6808286905288696,-0.22028523683547974,0,326,71,881,64,411,384,388
1276,21387,4209,5,0.9157683253288269,0.6322945356369019,-0.28347378969192505,0,1235,430,1565,513,1220,1418,1455
1277,21407,8873,2,0.8659461140632629,0.8449701070785522,-0.020976006984710693,0,1327,1245,246,982,1251,1113,1135
1278,21416,11281,3,0.9908612966537476,0.6861198544502258,-0.30474144220352173,0,116,285,1417,232,131,55,46
1279,21446,12804,4,0.8199636936187744,0.8625766038894653,0.04261291027069092,1,1010,1414,619,1391,1000,965,964
1280,21457,20141,8,0.9388883113861084,0.6973410844802856,-0.24154722690582275,0,704,560,816,613,580,574,551
1281,21466,10304,2,0.8664783239364624,0.7408234477043152,-0.12565487623214722,0,249,599,1774,955,243,502,576
1282,21475,20864,2,0.8595306277275085,0.8917683959007263,0.03223776817321777,1,1477,1533,250,1302,1419,1250,1171
1283,21497,15814,4,0.8945978283882141,0.8717969059944153,-0.022800922393798828,0,762,1467,1056,1452,684,700,720
1284,21501,11540,2,0.8336801528930664,0.7249201536178589,-0.10875999927520752,0,991,158,258,170,993,765,742
1285,21512,9479,3,0.8352974653244019,0.6591530442237854,-0.17614442110061646,0,300,9,373,12,319,189,150
1286,21522,8758,2,0.8721806406974792,0.7016557455062866,-0.17052489519119263,0,1559,23,71,25,1482,1297,1278
1287,21538,22434,3,0.9443692564964294,0.8602280020713806,-0.08414125442504883,0,330,830,859,877,319,223,162
1288,21561,2332,2,0.8739898800849915,0.8049610257148743,-0.06902885437011719,0,1779,687,1,413,1779,1779,1779
1289,21572,21942,4,0.9624941945075989,0.6703832149505615,-0.29211097955703735,0,83,306,1686,358,75,97,97
1290,21574,20240,3,0.8117822408676147,0.8407700061798096,0.028987765312194824,1,800,1292,392,1199,978,854,877
1291,21586,22555,7,0.8690909743309021,0.684810996055603,-0.18427997827529907,0,1283,1145,1472,1384,1553,1639,1655
1292,21623,22743,2,0.8902967572212219,0.8564991354942322,-0.033797621726989746,0,1405,1097,555,962,1357,1228,1310
1293,21661,17438,1,0.8683828115463257,0.8588781356811523,-0.00950467586517334,0,1268,1042,950,1113,1229,1307,1325
1294,21677,22775,3,0.876076340675354,0.8909826874732971,0.014906346797943115,1,706,1243,749,1273,815,760,730
1295,21716,11337,2,0.9192516207695007,0.8630393147468567,-0.05621230602264404,0,3,940,992,931,3,2,2
1296,21759,4864,2,0.9093338251113892,0.8084506392478943,-0.10088318586349487,0,362,438,1655,556,280,375,382
1297,21772,22472,1,0.7628532648086548,0.7330166101455688,-0.029836654663085938,0,1694,824,18,559,1682,1623,1612
1298,21813,16292,3,0.9613829255104065,0.7090014815330505,-0.25238144397735596,0,2,171,1236,223,2,3,3
1299,21834,14778,2,0.9527993202209473,0.7779703140258789,-0.17482900619506836,0,290,419,1304,428,260,168,157
1300,21838,22385,3,0.9135129451751709,0.8711196184158325,-0.04239332675933838,0,618,995,996,1003,561,523,581
1301,21842,19186,7,0.8781275749206543,0.7397888898849487,-0.13833868503570557,0,861,1099,1150,1183,879,975,1052
1302,21852,22474,1,0.9131249785423279,0.842294454574585,-0.07083052396774292,0,415,731,1125,736,368,358,374
1303,21859,4334,2,0.927262544631958,0.7090198993682861,-0.21824264526367188,0,17,109,534,117,17,16,13
1304,21890,19794,4,0.910841166973114,0.8469380736351013,-0.0639030933380127,0,1235,860,222,783,1244,1056,994
1305,21896,22532,2,0.8789375424385071,0.840579628944397,-0.03835791349411011,0,1123,1152,285,1035,1120,1001,998
1306,21911,22834,1,0.8211575150489807,0.7838225364685059,-0.037334978580474854,0,1206,567,443,518,1249,1184,1178
1307,21912,22515,3,0.8968392610549927,0.9031058549880981,0.006266593933105469,1,476,1495,857,1495,440,365,339
1308,21941,9811,2,0.889190137386322,0.7182741165161133,-0.17091602087020874,0,828,323,683,303,761,698,681
1309,21955,17716,1,0.8866770267486572,0.8470603823661804,-0.03961664438247681,0,1196,932,820,873,1308,1330,1314
1310,21960,12930,3,0.9349703192710876,0.8311722278594971,-0.10379809141159058,0,848,726,1050,794,844,874,861
1311,21981,14964,2,0.8589260578155518,0.689582884311676,-0.16934317350387573,0,1518,399,451,329,1621,1634,1656
1312,21988,21826,8,0.8917909264564514,0.7379994988441467,-0.1537914276123047,0,55,1034,716,1037,65,69,73
1313,22006,21124,2,0.870398998260498,0.8921010494232178,0.021702051162719727,1,494,1604,589,1628,437,283,225
1314,22024,10954,3,0.7933693528175354,0.8601154088973999,0.0667460560798645,1,1709,1416,84,1201,1695,1669,1669
1315,22037,14510,2,0.907552182674408,0.8305211663246155,-0.07703101634979248,0,1318,750,326,689,1452,1405,1451
1316,22097,8042,2,0.8938388824462891,0.7840536236763,-0.10978525876998901,0,1402,513,133,462,1393,1223,1186
1317,22134,14255,3,0.9904048442840576,0.6479583978652954,-0.3424464464187622,0,111,243,1685,276,110,139,157
1318,22167,22204,6,0.9186467528343201,0.6586568355560303,-0.2599899172782898,0,7,95,1241,94,9,9,9
1319,22172,21217,3,0.9335794448852539,0.8645679950714111,-0.06901144981384277,0,785,910,1588,1031,751,965,1018
1320,22176,22909,3,0.8894460201263428,0.8370797634124756,-0.05236625671386719,0,742,932,933,991,789,818,815
1321,22179,12036,2,0.8669896125793457,0.7320679426193237,-0.13492166996002197,0,305,55,367,74,303,169,157
1322,22183,8766,1,0.8344879746437073,0.782153308391571,-0.05233466625213623,0,1247,727,1024,737,1184,1289,1244
1323,22213,22821,2,0.8134247660636902,0.8416139483451843,0.02818918228149414,1,545,1086,1650,1220,782,1067,1073
1324,22220,3633,3,0.8760035037994385,0.8177898526191711,-0.058213651180267334,0,250,917,569,904,286,107,113
1325,22231,22957,4,0.9238267540931702,0.8817243576049805,-0.0421023964881897,0,1080,1316,653,1283,992,977,954
1326,22238,10831,2,0.910875678062439,0.8855456709861755,-0.025330007076263428,0,116,923,1036,927,68,78,83
1327,22241,2492,3,0.8866999745368958,0.8651701211929321,-0.021529853343963623,0,275,1342,1568,1448,227,312,336
1328,22254,7779,3,0.8175429701805115,0.8904383778572083,0.07289540767669678,1,1574,1587,241,1507,1566,1509,1486
1329,22290,2920,2,0.948685348033905,0.6327438354492188,-0.3159415125846863,0,25,49,1773,82,26,44,58
1330,22302,10918,2,0.9577300548553467,0.8167392015457153,-0.14099085330963135,0,21,39,1137,157,20,17,17
1331,22310,22356,2,0.9219567179679871,0.8964546918869019,-0.025502026081085205,0,621,845,836,840,603,619,645
1332,22315,8077,2,0.9508266448974609,0.6707344055175781,-0.2800922393798828,0,260,130,1491,111,251,246,244
1333,22331,21276,6,0.9157149195671082,0.7152619957923889,-0.20045292377471924,0,261,698,1674,907,287,453,518
1334,22366,18548,4,0.8941410183906555,0.8135554194450378,-0.08058559894561768,0,405,895,1195,1013,404,406,369
1335,22387,5436,2,0.9860861897468567,0.6363431215286255,-0.3497430682182312,0,12,27,1712,28,6,10,10
1336,22400,5895,2,0.7919588088989258,0.8412181735038757,0.04925936460494995,1,651,1580,503,1553,754,602,528
1337,22429,20893,2,0.9363648891448975,0.8860164880752563,-0.05034840106964111,0,1190,950,542,916,1110,1000,1017
1338,22445,22213,8,0.9573774337768555,0.6903157830238342,-0.26706165075302124,0,11,645,1557,785,11,12,13
1339,22463,19474,2,0.9677319526672363,0.7283253073692322,-0.23940664529800415,0,28,336,1410,349,29,23,24
1340,22482,17922,2,0.7218949794769287,0.835935115814209,0.11404013633728027,1,1047,1754,62,1721,1173,967,904
1341,22490,22853,2,0.9149967432022095,0.813690721988678,-0.1013060212135315,0,1270,626,792,585,1258,1326,1350
1342,22501,19837,4,0.922408401966095,0.8673198223114014,-0.055088579654693604,0,815,1035,498,968,746,601,616
1343,22502,13175,2,0.881961464881897,0.8484383821487427,-0.0335230827331543,0,1126,990,478,868,1184,1130,1149
1344,22508,13453,4,0.8741825222969055,0.643042266368866,-0.23114025592803955,0,558,28,1715,72,574,910,1024
1345,22515,6884,2,0.8379433155059814,0.8478450179100037,0.009901702404022217,1,1748,1724,720,1671,1761,1760,1760
1346,22538,12705,2,0.8497732877731323,0.7576049566268921,-0.09216833114624023,0,292,386,324,363,452,295,282
1347,22628,12592,2,0.9786669611930847,0.854637861251831,-0.12402909994125366,0,1,428,1311,517,1,1,1
1348,22630,5059,2,0.9651181697845459,0.6703118681907654,-0.2948063015937805,0,44,23,1637,27,42,35,42
1349,22659,2594,3,0.814437210559845,0.8501996397972107,0.03576242923736572,1,1493,1442,876,1388,1593,1616,1579
1350,22675,23009,2,0.9448257684707642,0.7715204954147339,-0.17330527305603027,0,713,445,1320,476,649,841,921
1351,22695,20610,2,0.8557894825935364,0.8242660760879517,-0.03152340650558472,0,920,776,966,769,1047,1153,1200
1352,22700,4665,2,0.9188604950904846,0.8198443055152893,-0.09901618957519531,0,1237,758,1599,880,1207,1351,1363
1353,22709,3018,3,0.9495207667350769,0.645353376865387,-0.30416738986968994,0,36,197,1741,276,30,47,51
1354,22710,19985,1,0.8581133484840393,0.8452990055084229,-0.012814342975616455,0,515,942,1597,1183,327,500,496
1355,22714,20902,3,0.9524760246276855,0.8856606483459473,-0.06681537628173828,0,9,804,984,841,6,3,3
1356,22731,22913,2,0.809820294380188,0.8776573538780212,0.06783705949783325,1,941,1533,521,1458,836,736,695
1357,22743,10454,1,0.717943549156189,0.8556023836135864,0.13765883445739746,1,1531,1703,94,1668,1473,1397,1378
1358,22767,17099,3,0.8790768980979919,0.789104163646698,-0.08997273445129395,0,1023,505,648,510,962,938,894
1359,22774,22018,7,0.968541145324707,0.6200381517410278,-0.3485029935836792,0,558,250,1102,197,537,572,597
1360,22781,9818,2,0.960345983505249,0.7235240340232849,-0.2368219494819641,0,3,288,1414,279,2,2,2
1361,22782,7186,3,0.9004185795783997,0.8473148941993713,-0.05310368537902832,0,63,755,665,758,116,94,89
1362,22799,17569,7,0.9230857491493225,0.784882128238678,-0.13820362091064453,0,384,1266,926,1276,362,369,365
1363,22827,11953,3,0.9773461222648621,0.6555081009864807,-0.32183802127838135,0,155,148,1565,132,157,143,138
1364,22830,21465,2,0.7471315264701843,0.8455162644386292,0.09838473796844482,1,957,1434,711,1404,734,688,672
1365,22843,22946,2,0.9111310839653015,0.8870579600334167,-0.024073123931884766,0,1329,1267,635,1263,1200,1188,1203
1366,22849,14716,3,0.9578321576118469,0.6399669647216797,-0.31786519289016724,0,1,11,1439,8,1,1,1
1367,22864,4019,4,0.8670654892921448,0.6643942594528198,-0.20267122983932495,0,343,27,605,18,342,248,251
1368,22873,22884,2,0.9057853817939758,0.8097885847091675,-0.09599679708480835,0,1059,575,354,519,1090,957,972
1369,22876,19652,2,0.7807531952857971,0.880275547504425,0.09952235221862793,1,1401,1655,282,1641,1533,1481,1474
1370,22878,16642,2,0.9212507009506226,0.8013922572135925,-0.11985844373703003,0,255,479,857,506,251,270,293
1371,22882,3103,1,0.6596601009368896,0.7354684472084045,0.07580834627151489,1,1509,753,123,586,1540,1280,1223
1372,22928,13697,3,0.97404944896698,0.65559983253479,-0.31844961643218994,0,34,118,1772,231,28,60,74
1373,22929,20978,3,0.9889430403709412,0.6244034171104431,-0.36453962326049805,0,44,81,1716,92,55,59,60
1374,22952,2667,2,0.9775462746620178,0.7604617476463318,-0.21708452701568604,0,1,14,1685,12,1,1,1
1375,22991,16890,2,0.7759535908699036,0.6970916390419006,-0.07886195182800293,0,1267,124,430,107,1194,1056,1041
1376,23048,17424,2,0.9150708317756653,0.7052591443061829,-0.20981168746948242,0,1686,329,1044,197,1704,1729,1734
1377,23064,21429,2,0.9887211322784424,0.6557759642601013,-0.33294516801834106,0,22,126,1528,100,29,25,25
1378,23074,19594,1,0.844154953956604,0.7812503576278687,-0.06290459632873535,0,1536,706,628,668,1538,1552,1553
1379,23081,2686,2,0.9474457502365112,0.8531015515327454,-0.09434419870376587,0,1,431,647,461,1,1,1
1380,23084,9674,4,0.8686351180076599,0.8854169249534607,0.01678180694580078,1,1028,1540,479,1484,981,858,864
1381,23090,12939,2,0.9293517470359802,0.7211846709251404,-0.20816707611083984,0,868,242,796,174,836,793,811
1382,23109,8466,2,0.9929279685020447,0.6492034196853638,-0.3437245488166809,0,273,120,1664,124,276,320,338
1383,23121,18069,3,0.9856942892074585,0.690918505191803,-0.2947757840156555,0,153,308,1449,299,178,106,96
1384,23122,6718,2,0.905921995639801,0.7859859466552734,-0.11993604898452759,0,526,573,1123,567,452,422,408
1385,23135,4395,3,0.9435345530509949,0.7356133460998535,-0.20792120695114136,0,8,23,1776,205,9,23,38
1386,23141,22518,2,0.8783644437789917,0.8477144837379456,-0.030649960041046143,0,1309,988,1217,1006,1270,1377,1374
1387,23175,21615,2,0.8690561056137085,0.859533429145813,-0.009522676467895508,0,807,954,1370,1046,599,759,754
1388,23176,22033,2,0.9565486311912537,0.6697503328323364,-0.28679829835891724,0,405,44,1386,34,408,475,510
1389,23219,22935,2,0.9258132576942444,0.9089981913566589,-0.01681506633758545,0,324,1365,1207,1355,303,336,327
1390,23255,21045,1,0.7885953187942505,0.8674896955490112,0.07889437675476074,1,1024,1505,458,1527,1009,968,975
1391,23256,12526,2,0.889643669128418,0.8523366451263428,-0.037307024002075195,0,714,956,1448,1107,701,855,852
1392,23269,5491,2,0.8394631743431091,0.885530948638916,0.046067774295806885,1,1504,1539,228,1405,1523,1433,1370
1393,23272,23032,2,0.8105292320251465,0.8672252893447876,0.05669605731964111,1,1631,1404,64,1101,1553,1458,1392
1394,23323,4371,3,0.8186526894569397,0.8493708372116089,0.03071814775466919,1,1753,1742,658,1706,1745,1754,1753
1395,23341,2758,2,0.8297147750854492,0.8226019740104675,-0.0071128010749816895,0,1440,727,1159,754,1539,1571,1585
1396,23350,16433,2,0.9310324192047119,0.8941156268119812,-0.03691679239273071,0,392,1282,1627,1376,353,443,513
1397,23358,17611,2,0.8088036179542542,0.84732586145401,0.03852224349975586,1,1564,1682,97,1574,1492,1399,1350
1398,23385,20041,2,0.9621697068214417,0.7004753351211548,-0.26169437170028687,0,118,117,1119,131,101,73,77
1399,23392,17957,2,0.9110127687454224,0.6660267114639282,-0.24498605728149414,0,91,44,1636,108,106,199,207
1400,23442,21500,3,0.8961694836616516,0.8890727162361145,-0.007096767425537109,0,446,1731,1572,1753,358,450,451
1401,23477,9968,2,0.9641201496124268,0.6990370154380798,-0.2650831341743469,0,392,344,1448,349,355,352,367
1402,23487,20913,2,0.8090081214904785,0.8720847964286804,0.0630766749382019,1,625,1763,601,1768,787,723,649
1403,23488,20040,2,0.950600266456604,0.716924250125885,-0.233676016330719,0,301,391,1376,387,345,304,277
1404,23491,19297,2,0.9568011164665222,0.6790485382080078,-0.2777525782585144,0,264,126,1689,170,223,263,283
1405,23515,7733,1,0.9365726709365845,0.8613583445549011,-0.07521432638168335,0,2,11,1609,15,2,2,2
1406,23535,2814,2,0.7679681181907654,0.8463169932365417,0.07834887504577637,1,759,1361,908,1373,642,663,633
1407,23546,9384,2,0.9536545872688293,0.86088627576828,-0.09276831150054932,0,21,631,724,635,22,21,21
1408,23551,19895,5,0.9648789167404175,0.5876914858818054,-0.37718743085861206,0,17,186,1435,156,17,12,15
1409,23605,14776,2,0.9211159348487854,0.8927457928657532,-0.028370141983032227,0,793,1189,415,1048,731,574,555
1410,23615,22533,2,0.9722772836685181,0.8713955879211426,-0.10088169574737549,0,2,84,1210,188,2,2,2
1411,23628,21586,2,0.9148512482643127,0.6431754231452942,-0.27167582511901855,0,82,86,1780,211,93,202,203
1412,23654,21195,2,0.8736546039581299,0.836640477180481,-0.037014126777648926,0,1542,941,763,876,1395,1421,1426
1413,23676,20891,2,0.9094098806381226,0.9002038836479187,-0.009205996990203857,0,77,1313,1589,1383,78,115,129
1414,23682,16818,3,0.8001036047935486,0.8233787417411804,0.023275136947631836,1,1764,1484,1026,1432,1760,1767,1767
1415,23689,20550,2,0.9042319059371948,0.8038832545280457,-0.10034865140914917,0,1687,612,957,603,1662,1676,1683
1416,23729,22966,2,0.90192711353302,0.7076838612556458,-0.19424325227737427,0,120,30,1593,103,130,135,151
1417,23731,17888,3,0.7768122553825378,0.8826572895050049,0.10584503412246704,1,1169,1768,612,1760,1082,1010,993
1418,23758,22059,2,0.9213709235191345,0.867825448513031,-0.053545475006103516,0,112,568,902,595,141,116,121
1419,23766,4576,3,0.8573811650276184,0.8294193744659424,-0.027961790561676025,0,1105,1122,274,947,1169,930,859
1420,23775,17210,2,0.8866803646087646,0.8057590126991272,-0.08092135190963745,0,1225,683,823,668,1190,1220,1250
1421,23787,22511,3,0.9387544989585876,0.8083379864692688,-0.13041651248931885,0,96,332,17,198,125,55,52
1422,23810,15983,3,0.7742713093757629,0.8140733242034912,0.03980201482772827,1,704,1222,527,1191,708,665,666
1423,23832,20282,4,0.9049838185310364,0.8222101926803589,-0.08277362585067749,0,28,945,1120,1004,26,16,16
1424,23833,11835,3,0.8677762150764465,0.7438663244247437,-0.12390989065170288,0,142,51,143,38,151,67,56
1425,23851,15572,3,0.9086723923683167,0.8790267109870911,-0.029645681381225586,0,371,1180,1493,1257,305,358,401
1426,23853,13239,3,0.8683714866638184,0.8470078706741333,-0.02136361598968506,0,1357,1110,1049,1108,1408,1456,1510
1427,23867,3560,2,0.8819465637207031,0.839963436126709,-0.04198312759399414,0,1130,958,1009,952,1074,1205,1262
1428,23876,21895,6,0.9694912433624268,0.6195619702339172,-0.3499292731285095,0,197,268,1593,302,191,199,209
1429,23913,17805,3,0.8424393534660339,0.8466753959655762,0.004236042499542236,1,573,1292,920,1349,618,594,598
1430,23922,17953,4,0.9866464138031006,0.5920149683952332,-0.39463144540786743,0,3,37,1775,70,2,6,6
1431,23923,19829,5,0.878341019153595,0.7984664440155029,-0.07987457513809204,0,627,1361,163,1178,659,493,456
1432,23939,11142,2,0.9052925705909729,0.9227203130722046,0.01742774248123169,1,1112,1489,1007,1444,1134,1291,1279
1433,23943,10945,5,0.8908360600471497,0.5820776224136353,-0.3087584376335144,0,287,75,1742,161,351,634,702
1434,23945,3469,2,0.7825915813446045,0.7683252096176147,-0.014266371726989746,0,699,273,435,238,856,673,618
1435,23953,6193,3,0.9754037261009216,0.7070494890213013,-0.26835423707962036,0,250,275,1364,272,264,258,263
1436,23964,12288,2,0.8355321288108826,0.8067415356636047,-0.028790593147277832,0,1192,923,864,943,888,920,958
1437,23974,13314,2,0.9395171403884888,0.8773830533027649,-0.06213408708572388,0,170,673,813,689,195,174,190
1438,23976,11979,2,0.8637081384658813,0.7942436337471008,-0.06946450471878052,0,1012,381,154,344,981,696,679
1439,23978,13824,2,0.8036689758300781,0.731411874294281,-0.07225710153579712,0,1669,727,537,710,1665,1667,1670
1440,23983,6795,2,0.9772098064422607,0.695107638835907,-0.28210216760635376,0,13,15,1694,76,13,8,7
1441,23990,6893,2,0.8550306558609009,0.7575159072875977,-0.09751474857330322,0,730,340,422,352,649,489,437
1442,24060,19304,2,0.8920800089836121,0.8112651109695435,-0.0808148980140686,0,685,596,852,619,752,714,710
1443,24075,19361,2,0.9143860936164856,0.8819619417190552,-0.03242415189743042,0,1200,1283,108,1050,1311,1123,1126
1444,24090,9853,2,0.8642203211784363,0.8635181784629822,-0.0007021427154541016,0,884,1401,792,1359,711,706,709
1445,24097,22926,2,0.9309456944465637,0.8678994178771973,-0.06304627656936646,0,21,640,885,656,24,17,17
1446,24100,2978,2,0.8788574934005737,0.8050739765167236,-0.0737835168838501,0,1651,736,1119,773,1646,1714,1721
1447,24109,5347,3,0.842385470867157,0.8742175102233887,0.03183203935623169,1,1138,1535,1085,1566,1192,1306,1345
1448,24119,14264,2,0.899017333984375,0.761981189250946,-0.13703614473342896,0,1025,344,418,350,1123,1017,964
1449,24125,15827,3,0.9166792631149292,0.6915241479873657,-0.22515511512756348,0,3,270,1365,245,3,5,4
1450,24134,15865,2,0.8554207682609558,0.8379061222076416,-0.01751464605331421,0,700,1038,592,1013,671,645,635
1451,24139,18362,2,0.936748743057251,0.7506940364837646,-0.18605470657348633,0,521,426,1298,426,500,563,575
1452,24144,11925,3,0.992132842540741,0.644853413105011,-0.34727942943573,0,99,123,1680,137,88,96,100
1453,24151,10817,2,0.8712607622146606,0.669370174407959,-0.20189058780670166,0,1084,22,674,42,1039,1013,1006
1454,24204,20668,2,0.9861255288124084,0.6263829469680786,-0.35974258184432983,0,7,63,1736,70,3,5,5
1455,24269,12686,2,0.9352542161941528,0.8550918698310852,-0.08016234636306763,0,1072,807,136,693,1042,836,792
1456,24285,22346,2,0.8443059921264648,0.7001184225082397,-0.1441875696182251,0,1095,43,259,56,1047,854,826
1457,24299,21798,5,0.8764187097549438,0.7641894221305847,-0.11222928762435913,0,1312,1466,1083,1496,1090,1090,1132
1458,24323,3050,3,0.8969365954399109,0.8109394907951355,-0.08599710464477539,0,845,848,739,877,825,755,703
1459,24333,19794,2,0.8809877634048462,0.8256751298904419,-0.0553126335144043,0,608,778,934,796,543,529,549
1460,24343,22903,3,0.8897613883018494,0.8499002456665039,-0.03986114263534546,0,368,1019,1233,1030,297,309,297
1461,24369,12617,2,0.8927247524261475,0.7669527530670166,-0.12577199935913086,0,1587,449,316,427,1587,1541,1540
1462,24371,6879,3,0.9279759526252747,0.7839934825897217,-0.14398247003555298,0,153,562,1150,602,263,91,55
1463,24395,3730,3,0.8094359636306763,0.8469468951225281,0.03751093149185181,1,1554,1252,619,1260,1667,1682,1685
1464,24398,10401,3,0.9554176330566406,0.8218859434127808,-0.13353168964385986,0,23,563,963,608,26,23,23
1465,24407,3073,3,0.9522950053215027,0.7172448039054871,-0.23505020141601562,0,41,137,400,94,40,19,15
1466,24412,22990,5,0.920609712600708,0.7724434733390808,-0.1481662392616272,0,316,1160,1078,1273,338,289,250
1467,24449,11328,2,0.9512755870819092,0.748262882232666,-0.20301270484924316,0,458,416,1198,404,426,400,394
1468,24480,22939,1,0.9519065618515015,0.8640947937965393,-0.08781176805496216,0,23,177,1669,357,22,25,35
1469,24524,16859,2,0.9898918271064758,0.657200038433075,-0.3326917886734009,0,109,210,1609,212,108,110,108
1470,24530,15913,2,0.9566805958747864,0.7538252472877502,-0.20285534858703613,0,173,338,1531,358,127,131,145
1471,24544,20503,4,0.9015932083129883,0.8220857381820679,-0.07950747013092041,0,740,981,1159,1050,730,817,842
1472,24580,3113,2,0.96784508228302,0.7900318503379822,-0.17781323194503784,0,42,42,1730,93,48,50,58
1473,24601,21110,2,0.8410590291023254,0.6829143762588501,-0.15814465284347534,0,893,28,195,32,962,731,685
1474,24616,20312,2,0.7571302652359009,0.8687434196472168,0.11161315441131592,1,1126,1671,332,1694,1093,1002,999
1475,24629,11589,2,0.9119872450828552,0.838881254196167,-0.07310599088668823,0,549,784,854,794,573,570,549
1476,24636,21734,7,0.9602034687995911,0.7744994759559631,-0.18570399284362793,0,642,1189,1145,1276,696,766,764
1477,24648,16873,3,0.9097304940223694,0.7680732011795044,-0.141657292842865,0,351,524,1061,528,362,307,258
1478,24652,13175,2,0.9248898029327393,0.8402718305587769,-0.0846179723739624,0,818,629,350,595,906,727,787
1479,24738,20641,2,0.8841949105262756,0.886091411113739,0.001896500587463379,1,413,1421,1595,1559,279,456,457
1480,24755,20801,3,0.9817070364952087,0.6556640863418579,-0.32604295015335083,0,53,223,1718,276,54,75,73
1481,24836,12657,1,0.9083356261253357,0.8645576238632202,-0.04377800226211548,0,544,911,1479,994,450,636,694
1482,24841,19955,2,0.8510106205940247,0.8883258104324341,0.037315189838409424,1,1431,1644,791,1543,1485,1491,1492
1483,24869,16217,2,0.9186148047447205,0.6838060617446899,-0.23480874300003052,0,358,391,1409,404,360,374,377
1484,24911,3188,2,0.9321423172950745,0.6245439052581787,-0.30759841203689575,0,22,4,1670,4,18,23,25
1485,24913,20793,3,0.8801617622375488,0.7655854821205139,-0.11457628011703491,0,908,167,29,94,714,328,295
1486,24929,9508,4,0.8752792477607727,0.7994208931922913,-0.07585835456848145,0,1530,840,125,690,1541,1428,1447
1487,24977,15619,4,0.8568361401557922,0.8785865306854248,0.02175039052963257,1,785,1340,510,1240,645,556,507
1488,24978,3825,3,0.8269844055175781,0.7771542072296143,-0.04983019828796387,0,474,1007,1580,1282,472,568,554
1489,24995,8537,2,0.7916156053543091,0.8749690651893616,0.08335345983505249,1,1688,1755,1064,1744,1703,1714,1701
1490,25069,20803,3,0.9654844999313354,0.9098713994026184,-0.05561310052871704,0,577,1174,1219,1223,525,559,578
1491,25110,19052,3,0.9551345705986023,0.8692185878753662,-0.08591598272323608,0,4,497,1399,583,3,3,3
1492,25184,22884,2,0.8428491950035095,0.8252532482147217,-0.017595946788787842,0,1004,755,460,684,1081,1006,966
1493,25197,17183,1,0.9642692804336548,0.7041165828704834,-0.2601526975631714,0,172,332,1517,348,218,189,182
1494,25198,5082,1,0.9812578558921814,0.6086320281028748,-0.37262582778930664,0,33,7,1748,7,27,61,62
1495,25245,5847,2,0.8613541722297668,0.8844028115272522,0.02304863929748535,1,143,1343,388,1222,158,121,115
1496,25265,17953,3,0.8224997520446777,0.6975610852241516,-0.12493866682052612,0,767,104,464,141,816,676,667
1497,25268,18542,4,0.8767496943473816,0.889237105846405,0.012487411499023438,1,561,1397,218,1198,602,447,426
1498,25289,13001,2,0.9432432055473328,0.7097890973091125,-0.23345410823822021,0,268,381,1421,400,291,250,224
1499,25300,8410,2,0.9290814995765686,0.8776533007621765,-0.05142819881439209,0,442,1026,1075,1007,522,630,693
1500,25328,13078,2,0.7581877708435059,0.7509392499923706,-0.007248520851135254,0,751,766,74,621,804,529,452
1501,25329,22355,2,0.941769540309906,0.8601069450378418,-0.08166259527206421,0,218,514,980,533,251,194,179
1502,25337,22252,2,0.8537073135375977,0.8574590682983398,0.0037517547607421875,1,247,1703,1434,1712,295,440,399
1503,25339,19835,3,0.9140188694000244,0.8914929628372192,-0.022525906562805176,0,513,1336,435,1200,496,367,362
1504,25396,19069,3,0.8797429203987122,0.8332861065864563,-0.04645681381225586,0,520,881,1092,972,572,644,660
1505,25397,17369,3,0.9651914238929749,0.6786437630653381,-0.2865476608276367,0,110,147,1603,169,92,93,88
1506,25407,11829,8,0.9249376654624939,0.578111469745636,-0.3468261957168579,0,132,17,764,11,131,70,62
1507,25438,21384,5,0.9440006017684937,0.7395198345184326,-0.20448076725006104,0,31,843,1441,1023,29,29,29
1508,25440,3344,2,0.9038923382759094,0.7779653072357178,-0.12592703104019165,0,156,442,601,448,194,157,133
1509,25443,3637,2,0.9600772857666016,0.7104777097702026,-0.24959957599639893,0,162,295,1349,226,117,56,55
1510,25453,22826,6,0.944757878780365,0.8405792713165283,-0.10417860746383667,0,50,920,116,801,42,16,14
1511,25462,21436,2,0.9278533458709717,0.7299670577049255,-0.19788628816604614,0,472,260,389,170,460,332,312
1512,25485,19663,3,0.8866130709648132,0.8861003518104553,-0.0005127191543579102,0,1575,1488,1346,1517,1628,1664,1669
1513,25490,20564,2,0.8562968373298645,0.8986032605171204,0.04230642318725586,1,710,1613,1104,1564,845,921,915
1514,25492,21146,2,0.955618679523468,0.7903136610984802,-0.1653050184249878,0,742,460,715,467,674,599,598
1515,25518,3726,3,0.9062523245811462,0.7661980986595154,-0.14005422592163086,0,1141,520,429,478,1053,972,980
1516,25532,3382,2,0.8414326906204224,0.8230651617050171,-0.018367528915405273,0,200,783,485,682,201,144,114
1517,25605,9388,3,0.9072746634483337,0.833077609539032,-0.07419705390930176,0,2,1001,1553,1130,2,3,3
1518,25607,9388,3,0.9715526700019836,0.8255186676979065,-0.14603400230407715,0,3,74,1622,96,3,2,2
1519,25609,3396,2,0.7849271893501282,0.8683933019638062,0.08346611261367798,1,1587,1643,355,1650,1572,1557,1565
1520,25612,13511,1,0.9666531085968018,0.6394193768501282,-0.3272337317466736,0,114,52,1689,54,170,210,219
1521,25629,10362,4,0.9600189924240112,0.7812538743019104,-0.17876511812210083,0,157,484,1237,515,128,65,80
1522,25657,3415,3,0.9025070071220398,0.8380317091941833,-0.06447529792785645,0,982,1006,1496,1167,950,1101,1094
1523,25658,9868,2,0.9685932993888855,0.8430922031402588,-0.1255010962486267,0,703,651,1223,706,630,738,809
1524,25687,22642,2,0.8659651875495911,0.7990564703941345,-0.06690871715545654,0,529,881,1109,977,492,497,492
1525,25689,19835,7,0.9185892939567566,0.8127524852752686,-0.10583680868148804,0,1026,1509,296,1362,885,702,713
1526,25694,22958,2,0.9505494832992554,0.8510721921920776,-0.09947729110717773,0,176,276,1209,384,164,138,148
1527,25708,14877,3,0.9120437502861023,0.8296421766281128,-0.0824015736579895,0,499,744,299,678,571,440,404
1528,25714,9384,2,0.9146932363510132,0.8441199660301208,-0.07057327032089233,0,1184,836,369,780,1259,1171,1182
1529,25771,16586,2,0.910202145576477,0.8550522923469543,-0.055149853229522705,0,363,1073,1574,1316,337,442,467
1530,25789,3485,4,0.7021732330322266,0.7927310466766357,0.09055781364440918,1,1600,1726,135,1649,1569,1485,1466
1531,25792,15648,2,0.9922296404838562,0.6140784025192261,-0.3781512379646301,0,12,19,1749,31,9,12,12
1532,25862,5520,4,0.9586665630340576,0.7087335586547852,-0.24993300437927246,0,20,115,1742,244,27,32,32
1533,25867,11106,1,0.8005666732788086,0.8075453042984009,0.006978631019592285,1,1129,796,1124,806,787,903,924
1534,25885,22472,4,0.945300281047821,0.6920508146286011,-0.25324946641921997,0,1177,323,768,143,1192,1219,1247
1535,25900,19526,2,0.9665428996086121,0.6948627829551697,-0.2716801166534424,0,4,201,1629,238,4,5,4
1536,25938,6195,5,0.9625450372695923,0.6169770359992981,-0.3455680012702942,0,267,344,1604,402,260,289,297
1537,26003,22144,2,0.9255161881446838,0.8682121634483337,-0.0573040246963501,0,464,1045,1218,1078,365,364,375
1538,26008,3712,6,0.900170087814331,0.8490869998931885,-0.05108308792114258,0,1107,1493,265,1319,1093,858,835
1539,26035,6656,2,0.8678587675094604,0.8597756624221802,-0.008083105087280273,0,1561,981,46,781,1568,1419,1406
1540,26041,15998,2,0.9684452414512634,0.7241994142532349,-0.24424582719802856,0,36,359,1456,380,45,24,21
1541,26065,14871,3,0.9113669395446777,0.7880944609642029,-0.12327247858047485,0,793,591,955,590,579,597,596
1542,26085,21685,2,0.8298293352127075,0.7554669380187988,-0.07436239719390869,0,1097,196,412,184,1024,886,841
1543,26090,20805,2,0.9284869432449341,0.707757830619812,-0.22072911262512207,0,263,257,1575,254,261,292,289
1544,26130,19913,3,0.7902251482009888,0.7930095791816711,0.002784430980682373,1,1179,1265,1205,1434,1084,1228,1225
1545,26156,18394,6,0.9119799137115479,0.8032575249671936,-0.10872238874435425,0,1339,798,169,716,1312,1135,1107
1546,26202,18061,2,0.8352328538894653,0.8634288907051086,0.02819603681564331,1,1365,1247,584,1149,1303,1260,1261
1547,26209,22929,4,0.9484592080116272,0.8965195417404175,-0.05193966627120972,0,288,1303,399,1151,239,139,133
1548,26220,10861,3,0.8580496311187744,0.8763834834098816,0.018333852291107178,1,876,1266,379,1155,899,744,753
1549,26230,8044,2,0.9252837896347046,0.8049836158752441,-0.12030017375946045,0,1689,571,491,532,1677,1663,1681
1550,26233,6714,2,0.9555578827857971,0.6832694411277771,-0.27228844165802,0,402,164,1424,127,388,416,446
1551,26234,6497,2,0.8415895104408264,0.855938196182251,0.01434868574142456,1,776,1318,678,1324,687,623,608
1552,26241,16198,3,0.9198746681213379,0.7324432730674744,-0.18743139505386353,0,284,387,1682,485,239,454,480
1553,26247,7447,3,0.9156268835067749,0.8619035482406616,-0.05372333526611328,0,76,1292,1564,1350,59,69,73
1554,26259,23028,2,0.9588640928268433,0.8755425214767456,-0.08332157135009766,0,125,463,1377,561,111,110,130
1555,26267,22565,3,0.8812412619590759,0.8437739610671997,-0.03746730089187622,0,1206,977,223,835,1145,1001,1020
1556,26276,22807,2,0.8222459554672241,0.8761829733848572,0.05393701791763306,1,1615,1768,1481,1773,1604,1665,1643
1557,26299,3595,2,0.8741693496704102,0.8830114006996155,0.008842051029205322,1,1010,1634,829,1571,980,1013,1015
1558,26321,3599,2,0.8876699209213257,0.752465009689331,-0.13520491123199463,0,207,411,1650,516,234,353,454
1559,26349,22714,2,0.8999719023704529,0.8423098921775818,-0.057662010192871094,0,507,824,659,815,507,498,514
1560,26368,13598,2,0.9027548432350159,0.9078302979469299,0.0050754547119140625,1,308,1672,1622,1722,338,455,417
1561,26369,6033,2,0.7850773930549622,0.7848139405250549,-0.00026345252990722656,0,1057,1506,1598,1689,1064,1336,1408
1562,26371,10742,2,0.8985539674758911,0.8321899175643921,-0.06636404991149902,0,627,895,667,881,528,350,352
1563,26377,9694,5,0.8391238451004028,0.6713804602622986,-0.16774338483810425,0,1,1143,1493,1330,1,1,1
1564,26387,7373,2,0.8061167597770691,0.8535729050636292,0.04745614528656006,1,623,1395,593,1298,911,859,836
1565,26394,13046,4,0.966446578502655,0.8391926884651184,-0.12725389003753662,0,12,629,866,628,7,5,4
1566,26402,14378,3,0.9800377488136292,0.8225845098495483,-0.1574532389640808,0,3,440,846,455,3,3,3
1567,26406,22574,2,0.912135124206543,0.7241882681846619,-0.1879468560218811,0,72,199,1362,331,86,79,73
1568,26437,19112,2,0.9299120903015137,0.7261351346969604,-0.20377695560455322,0,887,340,1325,304,714,844,893
1569,26448,19900,3,0.9815697073936462,0.6559497117996216,-0.32561999559402466,0,21,180,1730,235,22,26,27
1570,26530,5108,2,0.9390432834625244,0.8563219904899597,-0.0827212929725647,0,772,508,731,521,792,805,879
1571,26532,8504,2,0.8738665580749512,0.8047583699226379,-0.06910818815231323,0,188,146,353,173,245,121,124
1572,26534,22821,3,0.8817048072814941,0.8537729978561401,-0.027931809425354004,0,28,1054,608,1013,30,30,32
1573,26580,9479,2,0.9499507546424866,0.6216500997543335,-0.3283006548881531,0,57,4,1674,4,71,83,90
1574,26583,5903,3,0.8925251960754395,0.7415924072265625,-0.15093278884887695,0,331,323,916,364,481,434,413
1575,26605,22328,5,0.7917851805686951,0.7716957926750183,-0.020089387893676758,0,480,1671,934,1695,606,630,676
1576,26628,4387,3,0.8356764316558838,0.8083817362785339,-0.027294695377349854,0,1162,768,269,708,798,672,645
1577,26630,22004,2,0.8754147887229919,0.733354926109314,-0.14205986261367798,0,1026,290,251,264,980,775,717
1578,26674,13481,2,0.9254474639892578,0.7525985240936279,-0.17284893989562988,0,246,381,909,413,218,210,208
1579,26690,19767,2,0.9570446014404297,0.7329141497612,-0.22413045167922974,0,15,270,1162,292,13,14,13
1580,26817,21758,2,0.8745009899139404,0.7234059572219849,-0.15109503269195557,0,1161,243,746,257,1082,1032,1028
1581,26818,18274,2,0.9854320287704468,0.6958822011947632,-0.2895498275756836,0,32,306,1582,328,40,36,39
1582,26819,3762,2,0.9642226099967957,0.7099549174308777,-0.25426769256591797,0,146,245,1454,245,161,142,129
1583,26850,21345,3,0.9217562079429626,0.7018736004829407,-0.21988260746002197,0,382,290,1509,370,362,416,423
1584,26854,23031,3,0.850545346736908,0.8053932785987854,-0.04515206813812256,0,1587,1003,1170,1015,1578,1625,1619
1585,26857,11685,2,0.9524720311164856,0.7251164317131042,-0.22735559940338135,0,1,208,432,170,1,1,1
1586,26876,22217,3,0.9002505540847778,0.7940021753311157,-0.10624837875366211,0,1392,543,11,413,1432,862,806
1587,26886,22892,3,0.932868480682373,0.8744892477989197,-0.05837923288345337,0,754,756,797,727,740,700,846
1588,26952,12394,2,0.8862442970275879,0.8335562348365784,-0.05268806219100952,0,142,989,1348,1049,194,198,208
1589,26973,15590,2,0.9353021383285522,0.813158392906189,-0.12214374542236328,0,34,580,334,525,107,3,3
1590,27003,11829,2,0.9031956791877747,0.6565723419189453,-0.24662333726882935,0,5,51,1498,23,4,7,7
1591,27006,22480,3,0.9524952173233032,0.8799577951431274,-0.07253742218017578,0,73,947,1653,1094,75,97,115
1592,27028,18091,2,0.9275176525115967,0.888157844543457,-0.03935980796813965,0,374,1128,815,1028,315,273,331
1593,27036,3822,3,0.9172577857971191,0.8071242570877075,-0.11013352870941162,0,8,442,749,474,9,10,10
1594,27046,14483,3,0.9674105644226074,0.7745667099952698,-0.19284385442733765,0,21,465,1346,526,25,19,16
1595,27054,15266,6,0.8603655099868774,0.7524858713150024,-0.107879638671875,0,1,1243,1158,1416,5,1,1
1596,27078,20798,1,0.8365086317062378,0.8504433035850525,0.013934671878814697,1,1534,1287,998,1251,1516,1556,1545
1597,27079,21724,1,0.8773218393325806,0.8312409520149231,-0.04608088731765747,0,776,638,1101,688,660,749,737
1598,27093,21338,1,0.833828866481781,0.8684884905815125,0.034659624099731445,1,209,1561,1488,1604,441,665,623
1599,27126,22144,2,0.9292672276496887,0.8720980286598206,-0.057169198989868164,0,295,604,1256,648,235,222,217
1600,27176,21364,4,0.9242759346961975,0.6438292264938354,-0.28044670820236206,0,69,2,1207,3,81,70,73
1601,27193,3865,2,0.8984552025794983,0.8020865321159363,-0.09636867046356201,0,1042,657,554,626,1099,1073,1114
1602,27215,3869,2,0.7503895163536072,0.8275002837181091,0.07711076736450195,1,974,1508,146,1426,1123,968,925
1603,27234,16763,1,0.8512905240058899,0.7493616342544556,-0.10192888975143433,0,1167,593,923,575,1328,1379,1413
1604,27261,22929,2,0.9566012620925903,0.9083419442176819,-0.04825931787490845,0,158,876,1083,903,170,145,153
1605,27273,22994,2,0.8910319805145264,0.8350817561149597,-0.05595022439956665,0,998,982,1367,1111,887,977,960
1606,27283,17780,3,0.8718722462654114,0.8735328316688538,0.0016605854034423828,1,856,1677,1456,1711,855,967,959
1607,27284,11696,3,0.9040308594703674,0.8537718653678894,-0.05025899410247803,0,185,1186,1335,1267,291,335,377
1608,27312,13482,3,0.8819371461868286,0.8231863975524902,-0.05875074863433838,0,1181,931,1080,1046,1110,1227,1249
1609,27315,21350,5,0.9534265398979187,0.5611150860786438,-0.3923114538192749,0,3,59,1706,94,3,1,1
1610,27344,6982,2,0.8546116352081299,0.8375675082206726,-0.017044126987457275,0,1767,914,71,786,1771,1768,1767
1611,27366,20517,5,0.8596580028533936,0.7333360910415649,-0.1263219118118286,0,613,1121,807,1149,603,595,601
1612,27385,21350,2,0.8031841516494751,0.7138113975524902,-0.08937275409698486,0,621,171,339,176,766,564,494
1613,27392,3947,3,0.8500992059707642,0.8747949004173279,0.02469569444656372,1,1112,1546,531,1412,1299,1227,1237
1614,27396,3948,2,0.8515242338180542,0.838251531124115,-0.013272702693939209,0,42,1668,1694,1698,59,114,103
1615,27417,4170,2,0.9250514507293701,0.854303240776062,-0.0707482099533081,0,1009,839,1092,833,930,967,947
1616,27434,5108,2,0.8034405708312988,0.8536604046821594,0.050219833850860596,1,900,1052,732,1000,996,1028,1004
1617,27437,3955,2,0.706840991973877,0.7821460366249084,0.0753050446510315,1,499,1562,1000,1625,676,647,647
1618,27448,22228,4,0.7880169749259949,0.8159708976745605,0.027953922748565674,1,569,1734,1576,1727,502,686,663
1619,27457,14681,2,0.8358350396156311,0.7885313034057617,-0.047303736209869385,0,1411,736,640,698,1453,1460,1472
1620,27465,17843,1,0.8136621117591858,0.8967719674110413,0.08310985565185547,1,896,1406,1239,1513,826,972,946
1621,27509,17976,2,0.8770895004272461,0.8036524653434753,-0.07343703508377075,0,109,467,618,447,86,36,25
1622,27511,10229,4,0.9274088740348816,0.697835385799408,-0.22957348823547363,0,1,196,1234,159,1,1,1
1623,27514,21866,2,0.9474547505378723,0.8002122640609741,-0.1472424864768982,0,22,386,1545,497,13,15,18
1624,27533,7305,3,0.9386036992073059,0.7885428071022034,-0.15006089210510254,0,1574,512,577,491,1513,1533,1534
1625,27546,3995,2,0.8681609630584717,0.7069383263587952,-0.1612226366996765,0,630,131,364,132,552,418,386
1626,27551,16772,2,0.9797462821006775,0.6722747683525085,-0.30747151374816895,0,10,285,1490,279,12,5,5
1627,27561,10797,4,0.8282561302185059,0.7927507162094116,-0.03550541400909424,0,1779,1292,269,1159,1779,1780,1780
1628,27584,6314,2,0.9820958971977234,0.6550452709197998,-0.3270506262779236,0,149,175,1630,193,178,191,196
1629,27623,4020,2,0.9851974844932556,0.627247154712677,-0.3579503297805786,0,203,56,1594,39,227,233,241
1630,27687,22943,2,0.9346103072166443,0.7957507371902466,-0.1388595700263977,0,1010,569,1060,579,914,1023,1052
1631,27688,19859,2,0.8263503313064575,0.8217465281486511,-0.0046038031578063965,0,1232,1286,770,1315,1186,1204,1168
1632,27690,5745,4,0.970582902431488,0.6856430172920227,-0.28493988513946533,0,240,259,1600,286,208,259,272
1633,27691,10077,3,0.8426675796508789,0.8023327589035034,-0.04033482074737549,0,1324,1078,919,1071,1303,1281,1312
1634,27694,4045,2,0.8406870365142822,0.8347526788711548,-0.005934357643127441,0,1459,1025,413,842,1476,1421,1398
1635,27695,21282,3,0.8466827869415283,0.7765851020812988,-0.07009768486022949,0,1204,1088,1703,1428,1144,1453,1475
1636,27723,6269,2,0.9406444430351257,0.6816510558128357,-0.25899338722229004,0,71,112,1712,136,58,67,72
1637,27750,12454,2,0.8719597458839417,0.84223872423172,-0.02972102165222168,0,983,1189,637,1032,922,886,881
1638,27784,19913,2,0.8739527463912964,0.827013373374939,-0.04693937301635742,0,335,1312,1745,1469,289,545,563
1639,27790,22932,3,0.8619559407234192,0.8706541061401367,0.00869816541671753,1,1144,1584,1178,1615,1034,1157,1195
1640,27815,21742,2,0.9890478253364563,0.6158348321914673,-0.373212993144989,0,198,28,1691,31,205,224,221
1641,27868,14417,2,0.8676930665969849,0.8802283406257629,0.012535274028778076,1,104,1610,1477,1633,76,89,83
1642,27871,4133,5,0.9158260822296143,0.8128933310508728,-0.10293275117874146,0,1176,1130,206,1009,1126,919,907
1643,27888,21021,2,0.9327439665794373,0.9051333665847778,-0.027610599994659424,0,301,1414,1445,1448,244,283,290
1644,27897,22453,3,0.9538311958312988,0.7732574343681335,-0.18057376146316528,0,587,383,1146,411,619,679,696
1645,27915,14062,3,0.8688817620277405,0.8975670337677002,0.028685271739959717,1,1248,1619,672,1557,1211,1157,1169
1646,27927,13376,2,0.7799661159515381,0.8914111852645874,0.11144506931304932,1,650,1767,783,1737,673,598,537
1647,27960,16616,2,0.9289993047714233,0.8654466271400452,-0.06355267763137817,0,642,626,676,627,608,539,552
1648,27996,18274,2,0.8726819753646851,0.7618219256401062,-0.11086004972457886,0,709,329,443,348,761,628,589
1649,28019,20753,2,0.9920238852500916,0.6774494051933289,-0.3145744800567627,0,20,254,1529,241,28,22,21
1650,28052,21446,2,0.7960420250892639,0.8632932901382446,0.06725126504898071,1,1429,1455,341,1420,1457,1423,1418
1651,28056,17693,1,0.9436482787132263,0.7919095158576965,-0.15173876285552979,0,26,441,1711,584,25,29,28
1652,28068,10151,2,0.8393228650093079,0.7372081875801086,-0.10211467742919922,0,1418,179,370,198,1354,1290,1278
1653,28109,6037,3,0.9755523204803467,0.6820061206817627,-0.293546199798584,0,2,215,1626,238,2,2,2
1654,28151,6716,2,0.8334883451461792,0.8078685402870178,-0.025619804859161377,0,835,1160,399,1042,970,836,773
1655,28157,19837,3,0.8947274684906006,0.8898245692253113,-0.004902899265289307,0,483,1117,963,1089,577,610,608
1656,28162,8589,3,0.9549221992492676,0.8071376085281372,-0.14778459072113037,0,1006,450,46,281,966,601,608
1657,28164,17122,2,0.9658827781677246,0.6667556762695312,-0.29912710189819336,0,706,56,1496,40,464,585,633
1658,28177,4284,3,0.9663169980049133,0.8763870596885681,-0.08992993831634521,0,4,893,1449,1000,1,3,3
1659,28212,22701,2,0.8612066507339478,0.8484578132629395,-0.0127488374710083,0,1111,1301,859,1287,1196,1231,1240
1660,28219,6020,5,0.8450661301612854,0.6561949253082275,-0.18887120485305786,0,1628,273,1266,281,1580,1646,1648
1661,28222,21758,2,0.8942935466766357,0.7236881852149963,-0.1706053614616394,0,315,251,741,247,364,322,320
1662,28302,15571,3,0.9297835230827332,0.7024142146110535,-0.2273693084716797,0,13,104,567,88,13,9,12
1663,28353,8812,3,0.9004024863243103,0.7663938999176025,-0.13400858640670776,0,454,294,741,320,455,326,295
1664,28374,21491,3,0.9230617880821228,0.8837125897407532,-0.03934919834136963,0,1268,942,504,907,1189,1033,1016
1665,28390,7170,3,0.9509718418121338,0.8105602860450745,-0.14041155576705933,0,400,505,1062,549,398,374,385
1666,28392,4365,3,0.9238936305046082,0.8334276676177979,-0.0904659628868103,0,515,717,623,718,483,394,376
1667,28403,19563,4,0.9177420735359192,0.783064603805542,-0.1346774697303772,0,1574,510,90,427,1546,1396,1411
1668,28422,15439,8,0.9689833521842957,0.730154812335968,-0.23882853984832764,0,13,721,1673,931,11,20,21
1669,28423,22774,3,0.9068551063537598,0.9049192070960999,-0.0019358992576599121,0,623,1487,624,1371,507,365,364
1670,28426,20054,3,0.8312804102897644,0.8863994479179382,0.05511903762817383,1,1399,1696,948,1604,1350,1367,1355
1671,28482,5967,2,0.807503342628479,0.755534291267395,-0.051969051361083984,0,1727,480,331,447,1719,1704,1705
1672,28496,11069,2,0.9345211982727051,0.802156388759613,-0.13236480951309204,0,68,596,1721,790,64,300,357
1673,28501,21699,3,0.9895132184028625,0.5861513614654541,-0.40336185693740845,0,141,4,1745,8,113,198,204
1674,28504,16291,2,0.967009425163269,0.6898117065429688,-0.2771977186203003,0,26,211,1594,221,18,17,18
1675,28522,21101,1,0.924375593662262,0.8039547204971313,-0.12042087316513062,0,1384,612,1239,655,1259,1382,1372
1676,28548,17822,3,0.9123906493186951,0.6878629922866821,-0.22452765703201294,0,184,74,762,91,182,177,179
1677,28551,18052,2,0.9421945214271545,0.7507869005203247,-0.19140762090682983,0,20,306,1772,590,20,27,31
1678,28556,21338,3,0.9393279552459717,0.8639059662818909,-0.07542198896408081,0,365,916,826,953,366,291,269
1679,28607,6378,2,0.8656308650970459,0.7814050912857056,-0.08422577381134033,0,1506,439,122,416,1436,1268,1226
1680,28625,20923,2,0.8577193021774292,0.7671012282371521,-0.0906180739402771,0,1665,667,916,709,1633,1652,1635
1681,28676,4438,2,0.8537486791610718,0.8631395101547241,0.009390830993652344,1,896,1713,1644,1735,833,1186,1217
1682,28716,11690,2,0.8527388572692871,0.7747611999511719,-0.07797765731811523,0,691,288,475,306,804,669,621
1683,28737,22929,1,0.8202101588249207,0.8806634545326233,0.06045329570770264,1,775,1278,240,1201,770,641,651
1684,28751,5900,2,0.7857896089553833,0.8266448378562927,0.040855228900909424,1,1659,1735,1154,1733,1654,1672,1681
1685,28757,22194,2,0.8989160656929016,0.8277561068534851,-0.0711599588394165,0,1631,679,50,555,1618,1520,1505
1686,28773,20919,1,0.9192936420440674,0.7819845676422119,-0.13730907440185547,0,511,537,1213,541,558,616,635
1687,28781,22267,2,0.8295508623123169,0.8886387348175049,0.05908787250518799,1,655,1757,1623,1768,715,1032,1010
1688,28839,21775,2,0.8724077939987183,0.8166404962539673,-0.05576729774475098,0,473,829,992,807,510,519,445
1689,28868,16859,2,0.9607015252113342,0.6931507587432861,-0.2675507664680481,0,172,192,1631,213,152,164,168
1690,28891,22945,5,0.8878687024116516,0.8219468593597412,-0.0659218430519104,0,887,1363,95,1187,732,502,480
1691,28902,5963,2,0.9096547365188599,0.8797432780265808,-0.029911458492279053,0,1070,1196,1520,1261,1072,1147,1134
1692,28914,10165,2,0.906597912311554,0.8781981468200684,-0.028399765491485596,0,426,1036,725,1032,461,424,426
1693,28938,22772,3,0.8741797804832458,0.8180310130119324,-0.05614876747131348,0,877,798,968,839,777,832,853
1694,28974,9532,3,0.847179114818573,0.8182931542396545,-0.028885960578918457,0,1747,951,43,662,1747,1735,1733
1695,28989,19015,1,0.8192047476768494,0.8240039944648743,0.004799246788024902,1,534,1025,862,1051,581,541,576
1696,29004,17841,2,0.9304537773132324,0.8913350105285645,-0.03911876678466797,0,284,1121,1455,1218,254,266,244
1697,29008,23029,2,0.8792619705200195,0.8977711796760559,0.018509209156036377,1,249,1674,1464,1663,253,317,327
1698,29016,21724,2,0.9592850804328918,0.813572347164154,-0.1457127332687378,0,505,603,1249,637,487,481,469
1699,29075,21624,2,0.9956066608428955,0.6382298469543457,-0.3573768138885498,0,5,80,1724,93,5,4,4
1700,29095,4611,3,0.9785046577453613,0.8736127018928528,-0.10489195585250854,0,17,10,1600,10,16,17,17
1701,29113,21751,1,0.8738216161727905,0.8751220107078552,0.0013003945350646973,1,507,1227,1273,1282,477,612,648
1702,29131,21652,2,0.9459609985351562,0.8579695224761963,-0.08799147605895996,0,1,547,1362,614,1,1,1
1703,29138,8021,3,0.9073328375816345,0.8597694635391235,-0.047563374042510986,0,1631,1132,959,1082,1602,1627,1626
1704,29152,20082,3,0.9402329921722412,0.886403501033783,-0.05382949113845825,0,95,1310,1462,1365,104,111,108
1705,29219,15020,2,0.9349260926246643,0.8302294611930847,-0.10469663143157959,0,1,682,1251,780,1,1,1
1706,29259,20781,4,0.8719840049743652,0.8812382817268372,0.009254276752471924,1,1433,1667,413,1652,1415,1391,1332
1707,29270,16085,1,0.7544329166412354,0.7712377309799194,0.016804814338684082,1,1176,709,367,541,1161,1057,1040
1708,29287,21915,2,0.9212273955345154,0.8643759489059448,-0.05685144662857056,0,580,1110,1658,1373,538,710,724
1709,29302,22862,3,0.9402377605438232,0.9072018265724182,-0.03303593397140503,0,790,1366,1093,1302,768,866,889
1710,29344,15063,4,0.8566604852676392,0.819354236125946,-0.037306249141693115,0,961,1095,718,1042,848,853,914
1711,29362,21639,2,0.8334523439407349,0.8892140984535217,0.055761754512786865,1,730,1277,20,1074,637,419,365
1712,29370,22874,2,0.8470617532730103,0.8699890971183777,0.02292734384536743,1,1315,1362,493,1357,1417,1395,1399
1713,29436,19814,2,0.9207578301429749,0.8283880352973938,-0.09236979484558105,0,1056,451,358,441,856,746,766
1714,29444,9018,2,0.9721233248710632,0.6256517171859741,-0.3464716076850891,0,214,23,1709,21,145,202,211
1715,29504,15682,3,0.9130473136901855,0.8099074363708496,-0.10313987731933594,0,2,422,438,433,2,1,1
1716,29509,22228,2,0.8006259799003601,0.8063158988952637,0.0056899189949035645,1,951,1219,1021,1322,850,927,923
1717,29553,23005,2,0.9490516185760498,0.901627779006958,-0.0474238395690918,0,244,812,1172,843,257,230,209
1718,29689,9075,2,0.8506701588630676,0.807103157043457,-0.043567001819610596,0,1158,1123,1471,1481,1198,1477,1486
1719,29693,15674,3,0.9001409411430359,0.7828168869018555,-0.11732405424118042,0,1594,475,172,435,1650,1620,1626
1720,29720,4878,2,0.9160970449447632,0.7667587995529175,-0.1493382453918457,0,445,512,1363,547,449,484,506
1721,29728,14312,2,0.9275227189064026,0.7462201714515686,-0.18130254745483398,0,515,357,12,148,565,310,269
1722,29729,19837,3,0.91153484582901,0.8931273221969604,-0.01840752363204956,0,549,1253,1023,1225,544,535,483
1723,29741,9164,2,0.9254661798477173,0.8606376051902771,-0.06482857465744019,0,1,650,1096,673,1,1,1
1724,29746,22884,2,0.9531278014183044,0.8015077710151672,-0.1516200304031372,0,72,476,358,461,64,47,45
1725,29759,17613,2,0.7445889711380005,0.7746926546096802,0.030103683471679688,1,1140,1089,391,975,1101,1001,947
1726,29776,4907,2,0.9315316081047058,0.794197142124176,-0.13733446598052979,0,34,518,1775,839,22,52,68
1727,29780,22826,2,0.8602341413497925,0.87461918592453,0.014385044574737549,1,659,1369,368,1266,560,367,342
1728,29791,4920,2,0.9272657036781311,0.8096211552619934,-0.1176445484161377,0,805,509,79,451,954,578,580
1729,29798,21775,3,0.9365271329879761,0.8227970004081726,-0.11373013257980347,0,57,536,854,578,91,97,94
1730,29815,22740,3,0.9465926885604858,0.733249843120575,-0.2133428454399109,0,263,338,1501,375,270,321,344
1731,29851,21900,3,0.8757805228233337,0.7907354235649109,-0.08504509925842285,0,1680,635,22,490,1689,1583,1577
1732,29857,13106,3,0.9484882950782776,0.8925226330757141,-0.05596566200256348,0,84,1052,613,1003,66,41,41
1733,29888,4952,2,0.8465813994407654,0.6908444762229919,-0.15573692321777344,0,556,15,6,8,435,177,185
1734,29916,22004,2,0.7780422568321228,0.7615917325019836,-0.01645052433013916,0,1132,461,189,379,1147,946,899
1735,29935,19454,2,0.8976359963417053,0.8586815595626831,-0.03895443677902222,0,611,927,475,829,604,489,564
1736,29976,12079,3,0.88572096824646,0.850162923336029,-0.03555804491043091,0,1356,1341,878,1245,1357,1391,1392
1737,29984,19819,1,0.8554659485816956,0.857077956199646,0.0016120076179504395,1,852,1116,1483,1172,697,923,960
1738,29988,10633,2,0.9627070426940918,0.7644947171211243,-0.19821232557296753,0,1,264,1339,225,1,1,1
1739,29997,17122,2,0.8953259587287903,0.7119885087013245,-0.18333745002746582,0,1152,52,47,39,1041,713,683
1740,30000,21945,2,0.903972864151001,0.793678879737854,-0.11029398441314697,0,929,671,1729,966,943,1312,1357
1741,30004,22894,2,0.8115652203559875,0.8661841750144958,0.0546189546585083,1,1548,1224,515,1222,1547,1554,1564
1742,30135,13821,3,0.9909172654151917,0.6366814374923706,-0.35423582792282104,0,50,76,1585,60,47,40,41
1743,30150,19633,1,0.8135613799095154,0.8124344944953918,-0.0011268854141235352,0,820,1548,1243,1549,711,826,693
1744,30170,21768,2,0.9374933838844299,0.7647461891174316,-0.1727471947669983,0,466,475,1383,521,433,481,511
1745,30202,10890,4,0.9136258363723755,0.8175819516181946,-0.09604388475418091,0,319,1223,1734,1560,287,706,772
1746,30229,22932,1,0.8889456391334534,0.8661041855812073,-0.022841453552246094,0,156,1157,1300,1200,199,190,206
1747,30236,22349,2,0.908919095993042,0.849536657333374,-0.05938243865966797,0,73,969,1680,1235,70,116,124
1748,30239,22996,3,0.93886798620224,0.8806235790252686,-0.058244407176971436,0,1022,1022,873,975,1079,1038,1089
1749,30261,13591,2,0.8169089555740356,0.7639643549919128,-0.0529446005821228,0,555,973,1499,1301,527,776,787
1750,30263,5137,2,0.8135671615600586,0.8323752880096436,0.01880812644958496,1,648,1163,1029,1240,686,719,694
1751,30303,12630,2,0.9147441387176514,0.7623743414878845,-0.15236979722976685,0,159,476,1349,513,168,80,116
1752,30311,17171,3,0.9344545006752014,0.737639844417572,-0.1968146562576294,0,71,43,780,76,71,59,60
1753,30367,22703,1,0.9593035578727722,0.8998308181762695,-0.059472739696502686,0,132,880,1537,990,117,125,129
1754,30371,14534,2,0.8309054970741272,0.8692969679832458,0.03839147090911865,1,545,1753,1297,1749,524,551,478
1755,30377,19474,2,0.9530166983604431,0.722287654876709,-0.23072904348373413,0,206,317,1506,334,214,195,195
1756,30397,13296,2,0.8725146651268005,0.8518146872520447,-0.02069997787475586,0,91,1079,1273,1113,134,118,108
1757,30398,6105,1,0.8170225024223328,0.8933478593826294,0.07632535696029663,1,727,1101,1187,1105,1052,1138,1202
1758,30423,13448,3,0.9390833973884583,0.6549620032310486,-0.28412139415740967,0,348,81,1726,123,330,416,429
1759,30442,19160,2,0.9549344182014465,0.6852570176124573,-0.26967740058898926,0,9,225,1727,275,9,12,11
1760,30448,19352,4,0.8874471187591553,0.6782110929489136,-0.2092360258102417,0,433,170,1706,221,461,728,719
1761,30469,11591,2,0.9459986686706543,0.8452117443084717,-0.10078692436218262,0,2,479,764,515,2,2,2
1762,30568,10403,3,0.8422865271568298,0.8315866589546204,-0.010699868202209473,0,1178,1149,524,967,1332,1316,1263
1763,30634,20376,4,0.9674464464187622,0.8256898522377014,-0.1417565941810608,0,7,520,680,505,7,6,6
1764,30668,22837,2,0.8200187087059021,0.8680363297462463,0.04801762104034424,1,922,1335,596,1351,1044,976,959
1765,30675,20282,2,0.9298045635223389,0.8412718176841736,-0.08853274583816528,0,149,736,1371,808,120,102,114
1766,30676,18272,2,0.8734332919120789,0.7125102281570435,-0.1609230637550354,0,1204,145,327,137,1232,1093,1090
1767,30680,18807,3,0.8930853605270386,0.8700379729270935,-0.02304738759994507,0,398,739,907,736,408,317,337
1768,30686,17517,3,0.8944718837738037,0.8112939596176147,-0.08317792415618896,0,1465,463,56,424,1211,914,912
1769,30723,15850,2,0.9306394457817078,0.8465889692306519,-0.08405047655105591,0,229,201,1444,348,235,241,270
1770,30737,21505,2,0.8774107694625854,0.8720718026161194,-0.0053389668464660645,0,246,1311,1651,1416,148,320,349
1771,30750,16960,1,0.7280074954032898,0.838923454284668,0.11091595888137817,1,1021,1765,791,1775,821,811,777
1772,30764,22550,1,0.9319659471511841,0.8617390394210815,-0.07022690773010254,0,409,772,1119,762,325,337,365
1773,30780,22892,1,0.7846046090126038,0.8666219711303711,0.08201736211776733,1,1689,1671,651,1658,1632,1641,1631
1774,30826,10817,2,0.7883810997009277,0.6800380945205688,-0.10834300518035889,0,1032,55,319,37,996,860,813
1775,30851,20177,2,0.9403022527694702,0.7743288278579712,-0.16597342491149902,0,645,401,1089,451,584,671,721
1776,30941,18794,2,0.8867661356925964,0.858988344669342,-0.027777791023254395,0,718,1333,1256,1334,860,1013,1047
1777,30948,21947,4,0.9809305667877197,0.7816108465194702,-0.1993197202682495,0,4,33,1494,75,5,5,5
1778,30951,22975,1,0.9432678818702698,0.8572866916656494,-0.08598119020462036,0,56,327,1189,400,55,47,50
1779,30971,7388,2,0.9541710019111633,0.8125253319740295,-0.1416456699371338,0,331,562,1747,743,212,445,504
1780,31018,5520,4,0.9565882682800293,0.6964003443717957,-0.26018792390823364,0,210,359,1622,415,190,219,244
1781,31039,23008,1,0.843785285949707,0.9113150835037231,0.06752979755401611,1,1225,1604,1013,1584,1276,1315,1299
1782,31060,16627,3,0.9213323593139648,0.6936787962913513,-0.22765356302261353,0,237,242,1256,212,257,221,189
1783,31069,15308,3,0.8877026438713074,0.7249510288238525,-0.16275161504745483,0,361,108,141,77,506,252,222
1784,31095,10403,3,0.8757207989692688,0.8001344203948975,-0.07558637857437134,0,1088,743,465,714,1170,1097,1065
1785,31098,21801,2,0.9675254821777344,0.7700996398925781,-0.19742584228515625,0,373,452,1294,460,333,279,272
1786,31126,23019,3,0.9234839677810669,0.8802672028541565,-0.0432167649269104,0,995,1065,1120,1071,854,905,898
1787,31144,21429,3,0.9511529207229614,0.6897258758544922,-0.26142704486846924,0,47,101,1216,80,47,48,52
1788,31160,19010,2,0.939084529876709,0.7619966864585876,-0.17708784341812134,0,750,411,978,440,565,581,582
1789,31179,22347,3,0.9425507187843323,0.6743744015693665,-0.2681763172149658,0,277,61,1681,122,253,355,382
1790,31201,21222,2,0.9683196544647217,0.8751060366630554,-0.09321361780166626,0,167,628,1604,709,158,183,199
1791,31212,21082,1,0.8292275667190552,0.8192435503005981,-0.009984016418457031,0,691,690,1575,767,886,1156,1183
1792,31238,22329,3,0.9951914548873901,0.6364911794662476,-0.3587002754211426,0,17,117,1748,173,17,17,17
1793,31240,20604,2,0.7971965670585632,0.7822930216789246,-0.014903545379638672,0,1734,1379,610,1400,1733,1739,1736
1794,31242,18151,2,0.9350681900978088,0.7134109735488892,-0.22165721654891968,0,97,225,1476,226,61,51,54
1795,31244,15643,2,0.9659396409988403,0.8358614444732666,-0.13007819652557373,0,2,466,894,492,2,2,2
1796,31258,9156,3,0.9392261505126953,0.8691512942314148,-0.07007485628128052,0,6,554,1147,628,6,6,6
1797,31282,23012,4,0.9222441911697388,0.8516619205474854,-0.07058227062225342,0,942,964,964,986,895,889,851
1798,31284,10011,2,0.8942306041717529,0.8469884991645813,-0.04724210500717163,0,683,1157,1285,1212,800,940,938
1799,31317,12120,1,0.7629114389419556,0.8483973741531372,0.08548593521118164,1,816,1474,147,1393,918,754,764
1800,31355,16120,3,0.9358568787574768,0.7763482332229614,-0.15950864553451538,0,1666,228,111,166,1662,1613,1636
1801,31357,21707,3,0.8234561085700989,0.8188298344612122,-0.004626274108886719,0,176,1388,1645,1491,178,287,271
1802,31415,22700,2,0.8966211676597595,0.876257598400116,-0.020363569259643555,0,649,1573,640,1595,680,599,588
1803,31430,19136,2,0.9721804857254028,0.7082842588424683,-0.26389622688293457,0,5,19,1559,33,5,5,5
1804,31478,13117,2,0.9854708909988403,0.6693965196609497,-0.3160743713378906,0,10,178,1572,174,12,10,10
1805,31494,21351,2,0.8105031847953796,0.8693427443504333,0.05883955955505371,1,611,1329,1030,1386,489,465,426
1806,31523,19746,1,0.9355040788650513,0.8428918719291687,-0.09261220693588257,0,874,750,1352,917,806,958,1027
1807,31541,17669,6,0.8162107467651367,0.8133922815322876,-0.002818465232849121,0,1281,1570,526,1546,1202,1165,1163
1808,31560,10045,2,0.8792800307273865,0.7942134141921997,-0.08506661653518677,0,846,544,551,533,1036,981,972
1809,31563,21489,1,0.9353253245353699,0.8717559576034546,-0.06356936693191528,0,56,437,1101,485,52,42,42
1810,31626,14242,2,0.9715109467506409,0.7076746821403503,-0.2638362646102905,0,19,139,1056,108,20,14,15
1811,31633,18213,4,0.9161603450775146,0.8016376495361328,-0.11452269554138184,0,1620,591,452,548,1600,1586,1576
1812,31645,12017,2,0.8890955448150635,0.8522377014160156,-0.03685784339904785,0,1102,917,1087,914,1107,1261,1250
1813,31708,20039,2,0.9907828569412231,0.6559321880340576,-0.3348506689071655,0,240,167,1603,167,229,231,228
1814,31731,21583,3,0.9467893838882446,0.9075788855552673,-0.039210498332977295,0,116,1470,1452,1515,127,101,99
1815,31742,22182,1,0.8046028017997742,0.8167130351066589,0.012110233306884766,1,1666,1258,604,1169,1583,1571,1570
1816,31771,13037,2,0.9128214120864868,0.6932175755500793,-0.21960383653640747,0,14,5,1029,9,26,11,9
1817,31808,22981,3,0.8979621529579163,0.8861880898475647,-0.011774063110351562,0,885,1572,850,1501,904,900,895
1818,31841,20012,3,0.776610791683197,0.7066687941551208,-0.06994199752807617,0,1168,3,436,4,1176,1099,1122
1819,31846,21586,2,0.7901118397712708,0.7034988403320312,-0.0866129994392395,0,1197,205,254,203,1183,946,856
1820,31851,18059,3,0.9140155911445618,0.9014077186584473,-0.012607872486114502,0,713,1359,1489,1434,661,801,787
1821,31862,22845,2,0.8657935261726379,0.8859388828277588,0.02014535665512085,1,1030,1251,739,1163,853,807,791
1822,31912,16518,2,0.8614750504493713,0.8485418558120728,-0.012933194637298584,0,1669,1176,367,999,1651,1608,1571
1823,31955,22884,5,0.9569056630134583,0.698347270488739,-0.25855839252471924,0,740,454,964,472,711,708,676
1824,32000,6656,2,0.8969981670379639,0.8592168092727661,-0.037781357765197754,0,1553,929,32,725,1579,1461,1451
1825,32037,22168,3,0.9454720616340637,0.9031492471694946,-0.04232281446456909,0,165,1139,897,1056,143,114,110
1826,32046,20666,3,0.9450027942657471,0.6988081336021423,-0.24619466066360474,0,285,289,1478,287,317,333,345
1827,32076,13715,3,0.9662283062934875,0.8671255111694336,-0.09910279512405396,0,9,577,522,580,10,3,2
1828,32084,23019,2,0.9593305587768555,0.8905375599861145,-0.06879299879074097,0,334,569,829,577,301,241,251
1829,32097,20793,1,0.9295758605003357,0.7133213877677917,-0.21625447273254395,0,1212,167,516,107,947,882,897
1830,32143,20683,2,0.9957067370414734,0.6346876621246338,-0.3610190749168396,0,10,121,1734,147,9,5,5
1831,32196,22935,3,0.9654353260993958,0.9097992181777954,-0.05563610792160034,0,160,1080,1163,1093,149,109,107
1832,32197,20705,2,0.9722980856895447,0.8382665514945984,-0.1340315341949463,0,27,260,1722,474,26,22,21
1833,32229,10807,2,0.9531255960464478,0.832356870174408,-0.1207687258720398,0,77,484,621,492,70,70,79
1834,32255,8810,6,0.9505947232246399,0.6414326429367065,-0.30916208028793335,0,1196,208,1277,178,1122,1239,1229
1835,32284,22703,3,0.831798791885376,0.8952469229698181,0.06344813108444214,1,495,1589,1285,1589,496,558,545
1836,32310,20333,2,0.9102064371109009,0.8338543772697449,-0.076352059841156,0,496,782,655,754,514,401,395
1837,32318,22116,2,0.8313223719596863,0.8299061059951782,-0.0014162659645080566,0,651,1363,677,1293,691,624,593
1838,32331,8817,2,0.8584036827087402,0.8097148537635803,-0.04868882894515991,0,1548,731,987,732,1519,1579,1590
1839,32347,21586,4,0.9278788566589355,0.6089829206466675,-0.31889593601226807,0,7,60,1776,131,7,18,24
1840,32379,22017,3,0.8708053827285767,0.8172142505645752,-0.053591132164001465,0,1732,658,152,602,1709,1684,1684
1841,32400,22787,3,0.8901651501655579,0.8727444410324097,-0.017420709133148193,0,682,1070,1217,1123,598,701,778
1842,32431,18278,1,0.8301504850387573,0.8331068158149719,0.0029563307762145996,1,1582,1163,792,1132,1595,1612,1608
1843,32447,20127,2,0.8199551701545715,0.78377366065979,-0.036181509494781494,0,566,542,320,493,596,384,337
1844,32450,19866,1,0.9418556690216064,0.8500975966453552,-0.09175807237625122,0,18,595,1600,667,19,14,13
1845,32452,21356,3,0.9088690876960754,0.853631854057312,-0.05523723363876343,0,386,940,1389,1017,277,375,408
1846,32471,21581,3,0.8342555165290833,0.8927332758903503,0.05847775936126709,1,1193,1748,559,1695,1099,1016,1006
1847,32474,21366,5,0.9252033233642578,0.6800888776779175,-0.24511444568634033,0,138,344,863,306,123,125,132
1848,32485,21368,1,0.7394741177558899,0.7957762479782104,0.05630213022232056,1,1353,1328,352,1297,1441,1422,1422
1849,32494,21417,2,0.8197609782218933,0.8857664465904236,0.06600546836853027,1,1329,1508,412,1441,1265,1210,1207
1850,32506,17112,3,0.8508210778236389,0.6615718007087708,-0.18924927711486816,0,67,2,227,3,69,42,37
1851,32539,18180,2,0.8525474667549133,0.8802131414413452,0.027665674686431885,1,483,1729,1375,1738,426,506,482
1852,32558,13396,2,0.9111335277557373,0.8046516180038452,-0.10648190975189209,0,352,597,625,548,443,385,367
1853,32610,20656,3,0.8782626986503601,0.8595040440559387,-0.018758654594421387,0,282,1150,1087,1165,247,230,207
1854,32617,16159,3,0.8642951846122742,0.8786412477493286,0.014346063137054443,1,1486,1568,1307,1544,1595,1649,1657
1855,32625,16653,2,0.9044564366340637,0.8852518200874329,-0.01920461654663086,0,528,1151,745,1147,506,502,513
1856,32645,21221,2,0.9627321362495422,0.8059494495391846,-0.15678268671035767,0,1,415,191,359,2,1,1
1857,32647,22021,2,0.7814458608627319,0.85749751329422,0.07605165243148804,1,807,1269,1363,1382,892,1019,1045
1858,32657,22980,3,0.9226798415184021,0.8900514245033264,-0.032628417015075684,0,480,1510,1580,1607,342,441,447
1859,32663,21736,2,0.9220116138458252,0.7052124738693237,-0.21679913997650146,0,18,278,1350,248,19,13,13
1860,32711,10875,2,0.9496464133262634,0.8877540230751038,-0.06189239025115967,0,167,998,1525,1101,125,153,185
1861,32730,9569,2,0.891130805015564,0.7041569948196411,-0.18697381019592285,0,223,170,1439,184,186,199,207
1862,32772,11125,5,0.8767606019973755,0.7176052331924438,-0.15915536880493164,0,937,1382,1505,1682,811,1077,1169
1863,32847,10411,2,0.8175722360610962,0.7302138805389404,-0.08735835552215576,0,953,251,340,201,1078,963,984
1864,32860,22973,1,0.8509410619735718,0.8734001517295837,0.022459089756011963,1,1041,1216,1337,1229,1117,1178,1179
1865,32861,14261,1,0.8127057552337646,0.8819695711135864,0.06926381587982178,1,1224,1572,595,1596,1270,1277,1316
1866,32878,19231,2,0.9495236873626709,0.7133893966674805,-0.23613429069519043,0,5,362,1403,359,5,4,4
1867,32882,16612,3,0.8769774436950684,0.8593308329582214,-0.017646610736846924,0,1004,1059,419,960,828,737,710
1868,32913,22144,4,0.9065113067626953,0.8558619618415833,-0.05064934492111206,0,540,1311,1123,1283,428,428,394
1869,32923,22968,2,0.8860945105552673,0.909697949886322,0.023603439331054688,1,614,1446,405,1291,599,512,483
1870,32956,21060,1,0.8309509754180908,0.8838998079299927,0.052948832511901855,1,1014,1534,1160,1551,1228,1327,1348
1871,32965,21982,2,0.9226314425468445,0.8406587243080139,-0.08197271823883057,0,1469,662,717,656,1427,1404,1391
1872,32989,17231,3,0.9353548288345337,0.8616883754730225,-0.07366645336151123,0,2,1030,1579,1239,2,3,3
1873,32993,21263,2,0.8505261540412903,0.766517162322998,-0.08400899171829224,0,712,624,757,604,491,440,417
1874,33001,20050,1,0.981347918510437,0.8751763701438904,-0.10617154836654663,0,1,31,1750,75,1,1,1
1875,33026,21096,1,0.875777542591095,0.8537784218788147,-0.021999120712280273,0,101,980,1597,1099,92,110,107
1876,33027,22997,2,0.8755325675010681,0.830621600151062,-0.044910967350006104,0,1089,757,515,666,1092,1030,1040
1877,33042,22032,2,0.9113887548446655,0.8448150157928467,-0.06657373905181885,0,740,550,450,503,732,614,654
1878,33066,20084,2,0.8703170418739319,0.8653329014778137,-0.004984140396118164,0,787,1574,1481,1576,788,1042,999
1879,33067,23027,3,0.7927961945533752,0.7619370222091675,-0.030859172344207764,0,1757,485,72,381,1765,1763,1760
1880,33092,19364,2,0.990007221698761,0.6598944067955017,-0.3301128149032593,0,304,166,1663,197,288,334,348
1881,33093,6874,2,0.852542519569397,0.8037629127502441,-0.04877960681915283,0,1144,1121,1762,1458,1185,1487,1531
1882,33102,15006,3,0.837239146232605,0.6853976249694824,-0.15184152126312256,0,1054,88,742,118,1105,1036,951
1883,33114,22334,2,0.9521709680557251,0.8902148604393005,-0.06195610761642456,0,204,1071,1705,1210,170,225,258
1884,33120,13707,2,0.9211177825927734,0.7291760444641113,-0.1919417381286621,0,440,248,1102,253,343,309,318
1885,33146,19786,3,0.9343843460083008,0.8407022356987,-0.09368211030960083,0,252,591,462,554,271,158,136
1886,33151,6923,2,0.848350465297699,0.7795389294624329,-0.06881153583526611,0,1260,705,1081,733,1118,1208,1212
1887,33158,21568,2,0.910620927810669,0.8833503127098083,-0.027270615100860596,0,633,1257,1007,1224,603,637,604
1888,33184,22777,2,0.9086654782295227,0.8861278295516968,-0.022537648677825928,0,903,1096,1029,1170,803,898,915
1889,33196,6952,2,0.955213725566864,0.80903160572052,-0.146182119846344,0,9,594,1771,866,9,15,19
1890,33226,17424,2,0.8681290745735168,0.7354608178138733,-0.13266825675964355,0,1766,136,201,136,1765,1756,1758
1891,33248,11477,2,0.9734878540039062,0.6341807246208191,-0.33930712938308716,0,280,134,1597,125,289,297,304
1892,33281,17232,2,0.9498348236083984,0.7162599563598633,-0.23357486724853516,0,69,278,1550,346,61,87,87
1893,33283,21218,2,0.9114018678665161,0.8517701625823975,-0.05963170528411865,0,677,540,809,566,467,427,489
1894,33286,19384,1,0.6302701830863953,0.7545149922370911,0.1242448091506958,1,1291,1759,335,1733,1209,1097,1086
1895,33324,9209,2,0.9157077670097351,0.8836833238601685,-0.03202444314956665,0,666,1202,1296,1231,590,687,673
1896,33356,21161,6,0.9433144927024841,0.7614740133285522,-0.18184047937393188,0,1223,514,497,505,1105,999,988
1897,33372,22805,2,0.9119842648506165,0.8682107329368591,-0.043773531913757324,0,1051,750,708,715,1013,1085,1105
1898,33383,13315,3,0.9097723960876465,0.8756994009017944,-0.03407299518585205,0,325,1244,1431,1363,323,358,350
1899,33417,7080,2,0.9696974158287048,0.8178062438964844,-0.15189117193222046,0,1,8,1471,69,1,1,1
1900,33516,10469,3,0.9445459246635437,0.904615581035614,-0.03993034362792969,0,25,1346,305,1164,34,14,15
1901,33574,22401,3,0.8113068342208862,0.7933019399642944,-0.018004894256591797,0,1338,609,184,516,1324,1175,1153
1902,33581,20084,2,0.7709324359893799,0.8540075421333313,0.08307510614395142,1,1013,1571,220,1538,994,881,885
1903,33614,21230,2,0.8786503076553345,0.8946537971496582,0.01600348949432373,1,69,1710,964,1600,71,82,72
1904,33619,22957,2,0.9432669878005981,0.9138695597648621,-0.029397428035736084,0,368,860,931,871,347,304,304
1905,33665,13485,2,0.8382256031036377,0.7511228322982788,-0.08710277080535889,0,1508,523,82,477,1452,1307,1303
1906,33668,15212,1,0.9410970211029053,0.8409965634346008,-0.10010045766830444,0,4,88,1679,233,4,4,4
1907,33693,22973,3,0.9421437382698059,0.8750883936882019,-0.067055344581604,0,221,960,1296,1016,186,181,178
1908,33694,22273,2,0.8334131836891174,0.8110659122467041,-0.02234727144241333,0,1675,757,19,532,1560,1369,1364
1909,33695,16653,2,0.9205104112625122,0.8946890234947205,-0.025821387767791748,0,208,1124,1116,1121,206,179,176
1910,33723,14172,4,0.9811037182807922,0.674339771270752,-0.3067639470100403,0,407,251,1495,222,356,400,410
1911,33747,22701,8,0.8777897953987122,0.7467859387397766,-0.13100385665893555,0,453,1230,493,1179,463,395,370
1912,33764,20688,2,0.9487961530685425,0.7867279052734375,-0.16206824779510498,0,137,343,1747,572,165,506,751
1913,33794,22853,3,0.8858060240745544,0.8464940786361694,-0.03931194543838501,0,1050,689,139,591,1004,723,653
1914,33824,20518,4,0.8822639584541321,0.8559853434562683,-0.02627861499786377,0,1332,967,126,841,1271,1042,989
1915,33846,16539,4,0.921500027179718,0.8754759430885315,-0.04602408409118652,0,10,1284,682,1277,21,7,7
1916,33850,22932,2,0.760764479637146,0.8660407662391663,0.10527628660202026,1,1366,1555,457,1528,1430,1424,1397
1917,33868,18884,3,0.8275615572929382,0.8411129713058472,0.013551414012908936,1,939,1706,1546,1684,979,1181,1141
1918,33870,7460,2,0.970185399055481,0.7397164106369019,-0.2304689884185791,0,337,393,1485,436,294,323,326
1919,33891,22515,1,0.9285680055618286,0.8919424414634705,-0.036625564098358154,0,413,922,501,811,267,148,110
1920,33923,22776,2,0.9748939275741577,0.8985747694969177,-0.07631915807723999,0,2,414,1043,489,2,2,2
1921,33930,7514,2,0.8823784589767456,0.861341655254364,-0.021036803722381592,0,396,414,576,410,428,298,287
1922,33944,18094,2,0.8312534689903259,0.874290406703949,0.04303693771362305,1,165,873,1016,878,115,133,131
1923,33959,23032,3,0.9206705093383789,0.870940625667572,-0.049729883670806885,0,245,818,863,821,257,203,199
1924,33964,14075,2,0.9490150809288025,0.8913073539733887,-0.05770772695541382,0,252,1159,1616,1308,212,252,262
1925,33965,22095,5,0.9106175303459167,0.7492941617965698,-0.16132336854934692,0,3,1000,999,1064,3,2,2
1926,33997,19251,3,0.980421245098114,0.757007360458374,-0.22341388463974,0,2,379,1435,415,2,2,2
1927,33999,21906,2,0.9905303120613098,0.6697733402252197,-0.3207569718360901,0,8,163,1531,139,10,7,7
1928,34122,22996,2,0.9308094382286072,0.8916633129119873,-0.03914612531661987,0,193,1031,778,972,252,200,184
1929,34124,23011,2,0.9000742435455322,0.893704354763031,-0.006369888782501221,0,671,1326,1166,1294,520,560,547
1930,34151,22878,3,0.9202287793159485,0.9094271063804626,-0.01080167293548584,0,730,1603,935,1560,822,814,789
1931,34161,17138,2,0.9699789881706238,0.7093541622161865,-0.26062482595443726,0,44,217,1502,222,42,42,44
1932,34196,20180,3,0.9032990336418152,0.7492228746414185,-0.15407615900039673,0,218,480,1116,518,311,242,213
1933,34217,21626,2,0.890361487865448,0.8497568368911743,-0.04060465097427368,0,1574,1083,857,1025,1584,1570,1581
1934,34221,20362,2,0.9407371282577515,0.8494669198989868,-0.09127020835876465,0,979,596,1222,604,953,1115,1197
1935,34276,14861,2,0.9078754186630249,0.9015024900436401,-0.006372928619384766,0,114,1530,555,1414,100,48,39
1936,34351,20549,3,0.9321154952049255,0.8180959820747375,-0.11401951313018799,0,1010,498,78,461,1019,591,582
1937,34361,20411,2,0.8750860095024109,0.8441704511642456,-0.030915558338165283,0,1268,1032,285,858,1360,1265,1245
1938,34363,18146,2,0.8770346641540527,0.7841300964355469,-0.09290456771850586,0,69,793,1468,1001,77,114,129
1939,34366,13989,2,0.9489110112190247,0.9011611342430115,-0.047749876976013184,0,15,1273,1343,1319,20,15,16
1940,34381,22941,5,0.9114024043083191,0.8119613528251648,-0.0994410514831543,0,781,1212,90,900,748,418,330
1941,34459,21206,3,0.9794887900352478,0.6284855604171753,-0.3510032296180725,0,21,57,1714,73,22,24,25
1942,34477,19825,2,0.9585096836090088,0.8563365340232849,-0.10217314958572388,0,2,683,1394,786,2,3,3
1943,34478,15519,1,0.787216305732727,0.8746556639671326,0.08743935823440552,1,1323,1326,224,1268,1137,1022,1003
1944,34491,22834,2,0.934644877910614,0.7670738101005554,-0.1675710678100586,0,111,364,1173,383,134,168,181
1945,34521,15894,3,0.8299552798271179,0.7141199111938477,-0.11583536863327026,0,1152,53,26,35,1051,616,576
1946,34522,9014,2,0.9067745804786682,0.6969597935676575,-0.20981478691101074,0,175,90,605,125,171,193,206
1947,34529,16799,2,0.947777509689331,0.843009889125824,-0.10476762056350708,0,317,634,494,609,307,142,109
1948,34534,16661,2,0.9487581253051758,0.8977860808372498,-0.050972044467926025,0,268,1187,1589,1319,234,291,301
1949,34544,22997,2,0.9334703683853149,0.8180105686187744,-0.11545979976654053,0,549,505,783,530,562,520,537
1950,34565,20711,5,0.9262265563011169,0.6720659136772156,-0.25416064262390137,0,426,566,1353,656,415,445,444
1951,34598,14215,6,0.8533015251159668,0.8056646585464478,-0.04763686656951904,0,1120,1760,1112,1758,1095,1188,1217
1952,34606,22996,2,0.9162223935127258,0.891033947467804,-0.025188446044921875,0,317,1140,716,1031,392,304,250
1953,34609,13693,2,0.9971008896827698,0.591508686542511,-0.4055922031402588,0,1,12,1775,21,1,1,1
1954,34618,20792,2,0.8544802665710449,0.8621811270713806,0.007700860500335693,1,646,1544,639,1582,656,541,501
1955,34631,10393,2,0.8996112942695618,0.750726580619812,-0.14888471364974976,0,1250,497,1209,493,1044,1172,1160
1956,34636,8171,2,0.8234642148017883,0.7117407917976379,-0.11172342300415039,0,535,617,1766,894,690,1106,1177
1957,34643,17369,3,0.9924371838569641,0.6487832069396973,-0.34365397691726685,0,17,142,1632,142,18,20,20
1958,34659,19415,2,0.9204511046409607,0.8696032166481018,-0.05084788799285889,0,17,1075,1725,1204,25,35,33
1959,34670,10580,2,0.9165248274803162,0.8296449184417725,-0.0868799090385437,0,17,640,568,620,149,60,55
1960,34691,23018,2,0.7591100335121155,0.8979395627975464,0.1388295292854309,1,1291,1734,147,1717,1332,1232,1226
1961,34714,11970,2,0.957377016544342,0.72394198179245,-0.2334350347518921,0,519,358,1542,403,437,566,581
1962,34776,12981,2,0.8886652588844299,0.8815892934799194,-0.007075965404510498,0,346,1513,1651,1582,326,485,486
1963,34831,23021,2,0.952562153339386,0.8861106634140015,-0.06645148992538452,0,101,607,1057,624,109,83,89
1964,34833,18069,2,0.9620172381401062,0.7414247393608093,-0.22059249877929688,0,119,300,753,263,136,70,57
1965,34845,8398,4,0.875681459903717,0.8168985843658447,-0.058782875537872314,0,93,1086,594,1035,129,103,105
1966,34849,15381,3,0.8982387185096741,0.8108472228050232,-0.08739149570465088,0,348,720,1224,789,341,425,450
1967,34858,21757,2,0.9672553539276123,0.6501504182815552,-0.31710493564605713,0,101,81,1602,61,94,72,76
1968,34891,22228,1,0.723322868347168,0.8113632202148438,0.08804035186767578,1,641,1601,740,1668,678,664,669
1969,34964,18291,2,0.8699231147766113,0.8553565144538879,-0.014566600322723389,0,563,1583,1025,1673,680,701,753
1970,34971,8529,2,0.9092822074890137,0.8984801769256592,-0.010802030563354492,0,219,832,1093,918,142,119,112
1971,34978,11648,3,0.9819413423538208,0.7083031535148621,-0.27363818883895874,0,89,251,1240,218,73,43,42
1972,34980,22958,2,0.7853423953056335,0.8554859161376953,0.07014352083206177,1,993,1238,959,1196,812,910,904
1973,35001,17817,3,0.9512218832969666,0.8650047779083252,-0.08621710538864136,0,6,778,1339,813,7,4,4
1974,35011,21459,2,0.9147260785102844,0.8728523850440979,-0.04187369346618652,0,669,1026,1371,1068,464,672,785
1975,35071,12749,3,0.9202249646186829,0.6934003233909607,-0.22682464122772217,0,283,295,1221,235,279,228,203
1976,35078,17021,2,0.7877549529075623,0.845962643623352,0.058207690715789795,1,1682,1761,400,1699,1722,1713,1680
1977,35096,21789,2,0.9305487871170044,0.7319242358207703,-0.19862455129623413,0,8,380,1636,445,8,10,10
1978,35195,23029,2,0.8591881394386292,0.8958036303520203,0.03661549091339111,1,472,1581,1053,1540,567,572,610
1979,35201,22610,2,0.8877246379852295,0.7866663336753845,-0.10105830430984497,0,45,700,1240,816,114,71,93
1980,35213,18430,2,0.9352326989173889,0.8666560053825378,-0.06857669353485107,0,437,1130,1677,1261,480,702,752
1981,35271,21992,2,0.8127237558364868,0.8668178915977478,0.054094135761260986,1,817,1769,1093,1758,1096,1232,1190
1982,35273,8916,6,0.9577037692070007,0.822214663028717,-0.1354891061782837,0,593,892,535,873,573,533,551
1983,35276,21803,2,0.8768832683563232,0.8295791745185852,-0.04730409383773804,0,497,731,269,639,595,362,320
1984,35300,15323,2,0.888360857963562,0.8757362365722656,-0.012624621391296387,0,1020,1310,1289,1403,993,1092,1121
1985,35308,16303,2,0.9221092462539673,0.7475042343139648,-0.17460501194000244,0,731,438,1317,454,566,674,688
1986,35322,19052,4,0.8859350085258484,0.8368695974349976,-0.04906541109085083,0,530,1011,1124,1116,513,507,537
1987,35328,20746,3,0.9023881554603577,0.8510726094245911,-0.0513155460357666,0,1244,1087,977,1174,1161,1225,1232
1988,35336,18362,2,0.9389179348945618,0.7699622511863708,-0.16895568370819092,0,456,457,958,439,399,320,336
1989,35344,15932,3,0.8045057058334351,0.7065726518630981,-0.09793305397033691,0,308,198,106,91,283,87,71
1990,35386,21751,1,0.9265331029891968,0.8583811521530151,-0.06815195083618164,0,7,752,1536,823,7,7,7
1991,35402,19647,1,0.8042011857032776,0.8309721946716309,0.02677100896835327,1,1265,1640,1233,1640,1232,1360,1332
1992,35404,21326,3,0.9214999079704285,0.8086246252059937,-0.11287528276443481,0,494,774,1562,1017,444,557,591
1993,35412,20158,2,0.940255880355835,0.7846810817718506,-0.15557479858398438,0,61,33,1056,85,52,42,45
1994,35443,23006,4,0.852708101272583,0.8410965204238892,-0.011611580848693848,0,1537,1225,106,990,1610,1555,1560
1995,35463,12626,1,0.7772976756095886,0.7605535984039307,-0.01674407720565796,0,1588,852,332,714,1651,1643,1630
1996,35466,22603,2,0.8095601797103882,0.8104301691055298,0.0008699893951416016,1,641,1672,992,1607,773,881,756
1997,35477,19652,2,0.8298766613006592,0.8908820152282715,0.061005353927612305,1,1591,1489,1525,1548,1592,1635,1634
1998,35489,16546,2,0.8786082863807678,0.7389453053474426,-0.1396629810333252,0,1456,268,86,215,1440,1327,1298
1999,35530,15398,2,0.8780105113983154,0.7780522108078003,-0.09995830059051514,0,106,557,1297,622,121,130,121
2000,35532,13811,3,0.9291285276412964,0.7229156494140625,-0.2062128782272339,0,160,117,448,113,137,118,121
2001,35543,21272,2,0.812413215637207,0.8512288331985474,0.03881561756134033,1,1271,1253,125,1119,1209,1067,1021
2002,35560,21703,3,0.994145393371582,0.620492160320282,-0.37365323305130005,0,6,93,1760,141,4,5,5
2003,35622,15215,2,0.7542372941970825,0.8643769025802612,0.11013960838317871,1,697,1540,1324,1578,627,783,803
2004,35627,22073,1,0.9341743588447571,0.7955594062805176,-0.1386149525642395,0,41,462,1003,501,53,49,49
2005,35685,12544,2,0.9332433342933655,0.7818491458892822,-0.15139418840408325,0,811,384,407,380,676,498,491
2006,35705,15633,3,0.9263834357261658,0.8584833741188049,-0.06790006160736084,0,372,845,720,861,391,317,283
2007,35707,15339,2,0.8594140410423279,0.6887905597686768,-0.17062348127365112,0,665,2,71,2,641,340,358
2008,35710,23018,1,0.740916907787323,0.8986428380012512,0.15772593021392822,1,1198,1742,149,1718,1321,1204,1176
2009,35716,18548,2,0.8905428647994995,0.8514456748962402,-0.03909718990325928,0,98,931,934,919,79,78,74
2010,35780,21939,2,0.8851107954978943,0.7238937616348267,-0.16121703386306763,0,937,47,47,36,928,575,555
2011,35798,12421,2,0.9261085987091064,0.8566930890083313,-0.06941550970077515,0,1283,759,284,688,966,754,751
2012,35832,12125,2,0.8300195336341858,0.8095051050186157,-0.02051442861557007,0,311,476,792,472,317,224,204
2013,35860,19769,2,0.8121155500411987,0.7298451066017151,-0.08227044343948364,0,750,67,240,77,746,478,425
2014,35898,12221,2,0.909775972366333,0.8506069183349609,-0.05916905403137207,0,343,898,1525,1015,454,614,719
2015,35937,10583,2,0.8374012112617493,0.8550681471824646,0.017666935920715332,1,305,1423,994,1476,298,312,302
2016,35991,22929,2,0.8129441142082214,0.8841090798377991,0.07116496562957764,1,1223,1340,279,1291,975,876,886
2017,35995,20273,3,0.9575557708740234,0.8515697121620178,-0.10598605871200562,0,136,622,1152,674,90,87,86
2018,36004,21757,3,0.9588525891304016,0.6647771000862122,-0.29407548904418945,0,287,107,1406,60,234,206,201
2019,36031,22924,2,0.8907670974731445,0.8964595794677734,0.005692481994628906,1,483,1226,1143,1212,407,459,440
2020,36066,21238,3,0.9915240406990051,0.6748300194740295,-0.3166940212249756,0,4,238,1454,188,3,3,3
2021,36068,21677,2,0.9018608927726746,0.8408833742141724,-0.0609775185585022,0,1124,795,275,720,1007,810,812
2022,36092,22144,2,0.9551618099212646,0.8693240284919739,-0.08583778142929077,0,116,737,1181,785,77,67,88
2023,36170,17476,2,0.7169676423072815,0.7249613404273987,0.007993698120117188,1,1132,1482,1716,1685,1259,1579,1617
2024,36229,13928,5,0.9176086783409119,0.8150792717933655,-0.10252940654754639,0,419,1564,374,1535,387,261,245
2025,36231,11058,2,0.8206849098205566,0.8624536991119385,0.041768789291381836,1,510,1650,932,1689,476,421,338
2026,36243,22545,2,0.8349436521530151,0.7886248230934143,-0.04631882905960083,0,1356,219,138,183,1443,1294,1296
2027,36270,15520,3,0.9486140012741089,0.8955820798873901,-0.05303192138671875,0,29,1045,960,1018,26,21,22
2028,36291,10381,2,0.8674790263175964,0.8701525926589966,0.0026735663414001465,1,1171,1404,591,1284,1074,1045,1016
2029,36303,19375,2,0.9680137634277344,0.8737289905548096,-0.0942847728729248,0,136,513,1457,606,115,111,133
2030,36315,10954,2,0.854308545589447,0.864995539188385,0.010686993598937988,1,1617,1622,1214,1612,1603,1649,1657
2031,36348,22125,1,0.8556933403015137,0.878795862197876,0.023102521896362305,1,692,1284,975,1300,703,723,766
2032,36351,20827,2,0.9424381256103516,0.853631854057312,-0.08880627155303955,0,105,475,1656,571,92,113,133
2033,36363,22945,2,0.933222234249115,0.8887077569961548,-0.044514477252960205,0,288,834,430,751,286,231,220
2034,36412,22746,3,0.8709423542022705,0.8762367963790894,0.005294442176818848,1,438,1019,590,979,317,269,254
2035,36417,10615,1,0.890435516834259,0.8262880444526672,-0.0641474723815918,0,767,621,1257,673,561,636,640
2036,36430,22721,2,0.8621774911880493,0.8514224886894226,-0.010755002498626709,0,1451,1090,196,945,1530,1490,1481
2037,36464,11254,2,0.9338663816452026,0.9149048328399658,-0.018961548805236816,0,708,1346,1205,1388,564,598,624
2038,36473,15367,2,0.8672771453857422,0.8690169453620911,0.001739799976348877,1,40,1168,1361,1217,46,43,40
2039,36511,23012,2,0.9187358021736145,0.874232828617096,-0.044502973556518555,0,637,885,713,836,638,568,573
2040,36514,14918,4,0.9590461254119873,0.8556900024414062,-0.10335612297058105,0,1,479,1436,546,1,1,1
2041,36634,20046,2,0.7153953909873962,0.8073390126228333,0.09194362163543701,1,366,1643,760,1650,421,357,344
2042,36668,21789,1,0.9099656939506531,0.6877790689468384,-0.2221866250038147,0,77,405,1517,446,75,46,51
2043,36705,23016,3,0.9335401654243469,0.9047860503196716,-0.028754115104675293,0,702,1555,1255,1539,730,787,812
2044,36812,20680,1,0.8769667744636536,0.831397294998169,-0.04556947946548462,0,221,746,1390,776,177,173,167
2045,36865,22853,3,0.8561391234397888,0.8331208825111389,-0.023018240928649902,0,1564,654,66,539,1551,1386,1371
2046,36879,19112,2,0.9849380850791931,0.714918851852417,-0.2700192332267761,0,7,233,1361,133,7,6,6
2047,36972,22700,2,0.9067434072494507,0.8843277096748352,-0.02241569757461548,0,728,1438,1559,1492,582,785,800
2048,37083,16008,2,0.9634113907814026,0.6753629446029663,-0.2880484461784363,0,11,81,1725,125,11,10,13
2049,37086,23009,6,0.9061543345451355,0.7100550532341003,-0.19609928131103516,0,109,424,1461,503,127,173,194
2050,37137,14480,2,0.8857418298721313,0.8303423523902893,-0.05539947748184204,0,1041,785,412,717,1135,1034,1023
2051,37195,22928,2,0.8028820753097534,0.6964869499206543,-0.10639512538909912,0,1238,86,1090,116,858,917,918
2052,37218,20228,4,0.97186279296875,0.6235035061836243,-0.34835928678512573,0,20,63,1570,50,28,21,21
2053,37222,21053,2,0.8060433864593506,0.8458074927330017,0.03976410627365112,1,764,1321,54,1100,753,521,490
2054,37239,22929,1,0.8170807957649231,0.89931720495224,0.0822364091873169,1,983,1690,963,1686,796,856,819
2055,37285,22790,1,0.8679736256599426,0.801531195640564,-0.06644243001937866,0,701,467,216,414,620,394,329
2056,37293,18675,2,0.8694149255752563,0.7471753358840942,-0.12223958969116211,0,1498,577,1038,571,1500,1544,1584
2057,37294,22144,2,0.9191358089447021,0.8710033893585205,-0.04813241958618164,0,219,965,1234,1003,218,208,197
2058,37314,19449,2,0.9684223532676697,0.8727831840515137,-0.095639169216156,0,1,579,1278,648,1,1,1
2059,37352,15148,2,0.8955479860305786,0.8678334951400757,-0.02771449089050293,0,749,1451,864,1525,762,781,838
2060,37441,20929,3,0.9483481049537659,0.8878334164619446,-0.06051468849182129,0,119,1059,1676,1256,102,140,152
2061,37533,17157,1,0.8149013519287109,0.8375934958457947,0.02269214391708374,1,364,1519,405,1500,485,243,236
2062,37580,20473,2,0.9064205884933472,0.8990603685379028,-0.007360219955444336,0,50,1537,1475,1544,58,70,63
2063,37593,12819,2,0.7829379439353943,0.7812964916229248,-0.0016414523124694824,0,1063,569,245,454,1040,803,757
2064,37619,15342,5,0.9669979810714722,0.7784811854362488,-0.1885167956352234,0,8,758,1515,880,8,10,11
2065,37657,21380,1,0.8834869265556335,0.8137379288673401,-0.06974899768829346,0,614,453,839,496,838,819,812
2066,37684,20070,3,0.9212465882301331,0.8752456307411194,-0.04600095748901367,0,274,1204,1114,1188,288,259,287
2067,37691,22808,2,0.955547571182251,0.8946921229362488,-0.0608554482460022,0,51,268,1324,398,57,51,51
2068,37702,20522,2,0.7801594734191895,0.762739360332489,-0.01742011308670044,0,1719,647,222,547,1721,1697,1699
2069,37741,20579,2,0.9594642519950867,0.7966096997261047,-0.16285455226898193,0,32,294,1356,409,34,25,24
2070,37749,21078,1,0.9199052453041077,0.8580717444419861,-0.06183350086212158,0,64,788,636,744,78,39,36
2071,37753,17748,3,0.989380955696106,0.6905684471130371,-0.29881250858306885,0,87,306,1510,318,79,50,48
2072,37762,23023,2,0.801545262336731,0.8800176978111267,0.07847243547439575,1,713,1692,1274,1690,675,835,776
2073,37764,14774,1,0.8219570517539978,0.8483489751815796,0.026391923427581787,1,649,1393,1505,1468,754,989,997
2074,38156,22929,2,0.9195783734321594,0.8987874388694763,-0.020790934562683105,0,578,1379,447,1208,612,481,492
2075,38264,19559,1,0.9132023453712463,0.8832719922065735,-0.02993035316467285,0,28,557,1658,757,34,36,36
2076,38300,22053,2,0.9169808030128479,0.90940260887146,-0.0075781941413879395,0,329,1588,1301,1569,348,393,405
2077,38372,22979,1,0.9070892333984375,0.8757535219192505,-0.03133571147918701,0,62,798,1356,866,62,58,56
2078,38387,18180,1,0.8330028653144836,0.8683348298072815,0.03533196449279785,1,1095,1646,471,1646,1122,1036,989
2079,38440,21080,2,0.9558336138725281,0.8358768820762634,-0.11995673179626465,0,113,600,1115,580,112,82,79
2080,38543,21824,2,0.842930257320404,0.8807432055473328,0.03781294822692871,1,1326,1673,859,1703,1256,1280,1269
2081,38579,16801,2,0.6882550716400146,0.7773675918579102,0.08911252021789551,1,935,1657,286,1627,965,804,854
2082,38662,22526,2,0.9651045799255371,0.8836337327957153,-0.08147084712982178,0,111,724,1471,815,111,115,121
2083,38671,23002,2,0.9541013836860657,0.889451801776886,-0.06464958190917969,0,29,524,1466,599,36,35,42
2084,38691,22132,2,0.8953601717948914,0.8876550793647766,-0.007705092430114746,0,272,1284,822,1220,237,166,131
2085,38703,20057,2,0.9037643671035767,0.8521578311920166,-0.05160653591156006,0,217,696,1024,732,232,184,184
2086,38704,19121,2,0.9660488367080688,0.8946040272712708,-0.0714448094367981,0,13,337,1584,462,11,11,8
2087,38757,20758,2,0.9395261406898499,0.8228937983512878,-0.11663234233856201,0,325,491,698,498,244,174,161
2088,38785,20850,2,0.9223399758338928,0.8848756551742554,-0.03746432065963745,0,19,1022,1307,1075,20,18,17
2089,38822,21902,2,0.937199056148529,0.7721105813980103,-0.1650884747505188,0,104,339,629,333,140,87,78
2090,38860,22681,1,0.9114276170730591,0.8345630168914795,-0.07686460018157959,0,397,733,360,665,384,152,136
2091,38886,15708,3,0.8472675085067749,0.8513528108596802,0.0040853023529052734,1,811,1521,1059,1582,779,882,853
2092,38903,21460,2,0.9636358022689819,0.8851420283317566,-0.07849377393722534,0,3,405,1649,537,2,3,3
2093,38938,20376,1,0.9420673847198486,0.8264688849449158,-0.11559849977493286,0,1,499,1429,542,1,1,1
2094,39254,22790,3,0.8491028547286987,0.8176451921463013,-0.03145766258239746,0,1528,789,115,583,1498,1371,1333
