row_id,user,target,rank,history_length,predicted_stay,target_stay_similarity,target_score
0,17,22665,1290,2,0.15250293910503387,0.03922909498214722,-0.4015587568283081
1,29,22642,495,10,0.15221716463565826,0.038159191608428955,0.46568259596824646
2,31,22893,1522,6,0.1524752527475357,0.037521470338106155,-0.7244579792022705
3,45,23031,1434,2,0.15301458537578583,0.04322923347353935,-0.575676441192627
4,53,7596,13,6,0.15337786078453064,0.036297451704740524,2.0730555057525635
5,55,21826,13,2,0.15014174580574036,0.040534213185310364,2.001992702484131
6,80,6054,1707,2,0.15133188664913177,0.04538121074438095,-1.3479764461517334
7,87,16756,34,3,0.15606501698493958,0.060146771371364594,1.2556843757629395
8,112,8,573,2,0.15240338444709778,0.04753097891807556,0.44321924448013306
9,152,22453,55,2,0.1530953198671341,0.048725783824920654,1.1195906400680542
10,161,9983,1154,4,0.15496326982975006,0.04359729588031769,-0.19381554424762726
11,183,23032,369,5,0.15372776985168457,0.03813879191875458,0.5938441753387451
12,205,2528,325,2,0.14929625391960144,0.03370967134833336,0.547030508518219
13,226,41,577,3,0.15149612724781036,0.04191537946462631,0.3335472643375397
14,239,11170,754,2,0.15038833022117615,0.03763202577829361,0.24716103076934814
15,252,4668,12,2,0.1503889113664627,0.038963377475738525,2.8363661766052246
16,291,6572,82,3,0.15223586559295654,0.038430895656347275,1.2150641679763794
17,323,1062,751,2,0.15208488702774048,0.04116854444146156,0.008424758911132812
18,335,4501,1381,3,0.1521659940481186,0.04716348648071289,-0.43787243962287903
19,352,19666,4,2,0.15198346972465515,0.04234082251787186,2.4890072345733643
20,367,21826,932,3,0.15606874227523804,0.040973372757434845,-0.04529711604118347
21,396,22052,261,10,0.15564297139644623,0.04012876749038696,0.78837651014328
22,407,22018,470,2,0.15508703887462616,0.05395073443651199,0.44554638862609863
23,420,23009,1443,2,0.15258553624153137,0.04385761916637421,-0.5738264322280884
24,427,21170,947,2,0.15079882740974426,0.03566543012857437,0.0036577731370925903
25,442,7239,333,3,0.15092508494853973,0.0440172404050827,0.977368175983429
26,444,21451,1,2,0.15394139289855957,0.053156282752752304,2.758911609649658
27,452,2064,340,3,0.15344424545764923,0.05189827084541321,0.6941501498222351
28,453,19378,736,2,0.1534540206193924,0.03913912922143936,0.10433641076087952
29,464,4689,965,2,0.15541331470012665,0.04395781457424164,-0.0858549177646637
30,488,21586,109,3,0.15288273990154266,0.05107872933149338,1.1290574073791504
31,501,19594,6,3,0.15115070343017578,0.04248407855629921,2.8116462230682373
32,504,2461,1658,3,0.1530890166759491,0.03674236685037613,-0.9341567754745483
33,525,17654,1479,3,0.15115413069725037,0.03698087856173515,-0.6218080520629883
34,527,19870,1485,3,0.15229585766792297,0.04269760102033615,-0.5893222093582153
35,544,10495,519,2,0.1548052877187729,0.043963924050331116,0.354248583316803
36,549,14862,50,1,0.15731418132781982,0.057896751910448074,1.1081610918045044
37,552,335,957,2,0.14852871000766754,0.039057374000549316,0.059512149542570114
38,554,30,1041,3,0.15332257747650146,0.03692211955785751,-0.1510275900363922
39,557,3111,142,5,0.15509547293186188,0.04660124331712723,0.8847830891609192
40,567,23026,1054,7,0.15473134815692902,0.039046939462423325,-0.14516815543174744
41,570,22330,52,8,0.1537858247756958,0.041190750896930695,1.4603217840194702
42,574,31,762,2,0.1547381728887558,0.040457189083099365,0.17190265655517578
43,575,32,1291,2,0.15078610181808472,0.04003163427114487,-0.3112429082393646
44,581,9265,137,2,0.15089978277683258,0.03961619734764099,1.0467908382415771
45,593,16348,201,7,0.15259946882724762,0.0376458615064621,1.0900429487228394
46,611,16050,1541,10,0.15280412137508392,0.03801201656460762,-0.9674615859985352
47,625,3518,1590,7,0.15446949005126953,0.03972485661506653,-1.0456873178482056
48,630,20548,376,2,0.1524839997291565,0.04043976217508316,0.5789839029312134
49,637,36,273,3,0.15143735706806183,0.039580777287483215,0.7241442799568176
50,650,19094,1415,1,0.15712811052799225,0.044037409126758575,-0.5837905406951904
51,664,10306,1,2,0.15216003358364105,0.03848554566502571,3.2043421268463135
52,665,16079,244,1,0.15620489418506622,0.0524836927652359,0.676356852054596
53,669,3575,12,4,0.15282931923866272,0.042978040874004364,1.644697904586792
54,749,22890,209,7,0.15320679545402527,0.03639094904065132,0.9177107810974121
55,778,6693,385,3,0.15482959151268005,0.05343525856733322,0.5919521450996399
56,839,15852,2,1,0.15246061980724335,0.04195317625999451,2.3116390705108643
57,852,18811,546,3,0.1524067223072052,0.03575758635997772,0.38935840129852295
58,855,3420,116,4,0.15327663719654083,0.046672336757183075,0.9630559682846069
59,857,2150,250,9,0.1572265625,0.04542131721973419,0.804287850856781
60,867,21936,958,1,0.1516181379556656,0.03444379195570946,0.10001613944768906
61,899,15381,717,2,0.15003861486911774,0.04049672931432724,0.2273658663034439
62,900,20703,638,3,0.15349817276000977,0.040464479476213455,0.32489585876464844
63,913,17450,720,2,0.15341123938560486,0.03845883905887604,0.22185738384723663
64,929,50,918,2,0.15014632046222687,0.0365031398832798,0.03600846230983734
65,943,9665,514,6,0.15491753816604614,0.037455759942531586,0.45003408193588257
66,947,22007,721,2,0.15111996233463287,0.037823911756277084,0.22485315799713135
67,948,21372,604,5,0.15455950796604156,0.03927773982286453,0.3289317786693573
68,963,18233,363,5,0.15394264459609985,0.03720594570040703,0.5986608266830444
69,980,21904,21,10,0.1520218402147293,0.03947294503450394,2.0324721336364746
70,1021,20072,1484,2,0.15154096484184265,0.03660845384001732,-0.6972907781600952
71,1022,5390,752,8,0.15518544614315033,0.04727832227945328,0.2177729606628418
72,1042,16559,1428,2,0.15089502930641174,0.039167553186416626,-0.5843948125839233
73,1045,21489,277,3,0.15089061856269836,0.03640206158161163,0.6788617968559265
74,1084,7111,781,4,0.15326160192489624,0.038129739463329315,0.05762901529669762
75,1086,13086,746,3,0.15161935985088348,0.03967668116092682,0.0177670456469059
76,1093,17474,1212,4,0.1513490080833435,0.03448252007365227,-0.2932847738265991
77,1099,4944,375,3,0.15121005475521088,0.039311617612838745,0.5084582567214966
78,1100,20057,234,2,0.1516244262456894,0.03849006071686745,0.8396101593971252
79,1101,12982,715,10,0.15410476922988892,0.03723709657788277,0.2763710916042328
80,1109,7276,1762,8,0.1546345055103302,0.043963123112916946,-2.0755298137664795
81,1118,13004,394,2,0.1533953845500946,0.049618929624557495,0.4888697862625122
82,1132,7828,15,4,0.1515803188085556,0.03622474521398544,1.7645273208618164
83,1133,373,226,2,0.14987051486968994,0.03838983178138733,0.7594377398490906
84,1162,15423,905,2,0.15539886057376862,0.04008828103542328,-0.07142055779695511
85,1172,5521,350,3,0.15212497115135193,0.047274067997932434,0.7670623660087585
86,1177,13059,857,6,0.15294015407562256,0.03362376615405083,0.01176532730460167
87,1184,8459,13,7,0.15578849613666534,0.04961225390434265,2.142756938934326
88,1185,21451,6,5,0.1539756804704666,0.046869173645973206,1.8427866697311401
89,1196,67,1434,2,0.15165714919567108,0.046704746782779694,-0.5961604118347168
90,1202,11276,747,2,0.15564723312854767,0.04612153396010399,0.11319193989038467
91,1211,3016,1430,3,0.15415245294570923,0.04312474653124809,-0.5359294414520264
92,1217,22845,84,4,0.1529490351676941,0.039188019931316376,0.9724722504615784
93,1226,4083,1,7,0.15358734130859375,0.040861956775188446,3.6595354080200195
94,1230,10413,166,4,0.15342316031455994,0.04136914759874344,0.9369293451309204
95,1279,23008,1150,10,0.1549844592809677,0.03695467859506607,-0.20769278705120087
96,1281,20992,778,1,0.15125373005867004,0.03899119049310684,0.09778062999248505
97,1284,9598,1,5,0.15841266512870789,0.05693434551358223,1.8725157976150513
98,1304,13392,174,3,0.14985454082489014,0.03574887663125992,0.9156060218811035
99,1307,21983,946,3,0.15142786502838135,0.03614869713783264,-0.010472148656845093
100,1326,5814,949,2,0.15162834525108337,0.039002805948257446,-0.026646556332707405
101,1337,3515,66,3,0.15218587219715118,0.047382183372974396,1.4100998640060425
102,1369,22007,660,10,0.15297600626945496,0.04005856066942215,0.35116690397262573
103,1372,20668,1363,5,0.1529950350522995,0.04395533353090286,-0.5349639654159546
104,1373,18656,137,8,0.15356945991516113,0.03770265355706215,1.044154405593872
105,1380,270,1358,3,0.1503768116235733,0.039844319224357605,-0.41974136233329773
106,1418,11812,493,4,0.15236108005046844,0.039769247174263,0.4130817949771881
107,1432,10011,1736,2,0.15000146627426147,0.035208530724048615,-1.6943107843399048
108,1437,17496,1152,3,0.15394049882888794,0.04832503944635391,-0.2431482970714569
109,1445,628,1401,3,0.15461315214633942,0.03726000338792801,-0.47591882944107056
110,1454,15337,1212,2,0.14994390308856964,0.040506549179553986,-0.273030161857605
111,1476,11968,8,2,0.15125663578510284,0.04354378581047058,2.5012614727020264
112,1481,19454,118,2,0.14997023344039917,0.03895450383424759,1.0936157703399658
113,1501,1510,439,2,0.15036730468273163,0.03571734204888344,0.4356042444705963
114,1517,2240,174,2,0.15293912589550018,0.051391199231147766,0.8463380336761475
115,1525,19093,1505,2,0.15006372332572937,0.035957448184490204,-0.6502480506896973
116,1574,5187,445,4,0.15213344991207123,0.03986340016126633,0.516381025314331
117,1583,19186,6,2,0.14913776516914368,0.039755210280418396,2.9238991737365723
118,1601,16414,999,2,0.15037284791469574,0.03684769943356514,-0.09319517016410828
119,1614,85,63,2,0.1527327299118042,0.041547246277332306,1.2247751951217651
120,1617,85,538,5,0.15454213321208954,0.04365013539791107,0.3161393105983734
121,1624,21350,48,10,0.15438739955425262,0.04698804393410683,1.6377384662628174
122,1626,8303,61,10,0.1557663381099701,0.03799137473106384,1.3276265859603882
123,1639,16850,866,3,0.15169657766819,0.04382175952196121,-0.020100146532058716
124,1648,2282,88,2,0.15350015461444855,0.038957662880420685,1.0174661874771118
125,1723,1862,1683,3,0.15488800406455994,0.04516586288809776,-1.1192632913589478
126,1743,23032,38,8,0.1523544043302536,0.038495033979415894,1.9660660028457642
127,1765,17957,516,4,0.1531199961900711,0.05209992080926895,0.46005845069885254
128,1766,22217,1177,8,0.15574157238006592,0.04412916302680969,-0.3034580647945404
129,1798,21218,849,3,0.15168480575084686,0.03847578540444374,-0.015108354389667511
130,1818,13145,969,1,0.1563955843448639,0.041273631155490875,-0.16321972012519836
131,1826,19653,632,1,0.15126021206378937,0.03679940104484558,0.30222320556640625
132,1829,3843,86,3,0.15110276639461517,0.040799230337142944,1.123903512954712
133,1830,23014,1,5,0.15383243560791016,0.046623196452856064,2.530135154724121
134,1846,18838,413,1,0.1567978709936142,0.04841536283493042,0.584828794002533
135,1860,13318,482,4,0.15335613489151,0.03767632693052292,0.5034152269363403
136,1885,13115,452,3,0.15281914174556732,0.050251979380846024,0.665808916091919
137,1890,9168,130,5,0.15372297167778015,0.03999015688896179,1.0566835403442383
138,1929,5599,162,10,0.15546254813671112,0.0494721345603466,0.8624736070632935
139,1936,108,1464,3,0.1526138335466385,0.0376543253660202,-0.5851183533668518
140,1939,108,464,2,0.15358468890190125,0.041200533509254456,0.37664595246315
141,1940,21981,1158,4,0.15318359434604645,0.03733950853347778,-0.13542777299880981
142,1951,20719,417,5,0.15418943762779236,0.03874456137418747,0.49597638845443726
143,2002,3811,859,2,0.1537998467683792,0.03884445130825043,-0.012377671897411346
144,2017,7390,641,3,0.1525905430316925,0.040562648326158524,0.363376259803772
145,2023,7583,229,1,0.15320713818073273,0.038389842957258224,0.7532363533973694
146,2028,712,166,8,0.1536552757024765,0.04488150402903557,1.0957176685333252
147,2049,18465,1305,3,0.15242554247379303,0.03916497528553009,-0.38988423347473145
148,2063,21703,218,4,0.15557482838630676,0.060116201639175415,0.8304959535598755
149,2092,16740,1644,2,0.15235747396945953,0.04572939872741699,-1.1675693988800049
150,2097,13065,895,4,0.1526542454957962,0.038200702518224716,-0.08426505327224731
151,2099,4650,1411,2,0.15331396460533142,0.03592095524072647,-0.5990583300590515
152,2102,6517,1177,2,0.15294480323791504,0.038485970348119736,-0.19204488396644592
153,2146,20781,1174,2,0.150429368019104,0.03464307636022568,-0.24450437724590302
154,2215,3079,306,2,0.1564698964357376,0.05747941508889198,0.7326432466506958
155,2227,11051,296,3,0.15324819087982178,0.04686445742845535,0.8615397214889526
156,2233,22792,931,2,0.15566709637641907,0.05163296312093735,-0.04997408390045166
157,2245,22478,1682,6,0.15498696267604828,0.038228943943977356,-1.2982221841812134
158,2247,22592,1015,2,0.15089884400367737,0.03675804287195206,-0.11262703686952591
159,2252,4026,926,2,0.1513771265745163,0.038307808339595795,0.12804855406284332
160,2266,15149,753,2,0.15302544832229614,0.036373160779476166,0.071220263838768
161,2269,2719,1594,10,0.1532137542963028,0.039822131395339966,-0.9603597521781921
162,2291,9686,40,2,0.1505376547574997,0.035616252571344376,1.3440332412719727
163,2300,21919,1672,3,0.1555745005607605,0.040228355675935745,-0.899005651473999
164,2305,22821,861,5,0.15574218332767487,0.03885785490274429,-0.08035644143819809
165,2318,20407,88,2,0.15323889255523682,0.03768029808998108,1.1602030992507935
166,2336,124,1625,2,0.1537555754184723,0.03647996857762337,-0.9216483235359192
167,2346,461,579,2,0.14925706386566162,0.03758404403924942,0.31796327233314514
168,2348,14020,1660,2,0.15345939993858337,0.03902692720293999,-0.8270660638809204
169,2364,128,1664,2,0.14908385276794434,0.036357417702674866,-1.1560834646224976
170,2367,6058,1442,5,0.15686582028865814,0.04169083386659622,-0.5534196496009827
171,2387,21399,1378,2,0.154278963804245,0.0389794185757637,-0.4783669710159302
172,2423,134,1631,1,0.16093282401561737,0.040777429938316345,-0.9768405556678772
173,2449,741,720,3,0.15271751582622528,0.04180348291993141,0.2671882212162018
174,2478,16064,289,2,0.15347261726856232,0.037402838468551636,0.6859625577926636
175,2488,11596,1641,2,0.15609979629516602,0.04126593470573425,-0.8946605324745178
176,2494,21406,1013,3,0.15214794874191284,0.039336029440164566,-0.3399277925491333
177,2496,143,2,3,0.1548765003681183,0.046295903623104095,1.8399144411087036
178,2526,17229,6,4,0.15369760990142822,0.04971643537282944,2.161874532699585
179,2554,23007,305,4,0.15099726617336273,0.0407111793756485,0.7080993056297302
180,2584,22956,29,2,0.14984744787216187,0.03597591072320938,1.635129451751709
181,2586,19865,910,4,0.15070176124572754,0.036694787442684174,-0.04995034262537956
182,2591,21520,50,1,0.15044796466827393,0.0405975878238678,1.2592380046844482
183,2599,19333,272,3,0.15137475728988647,0.0474867969751358,0.9157829284667969
184,2613,20525,572,5,0.1570291966199875,0.0491509772837162,0.3107861876487732
185,2619,153,1767,3,0.1558886468410492,0.046572618186473846,-1.8521586656570435
186,2639,22995,1362,3,0.1540089100599289,0.03658042103052139,-0.4665209650993347
187,2651,295,1190,4,0.15443094074726105,0.04258190840482712,-0.3111609220504761
188,2670,17953,1248,3,0.1522693783044815,0.04701652377843857,-0.40150725841522217
189,2673,15308,399,4,0.15345098078250885,0.052128516137599945,0.5395653247833252
190,2680,20055,450,2,0.15394826233386993,0.04498446360230446,0.3880716562271118
191,2701,6217,1632,2,0.15264484286308289,0.03715028241276741,-1.1942588090896606
192,2708,13558,1261,4,0.15269231796264648,0.03596894443035126,-0.3618748188018799
193,2712,13216,443,2,0.15247130393981934,0.037096403539180756,0.48452624678611755
194,2760,14821,773,8,0.15291950106620789,0.038433656096458435,0.04767562448978424
195,2765,20927,1306,5,0.15429438650608063,0.04293132573366165,-0.3420802652835846
196,2780,17472,1688,2,0.15099123120307922,0.03463244065642357,-1.2575818300247192
197,2792,696,1481,2,0.14923344552516937,0.037196822464466095,-0.6039167642593384
198,2802,20054,961,3,0.15419287979602814,0.03479214385151863,-0.09840716421604156
199,2812,18065,44,5,0.15333658456802368,0.04376046359539032,1.2886934280395508
200,2825,14965,1702,8,0.15345366299152374,0.035614725202322006,-1.262165904045105
201,2847,20872,924,2,0.15462036430835724,0.0393703356385231,0.05890367180109024
202,2854,17132,187,9,0.15778739750385284,0.0412052720785141,0.8156675100326538
203,2884,8264,1599,6,0.15266218781471252,0.041540488600730896,-0.9285644292831421
204,2909,14572,22,3,0.15105733275413513,0.03787039965391159,1.6406233310699463
205,2913,21384,85,3,0.1510152667760849,0.03917219117283821,1.093706488609314
206,2914,20848,448,2,0.1518339216709137,0.036944109946489334,0.6242471933364868
207,2931,23014,662,4,0.15190759301185608,0.04089224711060524,0.2799972891807556
208,2939,21319,7,8,0.1529397964477539,0.03754965960979462,2.759070634841919
209,2949,22802,147,2,0.1501930207014084,0.03846088424324989,0.9389742016792297
210,2952,626,1,5,0.1533026099205017,0.04463094472885132,2.221315383911133
211,2964,21758,408,2,0.15063191950321198,0.04446667060256004,0.533558189868927
212,2990,712,949,10,0.15205389261245728,0.04158538579940796,-0.15362684428691864
213,3069,1898,1458,2,0.1522035300731659,0.04543409124016762,-0.7394931316375732
214,3088,180,1225,4,0.15585565567016602,0.040434159338474274,-0.29793447256088257
215,3099,21101,1015,2,0.1505117118358612,0.03920145332813263,-0.02449735999107361
216,3103,5796,42,2,0.150388702750206,0.039730899035930634,1.5506188869476318
217,3147,21115,50,3,0.15517990291118622,0.05078844726085663,1.0151985883712769
218,3164,20069,1254,2,0.14990603923797607,0.03617241233587265,-0.30639132857322693
219,3173,4423,1201,5,0.15319988131523132,0.03808276355266571,-0.25564923882484436
220,3183,20635,268,3,0.1520596146583557,0.0422709658741951,0.7490054368972778
221,3200,14473,304,3,0.15169429779052734,0.04316917806863785,0.5518959760665894
222,3224,6171,3,2,0.15132901072502136,0.05195513367652893,4.434216499328613
223,3230,4205,3,2,0.15134863555431366,0.04221288114786148,2.800410270690918
224,3250,1145,1,2,0.1511790007352829,0.03936980664730072,2.851990222930908
225,3274,7367,30,5,0.1524423509836197,0.03695347532629967,1.6770445108413696
226,3287,21297,1323,2,0.15014296770095825,0.036100879311561584,-0.47779494524002075
227,3289,22998,792,6,0.15615279972553253,0.04068322479724884,0.07294455170631409
228,3305,4581,89,2,0.14901115000247955,0.03805352747440338,1.3754668235778809
229,3370,3382,58,2,0.15242280066013336,0.04575522989034653,1.303981065750122
230,3394,22217,1300,3,0.1525307446718216,0.04203413799405098,-0.42252013087272644
231,3413,8526,893,3,0.1506355255842209,0.04150048643350601,-0.01972077786922455
232,3436,20596,1457,2,0.1540205329656601,0.039848558604717255,-0.5870326161384583
233,3438,13856,1037,3,0.15629102289676666,0.03951430320739746,-0.16516081988811493
234,3453,21768,950,2,0.15046386420726776,0.03551504760980606,-0.01931081712245941
235,3459,4431,449,4,0.15491291880607605,0.044785697013139725,0.45823222398757935
236,3464,6797,940,2,0.15174774825572968,0.038222093135118484,-0.09279021620750427
237,3472,7196,53,4,0.15315118432044983,0.040693026036024094,1.2361832857131958
238,3473,20837,427,2,0.150840625166893,0.0371822714805603,0.4527817964553833
239,3486,2466,1046,2,0.1535710245370865,0.0357518270611763,-0.18358175456523895
240,3489,11179,507,3,0.1521158367395401,0.04300805553793907,0.3795492649078369
241,3496,201,540,5,0.1541426032781601,0.037857066839933395,0.39587101340293884
242,3498,17014,1295,2,0.1494586169719696,0.03733677789568901,-0.41264572739601135
243,3503,17476,1630,3,0.15353864431381226,0.041140973567962646,-0.8438630104064941
244,3506,14490,144,3,0.1515197455883026,0.037066247314214706,0.8684642910957336
245,3507,21391,1414,10,0.15293115377426147,0.037557877600193024,-0.6275774240493774
246,3556,5459,58,1,0.15114739537239075,0.0389748215675354,1.1663542985916138
247,3569,203,1047,6,0.1513935625553131,0.038447022438049316,-0.14278526604175568
248,3576,953,132,3,0.15259261429309845,0.03765205666422844,1.098331332206726
249,3597,4066,994,2,0.15083031356334686,0.036650218069553375,-0.04053159058094025
250,3614,20924,1,2,0.14983665943145752,0.0386107973754406,2.3320183753967285
251,3661,22590,254,4,0.1532956212759018,0.050091974437236786,0.6935510039329529
252,3664,10666,1287,2,0.1537373661994934,0.042753659188747406,-0.35307443141937256
253,3666,22821,298,2,0.15259785950183868,0.03926621377468109,0.6298708915710449
254,3680,213,1459,2,0.1501999944448471,0.03560095280408859,-0.718318521976471
255,3696,6927,825,2,0.1568828821182251,0.04339507222175598,0.07705526053905487
256,3712,21442,309,4,0.15315397083759308,0.040242262184619904,0.6366440057754517
257,3751,20283,135,3,0.1518196165561676,0.04045155644416809,0.9454507231712341
258,3752,1660,112,10,0.1532057374715805,0.039637766778469086,1.0532077550888062
259,3758,4408,1693,4,0.1516430377960205,0.03783320635557175,-1.0739372968673706
260,3785,4593,155,4,0.15631116926670074,0.05977286025881767,0.9356985092163086
261,3803,11897,1,3,0.1513463407754898,0.03794923797249794,4.117844104766846
262,3812,20298,211,10,0.15503479540348053,0.04264921322464943,0.9718080759048462
263,3817,16990,4,2,0.1548960953950882,0.054018422961235046,1.9741294384002686
264,3836,3466,1305,2,0.14975506067276,0.0343780592083931,-0.41840851306915283
265,3838,8505,733,3,0.15206144750118256,0.04332854598760605,0.1243671327829361
266,3870,6110,1453,2,0.15576185286045074,0.04421032965183258,-0.5442411303520203
267,3877,226,1350,2,0.15104052424430847,0.04258733242750168,-0.494028240442276
268,3890,21147,36,6,0.15358561277389526,0.038394615054130554,1.9377249479293823
269,3899,8178,1124,2,0.15060709416866302,0.037230901420116425,-0.1768585741519928
270,3906,3144,1686,3,0.15281666815280914,0.04976935312151909,-1.2147432565689087
271,3908,15848,240,10,0.15551304817199707,0.05275044962763786,0.8566112518310547
272,3919,12220,442,2,0.1523168385028839,0.03767695277929306,0.5835815072059631
273,3921,6764,239,2,0.1501007378101349,0.03827456384897232,0.7423955202102661
274,3930,21884,214,2,0.15014219284057617,0.035936176776885986,0.7855240702629089
275,3934,234,807,3,0.15239840745925903,0.036221280694007874,0.03578659147024155
276,3982,3998,567,1,0.15823939442634583,0.04442470520734787,0.21180173754692078
277,3993,4446,1740,3,0.15136419236660004,0.03482873737812042,-1.5454916954040527
278,3998,7799,945,4,0.1537063717842102,0.039389677345752716,-0.13386568427085876
279,4023,9027,1670,5,0.15418127179145813,0.045382142066955566,-1.0765656232833862
280,4067,7003,1766,4,0.1513286978006363,0.03564399853348732,-2.177400588989258
281,4069,6685,21,8,0.15271809697151184,0.037251267582178116,2.30499267578125
282,4071,1333,240,3,0.15149451792240143,0.039361387491226196,0.7525670528411865
283,4094,4683,1006,3,0.1519041806459427,0.03647391498088837,-0.10240007936954498
284,4120,23012,756,3,0.15145407617092133,0.0380965992808342,0.08578556030988693
285,4149,763,734,7,0.15405066311359406,0.03666483610868454,0.12029029428958893
286,4206,4768,41,3,0.154558002948761,0.04922698810696602,1.2734545469284058
287,4209,6059,320,3,0.15193022787570953,0.03598708659410477,0.5962536334991455
288,4233,8048,44,2,0.15042440593242645,0.03982500359416008,1.8403797149658203
289,4241,22956,87,10,0.15610523521900177,0.03736541047692299,1.139205813407898
290,4262,15633,122,2,0.1514504849910736,0.039201170206069946,0.9930006861686707
291,4267,16835,1135,10,0.1530381739139557,0.04709131643176079,-0.24656379222869873
292,4300,13718,466,2,0.14939208328723907,0.03651512786746025,0.4218103885650635
293,4319,4539,53,6,0.15524552762508392,0.05062783509492874,1.3462910652160645
294,4357,23030,1600,7,0.1527423858642578,0.03792202100157738,-0.9828210473060608
295,4444,3931,163,2,0.15418003499507904,0.0522390715777874,1.030837059020996
296,4456,20989,895,2,0.15299922227859497,0.040314931422472,0.05474584549665451
297,4477,2357,115,3,0.15266917645931244,0.04887450486421585,1.1257641315460205
298,4481,12440,2,3,0.1510854959487915,0.04471541941165924,2.486225128173828
299,4504,16633,127,2,0.155318021774292,0.057084836065769196,0.9535126686096191
300,4507,5202,873,3,0.1520681530237198,0.04184212535619736,0.16571566462516785
301,4517,14699,1370,2,0.1560797393321991,0.04481969028711319,-0.4139961302280426
302,4547,22252,1643,4,0.15447403490543365,0.033296309411525726,-1.1379271745681763
303,4596,6565,1515,2,0.15277397632598877,0.045909006148576736,-0.7404503226280212
304,4600,20077,773,2,0.14994513988494873,0.03654039278626442,0.07128719240427017
305,4610,19155,338,2,0.15123482048511505,0.04784444719552994,0.6110677719116211
306,4613,10817,291,2,0.15013356506824493,0.04477155953645706,0.6460629105567932
307,4621,268,29,2,0.15389548242092133,0.04441068321466446,1.647179365158081
308,4657,11134,1638,10,0.15402403473854065,0.03725092485547066,-1.025490641593933
309,4676,12048,886,3,0.1540069580078125,0.05115273967385292,0.16184845566749573
310,4715,17142,201,2,0.15069380402565002,0.03798217698931694,0.8573704957962036
311,4736,12607,91,2,0.15054604411125183,0.03915422782301903,1.0944541692733765
312,4744,19352,680,2,0.1495300978422165,0.04167540743947029,0.23280978202819824
313,4748,284,670,2,0.15429681539535522,0.03782679885625839,0.13546836376190186
314,4767,17085,358,3,0.15057781338691711,0.037568848580121994,0.4901920557022095
315,4823,11171,1,2,0.1515350639820099,0.04150904715061188,4.901597023010254
316,4835,1504,1,3,0.15532872080802917,0.05608120933175087,2.7417054176330566
317,4839,11420,1379,2,0.15128841996192932,0.036966025829315186,-0.6507114768028259
318,4849,21342,238,2,0.15059177577495575,0.04184739664196968,0.7850136756896973
319,4851,22952,3,2,0.15137721598148346,0.039945974946022034,2.071571111679077
320,4860,16808,465,5,0.15448354184627533,0.03634187951683998,0.44804149866104126
321,4868,20919,48,2,0.15236856043338776,0.04603683948516846,1.22561776638031
322,4876,570,1573,1,0.15320713818073273,0.038052111864089966,-0.8837427496910095
323,4879,19687,351,1,0.1523188352584839,0.039561495184898376,0.54470294713974
324,4880,297,1130,3,0.15391479432582855,0.03839584439992905,-0.38055622577667236
325,4930,20891,779,4,0.15224158763885498,0.03640909492969513,0.15557879209518433
326,4952,305,85,2,0.15064848959445953,0.03865379840135574,1.2085044384002686
327,4956,22425,329,3,0.15141567587852478,0.03810080513358116,0.5855559706687927
328,4965,15856,1178,2,0.15293708443641663,0.04179307073354721,-0.3720807433128357
329,4972,12212,315,2,0.15008117258548737,0.03798291087150574,0.6779432892799377
330,4987,23014,267,6,0.15660624206066132,0.052112895995378494,0.791979193687439
331,4990,4491,262,2,0.15144479274749756,0.03727654367685318,0.753197968006134
332,5011,1040,2,4,0.15214988589286804,0.03850516676902771,3.2799007892608643
333,5022,16616,1372,1,0.15911364555358887,0.04518266022205353,-0.4270773231983185
334,5037,22686,1367,1,0.15205985307693481,0.0366368368268013,-0.42871782183647156
335,5041,18786,2,2,0.15084508061408997,0.041021592915058136,2.7810544967651367
336,5048,5287,91,2,0.15045136213302612,0.03715408593416214,1.1506617069244385
337,5058,23029,284,5,0.15473052859306335,0.03553176671266556,0.6739835739135742
338,5090,314,1065,2,0.1530231535434723,0.03991323709487915,-0.05631342530250549
339,5094,5262,962,2,0.15136729180812836,0.037306271493434906,-0.00668025016784668
340,5107,16607,320,2,0.15642565488815308,0.05768546834588051,0.6749941110610962
341,5125,2953,1431,2,0.15011268854141235,0.0350315198302269,-0.6728044748306274
342,5166,2022,20,5,0.15359295904636383,0.04031762480735779,1.2865204811096191
343,5171,4539,183,4,0.1534312218427658,0.047308050096035004,0.9995136260986328
344,5172,10659,1462,1,0.1529453545808792,0.034818656742572784,-0.6250770092010498
345,5180,12734,206,3,0.15334396064281464,0.049104295670986176,0.8987475633621216
346,5195,16859,89,4,0.15666057169437408,0.05943111330270767,1.142999529838562
347,5269,14214,978,3,0.15153786540031433,0.04501619562506676,-0.060185182839632034
348,5270,23032,478,2,0.15604239702224731,0.041625551879405975,0.35315582156181335
349,5273,3929,1393,7,0.15418584644794464,0.03671605885028839,-0.6277862787246704
350,5288,4533,137,4,0.15371249616146088,0.047517240047454834,1.0116193294525146
351,5289,9866,491,2,0.15535932779312134,0.05148128792643547,0.3191533088684082
352,5298,21263,409,2,0.15582390129566193,0.04831107705831528,0.48173293471336365
353,5306,11733,378,6,0.15573467314243317,0.0512503944337368,0.5657618045806885
354,5335,15193,1161,3,0.15187060832977295,0.04115940257906914,-0.29288268089294434
355,5341,18920,102,2,0.15021902322769165,0.03598768264055252,1.1968936920166016
356,5347,22908,1292,3,0.15431292355060577,0.041384316980838776,-0.40803566575050354
357,5348,17019,1332,5,0.15371471643447876,0.03629300743341446,-0.4641433656215668
358,5391,2046,1624,3,0.1539521962404251,0.03559159114956856,-0.9194164872169495
359,5429,18642,381,1,0.1513817459344864,0.04251278191804886,0.6411969661712646
360,5431,21415,10,2,0.15115857124328613,0.03878656402230263,1.874826431274414
361,5433,21350,139,3,0.15284191071987152,0.048094313591718674,0.8952951431274414
362,5447,21121,297,4,0.15266023576259613,0.0355587899684906,0.739111065864563
363,5453,21942,12,10,0.15412046015262604,0.045122452080249786,1.9837422370910645
364,5488,349,669,2,0.1559307873249054,0.04130791127681732,0.1291670799255371
365,5496,5485,1188,3,0.15200600028038025,0.04825672507286072,-0.3344528079032898
366,5501,22928,964,2,0.15001180768013,0.03941470757126808,0.008474517613649368
367,5533,23029,118,4,0.1520707607269287,0.03666498512029648,1.10883629322052
368,5558,357,309,2,0.15285825729370117,0.04376627132296562,0.7234179377555847
369,5563,23003,944,2,0.15130138397216797,0.03645658120512962,-0.07857801765203476
370,5569,359,596,2,0.14993292093276978,0.03671027719974518,0.3304033577442169
371,5572,831,21,2,0.15142489969730377,0.03738802671432495,1.6317037343978882
372,5587,7310,267,2,0.1521897166967392,0.041438836604356766,0.6486213803291321
373,5591,12831,404,2,0.15527178347110748,0.0370049811899662,0.45830923318862915
374,5632,1570,1546,2,0.1542666107416153,0.03990936279296875,-0.7669780850410461
375,5636,11158,1463,2,0.15269619226455688,0.039163634181022644,-0.7011887431144714
376,5638,15975,628,4,0.15201444923877716,0.036465104669332504,0.32062065601348877
377,5644,3381,495,3,0.15229369699954987,0.041168227791786194,0.4289151430130005
378,5659,4885,991,3,0.15310458838939667,0.039070013910532,-0.09268893301486969
379,5680,5491,1,7,0.15660405158996582,0.03965090960264206,2.8287737369537354
380,5682,11701,160,3,0.1559145301580429,0.061976358294487,0.939405083656311
381,5690,23023,5,2,0.15316012501716614,0.039484113454818726,1.981061577796936
382,5691,367,5,2,0.15120922029018402,0.03862841799855232,3.829301357269287
383,5694,11047,1058,2,0.15317431092262268,0.03964053839445114,-0.0734950378537178
384,5725,826,113,5,0.1540510505437851,0.03876332938671112,1.0757644176483154
385,5751,17113,1720,4,0.15319906175136566,0.03696589171886444,-1.3592655658721924
386,5770,17519,1323,6,0.15603181719779968,0.043949682265520096,-0.45480531454086304
387,5773,373,1139,3,0.15387335419654846,0.04178794473409653,-0.2320113182067871
388,5804,19030,70,2,0.15140587091445923,0.03797729313373566,1.3522138595581055
389,5820,15861,959,2,0.15167303383350372,0.0403822660446167,-0.07771697640419006
390,5831,4767,1219,3,0.1545126885175705,0.03938126191496849,-0.3299120366573334
391,5843,3163,877,2,0.15131929516792297,0.03924448788166046,0.02558344602584839
392,5871,22809,7,5,0.15402360260486603,0.04272395372390747,3.6156532764434814
393,5879,10160,686,2,0.15530480444431305,0.05106528475880623,0.2175660878419876
394,5892,19034,277,3,0.15315093100070953,0.03936159610748291,0.6158981919288635
395,5957,2003,243,2,0.1496225893497467,0.037060465663671494,0.702393114566803
396,5973,16592,417,2,0.15337373316287994,0.04515505209565163,0.4991437494754791
397,6000,1247,528,2,0.15219001471996307,0.03926387429237366,0.42561039328575134
398,6033,14418,1,3,0.1525300145149231,0.04076438397169113,2.605776309967041
399,6068,456,1712,3,0.15261413156986237,0.03469056263566017,-1.4269624948501587
400,6096,22704,1213,2,0.1516195684671402,0.03621161729097366,-0.23538681864738464
401,6100,23014,193,4,0.15184339880943298,0.047274984419345856,0.8846672177314758
402,6171,19227,727,2,0.15439234673976898,0.05136935040354729,0.02179381251335144
403,6177,396,2,2,0.1556069403886795,0.06301134079694748,1.4655063152313232
404,6196,22533,1203,2,0.15337185561656952,0.03699781745672226,-0.22653111815452576
405,6252,21452,522,7,0.15608897805213928,0.04958070442080498,0.4563424587249756
406,6259,5815,1732,1,0.15214648842811584,0.040040113031864166,-1.6669559478759766
407,6280,8586,402,4,0.15256890654563904,0.03958192467689514,0.5626790523529053
408,6283,21396,248,2,0.15078875422477722,0.03694881498813629,0.8362272381782532
409,6284,22217,82,5,0.15443535149097443,0.044880837202072144,1.4247267246246338
410,6289,2370,504,2,0.14993993937969208,0.03593705967068672,0.3486136794090271
411,6312,11927,1349,2,0.15198080241680145,0.03439563512802124,-0.36749041080474854
412,6314,22299,604,2,0.14984573423862457,0.036903344094753265,0.27557268738746643
413,6360,20273,56,5,0.1542850136756897,0.04320087656378746,1.9879348278045654
414,6369,1274,1526,9,0.15966379642486572,0.03820145130157471,-0.7057534456253052
415,6404,5377,329,2,0.15107616782188416,0.03794275224208832,0.5352256298065186
416,6405,6219,1653,6,0.1547825187444687,0.035618990659713745,-1.0924463272094727
417,6407,3151,501,2,0.1508897989988327,0.03766855597496033,0.455139696598053
418,6440,4196,84,2,0.1501619517803192,0.03473632410168648,1.349442720413208
419,6494,21436,523,2,0.1506844311952591,0.04227424040436745,0.4070104658603668
420,6509,14084,510,5,0.15400254726409912,0.03704562038183212,0.3846646547317505
421,6539,16804,580,3,0.15095312893390656,0.04069899767637253,0.31815701723098755
422,6554,8775,840,2,0.1526000201702118,0.03592569753527641,0.06511954963207245
423,6595,21277,533,2,0.1509207785129547,0.0365496501326561,0.48833197355270386
424,6596,22347,710,5,0.15464754402637482,0.047901276499032974,0.23239849507808685
425,6619,22961,158,2,0.15109337866306305,0.03652070462703705,0.8603031635284424
426,6623,22657,645,2,0.15209610760211945,0.03567400574684143,0.33249199390411377
427,6631,1408,1761,3,0.15312641859054565,0.037371836602687836,-1.7667102813720703
428,6666,21757,741,3,0.15120616555213928,0.04484085738658905,0.05398736894130707
429,6669,4536,121,2,0.15065400302410126,0.04116528853774071,1.038002610206604
430,6686,23031,581,4,0.15411917865276337,0.04460272938013077,0.27144932746887207
431,6696,18186,1033,2,0.15214237570762634,0.04048973321914673,-0.05740836262702942
432,6697,21691,1080,4,0.15176080167293549,0.044096823781728745,-0.13221681118011475
433,6706,670,724,2,0.15138627588748932,0.045627836138010025,0.19834160804748535
434,6717,4566,951,7,0.15467451512813568,0.04075048491358757,0.0975465327501297
435,6729,21141,830,4,0.15649065375328064,0.045517511665821075,-0.03146903216838837
436,6730,22000,242,2,0.15365704894065857,0.050016772001981735,0.8053054809570312
437,6739,22987,1152,8,0.15492293238639832,0.03910045325756073,-0.2446947991847992
438,6742,966,91,2,0.15511344373226166,0.055072080343961716,0.9808546304702759
439,6750,451,181,2,0.15271277725696564,0.0422712117433548,0.8426934480667114
440,6760,12823,94,3,0.15213559567928314,0.048029180616140366,1.2435073852539062
441,6762,15814,818,5,0.15443925559520721,0.038850583136081696,0.09673929959535599
442,6766,4196,1089,3,0.1524139940738678,0.03619767725467682,-0.1243908703327179
443,6768,16613,646,2,0.15096019208431244,0.03744009882211685,0.2905344069004059
444,6770,22970,521,3,0.15394675731658936,0.03768818452954292,0.3696823716163635
445,6787,21758,185,5,0.15402823686599731,0.047755949199199677,0.8493261337280273
446,6804,21003,1,2,0.15430103242397308,0.0566013939678669,2.860414981842041
447,6820,458,1124,3,0.1539248675107956,0.043572694063186646,-0.280658483505249
448,6838,22928,1415,6,0.15156370401382446,0.042391616851091385,-0.5431756973266602
449,6859,9462,189,2,0.150007963180542,0.041911836713552475,0.9084688425064087
450,6874,18842,174,5,0.15591444075107574,0.04727725684642792,0.8242872357368469
451,6878,1894,477,4,0.15173286199569702,0.03530924767255783,0.41400331258773804
452,6946,861,1267,4,0.15653318166732788,0.04714778810739517,-0.34006717801094055
453,6951,22861,362,2,0.155904620885849,0.0494270846247673,0.6646122336387634
454,6967,20687,1769,2,0.15150222182273865,0.036066934466362,-2.653212547302246
455,6979,8252,452,5,0.15469592809677124,0.040782660245895386,0.5323150157928467
456,6990,23020,1592,3,0.15282657742500305,0.038358163088560104,-0.9352618455886841
457,7025,14372,1497,4,0.15342094004154205,0.04735027998685837,-0.7347964644432068
458,7042,23027,1696,4,0.15413261950016022,0.04551364853978157,-1.380247950553894
459,7043,22961,1051,2,0.15404215455055237,0.035952288657426834,-0.09052792936563492
460,7047,2760,1315,3,0.15205314755439758,0.03813699632883072,-0.564581036567688
461,7062,3315,112,3,0.15191969275474548,0.040149249136447906,0.973412036895752
462,7064,14238,1510,2,0.1575821042060852,0.050487905740737915,-0.6867644786834717
463,7092,13580,8,5,0.15287011861801147,0.041135042905807495,2.180466651916504
464,7093,3163,1526,2,0.14970995485782623,0.035806089639663696,-0.9139935970306396
465,7094,483,1383,2,0.1528235822916031,0.0409354567527771,-0.550430178642273
466,7095,4507,1,3,0.15599822998046875,0.05686148256063461,2.4018683433532715
467,7109,22682,82,8,0.15392468869686127,0.046560950577259064,1.1201274394989014
468,7110,21344,1320,2,0.15295669436454773,0.042532362043857574,-0.3756115734577179
469,7120,22892,1562,7,0.15554532408714294,0.03906957060098648,-0.9494220614433289
470,7139,486,560,2,0.15074530243873596,0.035298336297273636,0.5314809679985046
471,7150,20658,631,2,0.15135690569877625,0.03831648454070091,0.2884919345378876
472,7151,9694,27,2,0.15048958361148834,0.04216594249010086,1.4253525733947754
473,7153,21966,1046,3,0.1527639925479889,0.036591194570064545,-0.11254569888114929
474,7166,17941,37,2,0.15372569859027863,0.046507395803928375,1.1974971294403076
475,7173,17099,295,4,0.15441003441810608,0.048158541321754456,0.9064722657203674
476,7176,5108,1641,2,0.15123200416564941,0.03890896216034889,-1.1247105598449707
477,7185,16344,587,9,0.15859463810920715,0.04109986126422882,0.2949069142341614
478,7187,22961,1403,3,0.15209929645061493,0.0340920016169548,-0.7063987851142883
479,7192,23025,1479,4,0.15287324786186218,0.03483390063047409,-0.614821195602417
480,7214,622,550,3,0.15255507826805115,0.039660319685935974,0.330060213804245
481,7250,22442,1603,2,0.1507597416639328,0.03676912188529968,-0.956889271736145
482,7260,22975,72,3,0.151336207985878,0.03892359137535095,1.0997281074523926
483,7261,10331,471,2,0.15098069608211517,0.03863486647605896,0.4162999391555786
484,7262,17216,561,2,0.1538103222846985,0.04219995439052582,0.3152107000350952
485,7263,19389,154,8,0.15518368780612946,0.05169198662042618,0.9758477210998535
486,7264,497,1367,2,0.1516747921705246,0.0354132354259491,-0.5086547136306763
487,7271,17645,823,5,0.15634524822235107,0.039968863129615784,0.06313034892082214
488,7276,4557,1303,3,0.15067334473133087,0.03880283236503601,-0.45888984203338623
489,7303,22984,612,4,0.15332281589508057,0.03627697750926018,0.27386578917503357
490,7309,22112,144,3,0.15175972878932953,0.038253892213106155,0.9454188942909241
491,7311,13257,1683,3,0.15081919729709625,0.03550010919570923,-1.2283991575241089
492,7312,12174,331,2,0.15357744693756104,0.04893142729997635,0.6236673593521118
493,7313,501,1340,2,0.14809906482696533,0.03462699055671692,-0.3888799548149109
494,7318,21593,1210,4,0.15122489631175995,0.03329012542963028,-0.23336337506771088
495,7352,5297,921,3,0.15055549144744873,0.03571152314543724,0.013730630278587341
496,7356,7203,1762,4,0.15378060936927795,0.043891921639442444,-2.0634841918945312
497,7364,18630,542,2,0.1525721251964569,0.03701164573431015,0.4191845655441284
498,7432,20547,959,6,0.15587028861045837,0.04018676280975342,-0.08234897255897522
499,7453,18770,884,2,0.15062275528907776,0.03989794850349426,0.03608670085668564
500,7517,15006,2,2,0.15542162954807281,0.0639113336801529,1.3446836471557617
501,7524,19608,347,2,0.15534654259681702,0.05779668688774109,0.5597015619277954
502,7541,5986,1334,2,0.15094201266765594,0.0409429594874382,-0.45052725076675415
503,7557,22237,799,3,0.153862863779068,0.041154470294713974,0.1446051299571991
504,7576,21893,1452,3,0.1542421281337738,0.040404967963695526,-0.7123271226882935
505,7601,19460,894,2,0.15082810819149017,0.04095946252346039,0.09165984392166138
506,7609,20393,801,2,0.15297791361808777,0.03888631612062454,0.14646458625793457
507,7628,6261,492,3,0.15128785371780396,0.04019352048635483,0.5042398571968079
508,7638,22925,533,3,0.1555996835231781,0.04288514703512192,0.31631630659103394
509,7651,20792,308,3,0.15265890955924988,0.03610074520111084,0.6566326022148132
510,7657,13314,968,3,0.15113471448421478,0.03753407299518585,-0.030182167887687683
511,7673,525,1685,2,0.15641850233078003,0.04291471093893051,-1.1867942810058594
512,7681,11990,1291,2,0.15326522290706635,0.036678556352853775,-0.4058772921562195
513,7682,10884,1144,3,0.15118126571178436,0.036679454147815704,-0.15878108143806458
514,7701,4599,11,2,0.15400730073451996,0.05066273361444473,1.8380565643310547
515,7702,19110,32,10,0.1541839987039566,0.04846792668104172,1.556039571762085
516,7707,17029,690,3,0.15154877305030823,0.041488826274871826,0.21488404273986816
517,7717,531,91,3,0.15380902588367462,0.04685138911008835,1.0522381067276
518,7719,9220,1703,5,0.15489256381988525,0.0372646227478981,-1.1156129837036133
519,7765,536,86,5,0.15496940910816193,0.04418320953845978,1.1177265644073486
520,7813,13800,583,2,0.15096361935138702,0.03486178070306778,0.35261020064353943
521,7816,922,2,1,0.15241487324237823,0.04429282993078232,2.754493236541748
522,7850,2246,129,3,0.1522802710533142,0.04031842201948166,1.1852631568908691
523,7883,22996,595,2,0.1512846201658249,0.03750383108854294,0.38950350880622864
524,7892,18744,89,4,0.15279963612556458,0.03990631550550461,1.1078840494155884
525,7895,20027,726,3,0.15089291334152222,0.038500480353832245,0.036517247557640076
526,7916,6451,353,4,0.1525622457265854,0.038991283625364304,0.5907933712005615
527,7920,554,1331,2,0.1545632779598236,0.04258139804005623,-0.3508540391921997
528,7928,3719,622,1,0.15907058119773865,0.04371979832649231,0.21759210526943207
529,7932,20472,1108,3,0.1524653136730194,0.0396859273314476,-0.18902133405208588
530,7960,21356,751,2,0.15050342679023743,0.03869425505399704,0.26051175594329834
531,7984,563,1677,2,0.15422981977462769,0.039537690579891205,-1.1540918350219727
532,7999,22938,884,2,0.15324713289737701,0.03909989446401596,0.0635589063167572
533,8025,23012,891,2,0.15403594076633453,0.04125284031033516,-0.08123201131820679
534,8032,8090,27,2,0.1526557058095932,0.040199629962444305,1.8185752630233765
535,8070,11984,1537,2,0.15073668956756592,0.03731203451752663,-0.8528309464454651
536,8075,20472,985,2,0.1526089310646057,0.04078938812017441,-0.022845834493637085
537,8092,22911,1399,1,0.1532803326845169,0.03553292527794838,-0.6011167168617249
538,8101,20768,8,2,0.15051916241645813,0.037463970482349396,1.9342069625854492
539,8111,20848,197,3,0.1517104059457779,0.036798834800720215,0.9281638860702515
540,8118,14054,429,3,0.15125878155231476,0.04140849411487579,0.37017515301704407
541,8120,22645,921,3,0.15229757130146027,0.03963438421487808,-0.13874931633472443
542,8132,2283,1637,6,0.1521555334329605,0.035041339695453644,-1.0955054759979248
543,8135,23014,28,9,0.1574043333530426,0.04923328012228012,1.6195584535598755
544,8136,11369,977,5,0.15488038957118988,0.0456981435418129,-0.11696353554725647
545,8141,18429,518,1,0.15268729627132416,0.03686904534697533,0.3268856108188629
546,8148,20231,321,2,0.1543552428483963,0.042474165558815,0.5929743647575378
547,8186,8354,1295,2,0.15612465143203735,0.03840567171573639,-0.33729174733161926
548,8226,12656,1,2,0.1505538523197174,0.03810173273086548,3.9994428157806396
549,8247,21508,158,3,0.15169945359230042,0.039698924869298935,0.9562625288963318
550,8264,20985,725,2,0.15493875741958618,0.040073491632938385,0.03942986577749252
551,8282,589,1629,5,0.15395499765872955,0.03747808188199997,-1.0118284225463867
552,8284,17142,112,7,0.1539119929075241,0.03823500871658325,1.1415411233901978
553,8287,8397,817,2,0.15300504863262177,0.03806706517934799,0.16087022423744202
554,8294,22638,368,10,0.15423889458179474,0.040184807032346725,0.6641404628753662
555,8330,6011,517,3,0.15325984358787537,0.03928067535161972,0.30831146240234375
556,8338,9185,1257,3,0.1513051837682724,0.04103156551718712,-0.3732542097568512
557,8366,6235,1149,4,0.15229901671409607,0.038468874990940094,-0.23045097291469574
558,8389,21098,934,2,0.1536015272140503,0.03674003854393959,-0.008203854784369469
559,8398,1266,309,2,0.15073929727077484,0.03623082488775253,0.6432980298995972
560,8414,15635,973,7,0.1591643989086151,0.0413246788084507,-0.14956524968147278
561,8415,16409,277,2,0.15572087466716766,0.05905982851982117,0.7447022795677185
562,8423,8907,781,3,0.15233786404132843,0.041363995522260666,-0.06002822518348694
563,8429,8970,210,2,0.14992928504943848,0.03854004293680191,0.8463900089263916
564,8440,2951,1591,3,0.15202400088310242,0.03729013353586197,-0.8832833170890808
565,8450,19333,648,2,0.15167850255966187,0.04737605154514313,0.2858652174472809
566,8498,22851,411,2,0.15087752044200897,0.03931020200252533,0.5352733135223389
567,8508,20768,712,2,0.15491721034049988,0.035634227097034454,0.1641756147146225
568,8511,20888,1746,2,0.15133154392242432,0.039858050644397736,-1.9763028621673584
569,8577,7310,256,10,0.156072199344635,0.03987984359264374,0.7137719392776489
570,8583,9039,527,2,0.15345409512519836,0.03889819234609604,0.34028565883636475
571,8629,16159,189,6,0.15546990931034088,0.03676561266183853,0.991730272769928
572,8652,12607,449,3,0.15570373833179474,0.04533172398805618,0.4646478593349457
573,8684,17811,32,5,0.15528057515621185,0.04823550581932068,1.3530014753341675
574,8686,9302,1603,2,0.15187662839889526,0.03774036094546318,-1.0750532150268555
575,8707,628,1189,7,0.15825589001178741,0.03615107759833336,-0.335261732339859
576,8711,23030,1762,3,0.15291789174079895,0.03820497915148735,-2.100878953933716
577,8745,632,1726,3,0.15279202163219452,0.0447394959628582,-1.4035203456878662
578,8770,10027,329,3,0.15225984156131744,0.04454836994409561,0.6343417763710022
579,8771,635,1603,2,0.15037354826927185,0.041574858129024506,-1.0104708671569824
580,8777,22273,1331,2,0.15330229699611664,0.04593873769044876,-0.4219527244567871
581,8793,20471,104,2,0.15221460163593292,0.03876018524169922,1.0665500164031982
582,8805,9231,773,2,0.15246176719665527,0.045579273253679276,0.18868809938430786
583,8825,16607,1551,2,0.1481023132801056,0.04177192226052284,-0.86155104637146
584,8834,21996,934,3,0.15442121028900146,0.042594995349645615,-0.02347274124622345
585,8843,7077,593,2,0.15333767235279083,0.03954701125621796,0.39042162895202637
586,8899,23009,1248,4,0.15563350915908813,0.047292307019233704,-0.3497388958930969
587,8904,12639,644,3,0.15155598521232605,0.03652143478393555,0.2770616412162781
588,8918,1629,1724,2,0.1562749445438385,0.04628369212150574,-1.2969070672988892
589,8961,8624,303,3,0.1511240303516388,0.040137700736522675,0.6955083608627319
590,9006,14115,982,2,0.15386523306369781,0.03676021844148636,-0.07421969622373581
591,9014,6569,27,5,0.15503789484500885,0.04199432581663132,1.4445512294769287
592,9015,13400,151,3,0.1514902263879776,0.04919047653675079,1.070067048072815
593,9019,16384,1640,2,0.15066693723201752,0.038294192403554916,-1.1222612857818604
594,9029,22154,813,5,0.15268056094646454,0.04123765602707863,0.06222636252641678
595,9046,6535,171,4,0.15144984424114227,0.038254521787166595,0.9215702414512634
596,9059,16893,276,3,0.15606294572353363,0.06334365904331207,0.7999019622802734
597,9094,4491,391,5,0.15376636385917664,0.03716219961643219,0.5772185921669006
598,9095,21833,394,3,0.15175072848796844,0.03856319561600685,0.46233120560646057
599,9108,653,303,3,0.15155456960201263,0.04441089928150177,0.7789056897163391
600,9115,22446,1270,3,0.15198129415512085,0.03424731269478798,-0.45741307735443115
601,9135,694,1721,2,0.15171769261360168,0.04088719189167023,-1.831577181816101
602,9195,21241,1181,1,0.15721693634986877,0.042095065116882324,-0.31064465641975403
603,9207,20180,1108,3,0.156279519200325,0.04862628132104874,-0.29210010170936584
604,9225,21613,707,2,0.15657734870910645,0.043051622807979584,0.18251673877239227
605,9236,6797,536,2,0.1541907787322998,0.04200252145528793,0.38007014989852905
606,9251,18477,1773,2,0.15127447247505188,0.03964710980653763,-2.648475170135498
607,9257,22970,14,2,0.15263597667217255,0.038823164999485016,1.2642695903778076
608,9258,19494,162,5,0.1567882001399994,0.05362303555011749,0.9237408638000488
609,9294,8707,1543,2,0.15181300044059753,0.04230789467692375,-0.7700453996658325
610,9302,6191,151,2,0.15207119286060333,0.04720146954059601,1.314479947090149
611,9315,675,843,2,0.1528727263212204,0.03604061156511307,0.10943956673145294
612,9324,675,6,3,0.1538935750722885,0.04238707199692726,1.9589906930923462
613,9331,17519,1431,2,0.1543688178062439,0.046794645488262177,-0.5506059527397156
614,9357,20745,638,3,0.15373770892620087,0.043527692556381226,0.2566731870174408
615,9379,9495,1527,2,0.15374955534934998,0.04327472299337387,-0.6482837796211243
616,9397,680,64,2,0.14951667189598083,0.041383832693099976,1.4315730333328247
617,9398,7799,963,2,0.1551891565322876,0.041876211762428284,-0.11320571601390839
618,9411,17237,619,2,0.14995324611663818,0.03742864355444908,0.2548872232437134
619,9415,22853,70,2,0.1518944501876831,0.04279768466949463,1.5292680263519287
620,9448,20143,1451,4,0.15555641055107117,0.046320341527462006,-0.5906098484992981
621,9458,2026,294,2,0.15466558933258057,0.05516127869486809,0.7214449048042297
622,9468,21350,14,2,0.1553971916437149,0.06484142690896988,1.3481197357177734
623,9483,22844,518,7,0.15311788022518158,0.03656342998147011,0.48530489206314087
624,9512,10085,298,2,0.15267954766750336,0.04286104813218117,0.7315382361412048
625,9513,12401,241,2,0.15474803745746613,0.041453972458839417,0.7304168343544006
626,9544,23002,1240,4,0.154713973402977,0.038451649248600006,-0.2761336863040924
627,9555,14053,1,1,0.15197591483592987,0.03957826644182205,3.051548480987549
628,9562,15862,1143,3,0.1512739658355713,0.03721929341554642,-0.13982197642326355
629,9591,5987,383,9,0.15575870871543884,0.044500671327114105,0.6030914187431335
630,9604,21982,412,6,0.15817806124687195,0.04997996985912323,0.5381762385368347
631,9669,3956,224,2,0.15533068776130676,0.060178402811288834,0.8833217024803162
632,9697,712,2,2,0.15586943924427032,0.06303461641073227,1.8317984342575073
633,9733,712,16,2,0.15645387768745422,0.06549562513828278,1.1904339790344238
634,9773,7373,125,3,0.15068216621875763,0.03758516535162926,0.9198833107948303
635,9814,21711,614,3,0.15061740577220917,0.039601005613803864,0.27389681339263916
636,9828,22812,467,2,0.1533060371875763,0.041659604758024216,0.3315563201904297
637,9830,22739,362,3,0.1514441817998886,0.03916560113430023,0.5291129350662231
638,9874,14417,121,2,0.1510472148656845,0.03525324910879135,0.9915728569030762
639,9883,18076,966,2,0.15057814121246338,0.03740102797746658,-0.022280126810073853
640,9885,4907,1330,2,0.14956259727478027,0.03619493544101715,-0.4117492437362671
641,9917,2668,12,6,0.15746939182281494,0.05891645327210426,1.6444212198257446
642,9921,22889,630,3,0.15404318273067474,0.03924604505300522,0.25198450684547424
643,9928,720,538,2,0.1523362696170807,0.03851547837257385,0.44548094272613525
644,9929,4725,990,2,0.15241916477680206,0.03804055601358414,-0.00681738555431366
645,9931,21491,137,2,0.15100695192813873,0.03833812102675438,1.047887921333313
646,9943,22998,1108,3,0.1531703621149063,0.03877738118171692,-0.2838258147239685
647,9969,4603,695,2,0.15054506063461304,0.036322351545095444,0.23222607374191284
648,9973,14084,1467,2,0.15097036957740784,0.03579955920577049,-0.5940181016921997
649,9993,9879,309,2,0.15177689492702484,0.046207793056964874,0.8270924091339111
650,10009,9313,149,4,0.15090736746788025,0.038627251982688904,0.9143675565719604
651,10028,6969,228,1,0.1515960544347763,0.03827667608857155,0.8856335282325745
652,10050,15381,750,3,0.15418291091918945,0.04708623141050339,0.08574723452329636
653,10106,21803,469,4,0.15289732813835144,0.04135648161172867,0.4379204213619232
654,10118,3611,9,3,0.15033937990665436,0.04239528253674507,2.1190388202667236
655,10156,3434,3,2,0.14981994032859802,0.04557839035987854,2.2613205909729004
656,10173,6235,1571,2,0.15347717702388763,0.03964821621775627,-0.9323607683181763
657,10186,7338,65,2,0.14969860017299652,0.039503052830696106,1.5152626037597656
658,10216,7524,1585,2,0.15033429861068726,0.039613235741853714,-0.960169792175293
659,10239,2844,328,2,0.15327398478984833,0.046308137476444244,0.6509668827056885
660,10258,22552,822,4,0.15144212543964386,0.03773440048098564,0.1546591818332672
661,10275,16108,431,3,0.15638160705566406,0.055801182985305786,0.5429579019546509
662,10280,7809,791,2,0.1530367136001587,0.03621979057788849,0.15564073622226715
663,10307,10059,1394,2,0.15084752440452576,0.038829050958156586,-0.532289445400238
664,10315,741,395,3,0.15185324847698212,0.038344480097293854,0.4954606890678406
665,10327,14451,810,3,0.15623725950717926,0.05335760489106178,0.047655194997787476
666,10344,3083,1431,2,0.1502435952425003,0.03727829456329346,-0.5604228973388672
667,10383,22133,266,4,0.15207388997077942,0.04096660390496254,0.7026131749153137
668,10390,23009,1727,2,0.15087130665779114,0.03471115976572037,-1.8280802965164185
669,10430,1616,1165,1,0.15266147255897522,0.039677657186985016,-0.1932377964258194
670,10440,12335,24,3,0.15020820498466492,0.045592911541461945,1.7032232284545898
671,10467,3718,49,5,0.15538759529590607,0.05032136291265488,1.156535029411316
672,10471,12192,119,3,0.15018117427825928,0.0357864648103714,0.9535048007965088
673,10481,8466,161,2,0.15228931605815887,0.04751119762659073,1.2968686819076538
674,10523,22773,831,3,0.1540651172399521,0.03846649080514908,0.04946903884410858
675,10526,11477,151,4,0.15290673077106476,0.046252429485321045,1.0733078718185425
676,10550,16962,234,8,0.15822646021842957,0.057664453983306885,0.9323089122772217
677,10664,20477,11,6,0.1527622491121292,0.03659677505493164,2.307485580444336
678,10680,18021,1636,4,0.1508726328611374,0.03921126946806908,-1.1398659944534302
679,10718,22052,942,2,0.15561319887638092,0.04067597538232803,-0.03355325758457184
680,10725,767,1606,2,0.15506604313850403,0.037041887640953064,-0.7931129932403564
681,10734,2579,1458,5,0.15459875762462616,0.04098900780081749,-0.5762795805931091
682,10743,8637,987,2,0.15457776188850403,0.03882680833339691,-0.0664118230342865
683,10746,9206,9,4,0.15353001654148102,0.037413090467453,1.8997910022735596
684,10749,10049,1239,3,0.15425173938274384,0.040945105254650116,-0.3034353256225586
685,10760,16404,682,2,0.15135256946086884,0.03688299283385277,0.2581849992275238
686,10782,22979,765,5,0.15472440421581268,0.03569626808166504,0.12522968649864197
687,10787,22807,859,5,0.15651535987854004,0.037541426718235016,0.07301484793424606
688,10808,10068,1122,2,0.15570536255836487,0.039041128009557724,-0.1875845491886139
689,10830,8336,1147,2,0.15070532262325287,0.046816520392894745,-0.18897594511508942
690,10835,3990,59,2,0.1551421582698822,0.05225759744644165,1.1007356643676758
691,10836,17962,10,2,0.1544671207666397,0.05479045957326889,1.675734281539917
692,10846,782,470,5,0.15482379496097565,0.04806050285696983,0.445690780878067
693,10848,19423,1604,2,0.15147322416305542,0.03996484726667404,-1.0863877534866333
694,10871,21691,2,4,0.1571395993232727,0.06110302358865738,1.499574899673462
695,10918,17814,1066,2,0.15601901710033417,0.053530655801296234,-0.21270519495010376
696,10942,21366,1137,1,0.15109188854694366,0.03910224139690399,-0.29561781883239746
697,10949,14358,554,3,0.15080291032791138,0.04251455143094063,0.3745262026786804
698,10951,20348,1252,5,0.15404999256134033,0.04251237213611603,-0.25241023302078247
699,10960,11420,1241,2,0.1551414281129837,0.04134294390678406,-0.3063020706176758
700,10966,4231,1,2,0.14978154003620148,0.03706058859825134,3.701524257659912
701,10973,4645,1023,3,0.1530884951353073,0.03596145287156105,-0.11030557751655579
702,10985,22929,243,3,0.1508021205663681,0.035301364958286285,0.633899450302124
703,10991,12956,608,2,0.15430870652198792,0.04259651526808739,0.2884310483932495
704,11042,20979,277,2,0.1527542620897293,0.049914173781871796,0.7655164003372192
705,11045,16829,265,3,0.1550682634115219,0.0577012300491333,0.7743194103240967
706,11046,22076,943,2,0.1572352647781372,0.041695088148117065,-0.030182823538780212
707,11054,22874,908,2,0.15001240372657776,0.03592982888221741,0.046987976878881454
708,11076,4643,1159,2,0.15261629223823547,0.03922977298498154,-0.17022132873535156
709,11077,14417,119,6,0.15339452028274536,0.03611479699611664,1.0320326089859009
710,11082,10900,280,2,0.153272345662117,0.038432326167821884,0.7590395212173462
711,11100,12830,34,2,0.15034812688827515,0.038595110177993774,1.740187168121338
712,11116,18339,433,4,0.15111537277698517,0.03617437556385994,0.5109026432037354
713,11125,805,1157,5,0.1553066074848175,0.03734852373600006,-0.2806069850921631
714,11126,805,630,3,0.15284453332424164,0.03743923082947731,0.3068338632583618
715,11128,16156,6,3,0.15117955207824707,0.035322386771440506,2.174485683441162
716,11129,15001,599,3,0.15243573486804962,0.041619688272476196,0.2518693804740906
717,11132,20734,202,4,0.15195947885513306,0.03984476625919342,0.8430031538009644
718,11153,22572,15,3,0.1508815437555313,0.037453897297382355,1.870012879371643
719,11168,20913,649,2,0.1540321409702301,0.035644322633743286,0.2884950637817383
720,11181,22575,581,1,0.15144674479961395,0.039148859679698944,0.31560617685317993
721,11190,1660,1232,5,0.15501366555690765,0.037997614592313766,-0.29807770252227783
722,11197,22922,318,2,0.15015611052513123,0.03473246470093727,0.6527262330055237
723,11199,17410,104,2,0.15388382971286774,0.044351398944854736,1.13106369972229
724,11201,3484,594,4,0.15096083283424377,0.03698280453681946,0.34210601449012756
725,11204,17717,72,4,0.15473602712154388,0.04453925043344498,1.6005876064300537
726,11211,12306,619,2,0.15389670431613922,0.0523868054151535,0.3276672661304474
727,11284,2046,88,5,0.15337441861629486,0.03894764184951782,1.5217649936676025
728,11301,21337,277,5,0.15528492629528046,0.04139991104602814,0.6727627515792847
729,11316,22549,753,6,0.15788322687149048,0.04899407550692558,0.11720289289951324
730,11322,22965,260,5,0.15475307404994965,0.03895188122987747,0.7070942521095276
731,11324,23021,648,2,0.15229664742946625,0.037178847938776016,0.1356237679719925
732,11337,18244,1183,10,0.15600614249706268,0.04199669510126114,-0.3033103942871094
733,11364,23024,702,4,0.15144668519496918,0.03700793534517288,0.2172347605228424
734,11365,22964,74,2,0.1521618515253067,0.04285586625337601,1.140898585319519
735,11376,16220,1357,1,0.15099765360355377,0.03630770742893219,-0.5130757093429565
736,11392,21951,818,5,0.1559397429227829,0.04113189876079559,0.04793690890073776
737,11407,18272,91,2,0.15418261289596558,0.05923489108681679,1.0270931720733643
738,11418,10838,28,4,0.1507783979177475,0.03985306993126869,1.8607639074325562
739,11450,3637,479,2,0.15323831140995026,0.04689642786979675,0.4791460335254669
740,11460,9725,462,2,0.15066850185394287,0.040177442133426666,0.5106448531150818
741,11461,1402,403,8,0.15726986527442932,0.043924205005168915,0.6532958745956421
742,11482,6293,89,2,0.15075431764125824,0.03420918434858322,1.0650551319122314
743,11505,22004,1251,2,0.15098167955875397,0.04346020892262459,-0.3162468373775482
744,11520,3369,939,4,0.15283919870853424,0.037557799369096756,-0.020701617002487183
745,11530,20302,1512,2,0.15450294315814972,0.04902169480919838,-0.7473418712615967
746,11584,10780,41,3,0.15253791213035583,0.0406620129942894,1.5558981895446777
747,11598,13669,131,2,0.15102091431617737,0.04308850318193436,1.1819214820861816
748,11604,4761,288,6,0.15511459112167358,0.03769833594560623,0.730191171169281
749,11619,22835,566,3,0.1509864777326584,0.042768821120262146,0.35705798864364624
750,11620,22688,1287,3,0.15167748928070068,0.038850605487823486,-0.34328556060791016
751,11626,2060,542,7,0.15568755567073822,0.0429859459400177,0.34461647272109985
752,11636,866,609,7,0.1532621681690216,0.037495262920856476,0.3941594958305359
753,11641,21411,518,3,0.15415993332862854,0.03819585591554642,0.3471527099609375
754,11643,868,1,2,0.15000848472118378,0.04014698415994644,3.768587589263916
755,11698,875,1490,2,0.1517878919839859,0.03674524649977684,-0.6943238377571106
756,11702,9775,1714,2,0.15633846819400787,0.04349752143025398,-1.2960748672485352
757,11710,22896,578,9,0.15497522056102753,0.03709213063120842,0.39853358268737793
758,11757,23008,416,2,0.15125370025634766,0.036438003182411194,0.6310237646102905
759,11758,22929,961,3,0.1515343338251114,0.03672296181321144,-0.07126165926456451
760,11815,889,1108,4,0.15322713553905487,0.039632514119148254,-0.1522936075925827
761,11829,21350,717,6,0.15576903522014618,0.04998544231057167,0.15655849874019623
762,11867,22414,147,10,0.15370355546474457,0.03691783919930458,1.1511378288269043
763,11877,16189,1395,3,0.15163975954055786,0.03511406108736992,-0.431429922580719
764,11883,19222,1057,2,0.14996786415576935,0.038833096623420715,-0.07624832540750504
765,11891,6019,196,2,0.15133124589920044,0.04614602029323578,0.9427452683448792
766,11899,22645,254,3,0.1520746946334839,0.04012463986873627,0.9100784063339233
767,11901,15883,1664,2,0.15408223867416382,0.04195127636194229,-1.21620774269104
768,11918,16348,1030,2,0.1558370441198349,0.04061536490917206,-0.20721322298049927
769,11930,22329,96,2,0.15078774094581604,0.04340770095586777,1.3955042362213135
770,11957,15869,631,2,0.1508178412914276,0.04117942601442337,0.3543073236942291
771,11962,9376,1400,2,0.14939258992671967,0.03467634320259094,-0.5249801278114319
772,12053,5138,339,2,0.15411733090877533,0.043036483228206635,0.6127782464027405
773,12084,22594,890,3,0.15179342031478882,0.0369977243244648,0.19567836821079254
774,12095,15826,1227,3,0.1517028957605362,0.038182128220796585,-0.2072676122188568
775,12161,18367,1341,2,0.1530701220035553,0.04125859588384628,-0.430440217256546
776,12172,11479,137,2,0.15122030675411224,0.03794357553124428,0.9491291046142578
777,12189,12118,154,4,0.15393394231796265,0.04945765808224678,0.79774409532547
778,12203,6636,1,3,0.15365123748779297,0.04100334271788597,2.573291301727295
779,12208,1901,1186,2,0.15404817461967468,0.03868222236633301,-0.30993083119392395
780,12266,2817,610,1,0.15180522203445435,0.04735911637544632,0.21131625771522522
781,12274,12740,1306,1,0.15386347472667694,0.039024025201797485,-0.3615860044956207
782,12276,15826,1259,3,0.15231505036354065,0.03954438865184784,-0.2803856134414673
783,12292,21992,1529,3,0.15286065638065338,0.03657872974872589,-0.7317469120025635
784,12319,3793,10,2,0.15298764407634735,0.04810072109103203,1.4636242389678955
785,12320,10591,431,2,0.15264561772346497,0.0387481227517128,0.49606749415397644
786,12324,2055,1703,2,0.15410277247428894,0.041359372437000275,-0.9646319150924683
787,12329,21624,2,3,0.1527412086725235,0.05037324130535126,1.742542028427124
788,12337,22183,701,3,0.15164610743522644,0.04118090867996216,0.1666557490825653
789,12340,4813,300,2,0.15490283071994781,0.0550815649330616,0.7478559613227844
790,12361,17859,384,2,0.15147189795970917,0.04551595076918602,0.6405742764472961
791,12401,2178,987,3,0.1523277759552002,0.03781808167695999,-0.07909567654132843
792,12432,966,1175,2,0.14970968663692474,0.03731563687324524,-0.1854255497455597
793,12434,966,201,3,0.1543877124786377,0.05576559156179428,0.9141714572906494
794,12466,21826,165,2,0.15125375986099243,0.04013210907578468,0.9872127771377563
795,12545,21345,1006,3,0.1559455543756485,0.052279889583587646,-0.16445958614349365
796,12575,23002,494,4,0.15275725722312927,0.038104236125946045,0.47616609930992126
797,12579,16883,78,2,0.15323515236377716,0.05133017152547836,1.1392321586608887
798,12598,11991,99,2,0.15072473883628845,0.036959245800971985,1.2560491561889648
799,12623,22004,158,3,0.15657398104667664,0.06077709048986435,1.0179572105407715
800,12624,21826,38,3,0.15371493995189667,0.041073188185691833,1.5195519924163818
801,12635,9590,126,2,0.15100707113742828,0.035430148243904114,0.9661930799484253
802,12661,2706,136,2,0.15409855544567108,0.05273734778165817,1.183491587638855
803,12683,10843,712,4,0.15114247798919678,0.03606582432985306,0.15518507361412048
804,12723,4262,12,4,0.1507260799407959,0.044684458523988724,2.8635241985321045
805,12750,10918,691,4,0.1528334766626358,0.04168396815657616,0.23275722563266754
806,12796,14657,358,3,0.1540483981370926,0.03857128322124481,0.5614856481552124
807,12799,3913,1386,2,0.15687856078147888,0.03878767043352127,-0.43483293056488037
808,12802,22591,987,3,0.15280120074748993,0.03884009271860123,-0.13029175996780396
809,12844,22228,667,4,0.15207135677337646,0.03969818353652954,0.13111363351345062
810,12854,21115,35,3,0.1516384333372116,0.04675208032131195,1.4261592626571655
811,12856,6053,613,2,0.15013748407363892,0.03664650768041611,0.30756887793540955
812,12857,21956,1160,3,0.1508171409368515,0.03630533814430237,-0.17402902245521545
813,12868,14224,134,2,0.1539331078529358,0.05217190086841583,0.9222131967544556
814,12900,15861,1713,7,0.1535826176404953,0.03781786188483238,-1.5717291831970215
815,12904,22903,683,4,0.15505726635456085,0.04082038626074791,0.16906529664993286
816,12916,8381,80,3,0.1517026722431183,0.04022429138422012,1.0554267168045044
817,12941,20283,164,1,0.1528928279876709,0.0369434617459774,0.9120555520057678
818,12949,13473,390,2,0.15490606427192688,0.05529230833053589,0.6118828058242798
819,12953,22874,1637,2,0.15432335436344147,0.03777053952217102,-0.8764304518699646
820,12976,10661,1518,1,0.16011150181293488,0.0444188117980957,-0.6560196280479431
821,12983,22596,112,1,0.1538873016834259,0.045546695590019226,0.8791795969009399
822,13052,21735,136,7,0.15649661421775818,0.05410262197256088,1.1096434593200684
823,13054,22084,536,2,0.14986416697502136,0.037770822644233704,0.3449588418006897
824,13056,3054,926,2,0.15028999745845795,0.042895570397377014,-0.06608518958091736
825,13069,21568,876,1,0.15962174534797668,0.042055658996105194,-0.0014022290706634521
826,13081,4534,220,6,0.15233644843101501,0.043194375932216644,0.9415386319160461
827,13098,6456,1701,1,0.1514575034379959,0.035635679960250854,-1.4965837001800537
828,13162,19176,14,5,0.15314416587352753,0.038720786571502686,2.0969600677490234
829,13173,6513,1186,3,0.15443754196166992,0.04023776948451996,-0.2976135015487671
830,13211,8974,18,2,0.15544047951698303,0.06380219757556915,1.4247779846191406
831,13232,14477,1,3,0.15437456965446472,0.05335020273923874,3.330507516860962
832,13235,1051,907,4,0.1534925401210785,0.05074060708284378,0.08962370455265045
833,13264,19626,28,3,0.1562701016664505,0.05986494943499565,1.2573862075805664
834,13300,13760,641,2,0.15387317538261414,0.04155738651752472,0.1545732319355011
835,13310,3532,985,2,0.1527414321899414,0.03679249435663223,-0.15492364764213562
836,13342,22636,1619,2,0.1536622792482376,0.03805248439311981,-0.7828773260116577
837,13372,2386,62,4,0.15255862474441528,0.04693925753235817,1.7122910022735596
838,13392,22931,73,3,0.15098053216934204,0.04402893781661987,1.6782212257385254
839,13404,11017,1315,3,0.1514190137386322,0.03701773285865784,-0.40060919523239136
840,13410,1081,79,2,0.1542380154132843,0.045649707317352295,1.1718182563781738
841,13424,11846,1649,2,0.1544681191444397,0.039832454174757004,-0.8150619864463806
842,13434,8784,619,2,0.1535462588071823,0.03989523649215698,0.3354201018810272
843,13472,8248,269,1,0.15160803496837616,0.034681640565395355,0.7250568866729736
844,13560,23005,610,2,0.1541697084903717,0.03973530977964401,0.1657346487045288
845,13566,22482,1641,3,0.15395373106002808,0.042285338044166565,-0.8454630970954895
846,13570,22344,337,5,0.1545393466949463,0.04783131927251816,0.6225482821464539
847,13604,7196,165,2,0.14931000769138336,0.036994919180870056,0.933270275592804
848,13610,1101,1171,2,0.15402062237262726,0.036800406873226166,-0.2648705244064331
849,13612,16633,3,2,0.1565488576889038,0.06626686453819275,1.9233237504959106
850,13616,9608,663,3,0.15360736846923828,0.04221038520336151,0.17610523104667664
851,13643,5042,858,2,0.1536664366722107,0.03873902186751366,0.09856432676315308
852,13665,1110,448,1,0.1528201550245285,0.04091189056634903,0.5787931084632874
853,13669,6031,1724,3,0.15091845393180847,0.03590628132224083,-1.417314887046814
854,13681,22205,155,4,0.15234848856925964,0.04322988539934158,0.9109751582145691
855,13739,20995,1,3,0.1536080241203308,0.04708405211567879,2.5400454998016357
856,13741,10037,1303,2,0.15441492199897766,0.04229428246617317,-0.4501972198486328
857,13744,22019,361,2,0.1536029577255249,0.04134315997362137,0.5928804874420166
858,13769,1119,1107,2,0.15354155004024506,0.048731572926044464,-0.11537454277276993
859,13793,11213,1552,2,0.1545637995004654,0.04124993830919266,-0.6744374632835388
860,13795,1121,670,2,0.1502203494310379,0.04132326692342758,0.23447655141353607
861,13813,10470,1,2,0.15414108335971832,0.05404384061694145,3.244986057281494
862,13839,19825,384,2,0.15044204890727997,0.03792031854391098,0.617306113243103
863,13845,1128,405,2,0.1560431867837906,0.05330030620098114,0.48446187376976013
864,13854,6055,1777,4,0.15335270762443542,0.044464971870183945,-2.1647677421569824
865,13863,13556,154,8,0.15734538435935974,0.05425485596060753,0.9133318662643433
866,13913,20722,1636,2,0.15194186568260193,0.040217325091362,-1.0932592153549194
867,13928,22364,720,2,0.15296009182929993,0.03631177544593811,0.07759789377450943
868,13940,9838,279,3,0.15594758093357086,0.06342737376689911,0.8060052394866943
869,13977,22144,292,2,0.14990727603435516,0.03891350328922272,0.6976467967033386
870,13984,18104,1345,1,0.15109209716320038,0.03469361364841461,-0.5531483888626099
871,14027,21334,395,3,0.15225446224212646,0.03896094858646393,0.5251640677452087
872,14029,17916,1737,3,0.15223580598831177,0.036560479551553726,-1.6736335754394531
873,14053,18029,159,1,0.15018033981323242,0.04036230966448784,0.892401397228241
874,14085,22559,1603,2,0.1546528935432434,0.04207810014486313,-0.8760137557983398
875,14090,5101,199,2,0.15068665146827698,0.039130471646785736,0.8521773815155029
876,14138,4164,602,3,0.15331897139549255,0.03975973650813103,0.18709513545036316
877,14176,12299,151,3,0.1528061479330063,0.040828391909599304,1.2082979679107666
878,14179,8348,38,2,0.15615028142929077,0.0636570081114769,1.300667643547058
879,14190,19857,381,4,0.15553124248981476,0.061682142317295074,0.6110155582427979
880,14195,3768,110,2,0.150840625166893,0.03526870161294937,1.0057224035263062
881,14225,1336,1719,3,0.1506674438714981,0.03554017096757889,-1.271278738975525
882,14243,8075,1211,1,0.15550056099891663,0.03724459186196327,-0.24464327096939087
883,14261,17187,549,1,0.15939588844776154,0.04817364364862442,0.26906564831733704
884,14275,20322,1522,4,0.1554771363735199,0.05271807312965393,-0.6416380405426025
885,14292,19717,541,2,0.15684545040130615,0.04505229741334915,0.3550388813018799
886,14322,10141,1101,2,0.15716487169265747,0.053801245987415314,-0.21152961254119873
887,14336,2357,127,2,0.15248243510723114,0.04707860201597214,1.0505907535552979
888,14339,6211,1596,2,0.15441864728927612,0.037769727408885956,-0.8981534242630005
889,14342,8840,309,3,0.15341728925704956,0.0402861088514328,0.6638559103012085
890,14347,21170,1059,2,0.15146984159946442,0.035827405750751495,-0.09061622619628906
891,14370,13085,854,2,0.14983291923999786,0.03649546205997467,0.02629716694355011
892,14376,10594,1426,3,0.15530279278755188,0.03640015795826912,-0.48509517312049866
893,14401,1216,1779,3,0.1532382071018219,0.04099767655134201,-1.9385888576507568
894,14410,9287,42,3,0.15096618235111237,0.03695165365934372,1.8235042095184326
895,14451,11213,131,2,0.15072037279605865,0.03857068344950676,1.0984874963760376
896,14453,2391,89,10,0.15547212958335876,0.046562209725379944,1.1693174839019775
897,14462,17469,1128,1,0.15201205015182495,0.035739824175834656,-0.09804967045783997
898,14477,21873,63,4,0.15500594675540924,0.05572981387376785,1.2218101024627686
899,14484,20043,740,5,0.15628944337368011,0.0440659373998642,0.17540167272090912
900,14492,19160,644,2,0.1538500040769577,0.04783197492361069,0.34961268305778503
901,14572,9115,168,4,0.1544858068227768,0.04466967284679413,0.8528069257736206
902,14596,15381,607,3,0.15438708662986755,0.04481295868754387,0.22297240793704987
903,14610,1356,250,3,0.15144628286361694,0.03656817227602005,0.6940227150917053
904,14642,8763,441,2,0.15302243828773499,0.03781174495816231,0.5056654214859009
905,14643,19504,4,2,0.15327008068561554,0.038165848702192307,2.724810838699341
906,14651,1236,1094,2,0.15341141819953918,0.03741765022277832,-0.17612676322460175
907,14653,21776,655,2,0.15670976042747498,0.047995757311582565,0.24874790012836456
908,14670,20283,839,2,0.1529647260904312,0.040309563279151917,0.07219992578029633
909,14686,14727,1110,4,0.1559687852859497,0.04789834842085838,-0.1837473213672638
910,14704,21350,126,3,0.15410131216049194,0.05439135059714317,1.0322301387786865
911,14732,1250,1236,3,0.15241611003875732,0.04658399522304535,-0.375584214925766
912,14763,18116,665,4,0.1542872041463852,0.04177247732877731,0.19325000047683716
913,14781,22623,401,2,0.1522078961133957,0.03793998062610626,0.5578649640083313
914,14785,1255,1395,2,0.15402255952358246,0.042845357209444046,-0.4558073878288269
915,14831,1259,1198,2,0.15301591157913208,0.048478420823812485,-0.2656342387199402
916,14838,20098,20,1,0.15098628401756287,0.03926432877779007,1.9799810647964478
917,14850,2417,1594,3,0.15272437036037445,0.036054473370313644,-0.8307974934577942
918,14876,7053,233,2,0.15395282208919525,0.054183218628168106,0.7971454858779907
919,14889,20355,255,3,0.15088900923728943,0.03686755150556564,0.7504803538322449
920,14892,15985,161,2,0.15225866436958313,0.03715485334396362,0.9032721519470215
921,14913,21489,1177,2,0.1534036546945572,0.03995376080274582,-0.24461819231510162
922,14938,23022,438,2,0.15037846565246582,0.035302773118019104,0.5238636136054993
923,15000,16872,81,2,0.15538202226161957,0.04857935011386871,1.0177196264266968
924,15002,10403,276,2,0.15476953983306885,0.0453481562435627,0.7191591262817383
925,15007,4536,1401,3,0.15183870494365692,0.03743283078074455,-0.5492483377456665
926,15009,1704,866,1,0.15922698378562927,0.053073614835739136,-0.10249718278646469
927,15010,18527,875,5,0.1539456993341446,0.04615942761301994,-0.04294337332248688
928,15031,6584,32,2,0.15464575588703156,0.04272710531949997,1.3767832517623901
929,15032,1285,34,3,0.1513696163892746,0.0390792079269886,1.6257606744766235
930,15041,17527,153,2,0.1515340656042099,0.03695465996861458,0.8942932486534119
931,15056,14958,70,3,0.15333151817321777,0.047430820763111115,1.718994379043579
932,15079,12564,1032,2,0.15161465108394623,0.037619348615407944,-0.06820894777774811
933,15093,18022,1436,2,0.15145286917686462,0.044712215662002563,-0.6707698702812195
934,15112,15148,997,2,0.15081298351287842,0.03490591421723366,-0.0037232711911201477
935,15128,17546,1514,2,0.15157589316368103,0.04480677843093872,-0.6868611574172974
936,15158,6465,1384,3,0.1517411172389984,0.04049348086118698,-0.4256846308708191
937,15159,15955,1664,2,0.1507118046283722,0.036215975880622864,-1.3408626317977905
938,15173,20362,1685,2,0.15339504182338715,0.041248030960559845,-1.2790420055389404
939,15188,19489,6,2,0.15268756449222565,0.05094541981816292,1.6252562999725342
940,15190,7624,1152,2,0.15247689187526703,0.039864432066679,-0.29966726899147034
941,15258,11338,954,2,0.151170551776886,0.03910919651389122,0.06714527308940887
942,15272,9157,1202,1,0.16017699241638184,0.0574297234416008,-0.2581501603126526
943,15281,13043,1366,2,0.14984062314033508,0.033967599272727966,-0.4373484253883362
944,15286,11266,80,4,0.1556294858455658,0.057852134108543396,1.0361334085464478
945,15299,2303,44,7,0.15903474390506744,0.04961484670639038,1.2885031700134277
946,15348,13899,198,2,0.15626700222492218,0.05847660079598427,0.9310610890388489
947,15350,18343,543,1,0.15074393153190613,0.03757923096418381,0.4491681456565857
948,15352,20477,4,1,0.15157367289066315,0.039172153919935226,1.7012096643447876
949,15358,1773,132,2,0.15329484641551971,0.0417458638548851,1.1360738277435303
950,15359,19173,1457,2,0.15636172890663147,0.03859305381774902,-0.5976478457450867
951,15360,20473,849,2,0.154658704996109,0.04043549671769142,0.10837264358997345
952,15377,19587,316,3,0.15541915595531464,0.06115611642599106,0.6781215071678162
953,15418,20902,847,3,0.1541813313961029,0.04249119758605957,-0.05128376558423042
954,15443,17218,1569,4,0.15572874248027802,0.038319312036037445,-0.7380633354187012
955,15469,10970,797,2,0.14884525537490845,0.03744670748710632,-0.005199551582336426
956,15474,22853,956,3,0.15187518298625946,0.04085800051689148,-0.02065926045179367
957,15510,11289,405,3,0.15148644149303436,0.03993837162852287,0.4721676707267761
958,15515,20780,400,3,0.15481489896774292,0.03935503959655762,0.569066047668457
959,15545,1347,1760,2,0.154371440410614,0.04323621094226837,-1.7267200946807861
960,15554,21350,119,2,0.15205426514148712,0.044801827520132065,1.1231497526168823
961,15559,1350,665,6,0.1535557359457016,0.0385010689496994,0.21826648712158203
962,15592,21881,337,2,0.1507730782032013,0.038171179592609406,0.5241860747337341
963,15605,2198,792,6,0.1545179784297943,0.04083169624209404,0.010599955916404724
964,15642,9522,1711,2,0.15556196868419647,0.03613540902733803,-1.2741364240646362
965,15673,14195,35,3,0.1574806272983551,0.061116911470890045,1.303613543510437
966,15700,17099,104,2,0.15659599006175995,0.058230623602867126,1.0218983888626099
967,15710,22017,1424,2,0.15250557661056519,0.04072515666484833,-0.6251368522644043
968,15745,13494,5,3,0.15242642164230347,0.03948231786489487,1.8072755336761475
969,15751,19277,531,3,0.15397809445858002,0.04546992480754852,0.25429701805114746
970,15801,1667,1264,4,0.15106305480003357,0.04195062816143036,-0.3251797556877136
971,15807,7250,1638,1,0.15026238560676575,0.03498154133558273,-1.2354998588562012
972,15821,22155,1188,1,0.15140128135681152,0.03637969493865967,-0.23341800272464752
973,15844,11702,145,2,0.15362150967121124,0.04977700114250183,1.1023430824279785
974,15864,16440,1631,2,0.15589909255504608,0.04286596551537514,-0.7717247605323792
975,15878,2969,1628,2,0.15431958436965942,0.04729996249079704,-0.8360379338264465
976,15919,21491,902,3,0.15391097962856293,0.04184602200984955,-0.07088465988636017
977,15924,22007,292,2,0.15062926709651947,0.04136202856898308,0.7044380903244019
978,15934,9770,1,1,0.15975826978683472,0.06157756224274635,1.5501773357391357
979,15949,10029,817,2,0.15281540155410767,0.040706388652324677,0.08758725225925446
980,15973,20041,12,6,0.15598928928375244,0.048393700271844864,2.342473030090332
981,16015,9749,323,1,0.15197241306304932,0.038123711943626404,0.6620016694068909
982,16029,17748,179,4,0.15210701525211334,0.047523245215415955,0.8969457149505615
983,16048,18279,62,2,0.15251244604587555,0.048633962869644165,1.3169770240783691
984,16049,16520,1151,3,0.15341229736804962,0.03652479127049446,-0.2761620283126831
985,16090,22890,143,3,0.15104128420352936,0.03621722012758255,0.9132622480392456
986,16128,22574,721,1,0.1513504832983017,0.04241982847452164,0.2909180223941803
987,16137,12113,814,2,0.15496698021888733,0.04357362538576126,-0.019059523940086365
988,16143,19792,436,1,0.1579122692346573,0.044868044555187225,0.43390092253685
989,16178,20069,1491,2,0.15105538070201874,0.03527796268463135,-0.6861134767532349
990,16202,11857,1730,2,0.15563714504241943,0.042232006788253784,-1.423403024673462
991,16204,1437,229,2,0.15065538883209229,0.042300477623939514,0.7156524658203125
992,16209,3528,1693,2,0.15695571899414062,0.039634041488170624,-1.0242421627044678
993,16225,20940,1459,4,0.1559462547302246,0.039939552545547485,-0.552365779876709
994,16228,23008,695,2,0.15525691211223602,0.038622502237558365,0.13970579206943512
995,16229,8537,1515,2,0.1533135622739792,0.038127899169921875,-0.6639371514320374
996,16250,12449,1171,2,0.1520688235759735,0.042844027280807495,-0.17551134526729584
997,16263,22109,572,2,0.15651847422122955,0.04727591201663017,0.25502339005470276
998,16318,19822,1161,2,0.1521931290626526,0.03759600967168808,-0.1851588934659958
999,16322,12560,1074,2,0.15563663840293884,0.041726041585206985,-0.10893215239048004
1000,16325,8023,1531,3,0.15422819554805756,0.043035440146923065,-0.6903494000434875
1001,16392,14523,773,3,0.1527778059244156,0.04642615467309952,0.13339655101299286
1002,16417,22132,1135,5,0.15565766394138336,0.039930559694767,-0.25211161375045776
1003,16427,22986,713,2,0.15087763965129852,0.035520754754543304,0.31039345264434814
1004,16431,6015,145,3,0.15144404768943787,0.037611424922943115,0.9537163972854614
1005,16437,14570,1490,2,0.1543896347284317,0.03738414868712425,-0.6920149326324463
1006,16438,22051,1723,1,0.15206710994243622,0.034176796674728394,-1.718229055404663
1007,16443,16127,648,2,0.15119187533855438,0.03868003934621811,0.36142614483833313
1008,16461,17922,1517,2,0.15544235706329346,0.03890533000230789,-0.6458994746208191
1009,16507,21249,264,2,0.15010477602481842,0.035468339920043945,0.7208433747291565
1010,16520,16926,14,3,0.15329688787460327,0.05131450295448303,1.5074477195739746
1011,16529,4902,395,4,0.1507517397403717,0.042340002954006195,0.4911501705646515
1012,16542,17107,24,5,0.15518403053283691,0.050591789186000824,1.360466480255127
1013,16547,19751,103,2,0.14871574938297272,0.043213360011577606,1.1727832555770874
1014,16608,20995,1,2,0.15596681833267212,0.05685101076960564,1.842193365097046
1015,16609,17235,685,2,0.15548373758792877,0.040240392088890076,0.10735468566417694
1016,16620,1865,1029,2,0.15510058403015137,0.0383521169424057,-0.16011938452720642
1017,16623,16217,974,3,0.15336287021636963,0.04661736264824867,-0.05079490691423416
1018,16626,13131,1503,2,0.15471406280994415,0.03834027051925659,-0.5640747547149658
1019,16696,2825,642,4,0.15534892678260803,0.04020680859684944,0.30535778403282166
1020,16702,16841,13,4,0.15416313707828522,0.05228825658559799,1.6225056648254395
1021,16710,15817,422,2,0.1560349017381668,0.045821476727724075,0.495941698551178
1022,16713,5462,263,3,0.155559241771698,0.06323109567165375,0.8329391479492188
1023,16734,20060,1578,2,0.15105541050434113,0.03535746783018112,-0.7957973480224609
1024,16768,13587,309,2,0.1531124711036682,0.04595908522605896,0.5520952939987183
1025,16773,1552,1,3,0.1511785089969635,0.044099438935518265,5.147144794464111
1026,16800,11473,1,2,0.15023565292358398,0.04943455010652542,5.087498664855957
1027,16803,10081,805,2,0.1514492630958557,0.042265601456165314,0.13007211685180664
1028,16830,22969,1225,3,0.15314549207687378,0.036173250526189804,-0.4652481973171234
1029,16835,12222,1429,4,0.15352343022823334,0.03890799731016159,-0.6250419616699219
1030,16868,23032,107,2,0.14955435693264008,0.03753381222486496,1.0772407054901123
1031,16869,1551,275,2,0.15058334171772003,0.035838041454553604,0.654794454574585
1032,16874,5820,255,3,0.15088970959186554,0.04041040316224098,0.7245203852653503
1033,16906,14215,1147,3,0.15404988825321198,0.03319845348596573,-0.25605979561805725
1034,16913,5963,1013,3,0.15280359983444214,0.039404720067977905,-0.117176353931427
1035,16926,19636,21,2,0.15010184049606323,0.039269957691431046,1.611504077911377
1036,16931,1564,1323,2,0.15233129262924194,0.03975304961204529,-0.5481253266334534
1037,16939,15834,1086,1,0.15271878242492676,0.03619329258799553,-0.22479979693889618
1038,16947,2665,82,3,0.15163764357566833,0.039631281048059464,1.0305216312408447
1039,17000,19390,25,2,0.1546415239572525,0.05802905559539795,1.3494960069656372
1040,17010,22108,649,4,0.15568630397319794,0.038632139563560486,0.2766706943511963
1041,17054,13659,652,2,0.1537703424692154,0.03727109357714653,0.30501314997673035
1042,17055,17216,1406,3,0.15144352614879608,0.03860758990049362,-0.5446265935897827
1043,17070,21445,1738,2,0.15146504342556,0.03518196940422058,-2.0644140243530273
1044,17090,9490,24,2,0.15053558349609375,0.04090316593647003,1.4187853336334229
1045,17108,12600,224,2,0.15184366703033447,0.03797375410795212,0.7946548461914062
1046,17113,17560,648,5,0.15348023176193237,0.03694256767630577,0.293068528175354
1047,17121,3491,1033,3,0.15134502947330475,0.03859364241361618,-0.06489013135433197
1048,17134,21824,742,2,0.15094898641109467,0.03543267026543617,0.3438948392868042
1049,17157,22582,432,3,0.15127216279506683,0.037076689302921295,0.5571507811546326
1050,17189,12536,350,2,0.1507434844970703,0.039908312261104584,0.5834914445877075
1051,17195,8946,179,2,0.15629777312278748,0.06164134293794632,0.9404997229576111
1052,17268,20868,288,6,0.1530051827430725,0.043452806770801544,0.6898597478866577
1053,17300,20766,374,2,0.15221448242664337,0.042572297155857086,0.6111469268798828
1054,17302,4815,1,3,0.15253984928131104,0.0483589693903923,3.6072144508361816
1055,17318,23009,1284,4,0.15280789136886597,0.044991619884967804,-0.4176240563392639
1056,17330,22894,1552,5,0.15271945297718048,0.036551229655742645,-0.8618661761283875
1057,17333,21889,632,10,0.1534719467163086,0.036659449338912964,0.3308207392692566
1058,17348,22415,377,2,0.1559390425682068,0.05699518322944641,0.6046485900878906
1059,17397,13078,780,4,0.15258938074111938,0.047529298812150955,0.11709201335906982
1060,17398,1642,771,2,0.15361784398555756,0.04626941680908203,0.1278308779001236
1061,17399,21685,1116,3,0.1524103283882141,0.04585650563240051,-0.1571992039680481
1062,17423,1645,1410,2,0.15261882543563843,0.040467530488967896,-0.6591099500656128
1063,17447,6485,671,2,0.15201473236083984,0.036257945001125336,0.24147982895374298
1064,17453,16841,12,2,0.15521332621574402,0.059407323598861694,1.3944058418273926
1065,17501,4030,1067,5,0.15491415560245514,0.04445565119385719,-0.16674262285232544
1066,17504,20644,281,2,0.15227030217647552,0.04906587302684784,0.7636975049972534
1067,17533,21760,177,2,0.15267615020275116,0.05107666924595833,0.9258650541305542
1068,17611,3208,1686,6,0.1529282182455063,0.03389535844326019,-1.3745368719100952
1069,17621,9882,269,2,0.1558673083782196,0.05769146978855133,0.714340090751648
1070,17650,22228,394,10,0.1538420468568802,0.036517348140478134,0.6240041851997375
1071,17665,1920,199,3,0.15245458483695984,0.03770066797733307,0.8669458031654358
1072,17748,13154,1632,3,0.15465205907821655,0.04178847372531891,-1.0070617198944092
1073,17770,17729,1609,3,0.15500226616859436,0.035417329519987106,-0.9217349886894226
1074,17810,21639,1048,8,0.15586066246032715,0.03825298696756363,-0.20925165712833405
1075,17831,21743,241,3,0.15297652781009674,0.049004927277565,0.7775576114654541
1076,17890,9726,400,2,0.1539411097764969,0.04624791070818901,0.6345492601394653
1077,17891,17157,121,2,0.15296781063079834,0.03944997489452362,1.1422656774520874
1078,17897,3610,595,2,0.15120843052864075,0.04187336191534996,0.39309534430503845
1079,17905,7799,1360,2,0.1509486734867096,0.036374665796756744,-0.4566274881362915
1080,17920,20441,1131,2,0.15387290716171265,0.038302697241306305,-0.1729240119457245
1081,17926,22411,1411,2,0.15442828834056854,0.03755014389753342,-0.5572192072868347
1082,17931,21983,1129,2,0.15037402510643005,0.03660823404788971,-0.2027566283941269
1083,17955,20555,521,2,0.15197259187698364,0.037435851991176605,0.4081763029098511
1084,17965,4637,20,10,0.15451888740062714,0.03788323700428009,1.7032825946807861
1085,17968,5042,82,4,0.15127068758010864,0.03888719528913498,1.1219779253005981
1086,17980,18851,24,2,0.15030403435230255,0.037434764206409454,1.8815014362335205
1087,17982,18513,713,4,0.1559007316827774,0.03624735772609711,0.1264255940914154
1088,18003,15088,483,2,0.15606701374053955,0.05664272606372833,0.44122257828712463
1089,18004,22642,469,3,0.15440747141838074,0.042047686874866486,0.4743013083934784
1090,18025,21472,136,3,0.150574192404747,0.03815177083015442,1.0169228315353394
1091,18040,8969,297,2,0.1541793793439865,0.042426638305187225,0.6378014087677002
1092,18051,20098,1658,2,0.1508246213197708,0.03803488612174988,-1.2511992454528809
1093,18053,23018,1067,2,0.15712323784828186,0.038132280111312866,-0.1471497267484665
1094,18071,22792,482,3,0.15430282056331635,0.04963085800409317,0.360038161277771
1095,18075,9221,458,4,0.15354733169078827,0.03544332832098007,0.5078785419464111
1096,18108,15903,260,2,0.15715421736240387,0.05160317197442055,0.7746573686599731
1097,18152,1770,1648,2,0.15107645094394684,0.043858110904693604,-1.2680325508117676
1098,18159,8496,209,2,0.15424801409244537,0.0550246462225914,0.7794970870018005
1099,18172,22904,125,5,0.15508083999156952,0.05375228077173233,1.0091339349746704
1100,18173,17218,1076,2,0.15549159049987793,0.03868479281663895,-0.1531485617160797
1101,18182,15603,585,2,0.15706978738307953,0.04291260242462158,0.3582998216152191
1102,18188,12976,1696,2,0.1535375416278839,0.0367957279086113,-1.5859930515289307
1103,18195,13823,294,3,0.1535593718290329,0.05365175008773804,0.7265412211418152
1104,18199,5685,494,3,0.15432798862457275,0.042228203266859055,0.35401245951652527
1105,18225,22983,173,4,0.15173520147800446,0.03647372126579285,0.8814192414283752
1106,18233,22520,565,10,0.1543792486190796,0.038556646555662155,0.45863479375839233
1107,18244,22800,599,2,0.1545621007680893,0.041436828672885895,0.25036507844924927
1108,18280,21939,843,4,0.1524515002965927,0.047940514981746674,0.08420103043317795
1109,18326,22202,1077,5,0.15769891440868378,0.03735290840268135,-0.18685497343540192
1110,18357,12309,1591,2,0.1513400375843048,0.03517534211277962,-1.137821078300476
1111,18386,20030,123,2,0.15371288359165192,0.05326661467552185,1.0249427556991577
1112,18388,2531,28,6,0.15667647123336792,0.05634362995624542,1.5788514614105225
1113,18429,20854,1074,3,0.15406477451324463,0.04024113714694977,-0.1924889236688614
1114,18443,21060,1453,2,0.15053701400756836,0.03612036257982254,-0.6888659596443176
1115,18448,12607,213,2,0.1510802060365677,0.039924271404743195,0.7046509981155396
1116,18540,22478,1085,6,0.15544041991233826,0.03743261843919754,-0.26464900374412537
1117,18542,17931,756,1,0.15510810911655426,0.03558417409658432,0.028917528688907623
1118,18551,20348,945,3,0.15331096947193146,0.04516363888978958,-0.04698094725608826
1119,18583,17957,597,3,0.15413184463977814,0.05106493458151817,0.3723147511482239
1120,18595,20483,680,3,0.1504814177751541,0.03565080836415291,0.20658838748931885
1121,18620,4379,115,2,0.15062084794044495,0.036374371498823166,1.1422863006591797
1122,18625,7556,381,2,0.15230660140514374,0.03468446061015129,0.5449283719062805
1123,18635,22428,379,2,0.152785524725914,0.03986874595284462,0.565992534160614
1124,18637,12542,43,3,0.15510602295398712,0.053652502596378326,1.1371692419052124
1125,18646,10957,133,6,0.1552022248506546,0.04334869980812073,0.9692931771278381
1126,18663,23030,1753,5,0.15695251524448395,0.04079606011509895,-1.3533051013946533
1127,18676,1859,917,2,0.15110008418560028,0.03785884380340576,0.15515375137329102
1128,18688,1860,927,2,0.1509736329317093,0.03396906331181526,0.12606973946094513
1129,18708,10310,712,3,0.15311947464942932,0.039111025631427765,0.1565854251384735
1130,18718,15708,319,1,0.15286707878112793,0.0369078703224659,0.629065752029419
1131,18734,20017,39,4,0.1517607718706131,0.04654882103204727,1.6915762424468994
1132,18739,21618,62,3,0.151916965842247,0.04825466126203537,1.4050666093826294
1133,18758,22411,408,1,0.1568613499403,0.039107806980609894,0.4668616056442261
1134,18771,14627,8,2,0.15247589349746704,0.03736758232116699,1.909442663192749
1135,18807,16345,111,3,0.15522779524326324,0.042731862515211105,1.0200526714324951
1136,18834,19955,476,2,0.15406863391399384,0.03671599552035332,0.3840058743953705
1137,18860,3484,1759,2,0.150081068277359,0.036232247948646545,-1.9769574403762817
1138,18903,20860,311,3,0.15120108425617218,0.03526412323117256,0.6128768920898438
1139,18911,22344,23,3,0.15572433173656464,0.05939444899559021,1.4105217456817627
1140,18936,22425,1394,5,0.158108651638031,0.03870217874646187,-0.4732421934604645
1141,18938,9512,669,3,0.15545444190502167,0.040791336447000504,0.14724664390087128
1142,18974,17246,85,2,0.154811829328537,0.050275564193725586,1.137599229812622
1143,18994,21451,720,2,0.1534121185541153,0.049448221921920776,0.2845192551612854
1144,19000,3921,364,3,0.15171414613723755,0.03840038552880287,0.571834921836853
1145,19007,9656,78,4,0.15276771783828735,0.03490640968084335,1.4087178707122803
1146,19015,1924,1615,4,0.15203820168972015,0.04205809533596039,-0.9764360785484314
1147,19025,22948,744,6,0.1564752161502838,0.03862906992435455,0.05403308570384979
1148,19030,22105,516,2,0.15003752708435059,0.038647159934043884,0.4071091413497925
1149,19031,13869,1122,2,0.15071459114551544,0.037916623055934906,-0.20516528189182281
1150,19032,22900,82,3,0.150383859872818,0.036613836884498596,1.148280143737793
1151,19054,10081,274,2,0.15457822382450104,0.046848006546497345,0.7358914017677307
1152,19152,4896,1443,2,0.15070724487304688,0.037452325224876404,-0.6137098073959351
1153,19159,1946,272,2,0.15570490062236786,0.06081892549991608,0.7268142700195312
1154,19201,5963,621,3,0.15340039134025574,0.04005122557282448,0.1295747011899948
1155,19214,11578,1627,3,0.1517469882965088,0.036653801798820496,-0.9787313938140869
1156,19225,22894,639,3,0.154501810669899,0.04064589738845825,0.11423233896493912
1157,19252,20260,59,10,0.1544090062379837,0.03949180617928505,1.5950567722320557
1158,19253,2979,168,3,0.15451860427856445,0.05642630159854889,0.906438410282135
1159,19266,10026,19,2,0.1519922912120819,0.03826446831226349,1.8395445346832275
1160,19269,22574,570,2,0.1559504121541977,0.05103281885385513,0.2608393132686615
1161,19277,19653,29,5,0.15489010512828827,0.04146169126033783,1.6181056499481201
1162,19279,5877,1247,2,0.1559031754732132,0.04277120158076286,-0.29713496565818787
1163,19304,21267,257,4,0.15324875712394714,0.04520765691995621,0.770450234413147
1164,19306,18840,198,2,0.15638987720012665,0.05588313564658165,0.9325894117355347
1165,19323,4541,1411,2,0.15040333569049835,0.034672826528549194,-0.5616776943206787
1166,19325,6474,1550,7,0.15353012084960938,0.04345566779375076,-0.9472671151161194
1167,19342,15698,1282,3,0.15347810089588165,0.03724748641252518,-0.35847997665405273
1168,19358,11000,79,2,0.15181493759155273,0.03868788480758667,1.0626137256622314
1169,19392,21826,1593,3,0.1537763625383377,0.037101104855537415,-0.9959719181060791
1170,19398,13016,1041,5,0.15435297787189484,0.03838109225034714,-0.1375531554222107
1171,19399,20676,68,2,0.15144294500350952,0.03491205722093582,1.2637616395950317
1172,19436,2478,1575,5,0.1574104130268097,0.04141494259238243,-0.7029708623886108
1173,19499,20942,177,6,0.1525515615940094,0.03714153170585632,1.048892617225647
1174,19544,10842,587,2,0.15178334712982178,0.040201470255851746,0.3008407652378082
1175,19556,7766,256,2,0.15280231833457947,0.049642425030469894,0.7373496294021606
1176,19559,7171,876,4,0.15133269131183624,0.03934815898537636,-0.031941235065460205
1177,19613,22951,110,2,0.15005449950695038,0.03766029328107834,1.1176769733428955
1178,19615,12739,457,3,0.1511532962322235,0.03765302151441574,0.4032110273838043
1179,19623,5948,1757,3,0.15048477053642273,0.0385606475174427,-1.8799453973770142
1180,19634,7865,902,2,0.15303967893123627,0.039024949073791504,0.015948891639709473
1181,19643,10121,1015,5,0.1556648164987564,0.03719820827245712,-0.19779394567012787
1182,19654,7543,1,2,0.15519653260707855,0.06066492199897766,1.9113284349441528
1183,19662,20144,227,1,0.15386337041854858,0.0439181849360466,0.8187804222106934
1184,19667,5186,13,5,0.1528501808643341,0.03795940428972244,2.2975170612335205
1185,19673,21734,787,2,0.154371440410614,0.04052428901195526,0.18937420845031738
1186,19728,20685,1147,2,0.15572279691696167,0.04138035327196121,-0.27367445826530457
1187,19740,22923,405,4,0.15130074322223663,0.037993550300598145,0.527915358543396
1188,19762,21230,1528,3,0.15175756812095642,0.03674476593732834,-0.6891616582870483
1189,19769,22076,1675,4,0.1522195190191269,0.03692160174250603,-1.1476683616638184
1190,19781,13801,460,2,0.15312853455543518,0.03903143107891083,0.49594777822494507
1191,19783,12312,185,3,0.15038321912288666,0.03810049593448639,0.8032950758934021
1192,19786,22892,1668,2,0.15143641829490662,0.03586076945066452,-1.3567423820495605
1193,19812,3921,25,2,0.1515594720840454,0.04145346209406853,1.447161078453064
1194,19838,22874,1304,1,0.1547911912202835,0.03720363974571228,-0.352997362613678
1195,19848,10277,3,2,0.15310503542423248,0.04898495599627495,1.3253684043884277
1196,19864,2046,931,2,0.15330180525779724,0.037345997989177704,-0.005061231553554535
1197,19885,11141,1151,4,0.15419596433639526,0.04170588031411171,-0.17070913314819336
1198,19897,19549,23,3,0.154901385307312,0.05859283357858658,1.4243375062942505
1199,19920,21319,16,4,0.14955154061317444,0.03784742206335068,1.8181219100952148
1200,19932,22994,831,2,0.15641455352306366,0.04075268656015396,0.042086757719516754
1201,19950,4027,240,5,0.15219604969024658,0.038947492837905884,0.8459733128547668
1202,19958,21364,183,1,0.15177582204341888,0.047022271901369095,0.8165525197982788
1203,19967,14296,90,2,0.1493387371301651,0.04188565909862518,1.388329029083252
1204,19970,11091,39,3,0.15056437253952026,0.04226888343691826,1.1803135871887207
1205,20013,21321,453,3,0.15539929270744324,0.04112156853079796,0.4726821184158325
1206,20022,16926,252,2,0.15084627270698547,0.04558265209197998,0.7317853569984436
1207,20028,2084,1311,4,0.1512608677148819,0.036391731351614,-0.39318573474884033
1208,20056,13253,505,2,0.15476293861865997,0.046953439712524414,0.4389154016971588
1209,20125,3890,718,4,0.15341037511825562,0.051075756549835205,0.25119227170944214
1210,20128,22921,277,7,0.15669861435890198,0.036865390837192535,0.6753528714179993
1211,20130,9758,1702,2,0.1545591652393341,0.03901458904147148,-1.1522376537322998
1212,20153,20298,4,2,0.1546151340007782,0.05477830022573471,2.227877616882324
1213,20154,22861,436,10,0.1579435169696808,0.04767068475484848,0.5117369890213013
1214,20166,17148,631,2,0.1526852250099182,0.04406457394361496,0.2956063449382782
1215,20210,12542,94,6,0.15664760768413544,0.05080889165401459,1.0657720565795898
1216,20246,22861,1042,4,0.15259581804275513,0.0372505858540535,-0.08816753327846527
1217,20254,4761,121,2,0.1525285392999649,0.0370982363820076,1.2026362419128418
1218,20301,3740,1399,2,0.15605512261390686,0.036540232598781586,-0.5580393075942993
1219,20341,11932,189,6,0.15630796551704407,0.0570969432592392,0.9105464220046997
1220,20359,20926,350,2,0.1519566774368286,0.04482484981417656,0.6236064434051514
1221,20365,18430,695,2,0.1511124074459076,0.03736504912376404,0.29774004220962524
1222,20383,2140,3,3,0.1517157405614853,0.045206740498542786,3.1287789344787598
1223,20385,19486,2,2,0.15393611788749695,0.05644805356860161,2.6282544136047363
1224,20449,8717,237,3,0.15403133630752563,0.048646699637174606,0.954590916633606
1225,20458,7237,6,2,0.15277428925037384,0.03975123167037964,1.7431104183197021
1226,20464,17422,510,3,0.15175588428974152,0.04166495054960251,0.32634496688842773
1227,20472,17785,39,2,0.15363261103630066,0.040268734097480774,1.4363776445388794
1228,20483,7661,1303,8,0.15834350883960724,0.03953598812222481,-0.4362211525440216
1229,20487,21758,15,3,0.15275315940380096,0.050219401717185974,1.6193794012069702
1230,20488,18116,785,2,0.1527547538280487,0.03933465853333473,0.10895118117332458
1231,20501,2152,80,4,0.1524852067232132,0.037331417202949524,1.3062024116516113
1232,20526,23031,1018,5,0.15409839153289795,0.04090303182601929,-0.09950777143239975
1233,20604,7236,503,1,0.1550714522600174,0.040918488055467606,0.5101072192192078
1234,20606,22382,1236,3,0.15097366273403168,0.04063747078180313,-0.3139210641384125
1235,20607,10524,127,3,0.15127962827682495,0.03576415777206421,1.0370659828186035
1236,20610,20127,875,6,0.15286582708358765,0.04239273443818092,0.040800049901008606
1237,20678,16440,1646,2,0.15321610867977142,0.04093291237950325,-1.1682251691818237
1238,20681,7014,1029,5,0.15276993811130524,0.04329953342676163,-0.11134187877178192
1239,20686,22633,607,3,0.153564453125,0.037250690162181854,0.26212745904922485
1240,20689,18133,1393,5,0.1539488434791565,0.03650054335594177,-0.4603329598903656
1241,20692,21377,82,4,0.15332110226154327,0.05016692727804184,1.1620153188705444
1242,20698,22787,1644,1,0.15286366641521454,0.036873336881399155,-0.9889031648635864
1243,20700,14056,147,2,0.15170617401599884,0.04348263144493103,1.0142039060592651
1244,20726,21344,1228,2,0.1517745405435562,0.03911977261304855,-0.30656343698501587
1245,20735,18362,1216,6,0.15413476526737213,0.042922090739011765,-0.23393049836158752
1246,20748,13394,15,5,0.1563306301832199,0.0484902523458004,1.8669641017913818
1247,20771,3584,1033,4,0.1524793803691864,0.04262865334749222,-0.131795272231102
1248,20788,22964,19,4,0.15428175032138824,0.04564689099788666,1.772246241569519
1249,20790,18728,919,1,0.1523120105266571,0.04048537462949753,0.14032171666622162
1250,20815,22929,986,2,0.15166279673576355,0.036308653652668,0.0023817718029022217
1251,20822,20995,2,2,0.15575435757637024,0.05845194309949875,1.6313889026641846
1252,20827,17276,47,2,0.15303362905979156,0.04107939824461937,1.313953161239624
1253,20847,13670,473,2,0.15632784366607666,0.04491021856665611,0.35281655192375183
1254,20874,22229,522,2,0.15386027097702026,0.0417817085981369,0.33102864027023315
1255,20899,18594,22,1,0.15563496947288513,0.044983334839344025,1.6072161197662354
1256,20926,22545,366,1,0.15374310314655304,0.04689207300543785,0.6451407074928284
1257,20943,17912,486,3,0.15163981914520264,0.03764725849032402,0.5299742817878723
1258,20989,4642,993,2,0.15089838206768036,0.03811512514948845,-0.007586829364299774
1259,21003,19336,1168,3,0.15360508859157562,0.0378674641251564,-0.17830534279346466
1260,21014,18548,68,2,0.15106210112571716,0.039273835718631744,1.2883307933807373
1261,21075,16414,729,2,0.1571480929851532,0.039028093218803406,0.09942539781332016
1262,21087,22959,92,3,0.1524694561958313,0.037447236478328705,1.1049933433532715
1263,21103,7577,1171,6,0.15358290076255798,0.04734387993812561,-0.23222050070762634
1264,21115,5810,910,2,0.1525629609823227,0.042971376329660416,0.07493540644645691
1265,21135,9103,1679,2,0.15388159453868866,0.04047359526157379,-1.1870510578155518
1266,21146,19256,641,2,0.15098363161087036,0.03701440989971161,0.210419163107872
1267,21178,23026,1328,3,0.15300163626670837,0.03811948746442795,-0.5725950598716736
1268,21204,13241,1387,3,0.1524185836315155,0.034834302961826324,-0.4742245078086853
1269,21281,13436,558,3,0.15375804901123047,0.03835918754339218,0.2524026930332184
1270,21301,19659,545,2,0.15492835640907288,0.05250711739063263,0.16356050968170166
1271,21308,21615,1193,5,0.1539822369813919,0.03791531175374985,-0.2934226989746094
1272,21322,4304,403,3,0.15098293125629425,0.03690871596336365,0.4636082053184509
1273,21335,22349,91,3,0.15142297744750977,0.03920404613018036,1.2356681823730469
1274,21355,22434,410,3,0.152207612991333,0.03932121396064758,0.5431540012359619
1275,21366,16956,388,4,0.15222497284412384,0.046543583273887634,0.6200704574584961
1276,21387,4209,1455,5,0.15546199679374695,0.044678039848804474,-0.6050300002098083
1277,21407,8873,1135,2,0.15107093751430511,0.03697855770587921,-0.1941981315612793
1278,21416,11281,46,3,0.15577082335948944,0.05846251919865608,1.1745957136154175
1279,21446,12804,964,4,0.15616139769554138,0.04018470644950867,-0.05765325576066971
1280,21457,20141,551,8,0.15440598130226135,0.041808225214481354,0.4402855634689331
1281,21466,10304,576,2,0.1536014825105667,0.04423011094331741,0.3509465754032135
1282,21475,20864,1171,2,0.15355689823627472,0.03825853765010834,-0.33127760887145996
1283,21497,15814,720,4,0.15081416070461273,0.036657899618148804,0.16812750697135925
1284,21501,11540,742,2,0.14991909265518188,0.04242415726184845,0.2114739567041397
1285,21512,9479,150,3,0.15148581564426422,0.04645147547125816,0.8662064671516418
1286,21522,8758,1278,2,0.151708722114563,0.04715602099895477,-0.3519085943698883
1287,21538,22434,162,3,0.15445613861083984,0.042142584919929504,0.9441139698028564
1288,21561,2332,1779,2,0.15363439917564392,0.04415690153837204,-3.5465080738067627
1289,21572,21942,97,4,0.15511777997016907,0.05089632421731949,1.1093940734863281
1290,21574,20240,877,3,0.15527880191802979,0.041074976325035095,-0.03163957595825195
1291,21586,22555,1655,7,0.15528298914432526,0.03948327898979187,-1.1527183055877686
1292,21623,22743,1310,2,0.15302853286266327,0.0395226813852787,-0.554736852645874
1293,21661,17438,1325,1,0.15813450515270233,0.04344699904322624,-0.37258046865463257
1294,21677,22775,730,3,0.1534169763326645,0.03926469013094902,0.22345636785030365
1295,21716,11337,2,2,0.1509755551815033,0.03805176168680191,2.812350273132324
1296,21759,4864,382,2,0.15071719884872437,0.04075583070516586,0.48691248893737793
1297,21772,22472,1612,1,0.15331974625587463,0.03994593024253845,-0.9961778521537781
1298,21813,16292,3,3,0.15407493710517883,0.052411649376153946,2.043800115585327
1299,21834,14778,157,2,0.15315653383731842,0.045842494815588,0.7842748165130615
1300,21838,22385,581,3,0.15216076374053955,0.038906872272491455,0.4183984398841858
1301,21842,19186,1052,7,0.15420179069042206,0.03818030655384064,-0.20311319828033447
1302,21852,22474,374,1,0.15431489050388336,0.042981334030628204,0.4597289264202118
1303,21859,4334,13,2,0.1534949541091919,0.04891910403966904,2.0415198802948
1304,21890,19794,994,4,0.15349291265010834,0.04057077318429947,-0.06389838457107544
1305,21896,22532,998,2,0.15258139371871948,0.03855833411216736,-0.0666324645280838
1306,21911,22834,1178,1,0.15132082998752594,0.039520952850580215,-0.2653639614582062
1307,21912,22515,339,3,0.15160979330539703,0.03585744649171829,0.6089505553245544
1308,21941,9811,681,2,0.15400893986225128,0.04877331852912903,0.16756665706634521
1309,21955,17716,1314,1,0.1530238687992096,0.038470372557640076,-0.39860495924949646
1310,21960,12930,861,3,0.1544184386730194,0.04287604242563248,0.08813280612230301
1311,21981,14964,1656,2,0.154505655169487,0.05011717602610588,-0.9799109697341919
1312,21988,21826,73,8,0.1544412225484848,0.0374646931886673,1.431937575340271
1313,22006,21124,225,2,0.15468989312648773,0.03821306675672531,0.7268613576889038
1314,22024,10954,1669,3,0.15546029806137085,0.03969842940568924,-0.9416667222976685
1315,22037,14510,1451,2,0.1536923348903656,0.04164184629917145,-0.5634618401527405
1316,22097,8042,1186,2,0.15265117585659027,0.04290659353137016,-0.1773679405450821
1317,22134,14255,157,3,0.1556866317987442,0.062152352184057236,0.9825246334075928
1318,22167,22204,9,6,0.15274114906787872,0.04465113580226898,2.201528549194336
1319,22172,21217,1018,3,0.15198586881160736,0.038471393287181854,-0.09222745895385742
1320,22176,22909,815,3,0.1524883508682251,0.04024076461791992,-0.03946144878864288
1321,22179,12036,157,2,0.15003353357315063,0.04401174187660217,0.9782501459121704
1322,22183,8766,1244,1,0.15995730459690094,0.04775312915444374,-0.35261422395706177
1323,22213,22821,1073,2,0.151156947016716,0.037419408559799194,-0.16946808993816376
1324,22220,3633,113,3,0.1536726951599121,0.04076271131634712,1.0313141345977783
1325,22231,22957,954,4,0.15373845398426056,0.038474589586257935,0.02005361020565033
1326,22238,10831,83,2,0.1501903086900711,0.03736131638288498,1.1939105987548828
1327,22241,2492,336,3,0.15349631011486053,0.03810841962695122,0.6239650249481201
1328,22254,7779,1486,3,0.1524793803691864,0.03513341397047043,-0.5885330438613892
1329,22290,2920,58,2,0.1540936529636383,0.05656801536679268,1.0567810535430908
1330,22302,10918,17,2,0.15044884383678436,0.04225142300128937,2.297170877456665
1331,22310,22356,645,2,0.14998741447925568,0.036620501428842545,0.28145989775657654
1332,22315,8077,244,2,0.15700064599514008,0.05741129815578461,0.8055852055549622
1333,22331,21276,518,6,0.15440309047698975,0.0420239232480526,0.35696661472320557
1334,22366,18548,369,4,0.15461911261081696,0.04173598438501358,0.6497945189476013
1335,22387,5436,10,2,0.15680226683616638,0.06316074728965759,1.5695557594299316
1336,22400,5895,528,2,0.15504233539104462,0.03793688490986824,0.3860006332397461
1337,22429,20893,1017,2,0.15251599252223969,0.03985379636287689,0.030859947204589844
1338,22445,22213,13,8,0.15465739369392395,0.04213843494653702,2.5977132320404053
1339,22463,19474,24,2,0.15513426065444946,0.05294379964470863,1.5080175399780273
1340,22482,17922,904,2,0.15484534204006195,0.035790227353572845,-0.037602074444293976
1341,22490,22853,1350,2,0.1540442705154419,0.04427086561918259,-0.42716729640960693
1342,22501,19837,616,4,0.1539098471403122,0.040243275463581085,0.2669665813446045
1343,22502,13175,1149,2,0.15057022869586945,0.037298526614904404,-0.21423932909965515
1344,22508,13453,1024,4,0.15210704505443573,0.046531036496162415,-0.19588997960090637
1345,22515,6884,1760,2,0.15019367635250092,0.03481651842594147,-2.3280603885650635
1346,22538,12705,282,2,0.15191605687141418,0.04523210972547531,0.7993189096450806
1347,22628,12592,1,2,0.15096354484558105,0.04447726160287857,2.5130255222320557
1348,22630,5059,42,2,0.1543983668088913,0.05884740129113197,1.4053937196731567
1349,22659,2594,1579,3,0.152749702334404,0.037370383739471436,-0.8242095112800598
1350,22675,23009,921,2,0.15403270721435547,0.04536403343081474,-0.05358719825744629
1351,22695,20610,1200,2,0.15038031339645386,0.03742973506450653,-0.32178449630737305
1352,22700,4665,1363,2,0.15354999899864197,0.041996996849775314,-0.4274619221687317
1353,22709,3018,51,3,0.15699303150177002,0.058840975165367126,1.0252412557601929
1354,22710,19985,496,1,0.15634094178676605,0.041860222816467285,0.32904306054115295
1355,22714,20902,3,3,0.1510503590106964,0.03826608508825302,1.9359219074249268
1356,22731,22913,695,2,0.15260106325149536,0.03624681383371353,0.19242843985557556
1357,22743,10454,1378,1,0.15966176986694336,0.03823704272508621,-0.44902461767196655
1358,22767,17099,894,3,0.15021416544914246,0.04070833697915077,0.006780907511711121
1359,22774,22018,597,7,0.15619438886642456,0.05156966671347618,0.31178396940231323
1360,22781,9818,2,2,0.1534370630979538,0.04949692264199257,2.053318977355957
1361,22782,7186,89,3,0.15326210856437683,0.04305630177259445,1.5674985647201538
1362,22799,17569,365,7,0.15296371281147003,0.03620798885822296,0.5691883563995361
1363,22827,11953,138,3,0.15469616651535034,0.057477958500385284,0.9646412134170532
1364,22830,21465,672,2,0.1507064253091812,0.034748002886772156,0.2419980764389038
1365,22843,22946,1203,2,0.15333177149295807,0.039103709161281586,-0.23539280891418457
1366,22849,14716,1,3,0.15472356975078583,0.05606422200798988,2.8684935569763184
1367,22864,4019,251,4,0.15226604044437408,0.04729001224040985,0.8438986539840698
1368,22873,22884,972,2,0.1506485491991043,0.04082344472408295,0.005669053643941879
1369,22876,19652,1474,2,0.15554125607013702,0.03713015466928482,-0.5489920973777771
1370,22878,16642,293,2,0.15264105796813965,0.044279538094997406,0.7342973351478577
1371,22882,3103,1223,1,0.1518736183643341,0.03642350807785988,-0.393653929233551
1372,22928,13697,74,3,0.15599896013736725,0.06046609207987785,1.0280343294143677
1373,22929,20978,60,3,0.15704677999019623,0.06551754474639893,1.174058198928833
1374,22952,2667,1,2,0.15123209357261658,0.051359228789806366,2.5632801055908203
1375,22991,16890,1041,2,0.151565819978714,0.04299765080213547,-0.07673358917236328
1376,23048,17424,1734,2,0.15458038449287415,0.051408249884843826,-1.3804023265838623
1377,23064,21429,25,2,0.15549015998840332,0.059815987944602966,1.2807137966156006
1378,23074,19594,1553,1,0.1583198755979538,0.04669403284788132,-0.7129356861114502
1379,23081,2686,1,2,0.15079501271247864,0.0401449128985405,6.579979419708252
1380,23084,9674,864,4,0.15305668115615845,0.035739555954933167,0.036080509424209595
1381,23090,12939,811,2,0.1532144546508789,0.04827415198087692,0.1833273470401764
1382,23109,8466,338,2,0.1557006686925888,0.06143943965435028,0.6609902381896973
1383,23121,18069,96,3,0.15612882375717163,0.05732886865735054,1.0263655185699463
1384,23122,6718,408,2,0.15666049718856812,0.04973984509706497,0.49467021226882935
1385,23135,4395,38,3,0.1503872126340866,0.043899647891521454,1.3500077724456787
1386,23141,22518,1374,2,0.15144792199134827,0.03824050351977348,-0.45760414004325867
1387,23175,21615,754,2,0.14953410625457764,0.03789898008108139,0.1092173159122467
1388,23176,22033,510,2,0.15429458022117615,0.05505943298339844,0.4613198935985565
1389,23219,22935,327,2,0.1516934335231781,0.03606930375099182,0.633908212184906
1390,23255,21045,975,1,0.15813830494880676,0.03912362456321716,-0.13311631977558136
1391,23256,12526,852,2,0.15424492955207825,0.041006624698638916,-0.01913553476333618
1392,23269,5491,1370,2,0.15550203621387482,0.037921663373708725,-0.4803016483783722
1393,23272,23032,1392,2,0.15351642668247223,0.036840833723545074,-0.4901912212371826
1394,23323,4371,1753,3,0.15053261816501617,0.03441695496439934,-1.8084311485290527
1395,23341,2758,1585,2,0.15120433270931244,0.0402166023850441,-0.9586001634597778
1396,23350,16433,513,2,0.1503617763519287,0.03691990673542023,0.4493389129638672
1397,23358,17611,1350,2,0.1525934785604477,0.03665522113442421,-0.40119317173957825
1398,23385,20041,77,2,0.1548793613910675,0.05394161865115166,1.3268675804138184
1399,23392,17957,207,2,0.1528179943561554,0.05057249218225479,0.8027514219284058
1400,23442,21500,451,3,0.15185463428497314,0.03519304469227791,0.45811182260513306
1401,23477,9968,367,2,0.1557765156030655,0.05588367208838463,0.6836572885513306
1402,23487,20913,649,2,0.1540321409702301,0.035644322633743286,0.28849321603775024
1403,23488,20040,277,2,0.15580816566944122,0.05528926104307175,0.7514388561248779
1404,23491,19297,283,2,0.15619197487831116,0.0574769601225853,0.7850621342658997
1405,23515,7733,2,1,0.1514839231967926,0.03985457122325897,3.575528860092163
1406,23535,2814,633,2,0.1547311246395111,0.03786314278841019,0.34638556838035583
1407,23546,9384,21,2,0.15173865854740143,0.03939361870288849,2.479719638824463
1408,23551,19895,15,5,0.15635351836681366,0.05333796143531799,1.3885719776153564
1409,23605,14776,555,2,0.1540783941745758,0.03937738388776779,0.3283478617668152
1410,23615,22533,2,2,0.14932584762573242,0.040850527584552765,2.9823975563049316
1411,23628,21586,203,2,0.15413613617420197,0.0517723523080349,0.8928685188293457
1412,23654,21195,1426,2,0.1502481997013092,0.03744683042168617,-0.5886062383651733
1413,23676,20891,129,2,0.15147964656352997,0.036342330276966095,1.1097018718719482
1414,23682,16818,1767,3,0.15174919366836548,0.03587386757135391,-2.6639392375946045
1415,23689,20550,1683,2,0.15580107271671295,0.047719135880470276,-1.1985113620758057
1416,23729,22966,151,2,0.15051312744617462,0.049081284552812576,0.910812258720398
1417,23731,17888,993,3,0.15473321080207825,0.03563217446208,-0.11132161319255829
1418,23758,22059,121,2,0.1502537578344345,0.03823280334472656,1.0232175588607788
1419,23766,4576,859,3,0.15299028158187866,0.038892295211553574,-0.05653519183397293
1420,23775,17210,1250,2,0.152467280626297,0.04192423075437546,-0.36943531036376953
1421,23787,22511,52,3,0.15337935090065002,0.046986401081085205,1.6970458030700684
1422,23810,15983,666,3,0.15569941699504852,0.042025115340948105,0.11547816544771194
1423,23832,20282,16,4,0.15355689823627472,0.040487173944711685,1.5303970575332642
1424,23833,11835,56,3,0.15120217204093933,0.043640270829200745,1.2928701639175415
1425,23851,15572,401,3,0.15161938965320587,0.036968257278203964,0.4718683362007141
1426,23853,13239,1510,3,0.151097372174263,0.03727124631404877,-0.7129530906677246
1427,23867,3560,1262,2,0.15165288746356964,0.03633640706539154,-0.345790833234787
1428,23876,21895,209,6,0.15685708820819855,0.053688935935497284,0.8931366205215454
1429,23913,17805,598,3,0.1556510329246521,0.04064151644706726,0.23231041431427002
1430,23922,17953,6,4,0.15665826201438904,0.06390038132667542,1.646104097366333
1431,23923,19829,456,5,0.15513455867767334,0.03790292143821716,0.520523726940155
1432,23939,11142,1279,2,0.14994946122169495,0.03558282554149628,-0.3059336841106415
1433,23943,10945,702,5,0.15354864299297333,0.04431985318660736,0.2473025918006897
1434,23945,3469,618,2,0.1497715562582016,0.03850819170475006,0.3017458915710449
1435,23953,6193,263,3,0.15465553104877472,0.05474891513586044,0.9155668020248413
1436,23964,12288,958,2,0.15565994381904602,0.0428965725004673,-0.13610625267028809
1437,23974,13314,190,2,0.15078917145729065,0.03851839154958725,0.8725607395172119
1438,23976,11979,679,2,0.15040323138237,0.04044671729207039,0.24783656001091003
1439,23978,13824,1670,2,0.15366896986961365,0.04317659139633179,-1.0634212493896484
1440,23983,6795,7,2,0.15319865942001343,0.05643736198544502,1.9771851301193237
1441,23990,6893,437,2,0.15071026980876923,0.040410131216049194,0.5752641558647156
1442,24060,19304,710,2,0.15153230726718903,0.04104515537619591,0.21323361992835999
1443,24075,19361,1126,2,0.15304556488990784,0.03820175305008888,-0.13473016023635864
1444,24090,9853,709,2,0.15361404418945312,0.03836958855390549,0.1244032233953476
1445,24097,22926,17,2,0.15070205926895142,0.038863904774188995,1.817798137664795
1446,24100,2978,1721,2,0.15209291875362396,0.040119655430316925,-1.3067713975906372
1447,24109,5347,1345,3,0.15444105863571167,0.03887098282575607,-0.4720180630683899
1448,24119,14264,964,2,0.15213260054588318,0.042511582374572754,0.02570221573114395
1449,24125,15827,4,3,0.15274740755558014,0.047437164932489395,2.0431129932403564
1450,24134,15865,635,2,0.15453371405601501,0.04238598793745041,0.1526416689157486
1451,24139,18362,575,2,0.15507106482982635,0.051152318716049194,0.3395291268825531
1452,24144,11925,100,3,0.15545697510242462,0.06010516732931137,1.0190082788467407
1453,24151,10817,1006,2,0.15164290368556976,0.04755430668592453,-0.0112924724817276
1454,24204,20668,5,2,0.15570013225078583,0.06371306627988815,1.4053258895874023
1455,24269,12686,792,2,0.15350006520748138,0.040639184415340424,0.08267005532979965
1456,24285,22346,826,2,0.15047718584537506,0.04437853395938873,0.17848385870456696
1457,24299,21798,1132,5,0.15270563960075378,0.035537321120500565,-0.24707046151161194
1458,24323,3050,703,3,0.1527029573917389,0.04018542170524597,0.22642242908477783
1459,24333,19794,549,2,0.15612201392650604,0.04575975611805916,0.2929996848106384
1460,24343,22903,297,3,0.15099367499351501,0.03849823772907257,0.5609775185585022
1461,24369,12617,1540,2,0.1531548947095871,0.045534782111644745,-0.723231315612793
1462,24371,6879,55,3,0.15680743753910065,0.04904785007238388,1.1142467260360718
1463,24395,3730,1685,3,0.15577492117881775,0.039415113627910614,-1.050533652305603
1464,24398,10401,23,3,0.15272462368011475,0.0433272123336792,1.6531318426132202
1465,24407,3073,15,3,0.15309569239616394,0.05062289535999298,1.6505836248397827
1466,24412,22990,250,5,0.15586383640766144,0.039909858256578445,0.7535986304283142
1467,24449,11328,394,2,0.15606927871704102,0.05408180505037308,0.5571503043174744
1468,24480,22939,35,1,0.15157237648963928,0.039126068353652954,1.2557862997055054
1469,24524,16859,108,2,0.15647070109844208,0.061932746320962906,1.055413842201233
1470,24530,15913,145,2,0.15303467214107513,0.046385057270526886,0.8257154226303101
1471,24544,20503,842,4,0.1517133116722107,0.0382256805896759,0.07106708735227585
1472,24580,3113,58,2,0.15088452398777008,0.04544774442911148,1.3502812385559082
1473,24601,21110,685,2,0.15097807347774506,0.0458826944231987,0.2883395850658417
1474,24616,20312,999,2,0.15482744574546814,0.038040246814489365,-0.14137908816337585
1475,24629,11589,549,2,0.15358982980251312,0.04178065061569214,0.30663079023361206
1476,24636,21734,764,7,0.1533564329147339,0.03738941624760628,0.15751810371875763
1477,24648,16873,258,3,0.15601122379302979,0.05046553909778595,0.8868820071220398
1478,24652,13175,787,2,0.15138018131256104,0.04085617512464523,0.02792999893426895
1479,24738,20641,457,2,0.15090599656105042,0.03723206743597984,0.5120346546173096
1480,24755,20801,73,3,0.1557968556880951,0.058402519673109055,1.182377815246582
1481,24836,12657,694,1,0.15133368968963623,0.03659630939364433,0.38445302844047546
1482,24841,19955,1492,2,0.15090510249137878,0.034937672317028046,-0.72828608751297
1483,24869,16217,377,2,0.15627585351467133,0.05609235167503357,0.5495409369468689
1484,24911,3188,25,2,0.1540708690881729,0.05534513294696808,1.3728001117706299
1485,24913,20793,295,3,0.15069425106048584,0.043511778116226196,0.648815393447876
1486,24929,9508,1447,4,0.1530466079711914,0.04008905217051506,-0.6606093645095825
1487,24977,15619,507,4,0.1503596007823944,0.03552266210317612,0.4750050902366638
1488,24978,3825,554,3,0.15471431612968445,0.04128143936395645,0.2859918773174286
1489,24995,8537,1701,2,0.1510215699672699,0.03360453248023987,-1.6113204956054688
1490,25069,20803,578,3,0.1514555662870407,0.03723185509443283,0.2856881022453308
1491,25110,19052,3,3,0.15057924389839172,0.03830569609999657,2.088073968887329
1492,25184,22884,966,2,0.15132245421409607,0.03620610386133194,-0.04391159862279892
1493,25197,17183,182,1,0.15662667155265808,0.053060419857501984,0.9615110158920288
1494,25198,5082,62,1,0.1571625918149948,0.06385736912488937,1.163240909576416
1495,25245,5847,115,2,0.15328295528888702,0.03797663748264313,1.2078357934951782
1496,25265,17953,667,3,0.1512303501367569,0.04256194084882736,0.3171706199645996
1497,25268,18542,426,4,0.15456727147102356,0.038553446531295776,0.44890543818473816
1498,25289,13001,224,2,0.1554267704486847,0.05457599088549614,0.8287109732627869
1499,25300,8410,693,2,0.15024764835834503,0.03723294287919998,0.2785876393318176
1500,25328,13078,452,2,0.15037836134433746,0.03782708942890167,0.5304478406906128
1501,25329,22355,179,2,0.1502692699432373,0.039323028177022934,0.9111743569374084
1502,25337,22252,399,2,0.15050458908081055,0.035238366574048996,0.6012089252471924
1503,25339,19835,362,3,0.1517416387796402,0.03725046664476395,0.5901343822479248
1504,25396,19069,660,3,0.1556353121995926,0.04384923726320267,0.11052685976028442
1505,25397,17369,88,3,0.15462005138397217,0.05328300967812538,1.128882646560669
1506,25407,11829,62,8,0.15464778244495392,0.05008586496114731,1.1567530632019043
1507,25438,21384,29,5,0.15387794375419617,0.038538530468940735,1.5082433223724365
1508,25440,3344,133,2,0.1523405760526657,0.044026121497154236,1.102056860923767
1509,25443,3637,55,2,0.15452054142951965,0.054815683513879776,1.0952339172363281
1510,25453,22826,14,6,0.15298382937908173,0.03793298453092575,2.044412851333618
1511,25462,21436,312,2,0.15267081558704376,0.0479433499276638,0.7199105620384216
1512,25485,19663,1669,3,0.14985087513923645,0.03531436622142792,-1.192602515220642
1513,25490,20564,915,2,0.15099360048770905,0.03474961221218109,0.010438039898872375
1514,25492,21146,598,2,0.15437999367713928,0.04681864753365517,0.3247379660606384
1515,25518,3726,980,3,0.15607738494873047,0.04833439737558365,-0.16630448400974274
1516,25532,3382,114,2,0.14971469342708588,0.03732914477586746,1.2735412120819092
1517,25605,9388,3,3,0.15107709169387817,0.03762344643473625,2.600123882293701
1518,25607,9388,2,3,0.14961637556552887,0.044555068016052246,2.7439284324645996
1519,25609,3396,1565,2,0.156281515955925,0.03901122510433197,-0.6957771182060242
1520,25612,13511,219,1,0.15731418132781982,0.059319980442523956,0.8649166822433472
1521,25629,10362,80,4,0.15247943997383118,0.04194995015859604,1.1203092336654663
1522,25657,3415,1094,3,0.15230941772460938,0.03920742869377136,-0.24567188322544098
1523,25658,9868,809,2,0.15497641265392303,0.04377036541700363,0.09465810656547546
1524,25687,22642,492,2,0.15350604057312012,0.04057236760854721,0.28605496883392334
1525,25689,19835,713,7,0.15415315330028534,0.03622312471270561,0.1557619571685791
1526,25694,22958,148,2,0.1502886861562729,0.0394132062792778,0.9285073280334473
1527,25708,14877,404,3,0.15404756367206573,0.04248838499188423,0.4274632930755615
1528,25714,9384,1182,2,0.15488235652446747,0.04212876036763191,-0.27274397015571594
1529,25771,16586,467,2,0.1528739184141159,0.039486248046159744,0.4643482565879822
1530,25789,3485,1466,4,0.15630732476711273,0.037240028381347656,-0.6158449649810791
1531,25792,15648,12,2,0.15511605143547058,0.06387683749198914,1.3617937564849854
1532,25862,5520,32,4,0.15255236625671387,0.04883653298020363,1.755121111869812
1533,25867,11106,924,1,0.15531407296657562,0.0424024872481823,-0.010344475507736206
1534,25885,22472,1247,4,0.15575850009918213,0.05520535632967949,-0.327892929315567
1535,25900,19526,4,2,0.15521813929080963,0.056915730237960815,1.656407117843628
1536,25938,6195,297,5,0.15535639226436615,0.048307452350854874,0.7466744184494019
1537,26003,22144,375,2,0.15222205221652985,0.03834152966737747,0.4776824116706848
1538,26008,3712,835,6,0.15487802028656006,0.037591323256492615,0.12741424143314362
1539,26035,6656,1406,2,0.15266789495944977,0.03837718814611435,-0.6653727889060974
1540,26041,15998,21,2,0.15667735040187836,0.05487364903092384,1.4179320335388184
1541,26065,14871,596,3,0.15539970993995667,0.04773120954632759,0.21590383350849152
1542,26085,21685,841,2,0.15121892094612122,0.04061293601989746,0.15417879819869995
1543,26090,20805,289,2,0.15247882902622223,0.04696869105100632,0.7919930815696716
1544,26130,19913,1225,3,0.155776709318161,0.041686490178108215,-0.27802199125289917
1545,26156,18394,1107,6,0.1546916961669922,0.04054856300354004,-0.16113898158073425
1546,26202,18061,1261,2,0.15028899908065796,0.03645378351211548,-0.329193115234375
1547,26209,22929,133,4,0.15149065852165222,0.03668275102972984,0.9703490138053894
1548,26220,10861,753,3,0.15425986051559448,0.03883317857980728,0.01538558304309845
1549,26230,8044,1681,2,0.15370896458625793,0.04333648085594177,-1.0537168979644775
1550,26233,6714,446,2,0.1555923968553543,0.05300910398364067,0.45943334698677063
1551,26234,6497,608,2,0.15538011491298676,0.038360510021448135,0.17146949470043182
1552,26241,16198,480,3,0.15217797458171844,0.045699525624513626,0.4088675081729889
1553,26247,7447,73,3,0.15106424689292908,0.03680054843425751,1.270334005355835
1554,26259,23028,130,2,0.15022587776184082,0.03863828256726265,1.0376144647598267
1555,26267,22565,1020,3,0.15474465489387512,0.04162009432911873,-0.056154027581214905
1556,26276,22807,1643,2,0.15120390057563782,0.033436812460422516,-1.0409607887268066
1557,26299,3595,1015,2,0.15083971619606018,0.035459283739328384,-0.01775362342596054
1558,26321,3599,454,2,0.1514066755771637,0.0423736535012722,0.4444383978843689
1559,26349,22714,514,2,0.15451188385486603,0.04225217550992966,0.34761255979537964
1560,26368,13598,417,2,0.14962562918663025,0.03473646566271782,0.47106462717056274
1561,26369,6033,1408,2,0.15287157893180847,0.03822663053870201,-0.521664559841156
1562,26371,10742,352,2,0.15325719118118286,0.04055599868297577,0.58980792760849
1563,26377,9694,1,5,0.15330353379249573,0.037763748317956924,2.7344274520874023
1564,26387,7373,836,2,0.15330272912979126,0.0372500866651535,0.06672582030296326
1565,26394,13046,4,4,0.1524728238582611,0.0431731715798378,2.480940103530884
1566,26402,14378,3,3,0.1519988626241684,0.04582742601633072,3.3399925231933594
1567,26406,22574,73,2,0.15271607041358948,0.04822611063718796,1.5044612884521484
1568,26437,19112,893,2,0.1543886512517929,0.04855411499738693,0.011076480150222778
1569,26448,19900,27,3,0.15489552915096283,0.056661006063222885,1.4781081676483154
1570,26530,5108,879,2,0.15044735372066498,0.0390608087182045,0.08133774250745773
1571,26532,8504,124,2,0.14944899082183838,0.0406598336994648,1.0550153255462646
1572,26534,22821,32,3,0.15291716158390045,0.03944527357816696,1.9509623050689697
1573,26580,9479,90,2,0.15477333962917328,0.05944211035966873,1.0828423500061035
1574,26583,5903,413,3,0.15130460262298584,0.043627798557281494,0.57799232006073
1575,26605,22328,676,5,0.1581452190876007,0.037923507392406464,0.0877319872379303
1576,26628,4387,645,3,0.15677370131015778,0.04728584364056587,0.14670448005199432
1577,26630,22004,717,2,0.15147502720355988,0.04388336464762688,0.21831601858139038
1578,26674,13481,208,2,0.15350040793418884,0.046396654099226,0.9187491536140442
1579,26690,19767,13,2,0.15363289415836334,0.048562295734882355,1.7121930122375488
1580,26817,21758,1028,2,0.15135426819324493,0.04491271823644638,-0.03440709412097931
1581,26818,18274,39,2,0.15555137395858765,0.056125737726688385,1.1726205348968506
1582,26819,3762,129,2,0.15368975698947906,0.052660249173641205,1.001906156539917
1583,26850,21345,423,3,0.15376900136470795,0.05019734799861908,0.5062516331672668
1584,26854,23031,1619,3,0.15312731266021729,0.038254112005233765,-0.9162755608558655
1585,26857,11685,1,2,0.1535101681947708,0.04955720156431198,2.4002938270568848
1586,26876,22217,806,3,0.15406887233257294,0.04625164717435837,-0.03846924751996994
1587,26886,22892,846,3,0.1503559798002243,0.03795282542705536,0.0396338626742363
1588,26952,12394,208,2,0.1502206176519394,0.03728290647268295,0.8124114274978638
1589,26973,15590,3,2,0.15612973272800446,0.04783772677183151,1.535465955734253
1590,27003,11829,7,2,0.15352697670459747,0.05062460899353027,1.5583431720733643
1591,27006,22480,115,3,0.15041647851467133,0.03697036951780319,0.9770959615707397
1592,27028,18091,331,2,0.15167908370494843,0.03792871534824371,0.7256742715835571
1593,27036,3822,10,3,0.15135397017002106,0.04051285609602928,2.0244059562683105
1594,27046,14483,16,3,0.15489310026168823,0.04913653805851936,1.607375979423523
1595,27054,15266,1,6,0.15576109290122986,0.03980765864253044,2.113888740539551
1596,27078,20798,1545,1,0.151764377951622,0.0371127650141716,-0.7857494950294495
1597,27079,21724,737,1,0.151764377951622,0.03974806144833565,0.2105068564414978
1598,27093,21338,623,1,0.15084612369537354,0.03565386310219765,0.45253148674964905
1599,27126,22144,217,2,0.14980481564998627,0.038003213703632355,0.7817807197570801
1600,27176,21364,73,4,0.15259422361850739,0.054495688527822495,1.4727840423583984
1601,27193,3865,1114,2,0.1551404595375061,0.04541640728712082,-0.13921266794204712
1602,27215,3869,925,2,0.1557643562555313,0.03931029886007309,-0.05897800251841545
1603,27234,16763,1413,1,0.15896911919116974,0.047949302941560745,-0.499721497297287
1604,27261,22929,153,2,0.1504315584897995,0.03658495470881462,0.9440016746520996
1605,27273,22994,960,2,0.1520206481218338,0.03964442387223244,0.015178471803665161
1606,27283,17780,959,3,0.1525033563375473,0.03675762936472893,-0.09352783858776093
1607,27284,11696,377,3,0.15152673423290253,0.038347795605659485,0.5609906911849976
1608,27312,13482,1249,3,0.15202616155147552,0.03950340300798416,-0.3918769955635071
1609,27315,21350,1,5,0.15599051117897034,0.05238576605916023,2.262840986251831
1610,27344,6982,1767,2,0.15605449676513672,0.04372824355959892,-1.982946753501892
1611,27366,20517,601,5,0.1553417295217514,0.03994734585285187,0.23037520051002502
1612,27385,21350,494,2,0.15045320987701416,0.040653638541698456,0.4181289076805115
1613,27392,3947,1237,3,0.15410250425338745,0.03773834556341171,-0.3757144808769226
1614,27396,3948,103,2,0.15088383853435516,0.03553323075175285,1.2977262735366821
1615,27417,4170,947,2,0.15310870110988617,0.04042280092835426,0.049287885427474976
1616,27434,5108,1004,2,0.14952139556407928,0.03770579770207405,-0.07221929728984833
1617,27437,3955,647,2,0.1540476530790329,0.03690243884921074,0.26594409346580505
1618,27448,22228,663,4,0.15113289654254913,0.03366280347108841,0.27612975239753723
1619,27457,14681,1472,2,0.15546664595603943,0.046456411480903625,-0.5635443329811096
1620,27465,17843,946,1,0.15450069308280945,0.035690661519765854,0.013016745448112488
1621,27509,17976,25,2,0.150198832154274,0.04203318804502487,1.2677526473999023
1622,27511,10229,1,4,0.15289662778377533,0.04763491079211235,2.995149612426758
1623,27514,21866,18,2,0.15177100896835327,0.04278760403394699,1.8314967155456543
1624,27533,7305,1534,3,0.15419495105743408,0.04584741219878197,-0.6684877872467041
1625,27546,3995,386,2,0.15154138207435608,0.04559444263577461,0.5842021107673645
1626,27551,16772,5,2,0.15745067596435547,0.06286800652742386,1.4277034997940063
1627,27561,10797,1780,4,0.15148401260375977,0.03715236112475395,-3.1906352043151855
1628,27584,6314,196,2,0.15748360753059387,0.06267134845256805,0.9424528479576111
1629,27623,4020,241,2,0.15526224672794342,0.06224997341632843,0.8163052797317505
1630,27687,22943,1052,2,0.1540112942457199,0.04435144364833832,-0.10680532455444336
1631,27688,19859,1168,2,0.15491735935211182,0.04067923501133919,-0.17747171223163605
1632,27690,5745,272,4,0.15421120822429657,0.05201241374015808,0.7156953811645508
1633,27691,10077,1312,3,0.15278805792331696,0.039409153163433075,-0.48829078674316406
1634,27694,4045,1398,2,0.15004412829875946,0.03726589307188988,-0.5493236780166626
1635,27695,21282,1475,3,0.15323948860168457,0.03895174711942673,-0.5947712659835815
1636,27723,6269,72,2,0.15308603644371033,0.05007347837090492,1.0623078346252441
1637,27750,12454,881,2,0.15118829905986786,0.03749638795852661,0.15170016884803772
1638,27784,19913,563,2,0.1504368633031845,0.036541521549224854,0.4422028064727783
1639,27790,22932,1195,3,0.15296296775341034,0.03581546992063522,-0.1963764727115631
1640,27815,21742,221,2,0.15705406665802002,0.06569411605596542,0.9216021299362183
1641,27868,14417,83,2,0.1513107270002365,0.0349331796169281,1.188891053199768
1642,27871,4133,907,5,0.1539914309978485,0.03719446808099747,0.07282035052776337
1643,27888,21021,290,2,0.15009517967700958,0.0362028032541275,0.7170622944831848
1644,27897,22453,696,3,0.1522211879491806,0.0449296310544014,0.29526224732398987
1645,27915,14062,1169,3,0.15420763194561005,0.03744417056441307,-0.330133318901062
1646,27927,13376,537,2,0.15277473628520966,0.033964261412620544,0.34977996349334717
1647,27960,16616,552,2,0.1505478471517563,0.038677431643009186,0.3975764513015747
1648,27996,18274,589,2,0.15139161050319672,0.041148897260427475,0.38843727111816406
1649,28019,20753,21,2,0.15683211386203766,0.060753680765628815,1.397634744644165
1650,28052,21446,1418,2,0.15662972629070282,0.039512328803539276,-0.480010062456131
1651,28056,17693,28,1,0.15374135971069336,0.046442221850156784,1.6592249870300293
1652,28068,10151,1278,2,0.1506919115781784,0.040439505130052567,-0.436171293258667
1653,28109,6037,2,3,0.15426498651504517,0.05337328463792801,2.2259559631347656
1654,28151,6716,773,2,0.1542477011680603,0.03991773724555969,0.0512743815779686
1655,28157,19837,608,3,0.15078847110271454,0.03624248132109642,0.35003936290740967
1656,28162,8589,608,3,0.15514542162418365,0.049019742757081985,0.2609500586986542
1657,28164,17122,633,2,0.15484602749347687,0.05565281957387924,0.2836289703845978
1658,28177,4284,3,3,0.152339369058609,0.03952069208025932,2.429633140563965
1659,28212,22701,1240,2,0.15392784774303436,0.03877381235361099,-0.39785298705101013
1660,28219,6020,1648,5,0.1537623107433319,0.039223458617925644,-1.0310479402542114
1661,28222,21758,320,2,0.15325938165187836,0.049023471772670746,0.5887835025787354
1662,28302,15571,12,3,0.15290230512619019,0.049527689814567566,2.1099202632904053
1663,28353,8812,295,3,0.1513151079416275,0.042758066207170486,0.6513862013816833
1664,28374,21491,1016,3,0.1540217399597168,0.041772499680519104,-0.252816379070282
1665,28390,7170,385,3,0.15326297283172607,0.04273075610399246,0.5505620241165161
1666,28392,4365,376,3,0.15165497362613678,0.03937949985265732,0.5489249229431152
1667,28403,19563,1411,4,0.1538199931383133,0.043890126049518585,-0.5435697436332703
1668,28422,15439,21,8,0.15341325104236603,0.037479035556316376,2.0864572525024414
1669,28423,22774,364,3,0.1510016918182373,0.036869097501039505,0.5325708985328674
1670,28426,20054,1355,3,0.15068845450878143,0.03461877256631851,-0.43981999158859253
1671,28482,5967,1705,2,0.14983458817005157,0.039021000266075134,-1.71099054813385
1672,28496,11069,357,2,0.15422546863555908,0.0438990443944931,0.8166533708572388
1673,28501,21699,204,3,0.15655027329921722,0.06774617731571198,0.9195877313613892
1674,28504,16291,18,2,0.15512137115001678,0.05354323238134384,1.4046179056167603
1675,28522,21101,1372,1,0.15593241155147552,0.04429877549409866,-0.43866780400276184
1676,28548,17822,179,3,0.1525833159685135,0.04866953194141388,1.0122178792953491
1677,28551,18052,31,2,0.15295197069644928,0.04674433171749115,1.7366713285446167
1678,28556,21338,269,3,0.15307432413101196,0.039738334715366364,0.7092450261116028
1679,28607,6378,1226,2,0.15087629854679108,0.04021555185317993,-0.30576789379119873
1680,28625,20923,1635,2,0.15223881602287292,0.04369556903839111,-1.2073700428009033
1681,28676,4438,1217,2,0.15049748122692108,0.034362249076366425,-0.24848604202270508
1682,28716,11690,621,2,0.14954708516597748,0.040422454476356506,0.4426692724227905
1683,28737,22929,651,1,0.1582282930612564,0.04085946083068848,0.17879179120063782
1684,28751,5900,1681,2,0.15003934502601624,0.03377443552017212,-1.3182798624038696
1685,28757,22194,1505,2,0.1511489897966385,0.040200069546699524,-0.6506575345993042
1686,28773,20919,635,1,0.158689945936203,0.04922882840037346,0.20613522827625275
1687,28781,22267,1010,2,0.1519150286912918,0.03447103500366211,-0.02800959348678589
1688,28839,21775,445,2,0.15144839882850647,0.03923554718494415,0.5179876089096069
1689,28868,16859,168,2,0.15454810857772827,0.0522952675819397,0.9017728567123413
1690,28891,22945,480,5,0.15396231412887573,0.037421051412820816,0.4898250102996826
1691,28902,5963,1134,2,0.15085779130458832,0.03742166608572006,-0.31255853176116943
1692,28914,10165,426,2,0.15362609922885895,0.03999295085668564,0.4725523889064789
1693,28938,22772,853,3,0.15552784502506256,0.045498184859752655,-0.010725289583206177
1694,28974,9532,1733,3,0.1526019275188446,0.03938755393028259,-1.4658740758895874
1695,28989,19015,576,1,0.1589885652065277,0.043599799275398254,0.2916797995567322
1696,29004,17841,244,2,0.15075187385082245,0.03709334135055542,0.7883856296539307
1697,29008,23029,327,2,0.15129786729812622,0.03508986532688141,0.692097008228302
1698,29016,21724,469,2,0.1547812968492508,0.044491853564977646,0.44699549674987793
1699,29075,21624,4,2,0.15561893582344055,0.06278764456510544,1.5702184438705444
1700,29095,4611,17,3,0.1497134119272232,0.039135392755270004,1.6938080787658691
1701,29113,21751,648,1,0.15048900246620178,0.035105712711811066,0.3683416247367859
1702,29131,21652,1,2,0.15040113031864166,0.03963655233383179,2.6950318813323975
1703,29138,8021,1626,3,0.15155385434627533,0.03795760124921799,-1.11021888256073
1704,29152,20082,108,3,0.15106238424777985,0.03631918132305145,1.0953071117401123
1705,29219,15020,1,2,0.15284758806228638,0.042033277451992035,2.550572156906128
1706,29259,20781,1332,4,0.15255297720432281,0.03601093962788582,-0.36619365215301514
1707,29270,16085,1040,1,0.15172915160655975,0.03558455407619476,-0.06489822268486023
1708,29287,21915,724,2,0.15296664834022522,0.03973587229847908,0.14358387887477875
1709,29302,22862,889,3,0.15076209604740143,0.035934075713157654,0.08437709510326385
1710,29344,15063,914,4,0.1504693478345871,0.03605742007493973,-0.009467825293540955
1711,29362,21639,365,2,0.15415821969509125,0.038467783480882645,0.5636076331138611
1712,29370,22874,1399,2,0.1551065593957901,0.04071175307035446,-0.47352975606918335
1713,29436,19814,766,2,0.15074442327022552,0.041418902575969696,0.23537394404411316
1714,29444,9018,211,2,0.15455320477485657,0.060110896825790405,0.8158586621284485
1715,29504,15682,1,3,0.15096692740917206,0.04102695733308792,3.7271885871887207
1716,29509,22228,923,2,0.15491977334022522,0.04143602401018143,-0.05727227032184601
1717,29553,23005,209,2,0.1513873189687729,0.03834645077586174,0.8205370903015137
1718,29689,9075,1486,2,0.15333625674247742,0.038970835506916046,-0.5594406127929688
1719,29693,15674,1626,3,0.15192380547523499,0.04223106428980827,-0.9557745456695557
1720,29720,4878,506,2,0.15634414553642273,0.05195831507444382,0.27189186215400696
1721,29728,14312,269,2,0.1539926677942276,0.04837771877646446,0.8791059255599976
1722,29729,19837,483,3,0.15024630725383759,0.03671327233314514,0.41417956352233887
1723,29741,9164,1,2,0.1512172818183899,0.0421755276620388,2.9706008434295654
1724,29746,22884,45,2,0.15259842574596405,0.04459114372730255,1.343553900718689
1725,29759,17613,947,2,0.1508013904094696,0.03569432720541954,-0.03841406852006912
1726,29776,4907,68,2,0.15206772089004517,0.04305870831012726,1.4641157388687134
1727,29780,22826,342,2,0.1536910980939865,0.03837864100933075,0.5382843017578125
1728,29791,4920,580,2,0.153429314494133,0.045013733208179474,0.2701578736305237
1729,29798,21775,94,3,0.15135736763477325,0.042583025991916656,1.3967719078063965
1730,29815,22740,344,3,0.15330034494400024,0.046055786311626434,0.5968456268310547
1731,29851,21900,1577,3,0.153805673122406,0.044315941631793976,-0.7903071641921997
1732,29857,13106,41,3,0.15100456774234772,0.03776182979345322,1.3642152547836304
1733,29888,4952,185,2,0.15067248046398163,0.045569539070129395,1.0374277830123901
1734,29916,22004,899,2,0.1497689038515091,0.03814433142542839,0.05545886605978012
1735,29935,19454,564,2,0.15281479060649872,0.03935618698596954,0.3841491639614105
1736,29976,12079,1392,3,0.15149350464344025,0.03646541014313698,-0.48608529567718506
1737,29984,19819,960,1,0.15231575071811676,0.03724224120378494,-0.01187928020954132
1738,29988,10633,1,2,0.1536402404308319,0.04894646629691124,3.6683404445648193
1739,29997,17122,683,2,0.15240132808685303,0.047249551862478256,0.23106887936592102
1740,30000,21945,1357,2,0.15256443619728088,0.04134373366832733,-0.44612130522727966
1741,30004,22894,1564,2,0.1561204046010971,0.041149284690618515,-0.6832718849182129
1742,30135,13821,41,3,0.15559177100658417,0.06178700923919678,1.2133259773254395
1743,30150,19633,693,1,0.15187174081802368,0.035537637770175934,0.26362544298171997
1744,30170,21768,511,2,0.15525111556053162,0.05045102909207344,0.2863248884677887
1745,30202,10890,772,4,0.15127350389957428,0.03693019971251488,0.22507357597351074
1746,30229,22932,206,1,0.15119637548923492,0.035986676812171936,0.8054717779159546
1747,30236,22349,124,2,0.1525155007839203,0.04027589410543442,1.1485035419464111
1748,30239,22996,1089,3,0.15155047178268433,0.038464851677417755,-0.19734670221805573
1749,30261,13591,787,2,0.15551967918872833,0.042091913521289825,0.06206166744232178
1750,30263,5137,694,2,0.1567419022321701,0.042435720562934875,0.10326651483774185
1751,30303,12630,116,2,0.15363843739032745,0.046205051243305206,0.9393782615661621
1752,30311,17171,60,3,0.15111148357391357,0.04616762697696686,1.8006482124328613
1753,30367,22703,129,1,0.1520850956439972,0.03741200268268585,0.9544752836227417
1754,30371,14534,478,2,0.14960892498493195,0.03451790660619736,0.5023081302642822
1755,30377,19474,195,2,0.15367601811885834,0.04891474172472954,0.8862400650978088
1756,30397,13296,108,2,0.15142665803432465,0.03833269327878952,1.1479315757751465
1757,30398,6105,1202,1,0.15263183414936066,0.03633561357855797,-0.30250534415245056
1758,30423,13448,429,3,0.15298467874526978,0.05340070649981499,0.4800543189048767
1759,30442,19160,11,2,0.15417981147766113,0.05206172168254852,1.4329609870910645
1760,30448,19352,719,4,0.15278370678424835,0.043530359864234924,0.25370579957962036
1761,30469,11591,2,2,0.1509656310081482,0.040124133229255676,2.4730374813079834
1762,30568,10403,1263,3,0.15058638155460358,0.0365501269698143,-0.3223457932472229
1763,30634,20376,6,4,0.15165720880031586,0.04435048997402191,2.9075639247894287
1764,30668,22837,959,2,0.156808003783226,0.03948904946446419,-0.11702083051204681
1765,30675,20282,114,2,0.1509304940700531,0.03907579183578491,1.0135316848754883
1766,30676,18272,1090,2,0.15149886906147003,0.04564458131790161,-0.16020014882087708
1767,30680,18807,337,3,0.14961601793766022,0.03644741326570511,0.5374445915222168
1768,30686,17517,912,3,0.1513042449951172,0.041099343448877335,-0.05692532658576965
1769,30723,15850,270,2,0.1511397510766983,0.03861641883850098,0.6957908868789673
1770,30737,21505,349,2,0.1501883864402771,0.03616436570882797,0.6451271176338196
1771,30750,16960,777,1,0.15804998576641083,0.03659111261367798,0.09253652393817902
1772,30764,22550,365,1,0.15709565579891205,0.04372577369213104,0.6637459397315979
1773,30780,22892,1631,1,0.15255162119865417,0.03348608314990997,-1.021958589553833
1774,30826,10817,813,2,0.15106739103794098,0.04209301620721817,0.127470463514328
1775,30851,20177,721,2,0.15236853063106537,0.0448269322514534,0.26366299390792847
1776,30941,18794,1047,2,0.15182510018348694,0.03728633373975754,-0.038834020495414734
1777,30948,21947,5,4,0.15171071887016296,0.04600488394498825,3.1037964820861816
1778,30951,22975,50,1,0.15071146190166473,0.03874259442090988,1.3013917207717896
1779,30971,7388,504,2,0.1533786803483963,0.04410945624113083,0.42847925424575806
1780,31018,5520,244,4,0.1558486819267273,0.05078829079866409,0.8326457738876343
1781,31039,23008,1299,1,0.1515180915594101,0.03482105955481529,-0.3902394771575928
1782,31060,16627,189,3,0.15313398838043213,0.04863792285323143,0.9910238981246948
1783,31069,15308,222,3,0.15177786350250244,0.04557954519987106,0.7828822135925293
1784,31095,10403,1065,3,0.15457472205162048,0.04398356005549431,-0.12399360537528992
1785,31098,21801,272,2,0.15560603141784668,0.04913093149662018,0.7804800868034363
1786,31126,23019,898,3,0.15121188759803772,0.037528038024902344,0.0619288831949234
1787,31144,21429,52,3,0.1539837121963501,0.05080462992191315,1.4852566719055176
1788,31160,19010,582,2,0.15317116677761078,0.04696343094110489,0.38185468316078186
1789,31179,22347,382,3,0.15263248980045319,0.050448328256607056,0.6114122271537781
1790,31201,21222,199,2,0.14970892667770386,0.03986341506242752,0.7615094184875488
1791,31212,21082,1183,1,0.1521422564983368,0.04027226194739342,-0.3356378972530365
1792,31238,22329,17,3,0.1554879993200302,0.060663655400276184,1.3393762111663818
1793,31240,20604,1736,2,0.15474659204483032,0.03882414102554321,-1.55508553981781
1794,31242,18151,54,2,0.15275929868221283,0.04772435128688812,1.0810754299163818
1795,31244,15643,2,2,0.1511758416891098,0.042017560452222824,3.3671858310699463
1796,31258,9156,6,3,0.14970770478248596,0.03999057412147522,2.2886948585510254
1797,31282,23012,851,4,0.15331561863422394,0.03947167843580246,0.0886603444814682
1798,31284,10011,938,2,0.15242880582809448,0.038165781646966934,0.042603448033332825
1799,31317,12120,764,1,0.15895268321037292,0.038871973752975464,0.016911525279283524
1800,31355,16120,1636,3,0.1535136103630066,0.04702939838171005,-1.0575008392333984
1801,31357,21707,271,3,0.15049247443675995,0.03581259027123451,0.7546113729476929
1802,31415,22700,588,2,0.15356095135211945,0.03751537576317787,0.33629724383354187
1803,31430,19136,5,2,0.15335267782211304,0.053629953414201736,2.5248351097106934
1804,31478,13117,10,2,0.15492387115955353,0.05796607583761215,1.331057071685791
1805,31494,21351,426,2,0.15118829905986786,0.03736043721437454,0.3819118142127991
1806,31523,19746,1027,1,0.1552577167749405,0.042533308267593384,-0.07249677926301956
1807,31541,17669,1163,6,0.15804800391197205,0.038741335272789,-0.2154005765914917
1808,31560,10045,972,2,0.1511172354221344,0.040823958814144135,0.035651907324790955
1809,31563,21489,42,1,0.1513938158750534,0.041040170937776566,1.2222391366958618
1810,31626,14242,15,2,0.15425129234790802,0.052977822721004486,1.7975943088531494
1811,31633,18213,1576,4,0.15203295648097992,0.04119064658880234,-0.7900404334068298
1812,31645,12017,1250,2,0.15041108429431915,0.03791091963648796,-0.3473969101905823
1813,31708,20039,228,2,0.15570883452892303,0.060613248497247696,0.8454910516738892
1814,31731,21583,99,3,0.15046998858451843,0.03611927852034569,1.0595424175262451
1815,31742,22182,1570,1,0.15234626829624176,0.03726739063858986,-0.8859633207321167
1816,31771,13037,9,2,0.15165045857429504,0.049284614622592926,2.049415111541748
1817,31808,22981,895,3,0.150862455368042,0.035679299384355545,-0.028561340644955635
1818,31841,20012,1122,3,0.15021002292633057,0.03945402428507805,-0.1594688594341278
1819,31846,21586,856,2,0.15107880532741547,0.042667895555496216,-0.00701671838760376
1820,31851,18059,787,3,0.15304937958717346,0.03732804208993912,0.13744819164276123
1821,31862,22845,791,2,0.15138180553913116,0.036541786044836044,0.23009160161018372
1822,31912,16518,1571,2,0.15143251419067383,0.03668081387877464,-1.0557903051376343
1823,31955,22884,676,5,0.1547619253396988,0.04376375675201416,0.28345584869384766
1824,32000,6656,1451,2,0.15234516561031342,0.038742490112781525,-0.6405364871025085
1825,32037,22168,110,3,0.15022984147071838,0.03704621642827988,1.071938157081604
1826,32046,20666,345,3,0.1555417776107788,0.053378090262413025,0.6258381605148315
1827,32076,13715,2,3,0.1513429433107376,0.04101131856441498,1.8969383239746094
1828,32084,23019,251,2,0.1504468023777008,0.0378112867474556,0.7187230587005615
1829,32097,20793,897,1,0.15460480749607086,0.049612127244472504,0.16159901022911072
1830,32143,20683,5,2,0.1557813435792923,0.06415238976478577,1.7990375757217407
1831,32196,22935,107,3,0.15128177404403687,0.03727873042225838,0.9802261590957642
1832,32197,20705,21,2,0.15124022960662842,0.04331711679697037,1.8442025184631348
1833,32229,10807,79,2,0.15169966220855713,0.041970789432525635,1.4429378509521484
1834,32255,8810,1229,6,0.15635499358177185,0.05075215548276901,-0.2748551070690155
1835,32284,22703,545,3,0.15446622669696808,0.03625108301639557,0.2965596318244934
1836,32310,20333,395,2,0.15442267060279846,0.04250156134366989,0.5153019428253174
1837,32318,22116,593,2,0.14975687861442566,0.03613857924938202,0.3134026825428009
1838,32331,8817,1590,2,0.1562599241733551,0.04705434292554855,-0.6831626892089844
1839,32347,21586,24,4,0.15474194288253784,0.050848618149757385,1.2421455383300781
1840,32379,22017,1684,3,0.15002070367336273,0.03973343223333359,-1.44838547706604
1841,32400,22787,778,3,0.15143951773643494,0.0366218276321888,0.1458820402622223
1842,32431,18278,1608,1,0.15121011435985565,0.03561609238386154,-0.9510343074798584
1843,32447,20127,337,2,0.15075843036174774,0.03904462978243828,0.6408858895301819
1844,32450,19866,13,1,0.1538580060005188,0.042273569852113724,1.6645336151123047
1845,32452,21356,408,3,0.15103138983249664,0.03814201429486275,0.5822182893753052
1846,32471,21581,1006,3,0.15445174276828766,0.03574338182806969,-0.1375465840101242
1847,32474,21366,132,5,0.1532452404499054,0.04260667413473129,1.1349754333496094
1848,32485,21368,1422,1,0.15916435420513153,0.04102994501590729,-0.4702862799167633
1849,32494,21417,1207,2,0.15377140045166016,0.0366085022687912,-0.25345686078071594
1850,32506,17112,37,3,0.15157568454742432,0.04748333990573883,1.8865957260131836
1851,32539,18180,482,2,0.15028232336044312,0.03478066623210907,0.4193575382232666
1852,32558,13396,367,2,0.15599192678928375,0.04799710959196091,0.5791562795639038
1853,32610,20656,207,3,0.1513979136943817,0.036380212754011154,0.8945141434669495
1854,32617,16159,1657,3,0.15234969556331635,0.03522603213787079,-1.2343401908874512
1855,32625,16653,513,2,0.15350031852722168,0.039788033813238144,0.3445831537246704
1856,32645,21221,1,2,0.15297868847846985,0.04758458584547043,3.2209911346435547
1857,32647,22021,1045,2,0.15445074439048767,0.0402274914085865,-0.19492770731449127
1858,32657,22980,447,3,0.1504090428352356,0.0362519770860672,0.41628238558769226
1859,32663,21736,13,2,0.1537075787782669,0.051122210919857025,1.4886114597320557
1860,32711,10875,185,2,0.1506369560956955,0.037885427474975586,0.887984037399292
1861,32730,9569,207,2,0.1509878784418106,0.04867662116885185,1.0086376667022705
1862,32772,11125,1169,5,0.15659202635288239,0.03906484320759773,-0.20249129831790924
1863,32847,10411,984,2,0.15112824738025665,0.04234720766544342,-0.05496719107031822
1864,32860,22973,1179,1,0.15170586109161377,0.03630989044904709,-0.4730684757232666
1865,32861,14261,1316,1,0.15377536416053772,0.0356055349111557,-0.32820606231689453
1866,32878,19231,4,2,0.15466620028018951,0.05235562101006508,2.2011942863464355
1867,32882,16612,710,3,0.15518519282341003,0.04216309264302254,0.11961524188518524
1868,32913,22144,394,4,0.15316352248191833,0.03729961812496185,0.5013539791107178
1869,32923,22968,483,2,0.15355698764324188,0.037774089723825455,0.37798842787742615
1870,32956,21060,1348,1,0.15042488276958466,0.03360886126756668,-0.5027812719345093
1871,32965,21982,1391,2,0.15098613500595093,0.04016609862446785,-0.552314281463623
1872,32989,17231,3,3,0.15306493639945984,0.04023832827806473,2.1527259349823
1873,32993,21263,417,2,0.15656964480876923,0.04903334379196167,0.5020679235458374
1874,33001,20050,1,1,0.15169626474380493,0.03947634622454643,2.7689003944396973
1875,33026,21096,107,1,0.1512008160352707,0.037378933280706406,1.1481223106384277
1876,33027,22997,1040,2,0.1508130580186844,0.03968851640820503,-0.08607304096221924
1877,33042,22032,654,2,0.1506543755531311,0.03942815214395523,0.3058649003505707
1878,33066,20084,999,2,0.15147674083709717,0.03631560504436493,-0.05803636088967323
1879,33067,23027,1760,3,0.14951330423355103,0.04146689549088478,-1.8886605501174927
1880,33092,19364,348,2,0.15633881092071533,0.060949865728616714,0.6074981689453125
1881,33093,6874,1531,2,0.15235145390033722,0.037932999432086945,-0.8255099654197693
1882,33102,15006,951,3,0.15185832977294922,0.04409603402018547,0.07059412449598312
1883,33114,22334,258,2,0.15034666657447815,0.03686092048883438,0.7263476848602295
1884,33120,13707,318,2,0.15280786156654358,0.04976359009742737,0.6124719381332397
1885,33146,19786,136,3,0.15150411427021027,0.04084014892578125,0.9285182952880859
1886,33151,6923,1212,2,0.15486638247966766,0.04544265940785408,-0.25485509634017944
1887,33158,21568,604,2,0.15140557289123535,0.03780826926231384,0.30903762578964233
1888,33184,22777,915,2,0.15466482937335968,0.03987384960055351,-0.17110693454742432
1889,33196,6952,19,2,0.1526961475610733,0.043973591178655624,1.6515541076660156
1890,33226,17424,1758,2,0.15218903124332428,0.042949892580509186,-2.587057113647461
1891,33248,11477,304,2,0.15622051060199738,0.06268526613712311,0.7334128618240356
1892,33281,17232,87,2,0.15452951192855835,0.05245201289653778,1.3399684429168701
1893,33283,21218,489,2,0.15051759779453278,0.0391823835670948,0.5004321336746216
1894,33286,19384,1086,1,0.1538705825805664,0.032347314059734344,-0.07179571688175201
1895,33324,9209,673,2,0.15024536848068237,0.03642754629254341,0.29924508929252625
1896,33356,21161,988,6,0.15242615342140198,0.040921393781900406,0.0026431381702423096
1897,33372,22805,1105,2,0.15017470717430115,0.03860950842499733,-0.13032126426696777
1898,33383,13315,350,3,0.15108227729797363,0.03737601265311241,0.5780819058418274
1899,33417,7080,1,2,0.14963561296463013,0.04283078759908676,3.6755428314208984
1900,33516,10469,15,3,0.152318075299263,0.03778637573122978,1.5397906303405762
1901,33574,22401,1153,3,0.1504748910665512,0.03827822580933571,-0.19697129726409912
1902,33581,20084,885,2,0.15579192340373993,0.03948338329792023,0.0027911290526390076
1903,33614,21230,72,2,0.15129297971725464,0.035331226885318756,1.3793588876724243
1904,33619,22957,304,2,0.15019527077674866,0.036055997014045715,0.638393223285675
1905,33665,13485,1303,2,0.15135592222213745,0.04062115401029587,-0.3216440677642822
1906,33668,15212,4,1,0.1540519744157791,0.042647890746593475,2.794574737548828
1907,33693,22973,178,3,0.15154217183589935,0.037981025874614716,0.8647204637527466
1908,33694,22273,1364,2,0.15028300881385803,0.037036895751953125,-0.44431066513061523
1909,33695,16653,176,2,0.15006744861602783,0.037070926278829575,0.8524776697158813
1910,33723,14172,410,4,0.15490804612636566,0.05402898043394089,0.5847090482711792
1911,33747,22701,370,8,0.1550983041524887,0.03771853819489479,0.647370457649231
1912,33764,20688,751,2,0.15173673629760742,0.04550398141145706,0.20869097113609314
1913,33794,22853,653,3,0.150204598903656,0.0389440692961216,0.24536898732185364
1914,33824,20518,989,4,0.15289294719696045,0.03912835940718651,-0.023417219519615173
1915,33846,16539,7,4,0.1544557511806488,0.03930160403251648,1.6685712337493896
1916,33850,22932,1397,2,0.15322867035865784,0.036838456988334656,-0.46851950883865356
1917,33868,18884,1141,3,0.15256138145923615,0.03537745401263237,-0.15036752820014954
1918,33870,7460,326,2,0.15547911822795868,0.05055180937051773,0.6596822142601013
1919,33891,22515,110,1,0.152883380651474,0.038617536425590515,1.120968222618103
1920,33923,22776,2,2,0.1500180959701538,0.038312166929244995,3.022007942199707
1921,33930,7514,287,2,0.15029756724834442,0.036618269979953766,0.6866471767425537
1922,33944,18094,131,2,0.14921683073043823,0.036623209714889526,1.1006615161895752
1923,33959,23032,199,3,0.1501270830631256,0.03929463401436806,0.8273860812187195
1924,33964,14075,262,2,0.15180300176143646,0.03865288197994232,0.7057871222496033
1925,33965,22095,2,5,0.15299446880817413,0.03780592232942581,2.5833988189697266
1926,33997,19251,2,3,0.15298835933208466,0.04867449402809143,2.1888561248779297
1927,33999,21906,7,2,0.1557457149028778,0.059574052691459656,1.2540230751037598
1928,34122,22996,184,2,0.15068629384040833,0.03748888522386551,0.8802341818809509
1929,34124,23011,547,2,0.15190447866916656,0.03720423951745033,0.4241672158241272
1930,34151,22878,789,3,0.15091636776924133,0.03550053760409355,0.08054959028959274
1931,34161,17138,44,2,0.15542621910572052,0.053086940199136734,1.5044900178909302
1932,34196,20180,213,3,0.15431006252765656,0.04723818600177765,0.7008039951324463
1933,34217,21626,1581,2,0.15110990405082703,0.037289269268512726,-1.035256266593933
1934,34221,20362,1197,2,0.15139883756637573,0.04055555537343025,-0.3014644384384155
1935,34276,14861,39,2,0.15233269333839417,0.03668797388672829,1.2430970668792725
1936,34351,20549,582,3,0.15267468988895416,0.04410552978515625,0.12384726852178574
1937,34361,20411,1245,2,0.15106375515460968,0.03706101328134537,-0.2293720841407776
1938,34363,18146,129,2,0.1531471312046051,0.041513457894325256,1.013132929801941
1939,34366,13989,16,2,0.15058916807174683,0.036805350333452225,1.540329933166504
1940,34381,22941,330,5,0.15459483861923218,0.03793361037969589,0.6255578398704529
1941,34459,21206,25,3,0.15581847727298737,0.06031280755996704,1.4362512826919556
1942,34477,19825,3,2,0.15180125832557678,0.04040776938199997,1.9340415000915527
1943,34478,15519,1003,1,0.15775586664676666,0.03927656263113022,-0.04769733548164368
1944,34491,22834,181,2,0.15145361423492432,0.04624718427658081,0.8966772556304932
1945,34521,15894,576,3,0.15060818195343018,0.044067755341529846,0.294769823551178
1946,34522,9014,206,2,0.1522330641746521,0.049280498176813126,1.2231605052947998
1947,34529,16799,109,2,0.15331700444221497,0.04276396334171295,1.047276496887207
1948,34534,16661,301,2,0.15134572982788086,0.03753618896007538,0.637241780757904
1949,34544,22997,537,2,0.1512613445520401,0.04074426740407944,0.3631962537765503
1950,34565,20711,444,5,0.15755954384803772,0.048028260469436646,0.44595757126808167
1951,34598,14215,1217,6,0.15350911021232605,0.034762173891067505,-0.22857536375522614
1952,34606,22996,250,2,0.15208175778388977,0.03835428133606911,0.7605003118515015
1953,34609,13693,1,2,0.1560083031654358,0.06895765662193298,1.8403828144073486
1954,34618,20792,501,2,0.154131680727005,0.037919167429208755,0.3908396363258362
1955,34631,10393,1160,2,0.15515196323394775,0.05077753961086273,-0.19079524278640747
1956,34636,8171,1177,2,0.15465408563613892,0.04520464316010475,-0.19059720635414124
1957,34643,17369,20,3,0.1556304693222046,0.06032615154981613,1.3573849201202393
1958,34659,19415,33,2,0.15029802918434143,0.03732199966907501,1.5972081422805786
1959,34670,10580,55,2,0.15134434401988983,0.040451403707265854,1.1746529340744019
1960,34691,23018,1226,2,0.15675346553325653,0.03771648183465004,-0.263705313205719
1961,34714,11970,581,2,0.15511402487754822,0.05284678190946579,0.34654855728149414
1962,34776,12981,486,2,0.1505567580461502,0.035945355892181396,0.4791649281978607
1963,34831,23021,89,2,0.1510210484266281,0.03790746256709099,1.1093534231185913
1964,34833,18069,57,2,0.15420176088809967,0.048483170568943024,1.130237340927124
1965,34845,8398,105,4,0.15330180525779724,0.03964774310588837,1.124731183052063
1966,34849,15381,450,3,0.1520722657442093,0.041470061987638474,0.5195960402488708
1967,34858,21757,76,2,0.1548583209514618,0.057954080402851105,1.0232409238815308
1968,34891,22228,669,1,0.15839549899101257,0.03806253522634506,0.1500924825668335
1969,34964,18291,753,2,0.15318667888641357,0.03770683705806732,0.24782614409923553
1970,34971,8529,112,2,0.15015527606010437,0.03658269718289375,1.1124396324157715
1971,34978,11648,42,3,0.1545606553554535,0.05533227324485779,1.1922593116760254
1972,34980,22958,904,2,0.1500866413116455,0.0352797769010067,0.07820260524749756
1973,35001,17817,4,3,0.15053878724575043,0.0386122465133667,2.1350724697113037
1974,35011,21459,785,2,0.15062443912029266,0.03752845525741577,0.241842582821846
1975,35071,12749,203,3,0.1535150557756424,0.04838389530777931,0.8517293334007263
1976,35078,17021,1680,2,0.15292267501354218,0.035676419734954834,-1.027080774307251
1977,35096,21789,10,2,0.1542545109987259,0.0492219403386116,1.479707956314087
1978,35195,23029,610,2,0.15222641825675964,0.03608417510986328,0.3752205967903137
1979,35201,22610,93,2,0.15252123773097992,0.0411258339881897,0.8978334069252014
1980,35213,18430,752,2,0.15160530805587769,0.03734473139047623,0.13769474625587463
1981,35271,21992,1190,2,0.1512405127286911,0.03453126922249794,-0.23598888516426086
1982,35273,8916,551,6,0.15328143537044525,0.03783227875828743,0.48254337906837463
1983,35276,21803,320,2,0.15148912370204926,0.04017534852027893,0.6131616234779358
1984,35300,15323,1121,2,0.15372976660728455,0.039377592504024506,-0.2626277208328247
1985,35308,16303,688,2,0.1538330465555191,0.0487658716738224,0.3138098120689392
1986,35322,19052,537,4,0.15397189557552338,0.04062940925359726,0.36748045682907104
1987,35328,20746,1232,3,0.15288856625556946,0.038828298449516296,-0.35274332761764526
1988,35336,18362,336,2,0.15450063347816467,0.0487750768661499,0.6994168758392334
1989,35344,15932,71,3,0.15329580008983612,0.04462365806102753,1.0535774230957031
1990,35386,21751,7,1,0.15568341314792633,0.04217473044991493,2.6895806789398193
1991,35402,19647,1332,1,0.15065515041351318,0.03429488092660904,-0.39734333753585815
1992,35404,21326,591,3,0.15293467044830322,0.03985496610403061,0.322025328874588
1993,35412,20158,45,2,0.14989157021045685,0.04442094638943672,1.549634337425232
1994,35443,23006,1560,4,0.15478716790676117,0.04013587534427643,-0.8554118275642395
1995,35463,12626,1630,1,0.15181374549865723,0.03845120593905449,-0.9890466332435608
1996,35466,22603,756,2,0.15090733766555786,0.03507580608129501,0.23169028759002686
1997,35477,19652,1634,2,0.1495731920003891,0.036003388464450836,-1.1674652099609375
1998,35489,16546,1298,2,0.15072235465049744,0.04447868466377258,-0.3162772059440613
1999,35530,15398,121,2,0.1513589322566986,0.040959618985652924,1.2154436111450195
2000,35532,13811,121,3,0.15190881490707397,0.04692022502422333,1.3588294982910156
2001,35543,21272,1021,2,0.15524086356163025,0.041789621114730835,-0.08450756967067719
2002,35560,21703,5,3,0.15539535880088806,0.06340944766998291,1.9336600303649902
2003,35622,15215,803,2,0.14971092343330383,0.033928170800209045,0.14704948663711548
2004,35627,22073,49,1,0.15276901423931122,0.04294377565383911,1.26204252243042
2005,35685,12544,491,2,0.15192866325378418,0.04315332695841789,0.40621036291122437
2006,35705,15633,283,3,0.15509137511253357,0.042693257331848145,0.7484224438667297
2007,35707,15339,358,2,0.15089498460292816,0.045967791229486465,0.41527676582336426
2008,35710,23018,1176,1,0.1572163701057434,0.036175504326820374,-0.23008684813976288
2009,35716,18548,74,2,0.15018467605113983,0.036961257457733154,1.665016770362854
2010,35780,21939,555,2,0.15187092125415802,0.046093687415122986,0.3947175145149231
2011,35798,12421,751,2,0.153066948056221,0.041998252272605896,-0.017523616552352905
2012,35832,12125,204,2,0.152719184756279,0.042159706354141235,0.7811156511306763
2013,35860,19769,425,2,0.1496610939502716,0.040835216641426086,0.6407610177993774
2014,35898,12221,719,2,0.1500747948884964,0.03792339190840721,0.30141592025756836
2015,35937,10583,302,2,0.15347599983215332,0.03795398399233818,0.7707022428512573
2016,35991,22929,886,2,0.15661312639713287,0.04037339240312576,-0.03188404440879822
2017,35995,20273,86,3,0.15074285864830017,0.04160018265247345,1.1700209379196167
2018,36004,21757,201,3,0.15381598472595215,0.05452466011047363,0.8149983882904053
2019,36031,22924,440,2,0.14980670809745789,0.03617318347096443,0.524476945400238
2020,36066,21238,3,3,0.15670576691627502,0.06117437779903412,1.528652548789978
2021,36068,21677,812,2,0.15422466397285461,0.04188093915581703,0.15630194544792175
2022,36092,22144,88,2,0.15133176743984222,0.03866240754723549,1.0366853475570679
2023,36170,17476,1617,2,0.15316472947597504,0.037390172481536865,-0.884057879447937
2024,36229,13928,245,5,0.15309695899486542,0.03574618697166443,0.810141921043396
2025,36231,11058,338,2,0.15478692948818207,0.03746156394481659,0.6242577433586121
2026,36243,22545,1296,2,0.14977246522903442,0.039802126586437225,-0.3076874017715454
2027,36270,15520,22,3,0.15149326622486115,0.03760090470314026,2.04825496673584
2028,36291,10381,1016,2,0.15121200680732727,0.03670290857553482,-0.13053466379642487
2029,36303,19375,133,2,0.15008218586444855,0.038754064589738846,1.0167690515518188
2030,36315,10954,1657,2,0.15140719711780548,0.036394864320755005,-1.2928663492202759
2031,36348,22125,766,1,0.15307621657848358,0.03623945638537407,0.08845029026269913
2032,36351,20827,133,2,0.14988213777542114,0.037954263389110565,0.9910309314727783
2033,36363,22945,220,2,0.15131673216819763,0.03864510729908943,0.7958636283874512
2034,36412,22746,254,3,0.15186874568462372,0.03862735629081726,0.7076470851898193
2035,36417,10615,640,1,0.15170316398143768,0.03824320808053017,0.3258509039878845
2036,36430,22721,1481,2,0.15538443624973297,0.04106799513101578,-0.5845444202423096
2037,36464,11254,624,2,0.15062646567821503,0.035648372024297714,0.2854343354701996
2038,36473,15367,40,2,0.14941595494747162,0.035305578261613846,1.3152397871017456
2039,36511,23012,573,2,0.15332470834255219,0.04010831564664841,0.3011568486690521
2040,36514,14918,1,4,0.15065410733222961,0.0379561111330986,2.6316189765930176
2041,36634,20046,344,2,0.1560213714838028,0.03616625443100929,0.6775376796722412
2042,36668,21789,51,1,0.1612207293510437,0.05854269489645958,1.252357840538025
2043,36705,23016,812,3,0.1515597254037857,0.03660491853952408,0.15020573139190674
2044,36812,20680,167,1,0.15458400547504425,0.042540282011032104,0.9560778737068176
2045,36865,22853,1371,3,0.15153969824314117,0.04217933490872383,-0.5360355973243713
2046,36879,19112,6,2,0.1546330749988556,0.05680164694786072,2.148348808288574
2047,36972,22700,800,2,0.14992955327033997,0.035610489547252655,0.23681329190731049
2048,37083,16008,13,2,0.15397073328495026,0.05500156059861183,1.4579246044158936
2049,37086,23009,194,6,0.1515699028968811,0.040039993822574615,0.861595094203949
2050,37137,14480,1023,2,0.15285104513168335,0.04294854402542114,-0.047723449766635895
2051,37195,22928,918,2,0.14982526004314423,0.04501068592071533,-0.01378631591796875
2052,37218,20228,21,4,0.15539759397506714,0.05792515352368355,1.180232286453247
2053,37222,21053,490,2,0.15488606691360474,0.03949343413114548,0.39235809445381165
2054,37239,22929,819,1,0.15229849517345428,0.0347343310713768,0.08507148921489716
2055,37285,22790,329,1,0.15152841806411743,0.03900255635380745,0.6565635204315186
2056,37293,18675,1584,2,0.15433913469314575,0.04464355856180191,-0.8049400448799133
2057,37294,22144,197,2,0.15070848166942596,0.03710220009088516,0.8348696827888489
2058,37314,19449,1,2,0.15083827078342438,0.04090159386396408,3.542154312133789
2059,37352,15148,838,2,0.1527867615222931,0.03822490572929382,0.10930641740560532
2060,37441,20929,152,3,0.14983327686786652,0.036909736692905426,0.8658669590950012
2061,37533,17157,236,1,0.15703772008419037,0.03833933174610138,0.6955907940864563
2062,37580,20473,63,2,0.15168379247188568,0.03565886616706848,1.370190143585205
2063,37593,12819,757,2,0.14893460273742676,0.03741419315338135,0.1477510780096054
2064,37619,15342,11,5,0.1521499752998352,0.03715529665350914,2.433464765548706
2065,37657,21380,812,1,0.15154509246349335,0.03787123039364815,0.04093709588050842
2066,37684,20070,287,3,0.1507975161075592,0.036628905683755875,0.7305741906166077
2067,37691,22808,51,2,0.14926454424858093,0.03759652376174927,1.3983478546142578
2068,37702,20522,1699,2,0.15015318989753723,0.038636215031147,-1.5679616928100586
2069,37741,20579,24,2,0.15093383193016052,0.044463157653808594,1.9627845287322998
2070,37749,21078,36,1,0.15197186172008514,0.03910733386874199,1.5049501657485962
2071,37753,17748,48,3,0.15614627301692963,0.057471323758363724,1.1537761688232422
2072,37762,23023,776,2,0.1532697230577469,0.03476710990071297,0.1184697300195694
2073,37764,14774,997,1,0.1532944291830063,0.03622707724571228,0.003869771957397461
2074,38156,22929,492,2,0.15328086912631989,0.038338713347911835,0.4820472002029419
2075,38264,19559,36,1,0.15103766322135925,0.0377638079226017,1.4827545881271362
2076,38300,22053,405,2,0.15014542639255524,0.03490438312292099,0.47472190856933594
2077,38372,22979,56,1,0.1508084088563919,0.03788943216204643,1.360695481300354
2078,38387,18180,989,1,0.15513864159584045,0.03683490678668022,0.054362982511520386
2079,38440,21080,79,2,0.15434560179710388,0.04559875279664993,1.3255698680877686
2080,38543,21824,1269,2,0.15342779457569122,0.03723667562007904,-0.3172839879989624
2081,38579,16801,854,2,0.15461008250713348,0.034981757402420044,0.04994971305131912
2082,38662,22526,121,2,0.1505422294139862,0.037859201431274414,1.1075469255447388
2083,38671,23002,42,2,0.14940795302391052,0.03818853572010994,1.3273564577102661
2084,38691,22132,131,2,0.14932967722415924,0.035822004079818726,1.005750060081482
2085,38703,20057,184,2,0.1505664438009262,0.03659581020474434,0.8756853342056274
2086,38704,19121,8,2,0.14914758503437042,0.038071513175964355,2.222228527069092
2087,38757,20758,161,2,0.15115483105182648,0.04143240675330162,0.8831885457038879
2088,38785,20850,17,2,0.14987455308437347,0.036868542432785034,1.7980680465698242
2089,38822,21902,78,2,0.15215861797332764,0.043547727167606354,1.0543367862701416
2090,38860,22681,136,1,0.15488788485527039,0.04326033592224121,0.8228772282600403
2091,38886,15708,853,3,0.15520091354846954,0.037639111280441284,0.015011981129646301
2092,38903,21460,3,2,0.14988967776298523,0.03843449056148529,4.282812118530273
2093,38938,20376,1,1,0.15363703668117523,0.044262003153562546,3.6347687244415283
2094,39254,22790,1333,3,0.15103794634342194,0.03838125616312027,-0.3094745874404907
