row_id,user,target,history_length,past_target_cosine,future_target_cosine,delta_future_minus_past,future_better,rank_Anchor-only,rank_Past-only,rank_Future-only,rank_Past+Future,rank_FIR-MIC without future bridge,rank_Per-item + transition/association,rank_FIR-MIC full
0,0,5458,1,0.9099301695823669,0.9147158861160278,0.004785716533660889,1,141,41,46,32,132,44,44
1,5,18349,10,0.908734142780304,0.7762100100517273,-0.13252413272857666,0,1260,805,872,820,1268,1274,1274
2,8,798,4,0.8599774241447449,0.8465552926063538,-0.013422131538391113,0,693,549,503,556,730,712,712
3,21,16785,1,0.8306710720062256,0.8885236382484436,0.05785256624221802,1,897,248,43,197,878,669,669
4,28,18103,5,0.9335957765579224,0.9047080278396606,-0.02888774871826172,0,314,660,504,633,310,267,267
5,31,800,3,0.9265656471252441,0.9184829592704773,-0.008082687854766846,0,108,439,735,489,97,100,100
6,54,16989,6,0.9613062143325806,0.8623212575912476,-0.09898495674133301,0,344,7,632,12,294,296,296
7,55,10102,4,0.8504577279090881,0.8588858246803284,0.008428096771240234,1,877,1083,862,1097,903,950,950
8,56,14613,2,0.866253137588501,0.917024552822113,0.05077141523361206,1,624,793,859,823,671,711,711
9,80,7551,3,0.9310168027877808,0.9084750413894653,-0.02254176139831543,0,342,28,167,25,348,243,243
10,99,1431,5,0.9110162258148193,0.8748497366905212,-0.036166489124298096,0,46,336,542,359,40,36,36
11,122,18060,5,0.9312282800674438,0.8622239232063293,-0.0690043568611145,0,256,27,480,41,237,218,218
12,150,5838,2,0.8813415765762329,0.9036543369293213,0.02231276035308838,1,130,296,350,290,138,114,114
13,164,8,3,0.8635907769203186,0.8952947854995728,0.03170400857925415,1,804,524,60,411,755,566,566
14,165,8,5,0.9095587134361267,0.8815911412239075,-0.02796757221221924,0,577,26,17,11,557,327,327
15,167,8,5,0.9002045392990112,0.8817550539970398,-0.018449485301971436,0,479,102,16,64,464,260,260
16,168,18315,2,0.9150227904319763,0.9190366268157959,0.00401383638381958,1,5,147,299,149,6,5,5
17,169,18131,10,0.9100935459136963,0.6872842907905579,-0.22280925512313843,0,20,39,1342,155,22,59,59
18,171,18315,10,0.9667661190032959,0.7781363129615784,-0.18862980604171753,0,2,2,983,1,2,1,1
19,172,8,7,0.8836623430252075,0.8541966676712036,-0.029465675354003906,0,177,211,242,188,163,135,135
20,173,18347,10,0.8460941314697266,0.7661292552947998,-0.07996487617492676,0,1247,1251,696,1232,1248,1257,1257
21,174,8,6,0.9323483109474182,0.8193259835243225,-0.1130223274230957,0,45,1,877,2,44,49,49
22,175,18277,2,0.904734194278717,0.932701587677002,0.027967393398284912,1,788,278,72,218,758,563,563
23,176,18277,10,0.9509136080741882,0.7822542190551758,-0.16865938901901245,0,115,52,941,54,114,125,125
24,177,8,6,0.9136925339698792,0.8197926878929138,-0.09389984607696533,0,142,19,873,41,133,146,146
25,178,8,10,0.9246313571929932,0.7332218885421753,-0.19140946865081787,0,158,3,1193,6,149,193,193
26,184,14630,10,0.9178183674812317,0.7859284281730652,-0.1318899393081665,0,122,416,687,443,113,121,121
27,188,16043,3,0.8979000449180603,0.8993327021598816,0.001432657241821289,1,1008,534,557,519,959,940,940
28,195,6753,10,0.9035876393318176,0.7457625269889832,-0.15782511234283447,0,12,13,892,15,13,11,11
29,196,17024,3,0.897498607635498,0.9211900234222412,0.023691415786743164,1,91,962,1053,1048,95,95,95
30,213,11,3,0.8798733949661255,0.9047828912734985,0.024909496307373047,1,617,239,52,166,564,371,371
31,217,12,2,0.8446988463401794,0.9022496342658997,0.057550787925720215,1,642,594,26,439,576,375,375
32,226,17943,3,0.8447078466415405,0.881752073764801,0.0370442271232605,1,1299,403,194,340,1316,1290,1290
33,229,7621,5,0.916378378868103,0.8701252341270447,-0.04625314474105835,0,325,110,364,124,305,254,254
34,269,15737,4,0.8808254599571228,0.8610733151435852,-0.019752144813537598,0,859,469,646,483,848,868,868
35,277,18179,2,0.8701693415641785,0.9094768762588501,0.03930753469467163,1,320,1227,933,1237,331,355,355
36,289,1736,3,0.8101244568824768,0.8765072822570801,0.06638282537460327,1,1300,724,2,404,1299,1096,1096
37,303,14464,6,0.9083651900291443,0.8346514701843262,-0.07371371984481812,0,241,757,1157,857,240,325,325
38,315,7129,4,0.9048166275024414,0.8891007900238037,-0.015715837478637695,0,300,184,176,135,286,187,187
39,321,10682,2,0.8380029797554016,0.883647084236145,0.04564410448074341,1,940,1056,252,954,982,894,894
40,347,14009,3,0.8588729500770569,0.8791878819465637,0.020314931869506836,1,364,1053,1235,1145,365,526,526
41,383,12643,1,0.9356203675270081,0.893385112285614,-0.04223525524139404,0,1,9,1166,43,1,1,1
42,406,15569,3,0.8612380027770996,0.8662801384925842,0.005042135715484619,1,356,734,725,744,352,366,366
43,408,13719,10,0.9167553186416626,0.727178692817688,-0.1895766258239746,0,39,215,1313,365,40,77,77
44,414,17566,2,0.7636659741401672,0.8643434047698975,0.10067743062973022,1,77,1282,1240,1315,63,102,102
45,416,18194,2,0.8266862034797668,0.9059152007102966,0.07922899723052979,1,1098,1247,259,1171,1151,1073,1073
46,421,17961,10,0.9043095707893372,0.7087362408638,-0.1955733299255371,0,845,450,1338,724,798,1096,1096
47,450,8854,4,0.9362239837646484,0.8545711636543274,-0.08165282011032104,0,50,25,1304,46,44,66,66
48,475,17335,3,0.92654949426651,0.8799447417259216,-0.04660475254058838,0,139,68,1181,132,137,162,162
49,476,18030,7,0.8787276148796082,0.832703173160553,-0.046024441719055176,0,698,303,457,318,702,673,673
50,480,10293,2,0.8902095556259155,0.9333034157752991,0.043093860149383545,1,551,562,620,579,543,520,520
51,484,13676,9,0.9456954598426819,0.8551450371742249,-0.09055042266845703,0,95,275,866,342,96,96,96
52,493,6200,2,0.9322101473808289,0.9260584115982056,-0.006151735782623291,0,162,413,1127,525,155,180,180
53,508,4080,6,0.8912120461463928,0.8651814460754395,-0.02603060007095337,0,529,759,232,646,536,458,458
54,542,1429,2,0.9305363297462463,0.9094095826148987,-0.021126747131347656,0,1030,59,343,66,933,829,829
55,555,4208,6,0.8256896734237671,0.8316760659217834,0.005986392498016357,1,996,1337,701,1331,981,1009,1009
56,571,18320,10,0.9002122282981873,0.7555140852928162,-0.1446981430053711,0,861,363,959,435,847,901,901
57,573,18227,3,0.8844975829124451,0.8804234862327576,-0.0040740966796875,0,553,331,748,388,528,540,540
58,586,18320,7,0.903009831905365,0.861240565776825,-0.04176926612854004,0,267,95,227,83,305,229,229
59,611,7159,8,0.9003580808639526,0.8265832662582397,-0.07377481460571289,0,359,317,899,393,312,354,354
60,617,18261,3,0.8900719881057739,0.8839685320854187,-0.006103456020355225,0,113,71,295,78,90,72,72
61,621,18274,10,0.8782479763031006,0.7501450777053833,-0.12810289859771729,0,853,758,1040,858,852,960,960
62,625,2943,2,0.8527793884277344,0.8974266648292542,0.044647276401519775,1,637,1110,486,1009,639,561,561
63,642,18250,5,0.8825615048408508,0.8470456004142761,-0.03551590442657471,0,489,512,646,524,445,421,421
64,658,18274,6,0.8607346415519714,0.8181203007698059,-0.04261434078216553,0,622,1065,995,1082,639,718,718
65,660,18307,3,0.8441379070281982,0.8671229481697083,0.02298504114151001,1,1098,802,371,743,1106,1082,1082
66,670,2424,2,0.7869805693626404,0.8493432402610779,0.0623626708984375,1,1100,1238,290,1143,1065,994,994
67,698,4462,2,0.9070982933044434,0.8869504928588867,-0.02014780044555664,0,87,294,1308,441,89,164,164
68,700,17980,2,0.8375492691993713,0.8552049994468689,0.01765573024749756,1,824,726,984,790,846,944,944
69,701,8366,4,0.8753280639648438,0.8682315349578857,-0.007096529006958008,0,343,427,448,401,317,292,292
70,704,15305,3,0.8575167655944824,0.9283968210220337,0.07088005542755127,1,1236,1311,847,1305,1226,1259,1259
71,719,16458,7,0.8128763437271118,0.8427499532699585,0.02987360954284668,1,1138,1063,1108,1133,1107,1180,1180
72,724,18307,3,0.8803804516792297,0.8676561117172241,-0.012724339962005615,0,612,41,357,32,608,540,540
73,730,13476,2,0.8664833307266235,0.9194475412368774,0.052964210510253906,1,627,930,894,954,589,648,648
74,736,11979,4,0.9212900996208191,0.9112702012062073,-0.010019898414611816,0,539,243,198,186,504,422,422
75,737,18306,10,0.9040068984031677,0.8138192296028137,-0.090187668800354,0,503,474,118,373,471,329,329
76,738,12035,2,0.8523051738739014,0.8871253728866577,0.03482019901275635,1,667,745,1044,830,652,760,760
77,754,607,4,0.8992478251457214,0.8874355554580688,-0.011812269687652588,0,1160,265,282,248,1137,1070,1070
78,755,845,2,0.8467763662338257,0.8716596961021423,0.02488332986831665,1,790,374,771,401,779,798,798
79,757,2045,3,0.9597373604774475,0.8806165456771851,-0.07912081480026245,0,10,1,852,1,10,8,8
80,767,12901,5,0.8620945811271667,0.8231350779533386,-0.038959503173828125,0,1086,250,505,264,1107,1092,1092
81,816,17881,6,0.9208031892776489,0.8669266104698181,-0.05387657880783081,0,10,77,375,78,10,10,10
82,836,13323,2,0.8386211395263672,0.8874662518501282,0.048845112323760986,1,367,670,641,669,410,393,393
83,852,1869,10,0.9420666098594666,0.783607542514801,-0.15845906734466553,0,2,14,423,19,2,2,2
84,855,7522,6,0.9179717898368835,0.8774122595787048,-0.04055953025817871,0,25,21,44,14,20,12,12
85,869,18285,4,0.8894626498222351,0.8629675507545471,-0.02649509906768799,0,500,117,517,132,463,444,444
86,873,514,6,0.9230763912200928,0.834642231464386,-0.08843415975570679,0,1,1,113,1,1,1,1
87,874,7572,2,0.9136718511581421,0.9105090498924255,-0.0031628012657165527,0,436,276,765,294,369,374,374
88,916,1451,2,0.8221316933631897,0.8863053321838379,0.0641736388206482,1,1055,607,55,448,1055,891,891
89,945,17943,5,0.8989639282226562,0.8643552660942078,-0.034608662128448486,0,89,50,104,42,95,63,63
90,954,47,2,0.8604639768600464,0.8858458995819092,0.025381922721862793,1,511,284,952,358,573,635,635
91,958,5969,2,0.9084232449531555,0.8974281549453735,-0.010995090007781982,0,174,235,875,284,155,158,158
92,1001,13086,1,0.8357517719268799,0.8928802609443665,0.05712848901748657,1,661,209,2,87,621,293,293
93,1008,50,2,0.8843912482261658,0.8800384998321533,-0.004352748394012451,0,290,109,578,126,284,260,260
94,1021,51,3,0.8599081635475159,0.8888550996780396,0.02894693613052368,1,1223,626,71,494,1214,1121,1121
95,1029,18356,9,0.8835309743881226,0.8161429762840271,-0.06738799810409546,0,748,425,550,436,729,698,698
96,1040,16920,2,0.8834883570671082,0.9134400486946106,0.02995169162750244,1,259,764,242,666,260,185,185
97,1088,58,2,0.9083188772201538,0.8937347531318665,-0.014584124088287354,0,77,72,801,80,98,86,86
98,1107,11876,3,0.7932668328285217,0.8843340277671814,0.09106719493865967,1,934,1192,711,1177,863,879,879
99,1111,18290,4,0.8211661577224731,0.8489102125167847,0.027744054794311523,1,570,1139,661,1106,536,547,547
100,1112,18330,2,0.9505916237831116,0.9131077527999878,-0.03748387098312378,0,29,38,937,45,30,28,28
101,1140,1270,2,0.8131764531135559,0.858579695224762,0.045403242111206055,1,651,619,435,590,718,629,629
102,1147,9419,2,0.9032549858093262,0.8810374736785889,-0.022217512130737305,0,722,31,382,37,666,619,619
103,1150,18287,10,0.8248537182807922,0.7032691240310669,-0.12158459424972534,0,242,933,1097,988,234,285,285
104,1152,18091,2,0.8800773024559021,0.9086114764213562,0.0285341739654541,1,1088,573,282,510,1036,932,932
105,1154,9402,4,0.8927091360092163,0.8982787728309631,0.005569636821746826,1,984,581,102,458,1006,825,825
106,1158,17943,3,0.8609048128128052,0.8814545273780823,0.0205497145652771,1,1279,367,195,288,1278,1262,1262
107,1159,18347,4,0.8573582768440247,0.8307393193244934,-0.02661895751953125,0,1123,1142,1317,1202,1117,1230,1230
108,1178,1784,2,0.9168392419815063,0.8943169713020325,-0.022522270679473877,0,272,78,516,92,280,243,243
109,1188,17714,2,0.880745530128479,0.902131974697113,0.021386444568634033,1,162,399,683,426,156,165,165
110,1194,17090,2,0.8890068531036377,0.8512328267097473,-0.03777402639389038,0,52,50,1268,90,44,73,73
111,1197,18309,8,0.9017971158027649,0.8317698240280151,-0.07002729177474976,0,228,312,859,383,238,285,285
112,1207,16414,3,0.9154619574546814,0.9309589266777039,0.015496969223022461,1,653,685,572,664,632,628,628
113,1211,64,4,0.8461111783981323,0.853805661201477,0.0076944828033447266,1,1326,973,562,934,1324,1332,1332
114,1238,17086,3,0.8507673144340515,0.8588327169418335,0.008065402507781982,1,697,882,1151,973,661,787,787
115,1242,11385,3,0.900135338306427,0.8920050263404846,-0.008130311965942383,0,324,132,187,127,339,237,237
116,1255,5718,2,0.8583421111106873,0.878470778465271,0.02012866735458374,1,1150,280,223,237,1140,1066,1066
117,1273,7199,2,0.9107033610343933,0.8971782326698303,-0.013525128364562988,0,128,358,1096,461,114,150,150
118,1293,18261,4,0.8371779918670654,0.878493070602417,0.04131507873535156,1,747,1288,147,1201,715,581,581
119,1298,18272,3,0.8918393850326538,0.912635326385498,0.02079594135284424,1,1110,987,357,901,1071,1025,1025
120,1300,17494,4,0.9135306477546692,0.869121253490448,-0.04440939426422119,0,150,117,610,150,142,137,137
121,1304,18280,3,0.8777356743812561,0.888722836971283,0.010987162590026855,1,166,455,665,479,161,153,153
122,1308,7145,2,0.8955094814300537,0.9188024401664734,0.023292958736419678,1,760,162,135,146,783,613,613
123,1315,18347,4,0.8489583730697632,0.8304123878479004,-0.018545985221862793,0,1054,1237,1316,1294,1003,1177,1177
124,1331,18290,3,0.8520963191986084,0.8625401258468628,0.010443806648254395,1,911,915,707,897,825,821,821
125,1357,18307,5,0.8402522206306458,0.8567209839820862,0.01646876335144043,1,1202,1038,108,839,1202,1066,1066
126,1361,18207,2,0.7973459959030151,0.8783068060874939,0.08096081018447876,1,1053,1327,177,1293,995,903,903
127,1366,10154,5,0.8883747458457947,0.8728269338607788,-0.01554781198501587,0,745,291,38,185,739,516,516
128,1378,2470,4,0.8825397491455078,0.8583554029464722,-0.024184346199035645,0,1143,598,1024,680,1131,1212,1212
129,1389,7643,4,0.8858780264854431,0.8799741864204407,-0.005903840065002441,0,766,705,908,763,764,841,841
130,1394,17077,3,0.8629559278488159,0.8943072557449341,0.031351327896118164,1,629,610,450,577,610,545,545
131,1404,18346,2,0.9043295979499817,0.9036874771118164,-0.0006421208381652832,0,170,300,1167,414,165,230,230
132,1407,18271,5,0.9088095426559448,0.8939781785011292,-0.014831364154815674,0,638,513,118,403,639,463,463
133,1414,18304,3,0.9132269024848938,0.9245830178260803,0.011356115341186523,1,24,799,923,848,23,19,19
134,1421,17409,3,0.8928302526473999,0.8969756364822388,0.004145383834838867,1,1054,1087,1064,1106,1082,1159,1159
135,1430,10084,2,0.8334900736808777,0.8716194033622742,0.038129329681396484,1,1031,438,895,493,988,1065,1065
136,1440,18346,1,0.7961634993553162,0.9041647911071777,0.10800129175186157,1,324,988,1272,1116,283,409,409
137,1463,1710,9,0.9159789681434631,0.8323181867599487,-0.0836607813835144,0,597,679,913,735,590,626,626
138,1482,11166,5,0.917794942855835,0.8852201700210571,-0.03257477283477783,0,159,745,658,747,154,149,149
139,1502,17137,3,0.8051264882087708,0.8634941577911377,0.05836766958236694,1,647,1281,1290,1303,664,862,862
140,1513,254,4,0.8756788969039917,0.8903067111968994,0.014627814292907715,1,407,940,896,960,414,457,457
141,1514,16042,2,0.8690422773361206,0.8941912651062012,0.025148987770080566,1,567,694,698,691,607,593,593
142,1527,4755,2,0.8695256114006042,0.8475328087806702,-0.021992802619934082,0,283,326,1283,472,304,437,437
143,1530,18287,6,0.8287793397903442,0.7505456805229187,-0.07823365926742554,0,113,602,1316,804,98,184,184
144,1542,6290,3,0.8288754224777222,0.8873252868652344,0.05844986438751221,1,494,1254,973,1246,523,569,569
145,1543,6900,4,0.9072568416595459,0.8819991946220398,-0.025257647037506104,0,43,417,637,444,50,47,47
146,1555,6355,7,0.8826812505722046,0.8466517329216003,-0.03602951765060425,0,243,341,784,406,262,284,284
147,1573,17566,4,0.8540675640106201,0.8537826538085938,-0.0002849102020263672,0,163,1175,1071,1186,149,182,182
148,1579,18030,4,0.836698591709137,0.8577986359596252,0.02110004425048828,1,930,239,231,204,908,809,809
149,1619,4638,3,0.8822908997535706,0.8973367214202881,0.01504582166671753,1,786,1017,941,1029,832,893,893
150,1625,16793,10,0.8893793821334839,0.80615234375,-0.08322703838348389,0,500,333,36,213,459,284,284
151,1646,2727,2,0.8739332556724548,0.8866557478904724,0.012722492218017578,1,158,980,1294,1087,156,275,275
152,1657,8794,4,0.911503791809082,0.9022712111473083,-0.009232580661773682,0,69,454,491,444,63,55,55
153,1658,17962,3,0.8943089246749878,0.9013858437538147,0.007076919078826904,1,214,991,500,971,212,172,172
154,1673,15257,10,0.9202136397361755,0.7375084757804871,-0.18270516395568848,0,40,62,1175,73,40,45,45
155,1697,18237,10,0.8757057785987854,0.780003547668457,-0.09570223093032837,0,1002,834,344,758,965,875,875
156,1706,3086,5,0.8939873576164246,0.8742032051086426,-0.019784152507781982,0,253,826,825,854,237,280,280
157,1709,3743,2,0.8581867814064026,0.8554695248603821,-0.002717256546020508,0,1215,701,951,761,1236,1267,1267
158,1776,101,3,0.8550992012023926,0.8582533001899719,0.0031540989875793457,1,242,363,1059,475,247,281,281
159,1790,18272,10,0.9363836050033569,0.7679240107536316,-0.16845959424972534,0,139,178,1141,262,135,177,177
160,1791,101,5,0.9005186557769775,0.82595294713974,-0.07456570863723755,0,108,118,1155,176,135,182,182
161,1811,12401,1,0.8997155427932739,0.8884406089782715,-0.011274933815002441,0,8,47,794,53,10,6,6
162,1825,6669,6,0.8986013531684875,0.820414662361145,-0.07818669080734253,0,761,120,870,166,757,822,822
163,1836,9935,2,0.7864742279052734,0.8618224859237671,0.07534825801849365,1,1176,954,227,819,1145,1049,1049
164,1858,12327,2,0.8257201910018921,0.8431132435798645,0.017393052577972412,1,598,1098,1265,1193,586,768,768
165,1864,108,2,0.8485597968101501,0.9030503630638123,0.05449056625366211,1,1236,1127,738,1123,1238,1263,1263
166,1882,12872,7,0.9520516991615295,0.8711388111114502,-0.08091288805007935,0,127,52,518,44,118,112,112
167,1885,6041,3,0.8823260068893433,0.8984822034835815,0.01615619659423828,1,939,561,232,477,992,925,925
168,1887,11230,3,0.8699880242347717,0.8931637406349182,0.023175716400146484,1,1148,1327,1234,1329,1140,1246,1246
169,1898,18288,6,0.9032269716262817,0.8450402617454529,-0.05818670988082886,0,212,798,1039,921,208,226,226
170,1900,604,4,0.9045985341072083,0.8526318669319153,-0.05196666717529297,0,113,17,575,29,116,105,105
171,1939,11149,3,0.8594815135002136,0.8919328451156616,0.032451331615448,1,1037,1257,739,1255,1045,1091,1091
172,1947,17844,1,0.8439309000968933,0.8992457985877991,0.05531489849090576,1,329,1018,266,918,314,221,221
173,1960,9931,3,0.8338542580604553,0.8701390624046326,0.036284804344177246,1,1035,1206,322,1158,1069,1015,1015
174,1965,115,3,0.9327555894851685,0.8705660104751587,-0.062189579010009766,0,44,16,1204,26,47,66,66
175,1978,5515,5,0.9002598524093628,0.8720914721488953,-0.02816838026046753,0,499,908,841,918,505,544,544
176,2003,11676,10,0.9162309169769287,0.782426655292511,-0.13380426168441772,0,5,862,977,876,5,5,5
177,2021,121,3,0.9077416062355042,0.8751199841499329,-0.03262162208557129,0,124,246,1128,335,122,159,159
178,2026,4236,3,0.8656309843063354,0.8881099224090576,0.022478938102722168,1,508,1132,914,1151,455,476,476
179,2040,18237,6,0.8683395385742188,0.8232808709144592,-0.04505866765975952,0,523,1076,816,1065,540,596,596
180,2046,2321,3,0.8645620942115784,0.8794476389884949,0.014885544776916504,1,676,488,284,460,668,575,575
181,2047,10985,4,0.9388400316238403,0.8892722129821777,-0.0495678186416626,0,127,81,645,115,105,111,111
182,2089,15543,2,0.871580183506012,0.9166753888130188,0.045095205307006836,1,1191,314,92,254,1138,958,958
183,2090,7838,4,0.8614230751991272,0.8591694235801697,-0.0022536516189575195,0,565,621,428,599,510,476,476
184,2112,7115,6,0.8959164619445801,0.8161185383796692,-0.07979792356491089,0,66,33,522,42,70,62,62
185,2136,4673,2,0.9159399271011353,0.8531081080436707,-0.0628318190574646,0,2,8,1210,11,2,3,3
186,2156,14449,2,0.8907373547554016,0.9021793603897095,0.011442005634307861,1,108,263,399,260,105,92,92
187,2158,13983,3,0.9080264568328857,0.9086140990257263,0.0005876421928405762,1,1203,230,235,215,1220,1142,1142
188,2169,186,4,0.8759905695915222,0.8805218935012817,0.0045313239097595215,1,540,868,628,873,575,561,561
189,2202,804,3,0.9234752655029297,0.886867344379425,-0.03660792112350464,0,30,214,1083,323,30,33,33
190,2203,11599,2,0.9244875907897949,0.8863978981971741,-0.03808969259262085,0,2,6,289,6,2,2,2
191,2226,18035,4,0.8641130328178406,0.850069522857666,-0.01404350996017456,0,389,485,691,505,377,380,380
192,2245,18298,4,0.8741561770439148,0.8835186958312988,0.009362518787384033,1,348,834,769,838,311,333,333
193,2249,18131,1,0.7998304963111877,0.878137469291687,0.07830697298049927,1,320,525,583,529,297,291,291
194,2269,139,5,0.9164094924926758,0.8721683621406555,-0.044241130352020264,0,387,622,739,652,348,347,347
195,2285,9624,1,0.7217854261398315,0.7906954288482666,0.06891000270843506,1,650,1108,1320,1226,682,906,906
196,2298,10507,5,0.9306361675262451,0.8960474729537964,-0.03458869457244873,0,13,54,38,40,12,11,11
197,2302,2884,4,0.892460823059082,0.8725906610488892,-0.01987016201019287,0,568,501,477,484,543,513,513
198,2307,18292,2,0.9292169213294983,0.9231737852096558,-0.006043136119842529,0,72,547,1085,643,69,88,88
199,2334,1787,9,0.9400226473808289,0.8067509531974792,-0.1332716941833496,0,10,2,1007,2,9,11,11
200,2346,147,2,0.9617615938186646,0.9143334627151489,-0.047428131103515625,0,1,1,70,1,1,1,1
201,2347,147,9,0.9054728746414185,0.8654036521911621,-0.04006922245025635,0,1069,385,60,266,1091,907,907
202,2355,13716,2,0.9086697101593018,0.9069709777832031,-0.0016987323760986328,0,25,63,496,83,24,21,21
203,2372,379,3,0.9125654697418213,0.9045230150222778,-0.008042454719543457,0,20,256,361,260,18,16,16
204,2376,5714,5,0.9417816400527954,0.8511036038398743,-0.09067803621292114,0,231,130,1315,247,211,343,343
205,2391,10506,4,0.9367216229438782,0.883533775806427,-0.05318784713745117,0,4,5,53,4,4,3,3
206,2403,16646,2,0.8364221453666687,0.8721219301223755,0.03569978475570679,1,235,1324,1257,1325,277,377,377
207,2404,18272,5,0.9453102946281433,0.8875960111618042,-0.05771428346633911,0,6,43,309,50,6,6,6
208,2412,3114,6,0.9307138919830322,0.8645409941673279,-0.06617289781570435,0,367,43,130,40,330,217,217
209,2422,6013,2,0.9180887341499329,0.907255232334137,-0.010833501815795898,0,8,57,368,63,9,6,6
210,2428,17715,3,0.8317034840583801,0.895108163356781,0.06340467929840088,1,1258,1309,917,1296,1272,1294,1294
211,2444,8791,3,0.8850257396697998,0.885562002658844,0.0005362629890441895,1,866,1035,1101,1068,801,932,932
212,2456,16478,9,0.9263371825218201,0.8268508911132812,-0.09948629140853882,0,129,811,1291,1001,118,192,192
213,2465,11627,10,0.8527125120162964,0.7817111611366272,-0.07100135087966919,0,30,472,642,489,32,29,29
214,2470,18088,5,0.9105169177055359,0.8763010501861572,-0.03421586751937866,0,1306,53,93,36,1306,1261,1261
215,2497,7588,3,0.8860218524932861,0.8958667516708374,0.00984489917755127,1,233,112,58,89,204,129,129
216,2505,16178,7,0.9097240567207336,0.9001533389091492,-0.009570717811584473,0,841,127,7,70,841,441,441
217,2508,1412,1,0.845159649848938,0.9041253924369812,0.05896574258804321,1,207,127,1091,194,156,217,217
218,2511,7518,2,0.9353187084197998,0.9179620146751404,-0.017356693744659424,0,13,29,168,33,13,11,11
219,2546,12944,6,0.8757447004318237,0.8338432908058167,-0.04190140962600708,0,1114,557,379,497,1099,1058,1058
220,2549,17179,3,0.9383029341697693,0.9314619898796082,-0.006840944290161133,0,347,245,507,255,338,304,304
221,2555,1255,4,0.8815577626228333,0.8855977654457092,0.0040400028228759766,1,955,899,207,786,972,878,878
222,2576,15523,4,0.855111837387085,0.8556576371192932,0.000545799732208252,1,1188,1130,608,1080,1181,1187,1187
223,2608,18280,5,0.9037319421768188,0.8587266802787781,-0.04500526189804077,0,279,420,732,448,288,304,304
224,2615,719,2,0.9020302891731262,0.8869885206222534,-0.015041768550872803,0,21,52,657,65,20,20,20
225,2622,13211,2,0.9308527708053589,0.9146072268486023,-0.016245543956756592,0,19,190,812,237,21,21,21
226,2641,5073,5,0.9121814370155334,0.8587949275970459,-0.05338650941848755,0,532,25,99,20,526,371,371
227,2643,9111,1,0.8462733626365662,0.8676629662513733,0.02138960361480713,1,684,144,206,137,762,626,626
228,2663,2701,2,0.8244867920875549,0.8521319627761841,0.02764517068862915,1,751,1286,1301,1293,743,950,950
229,2664,17862,10,0.8852252960205078,0.7076526880264282,-0.1775726079940796,0,269,30,1291,50,257,409,409
230,2667,18131,9,0.8577797412872314,0.8172025680541992,-0.04057717323303223,0,1269,1027,623,998,1252,1243,1243
231,2677,183,5,0.8541618585586548,0.8175198435783386,-0.03664201498031616,0,402,495,1154,611,470,562,562
232,2708,2440,2,0.8229756355285645,0.8233833312988281,0.0004076957702636719,1,236,615,1328,838,232,409,409
233,2714,2889,2,0.8926590085029602,0.9128100275993347,0.02015101909637451,1,318,383,712,419,255,255,255
234,2720,9107,2,0.8512802124023438,0.8885481357574463,0.03726792335510254,1,1219,1214,452,1137,1260,1252,1252
235,2730,14579,4,0.9062871932983398,0.8731295466423035,-0.03315764665603638,0,220,566,990,630,202,258,258
236,2775,4638,4,0.9093218445777893,0.8753390312194824,-0.033982813358306885,0,383,516,1085,629,359,455,455
237,2777,17856,10,0.9308273792266846,0.781836748123169,-0.14899063110351562,0,491,339,930,405,475,527,527
238,2784,16266,2,0.8856329917907715,0.9045011401176453,0.01886814832687378,1,484,429,366,384,456,381,381
239,2821,12212,2,0.8909034729003906,0.8669677972793579,-0.023935675621032715,0,22,42,868,58,23,24,24
240,2833,18337,5,0.9013784527778625,0.8551189303398132,-0.046259522438049316,0,164,235,825,302,153,170,170
241,2845,18134,2,0.8654996156692505,0.8727080821990967,0.007208466529846191,1,1046,944,895,969,1061,1129,1129
242,2858,2179,3,0.8677602410316467,0.9045891165733337,0.03682887554168701,1,680,570,162,480,607,504,504
243,2859,2770,4,0.834000825881958,0.8844807147979736,0.050479888916015625,1,878,1061,112,898,873,655,655
244,2870,5260,2,0.8247361183166504,0.8684760332107544,0.043739914894104004,1,956,867,1240,997,979,1117,1117
245,2885,8431,4,0.906670868396759,0.8631280064582825,-0.04354286193847656,0,1001,8,115,5,1000,847,847
246,2889,4313,2,0.9103376269340515,0.8850629925727844,-0.02527463436126709,0,63,249,1174,335,68,98,98
247,2898,5355,2,0.9039546847343445,0.9248446226119995,0.02088993787765503,1,520,484,493,472,479,434,434
248,2903,951,6,0.8729727268218994,0.8438776731491089,-0.029095053672790527,0,323,1267,647,1246,311,329,329
249,2930,548,2,0.8837249279022217,0.906446635723114,0.022721707820892334,1,33,866,871,884,30,59,59
250,2949,2424,2,0.8208903670310974,0.849245548248291,0.028355181217193604,1,782,623,298,554,791,682,682
251,2961,203,8,0.9052653908729553,0.8002952337265015,-0.10497015714645386,0,48,5,746,8,46,51,51
252,2972,205,5,0.8656617999076843,0.8608391284942627,-0.004822671413421631,0,666,60,14,40,662,350,350
253,2975,16243,5,0.8679609894752502,0.8603566288948059,-0.007604360580444336,0,576,872,601,852,590,604,604
254,2981,18159,2,0.824614405632019,0.8864921927452087,0.0618777871131897,1,638,1238,557,1184,634,605,605
255,2984,6979,3,0.9481956362724304,0.9096043705940247,-0.03859126567840576,0,15,29,402,33,15,11,11
256,2997,4527,10,0.9167152643203735,0.776607871055603,-0.1401073932647705,0,421,408,844,451,397,451,451
257,3004,17961,4,0.8920619487762451,0.8798983693122864,-0.01216357946395874,0,917,449,285,396,851,741,741
258,3030,5593,10,0.9149624705314636,0.7878802418708801,-0.1270822286605835,0,610,214,494,216,588,557,557
259,3037,10168,3,0.9465768933296204,0.8626706004142761,-0.08390629291534424,0,56,30,1329,49,54,86,86
260,3046,18200,6,0.8855351209640503,0.8275818228721619,-0.05795329809188843,0,435,897,953,935,399,470,470
261,3077,18334,10,0.9075579643249512,0.7262303233146667,-0.18132764101028442,0,1011,307,1324,489,990,1208,1208
262,3106,4930,6,0.9174611568450928,0.8234421014785767,-0.09401905536651611,0,9,178,1270,284,9,9,9
263,3113,14081,2,0.8764983415603638,0.8993646502494812,0.02286630868911743,1,669,953,876,975,659,738,738
264,3128,8849,9,0.9492648243904114,0.846980631351471,-0.10228419303894043,0,6,11,585,17,6,5,5
265,3145,16958,2,0.9498304724693298,0.9124833345413208,-0.03734713792800903,0,65,138,1225,206,61,76,76
266,3158,233,2,0.884177029132843,0.9038965702056885,0.01971954107284546,1,109,264,271,238,110,70,70
267,3195,6097,5,0.9222807884216309,0.8719661235809326,-0.05031466484069824,0,323,117,336,119,310,248,248
268,3198,17779,2,0.9007405638694763,0.9151073694229126,0.01436680555343628,1,375,459,334,426,360,292,292
269,3207,17605,2,0.9004868865013123,0.9281261563301086,0.027639269828796387,1,1166,481,124,392,1180,1097,1097
270,3250,11854,8,0.9233337640762329,0.8401169776916504,-0.08321678638458252,0,221,68,764,89,231,232,232
271,3262,15370,2,0.9195303320884705,0.9077977538108826,-0.01173257827758789,0,48,94,709,97,49,33,33
272,3288,16014,2,0.8961818218231201,0.909826397895813,0.013644576072692871,1,419,688,834,736,391,410,410
273,3301,15745,2,0.8353954553604126,0.8877100944519043,0.0523146390914917,1,611,1107,306,1032,580,531,531
274,3321,17098,1,0.8191736340522766,0.8978968858718872,0.0787232518196106,1,632,914,58,766,655,505,505
275,3329,14823,10,0.9159941077232361,0.8332657814025879,-0.0827283263206482,0,1042,365,31,238,962,723,723
276,3330,13721,3,0.9343337416648865,0.919553279876709,-0.01478046178817749,0,144,362,815,415,142,149,149
277,3331,12873,9,0.9176112413406372,0.8189228773117065,-0.09868836402893066,0,190,110,871,160,183,203,203
278,3334,17699,3,0.879847526550293,0.8874680399894714,0.007620513439178467,1,277,176,278,171,263,232,232
279,3343,11332,2,0.9461559057235718,0.9105304479598999,-0.035625457763671875,0,269,78,1022,109,264,311,311
280,3363,13605,5,0.8676233887672424,0.8313865661621094,-0.03623682260513306,0,1232,318,444,307,1231,1212,1212
281,3364,18083,3,0.8986141681671143,0.9018387198448181,0.0032245516777038574,1,786,225,126,183,790,665,665
282,3366,11572,4,0.9494124054908752,0.9091181755065918,-0.04029422998428345,0,13,167,667,179,14,8,8
283,3374,10073,1,0.8733237385749817,0.9112276434898376,0.03790390491485596,1,226,199,107,149,243,138,138
284,3381,14970,3,0.9343739151954651,0.9297627210617065,-0.004611194133758545,0,70,697,784,739,65,62,62
285,3389,7037,10,0.9397841095924377,0.8196494579315186,-0.12013465166091919,0,92,410,394,374,92,73,73
286,3391,17951,2,0.8793319463729858,0.8955879211425781,0.016255974769592285,1,334,442,619,457,329,318,318
287,3392,5053,6,0.9184278249740601,0.8265475034713745,-0.09188032150268555,0,51,210,1128,314,63,85,85
288,3393,6337,2,0.9132763743400574,0.8747422695159912,-0.03853410482406616,0,215,106,1260,194,190,286,286
289,3402,2120,2,0.8625230193138123,0.8981575965881348,0.03563457727432251,1,390,1214,1060,1236,374,447,447
290,3406,14864,2,0.8859705328941345,0.8906328082084656,0.004662275314331055,1,1016,577,793,607,1018,1066,1066
291,3448,17787,10,0.9296401143074036,0.7991670966148376,-0.13047301769256592,0,182,29,143,32,186,111,111
292,3453,8500,9,0.8796688318252563,0.830832839012146,-0.04883599281311035,0,758,1230,907,1215,742,798,798
293,3463,15457,3,0.8907722234725952,0.8980920910835266,0.0073198676109313965,1,711,937,705,940,666,681,681
294,3477,17443,2,0.8941935300827026,0.8911676406860352,-0.0030258893966674805,0,665,112,244,101,605,530,530
295,3484,5294,2,0.8161343336105347,0.8971729874610901,0.08103865385055542,1,1315,1290,725,1271,1322,1327,1327
296,3492,4801,2,0.8807615041732788,0.9015851020812988,0.02082359790802002,1,257,453,783,481,255,254,254
297,3552,4211,10,0.9130141735076904,0.7902109622955322,-0.1228032112121582,0,226,838,718,823,224,229,229
298,3553,4223,2,0.8613331913948059,0.8949998021125793,0.03366661071777344,1,1046,836,369,766,1082,1040,1040
299,3556,8726,2,0.8812749981880188,0.8691380023956299,-0.012136995792388916,0,159,127,946,154,162,160,160
300,3576,5100,4,0.9449639320373535,0.8837574124336243,-0.06120651960372925,0,59,18,494,12,60,43,43
301,3580,18274,10,0.8635613322257996,0.7505214810371399,-0.11303985118865967,0,929,1291,1025,1307,944,1030,1030
302,3589,15493,5,0.9288119077682495,0.8620445728302002,-0.06676733493804932,0,27,271,1264,428,26,37,37
303,3616,17951,10,0.9154555797576904,0.8024123311042786,-0.11304324865341187,0,234,312,257,275,246,178,178
304,3652,9918,2,0.841452419757843,0.8852260708808899,0.043773651123046875,1,97,1281,825,1280,92,81,81
305,3653,18200,2,0.8397632241249084,0.8784024119377136,0.038639187812805176,1,705,1304,857,1298,684,750,750
306,3656,5170,2,0.9176505208015442,0.9181978702545166,0.0005473494529724121,1,341,230,254,204,337,245,245
307,3697,18014,5,0.932062566280365,0.8762830495834351,-0.05577951669692993,0,425,106,426,118,403,367,367
308,3703,16193,2,0.8636335134506226,0.9000331163406372,0.03639960289001465,1,1163,920,636,891,1171,1175,1175
309,3771,260,2,0.9628608226776123,0.9329891204833984,-0.029871702194213867,0,23,26,391,20,21,8,8
310,3774,17477,4,0.8829177618026733,0.8780866265296936,-0.004831135272979736,0,905,386,288,350,909,828,828
311,3783,7607,2,0.841110348701477,0.8850825428962708,0.0439721941947937,1,542,1257,1238,1269,565,725,725
312,3785,8120,3,0.8886153697967529,0.8813012838363647,-0.007314085960388184,0,134,581,1293,753,133,214,214
313,3819,16369,4,0.9585893750190735,0.8901411890983582,-0.06844818592071533,0,111,45,1047,58,106,133,133
314,3823,17814,3,0.9319687485694885,0.9028865098953247,-0.02908223867416382,0,34,318,1123,418,40,34,34
315,3828,3042,2,0.8666044473648071,0.92341548204422,0.05681103467941284,1,770,624,99,471,744,607,607
316,3860,14357,3,0.9548434615135193,0.8918486833572388,-0.06299477815628052,0,2,45,1265,105,2,2,2
317,3862,7747,2,0.9133085608482361,0.9357333779335022,0.022424817085266113,1,470,682,243,594,501,407,407
318,3863,5444,3,0.9449450969696045,0.8971866369247437,-0.04775846004486084,0,90,39,908,52,81,86,86
319,3895,2587,6,0.8806593418121338,0.8209891319274902,-0.059670209884643555,0,522,714,1043,773,495,580,580
320,3936,5680,5,0.8892038464546204,0.8591951727867126,-0.030008673667907715,0,491,625,592,606,505,485,485
321,3940,2453,2,0.9037678837776184,0.8943266868591309,-0.009441196918487549,0,61,89,216,89,59,36,36
322,3954,9516,2,0.9077724814414978,0.9151481986045837,0.0073757171630859375,1,44,752,1218,861,48,91,91
323,3988,11969,3,0.9068289995193481,0.9052324891090393,-0.0015965104103088379,0,305,594,804,620,299,304,304
324,4001,9516,2,0.8961279392242432,0.9153599739074707,0.01923203468322754,1,191,618,1214,780,188,262,262
325,4004,15311,3,0.8712722659111023,0.864758312702179,-0.00651395320892334,0,536,841,1164,941,522,631,631
326,4024,1880,2,0.8969957828521729,0.8770638108253479,-0.01993197202682495,0,33,65,548,83,37,27,27
327,4039,587,2,0.8855720162391663,0.9045425653457642,0.0189705491065979,1,758,1102,767,1064,682,706,706
328,4041,16234,1,0.8934909701347351,0.92612224817276,0.0326312780380249,1,5,541,998,617,5,6,6
329,4070,14500,9,0.8822571635246277,0.8126317262649536,-0.06962543725967407,0,607,1163,1281,1203,635,799,799
330,4082,5170,4,0.9560660123825073,0.9082246422767639,-0.04784137010574341,0,176,14,148,11,167,100,100
331,4083,2799,2,0.8725656867027283,0.8960553407669067,0.023489654064178467,1,101,455,347,410,109,65,65
332,4088,17462,9,0.9090593457221985,0.8750922679901123,-0.03396707773208618,0,238,1059,290,983,233,194,194
333,4107,8155,1,0.8070447444915771,0.8644715547561646,0.0574268102645874,1,597,226,23,141,624,386,386
334,4109,13126,3,0.9270209670066833,0.9109563827514648,-0.016064584255218506,0,163,338,762,388,173,150,150
335,4116,251,4,0.8649986386299133,0.8629533648490906,-0.002045273780822754,0,952,342,260,308,890,786,786
336,4117,2404,2,0.8838487267494202,0.8948048949241638,0.010956168174743652,1,671,451,780,513,753,761,761
337,4132,18150,4,0.9026095867156982,0.8775233030319214,-0.025086283683776855,0,504,888,1126,975,490,606,606
338,4217,1009,3,0.8222129940986633,0.8587470054626465,0.036534011363983154,1,1013,1028,743,1012,1030,1069,1069
339,4223,11135,1,0.8795929551124573,0.9064260125160217,0.026833057403564453,1,350,195,256,151,321,237,237
340,4224,5213,1,0.9176854491233826,0.8881719708442688,-0.02951347827911377,0,28,21,1058,29,26,28,28
341,4229,2947,3,0.8729798197746277,0.8987687826156616,0.025788962841033936,1,776,1221,619,1188,754,733,733
342,4233,17331,2,0.9321073293685913,0.8815439939498901,-0.05056333541870117,0,4,81,1287,182,4,6,6
343,4237,18133,3,0.9010248184204102,0.8987026214599609,-0.0023221969604492188,0,203,655,910,711,222,236,236
344,4257,13506,2,0.8826295137405396,0.9111213088035583,0.0284917950630188,1,485,702,757,734,488,503,503
345,4275,8120,3,0.8893049955368042,0.8807680010795593,-0.008536994457244873,0,56,1153,1300,1195,55,92,92
346,4277,14960,5,0.901245653629303,0.8655919432640076,-0.03565371036529541,0,1227,467,493,465,1192,1189,1189
347,4279,5583,8,0.8528691530227661,0.7821868062019348,-0.0706823468208313,0,1180,3,70,4,1194,1059,1059
348,4286,12782,4,0.91562819480896,0.8714092969894409,-0.04421889781951904,0,682,109,688,138,648,647,647
349,4290,16494,2,0.8439819812774658,0.8861024975776672,0.042120516300201416,1,1116,1174,954,1163,1109,1172,1172
350,4310,13506,3,0.8858909010887146,0.9028652906417847,0.01697438955307007,1,1188,882,929,917,1191,1234,1234
351,4328,17853,1,0.8721147179603577,0.9152412414550781,0.04312652349472046,1,308,702,970,772,293,340,340
352,4335,18274,4,0.916200578212738,0.8374860286712646,-0.07871454954147339,0,8,29,1253,61,8,8,8
353,4340,2884,2,0.8922725915908813,0.8991900682449341,0.006917476654052734,1,602,117,232,103,597,485,485
354,4372,9615,9,0.8641151189804077,0.7947462201118469,-0.06936889886856079,0,1242,668,829,709,1238,1258,1258
355,4426,270,2,0.9253232479095459,0.8953573703765869,-0.029965877532958984,0,155,121,1198,199,129,192,192
356,4521,278,9,0.9304770231246948,0.8558927774429321,-0.0745842456817627,0,93,668,837,709,90,94,94
357,4542,9034,3,0.9154359698295593,0.909561812877655,-0.005874156951904297,0,461,463,848,525,428,440,440
358,4549,14448,6,0.8634653091430664,0.8108711838722229,-0.052594125270843506,0,474,1309,1330,1318,481,676,676
359,4550,11542,2,0.8379793763160706,0.8964570760726929,0.058477699756622314,1,868,1282,1161,1282,839,1004,1004
360,4594,15021,6,0.8742802739143372,0.8349438905715942,-0.03933638334274292,0,310,1282,1149,1285,322,437,437
361,4618,17477,4,0.8892371654510498,0.8781882524490356,-0.01104891300201416,0,920,530,287,459,910,836,836
362,4690,17828,1,0.8317055702209473,0.8769940137863159,0.04528844356536865,1,1031,235,10,149,904,616,616
363,4696,17862,6,0.8592384457588196,0.818049967288971,-0.04118847846984863,0,921,501,444,480,893,869,869
364,4712,8500,2,0.9086561799049377,0.8978813886642456,-0.010774791240692139,0,133,368,771,414,132,120,120
365,4715,17101,5,0.8762688040733337,0.8329930305480957,-0.04327577352523804,0,61,1164,1303,1214,96,212,212
366,4727,12207,3,0.9456660151481628,0.8988361954689026,-0.046829819679260254,0,71,12,480,11,68,48,48
367,4737,15672,3,0.8718859553337097,0.858731746673584,-0.013154208660125732,0,258,103,540,108,278,233,233
368,4744,16265,4,0.8651098012924194,0.859870195388794,-0.005239605903625488,0,919,1288,1095,1289,952,1069,1069
369,4747,7994,2,0.8350585103034973,0.89290851354599,0.057850003242492676,1,453,887,831,906,428,468,468
370,4751,6234,5,0.8965645432472229,0.8372125029563904,-0.05935204029083252,0,43,603,1274,755,44,62,62
371,4761,1568,4,0.9358655214309692,0.8982012271881104,-0.03766429424285889,0,13,75,305,85,13,16,16
372,4765,18288,2,0.889468252658844,0.8957599401473999,0.006291687488555908,1,580,671,1044,758,484,551,551
373,4773,18315,3,0.851992666721344,0.9078943133354187,0.05590164661407471,1,1054,1133,561,1105,1017,980,980
374,4794,18214,7,0.8911034464836121,0.8289894461631775,-0.06211400032043457,0,740,1100,1311,1193,738,997,997
375,4801,6825,4,0.8930450081825256,0.8645124435424805,-0.028532564640045166,0,6,677,1048,762,6,9,9
376,4850,14134,2,0.8390877842903137,0.8221953511238098,-0.016892433166503906,0,79,438,1315,640,75,133,133
377,4855,303,2,0.8566813468933105,0.8672118186950684,0.010530471801757812,1,530,665,1045,733,469,558,558
378,4869,18293,2,0.8332439661026001,0.8868551254272461,0.053611159324645996,1,688,690,575,668,638,597,597
379,4888,13729,2,0.9380690455436707,0.8860715627670288,-0.051997482776641846,0,8,23,616,25,8,8,8
380,4903,18307,4,0.853091835975647,0.8638259768486023,0.010734140872955322,1,1186,950,162,817,1179,1067,1067
381,4907,10732,2,0.8554380536079407,0.9055684208869934,0.050130367279052734,1,804,1246,535,1192,895,875,875
382,4925,17332,7,0.8748539090156555,0.8406177759170532,-0.034236133098602295,0,12,1107,1100,1131,12,19,19
383,4932,17479,3,0.8604990839958191,0.8814876079559326,0.020988523960113525,1,1308,1188,694,1147,1307,1320,1320
384,4962,18287,2,0.7904333472251892,0.7991743683815002,0.008741021156311035,1,582,1176,1324,1234,538,816,816
385,4981,18131,9,0.9049394130706787,0.8170521855354309,-0.0878872275352478,0,96,55,633,74,100,95,95
386,4984,1898,2,0.8929129242897034,0.9018791317939758,0.008966207504272461,1,838,415,318,395,844,790,790
387,4996,18303,6,0.9122837781906128,0.8604840040206909,-0.051799774169921875,0,472,222,243,203,434,367,367
388,5003,18344,7,0.9176979064941406,0.8766123652458191,-0.04108554124832153,0,55,105,361,98,48,32,32
389,5015,11173,2,0.8741656541824341,0.9209440350532532,0.04677838087081909,1,1084,955,749,955,1063,1083,1083
390,5040,16802,2,0.8999523520469666,0.8864229917526245,-0.013529360294342041,0,119,280,1274,422,111,156,156
391,5043,12445,3,0.8761605024337769,0.922518253326416,0.04635775089263916,1,227,704,602,703,232,222,222
392,5058,5227,2,0.879330575466156,0.924598217010498,0.04526764154434204,1,761,565,432,540,707,644,644
393,5087,323,3,0.8892447352409363,0.8852723836898804,-0.003972351551055908,0,656,461,680,477,657,681,681
394,5088,18274,5,0.858812153339386,0.8190926313400269,-0.03971952199935913,0,12,773,1302,906,12,15,15
395,5090,9804,4,0.8982042670249939,0.8661655187606812,-0.032038748264312744,0,163,216,887,257,162,170,170
396,5091,16665,2,0.8835041522979736,0.9160535931587219,0.03254944086074829,1,175,744,862,786,189,185,185
397,5112,14982,4,0.8828774690628052,0.8902264833450317,0.0073490142822265625,1,526,1123,1139,1156,494,606,606
398,5119,18306,4,0.9048752188682556,0.8749831914901733,-0.029892027378082275,0,231,691,732,708,234,236,236
399,5154,18334,2,0.8849170804023743,0.8936419486999512,0.008724868297576904,1,734,383,512,380,688,645,645
400,5156,10477,2,0.8627439737319946,0.8647416830062866,0.001997709274291992,1,297,673,1259,841,289,424,424
401,5182,1203,2,0.9070492386817932,0.9066277742385864,-0.0004214644432067871,0,191,91,62,65,193,102,102
402,5192,4324,2,0.9138624668121338,0.8756822347640991,-0.03818023204803467,0,114,76,1032,103,102,122,122
403,5195,17560,6,0.9514259099960327,0.8912840485572815,-0.06014186143875122,0,10,821,829,840,10,9,9
404,5203,5920,10,0.9195183515548706,0.7789338231086731,-0.1405845284461975,0,15,361,878,415,16,14,14
405,5217,11453,2,0.8694556355476379,0.8791457414627075,0.00969010591506958,1,719,690,1131,788,651,774,774
406,5223,14897,1,0.801405668258667,0.8997118473052979,0.09830617904663086,1,222,726,523,696,213,194,194
407,5233,2279,5,0.8812063336372375,0.8358561396598816,-0.04535019397735596,0,1189,599,1051,688,1177,1235,1235
408,5248,18290,7,0.8965423703193665,0.8174918293952942,-0.07905054092407227,0,16,55,1075,78,15,15,15
409,5258,7361,4,0.8631161451339722,0.8723311424255371,0.009214997291564941,1,921,668,599,693,942,925,925
410,5264,18346,4,0.9052450656890869,0.9035483002662659,-0.001696765422821045,0,97,476,594,492,89,79,79
411,5266,18280,3,0.8146771192550659,0.8897492289543152,0.07507210969924927,1,436,1270,641,1237,422,419,419
412,5271,13681,3,0.8552165627479553,0.8815523982048035,0.026335835456848145,1,643,125,16,85,656,369,369
413,5292,13480,1,0.814828634262085,0.907538652420044,0.09271001815795898,1,884,1198,483,1155,815,793,793
414,5311,2494,3,0.8754047155380249,0.8986725807189941,0.02326786518096924,1,1212,664,161,564,1215,1138,1138
415,5328,17243,2,0.9214451909065247,0.8755202889442444,-0.04592490196228027,0,22,141,1316,286,22,30,30
416,5331,12853,1,0.9229972958564758,0.9164263606071472,-0.006570935249328613,0,96,326,1290,478,101,178,178
417,5348,16609,2,0.9151920080184937,0.8976226449012756,-0.017569363117218018,0,525,21,176,14,468,360,360
418,5354,15991,2,0.942760705947876,0.8980870246887207,-0.04467368125915527,0,22,84,1215,120,23,21,21
419,5377,18322,3,0.9018942713737488,0.8808196783065796,-0.02107459306716919,0,505,303,836,338,475,492,492
420,5386,9356,5,0.9197825789451599,0.8733247518539429,-0.04645782709121704,0,220,65,294,72,233,182,182
421,5391,7114,2,0.9064534902572632,0.9102337956428528,0.0037803053855895996,1,123,492,565,496,129,108,108
422,5398,18291,10,0.9440855383872986,0.8431994318962097,-0.10088610649108887,0,181,864,237,747,169,126,126
423,5402,354,2,0.8791993260383606,0.9043615460395813,0.025162220001220703,1,858,435,190,335,897,797,797
424,5416,17596,6,0.8973996043205261,0.8533094525337219,-0.0440901517868042,0,516,818,487,767,505,507,507
425,5419,13400,8,0.9226633906364441,0.8950821161270142,-0.02758127450942993,0,155,1042,258,942,164,125,125
426,5420,16151,1,0.8864011168479919,0.9156331419944763,0.029232025146484375,1,467,566,626,572,445,426,426
427,5430,2632,2,0.8454442620277405,0.8828040957450867,0.03735983371734619,1,599,1003,1006,1053,645,760,760
428,5431,18133,3,0.9049443602561951,0.8990277051925659,-0.00591665506362915,0,364,604,898,660,381,405,405
429,5523,11068,2,0.83428555727005,0.8775308132171631,0.04324525594711304,1,592,1234,924,1227,585,649,649
430,5560,18307,2,0.8294063210487366,0.8760857582092285,0.04667943716049194,1,1208,628,207,538,1226,1171,1171
431,5585,7809,2,0.845791220664978,0.8709485530853271,0.02515733242034912,1,1189,919,819,928,1199,1227,1227
432,5592,18285,8,0.8985812067985535,0.8137513995170593,-0.08482980728149414,0,267,136,1091,205,262,329,329
433,5613,3522,6,0.9264552593231201,0.8031580448150635,-0.12329721450805664,0,822,3,1026,4,776,875,875
434,5627,6138,3,0.8785790205001831,0.8510046601295471,-0.027574360370635986,0,299,87,1069,146,258,340,340
435,5630,18307,4,0.8812671303749084,0.8631185293197632,-0.018148601055145264,0,939,181,172,150,939,780,780
436,5636,10465,3,0.9211185574531555,0.8952102661132812,-0.025908291339874268,0,72,147,736,198,65,63,63
437,5654,17798,3,0.90946364402771,0.8813937306404114,-0.028069913387298584,0,241,34,672,50,215,209,209
438,5685,16546,4,0.9115620851516724,0.9018737077713013,-0.009688377380371094,0,247,350,429,334,225,198,198
439,5696,16456,2,0.9178601503372192,0.9245021939277649,0.006642043590545654,1,213,649,1110,760,212,270,270
440,5740,11986,5,0.8930927515029907,0.9077112674713135,0.014618515968322754,1,552,869,52,660,555,346,346
441,5757,6276,5,0.9415491819381714,0.8866438269615173,-0.05490535497665405,0,397,676,1060,761,389,467,467
442,5765,12632,8,0.8967720866203308,0.8218547701835632,-0.07491731643676758,0,116,92,667,103,120,114,114
443,5810,6647,8,0.9387502670288086,0.8321192860603333,-0.10663098096847534,0,129,132,1262,243,130,180,180
444,5839,17235,2,0.828428328037262,0.8657452464103699,0.03731691837310791,1,781,910,426,849,727,671,671
445,5891,17339,3,0.836053192615509,0.8604950904846191,0.024441897869110107,1,1000,1316,1279,1319,994,1172,1172
446,5897,2376,4,0.9147459268569946,0.8673663139343262,-0.04737961292266846,0,71,207,808,251,67,64,64
447,5912,18310,1,0.8641157150268555,0.8877777457237244,0.023662030696868896,1,1257,90,83,65,1269,1176,1176
448,5935,14409,2,0.8611367344856262,0.884061336517334,0.022924602031707764,1,678,248,441,231,603,550,550
449,5945,17254,5,0.8633086681365967,0.841873288154602,-0.02143537998199463,0,747,709,1048,827,781,892,892
450,5967,9627,4,0.8163503408432007,0.8239136338233948,0.007563292980194092,1,564,922,1224,999,537,718,718
451,5970,15566,3,0.9256144762039185,0.8941466808319092,-0.03146779537200928,0,99,23,304,27,102,87,87
452,5980,3713,2,0.8782154321670532,0.8965505957603455,0.018335163593292236,1,422,730,918,779,415,482,482
453,5986,6169,2,0.887205183506012,0.9005123376846313,0.013307154178619385,1,76,142,256,135,76,53,53
454,6037,17335,5,0.8796125054359436,0.8740988969802856,-0.005513608455657959,0,340,1255,546,1237,373,347,347
455,6059,400,3,0.8943058252334595,0.9069358706474304,0.012630045413970947,1,1055,214,94,179,1016,846,846
456,6079,16802,3,0.9105285406112671,0.888027548789978,-0.022500991821289062,0,110,212,1202,311,107,122,122
457,6081,14476,2,0.8949315547943115,0.8931410908699036,-0.001790463924407959,0,555,331,818,371,540,558,558
458,6088,11633,4,0.9178686738014221,0.8702641725540161,-0.047604501247406006,0,64,341,1094,444,59,75,75
459,6091,6993,4,0.9218597412109375,0.9115992784500122,-0.010260462760925293,0,752,270,161,212,728,594,594
460,6119,8559,1,0.8866925239562988,0.8789217472076416,-0.0077707767486572266,0,117,32,445,41,102,75,75
461,6121,11858,4,0.9346922039985657,0.9059862494468689,-0.028705954551696777,0,141,142,757,183,115,118,118
462,6131,5521,4,0.9001373052597046,0.8744468092918396,-0.02569049596786499,0,205,428,1234,581,197,291,291
463,6134,16326,4,0.8943089842796326,0.8921772241592407,-0.0021317601203918457,0,1212,577,256,495,1211,1197,1197
464,6159,4461,7,0.8911290168762207,0.8435148596763611,-0.04761415719985962,0,236,1261,1232,1280,227,305,305
465,6171,18095,3,0.9247495532035828,0.8380794525146484,-0.08667010068893433,0,7,9,1125,14,7,7,7
466,6174,8030,5,0.8903710842132568,0.8392634391784668,-0.05110764503479004,0,98,456,895,513,104,107,107
467,6176,17880,4,0.9066983461380005,0.9014549255371094,-0.005243420600891113,0,1169,433,102,317,1165,1029,1029
468,6178,3513,3,0.9373319149017334,0.9273148775100708,-0.010017037391662598,0,349,344,787,394,320,328,328
469,6180,409,10,0.9209937453269958,0.7706748247146606,-0.1503189206123352,0,52,731,1200,858,56,69,69
470,6192,2712,3,0.9162432551383972,0.8941634297370911,-0.022079825401306152,0,102,233,980,280,104,97,97
471,6201,9019,2,0.8724225759506226,0.8846206665039062,0.012198090553283691,1,215,214,408,227,214,173,173
472,6223,17425,2,0.9731477499008179,0.8959894776344299,-0.07715827226638794,0,1,18,1054,23,1,1,1
473,6263,17137,5,0.8532043099403381,0.8480430841445923,-0.00516122579574585,0,489,1334,1022,1333,495,570,570
474,6279,18132,8,0.9149420261383057,0.8625026941299438,-0.052439332008361816,0,757,461,378,429,748,684,684
475,6287,3391,2,0.9269649386405945,0.8944922685623169,-0.03247267007827759,0,16,56,631,89,16,16,16
476,6298,420,2,0.9308464527130127,0.8865092396736145,-0.04433721303939819,0,39,78,1113,83,43,49,49
477,6299,420,2,0.9480931162834167,0.8871155977249146,-0.0609775185585022,0,31,54,1103,54,34,39,39
478,6366,14956,2,0.8386645913124084,0.8781715631484985,0.03950697183609009,1,218,1309,1200,1308,240,326,326
479,6395,16802,5,0.9001078009605408,0.8620782494544983,-0.03802955150604248,0,124,880,1140,970,125,162,162
480,6476,2026,5,0.9572241306304932,0.8672543168067932,-0.08996981382369995,0,33,39,829,34,31,27,27
481,6490,5685,4,0.8564839959144592,0.7953217029571533,-0.06116229295730591,0,454,37,1079,62,482,596,596
482,6497,16949,5,0.9396989345550537,0.8990352749824524,-0.04066365957260132,0,56,637,790,657,58,57,57
483,6525,18356,7,0.9072830080986023,0.8263899683952332,-0.08089303970336914,0,10,102,938,144,11,9,9
484,6530,2185,4,0.9139837026596069,0.8105944991111755,-0.1033892035484314,0,58,9,1226,16,57,78,78
485,6539,17711,2,0.9152706265449524,0.9018446207046509,-0.013426005840301514,0,93,298,1089,404,75,105,105
486,6555,9516,2,0.9227576851844788,0.9150943756103516,-0.007663309574127197,0,184,904,1217,1037,186,248,248
487,6577,17718,5,0.8539764285087585,0.8731812238693237,0.019204795360565186,1,1314,1282,199,1268,1320,1306,1306
488,6584,12476,4,0.8687982559204102,0.8922485709190369,0.02345031499862671,1,292,980,604,961,280,282,282
489,6592,449,3,0.8693531155586243,0.9052034020423889,0.03585028648376465,1,724,885,143,763,755,648,648
490,6606,9635,1,0.8720047473907471,0.9097776412963867,0.03777289390563965,1,171,175,819,173,175,171,171
491,6639,8286,2,0.8596893548965454,0.8786215782165527,0.018932223320007324,1,533,239,234,207,533,432,432
492,6663,7775,3,0.8584594130516052,0.8760069012641907,0.01754748821258545,1,1110,526,709,549,1118,1129,1129
493,6668,17183,3,0.8548313975334167,0.880137026309967,0.025305628776550293,1,154,1078,588,1037,182,173,173
494,6671,2372,1,0.8716755509376526,0.9236760139465332,0.052000463008880615,1,373,524,481,505,357,327,327
495,6675,14984,3,0.9381783604621887,0.9097368717193604,-0.02844148874282837,0,135,11,79,11,131,81,81
496,6676,18050,3,0.8479925394058228,0.8814325928688049,0.03344005346298218,1,1114,1072,368,1005,1127,1100,1100
497,6691,4929,2,0.9370763301849365,0.9136763215065002,-0.02340000867843628,0,111,145,869,178,108,108,108
498,6780,1723,2,0.8522588014602661,0.9083061814308167,0.05604737997055054,1,528,761,251,676,519,453,453
499,6799,16096,4,0.9377387166023254,0.8319302201271057,-0.10580849647521973,0,2,19,1202,26,2,2,2
500,6800,13508,3,0.8694824576377869,0.9027604460716248,0.03327798843383789,1,1173,947,131,798,1134,994,994
501,6831,460,2,0.8980258107185364,0.8839561343193054,-0.014069676399230957,0,336,54,497,62,376,331,331
502,6852,1227,10,0.929401159286499,0.7872876524925232,-0.14211350679397583,0,228,255,815,301,241,257,257
503,6875,467,4,0.8714044094085693,0.8462778329849243,-0.02512657642364502,0,943,291,527,318,968,952,952
504,6900,16413,7,0.9139332175254822,0.8566389679908752,-0.057294249534606934,0,48,264,852,295,60,56,56
505,6909,17042,7,0.9224831461906433,0.848128080368042,-0.07435506582260132,0,328,490,1238,644,291,408,408
506,6923,4244,6,0.9149906635284424,0.8782263994216919,-0.03676426410675049,0,652,689,267,610,668,572,572
507,6927,15763,2,0.9446645379066467,0.9194189310073853,-0.025245606899261475,0,201,166,1108,223,179,230,230
508,6938,17627,2,0.9035257697105408,0.9014050960540771,-0.002120673656463623,0,36,106,806,133,34,31,31
509,6960,11650,2,0.836182713508606,0.8968963027000427,0.06071358919143677,1,583,834,195,697,586,430,430
510,6966,18334,4,0.8778335452079773,0.8876129388809204,0.009779393672943115,1,510,649,229,568,519,420,420
511,6969,18159,4,0.8944015502929688,0.8637301921844482,-0.030671358108520508,0,155,382,741,407,152,147,147
512,6972,2670,4,0.8784024715423584,0.9122828841209412,0.033880412578582764,1,343,729,3,405,365,176,176
513,6990,18104,10,0.9310482740402222,0.8042289614677429,-0.12681931257247925,0,31,405,530,384,30,26,26
514,7022,5911,3,0.8554447889328003,0.8495305776596069,-0.005914211273193359,0,478,123,177,102,471,336,336
515,7032,3675,2,0.869239330291748,0.8954986929893494,0.02625936269760132,1,772,545,1145,677,758,883,883
516,7037,1910,2,0.8569632768630981,0.9157889485359192,0.058825671672821045,1,909,1282,527,1265,879,869,869
517,7045,3316,3,0.9337560534477234,0.9162492752075195,-0.017506778240203857,0,138,97,293,97,127,60,60
518,7069,18253,2,0.9228522181510925,0.9147403836250305,-0.008111834526062012,0,148,157,725,178,132,128,128
519,7076,13152,3,0.8753734827041626,0.8947571516036987,0.019383668899536133,1,1134,513,493,507,1137,1110,1110
520,7089,7049,2,0.9520820379257202,0.8678696155548096,-0.08421242237091064,0,9,27,778,27,9,8,8
521,7092,487,2,0.8637433052062988,0.8824425339698792,0.018699228763580322,1,740,469,298,429,788,702,702
522,7094,18214,2,0.8634437918663025,0.8915293216705322,0.028085529804229736,1,1031,929,993,969,985,1053,1053
523,7103,488,3,0.8452527523040771,0.8872124552726746,0.04195970296859741,1,1096,1189,188,1113,1123,1034,1034
524,7107,18356,2,0.8421945571899414,0.8460848331451416,0.0038902759552001953,1,663,589,1288,769,664,908,908
525,7116,4497,3,0.9113091826438904,0.9290590882301331,0.017749905586242676,1,11,794,215,670,11,9,9
526,7128,490,2,0.8098477125167847,0.8508031368255615,0.040955424308776855,1,1237,1069,930,1086,1251,1280,1280
527,7132,3114,3,0.8361865878105164,0.9058610200881958,0.06967443227767944,1,1039,968,98,813,995,815,815
528,7134,17494,6,0.8802040219306946,0.8250799179077148,-0.055124104022979736,0,622,530,1019,633,559,634,634
529,7137,18131,8,0.9301336407661438,0.8462466597557068,-0.08388698101043701,0,21,5,220,4,22,13,13
530,7139,18320,2,0.7836343050003052,0.8979150652885437,0.11428076028823853,1,1319,986,133,813,1325,1281,1281
531,7140,18137,8,0.8890182375907898,0.851603090763092,-0.037415146827697754,0,1100,601,292,538,1126,1047,1047
532,7141,18356,6,0.8550007939338684,0.8038180470466614,-0.05118274688720703,0,472,1158,1177,1178,483,594,594
533,7147,17862,3,0.8584718108177185,0.8627018332481384,0.004230022430419922,1,140,112,353,114,130,78,78
534,7151,18137,2,0.850762665271759,0.9024660587310791,0.05170339345932007,1,1285,870,153,710,1286,1220,1220
535,7152,18356,4,0.8487380146980286,0.8373456597328186,-0.011392354965209961,0,717,985,1131,1059,711,866,866
536,7160,18355,5,0.9025598764419556,0.871752142906189,-0.0308077335357666,0,70,1011,799,1007,67,81,81
537,7209,16332,2,0.8472280502319336,0.8724055886268616,0.02517753839492798,1,1279,469,383,450,1283,1285,1285
538,7214,15658,2,0.8551759719848633,0.8626789450645447,0.0075029730796813965,1,1292,540,678,539,1298,1315,1315
539,7222,16784,2,0.8667458891868591,0.9018959403038025,0.03515005111694336,1,930,1264,1109,1266,884,1009,1009
540,7247,18289,1,0.8522179126739502,0.9184640049934387,0.06624609231948853,1,135,492,565,481,127,108,108
541,7264,3771,3,0.9479169249534607,0.8810436129570007,-0.06687331199645996,0,5,22,1264,32,5,7,7
542,7401,2372,2,0.8722846508026123,0.9203046560287476,0.048020005226135254,1,1100,964,548,923,1115,1104,1104
543,7402,9999,2,0.9016439914703369,0.8886796832084656,-0.012964308261871338,0,487,46,279,53,467,373,373
544,7404,8595,2,0.8661118149757385,0.893409013748169,0.02729719877243042,1,428,900,893,946,468,504,504
545,7415,3657,1,0.8849499821662903,0.9218388199806213,0.036888837814331055,1,357,185,169,157,384,255,255
546,7432,12964,4,0.8884907960891724,0.9074824452400208,0.01899164915084839,1,549,970,379,931,533,512,512
547,7451,7327,2,0.8683647513389587,0.9239343404769897,0.055569589138031006,1,243,508,199,431,249,163,163
548,7470,17252,6,0.9058700203895569,0.823714017868042,-0.08215600252151489,0,501,169,889,220,496,555,555
549,7475,516,2,0.8698636889457703,0.9126479625701904,0.042784273624420166,1,505,985,670,991,488,487,487
550,7515,10992,2,0.88848876953125,0.8981682658195496,0.00967949628829956,1,388,987,1210,1074,386,548,548
551,7554,15545,3,0.8869316577911377,0.9058802723884583,0.018948614597320557,1,253,483,1099,592,245,296,296
552,7596,11813,2,0.8492268323898315,0.8720574975013733,0.022830665111541748,1,1149,229,10,124,1128,884,884
553,7613,11633,3,0.860493540763855,0.8712769746780396,0.01078343391418457,1,571,1180,1317,1254,557,778,778
554,7620,5795,3,0.9348661303520203,0.8334583044052124,-0.10140782594680786,0,3,1,1162,1,3,3,3
555,7640,18226,3,0.9447386264801025,0.9041793942451477,-0.040559232234954834,0,30,272,1272,435,30,40,40
556,7641,2843,2,0.8121940493583679,0.8597235083580017,0.04752945899963379,1,1095,1281,1121,1287,1087,1183,1183
557,7695,678,2,0.9606516361236572,0.8851248621940613,-0.07552677392959595,0,22,11,1124,13,22,24,24
558,7706,5171,3,0.9053492546081543,0.904599130153656,-0.000750124454498291,0,291,170,410,168,285,218,218
559,7728,18200,2,0.8740881085395813,0.8786526918411255,0.0045645833015441895,1,506,857,854,872,524,570,570
560,7734,14318,1,0.8142846822738647,0.8897832036018372,0.07549852132797241,1,304,1031,614,1003,282,260,260
561,7756,17947,4,0.9147569537162781,0.9058855175971985,-0.00887143611907959,0,391,572,377,523,370,300,300
562,7759,18150,7,0.9351016283035278,0.874575674533844,-0.06052595376968384,0,224,272,701,307,205,185,185
563,7770,18292,2,0.905766487121582,0.9230172038078308,0.01725071668624878,1,224,1000,1085,1033,215,314,314
564,7777,3020,2,0.8462004661560059,0.9082415103912354,0.06204104423522949,1,760,1247,569,1213,715,693,693
565,7784,18004,1,0.8386569023132324,0.8546362519264221,0.015979349613189697,1,749,555,1273,735,805,1001,1001
566,7790,11979,4,0.9247086644172668,0.9112659692764282,-0.013442695140838623,0,457,428,198,344,449,350,350
567,7805,6483,3,0.9032664895057678,0.8985316157341003,-0.0047348737716674805,0,944,360,400,351,919,879,879
568,7809,15679,2,0.9013009667396545,0.9145378470420837,0.0132368803024292,1,128,484,503,478,135,109,109
569,7813,16298,4,0.8946027755737305,0.8697310090065002,-0.024871766567230225,0,87,406,698,432,89,83,83
570,7817,3349,3,0.8737369775772095,0.8662900924682617,-0.007446885108947754,0,182,1090,1294,1163,182,298,298
571,7862,8699,9,0.9488192200660706,0.8599043488502502,-0.08891487121582031,0,22,151,666,170,24,20,20
572,7874,8443,1,0.8602379560470581,0.9332253932952881,0.07298743724822998,1,269,585,318,529,266,195,195
573,7890,11573,7,0.943612277507782,0.8760858774185181,-0.06752640008926392,0,120,316,1226,437,112,149,149
574,7891,18174,1,0.8336011171340942,0.9104505181312561,0.07684940099716187,1,980,1256,881,1244,983,1044,1044
575,7903,12339,6,0.8725060820579529,0.8363993763923645,-0.03610670566558838,0,1034,541,231,474,1104,1016,1016
576,7917,6550,4,0.8858228325843811,0.8494799137115479,-0.03634291887283325,0,900,252,748,296,874,905,905
577,7927,18275,1,0.8948306441307068,0.9309425354003906,0.03611189126968384,1,347,490,328,433,352,276,276
578,7950,18226,1,0.8374385833740234,0.9118743538856506,0.0744357705116272,1,9,1105,1302,1184,7,23,23
579,7975,4085,2,0.8447346687316895,0.9070532321929932,0.06231856346130371,1,463,1269,938,1265,444,483,483
580,7982,554,3,0.9011383056640625,0.9003121256828308,-0.0008261799812316895,0,1046,54,156,35,1084,954,954
581,7988,11010,2,0.8843255639076233,0.9127905368804932,0.028464972972869873,1,897,1071,749,1045,861,886,886
582,8004,18219,2,0.9308024644851685,0.9290105700492859,-0.0017918944358825684,0,16,286,1051,372,17,19,19
583,8016,9914,5,0.9231125116348267,0.8899437189102173,-0.033168792724609375,0,702,426,414,407,673,653,653
584,8022,11781,2,0.8952468037605286,0.8875046968460083,-0.007742106914520264,0,622,79,219,82,577,503,503
585,8043,16666,2,0.8555771708488464,0.8898965716362,0.034319400787353516,1,984,823,550,785,947,915,915
586,8045,16091,2,0.8569047451019287,0.8741850256919861,0.017280280590057373,1,384,871,1286,984,362,525,525
587,8059,3304,3,0.90260910987854,0.9121806025505066,0.009571492671966553,1,457,588,578,603,440,405,405
588,8063,18200,3,0.8300844430923462,0.8745570778846741,0.04447263479232788,1,827,1260,905,1242,817,881,881
589,8080,18295,2,0.9220377802848816,0.9230725765228271,0.0010347962379455566,1,201,583,986,664,186,206,206
590,8088,18352,2,0.9024648070335388,0.9043442606925964,0.0018794536590576172,1,298,247,748,280,273,275,275
591,8115,5188,2,0.8820548057556152,0.8954834342002869,0.01342862844467163,1,142,405,591,422,151,140,140
592,8122,12038,2,0.873830258846283,0.908791720867157,0.03496146202087402,1,187,1130,1279,1226,180,247,247
593,8131,6608,10,0.8718894124031067,0.7854294776916504,-0.0864599347114563,0,338,1185,299,1121,340,263,263
594,8159,8177,4,0.9561262130737305,0.8807708024978638,-0.0753554105758667,0,43,5,978,5,41,45,45
595,8168,17425,4,0.95417320728302,0.8831742405891418,-0.07099896669387817,0,116,42,919,41,108,109,109
596,8197,17839,2,0.8991616368293762,0.9090773463249207,0.009915709495544434,1,733,388,216,298,659,546,546
597,8200,569,2,0.9253969788551331,0.8922750353813171,-0.03312194347381592,0,15,20,537,18,18,12,12
598,8234,9500,3,0.8862457871437073,0.8526832461357117,-0.033562541007995605,0,175,638,1338,923,178,347,347
599,8246,16714,2,0.8768389821052551,0.9002808332443237,0.023441851139068604,1,448,1120,1068,1150,431,518,518
600,8250,9993,2,0.8844819068908691,0.9140699505805969,0.029588043689727783,1,620,1221,1011,1232,567,653,653
601,8255,7440,6,0.9345381855964661,0.8643882274627686,-0.07014995813369751,0,251,139,617,172,231,232,232
602,8278,8355,3,0.8749511241912842,0.8946921229362488,0.0197409987449646,1,1271,805,625,792,1259,1248,1248
603,8332,4780,4,0.8725837469100952,0.851760745048523,-0.020823001861572266,0,554,646,536,633,586,571,571
604,8349,14967,2,0.8701498508453369,0.8970509767532349,0.02690112590789795,1,304,265,272,221,311,244,244
605,8374,2616,2,0.8247590661048889,0.8584494590759277,0.03369039297103882,1,1082,862,447,801,1053,1021,1021
606,8432,13899,3,0.901507556438446,0.8980016112327576,-0.0035059452056884766,0,388,1201,1287,1257,381,482,482
607,8443,1939,3,0.9101985096931458,0.8995645642280579,-0.01063394546508789,0,1109,1165,1315,1229,1079,1253,1253
608,8490,738,4,0.9307742714881897,0.896203875541687,-0.034570395946502686,0,506,269,605,301,474,467,467
609,8506,18307,4,0.8315900564193726,0.8644940853118896,0.03290402889251709,1,1243,1103,147,965,1257,1212,1212
610,8507,8535,1,0.925419807434082,0.8938342928886414,-0.031585514545440674,0,73,17,617,13,78,60,60
611,8513,17805,2,0.877592921257019,0.9052445292472839,0.027651607990264893,1,1011,633,76,483,995,820,820
612,8522,4879,3,0.9020570516586304,0.9062561392784119,0.004199087619781494,1,602,335,272,309,643,556,556
613,8529,3422,2,0.8760162591934204,0.8783175349235535,0.0023012757301330566,1,604,25,39,17,665,418,418
614,8534,3141,3,0.910455048084259,0.9092624187469482,-0.001192629337310791,0,1030,222,130,178,1009,811,811
615,8543,18287,4,0.7872663736343384,0.8032501935958862,0.01598381996154785,1,92,1334,932,1324,88,111,111
616,8545,18088,2,0.8699934482574463,0.9080603718757629,0.03806692361831665,1,936,566,26,414,965,748,748
617,8558,17323,5,0.8648870587348938,0.894890308380127,0.030003249645233154,1,1010,1024,13,713,1002,764,764
618,8572,10688,3,0.8595088124275208,0.8758424520492554,0.01633363962173462,1,141,1331,1262,1331,143,227,227
619,8597,601,2,0.8078887462615967,0.8654720783233643,0.05758333206176758,1,275,1178,933,1181,283,308,308
620,8615,10219,2,0.7136434316635132,0.7885861992835999,0.07494276762008667,1,954,1339,1334,1342,966,1175,1175
621,8639,17275,3,0.8934032917022705,0.8864427208900452,-0.006960570812225342,0,291,531,703,576,292,268,268
622,8640,3681,3,0.9264532327651978,0.8914514183998108,-0.03500181436538696,0,28,2,64,1,29,15,15
623,8658,18199,2,0.8595361113548279,0.9081823229789734,0.04864621162414551,1,323,1022,1017,1068,315,388,388
624,8662,17824,10,0.9012675285339355,0.803776741027832,-0.09749078750610352,0,1182,1051,456,1002,1153,1123,1123
625,8665,2056,2,0.8722169995307922,0.8977272510528564,0.02551025152206421,1,463,177,15,124,454,237,237
626,8714,17962,2,0.8540573120117188,0.8987142443656921,0.04465693235397339,1,818,495,703,524,826,819,819
627,8716,6488,4,0.9327969551086426,0.8973115682601929,-0.03548538684844971,0,7,593,1073,696,5,7,7
628,8719,1100,2,0.8597891330718994,0.8468387126922607,-0.012950420379638672,0,57,319,951,392,57,77,77
629,8723,2887,3,0.9151321649551392,0.9004629254341125,-0.014669239521026611,0,521,121,179,111,506,381,381
630,8730,1773,2,0.9432471990585327,0.8887483477592468,-0.05449885129928589,0,7,7,649,8,7,7,7
631,8735,18168,2,0.8722358345985413,0.8673177361488342,-0.004918098449707031,0,489,313,836,370,453,476,476
632,8738,12462,2,0.9100520014762878,0.8793513178825378,-0.03070068359375,0,10,29,1070,56,10,10,10
633,8755,11541,2,0.9465310573577881,0.8825420141220093,-0.06398904323577881,0,2,3,747,4,2,2,2
634,8776,14891,2,0.8762300610542297,0.8945136666297913,0.018283605575561523,1,9,318,660,343,9,9,9
635,8787,17943,5,0.8937573432922363,0.8640281558036804,-0.029729187488555908,0,1138,172,105,139,1136,954,954
636,8795,13586,8,0.9413423538208008,0.824569821357727,-0.11677253246307373,0,91,10,980,16,87,99,99
637,8813,15717,3,0.8854606747627258,0.8697627186775208,-0.015697956085205078,0,141,239,397,249,155,119,119
638,8815,4149,2,0.9394597411155701,0.9264859557151794,-0.012973785400390625,0,71,275,702,320,71,74,74
639,8818,18307,4,0.8856931924819946,0.8631253242492676,-0.02256786823272705,0,45,144,170,129,46,29,29
640,8820,18307,4,0.7770711183547974,0.8602614402770996,0.08319032192230225,1,512,648,194,520,521,373,373
641,8829,17453,2,0.8495803475379944,0.8754427433013916,0.025862395763397217,1,650,1181,1092,1202,617,727,727
642,8832,10752,5,0.8491172790527344,0.805520236492157,-0.04359704256057739,0,1299,105,348,102,1302,1306,1306
643,8860,8155,5,0.8578125238418579,0.8421912789344788,-0.01562124490737915,0,1289,291,28,189,1274,1145,1145
644,8866,17530,2,0.866881787776947,0.8934881687164307,0.026606380939483643,1,532,708,1129,812,592,704,704
645,8877,1609,2,0.8161565065383911,0.8493016958236694,0.03314518928527832,1,979,899,693,875,981,989,989
646,8897,8535,2,0.8564797043800354,0.8905619978904724,0.03408229351043701,1,1157,1097,651,1053,1172,1169,1169
647,8931,9118,3,0.9025782346725464,0.9245181679725647,0.02193993330001831,1,254,356,57,246,277,119,119
648,8944,18319,10,0.9288915991783142,0.7483766078948975,-0.18051499128341675,0,993,7,1210,9,1002,1126,1126
649,8964,18030,6,0.8831531405448914,0.8305853605270386,-0.05256778001785278,0,458,176,249,158,459,393,393
650,8969,15570,8,0.8903810977935791,0.83148592710495,-0.05889517068862915,0,1312,534,608,541,1313,1316,1316
651,8974,11060,2,0.8640286326408386,0.8783503174781799,0.014321684837341309,1,281,906,1099,1005,320,392,392
652,8975,18195,4,0.8994222283363342,0.8501964807510376,-0.04922574758529663,0,159,47,746,67,155,157,157
653,8976,18324,3,0.8770506978034973,0.9029988050460815,0.02594810724258423,1,258,842,800,856,254,262,262
654,9000,18325,2,0.8845869302749634,0.8575292825698853,-0.027057647705078125,0,74,322,1264,451,70,96,96
655,9003,14652,4,0.9304085373878479,0.8754512071609497,-0.05495733022689819,0,128,257,1108,355,128,160,160
656,9014,1934,3,0.9644538164138794,0.8989015817642212,-0.0655522346496582,0,82,70,1243,74,83,86,86
657,9019,18068,1,0.8471465706825256,0.9044048190116882,0.0572582483291626,1,301,478,822,530,352,371,371
658,9027,7168,2,0.8462955355644226,0.8900628089904785,0.04376727342605591,1,732,1204,674,1161,715,693,693
659,9044,17825,3,0.866696298122406,0.9142072200775146,0.04751092195510864,1,1208,994,107,871,1205,1092,1092
660,9045,1929,2,0.8296890258789062,0.887736439704895,0.05804741382598877,1,1177,1136,304,1052,1197,1165,1165
661,9100,2998,9,0.9187950491905212,0.830275297164917,-0.08851975202560425,0,48,903,1250,1011,46,62,62
662,9122,18319,5,0.8811938166618347,0.871679961681366,-0.00951385498046875,0,1294,753,377,694,1298,1285,1285
663,9126,15258,10,0.8955331444740295,0.7758799195289612,-0.11965322494506836,0,670,61,278,51,710,638,638
664,9131,15755,1,0.8592936396598816,0.8904238343238831,0.031130194664001465,1,44,185,228,166,40,32,32
665,9185,5318,4,0.9418322443962097,0.8886018395423889,-0.0532304048538208,0,15,15,386,23,15,12,12
666,9204,653,5,0.9001838564872742,0.8518958687782288,-0.04828798770904541,0,267,521,958,586,262,291,291
667,9207,653,3,0.8612762093544006,0.8940703868865967,0.032794177532196045,1,675,1137,513,1120,656,623,623
668,9229,18145,2,0.8888453245162964,0.9073843359947205,0.018539011478424072,1,139,657,786,669,145,146,146
669,9263,661,5,0.893490731716156,0.8704745769500732,-0.023016154766082764,0,694,402,302,363,739,663,663
670,9280,14827,2,0.873581051826477,0.8677861094474792,-0.005794942378997803,0,306,65,733,96,300,304,304
671,9307,665,3,0.9214617609977722,0.8913165330886841,-0.030145227909088135,0,59,65,541,87,53,49,49
672,9359,17513,4,0.9293100833892822,0.9224351644515991,-0.0068749189376831055,0,337,836,359,761,330,279,279
673,9365,10110,1,0.8795010447502136,0.8917911052703857,0.01229006052017212,1,157,110,787,136,147,156,156
674,9372,719,6,0.9073492884635925,0.8319594264030457,-0.07538986206054688,0,96,226,899,292,107,110,110
675,9381,7089,2,0.9031765460968018,0.9185344576835632,0.015357911586761475,1,206,560,698,585,187,180,180
676,9403,14592,10,0.9208728075027466,0.7806814908981323,-0.14019131660461426,0,6,177,670,202,6,6,6
677,9416,13514,3,0.8263269066810608,0.8646616339683533,0.03833472728729248,1,959,427,67,311,937,746,746
678,9433,1402,3,0.9166465997695923,0.8770267963409424,-0.0396198034286499,0,13,28,1089,44,12,15,15
679,9519,13795,4,0.9010464549064636,0.8943827152252197,-0.0066637396812438965,0,740,385,108,304,713,532,532
680,9530,9635,3,0.9197903871536255,0.9152684807777405,-0.00452190637588501,0,27,332,433,336,22,21,21
681,9544,13210,6,0.9594084024429321,0.8776534199714661,-0.08175498247146606,0,3,28,324,37,3,3,3
682,9591,15250,2,0.8776128888130188,0.8972454071044922,0.01963251829147339,1,716,372,860,425,731,765,765
683,9599,10930,4,0.8817512392997742,0.8634093403816223,-0.018341898918151855,0,1058,848,800,841,1042,1084,1084
684,9616,689,2,0.9005752205848694,0.8987194299697876,-0.0018557906150817871,0,355,200,530,179,386,347,347
685,9624,1578,2,0.838895857334137,0.8784530162811279,0.03955715894699097,1,791,758,339,702,777,714,714
686,9646,11397,2,0.7849336266517639,0.8531402349472046,0.06820660829544067,1,605,1081,316,959,580,485,485
687,9724,7551,3,0.9048929810523987,0.9086060523986816,0.003713071346282959,1,717,369,163,306,706,608,608
688,9728,4901,6,0.8709908723831177,0.8741578459739685,0.00316697359085083,1,1019,315,23,191,962,603,603
689,9735,3118,8,0.8662298917770386,0.8421050310134888,-0.024124860763549805,0,749,919,487,899,745,737,737
690,9751,12340,3,0.8457186818122864,0.8759860396385193,0.03026735782623291,1,1323,1152,337,1077,1326,1324,1324
691,9776,18112,2,0.862534761428833,0.9003307223320007,0.037795960903167725,1,1205,374,89,282,1209,1094,1094
692,9777,14986,3,0.845798909664154,0.866227924823761,0.020429015159606934,1,644,385,633,399,656,633,633
693,9797,2363,2,0.9615946412086487,0.7473943829536438,-0.21420025825500488,0,3,1,1343,1,3,3,3
694,9799,18287,6,0.8715882897377014,0.7484152317047119,-0.1231730580329895,0,13,14,1320,14,13,14,14
695,9811,3389,4,0.8861021995544434,0.860464870929718,-0.025637328624725342,0,976,578,938,650,982,1043,1043
696,9817,708,2,0.8610203266143799,0.8774257898330688,0.016405463218688965,1,1201,232,292,217,1225,1168,1168
697,9825,12446,2,0.9281980395317078,0.9311332106590271,0.002935171127319336,1,14,344,862,406,13,15,15
698,9886,15403,3,0.8858287930488586,0.8973700404167175,0.011541247367858887,1,931,1127,1175,1176,872,1042,1042
699,9888,18137,5,0.8864619135856628,0.8699117302894592,-0.016550183296203613,0,994,623,235,535,978,855,855
700,9896,14617,5,0.8805452585220337,0.8795549273490906,-0.0009903311729431152,0,885,1082,537,1037,892,870,870
701,9903,12570,4,0.8565056324005127,0.8798120617866516,0.023306429386138916,1,678,1273,1219,1293,632,786,786
702,9941,15854,2,0.935798168182373,0.8807279467582703,-0.05507022142410278,0,18,32,1297,54,18,25,25
703,9945,6750,1,0.9301967024803162,0.9021317362785339,-0.028064966201782227,0,5,14,926,13,5,4,4
704,9947,1354,2,0.9152739644050598,0.9131419658660889,-0.0021319985389709473,0,450,264,505,275,446,396,396
705,9951,8921,9,0.9438084959983826,0.8817620873451233,-0.06204640865325928,0,356,157,128,117,317,207,207
706,9970,727,4,0.8969358205795288,0.8256085515022278,-0.07132726907730103,0,28,126,1325,237,28,51,51
707,9974,16789,2,0.8491616249084473,0.8445202112197876,-0.004641413688659668,0,277,395,1231,537,276,383,383
708,9994,12429,1,0.7097692489624023,0.9065567255020142,0.19678747653961182,1,843,984,204,847,760,629,629
709,10011,2853,3,0.9417895078659058,0.7546906471252441,-0.18709886074066162,0,1,2,1343,2,1,1,1
710,10014,17437,2,0.8675686120986938,0.8848509788513184,0.01728236675262451,1,1070,236,358,207,1091,1061,1061
711,10033,12690,3,0.9219285249710083,0.9227742552757263,0.0008457303047180176,1,353,728,734,726,338,323,323
712,10123,738,4,0.8951085805892944,0.8963260054588318,0.0012174248695373535,1,581,682,607,670,564,563,563
713,10125,17388,4,0.936808168888092,0.886016309261322,-0.05079185962677002,0,16,137,1244,219,17,19,19
714,10146,18258,7,0.9360145926475525,0.8369947671890259,-0.09901982545852661,0,7,5,1103,12,6,9,9
715,10154,8999,2,0.9358586072921753,0.9172869920730591,-0.01857161521911621,0,46,146,1095,182,42,37,37
716,10156,743,2,0.8909108638763428,0.9065459370613098,0.01563507318496704,1,761,889,725,856,738,750,750
717,10207,18272,2,0.9216845035552979,0.9083612561225891,-0.01332324743270874,0,27,92,581,111,21,26,26
718,10242,18200,3,0.9039292335510254,0.872890055179596,-0.031039178371429443,0,115,169,967,204,120,115,115
719,10274,14687,3,0.8884637355804443,0.8781534433364868,-0.01031029224395752,0,130,382,465,386,142,108,108
720,10281,11385,2,0.7976468801498413,0.9043426513671875,0.10669577121734619,1,1269,1079,45,912,1270,1174,1174
721,10323,4874,2,0.868904709815979,0.8927689790725708,0.023864269256591797,1,431,240,117,178,442,278,278
722,10349,14706,2,0.9558620452880859,0.8814996480941772,-0.07436239719390869,0,7,7,260,6,7,6,6
723,10350,762,2,0.8885294795036316,0.8877318501472473,-0.0007976293563842773,0,806,520,842,568,816,900,900
724,10362,763,3,0.9227622747421265,0.9175127744674683,-0.005249500274658203,0,82,43,262,37,76,58,58
725,10372,6353,2,0.8699836730957031,0.8941531777381897,0.024169504642486572,1,1017,697,565,677,1040,1026,1026
726,10374,5750,3,0.9155426025390625,0.8668218851089478,-0.048720717430114746,0,51,96,1235,182,47,62,62
727,10384,17891,1,0.8321846723556519,0.9088854789733887,0.07670080661773682,1,89,374,1052,471,89,116,116
728,10386,18320,10,0.8892895579338074,0.7548468708992004,-0.13444268703460693,0,940,304,962,363,990,1055,1055
729,10387,18320,3,0.8793472647666931,0.8948743343353271,0.015527069568634033,1,1124,66,148,53,1158,1015,1015
730,10388,18316,4,0.807155966758728,0.7618074417114258,-0.045348525047302246,0,8,53,1098,82,9,11,11
731,10414,8991,4,0.8631573915481567,0.8408843278884888,-0.02227306365966797,0,1252,1143,1181,1172,1240,1296,1296
732,10418,1227,3,0.8437315225601196,0.8889488577842712,0.04521733522415161,1,1090,1142,1135,1173,1095,1196,1196
733,10421,16178,3,0.8781098127365112,0.9010454416275024,0.02293562889099121,1,1255,532,65,396,1254,1148,1148
734,10447,7919,2,0.8970581889152527,0.9159888029098511,0.01893061399459839,1,300,1008,1074,1069,314,393,393
735,10464,10788,2,0.8992537260055542,0.8930389881134033,-0.006214737892150879,0,112,438,1241,616,128,194,194
736,10480,17883,2,0.8735648989677429,0.8731154799461365,-0.0004494190216064453,0,1078,88,156,81,1120,1004,1004
737,10486,12577,3,0.8225878477096558,0.8998364210128784,0.07724857330322266,1,402,728,366,663,451,390,390
738,10491,17068,2,0.921869158744812,0.9249807000160217,0.003111541271209717,1,986,66,118,52,950,773,773
739,10505,16803,3,0.9259926080703735,0.8878365159034729,-0.038156092166900635,0,43,237,1231,358,43,61,61
740,10516,14467,3,0.8769540190696716,0.8941463232040405,0.017192304134368896,1,587,298,150,243,685,557,557
741,10522,14568,2,0.8714240193367004,0.904796838760376,0.03337281942367554,1,484,1008,510,949,506,455,455
742,10530,1245,2,0.8840751051902771,0.8966811299324036,0.012606024742126465,1,728,295,120,240,792,582,582
743,10570,9186,3,0.8776189088821411,0.9039249420166016,0.02630603313446045,1,21,177,173,165,29,18,18
744,10572,9621,2,0.8489212989807129,0.8802853226661682,0.03136402368545532,1,531,880,907,890,462,506,506
745,10589,4698,2,0.867751955986023,0.8732820153236389,0.005530059337615967,1,153,178,237,143,169,126,126
746,10604,3204,2,0.8548673987388611,0.8941934704780579,0.03932607173919678,1,360,482,214,422,339,251,251
747,10605,17566,2,0.8531801700592041,0.8634952902793884,0.010315120220184326,1,238,1087,1238,1143,239,343,343
748,10624,18216,3,0.9348806738853455,0.8843472003936768,-0.0505334734916687,0,24,16,775,19,24,17,17
749,10640,3178,5,0.8378496766090393,0.8496889472007751,0.01183927059173584,1,36,45,211,38,49,36,36
750,10647,3114,5,0.8883954882621765,0.8686314225196838,-0.019764065742492676,0,690,641,321,571,655,574,574
751,10651,7381,1,0.8539350628852844,0.9035714268684387,0.0496363639831543,1,110,369,1010,468,109,122,122
752,10654,8143,3,0.9396201968193054,0.9340479969978333,-0.005572199821472168,0,43,19,18,8,39,20,20
753,10656,8657,3,0.8963056802749634,0.9214830994606018,0.025177419185638428,1,513,369,525,378,496,461,461
754,10659,18278,4,0.9103742837905884,0.8969003558158875,-0.013473927974700928,0,119,189,154,156,117,83,83
755,10664,2061,3,0.9016976356506348,0.9151087403297424,0.013411104679107666,1,705,518,343,488,689,600,600
756,10666,14393,5,0.8668363094329834,0.8537099957466125,-0.01312631368637085,0,79,709,1073,821,88,108,108
757,10669,4294,2,0.8780511617660522,0.9026464819908142,0.024595320224761963,1,1228,1121,700,1081,1225,1230,1230
758,10682,16043,4,0.9023086428642273,0.8975524306297302,-0.00475621223449707,0,248,278,219,248,270,197,197
759,10709,13451,2,0.8619456887245178,0.9115586876869202,0.049612998962402344,1,665,1179,874,1173,638,681,681
760,10740,3485,2,0.8785620927810669,0.8789625763893127,0.0004004836082458496,1,184,507,1236,650,222,312,312
761,10744,5106,3,0.90802001953125,0.8889772295951843,-0.019042789936065674,0,630,613,938,665,663,723,723
762,10766,926,2,0.8561339378356934,0.9213141202926636,0.06518018245697021,1,145,656,247,569,154,106,106
763,10808,5027,2,0.9121595025062561,0.8896993398666382,-0.02246016263961792,0,457,7,73,7,432,276,276
764,10823,804,3,0.909060001373291,0.887104868888855,-0.021955132484436035,0,16,93,1070,152,15,21,21
765,10838,11213,2,0.9007387161254883,0.9111781716346741,0.010439455509185791,1,683,1008,1019,1048,662,745,745
766,10843,7375,3,0.8498475551605225,0.8812069892883301,0.03135943412780762,1,259,942,1039,1024,295,342,342
767,10854,3076,6,0.8543439507484436,0.8034555912017822,-0.05088835954666138,0,1270,1233,1224,1258,1256,1301,1301
768,10861,13527,2,0.8136406540870667,0.8240372538566589,0.010396599769592285,1,982,973,1106,1028,960,1074,1074
769,10864,17085,6,0.9025121927261353,0.8370818495750427,-0.06543034315109253,0,118,305,550,323,119,100,100
770,10880,18307,2,0.8362696170806885,0.8743808269500732,0.038111209869384766,1,311,462,248,413,327,250,250
771,10881,18307,8,0.8922796249389648,0.8221651911735535,-0.07011443376541138,0,89,34,461,32,97,84,84
772,10883,18244,4,0.9126726388931274,0.8956701159477234,-0.017002522945404053,0,26,80,122,60,28,22,22
773,10884,18307,2,0.8630335927009583,0.8743215203285217,0.011287927627563477,1,430,258,250,240,407,329,329
774,10887,18227,2,0.872864842414856,0.8867601156234741,0.013895273208618164,1,562,738,615,725,564,556,556
775,10888,18133,3,0.9223718047142029,0.8986530303955078,-0.02371877431869507,0,165,236,915,289,161,174,174
776,10891,10047,7,0.9241645932197571,0.8682305216789246,-0.05593407154083252,0,152,160,375,158,159,139,139
777,10893,8955,10,0.911312997341156,0.81185382604599,-0.09945917129516602,0,251,48,39,33,219,139,139
778,10900,15948,2,0.870795726776123,0.8839600682258606,0.013164341449737549,1,260,388,452,396,267,230,230
779,10907,18307,4,0.8790368437767029,0.8628837466239929,-0.01615309715270996,0,396,176,169,149,417,302,302
780,10910,16674,4,0.9028157591819763,0.8583664298057556,-0.0444493293762207,0,74,340,886,406,71,75,75
781,10928,18258,5,0.8987751007080078,0.8495573401451111,-0.04921776056289673,0,58,72,931,112,57,71,71
782,10934,14851,2,0.8838862180709839,0.887173593044281,0.003287374973297119,1,508,487,671,497,502,499,499
783,10935,17435,2,0.8963033556938171,0.9235095977783203,0.027206242084503174,1,428,1180,798,1182,422,438,438
784,10944,2508,2,0.8369594812393188,0.8622846603393555,0.02532517910003662,1,290,799,566,761,348,312,312
785,10993,17917,6,0.8787878155708313,0.8315009474754333,-0.04728686809539795,0,560,240,313,230,525,437,437
786,10994,17007,2,0.8744159936904907,0.8939459919929504,0.019529998302459717,1,268,639,918,687,273,314,314
787,10995,17437,2,0.9196364283561707,0.884586751461029,-0.0350496768951416,0,45,24,360,16,50,34,34
788,11022,18287,6,0.8361018896102905,0.7505300045013428,-0.08557188510894775,0,88,272,1316,429,80,139,139
789,11031,1784,2,0.9168831706047058,0.8946776390075684,-0.02220553159713745,0,644,67,518,84,682,631,631
790,11064,15569,3,0.8879484534263611,0.8660925626754761,-0.02185589075088501,0,227,158,730,205,229,227,227
791,11089,4826,2,0.882318377494812,0.9077925682067871,0.025474190711975098,1,28,699,740,714,31,29,29
792,11092,11276,3,0.8743982315063477,0.9015029668807983,0.027104735374450684,1,992,1189,854,1164,957,991,991
793,11128,12387,1,0.8476207256317139,0.8922792077064514,0.04465848207473755,1,674,645,1029,729,650,746,746
794,11138,16359,1,0.9031724333763123,0.9195764660835266,0.016404032707214355,1,766,168,325,173,686,589,589
795,11142,17086,5,0.8802466988563538,0.8328155279159546,-0.04743117094039917,0,541,516,1098,624,511,658,658
796,11149,5370,1,0.7641259431838989,0.9105117321014404,0.1463857889175415,1,1096,1260,328,1191,1057,1018,1018
797,11158,839,2,0.8749253749847412,0.8600975871086121,-0.01482778787612915,0,242,222,1159,317,214,280,280
798,11162,2434,2,0.9407936334609985,0.8731350302696228,-0.06765860319137573,0,6,9,446,9,6,5,5
799,11177,3216,1,0.9269474148750305,0.8871762752532959,-0.03977113962173462,0,112,5,896,7,108,98,98
800,11186,845,2,0.8263834714889526,0.8721046447753906,0.04572117328643799,1,551,487,762,509,478,486,486
801,11199,12613,4,0.8707451224327087,0.8528534770011902,-0.017891645431518555,0,455,942,1273,1074,458,624,624
802,11232,18318,2,0.8365738391876221,0.8870126008987427,0.050438761711120605,1,1091,1255,893,1236,1103,1162,1162
803,11268,17280,1,0.7978500127792358,0.898664116859436,0.1008141040802002,1,534,1071,901,1085,547,597,597
804,11274,16665,3,0.9300742745399475,0.9059227705001831,-0.024151504039764404,0,115,394,1078,500,109,129,129
805,11306,4799,3,0.866375207901001,0.8567013740539551,-0.009673833847045898,0,572,917,1208,1003,520,662,662
806,11331,2083,6,0.8910092711448669,0.8677597641944885,-0.023249506950378418,0,606,835,624,837,574,561,561
807,11335,10668,3,0.9324513673782349,0.9010422825813293,-0.03140908479690552,0,18,24,175,25,21,13,13
808,11338,6388,2,0.8406522274017334,0.8970346450805664,0.05638241767883301,1,706,801,26,576,693,447,447
809,11343,3969,8,0.8418200016021729,0.7904037833213806,-0.051416218280792236,0,643,996,1243,1073,684,856,856
810,11361,5006,3,0.9345502257347107,0.8970509171485901,-0.037499308586120605,0,44,33,687,43,42,41,41
811,11404,18318,2,0.9023205041885376,0.8866190314292908,-0.015701472759246826,0,73,231,904,288,80,94,94
812,11452,15117,5,0.879651665687561,0.8574893474578857,-0.022162318229675293,0,426,732,452,689,408,362,362
813,11483,10718,2,0.904015839099884,0.909272313117981,0.005256474018096924,1,61,213,457,219,60,43,43
814,11484,3287,3,0.9335463643074036,0.9194773435592651,-0.014069020748138428,0,76,155,462,153,76,43,43
815,11498,5026,3,0.8716819882392883,0.882366418838501,0.010684430599212646,1,256,210,954,264,227,264,264
816,11512,13876,2,0.9161608815193176,0.928348183631897,0.012187302112579346,1,333,435,412,418,323,284,284
817,11528,2289,2,0.8106059432029724,0.8164200186729431,0.005814075469970703,1,639,374,1092,491,572,686,686
818,11576,8125,4,0.8963233232498169,0.8771334886550903,-0.019189834594726562,0,84,274,213,245,76,55,55
819,11598,18334,4,0.8878805637359619,0.8874520063400269,-0.0004285573959350586,0,499,991,230,889,541,436,436
820,11603,1939,6,0.9379125237464905,0.8686510324478149,-0.06926149129867554,0,118,466,1013,566,114,117,117
821,11629,17954,10,0.9570504426956177,0.8323082327842712,-0.12474220991134644,0,48,506,487,486,47,37,37
822,11632,16103,4,0.9082671403884888,0.8688803911209106,-0.039386749267578125,0,77,2,55,2,104,23,23
823,11646,17943,6,0.8694882988929749,0.8364772796630859,-0.033011019229888916,0,1008,695,306,653,1031,945,945
824,11656,18064,6,0.8930895328521729,0.8490543365478516,-0.04403519630432129,0,827,664,538,643,779,761,761
825,11681,18326,7,0.8251616358757019,0.8156936764717102,-0.0094679594039917,0,1172,1311,853,1295,1150,1188,1188
826,11704,889,2,0.846923291683197,0.8702409863471985,0.023317694664001465,1,897,416,967,490,826,927,927
827,11722,18307,2,0.8205400109291077,0.8749833703041077,0.054443359375,1,800,478,231,413,749,627,627
828,11757,3718,5,0.953198254108429,0.8966978788375854,-0.056500375270843506,0,7,30,251,30,8,2,2
829,11763,8267,1,0.8074743151664734,0.9022338390350342,0.09475952386856079,1,74,680,704,699,84,89,89
830,11814,9853,2,0.8561550974845886,0.8727913498878479,0.016636252403259277,1,698,390,343,357,661,579,579
831,11818,14423,3,0.8955861926078796,0.9177224040031433,0.022136211395263672,1,1034,405,172,332,977,833,833
832,11848,10233,4,0.9287697076797485,0.8675781488418579,-0.061191558837890625,0,41,82,1058,136,41,52,52
833,11863,12901,3,0.8536779284477234,0.8390393853187561,-0.014638543128967285,0,681,516,869,563,688,764,764
834,11874,918,2,0.8502782583236694,0.8740617036819458,0.023783445358276367,1,1052,1233,1310,1276,1039,1215,1215
835,11927,18298,4,0.9120713472366333,0.8835721611976624,-0.028499186038970947,0,61,203,781,224,58,55,55
836,11931,1007,3,0.8381819725036621,0.8508498072624207,0.012667834758758545,1,1254,683,531,673,1265,1269,1269
837,11932,927,2,0.8828300833702087,0.9067440032958984,0.023913919925689697,1,556,697,393,648,595,539,539
838,11944,15354,6,0.8896009922027588,0.8264520168304443,-0.06314897537231445,0,329,1012,1205,1094,326,462,462
839,11953,14850,4,0.9009186029434204,0.9191968441009521,0.01827824115753174,1,167,826,319,758,158,121,121
840,11956,17407,7,0.9485103487968445,0.8570877909660339,-0.09142255783081055,0,104,5,917,10,99,100,100
841,12035,3181,2,0.8887799382209778,0.8854848146438599,-0.00329512357711792,0,1059,674,960,731,1075,1156,1156
842,12045,16332,7,0.8760222792625427,0.8476366400718689,-0.028385639190673828,0,1017,489,215,436,1013,938,938
843,12075,18268,3,0.8862279653549194,0.8936890959739685,0.007461130619049072,1,850,417,333,398,879,787,787
844,12091,10468,2,0.8738565444946289,0.8786207437515259,0.004764199256896973,1,1144,554,956,619,1155,1220,1220
845,12099,11941,2,0.9268235564231873,0.9067646861076355,-0.020058870315551758,0,26,63,435,81,36,14,14
846,12125,18273,2,0.8305363059043884,0.902654767036438,0.07211846113204956,1,126,837,822,849,125,123,123
847,12129,16914,2,0.8017572164535522,0.8343016505241394,0.03254443407058716,1,79,642,1252,814,88,130,130
848,12137,17943,3,0.845561683177948,0.8814021944999695,0.035840511322021484,1,495,454,195,405,555,443,443
849,12147,6706,5,0.9565086960792542,0.8795393109321594,-0.07696938514709473,0,37,27,211,9,40,16,16
850,12195,12528,2,0.8476482033729553,0.9214362502098083,0.07378804683685303,1,551,1046,422,989,560,488,488
851,12202,18307,2,0.7851346731185913,0.8757737874984741,0.09063911437988281,1,1280,1322,206,1301,1285,1263,1263
852,12224,9118,10,0.9145615696907043,0.8037989735603333,-0.1107625961303711,0,906,337,311,316,881,814,814
853,12226,18236,1,0.85184645652771,0.9006612300872803,0.04881477355957031,1,626,340,89,245,658,482,482
854,12232,1651,2,0.8586593866348267,0.9070223569869995,0.04836297035217285,1,128,901,664,888,129,120,120
855,12265,14751,2,0.8255236744880676,0.8345491886138916,0.009025514125823975,1,840,519,824,552,893,932,932
856,12270,6879,9,0.9263178706169128,0.8418818712234497,-0.08443599939346313,0,136,69,512,70,140,124,124
857,12294,15705,3,0.8767688274383545,0.8770263195037842,0.0002574920654296875,1,39,170,518,190,51,44,44
858,12306,16791,4,0.9148351550102234,0.849353551864624,-0.06548160314559937,0,484,65,1130,117,466,580,580
859,12314,5163,2,0.8770330548286438,0.9151143431663513,0.03808128833770752,1,535,429,170,377,509,359,359
860,12340,16791,4,0.8559242486953735,0.8494630455970764,-0.006461203098297119,0,644,956,1127,1024,666,786,786
861,12342,5119,2,0.8631199598312378,0.902386486530304,0.03926652669906616,1,710,694,411,637,633,580,580
862,12355,1118,3,0.9165173172950745,0.8939430117607117,-0.022574305534362793,0,624,35,114,35,625,460,460
863,12375,13373,3,0.8862035870552063,0.9076833724975586,0.021479785442352295,1,316,528,567,532,319,284,284
864,12409,9866,3,0.9275831580162048,0.9025959968566895,-0.02498716115951538,0,307,51,672,75,296,286,286
865,12410,18307,5,0.8486236929893494,0.8559985160827637,0.007374823093414307,1,869,763,121,624,825,654,654
866,12443,18333,2,0.8382704257965088,0.8729674220085144,0.034696996212005615,1,103,994,1033,1028,122,157,157
867,12451,9405,3,0.8973816633224487,0.895320475101471,-0.002061188220977783,0,510,76,49,57,542,351,351
868,12455,18320,3,0.8901036381721497,0.8947514295578003,0.004647791385650635,1,971,150,155,135,1018,874,874
869,12484,18298,4,0.9598618745803833,0.8832759261131287,-0.07658594846725464,0,3,4,790,6,3,4,4
870,12498,18315,7,0.9434972405433655,0.8989688158035278,-0.044528424739837646,0,19,51,102,43,18,14,14
871,12525,18276,6,0.9193229675292969,0.8689910173416138,-0.050331950187683105,0,827,257,439,265,829,784,784
872,12526,17086,2,0.8394246101379395,0.8648943901062012,0.02546977996826172,1,966,235,1067,304,920,1069,1069
873,12528,18287,3,0.8073909282684326,0.7951322793960571,-0.012258648872375488,0,187,541,1329,749,178,315,315
874,12532,18307,5,0.8532360792160034,0.8563673496246338,0.003131270408630371,1,988,703,119,534,978,780,780
875,12536,18277,2,0.843205988407135,0.9323683381080627,0.08916234970092773,1,850,511,80,388,827,608,608
876,12538,18258,4,0.9245851635932922,0.8864737749099731,-0.03811138868331909,0,22,15,239,13,20,16,16
877,12541,18334,8,0.8945228457450867,0.8574734926223755,-0.03704935312271118,0,448,780,272,711,493,404,404
878,12567,6751,2,0.8558281064033508,0.8720728754997253,0.01624476909637451,1,811,125,14,95,811,576,576
879,12604,13362,4,0.9172533750534058,0.8663848638534546,-0.05086851119995117,0,21,321,1199,445,27,38,38
880,12614,13884,3,0.9263166785240173,0.9041346907615662,-0.022181987762451172,0,298,70,452,69,262,193,193
881,12615,10459,3,0.9183695316314697,0.8927087783813477,-0.02566075325012207,0,336,603,1089,686,334,391,391
882,12616,13654,4,0.9544432163238525,0.8865507245063782,-0.06789249181747437,0,96,126,1331,227,89,178,178
883,12637,7962,1,0.8278804421424866,0.9059740900993347,0.07809364795684814,1,959,1034,766,1007,973,976,976
884,12643,2881,2,0.8535001277923584,0.8890609741210938,0.03556084632873535,1,920,477,32,325,962,719,719
885,12644,13316,3,0.9344146251678467,0.9186739325523376,-0.015740692615509033,0,4,466,1102,582,4,5,5
886,12655,9233,3,0.890346884727478,0.901573896408081,0.011227011680603027,1,107,1275,1228,1280,114,167,167
887,12662,18195,7,0.8607109189033508,0.8254059553146362,-0.0353049635887146,0,55,1005,969,1022,58,78,78
888,12666,13237,2,0.8195723295211792,0.881039559841156,0.06146723031997681,1,488,967,1128,1037,511,661,661
889,12667,15439,1,0.8776084780693054,0.8829711675643921,0.00536268949508667,1,253,70,222,66,247,171,171
890,12670,4768,2,0.9458824992179871,0.854079008102417,-0.09180349111557007,0,9,12,842,14,9,8,8
891,12677,8479,3,0.8651418685913086,0.8916927576065063,0.026550889015197754,1,170,979,614,934,182,179,179
892,12692,14484,2,0.8815873265266418,0.913523256778717,0.031935930252075195,1,1182,629,238,554,1159,1075,1075
893,12733,7560,2,0.8746604919433594,0.8816400170326233,0.006979525089263916,1,216,502,1190,619,219,316,316
894,12749,18216,3,0.8752409219741821,0.8846155405044556,0.009374618530273438,1,485,517,765,544,479,485,485
895,12760,13395,3,0.8461480736732483,0.8486135601997375,0.002465486526489258,1,1002,527,420,505,986,938,938
896,12764,2489,5,0.9495975971221924,0.8927473425865173,-0.05685025453567505,0,1,58,411,60,1,1,1
897,12801,18307,4,0.849559485912323,0.8631882071495056,0.013628721237182617,1,1040,995,169,869,999,854,854
898,12811,16435,2,0.8857864141464233,0.902509331703186,0.016722917556762695,1,406,494,670,507,436,426,426
899,12831,15705,1,0.807854413986206,0.8822439312934875,0.0743895173072815,1,434,930,459,876,420,390,390
900,12840,1088,9,0.8877613544464111,0.8215059638023376,-0.06625539064407349,0,92,1227,1139,1242,99,151,151
901,12853,15758,2,0.9059582948684692,0.9178383946418762,0.011880099773406982,1,33,850,1117,934,33,45,45
902,12866,14860,4,0.8203207850456238,0.832783043384552,0.012462258338928223,1,107,813,543,784,133,120,120
903,12873,17473,2,0.9042012095451355,0.8822581768035889,-0.02194303274154663,0,257,296,1199,433,223,287,287
904,12874,8413,2,0.88152015209198,0.8973133563995361,0.015793204307556152,1,643,653,1259,827,602,770,770
905,12892,4219,2,0.8743097186088562,0.8698561191558838,-0.004453599452972412,0,67,82,519,99,69,62,62
906,12901,4128,2,0.9070955514907837,0.9108418226242065,0.0037462711334228516,1,63,630,762,660,66,66,66
907,12915,9229,6,0.7950535416603088,0.7389834523200989,-0.05607008934020996,0,826,1189,1307,1227,763,982,982
908,12921,4097,3,0.9050397276878357,0.8486237525939941,-0.05641597509384155,0,2,4,510,4,2,1,1
909,12941,3276,3,0.9542478322982788,0.8810450434684753,-0.07320278882980347,0,2,5,77,3,2,2,2
910,12946,14677,2,0.8872571587562561,0.9160112738609314,0.028754115104675293,1,338,847,1240,999,362,528,528
911,12999,16033,2,0.8781444430351257,0.9102213978767395,0.03207695484161377,1,63,364,321,327,64,51,51
912,13002,18252,2,0.8977256417274475,0.879974365234375,-0.01775127649307251,0,412,392,1173,520,379,504,504
913,13033,17880,2,0.9016297459602356,0.901013970375061,-0.0006157755851745605,0,563,181,445,150,616,551,551
914,13112,17025,4,0.8591506481170654,0.8652349710464478,0.006084322929382324,1,556,708,380,648,557,486,486
915,13113,2817,6,0.9333981871604919,0.8772714138031006,-0.05612677335739136,0,150,84,300,80,128,94,94
916,13134,5687,2,0.8826100826263428,0.910532534122467,0.027922451496124268,1,58,294,387,280,59,45,45
917,13145,17303,2,0.9310427308082581,0.9226794838905334,-0.00836324691772461,0,59,97,630,115,57,44,44
918,13176,1081,3,0.8820831179618835,0.9056041240692139,0.023521006107330322,1,879,918,431,872,934,854,854
919,13189,2990,3,0.8470409512519836,0.8625208735466003,0.0154799222946167,1,262,372,1191,517,251,338,338
920,13240,13396,2,0.9534260034561157,0.8891748785972595,-0.0642511248588562,0,1,1,150,1,1,1,1
921,13244,18051,2,0.9079795479774475,0.9185025095939636,0.010522961616516113,1,649,524,678,544,638,631,631
922,13268,16106,2,0.8799697756767273,0.865471363067627,-0.014498412609100342,0,107,148,859,184,110,115,115
923,13303,11651,3,0.8845210075378418,0.8936471939086914,0.00912618637084961,1,166,839,1021,912,167,201,201
924,13304,17020,2,0.832617461681366,0.8439031839370728,0.011285722255706787,1,986,1309,1333,1317,988,1217,1217
925,13317,9299,2,0.8748124837875366,0.8953152298927307,0.020502746105194092,1,445,400,144,300,450,301,301
926,13333,18237,3,0.855268657207489,0.8781750202178955,0.022906363010406494,1,957,875,441,847,936,894,894
927,13342,16614,1,0.7845137715339661,0.8611813187599182,0.07666754722595215,1,403,1035,1255,1119,409,558,558
928,13358,3694,3,0.8662787675857544,0.8890772461891174,0.022798478603363037,1,1011,893,511,826,1008,995,995
929,13376,9009,3,0.9197413325309753,0.9005497097969055,-0.019191622734069824,0,788,528,973,596,760,854,854
930,13387,15195,2,0.8630510568618774,0.8859943151473999,0.02294325828552246,1,808,356,276,328,849,768,768
931,13395,4304,1,0.7895610332489014,0.8935244083404541,0.10396337509155273,1,1190,986,191,869,1135,1052,1052
932,13398,6048,2,0.8981209993362427,0.9047014117240906,0.0065804123878479,1,190,361,985,423,164,195,195
933,13399,6995,4,0.936000645160675,0.8753370046615601,-0.06066364049911499,0,59,99,1197,174,50,66,66
934,13423,15311,5,0.9430907368659973,0.8708490133285522,-0.07224172353744507,0,9,5,215,6,9,2,2
935,13439,8476,3,0.9250226616859436,0.9097942113876343,-0.015228450298309326,0,20,161,544,195,20,17,17
936,13489,14582,6,0.8679448366165161,0.8015493750572205,-0.06639546155929565,0,343,960,1176,1009,331,432,432
937,13504,17545,4,0.8588825464248657,0.878345787525177,0.01946324110031128,1,749,1320,902,1310,785,825,825
938,13518,14883,2,0.8936113119125366,0.9023674726486206,0.008756160736083984,1,80,66,236,59,73,50,50
939,13530,7663,4,0.8874177932739258,0.8828492164611816,-0.004568576812744141,0,1083,537,658,565,1058,1048,1048
940,13562,1133,5,0.9057488441467285,0.8604412078857422,-0.04530763626098633,0,103,250,415,239,119,91,91
941,13623,8756,4,0.9367541670799255,0.8802893757820129,-0.0564647912979126,0,127,121,1099,189,113,144,144
942,13660,9687,2,0.8959566354751587,0.911639928817749,0.015683293342590332,1,21,52,468,51,21,20,20
943,13709,2632,4,0.8741608262062073,0.8694537281990051,-0.0047070980072021484,0,986,1164,871,1147,1007,1035,1035
944,13722,3359,5,0.9238662123680115,0.8769057393074036,-0.04696047306060791,0,887,47,179,46,843,695,695
945,13746,14423,2,0.9356333017349243,0.9117032885551453,-0.023930013179779053,0,622,24,357,26,543,481,481
946,13819,7991,4,0.8521466255187988,0.846411943435669,-0.005734682083129883,0,1256,517,682,544,1258,1254,1254
947,13883,18246,2,0.8818341493606567,0.9110568761825562,0.029222726821899414,1,808,868,682,874,795,814,814
948,13886,18209,3,0.8832820653915405,0.8855721950531006,0.0022901296615600586,1,215,538,854,602,201,210,210
949,13910,5037,2,0.8790912628173828,0.9116830229759216,0.03259176015853882,1,705,755,558,769,700,685,685
950,13934,1304,10,0.8824365735054016,0.7988383173942566,-0.08359825611114502,0,565,1137,479,1087,514,490,490
951,13935,17714,10,0.9297125935554504,0.7905600070953369,-0.13915258646011353,0,23,33,662,35,25,25,25
952,13944,5765,2,0.8710457682609558,0.8921514749526978,0.021105706691741943,1,872,776,958,848,849,935,935
953,14048,13369,2,0.9477551579475403,0.8897780776023865,-0.05797708034515381,0,4,8,1167,18,4,10,10
954,14054,7500,2,0.8965258002281189,0.9195134043693542,0.02298760414123535,1,99,400,950,476,97,117,117
955,14090,17285,2,0.8068997263908386,0.8178073167800903,0.010907590389251709,1,243,986,1270,1085,223,335,335
956,14136,15413,3,0.8629418611526489,0.8443915843963623,-0.01855027675628662,0,199,343,1007,439,163,192,192
957,14204,10536,1,0.7901057600975037,0.9018707871437073,0.11176502704620361,1,1297,1041,159,919,1304,1268,1268
958,14251,14934,2,0.8852511644363403,0.9053478240966797,0.020096659660339355,1,384,157,572,173,344,322,322
959,14254,18305,2,0.9181753396987915,0.9204229712486267,0.002247631549835205,1,5,312,899,383,6,5,5
960,14270,17756,2,0.8676982522010803,0.9067411422729492,0.039042890071868896,1,646,1281,1134,1292,597,695,695
961,14273,17385,3,0.9301403164863586,0.9176899790763855,-0.012450337409973145,0,68,58,299,46,62,27,27
962,14296,1706,2,0.8886466026306152,0.8632959723472595,-0.025350630283355713,0,13,79,1153,124,12,15,15
963,14331,18139,3,0.9608495831489563,0.9005252718925476,-0.06032431125640869,0,1,1,228,1,1,1,1
964,14342,16123,3,0.8588049411773682,0.8610584139823914,0.0022534728050231934,1,1072,907,1176,992,1019,1133,1133
965,14347,5895,2,0.8518757224082947,0.8831973075866699,0.031321585178375244,1,1135,1051,301,963,1148,1118,1118
966,14366,5425,6,0.9133310914039612,0.8883458375930786,-0.02498525381088257,0,242,392,108,305,244,155,155
967,14393,1551,3,0.9247675538063049,0.9008791446685791,-0.02388840913772583,0,39,22,106,19,38,28,28
968,14404,9606,7,0.9275597333908081,0.8562091588973999,-0.0713505744934082,0,682,265,978,364,663,745,745
969,14438,12047,6,0.908362865447998,0.8407251834869385,-0.06763768196105957,0,111,362,956,430,112,118,118
970,14454,5605,4,0.916307270526886,0.8554401993751526,-0.0608670711517334,0,149,199,1331,335,132,214,214
971,14468,17235,6,0.8501542806625366,0.8042075037956238,-0.04594677686691284,0,1140,1179,943,1188,1138,1191,1191
972,14479,11554,3,0.9308911561965942,0.8928297758102417,-0.03806138038635254,0,85,92,844,94,83,75,75
973,14594,18208,3,0.9521017074584961,0.9299488067626953,-0.02215290069580078,0,64,108,591,111,57,35,35
974,14625,6599,4,0.8570007085800171,0.8518633246421814,-0.005137383937835693,0,767,479,557,498,780,777,777
975,14674,17616,1,0.8620613217353821,0.8614017963409424,-0.0006595253944396973,0,110,33,394,37,130,96,96
976,14682,16270,5,0.8534054160118103,0.824102520942688,-0.029302895069122314,0,743,432,398,420,724,683,683
977,14683,5968,2,0.8903605341911316,0.9076040387153625,0.017243504524230957,1,658,594,610,582,608,603,603
978,14694,8301,3,0.862994909286499,0.8669445514678955,0.003949642181396484,1,760,663,573,648,759,744,744
979,14714,18274,9,0.8924852609634399,0.7854819297790527,-0.10700333118438721,0,17,326,1303,495,17,25,25
980,14732,17177,2,0.8657638430595398,0.888054609298706,0.02229076623916626,1,663,864,976,900,632,698,698
981,14738,18148,2,0.9252084493637085,0.925833523273468,0.0006250739097595215,1,62,73,97,62,60,45,45
982,14742,8972,2,0.9587979316711426,0.9397251009941101,-0.01907283067703247,0,2,19,158,22,1,1,1
983,14749,12497,2,0.9155016541481018,0.8997629880905151,-0.01573866605758667,0,155,27,43,13,156,88,88
984,14772,17586,2,0.8739373683929443,0.8802746534347534,0.006337285041809082,1,568,147,81,112,573,405,405
985,14786,18232,3,0.882424533367157,0.91290283203125,0.030478298664093018,1,971,1220,1190,1263,948,1075,1075
986,14787,17086,4,0.8337639570236206,0.8508970141410828,0.017133057117462158,1,675,957,936,982,648,718,718
987,14790,7329,2,0.8908050656318665,0.8862253427505493,-0.004579722881317139,0,91,174,569,189,83,71,71
988,14791,11551,2,0.8538570404052734,0.9074510335922241,0.053593993186950684,1,186,1313,1256,1326,192,277,277
989,14800,17699,2,0.8998712301254272,0.8749121427536011,-0.024959087371826172,0,1074,71,774,112,1046,1062,1062
990,14804,6369,4,0.8771255612373352,0.8805478811264038,0.0034223198890686035,1,1020,459,62,321,1026,837,837
991,14852,18279,3,0.8683985471725464,0.8952983617782593,0.02689981460571289,1,479,788,687,790,475,484,484
992,14876,16200,3,0.9296970963478088,0.8893448710441589,-0.0403522253036499,0,64,205,1164,328,64,67,67
993,14899,18218,5,0.8392086029052734,0.8535148501396179,0.014306247234344482,1,928,1341,1112,1340,940,1050,1050
994,14929,2083,2,0.8940145373344421,0.914124608039856,0.02011007070541382,1,171,588,700,598,169,164,164
995,14934,1280,2,0.8674260973930359,0.8861952424049377,0.018769145011901855,1,179,134,360,141,176,146,146
996,14959,11567,4,0.9346472024917603,0.9187027215957642,-0.015944480895996094,0,195,201,243,190,174,136,136
997,14994,7324,4,0.8460267186164856,0.878329336643219,0.0323026180267334,1,506,439,88,348,476,294,294
998,15000,15269,2,0.8886984586715698,0.8900776505470276,0.0013791918754577637,1,112,216,784,286,101,118,118
999,15038,18280,3,0.8715509176254272,0.8878901600837708,0.016339242458343506,1,730,856,697,847,715,722,722
1000,15046,10128,5,0.9301776885986328,0.8522796034812927,-0.07789808511734009,0,83,44,828,60,87,88,88
1001,15048,7797,2,0.8337363004684448,0.8775174617767334,0.043781161308288574,1,934,760,359,680,943,852,852
1002,15103,2139,2,0.9035413265228271,0.9030982255935669,-0.0004431009292602539,0,329,142,538,175,302,289,289
1003,15124,12508,8,0.9136427640914917,0.8355073928833008,-0.07813537120819092,0,24,65,556,86,26,25,25
1004,15154,15349,2,0.8911457061767578,0.9117265939712524,0.02058088779449463,1,20,234,96,182,25,10,10
1005,15157,13506,1,0.6667290925979614,0.9157024025917053,0.2489733099937439,1,1236,1314,675,1306,1240,1259,1259
1006,15193,18349,4,0.8858265280723572,0.8862689137458801,0.0004423856735229492,1,1292,606,436,574,1291,1284,1284
1007,15200,13419,1,0.9170632362365723,0.9273404479026794,0.010277211666107178,1,102,790,1323,996,101,161,161
1008,15213,1313,2,0.8789160251617432,0.8924405574798584,0.013524532318115234,1,1284,241,89,192,1275,1215,1215
1009,15225,4530,3,0.894153356552124,0.8838979005813599,-0.01025545597076416,0,549,557,974,629,518,582,582
1010,15236,9572,3,0.8505366444587708,0.899846613407135,0.04930996894836426,1,1139,513,7,290,1159,910,910
1011,15280,5574,3,0.9395233392715454,0.9118210673332214,-0.027702271938323975,0,165,165,841,206,142,127,127
1012,15285,3496,4,0.9027920961380005,0.9150403738021851,0.01224827766418457,1,886,1162,212,1061,870,782,782
1013,15301,15305,3,0.8904998302459717,0.9281051158905029,0.03760528564453125,1,338,1216,858,1212,352,385,385
1014,15302,11494,2,0.9199270009994507,0.8903449177742004,-0.029582083225250244,0,2,34,538,42,2,2,2
1015,15317,17194,4,0.8806682229042053,0.8783554434776306,-0.002312779426574707,0,36,1015,1094,1043,37,56,56
1016,15344,12651,3,0.9298814535140991,0.9003140330314636,-0.029567420482635498,0,5,57,665,79,5,3,3
1017,15355,18307,2,0.8960232734680176,0.8748371601104736,-0.021186113357543945,0,99,21,232,22,86,56,56
1018,15364,1616,2,0.8855135440826416,0.8679240345954895,-0.0175895094871521,0,116,215,998,288,122,145,145
1019,15390,1344,2,0.8428372144699097,0.8754541873931885,0.03261697292327881,1,197,803,1003,858,230,307,307
1020,15400,18079,2,0.8673367500305176,0.8709425926208496,0.0036058425903320312,1,721,456,864,520,760,810,810
1021,15435,2184,3,0.8289247155189514,0.8437500596046448,0.01482534408569336,1,488,344,661,360,494,507,507
1022,15459,14632,5,0.9333921670913696,0.8693088889122009,-0.0640832781791687,0,23,10,467,9,23,17,17
1023,15466,16243,4,0.8806104063987732,0.8761829733848572,-0.004427433013916016,0,496,716,460,681,514,455,455
1024,15479,17262,6,0.8617368340492249,0.8785377740859985,0.01680094003677368,1,1237,401,2,154,1258,1037,1037
1025,15499,16628,2,0.900793194770813,0.8826967477798462,-0.018096446990966797,0,211,400,1317,604,193,340,340
1026,15510,5032,2,0.9427662491798401,0.8966856598854065,-0.046080589294433594,0,3,20,1017,26,2,3,3
1027,15532,7551,1,0.8404329419136047,0.9071040749549866,0.06667113304138184,1,405,635,223,571,492,387,387
1028,15543,12564,2,0.8519617319107056,0.8796820640563965,0.027720332145690918,1,329,378,47,291,346,193,193
1029,15546,4997,4,0.8420946598052979,0.797066867351532,-0.04502779245376587,0,1120,300,1252,447,1120,1251,1251
1030,15558,17998,2,0.856907844543457,0.9207214713096619,0.06381362676620483,1,969,946,517,888,939,914,914
1031,15572,8902,1,0.890088677406311,0.9009905457496643,0.010901868343353271,1,29,33,117,25,29,27,27
1032,15614,18325,4,0.8825253844261169,0.8443418741226196,-0.038183510303497314,0,146,651,1182,773,134,200,200
1033,15621,12104,2,0.8452609181404114,0.9170231223106384,0.07176220417022705,1,546,851,537,834,500,483,483
1034,15682,15312,6,0.9062153697013855,0.8529870510101318,-0.05322831869125366,0,5,24,166,19,6,5,5
1035,15690,14153,3,0.861888587474823,0.8723319172859192,0.010443329811096191,1,324,875,960,915,284,319,319
1036,15717,2276,7,0.9079758524894714,0.8427519202232361,-0.06522393226623535,0,22,821,1253,921,25,42,42
1037,15728,9034,3,0.881347119808197,0.910040557384491,0.028693437576293945,1,151,1153,831,1135,163,174,174
1038,15761,14153,2,0.7994653582572937,0.873546302318573,0.0740809440612793,1,356,711,997,790,315,392,392
1039,15772,5739,3,0.7919667363166809,0.8082171678543091,0.016250431537628174,1,701,1262,1339,1315,644,962,962
1040,15795,6325,2,0.8581592440605164,0.8976337909698486,0.039474546909332275,1,849,388,18,250,803,545,545
1041,15806,6163,10,0.9164924025535583,0.7960816025733948,-0.12041079998016357,0,2,64,186,59,1,1,1
1042,15808,7479,8,0.912407398223877,0.8659170866012573,-0.04649031162261963,0,271,732,679,739,253,275,275
1043,15822,15536,1,0.8676820397377014,0.8764229416847229,0.008740901947021484,1,617,234,942,307,683,764,764
1044,15823,17696,2,0.864641547203064,0.903488278388977,0.038846731185913086,1,1252,746,110,600,1260,1197,1197
1045,15827,7000,4,0.920539915561676,0.8624118566513062,-0.05812805891036987,0,15,35,600,41,19,19,19
1046,15855,10828,2,0.9086840748786926,0.9195000529289246,0.010815978050231934,1,355,67,37,41,381,223,223
1047,15864,3614,3,0.8929905891418457,0.9050100445747375,0.012019455432891846,1,332,931,624,908,337,347,347
1048,15912,2093,3,0.9168961644172668,0.8917294144630432,-0.025166749954223633,0,10,46,285,53,8,5,5
1049,15935,11500,2,0.8799188137054443,0.898912787437439,0.01899397373199463,1,217,822,1148,917,224,290,290
1050,15971,13943,2,0.9093758463859558,0.9231389760971069,0.013763129711151123,1,754,353,620,376,766,727,727
1051,15981,6327,4,0.9103209972381592,0.8745386600494385,-0.0357823371887207,0,385,104,840,126,350,378,378
1052,15985,17264,3,0.8025279641151428,0.8504419922828674,0.04791402816772461,1,944,1297,856,1278,959,1008,1008
1053,16030,4158,4,0.8411083817481995,0.8425537347793579,0.0014453530311584473,1,1172,649,570,646,1172,1190,1190
1054,16054,8999,2,0.8751832842826843,0.9186161160469055,0.04343283176422119,1,595,897,1077,963,593,719,719
1055,16055,3747,2,0.829749345779419,0.8825060725212097,0.05275672674179077,1,1073,897,462,846,1069,1050,1050
1056,16085,17824,6,0.8902303576469421,0.8615536093711853,-0.028676748275756836,0,451,1019,637,1001,442,433,433
1057,16099,3541,2,0.8490070104598999,0.8847858905792236,0.03577888011932373,1,771,400,818,468,802,814,814
1058,16105,14565,5,0.9000900983810425,0.8452093601226807,-0.054880738258361816,0,8,195,762,249,9,7,7
1059,16174,18098,3,0.8832459449768066,0.8741980195045471,-0.009047925472259521,0,364,131,286,119,341,252,252
1060,16205,17886,2,0.9492048621177673,0.9227255582809448,-0.02647930383682251,0,107,60,756,92,100,97,97
1061,16220,14565,1,0.8110793232917786,0.8820187449455261,0.07093942165374756,1,573,700,596,704,563,552,552
1062,16288,18195,2,0.8168434500694275,0.8602209091186523,0.043377459049224854,1,479,820,1007,882,471,552,552
1063,16325,16394,5,0.8315885663032532,0.8696784973144531,0.03808993101119995,1,1283,1294,682,1272,1285,1290,1290
1064,16411,10478,2,0.8646206259727478,0.8658719658851624,0.0012513399124145508,1,123,249,1117,357,111,125,125
1065,16421,1739,3,0.8754333257675171,0.9107195734977722,0.03528624773025513,1,451,462,159,388,440,362,362
1066,16433,2198,2,0.903459370136261,0.9111584424972534,0.007699072360992432,1,731,176,167,146,749,605,605
1067,16449,10682,3,0.9172952771186829,0.869854211807251,-0.047441065311431885,0,267,5,590,7,311,276,276
1068,16472,5992,2,0.8742778301239014,0.8827942609786987,0.008516430854797363,1,386,74,37,51,396,231,231
1069,16499,15640,2,0.8982018232345581,0.9104782342910767,0.012276411056518555,1,1046,649,455,620,1050,1039,1039
1070,16501,11986,4,0.9319603443145752,0.9172051548957825,-0.014755189418792725,0,209,93,69,58,186,91,91
1071,16533,11467,1,0.9085519313812256,0.8893445134162903,-0.019207417964935303,0,1,7,177,8,1,1,1
1072,16535,6848,2,0.8980688452720642,0.9038214683532715,0.005752623081207275,1,58,609,758,636,66,61,61
1073,16544,17149,2,0.8975410461425781,0.8909945487976074,-0.006546497344970703,0,217,267,732,318,211,201,201
1074,16548,1486,3,0.9050645232200623,0.8979650139808655,-0.007099509239196777,0,341,312,504,298,326,284,284
1075,16554,16707,2,0.9178691506385803,0.9103521108627319,-0.007517039775848389,0,151,126,534,141,138,114,114
1076,16636,9949,2,0.9079614877700806,0.8944360613822937,-0.013525426387786865,0,82,57,332,53,78,57,57
1077,16666,18185,5,0.8991984128952026,0.8809756636619568,-0.01822274923324585,0,716,626,103,477,721,551,551
1078,16672,11904,3,0.9345483779907227,0.8937010169029236,-0.04084736108779907,0,112,125,1189,197,105,133,133
1079,16675,18072,2,0.8134151101112366,0.847260594367981,0.033845484256744385,1,1178,158,22,98,1213,1022,1022
1080,16718,18309,3,0.8490380048751831,0.8866758942604065,0.03763788938522339,1,791,158,542,159,767,736,736
1081,16746,17960,1,0.8009282350540161,0.9016222953796387,0.10069406032562256,1,622,1209,607,1137,642,624,624
1082,16750,13181,2,0.9558696746826172,0.8641152381896973,-0.09175443649291992,0,18,3,1208,4,18,18,18
1083,16843,18014,2,0.8851051330566406,0.9166219234466553,0.03151679039001465,1,562,642,172,542,525,402,402
1084,16850,14407,8,0.9348508715629578,0.8483986854553223,-0.0864521861076355,0,836,514,1101,611,798,917,917
1085,16851,13782,2,0.9104645252227783,0.8874537348747253,-0.02301079034805298,0,11,20,637,27,11,10,10
1086,16869,1529,2,0.9048804640769958,0.9197168946266174,0.014836430549621582,1,521,678,627,660,524,521,521
1087,16876,15991,3,0.8954175710678101,0.899430513381958,0.004012942314147949,1,603,737,1145,853,583,726,726
1088,16919,18330,3,0.9658831357955933,0.9079965949058533,-0.05788654088973999,0,35,20,1024,19,32,33,33
1089,16920,17940,2,0.9158926010131836,0.9022207856178284,-0.013671815395355225,0,230,90,599,93,204,181,181
1090,16923,17090,5,0.8876529335975647,0.8198977708816528,-0.06775516271591187,0,166,448,1260,593,145,219,219
1091,16956,18335,3,0.9301150441169739,0.9065132737159729,-0.023601770401000977,0,151,462,771,506,148,138,138
1092,16974,16799,2,0.9460137486457825,0.9225516319274902,-0.023462116718292236,0,122,335,1156,464,108,144,144
1093,16980,10153,3,0.9154312610626221,0.8791690468788147,-0.03626221418380737,0,27,386,1232,566,20,40,40
1094,17008,17099,3,0.8973752856254578,0.8964917659759521,-0.0008835196495056152,0,507,548,746,585,524,518,518
1095,17020,8139,4,0.8925590515136719,0.8837897777557373,-0.00876927375793457,0,40,1123,899,1126,42,43,43
1096,17026,16018,2,0.8522945642471313,0.9121530652046204,0.059858500957489014,1,468,1206,742,1166,459,487,487
1097,17047,14207,3,0.883208155632019,0.8939377069473267,0.010729551315307617,1,397,223,325,214,369,346,346
1098,17057,10204,2,0.9080747365951538,0.9000751972198486,-0.007999539375305176,0,338,497,1006,580,281,340,340
1099,17060,18307,5,0.8463315367698669,0.8560479283332825,0.009716391563415527,1,1132,811,124,670,1088,928,928
1100,17071,1553,2,0.8916062712669373,0.8948543071746826,0.0032480359077453613,1,838,56,23,43,853,562,562
1101,17087,9450,5,0.8670273423194885,0.8537394404411316,-0.013287901878356934,0,419,715,465,674,434,408,408
1102,17101,2093,9,0.9115275740623474,0.8298150897026062,-0.08171248435974121,0,17,130,500,153,14,14,14
1103,17121,16953,5,0.8828311562538147,0.8201814889907837,-0.062649667263031,0,513,82,879,109,482,517,517
1104,17124,10673,2,0.9332858324050903,0.9056174755096436,-0.027668356895446777,0,164,129,940,163,159,153,153
1105,17152,17085,2,0.8572152853012085,0.8699761033058167,0.012760818004608154,1,327,791,1003,868,326,396,396
1106,17183,17209,3,0.8791682124137878,0.8746231198310852,-0.004545092582702637,0,1217,716,743,737,1205,1241,1241
1107,17202,13844,5,0.9239510297775269,0.8641780614852905,-0.05977296829223633,0,164,25,412,30,149,116,116
1108,17212,6427,3,0.8712207674980164,0.8765051960945129,0.005284428596496582,1,1078,256,153,233,1047,900,900
1109,17220,3558,1,0.8471550941467285,0.8890594840049744,0.04190438985824585,1,131,195,708,218,129,140,140
1110,17224,15436,4,0.8900065422058105,0.8778122067451477,-0.012194335460662842,0,524,456,410,437,497,431,431
1111,17267,17891,2,0.926357090473175,0.9152659177780151,-0.011091172695159912,0,979,180,716,218,979,972,972
1112,17276,12421,2,0.8991535902023315,0.9188551902770996,0.019701600074768066,1,254,478,462,481,218,204,204
1113,17300,15345,4,0.9105197191238403,0.87883460521698,-0.03168511390686035,0,546,245,694,281,496,503,503
1114,17372,1600,2,0.8523966670036316,0.8959987759590149,0.0436021089553833,1,796,964,350,875,856,763,763
1115,17457,11561,2,0.8116334676742554,0.9302982687950134,0.11866480112075806,1,510,1167,568,1123,409,391,391
1116,17495,13746,4,0.8960238695144653,0.8801524639129639,-0.015871405601501465,0,266,685,768,714,273,279,279
1117,17519,7728,2,0.8855477571487427,0.862171471118927,-0.023376286029815674,0,61,160,1243,257,64,99,99
1118,17524,5858,2,0.8939659595489502,0.8811357617378235,-0.012830197811126709,0,767,212,521,240,776,774,774
1119,17598,12390,2,0.8147873878479004,0.8573997020721436,0.042612314224243164,1,496,1204,744,1144,456,466,466
1120,17631,16332,2,0.8141883611679077,0.8721599578857422,0.05797159671783447,1,1217,1024,384,933,1237,1219,1219
1121,17671,18277,2,0.8547726273536682,0.9322301149368286,0.0774574875831604,1,973,603,82,487,990,810,810
1122,17672,17085,3,0.8788622617721558,0.8655169010162354,-0.01334536075592041,0,299,346,1063,454,321,412,412
1123,17673,18277,4,0.9005700349807739,0.8948162198066711,-0.005753815174102783,0,1006,487,517,496,996,954,954
1124,17677,18232,4,0.9053120017051697,0.9041625261306763,-0.0011494755744934082,0,461,1049,1018,1058,472,568,568
1125,17682,17566,3,0.9030405879020691,0.866218090057373,-0.036822497844696045,0,124,160,1146,239,124,167,167
1126,17684,18307,2,0.8351148366928101,0.8754274249076843,0.04031258821487427,1,1030,879,221,749,1013,933,933
1127,17687,18334,2,0.8019916415214539,0.8961990475654602,0.09420740604400635,1,643,937,452,869,609,554,554
1128,17726,14458,4,0.9100615978240967,0.8577256798744202,-0.052335917949676514,0,469,185,988,250,453,509,509
1129,17759,6715,7,0.8632526397705078,0.8089262843132019,-0.05432635545730591,0,1166,444,916,511,1189,1206,1206
1130,17762,14127,3,0.8995950222015381,0.9003281593322754,0.0007331371307373047,1,1246,963,803,970,1252,1286,1286
1131,17766,12513,4,0.8975935578346252,0.8857139945030212,-0.011879563331604004,0,151,515,1065,609,135,174,174
1132,17802,15592,3,0.857347309589386,0.8693978190422058,0.012050509452819824,1,910,90,89,71,875,676,676
1133,17838,2113,2,0.8419955968856812,0.8681900501251221,0.026194453239440918,1,1303,656,269,546,1303,1293,1293
1134,17873,12848,2,0.9209351539611816,0.9114664793014526,-0.009468674659729004,0,121,175,690,222,116,105,105
1135,17893,1670,2,0.8537452816963196,0.8543745279312134,0.0006292462348937988,1,524,810,1236,927,578,768,768
1136,17953,17564,1,0.8367125391960144,0.9130334258079529,0.07632088661193848,1,670,446,609,468,658,633,633
1137,17991,2971,2,0.8998583555221558,0.9003627896308899,0.0005044341087341309,1,506,344,656,368,492,475,475
1138,17995,16729,2,0.882390558719635,0.9208543300628662,0.0384637713432312,1,317,901,864,935,320,349,349
1139,18018,1690,3,0.9189919829368591,0.8821287751197815,-0.03686320781707764,0,2,106,1216,174,4,7,7
1140,18024,13448,4,0.891696572303772,0.8840878009796143,-0.007608771324157715,0,744,709,622,713,694,693,693
1141,18025,14224,3,0.9167765974998474,0.883927583694458,-0.032849013805389404,0,79,45,419,51,72,54,54
1142,18031,2858,5,0.9155637621879578,0.8559511303901672,-0.05961263179779053,0,463,131,840,153,439,462,462
1143,18039,15079,2,0.9514210820198059,0.8843000531196594,-0.06712102890014648,0,40,44,1267,75,40,63,63
1144,18047,14827,2,0.8510683178901672,0.8672593832015991,0.016191065311431885,1,956,675,752,711,929,977,977
1145,18057,3421,4,0.918145477771759,0.8677300214767456,-0.05041545629501343,0,419,619,1318,824,444,626,626
1146,18064,1696,2,0.9654895663261414,0.9101126194000244,-0.05537694692611694,0,18,10,951,12,18,14,14
1147,18077,18315,2,0.8600642085075378,0.9199393391609192,0.05987513065338135,1,32,816,271,723,39,26,26
1148,18125,12726,2,0.8511000871658325,0.8885499835014343,0.03744989633560181,1,916,1158,799,1149,908,965,965
1149,18177,15989,2,0.9381113052368164,0.8919785618782043,-0.04613274335861206,0,34,127,1284,233,33,48,48
1150,18224,1800,2,0.8814472556114197,0.9222046732902527,0.04075741767883301,1,372,387,129,310,323,215,215
1151,18236,16635,3,0.8870841860771179,0.8893028497695923,0.0022186636924743652,1,18,477,884,535,17,26,26
1152,18246,10517,2,0.8883944153785706,0.8911665081977844,0.002772092819213867,1,268,141,234,122,270,172,172
1153,18247,18064,1,0.758203387260437,0.8892386555671692,0.13103526830673218,1,1156,1276,888,1264,1146,1196,1196
1154,18341,17227,2,0.8400658369064331,0.8802833557128906,0.04021751880645752,1,1088,1332,1317,1338,1073,1229,1229
1155,18343,4770,4,0.8945724964141846,0.8599347472190857,-0.03463774919509888,0,21,44,226,40,23,17,17
1156,18350,10576,2,0.9249288439750671,0.870760977268219,-0.054167866706848145,0,4,6,775,4,4,4,4
1157,18365,6783,2,0.9017736315727234,0.895603597164154,-0.006170034408569336,0,190,636,1266,794,195,273,273
1158,18395,7385,2,0.8284429907798767,0.8767779469490051,0.04833495616912842,1,1109,675,251,607,1130,1054,1054
1159,18461,5369,2,0.9455509185791016,0.90655916929245,-0.03899174928665161,0,18,20,600,33,16,16,16
1160,18470,17742,1,0.8358146548271179,0.9100556969642639,0.074241042137146,1,826,771,476,741,834,804,804
1161,18593,12414,2,0.9101325869560242,0.9105191826820374,0.0003865957260131836,1,280,152,408,140,289,244,244
1162,18602,17453,3,0.908877968788147,0.8744156360626221,-0.0344623327255249,0,48,139,1067,211,49,58,58
1163,18645,5465,2,0.86137855052948,0.9076312184333801,0.046252667903900146,1,350,1153,894,1143,313,341,341
1164,18685,14450,2,0.8625015020370483,0.8943875432014465,0.03188604116439819,1,1021,502,200,430,1019,868,868
1165,18703,15523,2,0.889528751373291,0.8782950639724731,-0.011233687400817871,0,840,116,450,130,826,788,788
1166,18711,6350,4,0.8920217156410217,0.8796685934066772,-0.012353122234344482,0,339,60,65,37,334,196,196
1167,18712,7664,2,0.8792173266410828,0.9038538932800293,0.024636566638946533,1,1061,406,394,378,1097,1035,1035
1168,18724,2743,3,0.8540641069412231,0.837699830532074,-0.01636427640914917,0,394,26,182,28,364,275,275
1169,18778,10204,3,0.8694090247154236,0.8975206613540649,0.028111636638641357,1,55,1216,1007,1213,58,65,65
1170,18792,17714,3,0.9191474318504333,0.9151777029037476,-0.003969728946685791,0,771,193,208,171,725,599,599
1171,18845,3209,1,0.8411411046981812,0.9016013741493225,0.06046026945114136,1,1207,1185,797,1187,1179,1216,1216
1172,19003,10422,2,0.9108585715293884,0.9046950936317444,-0.006163477897644043,0,718,31,68,24,734,570,570
1173,19089,5555,2,0.8917531371116638,0.904029905796051,0.012276768684387207,1,207,1092,1234,1154,210,290,290
1174,19112,1884,3,0.8805381655693054,0.8880653381347656,0.007527172565460205,1,964,370,229,324,944,826,826
1175,19133,18326,1,0.8248445987701416,0.8590906262397766,0.03424602746963501,1,602,185,612,210,568,536,536
1176,19139,18112,1,0.8597791790962219,0.889744222164154,0.02996504306793213,1,1226,105,324,99,1243,1218,1218
1177,19140,1866,2,0.9015148878097534,0.8896934390068054,-0.011821448802947998,0,526,89,282,83,517,439,439
1178,19156,17724,3,0.8392545580863953,0.882392942905426,0.04313838481903076,1,166,1133,1262,1195,206,289,289
1179,19182,17521,3,0.9332122802734375,0.8734639286994934,-0.05974835157394409,0,1,5,537,5,1,1,1
1180,19205,14676,3,0.9440290927886963,0.8886185884475708,-0.05541050434112549,0,293,3,232,3,261,187,187
1181,19224,9447,4,0.8725857734680176,0.8598591685295105,-0.01272660493850708,0,99,684,1048,765,98,123,123
1182,19257,12210,3,0.9243053197860718,0.8893042802810669,-0.03500103950500488,0,38,24,559,22,39,33,33
1183,19262,18150,3,0.8897985816001892,0.9006592631340027,0.010860681533813477,1,679,667,945,721,651,736,736
1184,19263,11705,1,0.8145809769630432,0.8641592860221863,0.049578309059143066,1,162,285,1316,458,192,314,314
1185,19276,1885,4,0.9274821877479553,0.8895444869995117,-0.037937700748443604,0,45,838,1238,926,41,69,69
1186,19311,5602,1,0.830528199672699,0.8651471734046936,0.03461897373199463,1,504,599,1332,847,528,826,826
1187,19318,18209,4,0.902627170085907,0.8669328689575195,-0.03569430112838745,0,295,514,964,582,270,324,324
1188,19354,6295,7,0.9267495274543762,0.8739263415336609,-0.05282318592071533,0,101,675,1043,747,90,107,107
1189,19377,16132,2,0.8930162787437439,0.9124628901481628,0.019446611404418945,1,337,610,634,617,320,308,308
1190,19408,4834,2,0.8460033535957336,0.9049015641212463,0.058898210525512695,1,178,824,474,773,172,159,159
1191,19415,17473,2,0.9391493797302246,0.8819751143455505,-0.05717426538467407,0,33,14,1202,22,35,40,40
1192,19484,18261,5,0.8623856902122498,0.8525885343551636,-0.009797155857086182,0,1178,1137,436,1087,1168,1152,1152
1193,19490,18023,3,0.8898724913597107,0.8882582783699036,-0.001614212989807129,0,246,870,996,904,246,291,291
1194,19525,12093,2,0.8956278562545776,0.9115039706230164,0.01587611436843872,1,752,253,307,205,832,781,781
1195,19541,18305,2,0.9136537313461304,0.9209762215614319,0.007322490215301514,1,184,711,890,746,164,172,172
1196,19575,2062,3,0.8098964095115662,0.8279690146446228,0.01807260513305664,1,563,1324,1329,1339,592,884,884
1197,19634,9633,2,0.8577807545661926,0.9004255533218384,0.04264479875564575,1,769,754,687,759,777,788,788
1198,19663,15607,2,0.9560911059379578,0.8938677906990051,-0.06222331523895264,0,13,41,1056,42,15,8,8
1199,19683,7946,2,0.8635268211364746,0.8409918546676636,-0.022534966468811035,0,148,697,1338,972,143,308,308
1200,19720,9142,2,0.8711256384849548,0.8675761222839355,-0.003549516201019287,0,522,408,1217,552,519,686,686
1201,19732,18337,2,0.8860939145088196,0.8857492208480835,-0.000344693660736084,0,98,368,833,425,98,104,104
1202,19854,15569,2,0.8992724418640137,0.8677696585655212,-0.03150278329849243,0,8,63,782,77,8,6,6
1203,19858,15500,2,0.9102648496627808,0.9126079678535461,0.002343118190765381,1,117,636,793,673,124,106,106
1204,19859,6979,3,0.9260264039039612,0.9094949960708618,-0.016531407833099365,0,18,110,403,120,17,18,18
1205,19896,9866,3,0.8824424743652344,0.9027639627456665,0.02032148838043213,1,682,595,681,611,682,704,704
1206,19919,5686,4,0.90086829662323,0.8457932472229004,-0.05507504940032959,0,78,36,593,38,75,63,63
1207,19943,15782,1,0.9016541838645935,0.9001002907752991,-0.0015538930892944336,0,31,103,1160,132,31,30,30
1208,19947,17227,2,0.799027681350708,0.8804910778999329,0.08146339654922485,1,1049,1341,1314,1343,999,1217,1217
1209,19948,18307,8,0.8615530729293823,0.8237224221229553,-0.037830650806427,0,1260,776,435,733,1244,1218,1218
1210,19983,17075,6,0.9113402962684631,0.8532118797302246,-0.058128416538238525,0,59,176,398,177,55,50,50
1211,20033,2029,4,0.948300302028656,0.8468189835548401,-0.10148131847381592,0,5,3,1264,4,5,5,5
1212,20038,18315,3,0.9271061420440674,0.9060123562812805,-0.021093785762786865,0,3,56,629,73,3,3,3
1213,20043,6335,2,0.8772653937339783,0.9119917750358582,0.03472638130187988,1,78,552,120,439,72,39,39
1214,20047,2030,2,0.8546766638755798,0.9006400108337402,0.0459633469581604,1,728,375,129,286,823,642,642
1215,20051,18307,10,0.8600313663482666,0.7186863422393799,-0.14134502410888672,0,1337,871,1252,1032,1335,1339,1339
1216,20056,6970,3,0.8203445076942444,0.8598219156265259,0.039477407932281494,1,1023,806,325,737,975,921,921
1217,20075,16720,2,0.8588652610778809,0.8832570910453796,0.02439182996749878,1,1093,1095,1212,1138,1083,1204,1204
1218,20085,8761,3,0.9031488299369812,0.9005971550941467,-0.0025516748428344727,0,230,247,956,294,216,226,226
1219,20106,13980,2,0.8918281197547913,0.9040244817733765,0.012196362018585205,1,828,405,640,409,790,808,808
1220,20107,15253,2,0.877591609954834,0.9211595058441162,0.04356789588928223,1,213,330,103,274,198,132,132
1221,20166,2045,4,0.9410542249679565,0.8650846481323242,-0.07596957683563232,0,3,4,880,10,2,3,3
1222,20186,11187,3,0.8398030400276184,0.8892783522605896,0.04947531223297119,1,499,798,245,715,478,391,391
1223,20190,10107,2,0.8879022002220154,0.8579322099685669,-0.029969990253448486,0,87,46,1000,67,100,100,100
1224,20217,17523,3,0.9046408534049988,0.9040573835372925,-0.0005834698677062988,0,563,203,524,205,562,515,515
1225,20219,18195,10,0.8874436020851135,0.7299923300743103,-0.15745127201080322,0,66,419,1216,562,63,82,82
1226,20277,3637,1,0.821025013923645,0.8845418691635132,0.06351685523986816,1,890,598,395,560,853,802,802
1227,20278,9740,2,0.8981499075889587,0.8989421129226685,0.0007922053337097168,1,72,453,751,499,70,66,66
1228,20332,2075,4,0.898118257522583,0.8684185147285461,-0.029699742794036865,0,32,379,552,421,33,35,35
1229,20352,12477,2,0.7635955214500427,0.8097960352897644,0.04620051383972168,1,696,1339,1336,1339,676,968,968
1230,20369,5489,6,0.8939664959907532,0.7961379885673523,-0.09782850742340088,0,43,33,1047,48,43,56,56
1231,20387,7000,2,0.8841302990913391,0.8758935928344727,-0.008236706256866455,0,9,128,781,168,8,10,10
1232,20412,3451,2,0.865828275680542,0.8956732153892517,0.029844939708709717,1,1145,1121,972,1142,1158,1203,1203
1233,20421,16985,2,0.8715115189552307,0.8668181300163269,-0.004693388938903809,0,509,42,163,36,430,308,308
1234,20453,15222,3,0.9142440557479858,0.9356321096420288,0.02138805389404297,1,339,938,464,894,346,307,307
1235,20466,18179,2,0.8945363163948059,0.9095466732978821,0.015010356903076172,1,144,575,935,641,151,177,177
1236,20467,17640,1,0.833087146282196,0.9347912669181824,0.10170412063598633,1,593,937,155,797,555,395,395
1237,20484,4206,2,0.8651048541069031,0.8859056234359741,0.020800769329071045,1,1117,871,1068,925,1070,1153,1153
1238,20592,17799,2,0.9174649715423584,0.9120065569877625,-0.005458414554595947,0,120,460,1090,570,134,151,151
1239,20630,5831,1,0.941681981086731,0.9147021770477295,-0.026979804039001465,0,69,75,488,57,75,41,41
1240,20651,4713,2,0.9283037781715393,0.8574143648147583,-0.070889413356781,0,1,5,916,7,1,1,1
1241,20693,10067,3,0.8918752074241638,0.8803982138633728,-0.011476993560791016,0,131,494,711,499,126,131,131
1242,20744,17090,3,0.8325513601303101,0.8516858816146851,0.019134521484375,1,409,1081,1213,1155,371,490,490
1243,20748,18274,3,0.8261785507202148,0.8541454672813416,0.02796691656112671,1,579,1302,1228,1320,590,753,753
1244,20772,18254,2,0.9300768971443176,0.9127635955810547,-0.01731330156326294,0,345,61,631,72,301,287,287
1245,20783,2142,2,0.8836528062820435,0.9154111742973328,0.03175836801528931,1,17,799,362,742,18,11,11
1246,20831,18307,3,0.8613959550857544,0.867143452167511,0.005747497081756592,1,434,457,372,430,456,393,393
1247,20841,14676,3,0.8478059768676758,0.8889176845550537,0.04111170768737793,1,642,752,224,671,616,513,513
1248,20847,11418,3,0.8999422788619995,0.9060390591621399,0.006096780300140381,1,810,391,246,335,825,723,723
1249,20851,14188,2,0.87217116355896,0.915050208568573,0.04287904500961304,1,495,673,56,489,495,317,317
1250,20853,15782,2,0.9105167388916016,0.8968991637229919,-0.01361757516860962,0,70,270,1101,369,66,74,74
1251,20854,9326,3,0.8583998084068298,0.8766169548034668,0.018217146396636963,1,1132,1316,957,1304,1118,1190,1190
1252,20872,16200,4,0.9019495248794556,0.8867619037628174,-0.015187621116638184,0,108,756,814,770,104,108,108
1253,20887,10977,1,0.9067956805229187,0.9185722470283508,0.011776566505432129,1,18,199,163,159,21,9,9
1254,20904,17393,2,0.8839353919029236,0.938435971736908,0.054500579833984375,1,203,1011,283,925,189,123,123
1255,20922,5220,1,0.8549503087997437,0.8919070363044739,0.036956727504730225,1,346,876,315,812,335,277,277
1256,20937,2173,2,0.852971613407135,0.8739980459213257,0.021026432514190674,1,965,382,683,403,959,968,968
1257,20938,18334,2,0.8793237209320068,0.8935152888298035,0.01419156789779663,1,1096,322,523,321,1120,1128,1128
1258,20958,3469,1,0.8049569129943848,0.9032450318336487,0.09828811883926392,1,900,394,252,340,889,771,771
1259,20995,4453,2,0.8742908239364624,0.9045500755310059,0.030259251594543457,1,689,982,928,1005,665,732,732
1260,21004,15673,2,0.9463022351264954,0.9221034646034241,-0.02419877052307129,0,164,73,593,92,146,133,133
1261,21038,10138,4,0.9559305906295776,0.8696730732917786,-0.08625751733779907,0,19,15,1117,25,18,22,22
1262,21047,16702,3,0.8428600430488586,0.8990612626075745,0.05620121955871582,1,137,1078,941,1105,125,139,139
1263,21102,18205,2,0.8459299206733704,0.8993701338768005,0.053440213203430176,1,832,1256,394,1195,785,711,711
1264,21113,2284,5,0.8879398107528687,0.8426607251167297,-0.045279085636138916,0,319,262,613,287,295,263,263
1265,21122,16791,3,0.8738256096839905,0.8714468479156494,-0.0023787617683410645,0,446,488,960,564,359,409,409
1266,21145,5951,2,0.8564432859420776,0.9117487072944641,0.055305421352386475,1,226,678,755,697,235,245,245
1267,21156,11280,3,0.8561679124832153,0.884769856929779,0.02860194444656372,1,1237,562,149,464,1212,1150,1150
1268,21165,14552,3,0.9065738916397095,0.9057217240333557,-0.0008521676063537598,0,395,574,508,555,424,374,374
1269,21184,17376,2,0.9245434403419495,0.9252045154571533,0.0006610751152038574,1,359,393,553,380,362,321,321
1270,21194,17662,3,0.8829626441001892,0.886959433555603,0.003996789455413818,1,306,1052,1031,1113,330,366,366
1271,21203,17071,2,0.9444407820701599,0.9201595783233643,-0.024281203746795654,0,45,75,845,87,45,44,44
1272,21204,15508,4,0.9260351657867432,0.8886799812316895,-0.03735518455505371,0,725,90,329,68,716,660,660
1273,21227,6318,3,0.885865330696106,0.91087806224823,0.025012731552124023,1,640,902,567,883,635,619,619
1274,21350,6924,3,0.9182490110397339,0.884783923625946,-0.03346508741378784,0,58,5,135,4,57,47,47
1275,21383,2295,6,0.8730285167694092,0.8451579213142395,-0.027870595455169678,0,995,1094,507,1050,923,888,888
1276,21533,15709,1,0.9007941484451294,0.8968302011489868,-0.003963947296142578,0,676,94,714,118,741,762,762
1277,21589,17979,2,0.7954054474830627,0.8466663956642151,0.051260948181152344,1,1146,1342,1095,1341,1179,1241,1241
1278,21598,2275,2,0.9359953999519348,0.9029860496520996,-0.033009350299835205,0,73,125,1083,191,58,69,69
1279,21600,11465,2,0.7857574820518494,0.8810925483703613,0.09533506631851196,1,395,529,271,452,448,363,363
1280,21602,14752,2,0.8981987237930298,0.8653726577758789,-0.03282606601715088,0,174,55,970,90,193,233,233
1281,21701,11507,4,0.9158177375793457,0.8900880217552185,-0.025729715824127197,0,139,390,572,424,123,118,118
1282,21715,8212,1,0.7324788570404053,0.8728520274162292,0.14037317037582397,1,1229,1329,1286,1333,1167,1241,1241
1283,21772,18287,3,0.780251145362854,0.7953495383262634,0.015098392963409424,1,316,1326,1328,1330,310,510,510
1284,21777,18334,2,0.8224241137504578,0.8944040536880493,0.07197993993759155,1,506,633,503,607,477,447,447
1285,21797,18298,4,0.9116928577423096,0.8837358951568604,-0.02795696258544922,0,32,391,772,435,29,28,28
1286,21804,5605,2,0.9155583381652832,0.873778223991394,-0.04178011417388916,0,93,150,1329,291,90,115,115
1287,21811,2308,2,0.875469446182251,0.9031912684440613,0.027721822261810303,1,699,756,526,728,744,717,717
1288,21823,13267,2,0.9112844467163086,0.9042022824287415,-0.007082164287567139,0,50,627,1217,748,43,69,69
1289,21878,17494,2,0.8445608019828796,0.8971654176712036,0.052604615688323975,1,226,568,291,500,225,191,191
1290,21909,10284,3,0.8956748247146606,0.8413106799125671,-0.054364144802093506,0,43,39,1269,63,41,48,48
1291,21923,18287,3,0.7980254292488098,0.7946428656578064,-0.003382563591003418,0,119,459,1330,705,113,207,207
1292,21927,18307,5,0.8661661744117737,0.8563169240951538,-0.009849250316619873,0,1125,519,114,416,1089,920,920
1293,21941,7191,2,0.8919822573661804,0.9064280390739441,0.014445781707763672,1,438,813,1003,865,469,553,553
1294,21944,5503,2,0.8135963678359985,0.8365035057067871,0.022907137870788574,1,423,791,783,798,432,443,443
1295,21963,16074,2,0.8591088056564331,0.8873962163925171,0.028287410736083984,1,652,1133,938,1143,664,735,735
1296,21982,16948,1,0.905913233757019,0.9137125015258789,0.007799267768859863,1,356,348,1029,441,318,380,380
1297,22031,7573,2,0.9257126450538635,0.9073580503463745,-0.018354594707489014,0,65,346,1052,445,63,80,80
1298,22045,16809,4,0.9092448353767395,0.8526515364646912,-0.05659329891204834,0,211,122,1113,178,218,286,286
1299,22050,3741,2,0.8527505397796631,0.9116404056549072,0.05888986587524414,1,694,840,161,712,711,579,579
1300,22059,17824,3,0.9434442520141602,0.9028559923171997,-0.04058825969696045,0,11,26,774,28,10,12,12
1301,22068,14576,2,0.8631383180618286,0.8954381942749023,0.03229987621307373,1,645,863,1021,902,592,688,688
1302,22072,17588,7,0.8828817009925842,0.8529871702194214,-0.029894530773162842,0,1300,121,279,110,1295,1274,1274
1303,22085,13576,2,0.8857831954956055,0.9113232493400574,0.025540053844451904,1,332,941,1025,1017,338,390,390
1304,22180,6169,4,0.8953235149383545,0.8608689308166504,-0.0344545841217041,0,828,434,950,510,836,893,893
1305,22219,5706,4,0.893824577331543,0.8632599711418152,-0.030564606189727783,0,1,561,978,631,1,1,1
1306,22224,15249,2,0.8699672222137451,0.9001259207725525,0.030158698558807373,1,210,1167,1301,1220,200,294,294
1307,22357,11536,3,0.8689615726470947,0.8830580115318298,0.014096438884735107,1,214,736,1175,887,207,272,272
1308,22362,18281,3,0.867047905921936,0.8952727913856506,0.0282248854637146,1,845,451,151,381,850,716,716
1309,22386,4277,2,0.8550360798835754,0.9051384925842285,0.050102412700653076,1,260,923,1188,1025,261,342,342
1310,22399,18254,1,0.8929165601730347,0.9174125790596008,0.024496018886566162,1,89,451,536,449,81,72,72
1311,22549,18281,3,0.8886975049972534,0.8948139548301697,0.00611644983291626,1,772,148,159,121,718,552,552
1312,22556,15601,2,0.8896142244338989,0.8919756412506104,0.0023614168167114258,1,962,51,137,38,914,745,745
1313,22562,15334,1,0.9258124232292175,0.9242694973945618,-0.0015429258346557617,0,80,114,1241,145,78,96,96
1314,22613,17352,3,0.9042050242424011,0.9016916155815125,-0.002513408660888672,0,298,903,834,923,368,374,374
1315,22630,18320,5,0.8999044299125671,0.8791516423225403,-0.020752787590026855,0,1171,135,59,95,1192,1081,1081
1316,22638,2483,2,0.9327163696289062,0.8885283470153809,-0.04418802261352539,0,6,5,179,4,6,3,3
1317,22732,7713,3,0.8761463165283203,0.8835426568984985,0.007396340370178223,1,364,903,1099,965,338,409,409
1318,22746,13014,2,0.8297585248947144,0.8762404322624207,0.0464819073677063,1,1299,1234,409,1191,1304,1301,1301
1319,22749,17816,2,0.9147132635116577,0.9155142307281494,0.0008009672164916992,1,464,207,196,176,435,309,309
1320,22774,15721,2,0.9342160820960999,0.900719940662384,-0.03349614143371582,0,65,60,1076,69,63,65,65
1321,22805,15545,1,0.8928415775299072,0.9086295366287231,0.015787959098815918,1,59,364,1217,503,57,84,84
1322,22839,14074,2,0.9061118960380554,0.8801556825637817,-0.02595621347427368,0,65,245,1212,375,61,83,83
1323,22910,2537,2,0.8926823735237122,0.9087522625923157,0.016069889068603516,1,1057,633,554,622,1062,1061,1061
1324,22927,11209,2,0.9274439811706543,0.9111686944961548,-0.01627528667449951,0,303,48,506,46,271,224,224
1325,22932,13312,2,0.9076094031333923,0.8883419632911682,-0.01926743984222412,0,93,719,1324,922,95,141,141
1326,22955,18145,2,0.9233291745185852,0.9070945382118225,-0.016234636306762695,0,77,183,789,206,74,65,65
1327,22960,7215,2,0.8791592717170715,0.8891252875328064,0.009966015815734863,1,380,1051,1231,1164,346,468,468
1328,22967,18298,2,0.9564521312713623,0.8955810070037842,-0.060871124267578125,0,5,6,942,10,5,6,6
1329,22968,14125,1,0.8444115519523621,0.9146597385406494,0.07024818658828735,1,460,808,1078,950,449,546,546
1330,22974,18278,4,0.9059525728225708,0.8962807059288025,-0.00967186689376831,0,936,158,164,139,883,729,729
1331,22996,2562,3,0.9274774789810181,0.8915137052536011,-0.03596377372741699,0,90,118,859,171,92,95,95
1332,23009,13091,2,0.947689950466156,0.9114082455635071,-0.036281704902648926,0,111,30,655,28,100,89,89
1333,23099,11865,2,0.8012775778770447,0.8783233165740967,0.077045738697052,1,992,1198,624,1165,967,975,975
1334,23111,17316,2,0.8766051530838013,0.9193335771560669,0.042728424072265625,1,168,613,672,637,173,147,147
1335,23112,2573,2,0.8923025727272034,0.8963128328323364,0.004010260105133057,1,704,308,593,335,686,644,644
1336,23118,2575,3,0.8810819983482361,0.8742603063583374,-0.006821691989898682,0,441,996,1222,1070,435,562,562
1337,23124,13432,2,0.8444666862487793,0.8883835673332214,0.04391688108444214,1,458,1120,1005,1156,425,515,515
1338,23179,9679,2,0.7628087997436523,0.8494536876678467,0.08664488792419434,1,1336,1331,535,1301,1333,1335,1335
1339,23180,7134,2,0.9085770845413208,0.8949563503265381,-0.013620734214782715,0,236,433,968,510,233,266,266
1340,23211,8352,3,0.9294185638427734,0.9061216115951538,-0.02329695224761963,0,282,338,1086,422,264,306,306
1341,23236,17474,1,0.8929723501205444,0.9057430028915405,0.012770652770996094,1,221,151,512,152,195,148,148
1342,23250,18069,2,0.9382688999176025,0.9191470742225647,-0.019121825695037842,0,232,92,727,112,205,182,182
1343,23256,13780,1,0.8657792210578918,0.9195144176483154,0.053735196590423584,1,150,834,1143,916,140,217,217
1344,23285,18274,2,0.8484589457511902,0.865312933921814,0.01685398817062378,1,440,418,1032,516,472,562,562
1345,23304,3248,2,0.9097256064414978,0.9197988510131836,0.010073244571685791,1,459,611,591,606,473,433,433
1346,23327,2600,2,0.9169662594795227,0.8908803462982178,-0.02608591318130493,0,225,195,1146,290,218,293,293
1347,23346,3436,7,0.9452335834503174,0.8738874197006226,-0.07134616374969482,0,4,43,545,45,4,4,4
1348,23378,14814,1,0.877007007598877,0.9295209646224976,0.052513957023620605,1,279,253,464,281,265,240,240
1349,23393,2612,3,0.9442282915115356,0.8997182846069336,-0.04451000690460205,0,13,16,493,22,13,13,13
1350,23420,12608,2,0.8676321506500244,0.8410634398460388,-0.026568710803985596,0,632,169,1281,251,575,779,779
1351,23426,15519,3,0.8660454750061035,0.8758648037910461,0.009819328784942627,1,1037,1172,1086,1187,1033,1129,1129
1352,23476,11411,1,0.7830367088317871,0.8491747379302979,0.06613802909851074,1,921,908,554,866,934,908,908
1353,23519,18084,1,0.8844042420387268,0.9002730846405029,0.015868842601776123,1,1305,237,171,168,1304,1297,1297
1354,23525,15334,2,0.8718677759170532,0.9142499566078186,0.04238218069076538,1,150,1138,1283,1195,143,246,246
1355,23544,12949,2,0.7672964334487915,0.8455789685249329,0.07828253507614136,1,1185,1306,356,1270,1167,1132,1132
1356,23602,3783,3,0.9080991744995117,0.8926808834075928,-0.015418291091918945,0,645,50,80,27,690,536,536
1357,23769,17270,3,0.8908159732818604,0.8845111727714539,-0.006304800510406494,0,79,645,1054,745,90,110,110
1358,23805,3782,2,0.8960650563240051,0.9092812538146973,0.013216197490692139,1,1045,99,57,84,1035,905,905
1359,23824,18012,4,0.8610700368881226,0.8489391207695007,-0.012130916118621826,0,434,907,999,933,428,497,497
1360,23847,9061,6,0.945465624332428,0.8436046838760376,-0.10186094045639038,0,2,27,1103,47,2,2,2
1361,23849,17941,2,0.8936736583709717,0.9036230444908142,0.00994938611984253,1,451,207,1230,339,442,620,620
1362,23857,10274,3,0.8947584629058838,0.9041887521743774,0.009430289268493652,1,541,100,46,78,498,318,318
1363,23875,8813,5,0.9257552623748779,0.9109982252120972,-0.014757037162780762,0,680,190,10,100,658,432,432
1364,23893,17085,2,0.8919166326522827,0.8686733841896057,-0.023243248462677002,0,97,88,1026,100,105,120,120
1365,23904,18244,3,0.9171521067619324,0.9080879092216492,-0.009064197540283203,0,696,74,124,59,681,487,487
1366,23911,4017,2,0.8723656535148621,0.915088951587677,0.04272329807281494,1,139,520,487,508,136,117,117
1367,23921,18307,5,0.8703407645225525,0.8571948409080505,-0.013145923614501953,0,1094,254,106,183,1080,909,909
1368,23925,18334,2,0.8748772144317627,0.8941658139228821,0.019288599491119385,1,570,550,501,531,507,485,485
1369,23945,7661,3,0.9233964681625366,0.8924598693847656,-0.030936598777770996,0,5,66,393,75,6,7,7
1370,23972,15190,3,0.9813396334648132,0.8732322454452515,-0.10810738801956177,0,21,3,1216,3,19,17,17
1371,23999,4380,2,0.7657506465911865,0.8534276485443115,0.087677001953125,1,1085,1264,770,1261,1057,1104,1104
1372,24003,2971,3,0.9070305228233337,0.8964029550552368,-0.010627567768096924,0,178,294,696,317,171,163,163
1373,24050,6108,2,0.849335789680481,0.8862881660461426,0.03695237636566162,1,761,504,375,457,675,597,597
1374,24072,6330,3,0.9093275666236877,0.890268862247467,-0.019058704376220703,0,320,28,161,22,349,239,239
1375,24092,14883,1,0.8099493384361267,0.9081712365150452,0.09822189807891846,1,361,484,116,392,307,207,207
1376,24155,2770,2,0.834925651550293,0.8944929838180542,0.05956733226776123,1,1033,885,199,783,1005,901,901
1377,24243,18244,2,0.9197789430618286,0.9102671146392822,-0.009511828422546387,0,22,21,126,18,21,16,16
1378,24274,3994,2,0.9204056262969971,0.9249449968338013,0.004539370536804199,1,167,626,604,605,160,138,138
1379,24335,17539,2,0.8847832083702087,0.9206381440162659,0.03585493564605713,1,720,862,419,805,693,630,630
1380,24355,17025,5,0.9128292202949524,0.8554321527481079,-0.05739706754684448,0,353,47,342,61,342,288,288
1381,24362,9678,3,0.8334564566612244,0.8622334003448486,0.028776943683624268,1,900,988,716,976,898,918,918
1382,24407,12340,2,0.8381732702255249,0.8755655884742737,0.03739231824874878,1,1254,1052,419,980,1270,1258,1258
1383,24515,18324,5,0.9382736086845398,0.8810315132141113,-0.05724209547042847,0,56,87,587,93,54,45,45
1384,24518,15607,4,0.9570218920707703,0.8823019862174988,-0.07471990585327148,0,10,55,898,54,10,9,9
1385,24572,16096,2,0.7506229281425476,0.8648804426193237,0.11425751447677612,1,1214,1337,796,1338,1229,1248,1248
1386,24580,2853,2,0.7395800352096558,0.7571172714233398,0.017537236213684082,1,613,1307,1342,1330,608,1038,1038
1387,24605,13239,2,0.8529744744300842,0.8808571696281433,0.027882695198059082,1,336,1173,1048,1192,336,404,404
1388,24757,17146,2,0.8875433802604675,0.896793007850647,0.009249627590179443,1,257,784,976,855,254,277,277
1389,24760,13540,2,0.8529306650161743,0.9099022746086121,0.056971609592437744,1,690,1252,1027,1240,692,797,797
1390,24761,7440,2,0.9003682732582092,0.9114524126052856,0.011084139347076416,1,541,348,659,373,604,584,584
1391,24784,9372,2,0.8315284252166748,0.8677456378936768,0.03621721267700195,1,755,1312,1327,1330,712,957,957
1392,24831,5236,3,0.8472280502319336,0.8495701551437378,0.0023421049118041992,1,920,1054,1034,1082,922,1020,1020
1393,24845,12334,3,0.9203670024871826,0.8843488097190857,-0.036018192768096924,0,4,26,57,14,4,1,1
1394,24872,3582,2,0.8712360858917236,0.8737809658050537,0.002544879913330078,1,1061,221,110,163,1075,901,901
1395,24929,17021,2,0.820148229598999,0.8479614853858948,0.027813255786895752,1,962,499,487,501,948,895,895
1396,24952,18164,10,0.8773273825645447,0.7843231558799744,-0.09300422668457031,0,1330,575,256,514,1330,1316,1316
1397,24957,17943,6,0.8830828666687012,0.8360704183578491,-0.04701244831085205,0,998,270,317,250,1043,964,964
1398,24962,18307,4,0.7987865209579468,0.8626287579536438,0.06384223699569702,1,1129,943,171,806,1090,981,981
1399,24964,18209,3,0.8703060150146484,0.8858259916305542,0.015519976615905762,1,451,558,849,613,430,470,470
1400,24966,18276,4,0.9432662129402161,0.9060697555541992,-0.037196457386016846,0,95,29,242,31,99,77,77
1401,24967,17085,3,0.8373684883117676,0.8657053709030151,0.02833688259124756,1,410,1066,1062,1109,424,490,490
1402,25115,10314,2,0.8550243377685547,0.8939878940582275,0.03896355628967285,1,456,762,845,803,419,434,434
1403,25207,7530,2,0.8514406085014343,0.8859512209892273,0.03451061248779297,1,109,268,799,316,103,111,111
1404,25242,15579,1,0.8092640042304993,0.8981759548187256,0.08891195058822632,1,840,976,688,952,812,811,811
1405,25318,14174,2,0.9383612275123596,0.901172399520874,-0.037188827991485596,0,92,192,1217,310,87,122,122
1406,25321,17385,2,0.885055422782898,0.9098358750343323,0.024780452251434326,1,584,469,648,486,515,495,495
1407,25324,15042,3,0.9557918906211853,0.9011407494544983,-0.05465114116668701,0,41,31,1130,60,43,48,48
1408,25355,13195,2,0.9001364707946777,0.876953661441803,-0.023182809352874756,0,150,97,775,97,142,131,131
1409,25356,11261,4,0.9240684509277344,0.8777992129325867,-0.046269237995147705,0,156,417,1094,538,151,202,202
1410,25379,11732,3,0.8760473728179932,0.9009740352630615,0.02492666244506836,1,33,489,109,371,37,15,15
1411,25382,14176,1,0.8316051363945007,0.887164294719696,0.05555915832519531,1,74,393,1007,483,70,81,81
1412,25395,8525,1,0.9167648553848267,0.9019695520401001,-0.014795303344726562,0,262,54,497,56,267,218,218
1413,25399,11922,6,0.9338710308074951,0.8679195642471313,-0.06595146656036377,0,59,245,479,270,57,38,38
1414,25403,16300,2,0.8830634951591492,0.890776515007019,0.007713019847869873,1,532,128,172,120,476,363,363
1415,25544,17862,2,0.832214891910553,0.8635886907577515,0.031373798847198486,1,1006,491,385,454,983,936,936
1416,25580,7349,2,0.9336122870445251,0.8995534181594849,-0.03405886888504028,0,2,40,830,70,2,2,2
1417,25586,18320,2,0.893447756767273,0.896958589553833,0.0035108327865600586,1,495,23,152,21,576,422,422
1418,25591,18273,3,0.956558108329773,0.9058936834335327,-0.050664424896240234,0,1,9,614,13,1,1,1
1419,25604,8796,2,0.8285291790962219,0.8864041566848755,0.057874977588653564,1,771,918,910,966,755,840,840
1420,25605,17566,4,0.856583297252655,0.8521426916122437,-0.004440605640411377,0,242,1039,1087,1068,217,292,292
1421,25669,8999,3,0.9219353795051575,0.9123270511627197,-0.009608328342437744,0,240,772,1155,866,242,306,306
1422,25670,18069,2,0.9289715886116028,0.9193922877311707,-0.009579300880432129,0,175,261,726,312,160,162,162
1423,25695,14523,2,0.8766735196113586,0.8377435207366943,-0.03892999887466431,0,3,26,1142,42,3,6,6
1424,25703,4735,1,0.9135090708732605,0.9223020672798157,0.008792996406555176,1,36,29,231,28,31,20,20
1425,25710,3102,2,0.8848664164543152,0.9205228686332703,0.03565645217895508,1,896,353,24,237,870,607,607
1426,25727,9308,2,0.7829201221466064,0.8545604944229126,0.07164037227630615,1,1334,1197,557,1143,1336,1340,1340
1427,25744,18088,2,0.8561639785766602,0.9081354141235352,0.051971435546875,1,1257,719,27,514,1248,1110,1110
1428,25758,17090,2,0.8207396268844604,0.8523338437080383,0.03159421682357788,1,64,547,1257,720,59,103,103
1429,25778,17961,3,0.8712420463562012,0.8875553011894226,0.016313254833221436,1,559,331,468,326,543,479,479
1430,25790,5883,2,0.8285205960273743,0.8789634108543396,0.05044281482696533,1,1026,923,617,902,993,980,980
1431,25813,17009,2,0.8674143552780151,0.8783064484596252,0.010892093181610107,1,338,286,847,343,334,352,352
1432,25877,18280,3,0.9107514023780823,0.888340413570404,-0.022410988807678223,0,348,363,690,398,340,331,331
1433,25891,18315,3,0.8984173536300659,0.9065496921539307,0.008132338523864746,1,331,549,604,568,324,289,289
1434,25894,9355,2,0.8619648814201355,0.898835301399231,0.03687041997909546,1,936,506,152,407,920,768,768
1435,25973,16129,2,0.9157788753509521,0.9036396741867065,-0.012139201164245605,0,110,188,815,230,104,104,104
1436,25992,3209,2,0.9197834730148315,0.8948232531547546,-0.024960219860076904,0,2,109,912,172,2,2,2
1437,26010,12691,2,0.875220775604248,0.9080221652984619,0.03280138969421387,1,885,316,31,206,875,647,647
1438,26016,3212,2,0.7847852110862732,0.805505633354187,0.02072042226791382,1,705,1146,1166,1175,740,917,917
1439,26020,18130,2,0.8509771823883057,0.8995972871780396,0.04862010478973389,1,557,816,331,767,523,424,424
1440,26021,18278,4,0.9022298455238342,0.8965821862220764,-0.0056476593017578125,0,98,254,165,219,103,77,77
1441,26046,10985,3,0.8927655816078186,0.9139571785926819,0.02119159698486328,1,1058,582,347,525,1003,942,942
1442,26071,3234,2,0.8622083067893982,0.849273681640625,-0.012934625148773193,0,128,52,428,50,155,117,117
1443,26126,9595,3,0.9772301912307739,0.8844216465950012,-0.0928085446357727,0,28,27,1304,35,27,35,35
1444,26153,10165,2,0.8617192506790161,0.8998016119003296,0.03808236122131348,1,143,609,997,705,165,202,202
1445,26204,15215,1,0.8195258975028992,0.9085572957992554,0.0890313982963562,1,810,1052,629,1032,813,797,797
1446,26218,6921,2,0.8894526362419128,0.9064778685569763,0.017025232315063477,1,640,720,503,708,579,534,534
1447,26223,9124,3,0.9434287548065186,0.9152347445487976,-0.028194010257720947,0,300,9,66,5,231,110,110
1448,26280,7774,2,0.825511634349823,0.9089766144752502,0.08346498012542725,1,960,1095,133,941,956,803,803
1449,26307,17325,2,0.9142031073570251,0.9103026986122131,-0.0039004087448120117,0,172,662,1194,794,163,217,217
1450,26309,12262,2,0.8481718301773071,0.909138560295105,0.06096673011779785,1,399,614,125,499,362,239,239
1451,26324,18316,2,0.7717567086219788,0.791034996509552,0.019278287887573242,1,770,980,656,959,739,733,733
1452,26383,18307,4,0.8661788702011108,0.8629188537597656,-0.003260016441345215,0,1016,456,170,387,977,840,840
1453,26405,17441,2,0.8469547629356384,0.8966046571731567,0.04964989423751831,1,299,1264,1258,1283,305,407,407
1454,26410,11168,3,0.8380721807479858,0.8717733025550842,0.03370112180709839,1,959,1187,745,1158,960,1020,1020
1455,26464,16729,4,0.9464008808135986,0.9011089205741882,-0.0452919602394104,0,182,263,908,310,170,189,189
1456,26622,15587,2,0.9058781862258911,0.8680831789970398,-0.03779500722885132,0,6,21,1074,35,7,7,7
1457,26625,3536,2,0.8618779182434082,0.8701669573783875,0.008289039134979248,1,428,458,1147,577,425,524,524
1458,26648,3413,2,0.8801470994949341,0.9259814620018005,0.045834362506866455,1,1090,627,283,540,1061,985,985
1459,26714,12040,2,0.854652464389801,0.9004479646682739,0.0457955002784729,1,588,716,737,729,562,570,570
1460,26724,14679,2,0.9086016416549683,0.9123456478118896,0.0037440061569213867,1,299,561,764,592,277,264,264
1461,26748,17634,2,0.8332569003105164,0.870650589466095,0.03739368915557861,1,546,1022,664,999,574,565,565
1462,26769,6075,2,0.8192551732063293,0.8601920008659363,0.040936827659606934,1,778,1123,688,1092,847,873,873
1463,26770,16149,1,0.8676575422286987,0.9102219939231873,0.042564451694488525,1,455,326,770,369,427,452,452
1464,26775,17802,2,0.8843460083007812,0.8730561137199402,-0.011289894580841064,0,794,157,601,173,778,778,778
1465,26778,17219,1,0.8418707251548767,0.9053738713264465,0.06350314617156982,1,787,950,686,935,783,802,802
1466,26789,17900,2,0.8294354677200317,0.8704720139503479,0.04103654623031616,1,1154,884,105,710,1121,1004,1004
1467,26856,18045,2,0.8818919062614441,0.8978899717330933,0.01599806547164917,1,716,422,383,387,728,691,691
1468,26882,6936,2,0.9187866449356079,0.9141473770141602,-0.004639267921447754,0,46,51,97,46,43,24,24
1469,26912,11202,3,0.9138193726539612,0.9067828059196472,-0.007036566734313965,0,6,630,1127,724,6,9,9
1470,26920,18279,5,0.932214617729187,0.878749668598175,-0.05346494913101196,0,153,100,354,110,142,121,121
1471,26922,18298,2,0.9277766346931458,0.8960073590278625,-0.0317692756652832,0,4,43,939,76,4,5,5
1472,26986,5207,3,0.9179534316062927,0.8938747048377991,-0.024078726768493652,0,434,112,636,143,411,394,394
1473,27080,15199,1,0.8534923791885376,0.9014562964439392,0.04796391725540161,1,167,843,1308,1083,169,260,260
1474,27108,14355,1,0.956322193145752,0.9155694842338562,-0.04075270891189575,0,1,24,1236,48,1,1,1
1475,27180,18313,1,0.8186908960342407,0.8889696598052979,0.07027876377105713,1,285,472,610,473,276,255,255
1476,27203,18010,2,0.8938207626342773,0.8999911546707153,0.006170392036437988,1,547,307,495,316,481,426,426
1477,27225,9002,1,0.8218605518341064,0.9271517992019653,0.10529124736785889,1,688,1021,1213,1111,684,891,891
1478,27228,18214,2,0.832714855670929,0.8918299674987793,0.05911511182785034,1,493,1230,982,1226,455,528,528
1479,27260,18244,2,0.8943697214126587,0.9102205038070679,0.01585078239440918,1,758,235,128,189,794,607,607
1480,27278,4517,3,0.8888768553733826,0.8936221599578857,0.004745304584503174,1,1024,297,137,205,1049,942,942
1481,27292,15859,2,0.8819800019264221,0.8773192167282104,-0.00466078519821167,0,203,14,34,6,212,117,117
1482,27340,3972,1,0.9360554218292236,0.9029430150985718,-0.033112406730651855,0,49,24,866,24,50,49,49
1483,27348,4173,4,0.8871067762374878,0.8668886423110962,-0.0202181339263916,0,313,431,556,448,314,296,296
1484,27438,7289,2,0.8793004155158997,0.9224036931991577,0.04310327768325806,1,392,237,207,221,440,340,340
1485,27554,11804,2,0.8558462262153625,0.9141426086425781,0.058296382427215576,1,961,1230,640,1227,939,964,964
1486,27606,7919,3,0.9523366689682007,0.9058171510696411,-0.04651951789855957,0,20,138,1228,243,16,20,20
1487,27645,14076,3,0.9207214713096619,0.8902872204780579,-0.030434250831604004,0,41,73,710,97,39,39,39
1488,27664,10739,2,0.8718689680099487,0.8910967111587524,0.01922774314880371,1,929,913,826,908,892,935,935
1489,27696,9738,2,0.8966580033302307,0.9066954851150513,0.010037481784820557,1,418,462,716,487,408,412,412
1490,27777,14318,2,0.8501513004302979,0.880927324295044,0.030776023864746094,1,1017,1057,851,1052,1001,1040,1040
1491,27794,15318,2,0.9151467680931091,0.9181613326072693,0.0030145645141601562,1,132,252,1109,361,129,158,158
1492,27945,14590,5,0.9658526182174683,0.894229531288147,-0.07162308692932129,0,2,92,823,92,2,2,2
1493,27976,7753,3,0.9485046863555908,0.8629983067512512,-0.0855063796043396,0,41,8,1132,7,40,34,34
1494,27987,3887,2,0.887547492980957,0.9087122678756714,0.021164774894714355,1,126,1023,911,1034,136,148,148
1495,27990,15436,3,0.8525283336639404,0.8944268822669983,0.04189854860305786,1,612,1203,363,1134,627,564,564
1496,28012,9956,3,0.8219958543777466,0.8581491112709045,0.03615325689315796,1,482,886,658,867,493,499,499
1497,28023,6041,2,0.7885026335716248,0.9101477265357971,0.12164509296417236,1,1079,933,78,745,1063,931,931
1498,28092,13680,2,0.8849689364433289,0.9133133888244629,0.028344452381134033,1,411,517,221,462,393,298,298
1499,28105,3952,3,0.944021999835968,0.9034793972969055,-0.0405426025390625,0,31,225,1215,354,31,46,46
1500,28148,18311,2,0.8980889916419983,0.9063147306442261,0.008225739002227783,1,314,656,914,729,309,329,329
1501,28166,18334,3,0.8250061869621277,0.8952385187149048,0.0702323317527771,1,765,547,389,497,705,644,644
1502,28233,16055,4,0.9127225875854492,0.8713205456733704,-0.04140204191207886,0,95,827,1161,921,95,154,154
1503,28253,17751,2,0.8846204876899719,0.8952326774597168,0.010612189769744873,1,96,583,832,637,96,99,99
1504,28261,11102,3,0.8609668612480164,0.8853816390037537,0.024414777755737305,1,560,521,253,466,520,430,430
1505,28281,18326,7,0.8536078333854675,0.8157525658607483,-0.03785526752471924,0,1232,853,841,871,1227,1249,1249
1506,28317,9450,3,0.8647814989089966,0.8907927870750427,0.026011288166046143,1,817,239,193,213,723,600,600
1507,28331,4052,2,0.8832526206970215,0.906778872013092,0.023526251316070557,1,260,543,357,505,244,200,200
1508,28421,18296,2,0.9298792481422424,0.9256154298782349,-0.004263818264007568,0,54,512,1109,612,55,64,64
1509,28447,17849,2,0.8395412564277649,0.8562881946563721,0.016746938228607178,1,1326,215,345,200,1335,1327,1327
1510,28450,17666,2,0.9521422386169434,0.8857350945472717,-0.06640714406967163,0,3,26,1308,71,3,3,3
1511,28517,15275,2,0.8824878334999084,0.8938231468200684,0.011335313320159912,1,160,875,1073,964,168,197,197
1512,28520,4125,2,0.8780986070632935,0.8855961561203003,0.007497549057006836,1,31,170,371,176,35,22,22
1513,28526,18236,2,0.8617792725563049,0.9069263935089111,0.0451471209526062,1,1209,271,39,193,1225,1057,1057
1514,28537,12270,2,0.9376682639122009,0.8429028391838074,-0.09476542472839355,0,1,6,1002,10,1,1,1
1515,28554,18331,2,0.8718340396881104,0.8992615342140198,0.027427494525909424,1,220,1025,1321,1148,222,351,351
1516,28582,4120,2,0.9202485084533691,0.8720526099205017,-0.04819589853286743,0,244,49,1131,68,231,281,281
1517,28619,10644,3,0.8711212873458862,0.8867327570915222,0.015611469745635986,1,1314,853,255,770,1318,1315,1315
1518,28643,17825,2,0.8483461141586304,0.9204263091087341,0.07208019495010376,1,1266,1129,59,942,1236,1106,1106
1519,28712,17430,2,0.9071882963180542,0.911490797996521,0.004302501678466797,1,69,543,762,557,72,67,67
1520,28931,17813,2,0.9893337488174438,0.8685768246650696,-0.12075692415237427,0,1,3,774,4,1,1,1
1521,28992,16178,2,0.8490353226661682,0.8985810279846191,0.04954570531845093,1,915,463,123,370,915,721,721
1522,28997,18279,3,0.8837745785713196,0.8955976963043213,0.011823117733001709,1,964,516,671,536,932,936,936
1523,29050,18243,1,0.7966620326042175,0.8835873603820801,0.08692532777786255,1,844,1244,1136,1253,789,922,922
1524,29093,5033,2,0.8722047209739685,0.8883180022239685,0.01611328125,1,89,404,927,486,90,117,117
1525,29140,13368,2,0.8730272054672241,0.9058551788330078,0.03282797336578369,1,293,477,128,385,314,184,184
1526,29169,18030,2,0.8346325755119324,0.8835323452949524,0.04889976978302002,1,688,720,63,571,694,477,477
1527,29242,10920,2,0.9182164072990417,0.9092140197753906,-0.009002387523651123,0,25,97,745,103,27,28,28
1528,29275,18333,1,0.8445003032684326,0.8708081245422363,0.02630782127380371,1,291,273,1233,400,339,445,445
1529,29282,16043,2,0.8548189997673035,0.9084272980690002,0.05360829830169678,1,527,553,347,493,497,421,421
1530,29296,11969,3,0.8576112985610962,0.9068142771720886,0.04920297861099243,1,892,1266,758,1236,887,910,910
1531,29311,18313,10,0.8907685875892639,0.7719592452049255,-0.11880934238433838,0,503,540,720,562,474,472,472
1532,29350,18331,2,0.9054703116416931,0.8984940648078918,-0.0069762468338012695,0,126,1000,1321,1129,125,287,287
1533,29353,10884,3,0.8535072803497314,0.8816316723823547,0.02812439203262329,1,652,80,1,18,704,371,371
1534,29371,7926,2,0.8414710164070129,0.8588865995407104,0.01741558313369751,1,686,113,68,63,681,478,478
1535,29373,18290,2,0.7972061038017273,0.8585619330406189,0.0613558292388916,1,1153,1293,923,1279,1153,1183,1183
1536,29486,4441,2,0.8302901387214661,0.8731821179389954,0.0428919792175293,1,1201,1174,914,1160,1175,1226,1226
1537,29491,13557,1,0.8477991223335266,0.9227920770645142,0.07499295473098755,1,287,1026,868,1060,304,324,324
1538,29543,17805,3,0.8978669047355652,0.908667802810669,0.01080089807510376,1,914,277,35,147,912,688,688
1539,29584,7349,1,0.7551588416099548,0.8974822163581848,0.14232337474822998,1,1336,1288,1046,1282,1330,1338,1338
1540,29596,7674,2,0.8783340454101562,0.878070056438446,-0.0002639889717102051,0,349,455,1029,528,323,376,376
1541,29720,13495,3,0.9268069863319397,0.9041242599487305,-0.02268272638320923,0,473,147,653,150,464,446,446
1542,29759,12523,3,0.8211195468902588,0.8565646409988403,0.03544509410858154,1,1247,1183,737,1137,1267,1302,1302
1543,29781,17588,2,0.8772918581962585,0.9066351652145386,0.02934330701828003,1,1100,291,9,169,1128,929,929
1544,29783,18276,6,0.9546464681625366,0.8689975738525391,-0.08564889430999756,0,17,25,439,36,18,17,17
1545,29791,18307,3,0.8390060067176819,0.867275059223175,0.028269052505493164,1,576,627,366,587,554,491,491
1546,29842,18334,3,0.869994044303894,0.8935424089431763,0.023548364639282227,1,782,653,430,611,771,699,699
1547,29843,14145,2,0.9252162575721741,0.8848720192909241,-0.04034423828125,0,36,13,618,10,43,29,29
1548,29847,16349,2,0.8935621976852417,0.9105592370033264,0.016997039318084717,1,75,195,697,229,72,71,71
1549,29874,6337,2,0.9405968189239502,0.8738864660263062,-0.06671035289764404,0,48,22,1272,39,47,65,65
1550,29892,11596,3,0.8998286724090576,0.8879250884056091,-0.011903584003448486,0,802,358,694,406,797,811,811
1551,29895,15709,4,0.8979521989822388,0.8957034945487976,-0.002248704433441162,0,1075,385,199,338,1061,940,940
1552,29918,17003,1,0.8642346262931824,0.9038674831390381,0.03963285684585571,1,102,228,733,248,98,96,96
1553,29941,18265,3,0.9152088165283203,0.8461956977844238,-0.06901311874389648,0,5,4,666,4,5,6,6
1554,30073,18288,1,0.8324406147003174,0.9021350145339966,0.0696943998336792,1,292,747,999,828,239,281,281
1555,30103,8135,2,0.8551104664802551,0.8851884007453918,0.03007793426513672,1,200,754,951,817,196,234,234
1556,30154,4868,2,0.8663510680198669,0.8990156054496765,0.03266453742980957,1,401,316,99,247,384,254,254
1557,30345,16068,2,0.8826785087585449,0.8891459107398987,0.00646740198135376,1,192,653,1330,978,202,344,344
1558,30444,17090,8,0.9033728837966919,0.8260200023651123,-0.07735288143157959,0,16,80,713,108,16,14,14
1559,30451,18309,3,0.8944322466850281,0.8875463604927063,-0.006885886192321777,0,51,122,509,140,59,58,58
1560,30454,18276,6,0.9273324012756348,0.8686338663101196,-0.05869853496551514,0,50,89,435,86,56,52,52
1561,30455,18280,4,0.8993276357650757,0.8738139271736145,-0.02551370859146118,0,43,252,681,287,40,46,46
1562,30577,11570,2,0.86256343126297,0.8928770422935486,0.030313611030578613,1,248,748,1107,843,235,311,311
1563,30704,5186,2,0.8833816051483154,0.859070897102356,-0.024310708045959473,0,41,334,1266,475,38,43,43
1564,30725,14604,2,0.9022243618965149,0.9193702340126038,0.017145872116088867,1,291,145,565,153,241,230,230
1565,30886,9383,2,0.8847121596336365,0.8822337985038757,-0.002478361129760742,0,423,1151,1290,1202,404,581,581
1566,30946,5305,3,0.9434708952903748,0.90202796459198,-0.041442930698394775,0,18,40,262,34,17,18,18
1567,30957,18261,3,0.8845967650413513,0.8839550018310547,-0.0006417632102966309,0,393,187,294,172,365,286,286
1568,30974,15606,2,0.9532901644706726,0.8903717994689941,-0.06291836500167847,0,65,46,981,41,67,66,66
1569,30976,18347,5,0.8304911255836487,0.8125149011611938,-0.017976224422454834,0,1167,1325,1331,1336,1191,1292,1292
1570,31077,11144,2,0.8820277452468872,0.9184154868125916,0.036387741565704346,1,230,1181,876,1155,230,248,248
1571,31079,18355,2,0.8955175280570984,0.8892388343811035,-0.006278693675994873,0,42,485,1186,627,43,60,60
1572,31135,8813,2,0.8840060234069824,0.934629499912262,0.05062347650527954,1,641,390,6,225,645,339,339
1573,31287,18290,3,0.8190406560897827,0.8626511096954346,0.043610453605651855,1,1018,1273,696,1246,1033,1048,1048
1574,31303,6345,3,0.888924241065979,0.8958715200424194,0.00694727897644043,1,794,700,414,644,781,718,718
1575,31313,17991,2,0.8873946666717529,0.8892077803611755,0.0018131136894226074,1,336,189,342,175,338,282,282
1576,31364,18255,2,0.8841383457183838,0.9166303873062134,0.03249204158782959,1,141,795,482,766,159,134,134
1577,31386,10110,3,0.8927913904190063,0.889585018157959,-0.0032063722610473633,0,685,327,668,371,692,665,665
1578,31431,17566,2,0.8644864559173584,0.8639591336250305,-0.0005273222923278809,0,52,323,1238,469,47,74,74
1579,31445,18307,3,0.8603180646896362,0.8671609163284302,0.006842851638793945,1,650,488,371,455,633,557,557
1580,31487,5686,2,0.7969087958335876,0.8722901344299316,0.075381338596344,1,1312,1169,293,1087,1301,1293,1293
1581,31545,18307,5,0.8588190674781799,0.8571197986602783,-0.0016992688179016113,0,1274,847,109,686,1270,1199,1199
1582,31669,18044,2,0.9074445962905884,0.8891521692276001,-0.01829242706298828,0,170,141,840,178,184,192,192
1583,31686,9968,2,0.8209075927734375,0.8385007977485657,0.017593204975128174,1,901,827,877,878,867,932,932
1584,31688,10251,2,0.874093770980835,0.9188195466995239,0.044725775718688965,1,1001,993,68,787,994,846,846
1585,31762,14841,1,0.8808555006980896,0.9019783139228821,0.02112281322479248,1,387,582,409,547,366,302,302
1586,31773,8308,3,0.8629812598228455,0.8796257972717285,0.016644537448883057,1,1014,782,331,716,1012,924,924
1587,31774,5868,2,0.9200294613838196,0.9223610758781433,0.0023316144943237305,1,319,240,340,197,297,218,218
1588,31778,11023,2,0.8219783902168274,0.9123926162719727,0.09041422605514526,1,93,1095,781,1114,90,82,82
1589,31803,18250,6,0.9192254543304443,0.8110905885696411,-0.10813486576080322,0,36,17,1145,40,27,39,39
1590,31818,18307,3,0.8464239239692688,0.8673171401023865,0.020893216133117676,1,795,614,365,558,771,691,691
1591,31864,14601,2,0.7805109024047852,0.8346530795097351,0.05414217710494995,1,687,1272,996,1280,704,796,796
1592,31910,10152,2,0.8814488053321838,0.8892784714698792,0.007829666137695312,1,306,264,500,254,307,253,253
1593,31936,13064,1,0.8361741304397583,0.8958972692489624,0.0597231388092041,1,1138,1186,1291,1253,1143,1245,1245
1594,32040,18289,3,0.9293461441993713,0.9041755199432373,-0.025170624256134033,0,47,207,888,253,47,41,41
1595,32082,11615,2,0.8875426054000854,0.8843346834182739,-0.0032079219818115234,0,95,145,544,159,72,69,69
1596,32154,18349,3,0.8716716766357422,0.8984507918357849,0.026779115200042725,1,1194,317,540,317,1192,1188,1188
1597,32518,18334,2,0.9050819277763367,0.8931023478507996,-0.01197957992553711,0,250,104,531,114,216,207,207
1598,32556,13328,2,0.9206823110580444,0.8535010814666748,-0.06718122959136963,0,4,11,1303,24,4,6,6
1599,32631,17566,3,0.8728542327880859,0.8669154047966003,-0.005938827991485596,0,153,712,1135,812,154,194,194
1600,32635,13448,1,0.8593775033950806,0.89698725938797,0.037609755992889404,1,304,289,934,363,338,388,388
1601,32673,18261,2,0.8848795890808105,0.8843022584915161,-0.0005773305892944336,0,167,119,343,125,145,108,108
1602,32681,18272,3,0.8634821772575378,0.9131355881690979,0.04965341091156006,1,867,1143,341,1060,844,785,785
1603,32704,15563,2,0.924781322479248,0.9037988781929016,-0.020982444286346436,0,148,123,826,164,155,132,132
1604,32746,17266,1,0.9411877393722534,0.9302539229393005,-0.01093381643295288,0,2,146,947,206,2,2,2
1605,32750,18281,2,0.8924843668937683,0.8996925354003906,0.0072081685066223145,1,547,130,114,113,511,376,376
1606,32818,18307,4,0.8636857271194458,0.8627302646636963,-0.0009554624557495117,0,416,174,173,152,396,317,317
1607,32856,18231,3,0.8848491311073303,0.896661639213562,0.01181250810623169,1,701,744,527,733,682,667,667
1608,32858,17437,1,0.8331929445266724,0.8897523283958435,0.05655938386917114,1,1221,697,240,606,1248,1210,1210
1609,32884,13348,2,0.8016124963760376,0.8838510513305664,0.08223855495452881,1,1015,1311,1242,1315,969,1110,1110
1610,32912,15063,2,0.8514008522033691,0.8936110734939575,0.04221022129058838,1,1144,1275,1122,1269,1142,1243,1243
1611,32938,16049,2,0.8356215357780457,0.8689663410186768,0.033344805240631104,1,570,476,868,541,526,574,574
1612,32954,10861,1,0.8840177655220032,0.890102207660675,0.006084442138671875,1,198,53,225,33,211,148,148
1613,32996,18334,3,0.8805974125862122,0.8938553929328918,0.013257980346679688,1,832,481,414,470,802,710,710
1614,33081,17441,1,0.9602944254875183,0.90132737159729,-0.05896705389022827,0,1,16,1289,34,1,5,5
1615,33116,18315,2,0.8626668453216553,0.9189481735229492,0.056281328201293945,1,451,313,313,288,406,342,342
1616,33155,9944,3,0.7737061977386475,0.840612530708313,0.06690633296966553,1,244,1058,678,1017,242,248,248
1617,33156,18274,5,0.875675618648529,0.8167961835861206,-0.05887943506240845,0,176,703,1317,870,181,305,305
1618,33159,18307,2,0.8281847238540649,0.8753293752670288,0.04714465141296387,1,856,708,228,621,867,736,736
1619,33166,18307,2,0.9247552752494812,0.8740018606185913,-0.05075341463088989,0,48,3,246,1,53,38,38
1620,33184,11226,2,0.9294533729553223,0.8987767696380615,-0.030676603317260742,0,5,6,173,6,5,5,5
1621,33275,7091,2,0.8767062425613403,0.8865282535552979,0.00982201099395752,1,722,581,426,557,712,670,670
1622,33432,17188,2,0.8499188423156738,0.8793638348579407,0.029444992542266846,1,1105,774,235,693,1056,971,971
1623,33482,18177,3,0.8626301884651184,0.8900156617164612,0.027385473251342773,1,713,495,85,393,709,548,548
1624,33502,12335,2,0.8436877727508545,0.9043267369270325,0.06063896417617798,1,1283,1165,333,1106,1273,1269,1269
1625,33611,18307,5,0.8639155626296997,0.8576208353042603,-0.006294727325439453,0,520,394,99,309,528,355,355
1626,33614,18334,3,0.8614649772644043,0.8948988914489746,0.03343391418457031,1,862,744,393,672,840,793,793
1627,33655,16935,1,0.8568602204322815,0.903071939945221,0.04621171951293945,1,832,418,23,280,820,590,590
1628,33659,18309,3,0.8972119092941284,0.8880203366279602,-0.009191572666168213,0,1052,188,490,194,1020,967,967
1629,33690,18307,2,0.8155591487884521,0.8751745820045471,0.05961543321609497,1,1200,1201,226,1123,1202,1162,1162
1630,33786,18287,3,0.831736147403717,0.7946010231971741,-0.03713512420654297,0,134,108,1330,252,134,220,220
1631,33851,17477,2,0.8794044256210327,0.9078394770622253,0.028435051441192627,1,1223,699,52,521,1173,1052,1052
1632,33913,13873,3,0.8972886204719543,0.9031654596328735,0.0058768391609191895,1,238,1127,1170,1152,248,310,310
1633,34025,18290,2,0.8468471169471741,0.8571335077285767,0.010286390781402588,1,581,691,963,756,530,610,610
1634,34085,14757,1,0.8235408067703247,0.892607569694519,0.06906676292419434,1,929,945,52,757,947,787,787
1635,34141,18187,2,0.8816588521003723,0.9312413930892944,0.04958254098892212,1,574,720,17,523,502,286,286
1636,34248,17464,2,0.8225843906402588,0.8353893756866455,0.012804985046386719,1,375,1108,1311,1173,344,482,482
1637,34252,18334,2,0.8746072053909302,0.8935132622718811,0.018906056880950928,1,90,487,509,484,94,83,83
1638,34273,18278,4,0.8732689023017883,0.8971479535102844,0.023879051208496094,1,1112,780,155,673,1037,886,886
1639,34295,17303,1,0.9575896859169006,0.9274061918258667,-0.030183494091033936,0,92,36,521,25,74,52,52
1640,34360,16157,2,0.930128276348114,0.9137133359909058,-0.016414940357208252,0,288,97,531,82,245,197,197
1641,34404,18290,3,0.8093134760856628,0.8629929423332214,0.053679466247558594,1,1148,1319,685,1311,1148,1160,1160
1642,34423,17090,5,0.9062666893005371,0.8193532824516296,-0.08691340684890747,0,12,58,1267,140,13,13,13
1643,34424,18261,3,0.880565345287323,0.8839712738990784,0.003405928611755371,1,54,375,288,345,52,43,43
1644,34432,14400,2,0.7683582901954651,0.8138055205345154,0.04544723033905029,1,1091,1266,604,1247,1095,1086,1086
1645,34482,18252,2,0.947343647480011,0.879692018032074,-0.06765162944793701,0,37,53,1187,70,35,48,48
1646,34491,18315,3,0.9471919536590576,0.9061371088027954,-0.04105484485626221,0,1,33,617,52,1,1,1
1647,34604,18315,3,0.9031399488449097,0.9069370031356812,0.0037970542907714844,1,632,693,600,670,595,579,579
1648,34626,18326,5,0.8105919361114502,0.8362051248550415,0.02561318874359131,1,1013,1296,372,1260,1061,1012,1012
1649,34804,12274,1,0.779896080493927,0.8634437322616577,0.08354765176773071,1,1048,818,645,819,979,991,991
1650,34836,17261,2,0.9230051040649414,0.9110040664672852,-0.01200103759765625,0,19,39,488,44,17,14,14
1651,34837,18190,3,0.9398626685142517,0.9097558259963989,-0.030106842517852783,0,46,88,1088,118,48,54,54
1652,34949,16948,2,0.9259225130081177,0.9115085005760193,-0.014414012432098389,0,111,94,949,107,120,131,131
1653,34968,10130,2,0.8869497179985046,0.8908330202102661,0.0038833022117614746,1,501,100,109,85,443,306,306
1654,34979,10153,2,0.7929360270500183,0.8816086053848267,0.08867257833480835,1,454,1273,1244,1298,431,611,611
1655,34989,18352,1,0.8361043930053711,0.9115116596221924,0.07540726661682129,1,44,250,547,281,44,45,45
1656,35016,18195,2,0.8495392203330994,0.8599706888198853,0.010431468486785889,1,20,135,1009,203,20,20,20
1657,35022,18307,2,0.811767578125,0.8752782344818115,0.06351065635681152,1,1319,664,229,550,1309,1296,1296
1658,35031,18307,3,0.80661541223526,0.8675521016120911,0.060936689376831055,1,793,1270,363,1229,773,704,704
1659,35033,18258,3,0.876347541809082,0.8983046412467957,0.021957099437713623,1,629,501,268,450,613,520,520
1660,35044,18352,1,0.7823823094367981,0.912616491317749,0.13023418188095093,1,1016,1181,493,1148,1003,963,963
1661,35058,18298,2,0.8874924182891846,0.8966824412345886,0.009190022945404053,1,34,816,923,850,25,34,34
1662,35059,18309,2,0.6854215860366821,0.8938390612602234,0.20841747522354126,1,1233,1075,390,1010,1200,1190,1190
1663,35068,18356,3,0.7320461869239807,0.8518350720405579,0.11978888511657715,1,492,579,1160,728,457,585,585
1664,35087,18346,4,0.9152774214744568,0.9038760662078857,-0.011401355266571045,0,274,476,609,479,237,221,221
1665,35089,16492,2,0.9281690716743469,0.9020891785621643,-0.026079893112182617,0,334,24,437,25,288,251,251
1666,35094,12924,2,0.8827669024467468,0.9149715900421143,0.03220468759536743,1,335,1050,1219,1135,352,461,461
1667,35098,18209,2,0.8737272024154663,0.8887230157852173,0.014995813369750977,1,139,370,836,426,131,137,137
1668,35103,18334,2,0.7581709623336792,0.896019458770752,0.13784849643707275,1,580,1137,453,1084,515,444,444
1669,35104,18334,2,0.8446949124336243,0.8937902450561523,0.049095332622528076,1,103,834,508,780,106,82,82
1670,35110,18307,3,0.8137052655220032,0.8669939041137695,0.05328863859176636,1,478,130,382,131,461,408,408
1671,35122,18309,2,0.8612040877342224,0.8929479718208313,0.03174388408660889,1,1186,699,416,647,1184,1186,1186
1672,35133,15755,2,0.8877983689308167,0.8845387101173401,-0.0032596588134765625,0,268,144,376,115,273,198,198
1673,35214,18341,3,0.9366382956504822,0.8952608108520508,-0.041377484798431396,0,58,31,679,43,54,55,55
1674,35218,18334,3,0.8718979954719543,0.8930327892303467,0.021134793758392334,1,518,319,456,306,492,453,453
1675,35227,11501,2,0.8911228775978088,0.9066116213798523,0.015488743782043457,1,752,862,1243,994,750,950,950
1676,35252,17943,2,0.7983275651931763,0.8866714239120483,0.08834385871887207,1,1308,583,147,472,1306,1292,1292
1677,35256,17588,2,0.8559605479240417,0.9063079357147217,0.05034738779067993,1,1206,189,10,104,1184,944,944
1678,35262,18276,2,0.90993732213974,0.9349641799926758,0.02502685785293579,1,516,194,50,143,511,332,332
1679,35280,18327,2,0.8731415867805481,0.8890108466148376,0.01586925983428955,1,89,353,1067,463,90,109,109
1680,35296,17588,3,0.8912967443466187,0.9079364538192749,0.01663970947265625,1,688,185,11,121,683,380,380
1681,35391,18307,2,0.8465135097503662,0.8748207688331604,0.02830725908279419,1,955,178,238,155,930,818,818
1682,35419,18287,2,0.8229745626449585,0.7988601326942444,-0.02411442995071411,0,29,535,1325,741,29,54,54
1683,35446,18290,2,0.7858976721763611,0.8576760292053223,0.07177835702896118,1,52,250,952,322,53,62,62
1684,35458,18356,2,0.6657595038414001,0.8477914333343506,0.18203192949295044,1,439,1326,1277,1335,449,658,658
1685,35470,18352,1,0.8361043930053711,0.9115116596221924,0.07540726661682129,1,44,250,547,281,44,45,45
1686,35515,17090,2,0.8041566610336304,0.8522376418113708,0.04808098077774048,1,707,1240,1257,1266,608,806,806
1687,35526,18146,6,0.940939724445343,0.8670921921730042,-0.07384753227233887,0,39,107,835,136,37,40,40
1688,35529,18134,3,0.8579460978507996,0.8706813454627991,0.012735247611999512,1,1224,1174,880,1151,1213,1246,1246
1689,35572,18356,2,0.7924208641052246,0.8481349945068359,0.05571413040161133,1,253,1164,1267,1204,252,374,374
1690,35575,18280,4,0.88155597448349,0.8741409182548523,-0.007415056228637695,0,216,687,670,692,218,220,220
1691,35579,18237,1,0.7976721525192261,0.8844113349914551,0.086739182472229,1,882,1040,359,953,903,814,814
1692,35588,18248,2,0.9297106862068176,0.9123818278312683,-0.017328858375549316,0,8,162,839,218,6,6,6
