row_id,user,target,prefix_length,history_group,interest_diversity,semantic_gap,best_history_image_similarity,best_history_text_similarity,gap_quartile,gap_group,diversity_group
0,17,22665,2,2-3,0.825510710477829,0.7187137603759766,0.12373945862054825,0.3206729590892792,4,Q4-high,High
1,29,22642,10,>=6,0.6708469092845917,0.4839664101600647,0.395526647567749,0.5461603403091431,2,Q2,High
2,31,22893,6,>=6,0.6469132006168365,0.6599813401699066,0.15216559171676636,0.38698190450668335,4,Q4-high,High
3,45,23031,2,2-3,0.535127192735672,0.6509422659873962,0.19336673617362976,0.38798049092292786,4,Q4-high,Low
4,53,7596,6,>=6,0.6775058507919312,0.38369834423065186,0.26411786675453186,0.704347550868988,1,Q1-low,High
5,55,21826,2,2-3,0.629713773727417,0.3860766291618347,0.09269072115421295,0.7442315816879272,1,Q1-low,Medium
6,80,6054,2,2-3,0.7939789891242981,0.7775577455759048,0.07146097719669342,0.260187566280365,4,Q4-high,High
7,87,16756,3,2-3,0.4097446799278259,0.30565714836120605,0.3932968080043793,0.7696043252944946,1,Q1-low,Low
8,112,8,2,2-3,0.610810786485672,0.5979391038417816,0.2017804980278015,0.4521309733390808,3,Q3,Medium
9,152,22453,2,2-3,0.6573143899440765,0.49121880531311035,0.3329879343509674,0.5527294874191284,2,Q2,High
10,161,9983,4,4-5,0.543706625699997,0.5230868756771088,0.24471724033355713,0.5349620580673218,2,Q2,Low
11,183,23032,5,4-5,0.5891596376895905,0.5587611198425293,0.12218805402517319,0.5210015773773193,3,Q3,Medium
12,205,2528,2,2-3,0.5136327743530273,0.5626369416713715,0.20634570717811584,0.4951173663139343,3,Q3,Low
13,226,41,3,2-3,0.6028119623661041,0.5164746046066284,0.37739384174346924,0.5100582838058472,2,Q2,Medium
14,239,11170,2,2-3,0.5218929648399353,0.5579949021339417,0.3523781895637512,0.46441182494163513,3,Q3,Low
15,252,4668,2,2-3,0.6893119812011719,0.4275367856025696,0.2498105764389038,0.6531263589859009,1,Q1-low,High
16,291,6572,3,2-3,0.7435328364372253,0.5016506016254425,0.1951006054878235,0.5741615891456604,2,Q2,High
17,323,1062,2,2-3,0.6940818428993225,0.5760552883148193,0.15844669938087463,0.4903191924095154,3,Q3,High
18,335,4501,3,2-3,0.5134642422199249,0.6335647404193878,0.2918597161769867,0.38507914543151855,4,Q4-high,Low
19,352,19666,2,2-3,0.5496239066123962,0.3487584590911865,0.38631224632263184,0.7174738645553589,1,Q1-low,Low
20,367,21826,3,2-3,0.26894456148147583,0.6071762442588806,0.32702305912971497,0.4092739224433899,3,Q3,Low
21,396,22052,10,>=6,0.6554105579853058,0.5545428395271301,0.07747983932495117,0.5374515056610107,3,Q3,High
22,407,22018,2,2-3,0.6101592183113098,0.4965132474899292,0.1942451298236847,0.5807971954345703,2,Q2,Medium
23,420,23009,2,2-3,0.7112953662872314,0.6533330380916595,0.2494218647480011,0.3709782361984253,4,Q4-high,High
24,427,21170,2,2-3,0.6003715395927429,0.6167873442173004,0.17034649848937988,0.4364291727542877,3,Q3,Medium
25,442,7239,3,2-3,0.20512014627456665,0.44647204875946045,0.4239518344402313,0.5859220027923584,1,Q1-low,Low
26,444,21451,2,2-3,0.7507327049970627,0.12059241533279419,0.5604497194290161,0.959147036075592,1,Q1-low,High
27,452,2064,3,2-3,0.6895212531089783,0.44880491495132446,0.3409348428249359,0.6037601232528687,1,Q1-low,High
28,453,19378,2,2-3,0.7528378665447235,0.5910433232784271,0.1482006311416626,0.47414565086364746,3,Q3,High
29,464,4689,2,2-3,0.44211113452911377,0.6616119742393494,0.2269434630870819,0.366249144077301,4,Q4-high,Low
30,488,21586,3,2-3,0.6248251497745514,0.49375659227371216,0.20279189944267273,0.5821062922477722,2,Q2,Medium
31,501,19594,3,2-3,0.6307193338871002,0.31002795696258545,0.6278464794158936,0.7055034637451172,1,Q1-low,Medium
32,504,2461,3,2-3,0.6443414986133575,0.6886196434497833,0.4257045388221741,0.28279930353164673,4,Q4-high,High
33,525,17654,3,2-3,0.625704437494278,0.6520301699638367,0.1629817634820938,0.3942168354988098,4,Q4-high,Medium
34,527,19870,3,2-3,0.24958783388137817,0.6780720055103302,0.17851170897483826,0.3577820658683777,4,Q4-high,Low
35,544,10495,2,2-3,0.5353120267391205,0.5002084076404572,0.6174135208129883,0.4703861176967621,2,Q2,Low
36,549,14862,1,1,,0.35462892055511475,0.7047046422958374,0.6305376291275024,1,Q1-low,Single-history
37,552,335,2,2-3,0.5016663670539856,0.6209004819393158,0.21086379885673523,0.42115843296051025,3,Q3,Low
38,554,30,3,2-3,0.5616414546966553,0.6121005117893219,0.2851455807685852,0.41358792781829834,3,Q3,Medium
39,557,3111,5,4-5,0.6813773214817047,0.4512672424316406,0.30381646752357483,0.6099618673324585,2,Q2,High
40,567,23026,7,>=6,0.5785101354122162,0.5117946267127991,0.36749979853630066,0.5183817744255066,2,Q2,Medium
41,570,22330,8,>=6,0.6482715308666229,0.32166749238967896,0.38888242840766907,0.750694990158081,1,Q1-low,High
42,574,31,2,2-3,0.6291104257106781,0.6375223100185394,0.20918676257133484,0.4008004069328308,4,Q4-high,Medium
43,575,32,2,2-3,0.6077567040920258,0.610109955072403,0.2620944380760193,0.4218389391899109,3,Q3,Medium
44,581,9265,2,2-3,0.6629216372966766,0.4099528193473816,0.3539743721485138,0.649065375328064,1,Q1-low,High
45,593,16348,7,>=6,0.6183230578899384,0.4434155821800232,0.3540240526199341,0.6072244644165039,1,Q1-low,Medium
46,611,16050,10,>=6,0.5395258963108063,0.570954442024231,0.3604467511177063,0.4461952745914459,3,Q3,Low
47,625,3518,7,>=6,0.5429907441139221,0.6455015242099762,0.1984521597623825,0.39351004362106323,4,Q4-high,Low
48,630,20548,2,2-3,0.5572073459625244,0.5145474076271057,0.12849494814872742,0.5746920108795166,2,Q2,Medium
49,637,36,3,2-3,0.4830056428909302,0.43559908866882324,0.5562595129013062,0.566436231136322,1,Q1-low,Low
50,650,19094,1,1,,0.6748918890953064,0.3509054481983185,0.3186587393283844,4,Q4-high,Single-history
51,664,10306,2,2-3,0.773966446518898,0.26295608282089233,0.4394158124923706,0.8114508986473083,1,Q1-low,High
52,665,16079,1,1,,0.4988069534301758,0.38583847880363464,0.530031681060791,2,Q2,Single-history
53,669,3575,4,4-5,0.6234662532806396,0.287317156791687,0.4013323187828064,0.790520429611206,1,Q1-low,Medium
54,749,22890,7,>=6,0.5540154874324799,0.46633249521255493,0.4372887909412384,0.5577622056007385,2,Q2,Low
55,778,6693,3,2-3,0.6370415687561035,0.4405214786529541,0.5374309420585632,0.5649904608726501,1,Q1-low,Medium
56,839,15852,1,1,,0.3907597064971924,0.22401553392410278,0.705546498298645,1,Q1-low,Single-history
57,852,18811,3,2-3,0.4555637836456299,0.6146567165851593,0.24578405916690826,0.4202330708503723,3,Q3,Low
58,855,3420,4,4-5,0.5443354547023773,0.41960227489471436,0.3040596544742584,0.6494821906089783,1,Q1-low,Low
59,857,2150,9,>=6,0.5595972537994385,0.4274709224700928,0.41897857189178467,0.6109167337417603,1,Q1-low,Medium
60,867,21936,1,1,,0.5958979427814484,0.1756020337343216,0.46122705936431885,3,Q3,Single-history
61,899,15381,2,2-3,0.6580512523651123,0.5899035334587097,0.18846310675144196,0.46550482511520386,3,Q3,High
62,900,20703,3,2-3,0.6227886378765106,0.5250610113143921,0.20885147154331207,0.5414608716964722,2,Q2,Medium
63,913,17450,2,2-3,0.6486808061599731,0.5189543068408966,0.14503777027130127,0.5650476813316345,2,Q2,High
64,929,50,2,2-3,0.6616550087928772,0.5109983086585999,0.34981703758239746,0.523797869682312,2,Q2,High
65,943,9665,6,>=6,0.5717189013957977,0.47891736030578613,0.2297469824552536,0.5939165353775024,2,Q2,Medium
66,947,22007,2,2-3,0.5063369274139404,0.5915564298629761,0.29353514313697815,0.43717068433761597,3,Q3,Low
67,948,21372,5,4-5,0.6028324961662292,0.4858536720275879,0.2954263687133789,0.5688263177871704,2,Q2,Medium
68,963,18233,5,4-5,0.6105708479881287,0.3763880729675293,0.7877577543258667,0.5825754404067993,1,Q1-low,Medium
69,980,21904,10,>=6,0.5692932605743408,0.29335957765579224,0.515522837638855,0.75441974401474,1,Q1-low,Medium
70,1021,20072,2,2-3,0.6563495993614197,0.649269163608551,0.11562661081552505,0.4095068871974945,4,Q4-high,High
71,1022,5390,8,>=6,0.608422577381134,0.46838146448135376,0.391651451587677,0.5666102766990662,2,Q2,Medium
72,1042,16559,2,2-3,0.5575781464576721,0.6866246163845062,0.09806475043296814,0.3672030568122864,4,Q4-high,Medium
73,1045,21489,3,2-3,0.7116885483264923,0.47623056173324585,0.44488948583602905,0.5434894561767578,2,Q2,High
74,1084,7111,4,4-5,0.6318360865116119,0.4866577982902527,0.5995931625366211,0.4917794466018677,2,Q2,Medium
75,1086,13086,3,2-3,0.7418692708015442,0.5042263865470886,0.39214247465133667,0.5216813683509827,2,Q2,High
76,1093,17474,4,4-5,0.5197162628173828,0.6048645973205566,0.1720435917377472,0.450908362865448,3,Q3,Low
77,1099,4944,3,2-3,0.5826070308685303,0.5531731247901917,0.13891565799713135,0.5238046646118164,3,Q3,Medium
78,1100,20057,2,2-3,0.6317816078662872,0.5599087178707123,0.17214225232601166,0.5070785284042358,3,Q3,Medium
79,1101,12982,10,>=6,0.6286901831626892,0.5444343090057373,0.5741628408432007,0.4259163737297058,2,Q2,Medium
80,1109,7276,8,>=6,0.5906656086444855,0.7537819594144821,0.23615366220474243,0.24873413145542145,4,Q4-high,Medium
81,1118,13004,2,2-3,0.6316634118556976,0.5079953372478485,0.26867765188217163,0.547836422920227,2,Q2,Medium
82,1132,7828,4,4-5,0.5013261139392853,0.3456704020500183,0.41845059394836426,0.7132993340492249,1,Q1-low,Low
83,1133,373,2,2-3,0.6548431217670441,0.4820919632911682,0.3981279730796814,0.5478530526161194,2,Q2,High
84,1162,15423,2,2-3,0.6891998052597046,0.5705095529556274,0.3026700019836426,0.46119555830955505,3,Q3,High
85,1172,5521,3,2-3,0.733689159154892,0.47571414709091187,0.2235662043094635,0.5994657874107361,2,Q2,High
86,1177,13059,6,>=6,0.36089789867401123,0.620410144329071,0.1958177387714386,0.42553287744522095,3,Q3,Low
87,1184,8459,7,>=6,0.6954790949821472,0.2857077121734619,0.6692911386489868,0.7255425453186035,1,Q1-low,High
88,1185,21451,5,4-5,0.6486162841320038,0.2894582748413086,0.3902260661125183,0.7906206846237183,1,Q1-low,High
89,1196,67,2,2-3,0.6548671126365662,0.6519145667552948,0.37686020135879517,0.3408917188644409,4,Q4-high,High
90,1202,11276,2,2-3,0.6446257829666138,0.5771025121212006,0.17642521858215332,0.484515517950058,3,Q3,High
91,1211,3016,3,2-3,0.6159563362598419,0.6458349525928497,0.2794035077095032,0.37285542488098145,4,Q4-high,Medium
92,1217,22845,4,4-5,0.6604855954647064,0.4345008134841919,0.47648996114730835,0.5877515077590942,1,Q1-low,High
93,1226,4083,7,>=6,0.6414553225040436,0.22279345989227295,0.43490731716156006,0.862781286239624,1,Q1-low,Medium
94,1230,10413,4,4-5,0.5636799037456512,0.46156471967697144,0.30476114153862,0.5968537926673889,2,Q2,Medium
95,1279,23008,10,>=6,0.6158832013607025,0.5340283811092377,0.38416939973831177,0.48642218112945557,2,Q2,Medium
96,1281,20992,1,1,,0.6057697534561157,0.17200422286987305,0.4497867226600647,3,Q3,Single-history
97,1284,9598,5,4-5,0.2944790720939636,0.1364193558692932,0.6660436391830444,0.9129648208618164,1,Q1-low,Low
98,1304,13392,3,2-3,0.4577062726020813,0.5567418336868286,0.24595658481121063,0.4925835430622101,3,Q3,Low
99,1307,21983,3,2-3,0.747795045375824,0.6747418642044067,0.359974205493927,0.31657910346984863,4,Q4-high,High
100,1326,5814,2,2-3,0.7130480706691742,0.6120095252990723,0.19481971859931946,0.4362831711769104,3,Q3,High
101,1337,3515,3,2-3,0.6033954322338104,0.38684898614883423,0.18899881839752197,0.7191890478134155,1,Q1-low,Medium
102,1369,22007,10,>=6,0.5712880790233612,0.507305920124054,0.2935444116592407,0.5424814820289612,2,Q2,Medium
103,1372,20668,5,4-5,0.6417558789253235,0.6080217361450195,0.17208468914031982,0.44695165753364563,3,Q3,High
104,1373,18656,8,>=6,0.6047681868076324,0.3985978364944458,0.2644784450531006,0.68563312292099,1,Q1-low,Medium
105,1380,270,3,2-3,0.5164979994297028,0.6627625823020935,0.15925726294517517,0.3817324638366699,4,Q4-high,Low
106,1418,11812,4,4-5,0.63484326004982,0.5587888956069946,0.21436531841754913,0.4979225695133209,3,Q3,Medium
107,1432,10011,2,2-3,0.1486772894859314,0.8580340445041656,0.11694809794425964,0.14822041988372803,4,Q4-high,Low
108,1437,17496,3,2-3,0.5002910792827606,0.5910475254058838,0.26171964406967163,0.44576066732406616,3,Q3,Low
109,1445,628,3,2-3,0.41533029079437256,0.5960261523723602,0.25144433975219727,0.4421062469482422,3,Q3,Low
110,1454,15337,2,2-3,0.5955788493156433,0.6592971384525299,0.10322774201631546,0.4000716209411621,4,Q4-high,Medium
111,1476,11968,2,2-3,0.8455544859170914,0.4180988073348999,0.20037589967250824,0.6772825121879578,1,Q1-low,High
112,1481,19454,2,2-3,0.14133018255233765,0.47624361515045166,0.6686602830886841,0.4875304102897644,2,Q2,Low
113,1501,1510,2,2-3,0.6380394101142883,0.6213195025920868,0.09203165769577026,0.45034268498420715,3,Q3,Medium
114,1517,2240,2,2-3,0.680939644575119,0.3792243003845215,0.6661150455474854,0.6094408631324768,1,Q1-low,High
115,1525,19093,2,2-3,0.6277772784233093,0.6039291024208069,0.4358503818511963,0.38612598180770874,3,Q3,Medium
116,1574,5187,4,4-5,0.7050445377826691,0.5702252984046936,0.20962966978549957,0.4848109483718872,3,Q3,High
117,1583,19186,2,2-3,0.3283180594444275,0.284390389919281,0.7099883556365967,0.7170149087905884,1,Q1-low,Low
118,1601,16414,2,2-3,0.6392428278923035,0.6658573746681213,0.23048008978366852,0.3600582480430603,4,Q4-high,Medium
119,1614,85,2,2-3,0.7018500566482544,0.5543175637722015,0.21664834022521973,0.5029409527778625,3,Q3,High
120,1617,85,5,4-5,0.5450396537780762,0.433433473110199,0.5332522988319397,0.5748950839042664,1,Q1-low,Low
121,1624,21350,10,>=6,0.7159894704818726,0.3230060935020447,0.5793263912200928,0.7014107704162598,1,Q1-low,High
122,1626,8303,10,>=6,0.6372410356998444,0.42966747283935547,0.17755988240242004,0.6685256958007812,1,Q1-low,Medium
123,1639,16850,3,2-3,0.5486647188663483,0.6339072585105896,0.2025270164012909,0.4069841504096985,4,Q4-high,Low
124,1648,2282,2,2-3,0.6553832292556763,0.4152602553367615,0.6134237051010132,0.577568769454956,1,Q1-low,High
125,1723,1862,3,2-3,0.5906535685062408,0.6915896832942963,0.13710767030715942,0.3512359857559204,4,Q4-high,Medium
126,1743,23032,8,>=6,0.6303279101848602,0.4269169569015503,0.21875916421413422,0.6616640090942383,1,Q1-low,Medium
127,1765,17957,4,4-5,0.6171064078807831,0.47228729724884033,0.5027552247047424,0.5339520573616028,2,Q2,Medium
128,1766,22217,8,>=6,0.5212700664997101,0.6716804802417755,0.2964686155319214,0.33628225326538086,4,Q4-high,Low
129,1798,21218,3,2-3,0.7287526726722717,0.600212812423706,0.26558589935302734,0.4333375096321106,3,Q3,High
130,1818,13145,1,1,,0.6605651378631592,0.10301539301872253,0.3985397219657898,4,Q4-high,Single-history
131,1826,19653,1,1,,0.600715845823288,0.2986922264099121,0.42443209886550903,3,Q3,Single-history
132,1829,3843,3,2-3,0.6554961502552032,0.4542127251625061,0.18260818719863892,0.63658207654953,2,Q2,High
133,1830,23014,5,4-5,0.5547841489315033,0.3011876940727234,0.14134681224822998,0.8381786942481995,1,Q1-low,Medium
134,1846,18838,1,1,,0.5626555383205414,0.24693894386291504,0.4849458336830139,3,Q3,Single-history
135,1860,13318,4,4-5,0.6591039001941681,0.4257580637931824,0.27916842699050903,0.64801025390625,1,Q1-low,High
136,1885,13115,3,2-3,0.699692577123642,0.6015725135803223,0.1358560472726822,0.46407032012939453,3,Q3,High
137,1890,9168,5,4-5,0.6550914347171783,0.463375985622406,0.3161911368370056,0.5917322039604187,2,Q2,High
138,1929,5599,10,>=6,0.6276833415031433,0.3469158411026001,0.3599012494087219,0.7263798713684082,1,Q1-low,Medium
139,1936,108,3,2-3,0.6084922254085541,0.6266637444496155,0.21133045852184296,0.4138377010822296,4,Q4-high,Medium
140,1939,108,2,2-3,0.7431803941726685,0.528641939163208,0.3509191870689392,0.501467764377594,2,Q2,High
141,1940,21981,4,4-5,0.6509944498538971,0.5934943854808807,0.2764852046966553,0.43901070952415466,3,Q3,High
142,1951,20719,5,4-5,0.6619044244289398,0.5178185403347015,0.17185473442077637,0.5597631335258484,2,Q2,High
143,2002,3811,2,2-3,0.5717974007129669,0.5989688336849213,0.18573907017707825,0.45485419034957886,3,Q3,Medium
144,2017,7390,3,2-3,0.7182932198047638,0.4867309331893921,0.28888022899627686,0.5693662762641907,2,Q2,High
145,2023,7583,1,1,,0.6263696253299713,0.1755807101726532,0.42314279079437256,4,Q4-high,Single-history
146,2028,712,8,>=6,0.6589836180210114,0.3663598895072937,0.5849368572235107,0.6458159685134888,1,Q1-low,High
147,2049,18465,3,2-3,0.6279236376285553,0.6238038837909698,0.05862818658351898,0.45558810234069824,4,Q4-high,Medium
148,2063,21703,4,4-5,0.5303232967853546,0.3471212387084961,0.7222473621368408,0.6355366110801697,1,Q1-low,Low
149,2092,16740,2,2-3,0.33265984058380127,0.7361332178115845,0.12562763690948486,0.2984265685081482,4,Q4-high,Low
150,2097,13065,4,4-5,0.6723936796188354,0.5881194174289703,0.2276158332824707,0.45794677734375,3,Q3,High
151,2099,4650,2,2-3,0.6735565662384033,0.7238953709602356,0.07957320660352707,0.3252374827861786,4,Q4-high,High
152,2102,6517,2,2-3,0.5294443368911743,0.6123515665531158,0.17709678411483765,0.4402863681316376,3,Q3,Low
153,2146,20781,2,2-3,0.5905307233333588,0.5959402024745941,0.17415276169776917,0.46153655648231506,3,Q3,Medium
154,2215,3079,2,2-3,0.3500713109970093,0.450822114944458,0.31030502915382385,0.6088961362838745,1,Q1-low,Low
155,2227,11051,3,2-3,0.585532158613205,0.4492465853691101,0.23546522855758667,0.6295754313468933,1,Q1-low,Medium
156,2233,22792,2,2-3,0.5936063528060913,0.5510194599628448,0.385200560092926,0.46492552757263184,3,Q3,Medium
157,2245,22478,6,>=6,0.6483665108680725,0.6573548018932343,0.2431049644947052,0.3675302565097809,4,Q4-high,High
158,2247,22592,2,2-3,0.6731487810611725,0.6060161590576172,0.2333463579416275,0.43414318561553955,3,Q3,High
159,2252,4026,2,2-3,0.5760821104049683,0.5714716911315918,0.2236185371875763,0.4797557294368744,3,Q3,Medium
160,2266,15149,2,2-3,0.5767304599285126,0.59841188788414,0.38431572914123535,0.40590620040893555,3,Q3,Medium
161,2269,2719,10,>=6,0.6541675627231598,0.6520096361637115,0.2204066962003708,0.379886269569397,4,Q4-high,High
162,2291,9686,2,2-3,0.6702524423599243,0.399436354637146,0.39726004004478455,0.6513895988464355,1,Q1-low,High
163,2300,21919,3,2-3,0.5794974863529205,0.6780684888362885,0.09484633803367615,0.3787027895450592,4,Q4-high,Medium
164,2305,22821,5,4-5,0.6279953122138977,0.5867950022220612,0.2572953701019287,0.4521823823451996,3,Q3,Medium
165,2318,20407,2,2-3,0.5953052341938019,0.3301822543144226,0.4085168242454529,0.7351429462432861,1,Q1-low,Medium
166,2336,124,2,2-3,0.46699607372283936,0.6385333836078644,0.2621399760246277,0.386298269033432,4,Q4-high,Low
167,2346,461,2,2-3,0.48815953731536865,0.6786456108093262,0.2355312556028366,0.34281018376350403,4,Q4-high,Low
168,2348,14020,2,2-3,0.6585752964019775,0.7383974194526672,0.25544166564941406,0.26314279437065125,4,Q4-high,High
169,2364,128,2,2-3,0.4941987991333008,0.6661884486675262,0.1642480194568634,0.37620243430137634,4,Q4-high,Low
170,2367,6058,5,4-5,0.5611237585544586,0.6607780754566193,0.17126260697841644,0.3812117576599121,4,Q4-high,Medium
171,2387,21399,2,2-3,0.517030656337738,0.6391453444957733,0.25473806262016296,0.3873838186264038,4,Q4-high,Low
172,2423,134,1,1,,0.7219292521476746,0.21592411398887634,0.2936074137687683,4,Q4-high,Single-history
173,2449,741,3,2-3,0.49825745820999146,0.5321953296661377,0.36539754271507263,0.49340641498565674,2,Q2,Low
174,2478,16064,2,2-3,0.53459832072258,0.4537040591239929,0.1509532481431961,0.6451315879821777,2,Q2,Low
175,2488,11596,2,2-3,0.4089876413345337,0.7171509265899658,0.19988223910331726,0.3035908043384552,4,Q4-high,Low
176,2494,21406,3,2-3,0.7444851100444794,0.6411657929420471,0.4568679630756378,0.33432576060295105,4,Q4-high,High
177,2496,143,3,2-3,0.5071530044078827,0.22081536054611206,0.5292040109634399,0.8416798114776611,1,Q1-low,Low
178,2526,17229,4,4-5,0.5543380975723267,0.20001232624053955,0.4257065951824188,0.8935579657554626,1,Q1-low,Low
179,2554,23007,4,4-5,0.5559187829494476,0.5031003952026367,0.3537091910839081,0.5326972007751465,2,Q2,Medium
180,2584,22956,2,2-3,0.5925602912902832,0.32932984828948975,0.39878278970718384,0.7386419773101807,1,Q1-low,Medium
181,2586,19865,4,4-5,0.6220485270023346,0.5979616045951843,0.42849254608154297,0.39542484283447266,3,Q3,Medium
182,2591,21520,1,1,,0.5247048139572144,0.16051962971687317,0.553989052772522,2,Q2,Single-history
183,2599,19333,3,2-3,0.6116704642772675,0.42687535285949707,0.2302573025226593,0.6588414907455444,1,Q1-low,Medium
184,2613,20525,5,4-5,0.5758843421936035,0.4852306842803955,0.3521929979324341,0.5554133653640747,2,Q2,Medium
185,2619,153,3,2-3,0.31434422731399536,0.7808919697999954,0.11519394814968109,0.24508655071258545,4,Q4-high,Low
186,2639,22995,3,2-3,0.6399898529052734,0.6282006204128265,0.5361956357955933,0.3307003080844879,4,Q4-high,Medium
187,2651,295,4,4-5,0.6427634656429291,0.566044420003891,0.17868442833423615,0.49777334928512573,3,Q3,High
188,2670,17953,3,2-3,0.7542708516120911,0.6750422120094299,0.25738728046417236,0.3418503999710083,4,Q4-high,High
189,2673,15308,4,4-5,0.5839924812316895,0.42874008417129517,0.3589893877506256,0.624327540397644,1,Q1-low,Medium
190,2680,20055,2,2-3,0.6967023313045502,0.5007835924625397,0.38771122694015503,0.527092695236206,2,Q2,High
191,2701,6217,2,2-3,0.731220006942749,0.7350190877914429,0.09952977299690247,0.306343674659729,4,Q4-high,High
192,2708,13558,4,4-5,0.7856241017580032,0.6642223596572876,0.1420111209154129,0.384219229221344,4,Q4-high,High
193,2712,13216,2,2-3,0.710277795791626,0.5272493958473206,0.42893534898757935,0.4837043881416321,2,Q2,High
194,2760,14821,8,>=6,0.624948263168335,0.5467515587806702,0.5099536180496216,0.4390721321105957,2,Q2,Medium
195,2765,20927,5,4-5,0.5861873626708984,0.532535582780838,0.2752860188484192,0.5155090093612671,2,Q2,Medium
196,2780,17472,2,2-3,0.6556441783905029,0.7297467291355133,0.06273025274276733,0.32213401794433594,4,Q4-high,High
197,2792,696,2,2-3,0.6207591593265533,0.626362681388855,0.16883936524391174,0.42483678460121155,4,Q4-high,Medium
198,2802,20054,3,2-3,0.5989271700382233,0.6339617967605591,0.20963917672634125,0.40513792634010315,4,Q4-high,Medium
199,2812,18065,5,4-5,0.593477725982666,0.2856473922729492,0.4810141623020172,0.7726871967315674,1,Q1-low,Medium
200,2825,14965,8,>=6,0.6288823485374451,0.6900597214698792,0.14796388149261475,0.3504343628883362,4,Q4-high,Medium
201,2847,20872,2,2-3,0.5714831352233887,0.6074007749557495,0.2407131791114807,0.43057072162628174,3,Q3,Medium
202,2854,17132,9,>=6,0.5902551412582397,0.5278429985046387,0.27859973907470703,0.5205463171005249,2,Q2,Medium
203,2884,8264,6,>=6,0.6118580400943756,0.6138584911823273,0.1794351041316986,0.43781808018684387,3,Q3,Medium
204,2909,14572,3,2-3,0.4330001473426819,0.33464914560317993,0.3630709648132324,0.7409208416938782,1,Q1-low,Low
205,2913,21384,3,2-3,0.45962798595428467,0.37020421028137207,0.4700496196746826,0.6697323322296143,1,Q1-low,Low
206,2914,20848,2,2-3,0.6432559490203857,0.4790976643562317,0.4860156178474426,0.5296239852905273,2,Q2,High
207,2931,23014,4,4-5,0.53033447265625,0.49735307693481445,0.10194618254899979,0.6028220653533936,2,Q2,Low
208,2939,21319,8,>=6,0.6220470368862152,0.22614645957946777,0.41989123821258545,0.8623441457748413,1,Q1-low,Medium
209,2949,22802,2,2-3,0.603915810585022,0.4312627911567688,0.5494481325149536,0.5735594630241394,1,Q1-low,Medium
210,2952,626,5,4-5,0.5809620022773743,0.16215556859970093,0.5886868834495544,0.9001338481903076,1,Q1-low,Medium
211,2964,21758,2,2-3,0.7234238982200623,0.5693448483943939,0.20284537971019745,0.48760759830474854,3,Q3,High
212,2990,712,10,>=6,0.5344640910625458,0.5555103421211243,0.22166144847869873,0.5001966953277588,3,Q3,Low
213,3069,1898,2,2-3,0.8084481060504913,0.7308575212955475,0.1477157175540924,0.29949915409088135,4,Q4-high,High
214,3088,180,4,4-5,0.45551174879074097,0.5747628211975098,0.2378229796886444,0.4720907211303711,3,Q3,Low
215,3099,21101,2,2-3,0.4868440628051758,0.6302491426467896,0.1947801411151886,0.4134935438632965,4,Q4-high,Low
216,3103,5796,2,2-3,0.5582661330699921,0.3408809304237366,0.48699358105659485,0.7021504640579224,1,Q1-low,Medium
217,3147,21115,3,2-3,0.5231901705265045,0.412722110748291,0.30393409729003906,0.6581137776374817,1,Q1-low,Low
218,3164,20069,2,2-3,0.6257663667201996,0.6148829162120819,0.3702056407928467,0.38884493708610535,3,Q3,Medium
219,3173,4423,5,4-5,0.5385426580905914,0.5288393795490265,0.3488949239253998,0.5017270445823669,2,Q2,Low
220,3183,20635,3,2-3,0.4424273371696472,0.543605774641037,0.15217842161655426,0.5324481725692749,2,Q2,Low
221,3200,14473,3,2-3,0.5810924470424652,0.5083642303943634,0.34672001004219055,0.5278646945953369,2,Q2,Medium
222,3224,6171,2,2-3,0.1219068169593811,0.307911217212677,0.6641976833343506,0.6990615129470825,1,Q1-low,Low
223,3230,4205,2,2-3,0.35243403911590576,0.4087626338005066,0.16364160180091858,0.6981363296508789,1,Q1-low,Low
224,3250,1145,2,2-3,0.579560250043869,0.19807106256484985,0.3834041655063629,0.9065601229667664,1,Q1-low,Medium
225,3274,7367,5,4-5,0.6830237507820129,0.399029016494751,0.6203162670135498,0.5961346626281738,1,Q1-low,High
226,3287,21297,2,2-3,0.6817156076431274,0.6372248530387878,0.4034308195114136,0.3526111841201782,4,Q4-high,High
227,3289,22998,6,>=6,0.5547378957271576,0.5130122005939484,0.28492361307144165,0.5375038385391235,2,Q2,Medium
228,3305,4581,2,2-3,0.32382988929748535,0.5006976127624512,0.5211906433105469,0.4938303232192993,2,Q2,Low
229,3370,3382,2,2-3,0.6157517433166504,0.4895070791244507,0.37472373247146606,0.5444352030754089,2,Q2,Medium
230,3394,22217,3,2-3,0.6091111600399017,0.6442901492118835,0.2403583824634552,0.38454771041870117,4,Q4-high,Medium
231,3413,8526,3,2-3,0.7212344110012054,0.6264169216156006,0.19271329045295715,0.4188005030155182,4,Q4-high,High
232,3436,20596,2,2-3,0.6332967579364777,0.6617607176303864,0.17525841295719147,0.3789845108985901,4,Q4-high,Medium
233,3438,13856,3,2-3,0.39120930433273315,0.5933366417884827,0.2945660352706909,0.43468767404556274,3,Q3,Low
234,3453,21768,2,2-3,0.7424265742301941,0.5988030433654785,0.208944171667099,0.4492601454257965,3,Q3,High
235,3459,4431,4,4-5,0.5357700884342194,0.5042810440063477,0.5850121974945068,0.4733956456184387,2,Q2,Low
236,3464,6797,2,2-3,0.5910737216472626,0.6992397010326385,0.15299741923809052,0.3377010226249695,4,Q4-high,Medium
237,3472,7196,4,4-5,0.6974293887615204,0.3178735375404358,0.6920933723449707,0.679634690284729,1,Q1-low,High
238,3473,20837,2,2-3,0.5746332705020905,0.5010930895805359,0.3128226697444916,0.5454279780387878,2,Q2,Medium
239,3486,2466,2,2-3,0.7750128507614136,0.606044352054596,0.19215504825115204,0.44440576434135437,3,Q3,High
240,3489,11179,3,2-3,0.5446777641773224,0.45633643865585327,0.35023701190948486,0.5920202136039734,2,Q2,Low
241,3496,201,5,4-5,0.5562230050563812,0.4273948669433594,0.45288699865341187,0.6025346517562866,1,Q1-low,Medium
242,3498,17014,2,2-3,0.1854955554008484,0.6638895869255066,0.1275055855512619,0.3882616460323334,4,Q4-high,Low
243,3503,17476,3,2-3,0.4505035877227783,0.5969751477241516,0.26570597290992737,0.43735456466674805,3,Q3,Low
244,3506,14490,3,2-3,0.38829320669174194,0.4246395230293274,0.4870036840438843,0.5974496603012085,1,Q1-low,Low
245,3507,21391,10,>=6,0.6256245374679565,0.5956223905086517,0.36851924657821655,0.4133421778678894,3,Q3,Medium
246,3556,5459,1,1,,0.4284568428993225,0.7695132493972778,0.5220506191253662,1,Q1-low,Single-history
247,3569,203,6,>=6,0.4823507070541382,0.5544827282428741,0.36373066902160645,0.4659639298915863,3,Q3,Low
248,3576,953,3,2-3,0.6517810821533203,0.47725361585617065,0.5662183165550232,0.5118783712387085,2,Q2,High
249,3597,4066,2,2-3,0.4123406410217285,0.5741302967071533,0.2284284234046936,0.47523003816604614,3,Q3,Low
250,3614,20924,2,2-3,0.46100473403930664,0.33364492654800415,0.7330201864242554,0.649688720703125,1,Q1-low,Low
251,3661,22590,4,4-5,0.5527826249599457,0.4031967520713806,0.500123143196106,0.6209732890129089,1,Q1-low,Low
252,3664,10666,2,2-3,0.6953634023666382,0.6565069556236267,0.145004540681839,0.39311516284942627,4,Q4-high,High
253,3666,22821,2,2-3,0.7313661575317383,0.49115675687789917,0.4483632445335388,0.5239632725715637,2,Q2,High
254,3680,213,2,2-3,0.6016823947429657,0.6290382146835327,0.26780205965042114,0.3967517018318176,4,Q4-high,Medium
255,3696,6927,2,2-3,0.4088112711906433,0.5545239448547363,0.33175352215766907,0.4739066958427429,3,Q3,Low
256,3712,21442,4,4-5,0.6144669055938721,0.40142351388931274,0.592654287815094,0.6000570058822632,1,Q1-low,Medium
257,3751,20283,3,2-3,0.5605930387973785,0.4454052448272705,0.3092070519924164,0.6159417033195496,1,Q1-low,Medium
258,3752,1660,10,>=6,0.6382664144039154,0.3082904815673828,0.7687211632728577,0.6724566221237183,1,Q1-low,Medium
259,3758,4408,4,4-5,0.6117657124996185,0.704046368598938,0.15183009207248688,0.3319844901561737,4,Q4-high,Medium
260,3785,4593,4,4-5,0.4998769164085388,0.36972129344940186,0.3139830231666565,0.7093526124954224,1,Q1-low,Low
261,3803,11897,3,2-3,0.6076274216175079,0.19599992036819458,0.41899237036705017,0.9002519845962524,1,Q1-low,Medium
262,3812,20298,10,>=6,0.6340044140815735,0.43994033336639404,0.5252014994621277,0.5687742233276367,1,Q1-low,Medium
263,3817,16990,2,2-3,0.6061317026615143,0.23012971878051758,0.5261876583099365,0.8307909369468689,1,Q1-low,Medium
264,3836,3466,2,2-3,0.6462195813655853,0.6793650984764099,0.14956821501255035,0.3634015917778015,4,Q4-high,High
265,3838,8505,3,2-3,0.7902086526155472,0.6649406254291534,0.15030625462532043,0.3812476694583893,4,Q4-high,High
266,3870,6110,2,2-3,0.7392090260982513,0.7070069015026093,0.10411333292722702,0.34021303057670593,4,Q4-high,High
267,3877,226,2,2-3,0.663689374923706,0.6192483305931091,0.29382508993148804,0.4024833142757416,3,Q3,High
268,3890,21147,6,>=6,0.5572669208049774,0.46903663873672485,0.4882386028766632,0.5416445732116699,2,Q2,Medium
269,3899,8178,2,2-3,0.7259061932563782,0.6026114821434021,0.21616725623607635,0.442693829536438,3,Q3,High
270,3906,3144,3,2-3,0.6113749742507935,0.6641150414943695,0.4853329658508301,0.29852294921875,4,Q4-high,Medium
271,3908,15848,10,>=6,0.6447799801826477,0.4248496890068054,0.24378721415996552,0.6579910516738892,1,Q1-low,High
272,3919,12220,2,2-3,0.6901350915431976,0.5024568438529968,0.3211703896522522,0.5416363477706909,2,Q2,High
273,3921,6764,2,2-3,0.5894491672515869,0.4817034602165222,0.6255577802658081,0.4914811849594116,2,Q2,Medium
274,3930,21884,2,2-3,0.15172690153121948,0.5481183528900146,0.2834944725036621,0.49397844076156616,2,Q2,Low
275,3934,234,3,2-3,0.7315490543842316,0.5718110799789429,0.2836785912513733,0.4643164873123169,3,Q3,High
276,3982,3998,1,1,,0.5814108848571777,0.3574407696723938,0.4338762164115906,3,Q3,Single-history
277,3993,4446,3,2-3,0.5896323919296265,0.7335093319416046,0.2277572900056839,0.27617400884628296,4,Q4-high,Medium
278,3998,7799,4,4-5,0.6496808528900146,0.6039279103279114,0.2162882685661316,0.4410180449485779,3,Q3,High
279,4023,9027,5,4-5,0.7053713202476501,0.635867565870285,0.4047522246837616,0.3539775013923645,4,Q4-high,High
280,4067,7003,4,4-5,0.5016504526138306,0.7847224771976471,0.27604183554649353,0.20008644461631775,4,Q4-high,Low
281,4069,6685,8,>=6,0.580746591091156,0.31711655855178833,0.5508347749710083,0.7158955931663513,1,Q1-low,Medium
282,4071,1333,3,2-3,0.6972334086894989,0.5957742035388947,0.1883728802204132,0.4581890106201172,3,Q3,High
283,4094,4683,3,2-3,0.6519204080104828,0.6198393702507019,0.11427269130945206,0.44663262367248535,3,Q3,High
284,4120,23012,3,2-3,0.6990326642990112,0.5955690443515778,0.35389062762260437,0.4170660376548767,3,Q3,High
285,4149,763,7,>=6,0.672310471534729,0.5607493817806244,0.5956875085830688,0.4001413881778717,3,Q3,High
286,4206,4768,3,2-3,0.5267843306064606,0.32868921756744385,0.6022447347640991,0.6885772943496704,1,Q1-low,Low
287,4209,6059,3,2-3,0.49334073066711426,0.550151139497757,0.3676915168762207,0.47038817405700684,2,Q2,Low
288,4233,8048,2,2-3,0.5096540749073029,0.4907650947570801,0.15064463019371033,0.5988824367523193,2,Q2,Low
289,4241,22956,10,>=6,0.6057045459747314,0.383769690990448,0.44619977474212646,0.6587378978729248,1,Q1-low,Medium
290,4262,15633,2,2-3,0.582872062921524,0.5361323654651642,0.26142463088035583,0.5144783854484558,2,Q2,Medium
291,4267,16835,10,>=6,0.6713332831859589,0.48897743225097656,0.3373468816280365,0.5544414520263672,2,Q2,High
292,4300,13718,2,2-3,0.7349562048912048,0.6027632355690002,0.27529168128967285,0.4277230501174927,3,Q3,High
293,4319,4539,6,>=6,0.6135113537311554,0.2652618885040283,0.5275585651397705,0.786532998085022,1,Q1-low,Medium
294,4357,23030,7,>=6,0.5965264141559601,0.6223976612091064,0.33972030878067017,0.3870728313922882,3,Q3,Medium
295,4444,3931,2,2-3,0.6916431486606598,0.5247614979743958,0.27908027172088623,0.5242780447006226,2,Q2,High
296,4456,20989,2,2-3,0.5912159383296967,0.5831863880157471,0.195811465382576,0.47206413745880127,3,Q3,Medium
297,4477,2357,3,2-3,0.6300679445266724,0.38203781843185425,0.3888877332210541,0.6752307415008545,1,Q1-low,Medium
298,4481,12440,3,2-3,0.5433782339096069,0.29458755254745483,0.41526398062705994,0.7779495120048523,1,Q1-low,Low
299,4504,16633,2,2-3,0.6063553690910339,0.42878299951553345,0.46319645643234253,0.5982221364974976,1,Q1-low,Medium
300,4507,5202,3,2-3,0.6215863525867462,0.5880395174026489,0.14677076041698456,0.4782578945159912,3,Q3,Medium
301,4517,14699,2,2-3,0.6511911749839783,0.6690787374973297,0.09523165971040726,0.3898436427116394,4,Q4-high,High
302,4547,22252,4,4-5,0.7114280760288239,0.6895238757133484,0.20277898013591766,0.3374004065990448,4,Q4-high,High
303,4596,6565,2,2-3,0.8132599294185638,0.6968961656093597,0.3548739552497864,0.2901613116264343,4,Q4-high,High
304,4600,20077,2,2-3,0.5886727571487427,0.6542841792106628,0.25518524646759033,0.36834847927093506,4,Q4-high,Medium
305,4610,19155,2,2-3,0.4043222665786743,0.5794603228569031,0.1741941273212433,0.48212605714797974,3,Q3,Low
306,4613,10817,2,2-3,0.5844627320766449,0.5420534908771515,0.28652194142341614,0.5008026361465454,2,Q2,Medium
307,4621,268,2,2-3,0.5487315654754639,0.4250253438949585,0.11342360824346542,0.6903624534606934,1,Q1-low,Low
308,4657,11134,10,>=6,0.6690138280391693,0.6367726624011993,0.11507174372673035,0.42526623606681824,4,Q4-high,High
309,4676,12048,3,2-3,0.5073036253452301,0.46617591381073,0.15327125787734985,0.6289622783660889,2,Q2,Low
310,4715,17142,2,2-3,0.6206232607364655,0.48632586002349854,0.21562641859054565,0.5881860852241516,2,Q2,Medium
311,4736,12607,2,2-3,0.5595056414604187,0.5852032601833344,0.20983228087425232,0.4660378396511078,3,Q3,Medium
312,4744,19352,2,2-3,0.7235994338989258,0.6729072630405426,0.34642815589904785,0.322258859872818,4,Q4-high,High
313,4748,284,2,2-3,0.5281655192375183,0.5797637701034546,0.17733119428157806,0.48096251487731934,3,Q3,Low
314,4767,17085,3,2-3,0.5926691293716431,0.5045349299907684,0.44500142335891724,0.5080809593200684,2,Q2,Medium
315,4823,11171,2,2-3,0.6369207799434662,0.17523860931396484,0.4892866313457489,0.9086301326751709,1,Q1-low,Medium
316,4835,1504,3,2-3,0.5275868475437164,0.17215871810913086,0.6276299357414246,0.8778940439224243,1,Q1-low,Low
317,4839,11420,2,2-3,0.7333121001720428,0.6765941381454468,0.2322189211845398,0.3462025821208954,4,Q4-high,High
318,4849,21342,2,2-3,0.5800661742687225,0.535013347864151,0.121062271296978,0.5509677529335022,2,Q2,Medium
319,4851,22952,2,2-3,0.5127314627170563,0.36872398853302,0.6686907410621643,0.6219223141670227,1,Q1-low,Low
320,4860,16808,5,4-5,0.7078630924224854,0.5214027762413025,0.710418701171875,0.42064183950424194,2,Q2,High
321,4868,20919,2,2-3,0.5764391124248505,0.47745925188064575,0.28720903396606445,0.5813736319541931,2,Q2,Medium
322,4876,570,1,1,,0.7501143962144852,0.13880249857902527,0.2776563763618469,4,Q4-high,Single-history
323,4879,19687,1,1,,0.6254681944847107,0.34143832325935364,0.3828051686286926,4,Q4-high,Single-history
324,4880,297,3,2-3,0.6849811971187592,0.6037981510162354,0.22838005423545837,0.43815726041793823,3,Q3,High
325,4930,20891,4,4-5,0.6337988078594208,0.5664004683494568,0.1698298156261444,0.4995419383049011,3,Q3,Medium
326,4952,305,2,2-3,0.4714040756225586,0.5346385836601257,0.3422509431838989,0.4961390197277069,2,Q2,Low
327,4956,22425,3,2-3,0.4867834448814392,0.4981990456581116,0.3211347162723541,0.5469675064086914,2,Q2,Low
328,4965,15856,2,2-3,0.6564204096794128,0.5969015955924988,0.35828298330307007,0.4143022298812866,3,Q3,High
329,4972,12212,2,2-3,0.5348341763019562,0.5303484797477722,0.28031301498413086,0.5169861316680908,2,Q2,Low
330,4987,23014,6,>=6,0.533847987651825,0.3904864192008972,0.28224867582321167,0.691329836845398,1,Q1-low,Low
331,4990,4491,2,2-3,0.48248225450515747,0.5251297354698181,0.3322548270225525,0.5105240941047668,2,Q2,Low
332,5011,1040,4,4-5,0.6766418516635895,0.18214678764343262,0.7863049507141113,0.8257402181625366,1,Q1-low,High
333,5022,16616,1,1,,0.7119565606117249,0.10452614724636078,0.33392274379730225,4,Q4-high,Single-history
334,5037,22686,1,1,,0.7076008319854736,0.12141656875610352,0.3351447880268097,4,Q4-high,Single-history
335,5041,18786,2,2-3,0.8409719616174698,0.2772548198699951,0.3510383665561676,0.8156719207763672,1,Q1-low,High
336,5048,5287,2,2-3,0.8004032522439957,0.5616725385189056,0.37310558557510376,0.4546329379081726,3,Q3,High
337,5058,23029,5,4-5,0.6416568160057068,0.4337990880012512,0.34075233340263367,0.6225630640983582,1,Q1-low,Medium
338,5090,314,2,2-3,0.6875494122505188,0.6595277190208435,0.19703620672225952,0.37633126974105835,4,Q4-high,High
339,5094,5262,2,2-3,0.584577739238739,0.6070259511470795,0.22281450033187866,0.4355139136314392,3,Q3,Medium
340,5107,16607,2,2-3,0.8306825757026672,0.4677913188934326,0.3348013758659363,0.5815605521202087,2,Q2,High
341,5125,2953,2,2-3,0.6542069315910339,0.6126765012741089,0.6146807670593262,0.33048415184020996,3,Q3,High
342,5166,2022,5,4-5,0.6404955983161926,0.3546355366706848,0.5685460567474365,0.6645690202713013,1,Q1-low,Medium
343,5171,4539,4,4-5,0.6696048676967621,0.3514278531074524,0.492940753698349,0.6874799728393555,1,Q1-low,High
344,5172,10659,1,1,,0.6166111826896667,0.08779348433017731,0.45728763937950134,3,Q3,Single-history
345,5180,12734,3,2-3,0.5951626002788544,0.41622018814086914,0.35474294424057007,0.6410390138626099,1,Q1-low,Medium
346,5195,16859,4,4-5,0.4560890793800354,0.32357484102249146,0.4465162754058838,0.7339023351669312,1,Q1-low,Low
347,5269,14214,3,2-3,0.8030464053153992,0.6164664328098297,0.25596538186073303,0.4154255986213684,3,Q3,High
348,5270,23032,2,2-3,0.6537092626094818,0.6118081510066986,0.20221522450447083,0.43468600511550903,3,Q3,High
349,5273,3929,7,>=6,0.7150419354438782,0.6240303814411163,0.29572951793670654,0.39602965116500854,4,Q4-high,High
350,5288,4533,4,4-5,0.6103421151638031,0.36807453632354736,0.49395644664764404,0.66641765832901,1,Q1-low,Medium
351,5289,9866,2,2-3,0.4240649342536926,0.5187078714370728,0.4438999891281128,0.49064016342163086,2,Q2,Low
352,5298,21263,2,2-3,0.22067314386367798,0.5224765837192535,0.4831601679325104,0.4761142134666443,2,Q2,Low
353,5306,11733,6,>=6,0.5348337888717651,0.39866042137145996,0.2811257243156433,0.681393027305603,1,Q1-low,Low
354,5335,15193,3,2-3,0.6863062381744385,0.6462828516960144,0.21694646775722504,0.38790982961654663,4,Q4-high,High
355,5341,18920,2,2-3,0.583226352930069,0.5247927010059357,0.18043455481529236,0.5489004850387573,2,Q2,Medium
356,5347,22908,3,2-3,0.5262124538421631,0.6448162496089935,0.08796995133161545,0.4219872057437897,4,Q4-high,Low
357,5348,17019,5,4-5,0.6368935406208038,0.6214987337589264,0.08987220376729965,0.45065852999687195,3,Q3,Medium
358,5391,2046,3,2-3,0.6625467836856842,0.6195455193519592,0.24437814950942993,0.4144735634326935,3,Q3,High
359,5429,18642,1,1,,0.6933212280273438,0.290671169757843,0.31068065762519836,4,Q4-high,Single-history
360,5431,21415,2,2-3,0.5525517463684082,0.30698633193969727,0.6452478170394897,0.7049551010131836,1,Q1-low,Low
361,5433,21350,3,2-3,0.7247510850429535,0.47035086154937744,0.593252420425415,0.513748288154602,2,Q2,High
362,5447,21121,4,4-5,0.6925477981567383,0.43518030643463135,0.5695996880531311,0.5636246800422668,1,Q1-low,High
363,5453,21942,10,>=6,0.580427497625351,0.23432505130767822,0.561286985874176,0.816771924495697,1,Q1-low,Medium
364,5488,349,2,2-3,0.3890414834022522,0.5812609791755676,0.3149462342262268,0.4446871876716614,3,Q3,Low
365,5496,5485,3,2-3,0.6972556710243225,0.6527639627456665,0.24155747890472412,0.37365567684173584,4,Q4-high,High
366,5501,22928,2,2-3,0.6759544312953949,0.6362920999526978,0.17968836426734924,0.4097127914428711,4,Q4-high,High
367,5533,23029,4,4-5,0.6040584743022919,0.48555779457092285,0.3268454372882843,0.561341404914856,2,Q2,Medium
368,5558,357,2,2-3,0.8820667564868927,0.5745638012886047,0.4120270311832428,0.4287884831428528,3,Q3,High
369,5563,23003,2,2-3,0.6092570424079895,0.6020990610122681,0.5184124708175659,0.36777305603027344,3,Q3,Medium
370,5569,359,2,2-3,0.22505736351013184,0.5955127775669098,0.11978194117546082,0.47566354274749756,3,Q3,Low
371,5572,831,2,2-3,0.6175346076488495,0.433668851852417,0.34392470121383667,0.6219327449798584,1,Q1-low,Medium
372,5587,7310,2,2-3,0.4878009557723999,0.6112764775753021,0.24009224772453308,0.4258813261985779,3,Q3,Low
373,5591,12831,2,2-3,0.2585384249687195,0.512733668088913,0.37091144919395447,0.516355037689209,2,Q2,Low
374,5632,1570,2,2-3,0.5294990837574005,0.6437938213348389,0.07739865779876709,0.42590802907943726,4,Q4-high,Low
375,5636,11158,2,2-3,0.6654240190982819,0.6093210577964783,0.22522126138210297,0.4320433735847473,3,Q3,High
376,5638,15975,4,4-5,0.6005950272083282,0.5338384807109833,0.18974840641021729,0.535264790058136,2,Q2,Medium
377,5644,3381,3,2-3,0.5696593523025513,0.5098692774772644,0.3498970568180084,0.5251891613006592,2,Q2,Medium
378,5659,4885,3,2-3,0.6246329843997955,0.5985148549079895,0.17061731219291687,0.4592021107673645,3,Q3,Medium
379,5680,5491,7,>=6,0.5630207657814026,0.14994478225708008,0.32454466819763184,0.9814328551292419,1,Q1-low,Medium
380,5682,11701,3,2-3,0.34823864698410034,0.3734439015388489,0.43334484100341797,0.6748589277267456,1,Q1-low,Low
381,5690,23023,2,2-3,0.6214837729930878,0.2160027027130127,0.6099801063537598,0.8275015354156494,1,Q1-low,Medium
382,5691,367,2,2-3,0.7338164150714874,0.2866353988647461,0.489151269197464,0.769417941570282,1,Q1-low,High
383,5694,11047,2,2-3,0.6225055754184723,0.592163473367691,0.4280027449131012,0.4027949571609497,3,Q3,Medium
384,5725,826,5,4-5,0.5991217494010925,0.4666846990585327,0.30272793769836426,0.5909621119499207,2,Q2,Medium
385,5751,17113,4,4-5,0.5134865939617157,0.7284234464168549,0.18874430656433105,0.29228460788726807,4,Q4-high,Low
386,5770,17519,6,>=6,0.5813117623329163,0.6140259206295013,0.45482903718948364,0.3687603175640106,3,Q3,Medium
387,5773,373,3,2-3,0.6095365285873413,0.5550879836082458,0.32213038206100464,0.47560742497444153,3,Q3,Medium
388,5804,19030,2,2-3,0.5511313080787659,0.5119310319423676,0.2634831368923187,0.5442154407501221,2,Q2,Low
389,5820,15861,2,2-3,0.7838860154151917,0.5917598307132721,0.3158549666404724,0.4313364624977112,3,Q3,High
390,5831,4767,3,2-3,0.5633359849452972,0.5984265506267548,0.19321295619010925,0.45366358757019043,3,Q3,Medium
391,5843,3163,2,2-3,0.7785004824399948,0.6720468699932098,0.09855661541223526,0.38530224561691284,4,Q4-high,High
392,5871,22809,5,4-5,0.7168377339839935,0.353058397769928,0.4499233663082123,0.6961961984634399,1,Q1-low,High
393,5879,10160,2,2-3,0.6265840828418732,0.5146299004554749,0.2719671130180359,0.5387208461761475,2,Q2,Medium
394,5892,19034,3,2-3,0.4259089231491089,0.5089100897312164,0.21841180324554443,0.5592594146728516,2,Q2,Low
395,5957,2003,2,2-3,0.6310324668884277,0.6401971280574799,0.11864263564348221,0.42009294033050537,4,Q4-high,Medium
396,5973,16592,2,2-3,0.6760495901107788,0.5112760961055756,0.46814534068107605,0.49386852979660034,2,Q2,High
397,6000,1247,2,2-3,0.6229784786701202,0.57373046875,0.1896478533744812,0.4854249358177185,3,Q3,Medium
398,6033,14418,3,2-3,0.5046343803405762,0.241582989692688,0.7240257859230042,0.767014741897583,1,Q1-low,Low
399,6068,456,3,2-3,0.5016973912715912,0.6703281700611115,0.23340584337711334,0.35373830795288086,4,Q4-high,Low
400,6096,22704,2,2-3,0.7477756440639496,0.6103886663913727,0.25522470474243164,0.42320796847343445,3,Q3,High
401,6100,23014,4,4-5,0.6291797459125519,0.4484788775444031,0.42706963419914246,0.5826339721679688,1,Q1-low,Medium
402,6171,19227,2,2-3,0.6710350513458252,0.5833552479743958,0.45417964458465576,0.4072610139846802,3,Q3,High
403,6177,396,2,2-3,0.5362187027931213,0.23314416408538818,0.4436817765235901,0.847649335861206,1,Q1-low,Low
404,6196,22533,2,2-3,0.7062360048294067,0.668384850025177,0.1730087697505951,0.37126675248146057,4,Q4-high,High
405,6252,21452,7,>=6,0.6120783388614655,0.4051395058631897,0.38282161951065063,0.6478701829910278,1,Q1-low,Medium
406,6259,5815,1,1,,0.7806625366210938,0.22964435815811157,0.21676072478294373,4,Q4-high,Single-history
407,6280,8586,4,4-5,0.7245489656925201,0.585275262594223,0.2079467624425888,0.4664192199707031,3,Q3,High
408,6283,21396,2,2-3,0.5984591543674469,0.5801399350166321,0.223184734582901,0.46902889013290405,3,Q3,Medium
409,6284,22217,5,4-5,0.6737836599349976,0.5263811647891998,0.2257045954465866,0.5355973839759827,2,Q2,High
410,6289,2370,2,2-3,0.547517716884613,0.5823290050029755,0.33551836013793945,0.4382091164588928,3,Q3,Low
411,6312,11927,2,2-3,0.5976578891277313,0.6506788730621338,0.1666979193687439,0.3949769139289856,4,Q4-high,Medium
412,6314,22299,2,2-3,0.6348331570625305,0.5912393629550934,0.18008548021316528,0.46592941880226135,3,Q3,Medium
413,6360,20273,5,4-5,0.5291386544704437,0.45448625087738037,0.3321876525878906,0.5988453030586243,2,Q2,Low
414,6369,1274,9,>=6,0.48367857933044434,0.6080185174942017,0.1598970592021942,0.4500025808811188,3,Q3,Low
415,6404,5377,2,2-3,0.6715595424175262,0.5077026784420013,0.39297789335250854,0.5171271562576294,2,Q2,High
416,6405,6219,6,>=6,0.5995037853717804,0.6183492541313171,0.26836273074150085,0.4099727272987366,3,Q3,Medium
417,6407,3151,2,2-3,0.7207531929016113,0.636652946472168,0.2058292031288147,0.40272653102874756,4,Q4-high,High
418,6440,4196,2,2-3,0.6078429818153381,0.5158675014972687,0.45927003026008606,0.49034810066223145,2,Q2,Medium
419,6494,21436,2,2-3,0.2285630702972412,0.6178171932697296,0.2410231977701187,0.4174727201461792,3,Q3,Low
420,6509,14084,5,4-5,0.6266173422336578,0.544434666633606,0.7318407297134399,0.38649648427963257,2,Q2,Medium
421,6539,16804,3,2-3,0.5352515280246735,0.589897096157074,0.1581726372241974,0.4730854630470276,3,Q3,Low
422,6554,8775,2,2-3,0.6252954006195068,0.6398666799068451,0.2055564820766449,0.3987775444984436,4,Q4-high,Medium
423,6595,21277,2,2-3,0.6028782725334167,0.5733295679092407,0.1411260962486267,0.4980565309524536,3,Q3,Medium
424,6596,22347,5,4-5,0.6379586160182953,0.45042186975479126,0.5857352018356323,0.5405388474464417,1,Q1-low,Medium
425,6619,22961,2,2-3,0.5327449142932892,0.4046216607093811,0.30095553398132324,0.668984055519104,1,Q1-low,Low
426,6623,22657,2,2-3,0.6735396087169647,0.589566558599472,0.16608460247516632,0.47152063250541687,3,Q3,High
427,6631,1408,3,2-3,0.6819991767406464,0.7731912434101105,0.20133744180202484,0.233176589012146,4,Q4-high,High
428,6666,21757,3,2-3,0.6405399739742279,0.5696715414524078,0.5176562070846558,0.4084964990615845,3,Q3,Medium
429,6669,4536,2,2-3,0.6361252665519714,0.4509781002998352,0.34586042165756226,0.5998122692108154,2,Q2,Medium
430,6686,23031,4,4-5,0.6433848142623901,0.5303667485713959,0.2191435992717743,0.5322556495666504,2,Q2,High
431,6696,18186,2,2-3,0.6237291693687439,0.6330272257328033,0.18585218489170074,0.41225290298461914,4,Q4-high,Medium
432,6697,21691,4,4-5,0.7093243300914764,0.603456437587738,0.25566601753234863,0.4317629337310791,3,Q3,High
433,6706,670,2,2-3,0.6847796142101288,0.6736484169960022,0.24040840566158295,0.3478373885154724,4,Q4-high,High
434,6717,4566,7,>=6,0.6208376288414001,0.4890921711921692,0.3554982841014862,0.5497602224349976,2,Q2,Medium
435,6729,21141,4,4-5,0.47191745042800903,0.5860967338085175,0.2665402591228485,0.45074403285980225,3,Q3,Low
436,6730,22000,2,2-3,0.7367207407951355,0.3920586109161377,0.1908193677663803,0.7122218608856201,1,Q1-low,High
437,6739,22987,8,>=6,0.6099587976932526,0.5266178548336029,0.17244338989257812,0.5486168265342712,2,Q2,Medium
438,6742,966,2,2-3,0.6223047077655792,0.4123433232307434,0.4776998460292816,0.6151458621025085,1,Q1-low,Medium
439,6750,451,2,2-3,0.6099028885364532,0.5078457295894623,0.09839465469121933,0.5905941724777222,2,Q2,Medium
440,6760,12823,3,2-3,0.3663402199745178,0.48101019859313965,0.17559199035167694,0.6048392653465271,2,Q2,Low
441,6762,15814,5,4-5,0.5387944281101227,0.5574760437011719,0.2960551679134369,0.47914111614227295,3,Q3,Low
442,6766,4196,3,2-3,0.6262664496898651,0.559261828660965,0.431822806596756,0.4429669976234436,3,Q3,Medium
443,6768,16613,2,2-3,0.48200780153274536,0.5417090654373169,0.32360321283340454,0.49196287989616394,2,Q2,Low
444,6770,22970,3,2-3,0.6692307591438293,0.5194050073623657,0.31161099672317505,0.5228409767150879,2,Q2,High
445,6787,21758,5,4-5,0.5647599101066589,0.4028776288032532,0.3478125035762787,0.6594498157501221,1,Q1-low,Medium
446,6804,21003,2,2-3,0.6642187237739563,0.07915294170379639,0.6318361759185791,0.9930998086929321,1,Q1-low,High
447,6820,458,3,2-3,0.5878196060657501,0.6661211848258972,0.13013878464698792,0.3848137855529785,4,Q4-high,Medium
448,6838,22928,6,>=6,0.32650840282440186,0.6688047349452972,0.21576645970344543,0.3600524663925171,4,Q4-high,Low
449,6859,9462,2,2-3,0.3172457218170166,0.66202712059021,0.1483803391456604,0.38537099957466125,4,Q4-high,Low
450,6874,18842,5,4-5,0.5853091180324554,0.4892706274986267,0.27810734510421753,0.5688849091529846,2,Q2,Medium
451,6878,1894,4,4-5,0.7062956392765045,0.6465948522090912,0.18710017204284668,0.39498138427734375,4,Q4-high,High
452,6946,861,4,4-5,0.40324121713638306,0.6030398011207581,0.336591899394989,0.4120522737503052,3,Q3,Low
453,6951,22861,2,2-3,0.44422394037246704,0.44606268405914307,0.45314544439315796,0.5791352987289429,1,Q1-low,Low
454,6967,20687,2,2-3,0.6549578905105591,0.8085943907499313,0.14395788311958313,0.20326752960681915,4,Q4-high,High
455,6979,8252,5,4-5,0.5728404521942139,0.5294183790683746,0.3549325168132782,0.49949389696121216,2,Q2,Medium
456,6990,23020,3,2-3,0.6547959744930267,0.6931664645671844,0.10367544740438461,0.35762304067611694,4,Q4-high,High
457,7025,14372,4,4-5,0.5727041065692902,0.6726289689540863,0.09037256240844727,0.3866206407546997,4,Q4-high,Medium
458,7042,23027,4,4-5,0.702742338180542,0.7306742966175079,0.20047056674957275,0.2865394949913025,4,Q4-high,High
459,7043,22961,2,2-3,0.7914706319570541,0.577123373746872,0.34255826473236084,0.44295620918273926,3,Q3,High
460,7047,2760,3,2-3,0.7127856314182281,0.6749459505081177,0.11034520715475082,0.37873125076293945,4,Q4-high,High
461,7062,3315,3,2-3,0.6444199085235596,0.4195150136947632,0.705832839012146,0.5491480231285095,1,Q1-low,High
462,7064,14238,2,2-3,0.7816590070724487,0.7076805233955383,0.18170329928398132,0.31997352838516235,4,Q4-high,High
463,7092,13580,5,4-5,0.5393660068511963,0.3328516483306885,0.5686392188072205,0.6917756199836731,1,Q1-low,Low
464,7093,3163,2,2-3,0.38979572057724,0.6969937086105347,0.19360432028770447,0.33035677671432495,4,Q4-high,Low
465,7094,483,2,2-3,0.6329893171787262,0.5860952138900757,0.2880774736404419,0.4453616142272949,3,Q3,Medium
466,7095,4507,3,2-3,0.6677157878875732,0.08474886417388916,0.7300922870635986,0.9615408778190613,1,Q1-low,High
467,7109,22682,8,>=6,0.6287612617015839,0.36911970376968384,0.41763192415237427,0.684192419052124,1,Q1-low,Medium
468,7110,21344,2,2-3,0.8018752485513687,0.6987175345420837,0.16476711630821228,0.33541131019592285,4,Q4-high,High
469,7120,22892,7,>=6,0.7254914045333862,0.6354890465736389,0.456563800573349,0.3414977192878723,4,Q4-high,High
470,7139,486,2,2-3,0.3511494994163513,0.5532914996147156,0.27034449577331543,0.4907994866371155,3,Q3,Low
471,7150,20658,2,2-3,0.6875831484794617,0.5989603102207184,0.13675598800182343,0.46711060404777527,3,Q3,High
472,7151,9694,2,2-3,0.5335307717323303,0.386360764503479,0.510867714881897,0.6393320560455322,1,Q1-low,Low
473,7153,21966,3,2-3,0.6743175387382507,0.5692161023616791,0.422518253326416,0.43285030126571655,3,Q3,High
474,7166,17941,2,2-3,0.7936626970767975,0.4051344394683838,0.36041179299354553,0.6534789800643921,1,Q1-low,High
475,7173,17099,4,4-5,0.7556019276380539,0.3935968279838562,0.380952388048172,0.6627658605575562,1,Q1-low,High
476,7176,5108,2,2-3,0.9258872047066689,0.6843968331813812,0.28599464893341064,0.3230052590370178,4,Q4-high,High
477,7185,16344,9,>=6,0.6142665147781372,0.34253478050231934,0.8256075978279114,0.6154296398162842,1,Q1-low,Medium
478,7187,22961,3,2-3,0.8033989518880844,0.6556171774864197,0.19991326332092285,0.3805002272129059,4,Q4-high,High
479,7192,23025,4,4-5,0.7061864137649536,0.6782527267932892,0.123293437063694,0.371360719203949,4,Q4-high,High
480,7214,622,3,2-3,0.6923562586307526,0.5263941586017609,0.20615248382091522,0.5404691696166992,2,Q2,High
481,7250,22442,2,2-3,0.5007319748401642,0.6910206973552704,0.2611580491065979,0.32093459367752075,4,Q4-high,Low
482,7260,22975,3,2-3,0.47283750772476196,0.41228532791137695,0.5032184720039368,0.6088387370109558,1,Q1-low,Low
483,7261,10331,2,2-3,0.5300010442733765,0.5507781803607941,0.18498969078063965,0.5152798295021057,3,Q3,Low
484,7262,17216,2,2-3,0.6345212459564209,0.5011188685894012,0.37826430797576904,0.5290353298187256,2,Q2,Medium
485,7263,19389,8,>=6,0.6480471789836884,0.3588709235191345,0.45570939779281616,0.6874839663505554,1,Q1-low,High
486,7264,497,2,2-3,0.6374719738960266,0.6195313632488251,0.1819143295288086,0.4301072359085083,3,Q3,Medium
487,7271,17645,5,4-5,0.5685262084007263,0.5448569655418396,0.24262464046478271,0.508272647857666,2,Q2,Medium
488,7276,4557,3,2-3,0.2995314598083496,0.6638612747192383,0.23828408122062683,0.36060240864753723,4,Q4-high,Low
489,7303,22984,4,4-5,0.48747193813323975,0.49982917308807373,0.4086119532585144,0.5230605602264404,2,Q2,Low
490,7309,22112,3,2-3,0.5341989099979401,0.4477055072784424,0.42423850297927856,0.5843085050582886,1,Q1-low,Low
491,7311,13257,3,2-3,0.6532373428344727,0.7114286422729492,0.18627601861953735,0.31414520740509033,4,Q4-high,High
492,7312,12174,2,2-3,0.6485861539840698,0.44132715463638306,0.27610141038894653,0.6293156743049622,1,Q1-low,High
493,7313,501,2,2-3,0.37880635261535645,0.6516399681568146,0.1718282550573349,0.39249294996261597,4,Q4-high,Low
494,7318,21593,4,4-5,0.45389479398727417,0.5918245613574982,0.10227232426404953,0.48465120792388916,3,Q3,Low
495,7352,5297,3,2-3,0.7040480673313141,0.6088018715381622,0.2355397790670395,0.43011268973350525,3,Q3,High
496,7356,7203,4,4-5,0.6236015260219574,0.8073389083147049,0.10497553646564484,0.21458247303962708,4,Q4-high,Medium
497,7364,18630,2,2-3,0.6228459477424622,0.4657989740371704,0.40797436237335205,0.565757691860199,2,Q2,Medium
498,7432,20547,6,>=6,0.6030257344245911,0.5570421814918518,0.11342564970254898,0.5253408551216125,3,Q3,Medium
499,7453,18770,2,2-3,0.3843786120414734,0.5484723746776581,0.4647506773471832,0.4482218623161316,2,Q2,Low
500,7517,15006,2,2-3,0.3306121230125427,0.15430712699890137,0.8961726427078247,0.8330729007720947,1,Q1-low,Low
501,7524,19608,2,2-3,0.5561457276344299,0.4322618842124939,0.5279753804206848,0.5776787996292114,1,Q1-low,Medium
502,7541,5986,2,2-3,0.5193127393722534,0.6271418929100037,0.2617756426334381,0.4006286859512329,4,Q4-high,Low
503,7557,22237,3,2-3,0.5825766623020172,0.6347424983978271,0.19221854209899902,0.4085172414779663,4,Q4-high,Medium
504,7576,21893,3,2-3,0.7414921522140503,0.6647613942623138,0.31335633993148804,0.3407091498374939,4,Q4-high,High
505,7601,19460,2,2-3,0.632788211107254,0.5846588313579559,0.22674258053302765,0.4624907970428467,3,Q3,Medium
506,7609,20393,2,2-3,0.6729097366333008,0.5776149928569794,0.21094894409179688,0.47524404525756836,3,Q3,High
507,7628,6261,3,2-3,0.5595184862613678,0.5183344781398773,0.34230613708496094,0.5165053606033325,2,Q2,Medium
508,7638,22925,3,2-3,0.6099306046962738,0.5219147205352783,0.22639983892440796,0.5410066246986389,2,Q2,Medium
509,7651,20792,3,2-3,0.5193145573139191,0.48687607049942017,0.36951908469200134,0.5490251183509827,2,Q2,Low
510,7657,13314,3,2-3,0.6273806095123291,0.5308077931404114,0.482286274433136,0.4659186601638794,2,Q2,Medium
511,7673,525,2,2-3,0.5912792086601257,0.7158726155757904,0.2024988979101181,0.3045344948768616,4,Q4-high,Medium
512,7681,11990,2,2-3,0.729471743106842,0.6884003281593323,0.14440128207206726,0.35339924693107605,4,Q4-high,High
513,7682,10884,3,2-3,0.6955212354660034,0.56625896692276,0.17500582337379456,0.49842482805252075,3,Q3,High
514,7701,4599,2,2-3,0.6751071810722351,0.3683394193649292,0.8277478218078613,0.5826388001441956,1,Q1-low,High
515,7702,19110,10,>=6,0.6502012014389038,0.28716540336608887,0.6741273403167725,0.7225114107131958,1,Q1-low,High
516,7707,17029,3,2-3,0.653613954782486,0.5867372155189514,0.20583432912826538,0.465119868516922,3,Q3,High
517,7717,531,3,2-3,0.7018120586872101,0.34076911211013794,0.3940235674381256,0.7255327105522156,1,Q1-low,High
518,7719,9220,5,4-5,0.6581119894981384,0.6251313090324402,0.26520341634750366,0.40228500962257385,4,Q4-high,High
519,7765,536,5,4-5,0.6416508257389069,0.41731351613998413,0.5508043766021729,0.5906569957733154,1,Q1-low,Medium
520,7813,13800,2,2-3,0.6879802942276001,0.5890415906906128,0.2906478941440582,0.44103604555130005,3,Q3,High
521,7816,922,1,1,,0.30937695503234863,0.6261168122291565,0.7067495584487915,1,Q1-low,Single-history
522,7850,2246,3,2-3,0.7044909298419952,0.4845545291900635,0.19537505507469177,0.5954630970954895,2,Q2,High
523,7883,22996,2,2-3,0.5921520590782166,0.5916054248809814,0.12657304108142853,0.47884994745254517,3,Q3,Medium
524,7892,18744,4,4-5,0.4650041460990906,0.4991379976272583,0.41955095529556274,0.5211897492408752,2,Q2,Low
525,7895,20027,3,2-3,0.5130574405193329,0.5195063948631287,0.7726046442985535,0.4074658453464508,2,Q2,Low
526,7916,6451,4,4-5,0.6115254163742065,0.5583674013614655,0.3144274055957794,0.47343388199806213,3,Q3,Medium
527,7920,554,2,2-3,0.6311951279640198,0.6145256757736206,0.12910249829292297,0.4495672881603241,3,Q3,Medium
528,7928,3719,1,1,,0.5529443323612213,0.24953573942184448,0.49643564224243164,3,Q3,Single-history
529,7932,20472,3,2-3,0.5745975971221924,0.5653491914272308,0.3112829029560089,0.46549278497695923,3,Q3,Medium
530,7960,21356,2,2-3,0.587526798248291,0.5711023211479187,0.23298904299736023,0.47787484526634216,3,Q3,Medium
531,7984,563,2,2-3,0.6649168431758881,0.668474018573761,0.20858588814735413,0.36226099729537964,4,Q4-high,High
532,7999,22938,2,2-3,0.7662043869495392,0.6147081255912781,0.37569186091423035,0.387691855430603,3,Q3,High
533,8025,23012,2,2-3,0.7287192940711975,0.6219235956668854,0.1678631752729416,0.430629700422287,3,Q3,High
534,8032,8090,2,2-3,0.5854417085647583,0.3888339400291443,0.44852209091186523,0.6518270969390869,1,Q1-low,Medium
535,8070,11984,2,2-3,0.8059124648571014,0.7201687097549438,0.05981452763080597,0.3348354399204254,4,Q4-high,High
536,8075,20472,2,2-3,0.8184644728899002,0.5910550653934479,0.2403406947851181,0.4510959982872009,3,Q3,High
537,8092,22911,1,1,,0.7150352299213409,0.12904953956604004,0.323943555355072,4,Q4-high,Single-history
538,8101,20768,2,2-3,0.5824759304523468,0.3625600337982178,0.21665115654468536,0.7426370978355408,1,Q1-low,Medium
539,8111,20848,3,2-3,0.6351892054080963,0.5239240229129791,0.20793357491493225,0.5431115627288818,2,Q2,Medium
540,8118,14054,3,2-3,0.6326329708099365,0.535095602273941,0.25379717350006104,0.5176811814308167,2,Q2,Medium
541,8120,22645,3,2-3,0.7219999730587006,0.612503707408905,0.13236364722251892,0.4512794613838196,3,Q3,High
542,8132,2283,6,>=6,0.5922824740409851,0.6453915536403656,0.16819685697555542,0.40121132135391235,4,Q4-high,Medium
543,8135,23014,9,>=6,0.6362868249416351,0.34365981817245483,0.13158142566680908,0.7875298261642456,1,Q1-low,Medium
544,8136,11369,5,4-5,0.7305268347263336,0.5496590435504913,0.2573743462562561,0.4985826015472412,2,Q2,High
545,8141,18429,1,1,,0.5930177867412567,0.41566598415374756,0.4048112630844116,3,Q3,Single-history
546,8148,20231,2,2-3,0.6091732978820801,0.513744592666626,0.2599439322948456,0.5428332686424255,2,Q2,Medium
547,8186,8354,2,2-3,0.47185391187667847,0.6624010503292084,0.23146216571331024,0.36413314938545227,4,Q4-high,Low
548,8226,12656,2,2-3,0.7249870896339417,0.24738168716430664,0.31168413162231445,0.8628518581390381,1,Q1-low,High
549,8247,21508,3,2-3,0.5927580296993256,0.44633162021636963,0.24647153913974762,0.6304675936698914,1,Q1-low,Medium
550,8264,20985,2,2-3,0.40553808212280273,0.6258461177349091,0.23590703308582306,0.4087156057357788,4,Q4-high,Low
551,8282,589,5,4-5,0.6815067231655121,0.658729076385498,0.4578428268432617,0.312127947807312,4,Q4-high,High
552,8284,17142,7,>=6,0.6351068615913391,0.4700317978858948,0.1875411570072174,0.6155749559402466,2,Q2,Medium
553,8287,8397,2,2-3,0.6947793364524841,0.6302928924560547,0.17520716786384583,0.4183320999145508,4,Q4-high,High
554,8294,22638,10,>=6,0.6188703775405884,0.3792496919631958,0.7002190947532654,0.6008831262588501,1,Q1-low,Medium
555,8330,6011,3,2-3,0.5597915649414062,0.5075423419475555,0.29038530588150024,0.5429757237434387,2,Q2,Medium
556,8338,9185,3,2-3,0.6660449802875519,0.5923567712306976,0.18414819240570068,0.4635169506072998,3,Q3,High
557,8366,6235,4,4-5,0.6134668290615082,0.5943804383277893,0.1689838469028473,0.46477848291397095,3,Q3,Medium
558,8389,21098,2,2-3,0.6248234808444977,0.5977401435375214,0.40236204862594604,0.4022343158721924,3,Q3,Medium
559,8398,1266,2,2-3,0.21907305717468262,0.49786949157714844,0.6138557195663452,0.47419917583465576,2,Q2,Low
560,8414,15635,7,>=6,0.47371381521224976,0.5639979839324951,0.3050004839897156,0.468752384185791,3,Q3,Low
561,8415,16409,2,2-3,0.2837367057800293,0.4355551600456238,0.2908158004283905,0.6328520774841309,1,Q1-low,Low
562,8423,8907,3,2-3,0.5941247045993805,0.6142857372760773,0.47277402877807617,0.3639492988586426,3,Q3,Medium
563,8429,8970,2,2-3,0.5342387855052948,0.5280855298042297,0.221991166472435,0.5343952775001526,2,Q2,Low
564,8440,2951,3,2-3,0.5537972748279572,0.643923819065094,0.16360193490982056,0.40419474244117737,4,Q4-high,Low
565,8450,19333,2,2-3,0.5980533957481384,0.6242032051086426,0.13794320821762085,0.43526017665863037,4,Q4-high,Medium
566,8498,22851,2,2-3,0.5178047120571136,0.5135866701602936,0.5607356429100037,0.4678327441215515,2,Q2,Low
567,8508,20768,2,2-3,0.5494302213191986,0.5759212076663971,0.2930298149585724,0.45684102177619934,3,Q3,Low
568,8511,20888,2,2-3,0.620939701795578,0.7837833911180496,0.14492475986480713,0.2340395748615265,4,Q4-high,Medium
569,8577,7310,10,>=6,0.5707440376281738,0.5061255693435669,0.3372229337692261,0.5330373048782349,2,Q2,Medium
570,8583,9039,2,2-3,0.8167063444852829,0.6132662892341614,0.1428285539150238,0.4477100074291229,3,Q3,High
571,8629,16159,6,>=6,0.6726956069469452,0.393161416053772,0.5696871876716614,0.6161264181137085,1,Q1-low,High
572,8652,12607,3,2-3,0.6597632467746735,0.5809657275676727,0.17140477895736694,0.48094165325164795,3,Q3,High
573,8684,17811,5,4-5,0.6040802597999573,0.3398532271385193,0.5399160385131836,0.690204381942749,1,Q1-low,Medium
574,8686,9302,2,2-3,0.39501625299453735,0.7045338451862335,0.13147121667861938,0.33646488189697266,4,Q4-high,Low
575,8707,628,7,>=6,0.6114140450954437,0.5567314028739929,0.4093518555164337,0.4517477750778198,3,Q3,Medium
576,8711,23030,3,2-3,0.6665954887866974,0.7917496562004089,0.18429939448833466,0.21423807740211487,4,Q4-high,High
577,8745,632,3,2-3,0.5893384218215942,0.7835100293159485,0.07583801448345184,0.25165295600891113,4,Q4-high,Medium
578,8770,10027,3,2-3,0.7112244069576263,0.5491992831230164,0.37222814559936523,0.47044384479522705,2,Q2,High
579,8771,635,2,2-3,0.5711154341697693,0.8826801404356956,0.10200361162424088,0.12114891409873962,4,Q4-high,Medium
580,8777,22273,2,2-3,0.7894112467765808,0.711028128862381,0.14257067441940308,0.3255721628665924,4,Q4-high,High
581,8793,20471,2,2-3,0.7673907428979874,0.47709596157073975,0.6885483860969543,0.48149293661117554,2,Q2,High
582,8805,9231,2,2-3,0.7767448276281357,0.6390323340892792,0.31555667519569397,0.37232041358947754,4,Q4-high,High
583,8825,16607,2,2-3,0.26437950134277344,0.7555933594703674,0.17096665501594543,0.26276662945747375,4,Q4-high,Low
584,8834,21996,3,2-3,0.6205573081970215,0.5523688197135925,0.34743088483810425,0.4726812541484833,3,Q3,Medium
585,8843,7077,2,2-3,0.6855646371841431,0.6691988706588745,0.11782124638557434,0.3840460777282715,4,Q4-high,High
586,8899,23009,4,4-5,0.7300302386283875,0.5833238363265991,0.22477366030216217,0.46465176343917847,3,Q3,High
587,8904,12639,3,2-3,0.5586719810962677,0.545501708984375,0.24198290705680847,0.5076271295547485,2,Q2,Medium
588,8918,1629,2,2-3,0.3849787712097168,0.72254478931427,0.10978786647319794,0.3193720281124115,4,Q4-high,Low
589,8961,8624,3,2-3,0.4280574917793274,0.45761948823928833,0.38816261291503906,0.580935001373291,2,Q2,Low
590,9006,14115,2,2-3,0.6622669696807861,0.5858393311500549,0.1205531507730484,0.48756253719329834,3,Q3,High
591,9014,6569,5,4-5,0.5990879535675049,0.2866467833518982,0.4515259265899658,0.7788100242614746,1,Q1-low,Medium
592,9015,13400,3,2-3,0.40265870094299316,0.5397175848484039,0.27312517166137695,0.5070717334747314,2,Q2,Low
593,9019,16384,2,2-3,0.44087594747543335,0.7018120884895325,0.1220749169588089,0.3422161340713501,4,Q4-high,Low
594,9029,22154,5,4-5,0.466574490070343,0.5635180473327637,0.1567467302083969,0.5064157843589783,3,Q3,Low
595,9046,6535,4,4-5,0.5592836439609528,0.46137529611587524,0.32110217213630676,0.5930052995681763,2,Q2,Medium
596,9059,16893,3,2-3,0.5544147491455078,0.3620234727859497,0.40334352850914,0.6966347694396973,1,Q1-low,Low
597,9094,4491,5,4-5,0.5470552444458008,0.45135819911956787,0.7435399293899536,0.499917209148407,2,Q2,Low
598,9095,21833,3,2-3,0.6815962791442871,0.5029874742031097,0.27253156900405884,0.5531327724456787,2,Q2,High
599,9108,653,3,2-3,0.7084765434265137,0.41871219873428345,0.6172367334365845,0.5723005533218384,1,Q1-low,High
600,9115,22446,3,2-3,0.6281910240650177,0.7178149223327637,0.2571257948875427,0.2884499132633209,4,Q4-high,Medium
601,9135,694,2,2-3,0.6849489510059357,0.7770229279994965,0.09914184361696243,0.25393587350845337,4,Q4-high,High
602,9195,21241,1,1,,0.6778094172477722,0.2076755166053772,0.35081931948661804,4,Q4-high,Single-history
603,9207,20180,3,2-3,0.7195606231689453,0.6407248973846436,0.41048693656921387,0.3464721441268921,4,Q4-high,High
604,9225,21613,2,2-3,0.5097351670265198,0.5566639304161072,0.38003599643707275,0.45916104316711426,3,Q3,Low
605,9236,6797,2,2-3,0.6632805466651917,0.6054897010326385,0.17143186926841736,0.4502798914909363,3,Q3,High
606,9251,18477,2,2-3,0.6903699934482574,0.8013959676027298,0.09713399410247803,0.22397154569625854,4,Q4-high,High
607,9257,22970,2,2-3,0.64907506108284,0.39141011238098145,0.3098960816860199,0.6832633018493652,1,Q1-low,High
608,9258,19494,5,4-5,0.6147214472293854,0.366258442401886,0.40791743993759155,0.6901975870132446,1,Q1-low,Medium
609,9294,8707,2,2-3,0.7473214566707611,0.6962176561355591,0.3294098675251007,0.29737547039985657,4,Q4-high,High
610,9302,6191,2,2-3,0.6803681254386902,0.4366315007209778,0.29518118500709534,0.6304153203964233,1,Q1-low,High
611,9315,675,2,2-3,0.708298534154892,0.6655052304267883,0.2855639159679413,0.34672749042510986,4,Q4-high,High
612,9324,675,3,2-3,0.5714059174060822,0.20024091005325317,0.7949923872947693,0.8009507060050964,1,Q1-low,Medium
613,9331,17519,2,2-3,0.750753790140152,0.7330962121486664,0.3381909728050232,0.24908199906349182,4,Q4-high,High
614,9357,20745,3,2-3,0.6037969887256622,0.5029266774654388,0.48890990018844604,0.49911415576934814,2,Q2,Medium
615,9379,9495,2,2-3,0.6486922204494476,0.6806971728801727,0.22804546356201172,0.34211716055870056,4,Q4-high,High
616,9397,680,2,2-3,0.618783563375473,0.4613075256347656,0.29604747891426086,0.5993537306785583,2,Q2,Medium
617,9398,7799,2,2-3,0.21010637283325195,0.6383593082427979,0.2678496241569519,0.3850884735584259,4,Q4-high,Low
618,9411,17237,2,2-3,0.6500425636768341,0.5662302374839783,0.5218580961227417,0.41174763441085815,3,Q3,High
619,9415,22853,2,2-3,0.7118308246135712,0.557803213596344,0.366645872592926,0.4610845148563385,3,Q3,High
620,9448,20143,4,4-5,0.657281756401062,0.6659864485263824,0.14397984743118286,0.38152197003364563,4,Q4-high,High
621,9458,2026,2,2-3,0.43986690044403076,0.43961071968078613,0.2820982336997986,0.6299619674682617,1,Q1-low,Low
622,9468,21350,2,2-3,0.39522409439086914,0.27594882249832153,0.6839418411254883,0.7340784668922424,1,Q1-low,Low
623,9483,22844,7,>=6,0.6051215529441833,0.5584555268287659,0.1308748722076416,0.5192118883132935,3,Q3,Medium
624,9512,10085,2,2-3,0.6281745135784149,0.5706409811973572,0.20955033600330353,0.48431119322776794,3,Q3,Medium
625,9513,12401,2,2-3,0.6295691430568695,0.5528692603111267,0.3434875011444092,0.4730415344238281,3,Q3,Medium
626,9544,23002,4,4-5,0.6322830617427826,0.605797290802002,0.13060878217220306,0.4601011872291565,3,Q3,Medium
627,9555,14053,1,1,,0.3549395203590393,0.22863920032978058,0.7491657733917236,1,Q1-low,Single-history
628,9562,15862,3,2-3,0.5980916917324066,0.5989577174186707,0.19203472137451172,0.45329418778419495,3,Q3,Medium
629,9591,5987,9,>=6,0.6649313867092133,0.48312807083129883,0.19667400419712067,0.596921443939209,2,Q2,High
630,9604,21982,6,>=6,0.4567207098007202,0.43330103158950806,0.5292830467224121,0.5760529637336731,1,Q1-low,Low
631,9669,3956,2,2-3,0.30180639028549194,0.4205610156059265,0.27195727825164795,0.6563094258308411,1,Q1-low,Low
632,9697,712,2,2-3,0.3343154191970825,0.07788574695587158,0.7237191200256348,0.9717130661010742,1,Q1-low,Low
633,9733,712,2,2-3,0.3039301633834839,0.21217572689056396,0.7838389873504639,0.7888206243515015,1,Q1-low,Low
634,9773,7373,3,2-3,0.6528522968292236,0.535573810338974,0.2242223620414734,0.5244771242141724,2,Q2,High
635,9814,21711,3,2-3,0.6255236566066742,0.47875088453292847,0.4467598795890808,0.5398713946342468,2,Q2,Medium
636,9828,22812,2,2-3,0.629328727722168,0.5713809430599213,0.11622223258018494,0.5067182779312134,3,Q3,Medium
637,9830,22739,3,2-3,0.605014443397522,0.45286309719085693,0.5815649032592773,0.5385298728942871,2,Q2,Medium
638,9874,14417,2,2-3,0.5841220915317535,0.5217493772506714,0.1425953358411789,0.5621644258499146,2,Q2,Medium
639,9883,18076,2,2-3,0.4219698905944824,0.6528604924678802,0.2982357144355774,0.35936546325683594,4,Q4-high,Low
640,9885,4907,2,2-3,0.5159943699836731,0.6131871342658997,0.1653720587491989,0.4421730637550354,3,Q3,Low
641,9917,2668,6,>=6,0.5138593316078186,0.16844451427459717,0.6525663137435913,0.8763027787208557,1,Q1-low,Low
642,9921,22889,3,2-3,0.6581308841705322,0.5377272665500641,0.2905632257461548,0.5052000880241394,2,Q2,High
643,9928,720,2,2-3,0.5892599821090698,0.6293599605560303,0.12090030312538147,0.4330749809741974,4,Q4-high,Medium
644,9929,4725,2,2-3,0.7007231414318085,0.5621366500854492,0.18593451380729675,0.5008455514907837,3,Q3,High
645,9931,21491,2,2-3,0.6135368645191193,0.495386004447937,0.32949578762054443,0.5483935475349426,2,Q2,Medium
646,9943,22998,3,2-3,0.6142517626285553,0.5813769698143005,0.14776191115379333,0.4863383173942566,3,Q3,Medium
647,9969,4603,2,2-3,0.483784019947052,0.5687108039855957,0.13699065148830414,0.5048637986183167,3,Q3,Low
648,9973,14084,2,2-3,0.0631595253944397,0.6984996497631073,0.10720827430486679,0.35007333755493164,4,Q4-high,Low
649,9993,9879,2,2-3,0.5837177336215973,0.5921414494514465,0.37824591994285583,0.4152616858482361,3,Q3,Medium
650,10009,9313,4,4-5,0.5497229099273682,0.5159710347652435,0.1643255054950714,0.5639548301696777,2,Q2,Low
651,10028,6969,1,1,,0.5920331478118896,0.30282336473464966,0.4342527389526367,3,Q3,Single-history
652,10050,15381,3,2-3,0.5353895425796509,0.5237797498703003,0.42858895659446716,0.48812806606292725,2,Q2,Low
653,10106,21803,4,4-5,0.5839142501354218,0.48355281352996826,0.5200029611587524,0.5155582427978516,2,Q2,Medium
654,10118,3611,3,2-3,0.5620399415493011,0.23573046922683716,0.787055492401123,0.758573055267334,1,Q1-low,Medium
655,10156,3434,2,2-3,0.40745681524276733,0.08820801973342896,0.9590222239494324,0.8999843597412109,1,Q1-low,Low
656,10173,6235,2,2-3,0.6269175708293915,0.6412284076213837,0.15699000656604767,0.4092170000076294,4,Q4-high,Medium
657,10186,7338,2,2-3,0.5580404102802277,0.4667379856109619,0.637733519077301,0.5071440935134888,2,Q2,Medium
658,10216,7524,2,2-3,0.6454340517520905,0.7122699022293091,0.250410258769989,0.2970600724220276,4,Q4-high,High
659,10239,2844,2,2-3,0.7287661135196686,0.5385753214359283,0.4289105534553528,0.4695532023906708,2,Q2,High
660,10258,22552,4,4-5,0.6434340476989746,0.4886091947555542,0.8240091800689697,0.43323618173599243,2,Q2,High
661,10275,16108,3,2-3,0.19340664148330688,0.5121592879295349,0.4223349094390869,0.5042171478271484,2,Q2,Low
662,10280,7809,2,2-3,0.6455004215240479,0.5928798019886017,0.45102715492248535,0.39614343643188477,3,Q3,High
663,10307,10059,2,2-3,0.7741926610469818,0.7124790251255035,0.11080146580934525,0.3317008316516876,4,Q4-high,High
664,10315,741,3,2-3,0.5421198308467865,0.5215951800346375,0.12415982782840729,0.5669660568237305,2,Q2,Low
665,10327,14451,3,2-3,0.5146230161190033,0.5595570802688599,0.17375551164150238,0.5071147680282593,3,Q3,Low
666,10344,3083,2,2-3,0.6366172432899475,0.635789155960083,0.3244748115539551,0.3741448223590851,4,Q4-high,Medium
667,10383,22133,4,4-5,0.5995683670043945,0.513626754283905,0.3668462932109833,0.5162549614906311,2,Q2,Medium
668,10390,23009,2,2-3,0.2536354064941406,0.7713231295347214,0.22198840975761414,0.23034897446632385,4,Q4-high,Low
669,10430,1616,1,1,,0.5822103321552277,0.430519700050354,0.41460713744163513,3,Q3,Single-history
670,10440,12335,3,2-3,0.4412171244621277,0.3654208779335022,0.5384447574615479,0.6586126685142517,1,Q1-low,Low
671,10467,3718,5,4-5,0.5882382392883301,0.2904919981956482,0.5535309910774231,0.748502254486084,1,Q1-low,Medium
672,10471,12192,3,2-3,0.44907093048095703,0.44175446033477783,0.3940395712852478,0.599297046661377,1,Q1-low,Low
673,10481,8466,2,2-3,0.714056134223938,0.4534335732460022,0.4411197304725647,0.5729280710220337,2,Q2,High
674,10523,22773,3,2-3,0.5627411901950836,0.5731228291988373,0.44116878509521484,0.4233042597770691,3,Q3,Medium
675,10526,11477,4,4-5,0.6846551895141602,0.3803534507751465,0.38434848189353943,0.678471028804779,1,Q1-low,High
676,10550,16962,8,>=6,0.5169118940830231,0.3647828698158264,0.4799339175224304,0.6740379333496094,1,Q1-low,Low
677,10664,20477,6,>=6,0.561221569776535,0.3104037046432495,0.635860800743103,0.7030301094055176,1,Q1-low,Medium
678,10680,18021,4,4-5,0.543915182352066,0.7250981330871582,0.1518620103597641,0.3056618273258209,4,Q4-high,Low
679,10718,22052,2,2-3,0.6410580575466156,0.6316355764865875,0.1099238246679306,0.43297457695007324,4,Q4-high,Medium
680,10725,767,2,2-3,0.7376842498779297,0.7010435461997986,0.27694350481033325,0.30445969104766846,4,Q4-high,High
681,10734,2579,5,4-5,0.6336354911327362,0.6211108267307281,0.17563070356845856,0.4297037720680237,3,Q3,Medium
682,10743,8637,2,2-3,0.6442120671272278,0.5750260651111603,0.2759675681591034,0.4622255265712738,3,Q3,High
683,10746,9206,4,4-5,0.5716216564178467,0.28318357467651367,0.3824760317802429,0.8004014492034912,1,Q1-low,Medium
684,10749,10049,3,2-3,0.6479469835758209,0.574730396270752,0.30928459763526917,0.454265832901001,3,Q3,High
685,10760,16404,2,2-3,0.608429491519928,0.6098583936691284,0.22410880029201508,0.431649774312973,3,Q3,Medium
686,10782,22979,5,4-5,0.667308121919632,0.5693207085132599,0.3219538927078247,0.45786064863204956,3,Q3,High
687,10787,22807,5,4-5,0.601273387670517,0.5029252171516418,0.4717044234275818,0.5034173727035522,2,Q2,Medium
688,10808,10068,2,2-3,0.2681455612182617,0.6046659648418427,0.23809169232845306,0.4346446394920349,3,Q3,Low
689,10830,8336,2,2-3,0.7299718260765076,0.665506899356842,0.09841355681419373,0.3935129940509796,4,Q4-high,High
690,10835,3990,2,2-3,0.5211305618286133,0.3636642098426819,0.6003100872039795,0.645342230796814,1,Q1-low,Low
691,10836,17962,2,2-3,0.699815958738327,0.4048396348953247,0.23317277431488037,0.685657262802124,1,Q1-low,High
692,10846,782,5,4-5,0.7040815949440002,0.4770638942718506,0.23965659737586975,0.5937559604644775,2,Q2,High
693,10848,19423,2,2-3,0.3760986328125,0.6661122739315033,0.21348750591278076,0.3639877736568451,4,Q4-high,Low
694,10871,21691,4,4-5,0.32291269302368164,0.18324947357177734,0.6018943190574646,0.870464563369751,1,Q1-low,Low
695,10918,17814,2,2-3,0.3676232099533081,0.6346611380577087,0.18671613931655884,0.409994512796402,4,Q4-high,Low
696,10942,21366,1,1,,0.7591813057661057,0.10022414475679398,0.2759673297405243,4,Q4-high,Single-history
697,10949,14358,3,2-3,0.6348998248577118,0.606879860162735,0.24541659653186798,0.430046021938324,3,Q3,Medium
698,10951,20348,5,4-5,0.6057994961738586,0.6116040647029877,0.33728960156440735,0.4011725187301636,3,Q3,Medium
699,10960,11420,2,2-3,0.5134164690971375,0.5999699831008911,0.37650352716445923,0.4059116244316101,3,Q3,Low
700,10966,4231,2,2-3,0.3733057379722595,0.25391048192977905,0.6590105891227722,0.7678592205047607,1,Q1-low,Low
701,10973,4645,3,2-3,0.5053501129150391,0.4988395571708679,0.6573636531829834,0.46210962533950806,2,Q2,Low
702,10985,22929,3,2-3,0.5258018672466278,0.48531216382980347,0.2790467143058777,0.5735981464385986,2,Q2,Low
703,10991,12956,2,2-3,0.6897901594638824,0.5594678521156311,0.31606605648994446,0.4716486930847168,3,Q3,High
704,11042,20979,2,2-3,0.489749550819397,0.43301934003829956,0.23355792462825775,0.6503363251686096,1,Q1-low,Low
705,11045,16829,3,2-3,0.49358099699020386,0.3726212978363037,0.46881958842277527,0.6670185327529907,1,Q1-low,Low
706,11046,22076,2,2-3,0.44103336334228516,0.5821250379085541,0.23424097895622253,0.4637834429740906,3,Q3,Low
707,11054,22874,2,2-3,0.25141942501068115,0.5892757773399353,0.26552510261535645,0.44702398777008057,3,Q3,Low
708,11076,4643,2,2-3,0.5721287727355957,0.5689916610717773,0.5816766619682312,0.3933412432670593,3,Q3,Medium
709,11077,14417,6,>=6,0.5869866013526917,0.45736241340637207,0.2791890501976013,0.6084997057914734,2,Q2,Medium
710,11082,10900,2,2-3,0.8196219503879547,0.6895031034946442,0.18782509863376617,0.34116482734680176,4,Q4-high,High
711,11100,12830,2,2-3,0.7217004895210266,0.4889855980873108,0.47620949149131775,0.5197156667709351,2,Q2,High
712,11116,18339,4,4-5,0.636455625295639,0.4673805832862854,0.4559069871902466,0.5517975091934204,2,Q2,Medium
713,11125,805,5,4-5,0.6757429540157318,0.6352448463439941,0.17373648285865784,0.4125097990036011,4,Q4-high,High
714,11126,805,3,2-3,0.6035683155059814,0.5986093282699585,0.10941876471042633,0.4743836522102356,3,Q3,Medium
715,11128,16156,3,2-3,0.5918885171413422,0.34602808952331543,0.2650435268878937,0.7512040138244629,1,Q1-low,Medium
716,11129,15001,3,2-3,0.5765988528728485,0.5195514559745789,0.24239446222782135,0.5399620532989502,2,Q2,Medium
717,11132,20734,4,4-5,0.5182996094226837,0.5230186879634857,0.18973633646965027,0.5487925410270691,2,Q2,Low
718,11153,22572,3,2-3,0.5056800544261932,0.273923397064209,0.6903274655342102,0.7350138425827026,1,Q1-low,Low
719,11168,20913,2,2-3,0.5343730747699738,0.507405698299408,0.3168272078037262,0.5365360975265503,2,Q2,Low
720,11181,22575,1,1,,0.6802747249603271,0.11327065527439117,0.37133893370628357,4,Q4-high,Single-history
721,11190,1660,5,4-5,0.5120840668678284,0.5847981572151184,0.2319161295890808,0.4610232412815094,3,Q3,Low
722,11197,22922,2,2-3,0.2762579917907715,0.5932666957378387,0.13741829991340637,0.4740620255470276,3,Q3,Low
723,11199,17410,2,2-3,0.6454020142555237,0.45875805616378784,0.29376137256622314,0.6031120419502258,2,Q2,High
724,11201,3484,4,4-5,0.5553810298442841,0.5197483599185944,0.2710716724395752,0.5325466394424438,2,Q2,Medium
725,11204,17717,4,4-5,0.6075695753097534,0.5108270347118378,0.11889034509658813,0.581743597984314,2,Q2,Medium
726,11211,12306,2,2-3,0.6416771113872528,0.4804161787033081,0.26028767228126526,0.5844078063964844,2,Q2,High
727,11284,2046,5,4-5,0.6493687629699707,0.30163973569869995,0.5084545612335205,0.7458367347717285,1,Q1-low,High
728,11301,21337,5,4-5,0.6067229211330414,0.4428309202194214,0.19213280081748962,0.6484280824661255,1,Q1-low,Medium
729,11316,22549,6,>=6,0.49241387844085693,0.5300847291946411,0.4569162130355835,0.47316503524780273,2,Q2,Low
730,11322,22965,5,4-5,0.6104538440704346,0.38546162843704224,0.5685055255889893,0.6260465383529663,1,Q1-low,Medium
731,11324,23021,2,2-3,0.5912464261054993,0.6094152927398682,0.39305853843688965,0.3899662494659424,3,Q3,Medium
732,11337,18244,10,>=6,0.4920235276222229,0.5531635880470276,0.2483854442834854,0.49644914269447327,3,Q3,Low
733,11364,23024,4,4-5,0.5347737967967987,0.5905994176864624,0.3050907254219055,0.4354780316352844,3,Q3,Low
734,11365,22964,2,2-3,0.6143610179424286,0.5422057211399078,0.28810277581214905,0.5002171397209167,2,Q2,Medium
735,11376,16220,1,1,,0.7168819010257721,0.22385765612125397,0.2979332208633423,4,Q4-high,Single-history
736,11392,21951,5,4-5,0.5457667410373688,0.5349861085414886,0.22452598810195923,0.52513587474823,2,Q2,Low
737,11407,18272,2,2-3,0.16756129264831543,0.32310324907302856,0.5428581237792969,0.7104063630104065,1,Q1-low,Low
738,11418,10838,4,4-5,0.4395439028739929,0.4241723418235779,0.48036086559295654,0.5996943712234497,1,Q1-low,Low
739,11450,3637,2,2-3,0.5546670854091644,0.46517491340637207,0.551979660987854,0.530536413192749,2,Q2,Medium
740,11460,9725,2,2-3,0.6335999965667725,0.5430859625339508,0.1827072948217392,0.525465726852417,2,Q2,Medium
741,11461,1402,8,>=6,0.668647825717926,0.44875890016555786,0.6457726955413818,0.5276082158088684,1,Q1-low,High
742,11482,6293,2,2-3,0.7476634085178375,0.5390231907367706,0.17579662799835205,0.5322718620300293,2,Q2,High
743,11505,22004,2,2-3,0.43500345945358276,0.7598723471164703,0.16519492864608765,0.25886082649230957,4,Q4-high,Low
744,11520,3369,4,4-5,0.725209504365921,0.58805251121521,0.4936648905277252,0.39151811599731445,3,Q3,High
745,11530,20302,2,2-3,0.5098558366298676,0.6491086781024933,0.12448108196258545,0.4074938893318176,4,Q4-high,Low
746,11584,10780,3,2-3,0.6055350303649902,0.43718278408050537,0.37032318115234375,0.6109407544136047,1,Q1-low,Medium
747,11598,13669,2,2-3,0.7255998253822327,0.5960159301757812,0.3112267553806305,0.4271734058856964,3,Q3,High
748,11604,4761,6,>=6,0.697234719991684,0.5369365215301514,0.3410348892211914,0.49357059597969055,2,Q2,High
749,11619,22835,3,2-3,0.6013864278793335,0.5451528429985046,0.40653401613235474,0.46692541241645813,2,Q2,Medium
750,11620,22688,3,2-3,0.698035717010498,0.6092506945133209,0.22341307997703552,0.4325833320617676,3,Q3,High
751,11626,2060,7,>=6,0.5204817950725555,0.4363948702812195,0.5207452774047852,0.5743200778961182,1,Q1-low,Low
752,11636,866,7,>=6,0.679912656545639,0.5461398959159851,0.21106158196926117,0.5145597457885742,2,Q2,High
753,11641,21411,3,2-3,0.7125774621963501,0.5343755781650543,0.1025509461760521,0.5563927888870239,2,Q2,High
754,11643,868,2,2-3,0.5628149509429932,0.09525257349014282,0.731480598449707,0.9480640888214111,1,Q1-low,Medium
755,11698,875,2,2-3,0.13206660747528076,0.6518467366695404,0.3360118865966797,0.351188600063324,4,Q4-high,Low
756,11702,9775,2,2-3,0.3556274175643921,0.7707247734069824,0.15454453229904175,0.24795788526535034,4,Q4-high,Low
757,11710,22896,9,>=6,0.49252891540527344,0.5250645279884338,0.1953146755695343,0.5448406338691711,2,Q2,Low
758,11757,23008,2,2-3,0.681098997592926,0.5655265748500824,0.21568924188613892,0.48916947841644287,3,Q3,High
759,11758,22929,3,2-3,0.6695705652236938,0.6074455678462982,0.20199543237686157,0.44019418954849243,3,Q3,High
760,11815,889,4,4-5,0.6216025650501251,0.5826586484909058,0.2735395133495331,0.45329177379608154,3,Q3,Medium
761,11829,21350,6,>=6,0.7212999761104584,0.5166846215724945,0.19650182127952576,0.5550187826156616,2,Q2,High
762,11867,22414,10,>=6,0.628587931394577,0.5248043835163116,0.2936613857746124,0.5205791592597961,2,Q2,Medium
763,11877,16189,3,2-3,0.6143428385257721,0.6388595700263977,0.060596078634262085,0.43627652525901794,4,Q4-high,Medium
764,11883,19222,2,2-3,0.6699644923210144,0.5709826648235321,0.45615166425704956,0.4222337305545807,3,Q3,High
765,11891,6019,2,2-3,0.6327355802059174,0.6275433301925659,0.20684708654880524,0.4138590693473816,4,Q4-high,Medium
766,11899,22645,3,2-3,0.6627572774887085,0.4785832166671753,0.2702743411064148,0.5842024087905884,2,Q2,High
767,11901,15883,2,2-3,0.6809279918670654,0.7044650316238403,0.1899937242269516,0.3219202756881714,4,Q4-high,High
768,11918,16348,2,2-3,0.8150005042552948,0.707669585943222,0.17294025421142578,0.3221779763698578,4,Q4-high,High
769,11930,22329,2,2-3,0.7549260556697845,0.463315486907959,0.5922807455062866,0.5227854251861572,2,Q2,High
770,11957,15869,2,2-3,0.666970819234848,0.5423007011413574,0.4495116174221039,0.45974621176719666,2,Q2,High
771,11962,9376,2,2-3,0.2973111867904663,0.6464618742465973,0.23367175459861755,0.3835046887397766,4,Q4-high,Low
772,12053,5138,2,2-3,0.603792667388916,0.49675798416137695,0.3065226972103119,0.5524218082427979,2,Q2,Medium
773,12084,22594,3,2-3,0.6419179141521454,0.5283163189888,0.28278011083602905,0.5189095735549927,2,Q2,High
774,12095,15826,3,2-3,0.631559282541275,0.5642282962799072,0.4565167725086212,0.43058544397354126,3,Q3,Medium
775,12161,18367,2,2-3,0.598825991153717,0.6168908476829529,0.40467798709869385,0.37771692872047424,3,Q3,Medium
776,12172,11479,2,2-3,0.6046231389045715,0.5068017244338989,0.3544695973396301,0.5278804302215576,2,Q2,Medium
777,12189,12118,4,4-5,0.7151189148426056,0.43775951862335205,0.30783215165138245,0.6258425712585449,1,Q1-low,High
778,12203,6636,3,2-3,0.5402351915836334,0.10419368743896484,0.7861194610595703,0.9232280254364014,1,Q1-low,Low
779,12208,1901,2,2-3,0.41408318281173706,0.6814088225364685,0.15582922101020813,0.35928165912628174,4,Q4-high,Low
780,12266,2817,1,1,,0.7224564850330353,0.35729724168777466,0.25760507583618164,4,Q4-high,Single-history
781,12274,12740,1,1,,0.6969291567802429,0.1866205930709839,0.3321833908557892,4,Q4-high,Single-history
782,12276,15826,3,2-3,0.6236860454082489,0.5778091847896576,0.2569573223590851,0.46349918842315674,3,Q3,Medium
783,12292,21992,3,2-3,0.5837080478668213,0.6380534768104553,0.19557517766952515,0.40353935956954956,4,Q4-high,Medium
784,12319,3793,2,2-3,0.5550501644611359,0.2557244300842285,0.637590229511261,0.7709468603134155,1,Q1-low,Medium
785,12320,10591,2,2-3,0.551256537437439,0.4739515781402588,0.49543648958206177,0.5337014198303223,2,Q2,Low
786,12324,2055,2,2-3,0.6427488327026367,0.7562309354543686,0.21267719566822052,0.25154203176498413,4,Q4-high,High
787,12329,21624,3,2-3,0.5485877990722656,0.22779875993728638,0.6284239292144775,0.8081455230712891,1,Q1-low,Low
788,12337,22183,3,2-3,0.6071812212467194,0.6004425585269928,0.09887011349201202,0.4747292697429657,3,Q3,Medium
789,12340,4813,2,2-3,0.36545759439468384,0.4218001365661621,0.32798904180526733,0.6407525539398193,1,Q1-low,Low
790,12361,17859,2,2-3,0.6447377502918243,0.5378057062625885,0.454891175031662,0.4640200734138489,2,Q2,High
791,12401,2178,3,2-3,0.736820787191391,0.6099128723144531,0.10404220223426819,0.46159836649894714,3,Q3,High
792,12432,966,2,2-3,0.7041577398777008,0.6044585108757019,0.3398243188858032,0.40947073698043823,3,Q3,High
793,12434,966,3,2-3,0.485329806804657,0.3727688789367676,0.4672274589538574,0.6672320365905762,1,Q1-low,Low
794,12466,21826,2,2-3,0.7000474333763123,0.5253144204616547,0.37291282415390015,0.5001287460327148,2,Q2,High
795,12545,21345,3,2-3,0.6583325862884521,0.595445841550827,0.27584582567214966,0.436731219291687,3,Q3,High
796,12575,23002,4,4-5,0.626326709985733,0.5181595981121063,0.14873836934566498,0.5651159286499023,2,Q2,Medium
797,12579,16883,2,2-3,0.5561321973800659,0.35456252098083496,0.4863887131214142,0.6851996183395386,1,Q1-low,Medium
798,12598,11991,2,2-3,0.7266080975532532,0.5570549070835114,0.15723460912704468,0.514372706413269,3,Q3,High
799,12623,22004,3,2-3,0.41248786449432373,0.427581787109375,0.510111391544342,0.5879949331283569,1,Q1-low,Low
800,12624,21826,3,2-3,0.6911637783050537,0.346679151058197,0.7174906730651855,0.6372783780097961,1,Q1-low,High
801,12635,9590,2,2-3,0.6817611157894135,0.5259640216827393,0.32266539335250854,0.5118786096572876,2,Q2,High
802,12661,2706,2,2-3,0.632068395614624,0.3993300795555115,0.4542841911315918,0.6372663378715515,1,Q1-low,Medium
803,12683,10843,4,4-5,0.4371500611305237,0.58786541223526,0.23907221853733063,0.4554001986980438,3,Q3,Low
804,12723,4262,4,4-5,0.46502530574798584,0.3585391044616699,0.5148109793663025,0.6731233596801758,1,Q1-low,Low
805,12750,10918,4,4-5,0.6929559111595154,0.5855103433132172,0.13701269030570984,0.4838588833808899,3,Q3,High
806,12796,14657,3,2-3,0.5199073851108551,0.47924500703811646,0.21388742327690125,0.5974718332290649,2,Q2,Low
807,12799,3913,2,2-3,0.36673641204833984,0.6616086363792419,0.14832276105880737,0.3859085142612457,4,Q4-high,Low
808,12802,22591,3,2-3,0.6160877048969269,0.5331218540668488,0.19229012727737427,0.5355251431465149,2,Q2,Medium
809,12844,22228,4,4-5,0.6151843369007111,0.47042316198349,0.4538930654525757,0.5484977960586548,2,Q2,Medium
810,12854,21115,3,2-3,0.6139009892940521,0.3651031255722046,0.3545839488506317,0.7049751281738281,1,Q1-low,Medium
811,12856,6053,2,2-3,0.6382701396942139,0.5195114016532898,0.5020538568496704,0.47509729862213135,2,Q2,Medium
812,12857,21956,3,2-3,0.6116531789302826,0.6042765080928802,0.29137104749679565,0.421811580657959,3,Q3,Medium
813,12868,14224,2,2-3,0.6063229441642761,0.364499568939209,0.6186129450798035,0.6397222280502319,1,Q1-low,Medium
814,12900,15861,7,>=6,0.6165919899940491,0.6474267840385437,0.28758519887924194,0.3688201904296875,4,Q4-high,Medium
815,12904,22903,4,4-5,0.66962069272995,0.5396561920642853,0.27051281929016113,0.5078015327453613,2,Q2,High
816,12916,8381,3,2-3,0.6374474465847015,0.4198819398880005,0.36787280440330505,0.6331793665885925,1,Q1-low,Medium
817,12941,20283,1,1,,0.6027075350284576,0.2383318990468979,0.4370326101779938,3,Q3,Single-history
818,12949,13473,2,2-3,0.5947251617908478,0.44804900884628296,0.3509625196456909,0.6021981239318848,1,Q1-low,Medium
819,12953,22874,2,2-3,0.7944891005754471,0.7340563237667084,0.09710954129695892,0.3081521987915039,4,Q4-high,High
820,12976,10661,1,1,,0.738194465637207,0.05115292966365814,0.3144686818122864,4,Q4-high,Single-history
821,12983,22596,1,1,,0.513042151927948,0.24664078652858734,0.5470371246337891,2,Q2,Single-history
822,13052,21735,7,>=6,0.5174219906330109,0.27759379148483276,0.5117841958999634,0.7750616669654846,1,Q1-low,Low
823,13054,22084,2,2-3,0.728757917881012,0.6176348924636841,0.23736020922660828,0.4186163544654846,3,Q3,High
824,13056,3054,2,2-3,0.7782063186168671,0.6885889768600464,0.11808031797409058,0.3597436845302582,4,Q4-high,High
825,13069,21568,1,1,,0.6327721774578094,0.23762160539627075,0.3996293544769287,4,Q4-high,Single-history
826,13081,4534,6,>=6,0.5099981725215912,0.32579606771469116,0.7044135332107544,0.6666514873504639,1,Q1-low,Low
827,13098,6456,1,1,,0.7726572602987289,0.32251328229904175,0.20355010032653809,4,Q4-high,Single-history
828,13162,19176,5,4-5,0.582141101360321,0.2630468010902405,0.6770991086959839,0.7519166469573975,1,Q1-low,Medium
829,13173,6513,3,2-3,0.6560012996196747,0.6093581020832062,0.15993931889533997,0.4483175277709961,3,Q3,High
830,13211,8974,2,2-3,0.2701406478881836,0.23532217741012573,0.790087878704071,0.7583252787590027,1,Q1-low,Low
831,13232,14477,3,2-3,0.7248823940753937,0.16618317365646362,0.6142282485961914,0.8887139558792114,1,Q1-low,High
832,13235,1051,4,4-5,0.6224423348903656,0.583245187997818,0.3904312252998352,0.4233356714248657,3,Q3,Medium
833,13264,19626,3,2-3,0.34027808904647827,0.2406214475631714,0.6729135513305664,0.7809948325157166,1,Q1-low,Low
834,13300,13760,2,2-3,0.7197618186473846,0.6129962801933289,0.15647807717323303,0.4446350932121277,3,Q3,High
835,13310,3532,2,2-3,0.81046262383461,0.6377151906490326,0.21750497817993164,0.39847975969314575,4,Q4-high,High
836,13342,22636,2,2-3,0.5904206335544586,0.6962054371833801,0.18529382348060608,0.3334197402000427,4,Q4-high,Medium
837,13372,2386,4,4-5,0.4754508137702942,0.36429911851882935,0.5128066539764404,0.6664243936538696,1,Q1-low,Low
838,13392,22931,3,2-3,0.4503467082977295,0.4540741443634033,0.347633421421051,0.5954989790916443,2,Q2,Low
839,13404,11017,3,2-3,0.685497373342514,0.5860166847705841,0.3706847131252289,0.42480796575546265,3,Q3,High
840,13410,1081,2,2-3,0.6842746138572693,0.5265057682991028,0.22499307990074158,0.5356194972991943,2,Q2,High
841,13424,11846,2,2-3,0.5666349828243256,0.6893639862537384,0.33745020627975464,0.30393245816230774,4,Q4-high,Medium
842,13434,8784,2,2-3,0.5919151306152344,0.5350547134876251,0.2992839813232422,0.5063605904579163,2,Q2,Medium
843,13472,8248,1,1,,0.6007537841796875,0.23191127181053162,0.4410799443721771,3,Q3,Single-history
844,13560,23005,2,2-3,0.6840565800666809,0.5862710475921631,0.14559704065322876,0.48076194524765015,3,Q3,High
845,13566,22482,3,2-3,0.6937401294708252,0.6798708438873291,0.20933961868286133,0.3478265404701233,4,Q4-high,High
846,13570,22344,5,4-5,0.6063685119152069,0.3550844192504883,0.34063372015953064,0.7209860682487488,1,Q1-low,Medium
847,13604,7196,2,2-3,0.6729908585548401,0.5748761296272278,0.3260568380355835,0.4498906135559082,3,Q3,High
848,13610,1101,2,2-3,0.20510977506637573,0.6953547298908234,0.20619389414787292,0.32925811409950256,4,Q4-high,Low
849,13612,16633,2,2-3,0.23787546157836914,0.1740003228187561,0.5349700450897217,0.8987570405006409,1,Q1-low,Low
850,13616,9608,3,2-3,0.5873228013515472,0.5621907114982605,0.16598919034004211,0.5057643055915833,3,Q3,Medium
851,13643,5042,2,2-3,0.6675377786159515,0.6069416999816895,0.1556878685951233,0.45240089297294617,3,Q3,High
852,13665,1110,1,1,,0.5039257705211639,0.39681488275527954,0.5208890438079834,2,Q2,Single-history
853,13669,6031,3,2-3,0.5832681953907013,0.7618623077869415,0.35478416085243225,0.20897606015205383,4,Q4-high,Medium
854,13681,22205,4,4-5,0.6114009320735931,0.4421558380126953,0.2799224853515625,0.6273245811462402,1,Q1-low,Medium
855,13739,20995,3,2-3,0.5997630059719086,0.14622282981872559,0.6117998361587524,0.9142714738845825,1,Q1-low,Medium
856,13741,10037,2,2-3,0.49604231119155884,0.6804174780845642,0.20814934372901917,0.34744077920913696,4,Q4-high,Low
857,13744,22019,2,2-3,0.6113461256027222,0.5000429749488831,0.32695120573043823,0.5432084798812866,2,Q2,Medium
858,13769,1119,2,2-3,0.8012734949588776,0.6651096045970917,0.1420770287513733,0.3830937147140503,4,Q4-high,High
859,13793,11213,2,2-3,0.35139137506484985,0.6599245965480804,0.24245229363441467,0.3644811809062958,4,Q4-high,Low
860,13795,1121,2,2-3,0.5301052927970886,0.6401090621948242,0.24134288728237152,0.38952791690826416,4,Q4-high,Low
861,13813,10470,2,2-3,0.6829823553562164,0.07432091236114502,0.6929526329040527,0.9838607311248779,1,Q1-low,High
862,13839,19825,2,2-3,0.5977017879486084,0.6009976267814636,0.23623345792293549,0.4396945834159851,3,Q3,Medium
863,13845,1128,2,2-3,0.29711294174194336,0.5214506387710571,0.2523413300514221,0.5351013541221619,2,Q2,Low
864,13854,6055,4,4-5,0.5840960741043091,0.7710550725460052,0.16294363141059875,0.24544525146484375,4,Q4-high,Medium
865,13863,13556,8,>=6,0.5049839317798615,0.33872151374816895,0.4712124466896057,0.7087949514389038,1,Q1-low,Low
866,13913,20722,2,2-3,0.6807536482810974,0.6906496286392212,0.2003355324268341,0.3366040587425232,4,Q4-high,High
867,13928,22364,2,2-3,0.6952201426029205,0.615951418876648,0.11870239675045013,0.45038512349128723,3,Q3,High
868,13940,9838,3,2-3,0.42601460218429565,0.44552314281463623,0.2690088152885437,0.6258438229560852,1,Q1-low,Low
869,13977,22144,2,2-3,0.4796021580696106,0.5369060933589935,0.4056558310985565,0.47745344042778015,2,Q2,Low
870,13984,18104,1,1,,0.6784362494945526,0.09182597696781158,0.37899816036224365,4,Q4-high,Single-history
871,14027,21334,3,2-3,0.5544468462467194,0.5087724328041077,0.19131788611412048,0.5662049651145935,2,Q2,Low
872,14029,17916,3,2-3,0.6464316844940186,0.7335396111011505,0.2119016945362091,0.2801000475883484,4,Q4-high,High
873,14053,18029,1,1,,0.5717800557613373,0.15542203187942505,0.49641939997673035,3,Q3,Single-history
874,14085,22559,2,2-3,0.6756613552570343,0.6401739716529846,0.28917640447616577,0.3774884343147278,4,Q4-high,High
875,14090,5101,2,2-3,0.6236322522163391,0.5165455043315887,0.33074885606765747,0.5216308832168579,2,Q2,Medium
876,14138,4164,3,2-3,0.5491145551204681,0.5977522730827332,0.1678686887025833,0.46084246039390564,3,Q3,Low
877,14176,12299,3,2-3,0.5950567722320557,0.4395192861557007,0.30732056498527527,0.6237707138061523,1,Q1-low,Medium
878,14179,8348,2,2-3,0.4167262315750122,0.28669577836990356,0.4891650676727295,0.7693389654159546,1,Q1-low,Low
879,14190,19857,4,4-5,0.5098707973957062,0.4345719814300537,0.25368425250053406,0.6433639526367188,1,Q1-low,Low
880,14195,3768,2,2-3,0.27975690364837646,0.5476542115211487,0.2292519360780716,0.5081192255020142,2,Q2,Low
881,14225,1336,3,2-3,0.6666487753391266,0.7745079100131989,0.11460711807012558,0.2532133162021637,4,Q4-high,High
882,14243,8075,1,1,,0.7135775983333588,0.23921768367290497,0.2982235848903656,4,Q4-high,Single-history
883,14261,17187,1,1,,0.5613503754138947,0.3384002447128296,0.4637119472026825,3,Q3,Single-history
884,14275,20322,4,4-5,0.5701145231723785,0.6370832920074463,0.2389601320028305,0.3939058482646942,4,Q4-high,Medium
885,14292,19717,2,2-3,0.32321077585220337,0.5252083539962769,0.3484513759613037,0.5063766837120056,2,Q2,Low
886,14322,10141,2,2-3,0.6357520222663879,0.6158081293106079,0.463565468788147,0.36434847116470337,3,Q3,Medium
887,14336,2357,2,2-3,0.666041225194931,0.47712016105651855,0.6729319095611572,0.4853668212890625,2,Q2,High
888,14339,6211,2,2-3,0.5575356185436249,0.6603421866893768,0.14284805953502655,0.3888602554798126,4,Q4-high,Medium
889,14342,8840,3,2-3,0.5316373109817505,0.46112602949142456,0.7745112776756287,0.47996461391448975,2,Q2,Low
890,14347,21170,2,2-3,0.6430812478065491,0.554881364107132,0.44325071573257446,0.44558560848236084,3,Q3,High
891,14370,13085,2,2-3,0.6098735630512238,0.5280285775661469,0.5899476408958435,0.44247734546661377,2,Q2,Medium
892,14376,10594,3,2-3,0.5992144644260406,0.654713362455368,0.2459593564271927,0.37011846899986267,4,Q4-high,Medium
893,14401,1216,3,2-3,0.4945709705352783,0.8361531794071198,0.10969147831201553,0.17738565802574158,4,Q4-high,Low
894,14410,9287,3,2-3,0.5463267266750336,0.41118937730789185,0.19895008206367493,0.6862757205963135,1,Q1-low,Low
895,14451,11213,2,2-3,0.7938295602798462,0.47272151708602905,0.2966760993003845,0.5849291086196899,2,Q2,High
896,14453,2391,10,>=6,0.5717940032482147,0.34821975231170654,0.30372709035873413,0.7387934923171997,1,Q1-low,Medium
897,14462,17469,1,1,,0.6487180888652802,0.18189677596092224,0.39362818002700806,4,Q4-high,Single-history
898,14477,21873,4,4-5,0.548283576965332,0.3368713855743408,0.6363738775253296,0.6698172688484192,1,Q1-low,Low
899,14484,20043,5,4-5,0.5567525029182434,0.5586383044719696,0.1678650975227356,0.5097358226776123,3,Q3,Medium
900,14492,19160,2,2-3,0.8808410838246346,0.608424574136734,0.2868088483810425,0.4177670478820801,3,Q3,High
901,14572,9115,4,4-5,0.5566084384918213,0.4015715718269348,0.2377924919128418,0.6885874271392822,1,Q1-low,Medium
902,14596,15381,3,2-3,0.6286138296127319,0.5360860824584961,0.5136067867279053,0.45149070024490356,2,Q2,Medium
903,14610,1356,3,2-3,0.6459685564041138,0.511155515909195,0.51868736743927,0.481383740901947,2,Q2,High
904,14642,8763,2,2-3,0.6715810894966125,0.555515706539154,0.22107316553592682,0.5003370642662048,3,Q3,High
905,14643,19504,2,2-3,0.6485626399517059,0.26419752836227417,0.4483017921447754,0.8076776266098022,1,Q1-low,High
906,14651,1236,2,2-3,0.6881377398967743,0.5782400667667389,0.2412128448486328,0.4668967127799988,3,Q3,High
907,14653,21776,2,2-3,0.6191000938415527,0.5535008907318115,0.37394243478775024,0.46463829278945923,3,Q3,Medium
908,14670,20283,2,2-3,0.5357413291931152,0.5393390357494354,0.3249543309211731,0.49458760023117065,2,Q2,Low
909,14686,14727,4,4-5,0.5238724648952484,0.5995465517044067,0.22629797458648682,0.4439923167228699,3,Q3,Low
910,14704,21350,3,2-3,0.6752022802829742,0.36100995540618896,0.42201894521713257,0.6932327747344971,1,Q1-low,High
911,14732,1250,3,2-3,0.6837379038333893,0.6162507832050323,0.4775487184524536,0.36029934883117676,3,Q3,High
912,14763,18116,4,4-5,0.6203506290912628,0.596589058637619,0.1579281985759735,0.46478164196014404,3,Q3,Medium
913,14781,22623,2,2-3,0.5430299639701843,0.5346550047397614,0.16918233036994934,0.5393856763839722,2,Q2,Low
914,14785,1255,2,2-3,0.5153309106826782,0.6454436779022217,0.1718188226222992,0.4002406597137451,4,Q4-high,Low
915,14831,1259,2,2-3,0.8104001432657242,0.705419272184372,0.2607508897781372,0.30303817987442017,4,Q4-high,High
916,14838,20098,1,1,,0.4933401346206665,0.3324032425880432,0.5502240061759949,2,Q2,Single-history
917,14850,2417,3,2-3,0.6647196710109711,0.7115383744239807,0.0873119905591011,0.3387490212917328,4,Q4-high,High
918,14876,7053,2,2-3,0.6622897982597351,0.4272376298904419,0.29739269614219666,0.6416047811508179,1,Q1-low,High
919,14889,20355,3,2-3,0.4850349426269531,0.5826350152492523,0.17960989475250244,0.476803719997406,3,Q3,Low
920,14892,15985,2,2-3,0.6892362534999847,0.4242568016052246,0.5773746967315674,0.5753353238105774,1,Q1-low,High
921,14913,21489,2,2-3,0.6396231651306152,0.5483129024505615,0.4734281897544861,0.4462518095970154,2,Q2,Medium
922,14938,23022,2,2-3,0.7843675017356873,0.5691040456295013,0.4585254192352295,0.42398858070373535,3,Q3,High
923,15000,16872,2,2-3,0.5163420736789703,0.40669989585876465,0.5017858743667603,0.6161786317825317,1,Q1-low,Low
924,15002,10403,2,2-3,0.7103983163833618,0.48744261264801025,0.20172618329524994,0.590265154838562,2,Q2,High
925,15007,4536,3,2-3,0.5787944793701172,0.6265467405319214,0.2362430989742279,0.4077557623386383,4,Q4-high,Medium
926,15009,1704,1,1,,0.6282815039157867,0.17791786789894104,0.4201686382293701,4,Q4-high,Single-history
927,15010,18527,5,4-5,0.5575091242790222,0.5812349021434784,0.21292981505393982,0.47022390365600586,3,Q3,Medium
928,15031,6584,2,2-3,0.5370019376277924,0.38158154487609863,0.3907475769519806,0.6753361821174622,1,Q1-low,Low
929,15032,1285,3,2-3,0.6911761462688446,0.4497394561767578,0.445670485496521,0.5764080286026001,1,Q1-low,High
930,15041,17527,2,2-3,0.5588818192481995,0.4575197100639343,0.2902607321739197,0.6055352091789246,2,Q2,Medium
931,15056,14958,3,2-3,0.7998350113630295,0.4360167980194092,0.35542032122612,0.6161239147186279,1,Q1-low,High
932,15079,12564,2,2-3,0.5987259447574615,0.5917205512523651,0.10070295631885529,0.4851735830307007,3,Q3,Medium
933,15093,18022,2,2-3,0.7656948864459991,0.7220855355262756,0.12148033082485199,0.31702297925949097,4,Q4-high,High
934,15112,15148,2,2-3,0.3900183439254761,0.5473453998565674,0.37818795442581177,0.471271276473999,2,Q2,Low
935,15128,17546,2,2-3,0.7082770764827728,0.7306453585624695,0.16810745000839233,0.29466643929481506,4,Q4-high,High
936,15158,6465,3,2-3,0.5883546769618988,0.5108454823493958,0.24189089238643646,0.5509704351425171,2,Q2,Medium
937,15159,15955,2,2-3,0.6259119808673859,0.6948561370372772,0.3281104266643524,0.29940223693847656,4,Q4-high,Medium
938,15173,20362,2,2-3,0.784393697977066,0.7530935853719711,0.1814245581626892,0.2632768750190735,4,Q4-high,High
939,15188,19489,2,2-3,0.5114486217498779,0.3728029131889343,0.16417886316776276,0.7429516315460205,1,Q1-low,Low
940,15190,7624,2,2-3,0.679516077041626,0.5899749100208282,0.26116943359375,0.4472390115261078,3,Q3,High
941,15258,11338,2,2-3,0.5208499431610107,0.6152344048023224,0.17955435812473297,0.4360683858394623,3,Q3,Low
942,15272,9157,1,1,,0.6293331384658813,0.3963126540184021,0.364255428314209,4,Q4-high,Single-history
943,15281,13043,2,2-3,0.3534879684448242,0.5566880702972412,0.24502524733543396,0.492883563041687,3,Q3,Low
944,15286,11266,4,4-5,0.543972373008728,0.3662719130516052,0.47711825370788574,0.6728805303573608,1,Q1-low,Low
945,15299,2303,7,>=6,0.3883700370788574,0.403525173664093,0.3442853093147278,0.6595221757888794,1,Q1-low,Low
946,15348,13899,2,2-3,0.37466126680374146,0.40882760286331177,0.30639415979385376,0.6623669862747192,1,Q1-low,Low
947,15350,18343,1,1,,0.6158415079116821,0.20491883158683777,0.4289683997631073,3,Q3,Single-history
948,15352,20477,1,1,,0.3879462480545044,0.4358202815055847,0.6561121344566345,1,Q1-low,Single-history
949,15358,1773,2,2-3,0.7376505434513092,0.5936084687709808,0.0802200511097908,0.4879343807697296,3,Q3,High
950,15359,19173,2,2-3,0.44703781604766846,0.6784867942333221,0.2524993419647217,0.3387666940689087,4,Q4-high,Low
951,15360,20473,2,2-3,0.6458317935466766,0.5716466903686523,0.23502479493618011,0.47668543457984924,3,Q3,High
952,15377,19587,3,2-3,0.36466819047927856,0.4243665337562561,0.2514873147010803,0.6566700339317322,1,Q1-low,Low
953,15418,20902,3,2-3,0.5281630754470825,0.5858941376209259,0.21604910492897034,0.46362003684043884,3,Q3,Low
954,15443,17218,4,4-5,0.56841841340065,0.6684370338916779,0.11605849117040634,0.38543909788131714,4,Q4-high,Medium
955,15469,10970,2,2-3,0.11279517412185669,0.7153872847557068,0.18131375312805176,0.3104374408721924,4,Q4-high,Low
956,15474,22853,3,2-3,0.7893868684768677,0.6627637147903442,0.08279325067996979,0.40084704756736755,4,Q4-high,High
957,15510,11289,3,2-3,0.6495648324489594,0.5167616605758667,0.2470829337835312,0.5422772169113159,2,Q2,High
958,15515,20780,3,2-3,0.5240195989608765,0.5600405335426331,0.21670976281166077,0.4957718551158905,3,Q3,Low
959,15545,1347,2,2-3,0.5955761075019836,0.7278907299041748,0.3951697051525116,0.24134418368339539,4,Q4-high,Medium
960,15554,21350,2,2-3,0.7880318313837051,0.6919037699699402,0.18817049264907837,0.3380776345729828,4,Q4-high,High
961,15559,1350,6,>=6,0.6868072748184204,0.5691997706890106,0.13337111473083496,0.5051575303077698,3,Q3,High
962,15592,21881,2,2-3,0.5882133841514587,0.5375144779682159,0.17801912128925323,0.5336021184921265,2,Q2,Medium
963,15605,2198,6,>=6,0.6247520446777344,0.6140573620796204,0.03686891496181488,0.47321105003356934,3,Q3,Medium
964,15642,9522,2,2-3,0.47305232286453247,0.7828298956155777,0.1793912649154663,0.2266148030757904,4,Q4-high,Low
965,15673,14195,3,2-3,0.5037747621536255,0.40992867946624756,0.3306448757648468,0.6549279093742371,1,Q1-low,Low
966,15700,17099,2,2-3,0.38540101051330566,0.3377003073692322,0.5707853436470032,0.685178279876709,1,Q1-low,Low
967,15710,22017,2,2-3,0.629137247800827,0.6850544810295105,0.20627836883068085,0.342112272977829,4,Q4-high,Medium
968,15745,13494,3,2-3,0.6090720593929291,0.28580623865127563,0.7580785751342773,0.7032225131988525,1,Q1-low,Medium
969,15751,19277,3,2-3,0.5953078269958496,0.47000259160995483,0.41433456540107727,0.5589131116867065,2,Q2,Medium
970,15801,1667,4,4-5,0.6248220205307007,0.6513083577156067,0.07996563613414764,0.41587314009666443,4,Q4-high,Medium
971,15807,7250,1,1,,0.7439470887184143,0.16159214079380035,0.27966809272766113,4,Q4-high,Single-history
972,15821,22155,1,1,,0.7002578675746918,0.17580834031105042,0.3307255506515503,4,Q4-high,Single-history
973,15844,11702,2,2-3,0.7086237072944641,0.39784979820251465,0.49493226408958435,0.6289546489715576,1,Q1-low,High
974,15864,16440,2,2-3,0.49191927909851074,0.6649724245071411,0.5170089602470398,0.28953224420547485,4,Q4-high,Low
975,15878,2969,2,2-3,0.7777265012264252,0.6995243430137634,0.38716357946395874,0.27880367636680603,4,Q4-high,High
976,15919,21491,3,2-3,0.5887271165847778,0.6031213998794556,0.22509892284870148,0.4398235082626343,3,Q3,Medium
977,15924,22007,2,2-3,0.5990010797977448,0.5819261372089386,0.2554011940956116,0.45874205231666565,3,Q3,Medium
978,15934,9770,1,1,,0.24581307172775269,0.7558380365371704,0.753774106502533,1,Q1-low,Single-history
979,15949,10029,2,2-3,0.6971498131752014,0.5459950268268585,0.4783112108707428,0.44792842864990234,2,Q2,High
980,15973,20041,6,>=6,0.7386835217475891,0.3422675132751465,0.5157579779624939,0.6932260990142822,1,Q1-low,High
981,16015,9749,1,1,,0.7127246856689453,0.48034602403640747,0.2390076369047165,4,Q4-high,Single-history
982,16029,17748,4,4-5,0.5734454095363617,0.43318313360214233,0.17567922174930573,0.66460120677948,1,Q1-low,Medium
983,16048,18279,2,2-3,0.44412553310394287,0.42727553844451904,0.39198777079582214,0.6179086565971375,1,Q1-low,Low
984,16049,16520,3,2-3,0.5302077531814575,0.6301848292350769,0.1390703171491623,0.427501380443573,4,Q4-high,Low
985,16090,22890,3,2-3,0.6645303666591644,0.4490113854408264,0.37641289830207825,0.5946325063705444,1,Q1-low,High
986,16128,22574,1,1,,0.6147226393222809,0.18135592341423035,0.4362577199935913,3,Q3,Single-history
987,16137,12113,2,2-3,0.676376461982727,0.649162769317627,0.17236480116844177,0.3954553008079529,4,Q4-high,High
988,16143,19792,1,1,,0.4960281252861023,0.5186673402786255,0.500298023223877,2,Q2,Single-history
989,16178,20069,2,2-3,0.6938187777996063,0.643942654132843,0.16929492354393005,0.4027479290962219,4,Q4-high,High
990,16202,11857,2,2-3,0.65256267786026,0.7645212560892105,0.11904173344373703,0.26458799839019775,4,Q4-high,High
991,16204,1437,2,2-3,0.6521074771881104,0.566664457321167,0.16846013069152832,0.4995543956756592,3,Q3,High
992,16209,3528,2,2-3,0.384530246257782,0.7565935701131821,0.2185591757297516,0.24961823225021362,4,Q4-high,Low
993,16225,20940,4,4-5,0.6107242405414581,0.656804621219635,0.14979642629623413,0.3915450870990753,4,Q4-high,Medium
994,16228,23008,2,2-3,0.8163563907146454,0.5828635990619659,0.28873738646507263,0.4492361545562744,3,Q3,High
995,16229,8537,2,2-3,0.6384759247303009,0.6704577505588531,0.35185548663139343,0.3239639401435852,4,Q4-high,Medium
996,16250,12449,2,2-3,0.521694540977478,0.6921685039997101,0.23216618597507477,0.3267478048801422,4,Q4-high,Low
997,16263,22109,2,2-3,0.7327554821968079,0.5764292478561401,0.29923951625823975,0.4546535611152649,3,Q3,High
998,16318,19822,2,2-3,0.803490400314331,0.6170673966407776,0.2728428542613983,0.41045504808425903,3,Q3,High
999,16322,12560,2,2-3,0.5397087633609772,0.5784989595413208,0.3728393316268921,0.4336664378643036,3,Q3,Low
1000,16325,8023,3,2-3,0.5496839582920074,0.6265233159065247,0.3039311170578003,0.3908630609512329,4,Q4-high,Low
1001,16392,14523,3,2-3,0.7086158096790314,0.6054039597511292,0.3807518780231476,0.39805707335472107,3,Q3,High
1002,16417,22132,5,4-5,0.7130972146987915,0.5974289178848267,0.16435924172401428,0.4621240496635437,3,Q3,High
1003,16427,22986,2,2-3,0.6703014075756073,0.6059550344944,0.22247058153152466,0.4369385540485382,3,Q3,High
1004,16431,6015,3,2-3,0.706405907869339,0.5190914571285248,0.33377620577812195,0.5176916122436523,2,Q2,High
1005,16437,14570,2,2-3,0.8163140118122101,0.6494765877723694,0.29901590943336487,0.36340028047561646,4,Q4-high,High
1006,16438,22051,1,1,,0.8035004287958145,0.1334436535835266,0.2122635543346405,4,Q4-high,Single-history
1007,16443,16127,2,2-3,0.7019642889499664,0.6334088444709778,0.1525418609380722,0.4201034903526306,4,Q4-high,High
1008,16461,17922,2,2-3,0.601211816072464,0.6968161463737488,0.13728055357933044,0.344659686088562,4,Q4-high,Medium
1009,16507,21249,2,2-3,0.5955043137073517,0.4713723063468933,0.48208582401275635,0.5402631759643555,2,Q2,Medium
1010,16520,16926,3,2-3,0.6247676908969879,0.2909618020057678,0.5402212142944336,0.7512423992156982,1,Q1-low,Medium
1011,16529,4902,4,4-5,0.38626986742019653,0.5358754992485046,0.17188547551631927,0.5371842384338379,2,Q2,Low
1012,16542,17107,5,4-5,0.528306245803833,0.27146345376968384,0.46629080176353455,0.7940980195999146,1,Q1-low,Low
1013,16547,19751,2,2-3,0.32598698139190674,0.3978062868118286,0.46361613273620605,0.6368380784988403,1,Q1-low,Low
1014,16608,20995,2,2-3,0.4169664978981018,0.14622288942337036,0.6117997765541077,0.9142714738845825,1,Q1-low,Low
1015,16609,17235,2,2-3,0.41395431756973267,0.6497862637042999,0.17234264314174652,0.39468151330947876,4,Q4-high,Low
1016,16620,1865,2,2-3,0.8689931035041809,0.6753952503204346,0.1557442545890808,0.3668198585510254,4,Q4-high,High
1017,16623,16217,3,2-3,0.5360072553157806,0.5171785652637482,0.29615455865859985,0.5294881463050842,2,Q2,Low
1018,16626,13131,2,2-3,0.487019419670105,0.6533911228179932,0.21927642822265625,0.3784419894218445,4,Q4-high,Low
1019,16696,2825,4,4-5,0.5942736864089966,0.4035574793815613,0.6496686339378357,0.5831359624862671,1,Q1-low,Medium
1020,16702,16841,4,4-5,0.6082234680652618,0.25236666202545166,0.5756004452705383,0.7906414866447449,1,Q1-low,Medium
1021,16710,15817,2,2-3,0.3636576533317566,0.5467753708362579,0.4048151969909668,0.4653269648551941,2,Q2,Low
1022,16713,5462,3,2-3,0.30069297552108765,0.41807156801223755,0.4781227707862854,0.6078798174858093,1,Q1-low,Low
1023,16734,20060,2,2-3,0.6546297371387482,0.6648624539375305,0.1459175944328308,0.38244253396987915,4,Q4-high,High
1024,16768,13587,2,2-3,0.4024845361709595,0.5805731415748596,0.21583782136440277,0.4703240990638733,3,Q3,Low
1025,16773,1552,3,2-3,0.6448186337947845,0.08695918321609497,0.9133942723274231,0.9129524230957031,1,Q1-low,High
1026,16800,11473,2,2-3,0.13478386402130127,0.17063283920288086,0.8537371158599854,0.8232746124267578,1,Q1-low,Low
1027,16803,10081,2,2-3,0.3965229392051697,0.5715703368186951,0.29848504066467285,0.46091580390930176,3,Q3,Low
1028,16830,22969,3,2-3,0.6705970168113708,0.6250784993171692,0.22777578234672546,0.41170793771743774,4,Q4-high,High
1029,16835,12222,4,4-5,0.6452953815460205,0.5894092321395874,0.12457738816738129,0.4820941090583801,3,Q3,High
1030,16868,23032,2,2-3,0.6060967445373535,0.5380348265171051,0.15687745809555054,0.5382370948791504,2,Q2,Medium
1031,16869,1551,2,2-3,0.17109405994415283,0.5368245542049408,0.1242213025689125,0.5479139685630798,2,Q2,Low
1032,16874,5820,3,2-3,0.6488216817378998,0.5130007863044739,0.34473589062690735,0.5225650072097778,2,Q2,High
1033,16906,14215,3,2-3,0.7239900529384613,0.648906797170639,0.09989621490240097,0.4138924479484558,4,Q4-high,High
1034,16913,5963,3,2-3,0.5830260515213013,0.5664073526859283,0.16668206453323364,0.500320315361023,3,Q3,Medium
1035,16926,19636,2,2-3,0.6352622509002686,0.42357301712036133,0.21056801080703735,0.6678917407989502,1,Q1-low,Medium
1036,16931,1564,2,2-3,0.640509307384491,0.640696108341217,0.17086811363697052,0.40641283988952637,4,Q4-high,Medium
1037,16939,15834,1,1,,0.8255991637706757,0.08967921137809753,0.19558124244213104,4,Q4-high,Single-history
1038,16947,2665,3,2-3,0.7444291710853577,0.5049839913845062,0.19832050800323486,0.5691899061203003,2,Q2,High
1039,17000,19390,2,2-3,0.345950186252594,0.3728603720664978,0.34587880969047546,0.6974548101425171,1,Q1-low,Low
1040,17010,22108,4,4-5,0.31569188833236694,0.5326898694038391,0.48515984416007996,0.46284767985343933,2,Q2,Low
1041,17054,13659,2,2-3,0.6001373827457428,0.5335460901260376,0.24334463477134705,0.5222312211990356,2,Q2,Medium
1042,17055,17216,3,2-3,0.5666934549808502,0.6168305277824402,0.49642664194107056,0.35485514998435974,3,Q3,Medium
1043,17070,21445,2,2-3,0.7806390672922134,0.7574489414691925,0.32891619205474854,0.22095976769924164,4,Q4-high,High
1044,17090,9490,2,2-3,0.1923777461051941,0.4106602668762207,0.2920868396759033,0.6636528968811035,1,Q1-low,Low
1045,17108,12600,2,2-3,0.6145020723342896,0.5544498860836029,0.18678495287895203,0.5102413892745972,3,Q3,Medium
1046,17113,17560,5,4-5,0.6393464207649231,0.5053667724132538,0.3554954528808594,0.5294176340103149,2,Q2,Medium
1047,17121,3491,3,2-3,0.6022977530956268,0.5598810911178589,0.41622525453567505,0.4460923373699188,3,Q3,Medium
1048,17134,21824,2,2-3,0.5721450448036194,0.5445458292961121,0.37229931354522705,0.47624287009239197,2,Q2,Medium
1049,17157,22582,3,2-3,0.7029194235801697,0.5140939354896545,0.41727831959724426,0.5030629634857178,2,Q2,High
1050,17189,12536,2,2-3,0.5511996448040009,0.7049941718578339,0.20332540571689606,0.31792593002319336,4,Q4-high,Low
1051,17195,8946,2,2-3,0.4705440402030945,0.43802398443222046,0.3058564364910126,0.6260058879852295,1,Q1-low,Low
1052,17268,20868,6,>=6,0.5632427632808685,0.39945024251937866,0.3058001399040222,0.6742371320724487,1,Q1-low,Medium
1053,17300,20766,2,2-3,0.5967047214508057,0.47936296463012695,0.28274744749069214,0.5801094770431519,2,Q2,Medium
1054,17302,4815,3,2-3,0.6278127133846283,0.15360790491104126,0.5319676995277405,0.9249982237815857,1,Q1-low,Medium
1055,17318,23009,4,4-5,0.6290126740932465,0.5783346891403198,0.2529261112213135,0.46385011076927185,3,Q3,Medium
1056,17330,22894,5,4-5,0.6445991396903992,0.6472053825855255,0.2710832953453064,0.3732224404811859,4,Q4-high,High
1057,17333,21889,10,>=6,0.6260062754154205,0.532704770565033,0.36975789070129395,0.4916795492172241,2,Q2,Medium
1058,17348,22415,2,2-3,0.8038575500249863,0.5358558595180511,0.18957571685314178,0.5327862501144409,2,Q2,High
1059,17397,13078,4,4-5,0.6206508874893188,0.5721639692783356,0.26511478424072266,0.46851634979248047,3,Q3,Medium
1060,17398,1642,2,2-3,0.6113126873970032,0.5953428149223328,0.5475668907165527,0.36892974376678467,3,Q3,Medium
1061,17399,21685,3,2-3,0.7006628513336182,0.5974129438400269,0.339726984500885,0.41830208897590637,3,Q3,High
1062,17423,1645,2,2-3,0.7963599264621735,0.692683756351471,0.11710728704929352,0.35486847162246704,4,Q4-high,High
1063,17447,6485,2,2-3,0.5988945364952087,0.5084435045719147,0.5117632150650024,0.48650479316711426,2,Q2,Medium
1064,17453,16841,2,2-3,0.3240107297897339,0.22171634435653687,0.6527928113937378,0.8096563816070557,1,Q1-low,Low
1065,17501,4030,5,4-5,0.6488012969493866,0.5396621227264404,0.3139392137527466,0.4969375431537628,2,Q2,High
1066,17504,20644,2,2-3,0.6365163326263428,0.6168776154518127,0.07182905077934265,0.4609456956386566,3,Q3,Medium
1067,17533,21760,2,2-3,0.46981537342071533,0.3738027811050415,0.39875707030296326,0.6830571889877319,1,Q1-low,Low
1068,17611,3208,6,>=6,0.4670771360397339,0.7204274237155914,0.13549086451530457,0.3155929744243622,4,Q4-high,Low
1069,17621,9882,2,2-3,0.4967595338821411,0.3999404311180115,0.4335111975669861,0.6416966915130615,1,Q1-low,Low
1070,17650,22228,10,>=6,0.5499877035617828,0.43000346422195435,0.5831483602523804,0.5667085647583008,1,Q1-low,Low
1071,17665,1920,3,2-3,0.612401157617569,0.5039994716644287,0.38339459896087646,0.5241519808769226,2,Q2,Medium
1072,17748,13154,3,2-3,0.6397130489349365,0.7109217643737793,0.15014097094535828,0.3238125443458557,4,Q4-high,Medium
1073,17770,17729,3,2-3,0.7419893741607666,0.6304309070110321,0.13776865601539612,0.42751920223236084,4,Q4-high,High
1074,17810,21639,8,>=6,0.6499714553356171,0.5133223831653595,0.41743066906929016,0.5039893388748169,2,Q2,High
1075,17831,21743,3,2-3,0.6476795971393585,0.43957972526550293,0.2640138268470764,0.6345219016075134,1,Q1-low,High
1076,17890,9726,2,2-3,0.7548638433218002,0.5436088442802429,0.3282289505004883,0.4884317219257355,2,Q2,High
1077,17891,17157,2,2-3,0.7758840471506119,0.5579150915145874,0.2238980531692505,0.4966316223144531,3,Q3,High
1078,17897,3610,2,2-3,0.5082142949104309,0.5921952724456787,0.2278951108455658,0.45278212428092957,3,Q3,Low
1079,17905,7799,2,2-3,0.6819625794887543,0.6237340271472931,0.23716431856155396,0.41104137897491455,4,Q4-high,High
1080,17920,20441,2,2-3,0.7406340837478638,0.6131436824798584,0.3161957263946533,0.4045214354991913,3,Q3,High
1081,17926,22411,2,2-3,0.4945254325866699,0.677899032831192,0.18528929352760315,0.3563039004802704,4,Q4-high,Low
1082,17931,21983,2,2-3,0.5804698169231415,0.6024410724639893,0.41496121883392334,0.3932083249092102,3,Q3,Medium
1083,17955,20555,2,2-3,0.11676198244094849,0.5632545948028564,0.11782024800777435,0.5164766907691956,3,Q3,Low
1084,17965,4637,10,>=6,0.570030003786087,0.33628469705581665,0.3465458154678345,0.7430076599121094,1,Q1-low,Medium
1085,17968,5042,4,4-5,0.536566823720932,0.38951683044433594,0.43619775772094727,0.6540545225143433,1,Q1-low,Low
1086,17980,18851,2,2-3,0.6938439905643463,0.39744895696640015,0.6313331127166748,0.5953555107116699,1,Q1-low,High
1087,17982,18513,4,4-5,0.5523049533367157,0.5799909234046936,0.21985137462615967,0.4700484871864319,3,Q3,Low
1088,18003,15088,2,2-3,0.7027491927146912,0.5257880389690399,0.20311573147773743,0.5419859886169434,2,Q2,High
1089,18004,22642,3,2-3,0.569600909948349,0.4466528296470642,0.4802449345588684,0.5716227293014526,1,Q1-low,Medium
1090,18025,21472,3,2-3,0.5273888111114502,0.4846513271331787,0.26720255613327026,0.5773851871490479,2,Q2,Low
1091,18040,8969,2,2-3,0.5106697678565979,0.42351895570755005,0.6925299167633057,0.5474688410758972,1,Q1-low,Low
1092,18051,20098,2,2-3,0.3856573700904846,0.7232127785682678,0.13096940517425537,0.3132416605949402,4,Q4-high,Low
1093,18053,23018,2,2-3,0.4358285665512085,0.654668003320694,0.10546500980854034,0.40529873967170715,4,Q4-high,Low
1094,18071,22792,3,2-3,0.5128861963748932,0.5101072490215302,0.36826270818710327,0.5203002691268921,2,Q2,Low
1095,18075,9221,4,4-5,0.6192391812801361,0.48231756687164307,0.5473464727401733,0.5102663636207581,2,Q2,Medium
1096,18108,15903,2,2-3,0.801179900765419,0.5162536799907684,0.23946866393089294,0.544815719127655,2,Q2,High
1097,18152,1770,2,2-3,0.6308458745479584,0.7417719960212708,0.10378977656364441,0.29683756828308105,4,Q4-high,Medium
1098,18159,8496,2,2-3,0.6222494840621948,0.4151778817176819,0.2489732801914215,0.6687842607498169,1,Q1-low,Medium
1099,18172,22904,5,4-5,0.600039541721344,0.31096893548965454,0.511683464050293,0.733367919921875,1,Q1-low,Medium
1100,18173,17218,2,2-3,0.4657757878303528,0.6247405707836151,0.26430392265319824,0.40299829840660095,4,Q4-high,Low
1101,18182,15603,2,2-3,0.7707106620073318,0.707644522190094,0.18952089548110962,0.3180641233921051,4,Q4-high,High
1102,18188,12976,2,2-3,0.8093131333589554,0.8011141866445541,0.0782216414809227,0.2290518581867218,4,Q4-high,High
1103,18195,13823,3,2-3,0.575300008058548,0.41082900762557983,0.5485718250274658,0.5993207693099976,1,Q1-low,Medium
1104,18199,5685,3,2-3,0.6814212501049042,0.5575954020023346,0.5362289547920227,0.4189485013484955,3,Q3,High
1105,18225,22983,4,4-5,0.5642062425613403,0.4299328923225403,0.39050814509391785,0.6149568557739258,1,Q1-low,Medium
1106,18233,22520,10,>=6,0.6158647239208221,0.4175805449485779,0.541080117225647,0.5927542448043823,1,Q1-low,Medium
1107,18244,22800,2,2-3,0.6100721061229706,0.5872517824172974,0.30484381318092346,0.439724326133728,3,Q3,Medium
1108,18280,21939,4,4-5,0.6802788972854614,0.5633564591407776,0.35942599177360535,0.4559479355812073,3,Q3,High
1109,18326,22202,5,4-5,0.5165037214756012,0.5904402732849121,0.23364928364753723,0.45353731513023376,3,Q3,Low
1110,18357,12309,2,2-3,0.21499133110046387,0.7863481491804123,0.08544400334358215,0.2457038164138794,4,Q4-high,Low
1111,18386,20030,2,2-3,0.5981201827526093,0.4046078324317932,0.3247535824775696,0.6630518436431885,1,Q1-low,Medium
1112,18388,2531,6,>=6,0.6177881956100464,0.29636746644973755,0.4021334648132324,0.7790073156356812,1,Q1-low,Medium
1113,18429,20854,3,2-3,0.4997267723083496,0.5468884110450745,0.20551623404026031,0.515010416507721,2,Q2,Low
1114,18443,21060,2,2-3,0.5942480862140656,0.5895568132400513,0.5461759567260742,0.37650999426841736,3,Q3,Medium
1115,18448,12607,2,2-3,0.6924854218959808,0.5827852189540863,0.1661718189716339,0.47997552156448364,3,Q3,High
1116,18540,22478,6,>=6,0.5836518108844757,0.6284537017345428,0.17637097835540771,0.4203401207923889,4,Q4-high,Medium
1117,18542,17931,1,1,,0.7803458571434021,0.14529603719711304,0.23824366927146912,4,Q4-high,Single-history
1118,18551,20348,3,2-3,0.6562342643737793,0.6223483383655548,0.20933395624160767,0.419731080532074,3,Q3,High
1119,18583,17957,3,2-3,0.38453465700149536,0.4631192684173584,0.3629313111305237,0.5803681015968323,2,Q2,Low
1120,18595,20483,3,2-3,0.654853105545044,0.6290381550788879,0.20478466153144836,0.4125061333179474,4,Q4-high,High
1121,18620,4379,2,2-3,0.20032984018325806,0.5175082087516785,0.20373575389385223,0.5521807670593262,2,Q2,Low
1122,18625,7556,2,2-3,0.6983581483364105,0.5999777615070343,0.09185831248760223,0.47706320881843567,3,Q3,High
1123,18635,22428,2,2-3,0.5860580503940582,0.48187506198883057,0.2189113199710846,0.5929282903671265,2,Q2,Medium
1124,18637,12542,3,2-3,0.36817049980163574,0.43476057052612305,0.14070355892181396,0.6713733673095703,1,Q1-low,Low
1125,18646,10957,6,>=6,0.6672953069210052,0.49819815158843994,0.16359439492225647,0.5863537192344666,2,Q2,High
1126,18663,23030,5,4-5,0.601998507976532,0.6863126754760742,0.37903892993927,0.2973494231700897,4,Q4-high,Medium
1127,18676,1859,2,2-3,0.6506593227386475,0.5724000036716461,0.3780458867549896,0.43998852372169495,3,Q3,High
1128,18688,1860,2,2-3,0.3805638551712036,0.6383160352706909,0.08074360340833664,0.43191903829574585,4,Q4-high,Low
1129,18708,10310,3,2-3,0.5781277120113373,0.5352525115013123,0.636832058429718,0.42172637581825256,2,Q2,Medium
1130,18718,15708,1,1,,0.5129408538341522,0.4631027579307556,0.49304822087287903,2,Q2,Single-history
1131,18734,20017,4,4-5,0.39028722047805786,0.3782493472099304,0.4652278423309326,0.6608812808990479,1,Q1-low,Low
1132,18739,21618,3,2-3,0.33616727590560913,0.4077431559562683,0.3381617069244385,0.6557806730270386,1,Q1-low,Low
1133,18758,22411,1,1,,0.6592831611633301,0.1113903820514679,0.398048460483551,4,Q4-high,Single-history
1134,18771,14627,2,2-3,0.6769517064094543,0.40900248289108276,0.13100379705429077,0.7059959173202515,1,Q1-low,High
1135,18807,16345,3,2-3,0.567672461271286,0.38329172134399414,0.7255209684371948,0.589505136013031,1,Q1-low,Medium
1136,18834,19955,2,2-3,0.7848581671714783,0.6024890542030334,0.2424962818622589,0.43626460433006287,3,Q3,High
1137,18860,3484,2,2-3,0.4439273476600647,0.7828868478536606,0.1963561773300171,0.2223023921251297,4,Q4-high,Low
1138,18903,20860,3,2-3,0.6664033830165863,0.5145705938339233,0.16793736815452576,0.5648024082183838,2,Q2,High
1139,18911,22344,3,2-3,0.4023357629776001,0.28599971532821655,0.4720837473869324,0.7744793891906738,1,Q1-low,Low
1140,18936,22425,5,4-5,0.3968263864517212,0.6504603028297424,0.3076491355895996,0.36001235246658325,4,Q4-high,Low
1141,18938,9512,3,2-3,0.38705968856811523,0.5575920343399048,0.19892822206020355,0.5032778978347778,3,Q3,Low
1142,18974,17246,2,2-3,0.6548693180084229,0.420768141746521,0.5626579523086548,0.5833753347396851,1,Q1-low,High
1143,18994,21451,2,2-3,0.7954323291778564,0.6146272420883179,0.2428286075592041,0.42100879549980164,3,Q3,High
1144,19000,3921,3,2-3,0.5752905607223511,0.5272907316684723,0.24577319622039795,0.5294432640075684,2,Q2,Medium
1145,19007,9656,4,4-5,0.7126531600952148,0.45996493101119995,0.2598061263561249,0.610092282295227,2,Q2,High
1146,19015,1924,4,4-5,0.40769344568252563,0.67908576130867,0.06933647394180298,0.3838086724281311,4,Q4-high,Low
1147,19025,22948,6,>=6,0.5741561651229858,0.5300884246826172,0.22631338238716125,0.5308111310005188,2,Q2,Medium
1148,19030,22105,2,2-3,0.17599749565124512,0.5750936567783356,0.20339173078536987,0.48028498888015747,3,Q3,Low
1149,19031,13869,2,2-3,0.6132940649986267,0.6575147211551666,0.10463844239711761,0.4019469618797302,4,Q4-high,Medium
1150,19032,22900,3,2-3,0.551579624414444,0.46996766328811646,0.20561444759368896,0.611136794090271,2,Q2,Low
1151,19054,10081,2,2-3,0.6258506178855896,0.5155273675918579,0.12640318274497986,0.573989987373352,2,Q2,Medium
1152,19152,4896,2,2-3,0.5633386373519897,0.654565840959549,0.20685197412967682,0.3800796866416931,4,Q4-high,Medium
1153,19159,1946,2,2-3,0.2642274498939514,0.4097115397453308,0.3994183838367462,0.6380059719085693,1,Q1-low,Low
1154,19201,5963,3,2-3,0.6444045603275299,0.518120139837265,0.393293172121048,0.5040265321731567,2,Q2,High
1155,19214,11578,3,2-3,0.6281218528747559,0.6300602555274963,0.26738885045051575,0.39557746052742004,4,Q4-high,Medium
1156,19225,22894,3,2-3,0.5500315725803375,0.4991242289543152,0.5883369445800781,0.4790104627609253,2,Q2,Low
1157,19252,20260,10,>=6,0.61111781001091,0.3923707604408264,0.23654954135417938,0.7003991007804871,1,Q1-low,Medium
1158,19253,2979,3,2-3,0.6074667870998383,0.38539063930511475,0.4694518446922302,0.6508986949920654,1,Q1-low,Medium
1159,19266,10026,2,2-3,0.5984383225440979,0.4792376756668091,0.5073621869087219,0.524112343788147,2,Q2,Medium
1160,19269,22574,2,2-3,0.7855028659105301,0.598543256521225,0.20366710424423218,0.45090413093566895,3,Q3,High
1161,19277,19653,5,4-5,0.5841995179653168,0.3511970043182373,0.5176548957824707,0.6815899610519409,1,Q1-low,Medium
1162,19279,5877,2,2-3,0.32300353050231934,0.6337857246398926,0.23069751262664795,0.4000934362411499,4,Q4-high,Low
1163,19304,21267,4,4-5,0.5186220705509186,0.45303481817245483,0.38210129737854004,0.5881811380386353,2,Q2,Low
1164,19306,18840,2,2-3,0.6629709005355835,0.39101362228393555,0.3890819847583771,0.6639624834060669,1,Q1-low,High
1165,19323,4541,2,2-3,0.5126708149909973,0.6428501009941101,0.26471400260925293,0.38025885820388794,4,Q4-high,Low
1166,19325,6474,7,>=6,0.600847601890564,0.620366096496582,0.462079256772995,0.3590225279331207,3,Q3,Medium
1167,19342,15698,3,2-3,0.5685242116451263,0.5782029628753662,0.23225638270378113,0.46918219327926636,3,Q3,Medium
1168,19358,11000,2,2-3,0.6623004376888275,0.48264747858047485,0.2412574589252472,0.5863762497901917,2,Q2,High
1169,19392,21826,3,2-3,0.8425749391317368,0.7250042855739594,0.18584920465946198,0.297282338142395,4,Q4-high,High
1170,19398,13016,5,4-5,0.7144181132316589,0.6381330192089081,0.06736661493778229,0.43549203872680664,4,Q4-high,High
1171,19399,20676,2,2-3,0.7850815951824188,0.541973888874054,0.4812813997268677,0.45221227407455444,2,Q2,High
1172,19436,2478,5,4-5,0.37013089656829834,0.7130879163742065,0.23592020571231842,0.2996600568294525,4,Q4-high,Low
1173,19499,20942,6,>=6,0.5992929637432098,0.4755706191062927,0.43336015939712524,0.5471966862678528,2,Q2,Medium
1174,19544,10842,2,2-3,0.527370423078537,0.5922196209430695,0.17062723636627197,0.4670686721801758,3,Q3,Low
1175,19556,7766,2,2-3,0.6340538561344147,0.5461226403713226,0.4357243776321411,0.45841559767723083,2,Q2,Medium
1176,19559,7171,4,4-5,0.6229517161846161,0.6539795100688934,0.13570453226566315,0.39859944581985474,4,Q4-high,Medium
1177,19613,22951,2,2-3,0.34749042987823486,0.4914506673812866,0.3957735300064087,0.5367432832717896,2,Q2,Low
1178,19615,12739,3,2-3,0.49976474046707153,0.5196810960769653,0.6893395185470581,0.4280637502670288,2,Q2,Low
1179,19623,5948,3,2-3,0.3673863410949707,0.8127815872430801,0.09341654926538467,0.21066886186599731,4,Q4-high,Low
1180,19634,7865,2,2-3,0.5979086756706238,0.6192507147789001,0.13773806393146515,0.44150206446647644,3,Q3,Medium
1181,19643,10121,5,4-5,0.6819283366203308,0.5997333526611328,0.22357118129730225,0.44444048404693604,3,Q3,High
1182,19654,7543,2,2-3,0.33596324920654297,0.11075186729431152,0.6988714337348938,0.9368422627449036,1,Q1-low,Low
1183,19662,20144,1,1,,0.5930123627185822,0.20704087615013123,0.4569742977619171,3,Q3,Single-history
1184,19667,5186,5,4-5,0.716356635093689,0.3670439124107361,0.31370022892951965,0.7127700448036194,1,Q1-low,High
1185,19673,21734,2,2-3,0.5660366714000702,0.5110373198986053,0.43412578105926514,0.5026718974113464,2,Q2,Medium
1186,19728,20685,2,2-3,0.5156426131725311,0.6307274103164673,0.34921953082084656,0.37428581714630127,4,Q4-high,Low
1187,19740,22923,4,4-5,0.6627203524112701,0.5032109916210175,0.25660333037376404,0.556835412979126,2,Q2,High
1188,19762,21230,3,2-3,0.7022463381290436,0.6368976831436157,0.2725909650325775,0.38573014736175537,4,Q4-high,High
1189,19769,22076,4,4-5,0.7574807852506638,0.6778522729873657,0.18622735142707825,0.3561277985572815,4,Q4-high,High
1190,19781,13801,2,2-3,0.8494426608085632,0.5039345324039459,0.3138071298599243,0.5416300296783447,2,Q2,High
1191,19783,12312,3,2-3,0.6600693464279175,0.47095024585723877,0.4680173099040985,0.5443078279495239,2,Q2,High
1192,19786,22892,2,2-3,0.6140186488628387,0.701279878616333,0.1512337177991867,0.33559173345565796,4,Q4-high,Medium
1193,19812,3921,2,2-3,0.5387894213199615,0.4761658310890198,0.1828027218580246,0.6090919971466064,2,Q2,Low
1194,19838,22874,1,1,,0.6658342182636261,0.08755937218666077,0.395817369222641,4,Q4-high,Single-history
1195,19848,10277,2,2-3,0.5713164806365967,0.299360990524292,0.5931422710418701,0.7275131940841675,1,Q1-low,Medium
1196,19864,2046,2,2-3,0.5739657282829285,0.5464038550853729,0.16972793638706207,0.524563193321228,2,Q2,Medium
1197,19885,11141,4,4-5,0.7661548107862473,0.6133809983730316,0.22360655665397644,0.4273720979690552,3,Q3,High
1198,19897,19549,3,2-3,0.36644524335861206,0.26958489418029785,0.4499414563179016,0.8005334734916687,1,Q1-low,Low
1199,19920,21319,4,4-5,0.4287392497062683,0.3131141662597656,0.38945358991622925,0.7612439393997192,1,Q1-low,Low
1200,19932,22994,2,2-3,0.3412802219390869,0.6149820983409882,0.09722206741571426,0.4569668471813202,3,Q3,Low
1201,19950,4027,5,4-5,0.5683297514915466,0.5022720992565155,0.2809097468852997,0.5519324541091919,2,Q2,Medium
1202,19958,21364,1,1,,0.5386857092380524,0.17582988739013672,0.532685399055481,2,Q2,Single-history
1203,19967,14296,2,2-3,0.6080277860164642,0.4967880845069885,0.2539333999156952,0.5655314922332764,2,Q2,Medium
1204,19970,11091,3,2-3,0.6423962116241455,0.3370913863182068,0.6583870053291321,0.6640390157699585,1,Q1-low,High
1205,20013,21321,3,2-3,0.6295302212238312,0.5474626421928406,0.1792791783809662,0.5208519101142883,2,Q2,Medium
1206,20022,16926,2,2-3,0.4855997562408447,0.5722489058971405,0.20233134925365448,0.48410600423812866,3,Q3,Low
1207,20028,2084,4,4-5,0.6394984722137451,0.6000774204730988,0.32007962465286255,0.4198833107948303,3,Q3,Medium
1208,20056,13253,2,2-3,0.7727463692426682,0.6262724995613098,0.09674832969903946,0.4429722726345062,4,Q4-high,High
1209,20125,3890,4,4-5,0.6396755278110504,0.5429516434669495,0.16124263405799866,0.5309997797012329,2,Q2,Medium
1210,20128,22921,7,>=6,0.6294676959514618,0.43344616889953613,0.32290786504745483,0.6274653077125549,1,Q1-low,Medium
1211,20130,9758,2,2-3,0.7949690967798233,0.7003266215324402,0.19980379939079285,0.32464075088500977,4,Q4-high,High
1212,20153,20298,2,2-3,0.5500422716140747,0.1826813817024231,0.543367326259613,0.8858064413070679,1,Q1-low,Low
1213,20154,22861,10,>=6,0.3691045045852661,0.4737411141395569,0.4938739240169525,0.534355103969574,2,Q2,Low
1214,20166,17148,2,2-3,0.609140157699585,0.6166076362133026,0.21549463272094727,0.4253667891025543,3,Q3,Medium
1215,20210,12542,6,>=6,0.554630845785141,0.4233800172805786,0.18717651069164276,0.6739808320999146,1,Q1-low,Low
1216,20246,22861,4,4-5,0.7346943914890289,0.557121217250824,0.591856837272644,0.4056342542171478,3,Q3,High
1217,20254,4761,2,2-3,0.8894729018211365,0.606322169303894,0.466685950756073,0.3754257559776306,3,Q3,High
1218,20301,3740,2,2-3,0.5609362721443176,0.675088495016098,0.3162957727909088,0.32706543803215027,4,Q4-high,Medium
1219,20341,11932,6,>=6,0.48914486169815063,0.3627128005027771,0.24873369932174683,0.7344255447387695,1,Q1-low,Low
1220,20359,20926,2,2-3,0.6180683672428131,0.5692810714244843,0.18463149666786194,0.4922407865524292,3,Q3,Medium
1221,20365,18430,2,2-3,0.5736933946609497,0.5547060072422028,0.13910652697086334,0.5218408703804016,3,Q3,Medium
1222,20383,2140,3,2-3,0.8425915241241455,0.22101008892059326,0.8415910601615906,0.763339638710022,1,Q1-low,High
1223,20385,19486,2,2-3,0.6869337856769562,0.10112178325653076,0.61113440990448,0.9708141684532166,1,Q1-low,High
1224,20449,8717,3,2-3,0.7697768807411194,0.4257293939590454,0.33994171023368835,0.6328528523445129,1,Q1-low,High
1225,20458,7237,2,2-3,0.6677543222904205,0.34999793767929077,0.37952545285224915,0.7176212072372437,1,Q1-low,High
1226,20464,17422,3,2-3,0.5221738517284393,0.5909400582313538,0.34895071387290955,0.4240872263908386,3,Q3,Low
1227,20472,17785,2,2-3,0.6455045938491821,0.4706805944442749,0.19459691643714905,0.6130000352859497,2,Q2,High
1228,20483,7661,8,>=6,0.4468153715133667,0.6076745986938477,0.1746472716331482,0.4467449188232422,3,Q3,Low
1229,20487,21758,3,2-3,0.5482371747493744,0.30083727836608887,0.34311020374298096,0.7881758213043213,1,Q1-low,Low
1230,20488,18116,2,2-3,0.6369567811489105,0.5878895819187164,0.16050343215465546,0.4750121831893921,3,Q3,Medium
1231,20501,2152,4,4-5,0.5705283582210541,0.4482991695404053,0.3342624306678772,0.6060603857040405,1,Q1-low,Medium
1232,20526,23031,5,4-5,0.712011992931366,0.5483069121837616,0.22725488245487213,0.5078026056289673,2,Q2,High
1233,20604,7236,1,1,,0.6716397702693939,0.20618851482868195,0.3589031398296356,4,Q4-high,Single-history
1234,20606,22382,3,2-3,0.19256466627120972,0.6202482581138611,0.24221140146255493,0.4141368269920349,3,Q3,Low
1235,20607,10524,3,2-3,0.7357152700424194,0.4611373543739319,0.47442126274108887,0.5549730062484741,2,Q2,High
1236,20610,20127,6,>=6,0.4988032579421997,0.5416065454483032,0.13135302066802979,0.5401535630226135,2,Q2,Low
1237,20678,16440,2,2-3,0.5615682899951935,0.6979166269302368,0.3714061379432678,0.28475266695022583,4,Q4-high,Medium
1238,20681,7014,5,4-5,0.5770743787288666,0.5378570556640625,0.2347048670053482,0.5190024375915527,2,Q2,Medium
1239,20686,22633,3,2-3,0.6156826019287109,0.5841853320598602,0.26014479994773865,0.45473212003707886,3,Q3,Medium
1240,20689,18133,5,4-5,0.6051692366600037,0.614512711763382,0.35288336873054504,0.3936382532119751,3,Q3,Medium
1241,20692,21377,4,4-5,0.5903706848621368,0.5012046694755554,0.21507123112678528,0.5697263479232788,2,Q2,Medium
1242,20698,22787,1,1,,0.8307254910469055,0.10210876911878586,0.1860659420490265,4,Q4-high,Single-history
1243,20700,14056,2,2-3,0.5168628394603729,0.5078004002571106,0.3596452474594116,0.5253381729125977,2,Q2,Low
1244,20726,21344,2,2-3,0.7293323278427124,0.7155251502990723,0.1853565275669098,0.30925440788269043,4,Q4-high,High
1245,20735,18362,6,>=6,0.6024022996425629,0.538811057806015,0.2692198157310486,0.5091812014579773,2,Q2,Medium
1246,20748,13394,5,4-5,0.5810843110084534,0.35544633865356445,0.2526073455810547,0.742540180683136,1,Q1-low,Medium
1247,20771,3584,4,4-5,0.589011162519455,0.5637190341949463,0.45916295051574707,0.43056046962738037,3,Q3,Medium
1248,20788,22964,4,4-5,0.30545949935913086,0.5041169822216034,0.36348798871040344,0.5289817452430725,2,Q2,Low
1249,20790,18728,1,1,,0.5953077673912048,0.3267255127429962,0.4241839051246643,3,Q3,Single-history
1250,20815,22929,2,2-3,0.722412109375,0.6109679639339447,0.41499006748199463,0.38254252076148987,3,Q3,High
1251,20822,20995,2,2-3,0.31339526176452637,0.14622288942337036,0.6117997765541077,0.9142714738845825,1,Q1-low,Low
1252,20827,17276,2,2-3,0.6616621315479279,0.4231466054916382,0.21476919949054718,0.6673744320869446,1,Q1-low,High
1253,20847,13670,2,2-3,0.45281654596328735,0.5441121757030487,0.2774255871772766,0.5005033612251282,2,Q2,Low
1254,20874,22229,2,2-3,0.6904797554016113,0.5236474573612213,0.49681124091148376,0.4712378680706024,2,Q2,High
1255,20899,18594,1,1,,0.5738261938095093,0.18157052993774414,0.48732462525367737,3,Q3,Single-history
1256,20926,22545,1,1,,0.6652330458164215,0.09684416651725769,0.3942476511001587,4,Q4-high,Single-history
1257,20943,17912,3,2-3,0.5373324155807495,0.5098748803138733,0.33969560265541077,0.5277324914932251,2,Q2,Low
1258,20989,4642,2,2-3,0.5897290706634521,0.5640623867511749,0.2598188519477844,0.47996729612350464,3,Q3,Medium
1259,21003,19336,3,2-3,0.6070250272750854,0.5641391277313232,0.2739364802837372,0.47634196281433105,3,Q3,Medium
1260,21014,18548,2,2-3,0.1813356876373291,0.4389656186103821,0.597987711429596,0.5517960786819458,1,Q1-low,Low
1261,21075,16414,2,2-3,0.5030786693096161,0.6203488409519196,0.25593069195747375,0.4105812609195709,3,Q3,Low
1262,21087,22959,3,2-3,0.8010100871324539,0.49453818798065186,0.4112853407859802,0.5290058851242065,2,Q2,High
1263,21103,7577,6,>=6,0.6878344416618347,0.5227877795696259,0.34938845038414,0.5091681480407715,2,Q2,High
1264,21115,5810,2,2-3,0.6532784104347229,0.5873163342475891,0.26904526352882385,0.44859325885772705,3,Q3,High
1265,21135,9103,2,2-3,0.6541804075241089,0.7198225855827332,0.23563160002231598,0.29131385684013367,4,Q4-high,High
1266,21146,19256,2,2-3,0.5852876901626587,0.5678866803646088,0.21514864265918732,0.4863545000553131,3,Q3,Medium
1267,21178,23026,3,2-3,0.7679278254508972,0.7346325218677521,0.12067636102437973,0.3015402555465698,4,Q4-high,High
1268,21204,13241,3,2-3,0.6405875980854034,0.6167221069335938,0.23213766515254974,0.4210629463195801,3,Q3,Medium
1269,21281,13436,3,2-3,0.7585669904947281,0.7187325656414032,0.2761023938655853,0.28255870938301086,4,Q4-high,High
1270,21301,19659,2,2-3,0.6528920233249664,0.7432048916816711,0.22983452677726746,0.2635352611541748,4,Q4-high,High
1271,21308,21615,5,4-5,0.618445098400116,0.560370683670044,0.3249661922454834,0.4682950973510742,3,Q3,Medium
1272,21322,4304,3,2-3,0.5962759554386139,0.4796288013458252,0.41985973715782166,0.5454990863800049,2,Q2,Medium
1273,21335,22349,3,2-3,0.6145796775817871,0.5171692073345184,0.17773959040641785,0.5591036081314087,2,Q2,Medium
1274,21355,22434,3,2-3,0.615949422121048,0.575741171836853,0.16537901759147644,0.488978773355484,3,Q3,Medium
1275,21366,16956,4,4-5,0.5797720849514008,0.466372549533844,0.2951287031173706,0.5932521224021912,2,Q2,Medium
1276,21387,4209,5,4-5,0.7824915647506714,0.6299086213111877,0.23326972126960754,0.40429675579071045,4,Q4-high,High
1277,21407,8873,2,2-3,0.5495385229587555,0.6458486318588257,0.16555152833461761,0.4013013541698456,4,Q4-high,Low
1278,21416,11281,3,2-3,0.31271952390670776,0.34632056951522827,0.37760135531425476,0.7226989269256592,1,Q1-low,Low
1279,21446,12804,4,4-5,0.48614126443862915,0.574353039264679,0.25696009397506714,0.4678186774253845,3,Q3,Low
1280,21457,20141,8,>=6,0.6612059473991394,0.45992809534072876,0.499620646238327,0.5501847267150879,2,Q2,High
1281,21466,10304,2,2-3,0.6137946546077728,0.3660292625427246,0.7062550783157349,0.6158996820449829,1,Q1-low,Medium
1282,21475,20864,2,2-3,0.8003783375024796,0.683447927236557,0.3755367696285248,0.30180588364601135,4,Q4-high,High
1283,21497,15814,4,4-5,0.6520696580410004,0.559242308139801,0.612075686454773,0.3979281485080719,3,Q3,High
1284,21501,11540,2,2-3,0.6926822662353516,0.6193930804729462,0.21157291531562805,0.4228653907775879,3,Q3,High
1285,21512,9479,3,2-3,0.6713123023509979,0.4985921382904053,0.46403753757476807,0.510750412940979,2,Q2,High
1286,21522,8758,2,2-3,0.6758960783481598,0.6735139787197113,0.219547301530838,0.35322070121765137,4,Q4-high,High
1287,21538,22434,3,2-3,0.6628003418445587,0.4800746440887451,0.1878378689289093,0.6029472351074219,2,Q2,High
1288,21561,2332,2,2-3,0.610702395439148,0.8767089694738388,0.12631332874298096,0.12253545224666595,4,Q4-high,Medium
1289,21572,21942,4,4-5,0.6769396066665649,0.3372403383255005,0.5439324378967285,0.6924664974212646,1,Q1-low,High
1290,21574,20240,3,2-3,0.42628639936447144,0.5797650516033173,0.14960961043834686,0.487891286611557,3,Q3,Low
1291,21586,22555,7,>=6,0.621955543756485,0.5538356304168701,0.3965732455253601,0.45856213569641113,3,Q3,Medium
1292,21623,22743,2,2-3,0.7894615083932877,0.6827509105205536,0.32758498191833496,0.3146651089191437,4,Q4-high,High
1293,21661,17438,1,1,,0.6715822517871857,0.1602274626493454,0.37046533823013306,4,Q4-high,Single-history
1294,21677,22775,3,2-3,0.6110535562038422,0.5396828651428223,0.19988010823726654,0.5254263877868652,2,Q2,Medium
1295,21716,11337,2,2-3,0.6548938155174255,0.3724476099014282,0.4128679931163788,0.6812235116958618,1,Q1-low,High
1296,21759,4864,2,2-3,0.7399450540542603,0.6601884961128235,0.3766159415245056,0.33061039447784424,4,Q4-high,High
1297,21772,22472,1,1,,0.7056480944156647,0.2017885446548462,0.3174927234649658,4,Q4-high,Single-history
1298,21813,16292,3,2-3,0.612242579460144,0.2522701025009155,0.532315731048584,0.8015834093093872,1,Q1-low,Medium
1299,21834,14778,2,2-3,0.6311012506484985,0.41480571031570435,0.43844109773635864,0.6218825578689575,1,Q1-low,Medium
1300,21838,22385,3,2-3,0.6101640164852142,0.5401329398155212,0.15839844942092896,0.5352342128753662,2,Q2,Medium
1301,21842,19186,7,>=6,0.5692444443702698,0.57871875166893,0.37197884917259216,0.4336068332195282,3,Q3,Medium
1302,21852,22474,1,1,,0.5902343690395355,0.19473668932914734,0.46352285146713257,3,Q3,Single-history
1303,21859,4334,2,2-3,0.7006849944591522,0.44188392162323,0.4281930923461914,0.5905967950820923,1,Q1-low,High
1304,21890,19794,4,4-5,0.5998729169368744,0.5957440435886383,0.2251100242137909,0.449042409658432,3,Q3,Medium
1305,21896,22532,2,2-3,0.5648696720600128,0.6163944005966187,0.10994387418031693,0.4520210027694702,3,Q3,Medium
1306,21911,22834,1,1,,0.708712637424469,0.10871715843677521,0.33692988753318787,4,Q4-high,Single-history
1307,21912,22515,3,2-3,0.485978901386261,0.5444157719612122,0.2251034677028656,0.5132043957710266,2,Q2,Low
1308,21941,9811,2,2-3,0.758587509393692,0.6657225787639618,0.09564906358718872,0.3939344882965088,4,Q4-high,High
1309,21955,17716,1,1,,0.6093661785125732,0.3984181880950928,0.38868772983551025,3,Q3,Single-history
1310,21960,12930,3,2-3,0.7021206915378571,0.5559321641921997,0.234011709690094,0.4965818524360657,3,Q3,High
1311,21981,14964,2,2-3,0.6000507473945618,0.6593550741672516,0.18762847781181335,0.3788990378379822,4,Q4-high,Medium
1312,21988,21826,8,>=6,0.6530956923961639,0.4970383048057556,0.15595117211341858,0.5897142887115479,2,Q2,High
1313,22006,21124,2,2-3,0.640488862991333,0.5067535936832428,0.29400646686553955,0.5430563688278198,2,Q2,Medium
1314,22024,10954,3,2-3,0.4247572422027588,0.7380234599113464,0.25164082646369934,0.2645604908466339,4,Q4-high,Low
1315,22037,14510,2,2-3,0.5539167523384094,0.578297883272171,0.45653146505355835,0.41299477219581604,3,Q3,Low
1316,22097,8042,2,2-3,0.6485609114170074,0.6028628349304199,0.30642831325531006,0.4198143482208252,3,Q3,High
1317,22134,14255,3,2-3,0.29773420095443726,0.31798672676086426,0.5399430990219116,0.7175308465957642,1,Q1-low,Low
1318,22167,22204,6,>=6,0.4932459592819214,0.2890803813934326,0.3744719624519348,0.7950315475463867,1,Q1-low,Low
1319,22172,21217,3,2-3,0.6616339385509491,0.5781217515468597,0.19781643152236938,0.4778936803340912,3,Q3,High
1320,22176,22909,3,2-3,0.5664166510105133,0.575538158416748,0.3557242155075073,0.4416462182998657,3,Q3,Medium
1321,22179,12036,2,2-3,0.5334477722644806,0.5508237481117249,0.040956392884254456,0.5512312054634094,3,Q3,Low
1322,22183,8766,1,1,,0.6872367560863495,0.14153489470481873,0.35557031631469727,4,Q4-high,Single-history
1323,22213,22821,2,2-3,0.6238940358161926,0.6632128953933716,0.19929789006710052,0.3711594045162201,4,Q4-high,Medium
1324,22220,3633,3,2-3,0.6249288022518158,0.3790616989135742,0.44299444556236267,0.6654242277145386,1,Q1-low,Medium
1325,22231,22957,4,4-5,0.6127103865146637,0.5451494753360748,0.3406502604484558,0.4834005832672119,2,Q2,Medium
1326,22238,10831,2,2-3,0.30318617820739746,0.5415326356887817,0.3782792091369629,0.4785144031047821,2,Q2,Low
1327,22241,2492,3,2-3,0.7148832380771637,0.5069056749343872,0.29040956497192383,0.5437654852867126,2,Q2,High
1328,22254,7779,3,2-3,0.569218635559082,0.6547580659389496,0.27684277296066284,0.3623417317867279,4,Q4-high,Medium
1329,22290,2920,2,2-3,0.5112512707710266,0.32455116510391235,0.5299378633499146,0.7118265628814697,1,Q1-low,Low
1330,22302,10918,2,2-3,0.6253469586372375,0.45503950119018555,0.203485906124115,0.6303291320800781,2,Q2,Medium
1331,22310,22356,2,2-3,0.4235685467720032,0.5374159514904022,0.3205993175506592,0.49808019399642944,2,Q2,Low
1332,22315,8077,2,2-3,0.8198920488357544,0.45678073167800903,0.5106064677238464,0.5513724684715271,2,Q2,High
1333,22331,21276,6,>=6,0.5818927586078644,0.5375876128673553,0.17715749144554138,0.5337260961532593,2,Q2,Medium
1334,22366,18548,4,4-5,0.6418554782867432,0.45296311378479004,0.456100732088089,0.569770872592926,2,Q2,High
1335,22387,5436,2,2-3,0.5256797969341278,0.35235196352005005,0.25939249992370605,0.7447118759155273,1,Q1-low,Low
1336,22400,5895,2,2-3,0.7168520390987396,0.5844293534755707,0.12179940938949585,0.4890134334564209,3,Q3,High
1337,22429,20893,2,2-3,0.8328202217817307,0.6086249649524689,0.1819480061531067,0.44373178482055664,3,Q3,High
1338,22445,22213,8,>=6,0.5598455965518951,0.33622103929519653,0.4700777530670166,0.7122042775154114,1,Q1-low,Medium
1339,22463,19474,2,2-3,0.7058776617050171,0.2621910572052002,0.6453614234924316,0.7609207630157471,1,Q1-low,High
1340,22482,17922,2,2-3,0.6541059017181396,0.6267871260643005,0.25569307804107666,0.40259283781051636,4,Q4-high,High
1341,22490,22853,2,2-3,0.6009199917316437,0.6658981740474701,0.16745369136333466,0.37576383352279663,4,Q4-high,Medium
1342,22501,19837,4,4-5,0.6273477971553802,0.5316258668899536,0.31581583619117737,0.5065137147903442,2,Q2,Medium
1343,22502,13175,2,2-3,0.6009703278541565,0.6256649792194366,0.22910887002944946,0.41064152121543884,4,Q4-high,Medium
1344,22508,13453,4,4-5,0.6569744646549225,0.5993974506855011,0.09729625284671783,0.47642913460731506,3,Q3,High
1345,22515,6884,2,2-3,0.7112243473529816,0.7602556496858597,0.2056172639131546,0.24827611446380615,4,Q4-high,High
1346,22538,12705,2,2-3,0.6568888127803802,0.678335577249527,0.25969308614730835,0.3371572494506836,4,Q4-high,High
1347,22628,12592,2,2-3,0.39239293336868286,0.31091880798339844,0.6781963109970093,0.691802442073822,1,Q1-low,Low
1348,22630,5059,2,2-3,0.40556609630584717,0.4558408856391907,0.151424378156662,0.6423428058624268,2,Q2,Low
1349,22659,2594,3,2-3,0.5589244365692139,0.6536829769611359,0.26871201395988464,0.3657182455062866,4,Q4-high,Medium
1350,22675,23009,2,2-3,0.6149591207504272,0.5773574411869049,0.25870004296302795,0.4636281728744507,3,Q3,Medium
1351,22695,20610,2,2-3,0.6155881285667419,0.6721692085266113,0.09290958195924759,0.3865610659122467,4,Q4-high,Medium
1352,22700,4665,2,2-3,0.7489515542984009,0.6175130903720856,0.22010573744773865,0.423082172870636,3,Q3,High
1353,22709,3018,3,2-3,0.6108907759189606,0.346405565738678,0.43845462799072266,0.7073793411254883,1,Q1-low,Medium
1354,22710,19985,1,1,,0.6563349068164825,0.09202957153320312,0.40657395124435425,4,Q4-high,Single-history
1355,22714,20902,3,2-3,0.6184376180171967,0.39234960079193115,0.3329906165599823,0.6763153672218323,1,Q1-low,Medium
1356,22731,22913,2,2-3,0.568171888589859,0.6761785745620728,0.05069544538855553,0.3921029269695282,4,Q4-high,Medium
1357,22743,10454,1,1,,0.7087351977825165,0.16077202558517456,0.32388797402381897,4,Q4-high,Single-history
1358,22767,17099,3,2-3,0.5160993039608002,0.5740166902542114,0.2124641239643097,0.4793630838394165,3,Q3,Low
1359,22774,22018,7,>=6,0.5853930115699768,0.45928269624710083,0.5084952116012573,0.5487728118896484,2,Q2,Medium
1360,22781,9818,2,2-3,0.6187392771244049,0.25835734605789185,0.2227036952972412,0.8713773488998413,1,Q1-low,Medium
1361,22782,7186,3,2-3,0.5100429058074951,0.4683636426925659,0.21566595137119293,0.6106289625167847,2,Q2,Low
1362,22799,17569,7,>=6,0.5634416937828064,0.50130695104599,0.30927085876464844,0.5460485816001892,2,Q2,Medium
1363,22827,11953,3,2-3,0.4423366189002991,0.37747490406036377,0.32526272535324097,0.6968406438827515,1,Q1-low,Low
1364,22830,21465,2,2-3,0.25439637899398804,0.6712611615657806,0.13923487067222595,0.3761148452758789,4,Q4-high,Low
1365,22843,22946,2,2-3,0.6037153899669647,0.5986350178718567,0.3038935661315918,0.4257328510284424,3,Q3,Medium
1366,22849,14716,3,2-3,0.6220737397670746,0.044689178466796875,0.8574585914611816,0.9797738194465637,1,Q1-low,Medium
1367,22864,4019,4,4-5,0.7405868470668793,0.5401666462421417,0.08010867238044739,0.5547645092010498,2,Q2,High
1368,22873,22884,2,2-3,0.4633346199989319,0.6244134902954102,0.1280876100063324,0.437461256980896,4,Q4-high,Low
1369,22876,19652,2,2-3,0.4934837222099304,0.6913944184780121,0.12922416627407074,0.3534509241580963,4,Q4-high,Low
1370,22878,16642,2,2-3,0.8029152452945709,0.638188898563385,0.2366762012243271,0.39309483766555786,4,Q4-high,High
1371,22882,3103,1,1,,0.8233271390199661,0.17352287471294403,0.17746034264564514,4,Q4-high,Single-history
1372,22928,13697,3,2-3,0.444125235080719,0.3557344675064087,0.35591065883636475,0.716354250907898,1,Q1-low,Low
1373,22929,20978,3,2-3,0.2521170973777771,0.3286805748939514,0.33915072679519653,0.7543615698814392,1,Q1-low,Low
1374,22952,2667,2,2-3,0.3495916724205017,0.2047368288040161,0.4411075711250305,0.883802056312561,1,Q1-low,Low
1375,22991,16890,2,2-3,0.44291025400161743,0.6302968859672546,0.1588774025440216,0.4224095344543457,4,Q4-high,Low
1376,23048,17424,2,2-3,0.6739606857299805,0.7717265635728836,0.13286800682544708,0.2521247863769531,4,Q4-high,High
1377,23064,21429,2,2-3,0.42343753576278687,0.26067841053009033,0.7803128361701965,0.7290737628936768,1,Q1-low,Low
1378,23074,19594,1,1,,0.6778695285320282,0.2679291367530823,0.3356807827949524,4,Q4-high,Single-history
1379,23081,2686,2,2-3,0.740412175655365,0.07918369770050049,0.9261225461959839,0.9194896817207336,1,Q1-low,High
1380,23084,9674,4,4-5,0.6803741753101349,0.6022392809391022,0.30628442764282227,0.4206297993659973,3,Q3,High
1381,23090,12939,2,2-3,0.7049286365509033,0.5858848392963409,0.337161660194397,0.4333535134792328,3,Q3,High
1382,23109,8466,2,2-3,0.4378175139427185,0.405906617641449,0.36506593227386475,0.6513502597808838,1,Q1-low,Low
1383,23121,18069,3,2-3,0.33492153882980347,0.3469351530075073,0.4950544834136963,0.6925674676895142,1,Q1-low,Low
1384,23122,6718,2,2-3,0.3864242434501648,0.5369285941123962,0.3435208201408386,0.49295905232429504,2,Q2,Low
1385,23135,4395,3,2-3,0.4283818006515503,0.26573407649993896,0.6981090903282166,0.7433051466941833,1,Q1-low,Low
1386,23141,22518,2,2-3,0.6887658834457397,0.6712680757045746,0.266574889421463,0.344271183013916,4,Q4-high,High
1387,23175,21615,2,2-3,0.5534462630748749,0.5963534414768219,0.3580983281135559,0.41503360867500305,3,Q3,Low
1388,23176,22033,2,2-3,0.6470884680747986,0.5179430842399597,0.1738608032464981,0.5591059327125549,2,Q2,High
1389,23219,22935,2,2-3,0.6956116557121277,0.5418452024459839,0.3231242299079895,0.4919124245643616,2,Q2,High
1390,23255,21045,1,1,,0.6277018785476685,0.3248586356639862,0.3841579556465149,4,Q4-high,Single-history
1391,23256,12526,2,2-3,0.7007431089878082,0.5961730778217316,0.17052218317985535,0.4621531069278717,3,Q3,High
1392,23269,5491,2,2-3,0.8095755130052567,0.7024453282356262,0.27136072516441345,0.30410313606262207,4,Q4-high,High
1393,23272,23032,2,2-3,0.7277177572250366,0.7588605284690857,0.255108118057251,0.23764730989933014,4,Q4-high,High
1394,23323,4371,3,2-3,0.6386262476444244,0.7817403972148895,0.13156889379024506,0.23993226885795593,4,Q4-high,Medium
1395,23341,2758,2,2-3,0.10516893863677979,0.7155165672302246,0.18526506423950195,0.30928802490234375,4,Q4-high,Low
1396,23350,16433,2,2-3,0.37011414766311646,0.5215312838554382,0.481820285320282,0.4776308238506317,2,Q2,Low
1397,23358,17611,2,2-3,0.6792401671409607,0.6613349616527557,0.2745417356491089,0.3546958863735199,4,Q4-high,High
1398,23385,20041,2,2-3,0.6626762449741364,0.3708658814430237,0.3901267647743225,0.6888859272003174,1,Q1-low,High
1399,23392,17957,2,2-3,0.6148182451725006,0.4188960790634155,0.6333898901939392,0.568032443523407,1,Q1-low,Medium
1400,23442,21500,3,2-3,0.6159092485904694,0.4970722198486328,0.33204376697540283,0.5456488132476807,2,Q2,Medium
1401,23477,9968,2,2-3,0.5111351311206818,0.4792875051498413,0.31825751066207886,0.5713262557983398,2,Q2,Low
1402,23487,20913,2,2-3,0.5343730747699738,0.507405698299408,0.3168272078037262,0.5365360975265503,2,Q2,Low
1403,23488,20040,2,2-3,0.40685975551605225,0.4080125093460083,0.5903638601303101,0.5923933982849121,1,Q1-low,Low
1404,23491,19297,2,2-3,0.6426525115966797,0.5365808010101318,0.22551533579826355,0.5228951573371887,2,Q2,High
1405,23515,7733,1,1,,0.35096561908721924,0.19788125157356262,0.7618226408958435,1,Q1-low,Single-history
1406,23535,2814,2,2-3,0.6459827423095703,0.6919038891792297,0.2861183285713196,0.31359052658081055,4,Q4-high,High
1407,23546,9384,2,2-3,0.7906327247619629,0.46736282110214233,0.2019868940114975,0.6152997612953186,2,Q2,High
1408,23551,19895,5,4-5,0.5761379301548004,0.29987239837646484,0.4817165732383728,0.7547303438186646,1,Q1-low,Medium
1409,23605,14776,2,2-3,0.6239916980266571,0.5288688242435455,0.30635297298431396,0.5123257040977478,2,Q2,Medium
1410,23615,22533,2,2-3,0.19252967834472656,0.19696044921875,0.45077013969421387,0.8911068439483643,1,Q1-low,Low
1411,23628,21586,2,2-3,0.7311000823974609,0.38551658391952515,0.2745288908481598,0.6994720101356506,1,Q1-low,High
1412,23654,21195,2,2-3,0.5281156897544861,0.6941750347614288,0.12522798776626587,0.3509742021560669,4,Q4-high,Low
1413,23676,20891,2,2-3,0.6887699663639069,0.49163174629211426,0.4534769654273987,0.5220910906791687,2,Q2,High
1414,23682,16818,3,2-3,0.567264199256897,0.8045644164085388,0.22807160019874573,0.18727657198905945,4,Q4-high,Medium
1415,23689,20550,2,2-3,0.4519261121749878,0.7648779153823853,0.0937342718243599,0.2704690396785736,4,Q4-high,Low
1416,23729,22966,2,2-3,0.4195432662963867,0.46160006523132324,0.6755363941192627,0.5041158199310303,2,Q2,Low
1417,23731,17888,3,2-3,0.5607153475284576,0.5497426390647888,0.6435052156448364,0.4019453525543213,2,Q2,Medium
1418,23758,22059,2,2-3,0.29612410068511963,0.4663149118423462,0.6354901194572449,0.5082337856292725,2,Q2,Low
1419,23766,4576,3,2-3,0.6281119585037231,0.582202285528183,0.14417362213134766,0.48620373010635376,3,Q3,Medium
1420,23775,17210,2,2-3,0.9106519669294357,0.6704394221305847,0.14000944793224335,0.37694835662841797,4,Q4-high,High
1421,23787,22511,3,2-3,0.7742217034101486,0.5549669563770294,0.1346147656440735,0.5226376056671143,3,Q3,High
1422,23810,15983,3,2-3,0.2357887625694275,0.5677219927310944,0.2570209503173828,0.47609227895736694,3,Q3,Low
1423,23832,20282,4,4-5,0.5946784913539886,0.3617457151412964,0.2690935730934143,0.7305444478988647,1,Q1-low,Medium
1424,23833,11835,3,2-3,0.5769818723201752,0.44207435846328735,0.38469165563583374,0.6012341380119324,1,Q1-low,Medium
1425,23851,15572,3,2-3,0.6126244962215424,0.517945259809494,0.45332372188568115,0.4892374873161316,2,Q2,Medium
1426,23853,13239,3,2-3,0.7235658168792725,0.6568328142166138,0.2174941897392273,0.37458541989326477,4,Q4-high,High
1427,23867,3560,2,2-3,0.6271278262138367,0.6278195083141327,0.12415234744548798,0.43418753147125244,4,Q4-high,Medium
1428,23876,21895,6,>=6,0.6132396459579468,0.43078720569610596,0.2196425497531891,0.6566053628921509,1,Q1-low,Medium
1429,23913,17805,3,2-3,0.6554868519306183,0.6033438146114349,0.09050162881612778,0.47319483757019043,3,Q3,High
1430,23922,17953,4,4-5,0.4574914574623108,0.13908320665359497,0.8059239983558655,0.8746650218963623,1,Q1-low,Low
1431,23923,19829,5,4-5,0.6325120627880096,0.534904956817627,0.16681434214115143,0.5396652221679688,2,Q2,Medium
1432,23939,11142,2,2-3,0.7166362404823303,0.6685968041419983,0.07594220340251923,0.39526844024658203,4,Q4-high,High
1433,23943,10945,5,4-5,0.5865627825260162,0.467598021030426,0.4088173508644104,0.5632981061935425,2,Q2,Medium
1434,23945,3469,2,2-3,0.15919232368469238,0.6177400350570679,0.2128443419933319,0.4246138632297516,3,Q3,Low
1435,23953,6193,3,2-3,0.6388850212097168,0.40780413150787354,0.40160614252090454,0.639843225479126,1,Q1-low,Medium
1436,23964,12288,2,2-3,0.515436053276062,0.6696775555610657,0.28259187936782837,0.3422550857067108,4,Q4-high,Low
1437,23974,13314,2,2-3,0.760524794459343,0.5454823970794678,0.2882305681705475,0.4960893392562866,2,Q2,High
1438,23976,11979,2,2-3,0.6613220572471619,0.6293397843837738,0.1711878776550293,0.4205282926559448,4,Q4-high,High
1439,23978,13824,2,2-3,0.5780793130397797,0.7353121638298035,0.28873175382614136,0.25867682695388794,4,Q4-high,Medium
1440,23983,6795,2,2-3,0.3825877904891968,0.3704069256782532,0.496759831905365,0.6628013849258423,1,Q1-low,Low
1441,23990,6893,2,2-3,0.7511076331138611,0.5849973261356354,0.21952039003372192,0.4638732671737671,3,Q3,High
1442,24060,19304,2,2-3,0.6506024599075317,0.5626801252365112,0.56131911277771,0.4063200354576111,3,Q3,High
1443,24075,19361,2,2-3,0.6561075448989868,0.5704787969589233,0.4907391667366028,0.41421669721603394,3,Q3,High
1444,24090,9853,2,2-3,0.7035745680332184,0.582613617181778,0.38469189405441284,0.42555996775627136,3,Q3,High
1445,24097,22926,2,2-3,0.4715295433998108,0.4562038779258728,0.5184964537620544,0.5501210689544678,2,Q2,Low
1446,24100,2978,2,2-3,0.8020295947790146,0.7498728036880493,0.16148604452610016,0.2722874879837036,4,Q4-high,High
1447,24109,5347,3,2-3,0.5233995020389557,0.6257638335227966,0.15751421451568604,0.4284166395664215,4,Q4-high,Low
1448,24119,14264,2,2-3,0.7115550339221954,0.6156437695026398,0.1453137844800949,0.44411686062812805,3,Q3,High
1449,24125,15827,3,2-3,0.6295165121555328,0.20525199174880981,0.5627627372741699,0.8527443408966064,1,Q1-low,Medium
1450,24134,15865,2,2-3,0.41993987560272217,0.5849418044090271,0.38585352897644043,0.4223593473434448,3,Q3,Low
1451,24139,18362,2,2-3,0.4958568811416626,0.5232912600040436,0.14900824427604675,0.5586338639259338,2,Q2,Low
1452,24144,11925,3,2-3,0.4576978087425232,0.3439151644706726,0.4702144265174866,0.7025524377822876,1,Q1-low,Low
1453,24151,10817,2,2-3,0.6938383877277374,0.6042556166648865,0.18433812260627747,0.44859594106674194,3,Q3,High
1454,24204,20668,2,2-3,0.1806280016899109,0.2672761082649231,0.6776895523071289,0.7464824318885803,1,Q1-low,Low
1455,24269,12686,2,2-3,0.6851539611816406,0.5754307508468628,0.4349616765975952,0.4219711124897003,3,Q3,High
1456,24285,22346,2,2-3,0.5927699506282806,0.6213639676570892,0.08310329914093018,0.4525192081928253,3,Q3,Medium
1457,24299,21798,5,4-5,0.5565349161624908,0.611364871263504,0.23499548435211182,0.4270450472831726,3,Q3,Medium
1458,24323,3050,3,2-3,0.65671107172966,0.5449294745922089,0.15277689695358276,0.5306439399719238,2,Q2,High
1459,24333,19794,2,2-3,0.42133045196533203,0.5639903545379639,0.5184162259101868,0.4154079556465149,3,Q3,Low
1460,24343,22903,3,2-3,0.7025348842144012,0.5791639685630798,0.22434937953948975,0.4699576795101166,3,Q3,High
1461,24369,12617,2,2-3,0.6409223973751068,0.7184318602085114,0.21233823895454407,0.298875629901886,4,Q4-high,Medium
1462,24371,6879,3,2-3,0.6072463989257812,0.4078814387321472,0.37200164794921875,0.6471478343009949,1,Q1-low,Medium
1463,24395,3730,3,2-3,0.6531009674072266,0.6434654593467712,0.5326257944107056,0.31251171231269836,4,Q4-high,High
1464,24398,10401,3,2-3,0.6468997299671173,0.3826267719268799,0.3772088289260864,0.6774142980575562,1,Q1-low,High
1465,24407,3073,3,2-3,0.6385670602321625,0.32171738147735596,0.37061282992362976,0.7552000880241394,1,Q1-low,Medium
1466,24412,22990,5,4-5,0.5465568602085114,0.38940417766571045,0.46368110179901123,0.6473244428634644,1,Q1-low,Low
1467,24449,11328,2,2-3,0.49608540534973145,0.5196235775947571,0.5656192898750305,0.45906567573547363,2,Q2,Low
1468,24480,22939,1,1,,0.3883548974990845,0.3673344552516937,0.6727227568626404,1,Q1-low,Single-history
1469,24524,16859,2,2-3,0.44421154260635376,0.35660862922668457,0.3391481637954712,0.7194522023200989,1,Q1-low,Low
1470,24530,15913,2,2-3,0.6250414848327637,0.4352918863296509,0.3471633791923523,0.6190942525863647,1,Q1-low,Medium
1471,24544,20503,4,4-5,0.6408495008945465,0.5674489736557007,0.2739097476005554,0.4722113609313965,3,Q3,Medium
1472,24580,3113,2,2-3,0.4564250707626343,0.2780146598815918,0.7912891507148743,0.7046593427658081,1,Q1-low,Low
1473,24601,21110,2,2-3,0.6909642219543457,0.5946808755397797,0.23097063601016998,0.4489062428474426,3,Q3,High
1474,24616,20312,2,2-3,0.3223108649253845,0.6180293560028076,0.24602748453617096,0.41595643758773804,3,Q3,Low
1475,24629,11589,2,2-3,0.6604830622673035,0.5647991299629211,0.3543577790260315,0.4554116427898407,3,Q3,High
1476,24636,21734,7,>=6,0.5831665694713593,0.4567011594772339,0.4873722791671753,0.5572804808616638,2,Q2,Medium
1477,24648,16873,3,2-3,0.39967745542526245,0.4345746636390686,0.5598856210708618,0.5668102502822876,1,Q1-low,Low
1478,24652,13175,2,2-3,0.6201541721820831,0.6495810449123383,0.16939735412597656,0.39567434787750244,4,Q4-high,Medium
1479,24738,20641,2,2-3,0.4756033420562744,0.5144538283348083,0.27130651473999023,0.5391060709953308,2,Q2,Low
1480,24755,20801,3,2-3,0.376190721988678,0.3594117760658264,0.545811653137207,0.6642823219299316,1,Q1-low,Low
1481,24836,12657,1,1,,0.5138852596282959,0.3977801203727722,0.5081983804702759,2,Q2,Single-history
1482,24841,19955,2,2-3,0.44742703437805176,0.67532017827034,0.21777978539466858,0.3514048457145691,4,Q4-high,Low
1483,24869,16217,2,2-3,0.44116371870040894,0.4452860355377197,0.583519697189331,0.5475125312805176,1,Q1-low,Low
1484,24911,3188,2,2-3,0.7019232213497162,0.33667057752609253,0.46660375595092773,0.7125108242034912,1,Q1-low,High
1485,24913,20793,3,2-3,0.5674945116043091,0.5794099569320679,0.13529929518699646,0.49191272258758545,3,Q3,Medium
1486,24929,9508,4,4-5,0.6760430932044983,0.6466041803359985,0.2658642530441284,0.3752787113189697,4,Q4-high,High
1487,24977,15619,4,4-5,0.5077969133853912,0.6102682054042816,0.2437414526939392,0.4262293875217438,3,Q3,Low
1488,24978,3825,3,2-3,0.593346506357193,0.5473335385322571,0.1491808146238327,0.5285378694534302,2,Q2,Medium
1489,24995,8537,2,2-3,0.34439289569854736,0.7062034010887146,0.2050034999847412,0.31599488854408264,4,Q4-high,Low
1490,25069,20803,3,2-3,0.6630846261978149,0.5112480521202087,0.3410469591617584,0.5256781578063965,2,Q2,High
1491,25110,19052,3,2-3,0.4715883731842041,0.3890330195426941,0.28670692443847656,0.692031979560852,1,Q1-low,Low
1492,25184,22884,2,2-3,0.7214866876602173,0.6104710400104523,0.1628137230873108,0.44620776176452637,3,Q3,High
1493,25197,17183,1,1,,0.44860315322875977,0.4724825620651245,0.5711253881454468,1,Q1-low,Single-history
1494,25198,5082,1,1,,0.31888121366500854,0.5800401568412781,0.7063884139060974,1,Q1-low,Single-history
1495,25245,5847,2,2-3,0.7185131907463074,0.5607216358184814,0.08642668277025223,0.5274912714958191,3,Q3,High
1496,25265,17953,3,2-3,0.6435797214508057,0.5594183802604675,0.3019140958786011,0.4752485156059265,3,Q3,High
1497,25268,18542,4,4-5,0.5674775540828705,0.44681477546691895,0.722710132598877,0.5108039975166321,1,Q1-low,Medium
1498,25289,13001,2,2-3,0.3554227352142334,0.4126012325286865,0.5253157615661621,0.6029195189476013,1,Q1-low,Low
1499,25300,8410,2,2-3,0.38365602493286133,0.5553746521472931,0.30645322799682617,0.4791683554649353,3,Q3,Low
1500,25328,13078,2,2-3,0.5279374420642853,0.5875637233257294,0.1560458391904831,0.4765338897705078,3,Q3,Low
1501,25329,22355,2,2-3,0.4554954171180725,0.479512095451355,0.3749023973941803,0.5568842887878418,2,Q2,Low
1502,25337,22252,2,2-3,0.6826957762241364,0.497402548789978,0.5163415670394897,0.49916142225265503,2,Q2,High
1503,25339,19835,3,2-3,0.4942600131034851,0.50206258893013,0.19098882377147675,0.5746745467185974,2,Q2,Low
1504,25396,19069,3,2-3,0.6529871225357056,0.5623934864997864,0.20452240109443665,0.4958775043487549,3,Q3,High
1505,25397,17369,3,2-3,0.6134136617183685,0.381112277507782,0.5017144680023193,0.6481810808181763,1,Q1-low,Medium
1506,25407,11829,8,>=6,0.6042250692844391,0.3649808168411255,0.3904602527618408,0.6961589455604553,1,Q1-low,Medium
1507,25438,21384,5,4-5,0.6085878312587738,0.3527153730392456,0.3410198986530304,0.7238507866859436,1,Q1-low,Medium
1508,25440,3344,2,2-3,0.7355490326881409,0.6044687032699585,0.07080216705799103,0.4767135977745056,3,Q3,High
1509,25443,3637,2,2-3,0.6079132258892059,0.41488611698150635,0.48792150616645813,0.6094119548797607,1,Q1-low,Medium
1510,25453,22826,6,>=6,0.5811432600021362,0.41528522968292236,0.19813737273216248,0.6813591122627258,1,Q1-low,Medium
1511,25462,21436,2,2-3,0.6582322418689728,0.5490270853042603,0.3364962935447693,0.4795920252799988,2,Q2,High
1512,25485,19663,3,2-3,0.624382883310318,0.6313034892082214,0.3607354760169983,0.37068673968315125,4,Q4-high,Medium
1513,25490,20564,2,2-3,0.6327172219753265,0.6123429834842682,0.1469556987285614,0.4478323459625244,3,Q3,Medium
1514,25492,21146,2,2-3,0.6069738864898682,0.5521378517150879,0.1591189205646515,0.5200479626655579,3,Q3,Medium
1515,25518,3726,3,2-3,0.6427753269672394,0.6402530670166016,0.23808079957962036,0.39016348123550415,4,Q4-high,High
1516,25532,3382,2,2-3,0.6393656730651855,0.6241911947727203,0.20337143540382385,0.4189181327819824,4,Q4-high,Medium
1517,25605,9388,3,2-3,0.7293607890605927,0.2396911382675171,0.5395450592041016,0.8154997825622559,1,Q1-low,High
1518,25607,9388,3,2-3,0.3584478497505188,0.1877349615097046,0.5676050782203674,0.8734300136566162,1,Q1-low,Low
1519,25609,3396,2,2-3,0.43568509817123413,0.6732135713100433,0.23762011528015137,0.349077969789505,4,Q4-high,Low
1520,25612,13511,1,1,,0.42900168895721436,0.40535253286361694,0.612409770488739,1,Q1-low,Single-history
1521,25629,10362,4,4-5,0.5958456099033356,0.40318936109542847,0.340378999710083,0.6609185934066772,1,Q1-low,Medium
1522,25657,3415,3,2-3,0.6262432336807251,0.5680612325668335,0.4169360101222992,0.43568944931030273,3,Q3,Medium
1523,25658,9868,2,2-3,0.6382109820842743,0.5529522895812988,0.292164146900177,0.4857686161994934,3,Q3,Medium
1524,25687,22642,2,2-3,0.6371714770793915,0.5716612637042999,0.1303560435771942,0.5028343796730042,3,Q3,Medium
1525,25689,19835,7,>=6,0.6771670281887054,0.5697087049484253,0.3893187940120697,0.44053441286087036,3,Q3,High
1526,25694,22958,2,2-3,0.6197997033596039,0.5193713307380676,0.6213072538375854,0.4454589784145355,2,Q2,Medium
1527,25708,14877,3,2-3,0.5114622414112091,0.47526001930236816,0.7353613972663879,0.47208458185195923,2,Q2,Low
1528,25714,9384,2,2-3,0.6054942905902863,0.6069028675556183,0.1868862360715866,0.444649875164032,3,Q3,Medium
1529,25771,16586,2,2-3,0.5692148506641388,0.43594497442245483,0.6086592078208923,0.5529040098190308,1,Q1-low,Medium
1530,25789,3485,4,4-5,0.40199679136276245,0.6934197545051575,0.1086747795343399,0.3560566008090973,4,Q4-high,Low
1531,25792,15648,2,2-3,0.2858799695968628,0.22884058952331543,0.6195787787437439,0.8090546131134033,1,Q1-low,Low
1532,25862,5520,4,4-5,0.5898430049419403,0.4087826609611511,0.22512046992778778,0.6827415227890015,1,Q1-low,Medium
1533,25867,11106,1,1,,0.7291560769081116,0.08336964249610901,0.3177124857902527,4,Q4-high,Single-history
1534,25885,22472,4,4-5,0.49927157163619995,0.6220623552799225,0.2025725245475769,0.42177891731262207,3,Q3,Low
1535,25900,19526,2,2-3,0.6993497908115387,0.2399958372116089,0.6100488305091858,0.7974929809570312,1,Q1-low,High
1536,25938,6195,5,4-5,0.7017937302589417,0.4186393618583679,0.3432527184486389,0.6408876180648804,1,Q1-low,High
1537,26003,22144,2,2-3,0.6295258104801178,0.5903706848621368,0.2694723606109619,0.44466856122016907,3,Q3,Medium
1538,26008,3712,6,>=6,0.542248398065567,0.5742055773735046,0.22056251764297485,0.4771023988723755,3,Q3,Low
1539,26035,6656,2,2-3,0.690389096736908,0.7018552124500275,0.1605054885149002,0.3325546085834503,4,Q4-high,High
1540,26041,15998,2,2-3,0.6629415154457092,0.3091736435890198,0.7534763813018799,0.6751638650894165,1,Q1-low,High
1541,26065,14871,3,2-3,0.21663665771484375,0.5364020466804504,0.5338992476463318,0.446022629737854,2,Q2,Low
1542,26085,21685,2,2-3,0.53342404961586,0.581268697977066,0.20024028420448303,0.4733540415763855,3,Q3,Low
1543,26090,20805,2,2-3,0.741926372051239,0.4277327060699463,0.32799315452575684,0.6333358287811279,1,Q1-low,High
1544,26130,19913,3,2-3,0.404680073261261,0.6118442416191101,0.2623172700405121,0.41961538791656494,3,Q3,Low
1545,26156,18394,6,>=6,0.5914715826511383,0.6509948074817657,0.33893299102783203,0.351523220539093,4,Q4-high,Medium
1546,26202,18061,2,2-3,0.6145776808261871,0.6525959074497223,0.20328226685523987,0.38343456387519836,4,Q4-high,Medium
1547,26209,22929,4,4-5,0.5890345275402069,0.48361390829086304,0.2362426221370697,0.5864219665527344,2,Q2,Medium
1548,26220,10861,3,2-3,0.6253277957439423,0.5953464508056641,0.19016288220882416,0.45827624201774597,3,Q3,Medium
1549,26230,8044,2,2-3,0.7785574048757553,0.73349329829216,0.4062594771385193,0.23156850039958954,4,Q4-high,High
1550,26233,6714,2,2-3,0.7762515097856522,0.4831463694572449,0.46349629759788513,0.5301929712295532,2,Q2,High
1551,26234,6497,2,2-3,0.7190559208393097,0.5949824750423431,0.2188548594713211,0.4515582025051117,3,Q3,High
1552,26241,16198,3,2-3,0.6221432983875275,0.5240627229213715,0.06513035297393799,0.578639030456543,2,Q2,Medium
1553,26247,7447,3,2-3,0.6442112028598785,0.4577392339706421,0.685743510723114,0.5063900947570801,2,Q2,High
1554,26259,23028,2,2-3,0.5530893802642822,0.4881698489189148,0.615576982498169,0.4858933985233307,2,Q2,Low
1555,26267,22565,3,2-3,0.4995264410972595,0.5837746262550354,0.2949985861778259,0.44653207063674927,3,Q3,Low
1556,26276,22807,2,2-3,0.7343491017818451,0.7179889678955078,0.2651820778846741,0.2862182855606079,4,Q4-high,High
1557,26299,3595,2,2-3,0.6135927140712738,0.5980488657951355,0.23541763424873352,0.44358450174331665,3,Q3,Medium
1558,26321,3599,2,2-3,0.5400301218032837,0.46073174476623535,0.551033616065979,0.5363268852233887,2,Q2,Low
1559,26349,22714,2,2-3,0.8075435906648636,0.5752769410610199,0.23560693860054016,0.4720020890235901,3,Q3,High
1560,26368,13598,2,2-3,0.6733312010765076,0.5493737459182739,0.17492127418518066,0.51955246925354,2,Q2,High
1561,26369,6033,2,2-3,0.5917427241802216,0.6056646704673767,0.122757188975811,0.46222984790802,3,Q3,Medium
1562,26371,10742,2,2-3,0.6237497925758362,0.501618355512619,0.35874390602111816,0.5332910418510437,2,Q2,Medium
1563,26377,9694,5,4-5,0.6388499736785889,0.317702054977417,0.5052030682563782,0.7265716791152954,1,Q1-low,Medium
1564,26387,7373,2,2-3,0.6034421026706696,0.6353911757469177,0.1285712569952011,0.42361822724342346,4,Q4-high,Medium
1565,26394,13046,4,4-5,0.5572265088558197,0.35900479555130005,0.4128381609916687,0.6980344653129578,1,Q1-low,Medium
1566,26402,14378,3,2-3,0.48186540603637695,0.2681541442871094,0.4397331178188324,0.804874062538147,1,Q1-low,Low
1567,26406,22574,2,2-3,0.541689544916153,0.48794102668762207,0.2620256543159485,0.5745673179626465,2,Q2,Low
1568,26437,19112,2,2-3,0.6041335761547089,0.5626093745231628,0.23363156616687775,0.4883303940296173,3,Q3,Medium
1569,26448,19900,3,2-3,0.4278157353401184,0.2668491005897522,0.3940524458885193,0.8179254531860352,1,Q1-low,Low
1570,26530,5108,2,2-3,0.6516051590442657,0.6151066720485687,0.3013351261615753,0.40578287839889526,3,Q3,High
1571,26532,8504,2,2-3,0.4499843716621399,0.5601217448711395,0.2433021366596222,0.48902228474617004,3,Q3,Low
1572,26534,22821,3,2-3,0.7406399548053741,0.500698447227478,0.30024680495262146,0.5490652322769165,2,Q2,High
1573,26580,9479,2,2-3,0.7064261138439178,0.46341896057128906,0.23528540134429932,0.6119049191474915,2,Q2,High
1574,26583,5903,3,2-3,0.4011921286582947,0.574024498462677,0.12802214920520782,0.5004638433456421,3,Q3,Low
1575,26605,22328,5,4-5,0.4484598636627197,0.5058691501617432,0.3150177597999573,0.5389091372489929,2,Q2,Low
1576,26628,4387,3,2-3,0.2789614796638489,0.6111994981765747,0.3396778702735901,0.4010811448097229,3,Q3,Low
1577,26630,22004,2,2-3,0.7412888407707214,0.6277872622013092,0.25394493341445923,0.4017796814441681,4,Q4-high,High
1578,26674,13481,2,2-3,0.8333119451999664,0.5400696396827698,0.5838462114334106,0.4289513826370239,2,Q2,High
1579,26690,19767,2,2-3,0.7316863834857941,0.3221769332885742,0.4833049774169922,0.7264525890350342,1,Q1-low,High
1580,26817,21758,2,2-3,0.46167099475860596,0.6121742129325867,0.17781957983970642,0.44032734632492065,3,Q3,Low
1581,26818,18274,2,2-3,0.3067765235900879,0.2986713647842407,0.5982848405838013,0.7270895838737488,1,Q1-low,Low
1582,26819,3762,2,2-3,0.6560647487640381,0.389342725276947,0.36644071340560913,0.6717113852500916,1,Q1-low,High
1583,26850,21345,3,2-3,0.6944062411785126,0.4546138048171997,0.5545141696929932,0.5431042313575745,2,Q2,High
1584,26854,23031,3,2-3,0.7277171611785889,0.6728027760982513,0.1643541008234024,0.3679080009460449,4,Q4-high,High
1585,26857,11685,2,2-3,0.6622043550014496,0.24600696563720703,0.4200037121772766,0.8374903202056885,1,Q1-low,High
1586,26876,22217,3,2-3,0.8329597264528275,0.647364616394043,0.29101699590682983,0.36803996562957764,4,Q4-high,High
1587,26886,22892,3,2-3,0.6016124188899994,0.550568550825119,0.46873199939727783,0.44460630416870117,3,Q3,Medium
1588,26952,12394,2,2-3,0.6099698841571808,0.46385401487350464,0.29120582342147827,0.5973809957504272,2,Q2,Medium
1589,26973,15590,2,2-3,0.51639524102211,0.3582026958465576,0.37678077816963196,0.7080514430999756,1,Q1-low,Low
1590,27003,11829,2,2-3,0.6524354815483093,0.2884494662284851,0.4562617540359497,0.7753727436065674,1,Q1-low,High
1591,27006,22480,3,2-3,0.4882356524467468,0.4081515073776245,0.6613564491271973,0.5744714736938477,1,Q1-low,Low
1592,27028,18091,2,2-3,0.5660844147205353,0.5777161121368408,0.1446327567100525,0.49169665575027466,3,Q3,Medium
1593,27036,3822,3,2-3,0.7251563370227814,0.3393431305885315,0.5585001707077026,0.686195969581604,1,Q1-low,High
1594,27046,14483,3,2-3,0.48744505643844604,0.26621270179748535,0.3969210386276245,0.8180038332939148,1,Q1-low,Low
1595,27054,15266,6,>=6,0.4733036756515503,0.0701761245727539,0.9434272050857544,0.9264229536056519,1,Q1-low,Low
1596,27078,20798,1,1,,0.7137745916843414,0.21035665273666382,0.30519258975982666,4,Q4-high,Single-history
1597,27079,21724,1,1,,0.646929532289505,0.12342958152294159,0.41048067808151245,4,Q4-high,Single-history
1598,27093,21338,1,1,,0.5129253566265106,0.26757752895355225,0.5419489145278931,2,Q2,Single-history
1599,27126,22144,2,2-3,0.5446655452251434,0.5014438033103943,0.5522971153259277,0.4851209819316864,2,Q2,Low
1600,27176,21364,4,4-5,0.4951324462890625,0.4084625840187073,0.3997846841812134,0.6394755840301514,1,Q1-low,Low
1601,27193,3865,2,2-3,0.5293398499488831,0.5652590990066528,0.3638822138309479,0.4524555802345276,3,Q3,Low
1602,27215,3869,2,2-3,0.3530862331390381,0.610014796257019,0.24457864463329315,0.4263368546962738,3,Q3,Low
1603,27234,16763,1,1,,0.6959389448165894,0.1869054138660431,0.33334994316101074,4,Q4-high,Single-history
1604,27261,22929,2,2-3,0.5329515337944031,0.4794809818267822,0.32698747515678406,0.5689018964767456,2,Q2,Low
1605,27273,22994,2,2-3,0.5163990259170532,0.6014961004257202,0.1138974204659462,0.46965548396110535,3,Q3,Low
1606,27283,17780,3,2-3,0.5712477266788483,0.5183775424957275,0.40660548210144043,0.5003767013549805,2,Q2,Medium
1607,27284,11696,3,2-3,0.5012989044189453,0.4604795575141907,0.47297412157058716,0.5561569929122925,2,Q2,Low
1608,27312,13482,3,2-3,0.6565567255020142,0.6420727372169495,0.14462217688560486,0.41125354170799255,4,Q4-high,High
1609,27315,21350,5,4-5,0.6619080305099487,0.14446598291397095,0.7461187839508057,0.8828878402709961,1,Q1-low,High
1610,27344,6982,2,2-3,0.5189535617828369,0.8265620619058609,0.11353351175785065,0.18841403722763062,4,Q4-high,Low
1611,27366,20517,5,4-5,0.5517546534538269,0.5309816896915436,0.33603373169898987,0.5022644400596619,2,Q2,Low
1612,27385,21350,2,2-3,0.6882845759391785,0.583734393119812,0.19824634492397308,0.47077038884162903,3,Q3,High
1613,27392,3947,3,2-3,0.6722183525562286,0.5891169309616089,0.25642794370651245,0.4494968354701996,3,Q3,High
1614,27396,3948,2,2-3,0.626333475112915,0.5842546224594116,0.24392974376678467,0.4586992859840393,3,Q3,Medium
1615,27417,4170,2,2-3,0.5702914893627167,0.5629643201828003,0.5252859592437744,0.41497308015823364,3,Q3,Medium
1616,27434,5108,2,2-3,0.10403352975845337,0.6491999626159668,0.17007073760032654,0.3959823548793793,4,Q4-high,Low
1617,27437,3955,2,2-3,0.48869919776916504,0.6715205311775208,0.11816326528787613,0.3810585141181946,4,Q4-high,Low
1618,27448,22228,4,4-5,0.5248783528804779,0.5267066955566406,0.6544510126113892,0.42800384759902954,2,Q2,Low
1619,27457,14681,2,2-3,0.2515062093734741,0.6533967554569244,0.28415727615356445,0.36221474409103394,4,Q4-high,Low
1620,27465,17843,1,1,,0.6277364194393158,0.11675356328487396,0.43614107370376587,4,Q4-high,Single-history
1621,27509,17976,2,2-3,0.23831820487976074,0.5010219216346741,0.22759297490119934,0.5668243169784546,2,Q2,Low
1622,27511,10229,4,4-5,0.5418268740177155,0.1857174038887024,0.7070662379264832,0.8410866260528564,1,Q1-low,Low
1623,27514,21866,2,2-3,0.5339029431343079,0.45648038387298584,0.2593114376068115,0.6145716905593872,2,Q2,Low
1624,27533,7305,3,2-3,0.7720607370138168,0.6856741905212402,0.1904190480709076,0.3453024625778198,4,Q4-high,High
1625,27546,3995,2,2-3,0.5908533930778503,0.5588493943214417,0.3346583843231201,0.4677736461162567,3,Q3,Medium
1626,27551,16772,2,2-3,0.4170001149177551,0.29235297441482544,0.4203495979309082,0.7794713973999023,1,Q1-low,Low
1627,27561,10797,4,4-5,0.6765214204788208,0.8394978046417236,0.14651094377040863,0.1639999896287918,4,Q4-high,High
1628,27584,6314,2,2-3,0.5554537177085876,0.4484788775444031,0.4918978214263916,0.5664269328117371,1,Q1-low,Medium
1629,27623,4020,2,2-3,0.2929801940917969,0.3623378872871399,0.4708290100097656,0.6793703436851501,1,Q1-low,Low
1630,27687,22943,2,2-3,0.5725089907646179,0.5418928563594818,0.4434286057949066,0.4617767632007599,2,Q2,Medium
1631,27688,19859,2,2-3,0.5543366968631744,0.5936082601547241,0.27131935954093933,0.4401598274707794,3,Q3,Low
1632,27690,5745,4,4-5,0.6336438655853271,0.41063690185546875,0.38484376668930054,0.6404929161071777,1,Q1-low,Medium
1633,27691,10077,3,2-3,0.5655741691589355,0.6145262718200684,0.3081156611442566,0.4048132598400116,3,Q3,Medium
1634,27694,4045,2,2-3,0.5984094738960266,0.6823069155216217,0.20514607429504395,0.3458298146724701,4,Q4-high,Medium
1635,27695,21282,3,2-3,0.6607748568058014,0.5920909345149994,0.3193783164024353,0.43004173040390015,3,Q3,High
1636,27723,6269,2,2-3,0.6614887118339539,0.3722960352897644,0.3928931653499603,0.6864066123962402,1,Q1-low,High
1637,27750,12454,2,2-3,0.7869248688220978,0.58552086353302,0.16955189406871796,0.475710928440094,3,Q3,High
1638,27784,19913,2,2-3,0.45282238721847534,0.5581488311290741,0.10955964028835297,0.5249240398406982,3,Q3,Low
1639,27790,22932,3,2-3,0.6181681156158447,0.5744494199752808,0.3950871527194977,0.4331664443016052,3,Q3,Medium
1640,27815,21742,2,2-3,0.4352513551712036,0.43089890480041504,0.2710179090499878,0.6436219215393066,1,Q1-low,Low
1641,27868,14417,2,2-3,0.6923522055149078,0.4400855302810669,0.36174505949020386,0.6094567775726318,1,Q1-low,High
1642,27871,4133,5,4-5,0.625050812959671,0.5902121067047119,0.2323010116815567,0.45415958762168884,3,Q3,Medium
1643,27888,21021,2,2-3,0.5799245536327362,0.5305290818214417,0.47900310158729553,0.46708786487579346,2,Q2,Medium
1644,27897,22453,3,2-3,0.6202589571475983,0.5266299843788147,0.19400939345359802,0.5432101488113403,2,Q2,Medium
1645,27915,14062,3,2-3,0.627985268831253,0.6288901567459106,0.20860540866851807,0.4117359519004822,4,Q4-high,Medium
1646,27927,13376,2,2-3,0.7289846241474152,0.6338737308979034,0.16766832768917084,0.4157407581806183,4,Q4-high,High
1647,27960,16616,2,2-3,0.5652118027210236,0.5542520582675934,0.24173037707805634,0.4967523217201233,3,Q3,Medium
1648,27996,18274,2,2-3,0.8934218212962151,0.57541823387146,0.40461018681526184,0.4295746386051178,3,Q3,High
1649,28019,20753,2,2-3,0.5187077522277832,0.3448827266693115,0.46056485176086426,0.7037553787231445,1,Q1-low,Low
1650,28052,21446,2,2-3,0.5468981862068176,0.6718607246875763,0.260208398103714,0.34512197971343994,4,Q4-high,Low
1651,28056,17693,1,1,,0.44556987285614014,0.14681574702262878,0.6563336849212646,1,Q1-low,Single-history
1652,28068,10151,2,2-3,0.5704462826251984,0.6702050268650055,0.31682008504867554,0.33303868770599365,4,Q4-high,Medium
1653,28109,6037,3,2-3,0.5807980000972748,0.1153268814086914,0.7302526831626892,0.9232782125473022,1,Q1-low,Medium
1654,28151,6716,2,2-3,0.6153755486011505,0.6254821121692657,0.21093448996543884,0.4154137372970581,4,Q4-high,Medium
1655,28157,19837,3,2-3,0.49335891008377075,0.5572706758975983,0.2225233018398285,0.49778079986572266,3,Q3,Low
1656,28162,8589,3,2-3,0.7233436107635498,0.6252613365650177,0.29089874029159546,0.3956986665725708,4,Q4-high,High
1657,28164,17122,2,2-3,0.532606452703476,0.555686742067337,0.32872870564460754,0.4732093811035156,3,Q3,Low
1658,28177,4284,3,2-3,0.4545345902442932,0.41253387928009033,0.20482228696346283,0.6831270456314087,1,Q1-low,Low
1659,28212,22701,2,2-3,0.7063069045543671,0.647876650094986,0.21279950439929962,0.38695430755615234,4,Q4-high,High
1660,28219,6020,5,4-5,0.4889791011810303,0.6208898723125458,0.3122766315937042,0.3958185017108917,3,Q3,Low
1661,28222,21758,2,2-3,0.5832348763942719,0.6366211175918579,0.2081676572561264,0.4021816849708557,4,Q4-high,Medium
1662,28302,15571,3,2-3,0.7083745896816254,0.3404831886291504,0.2035141885280609,0.7735174894332886,1,Q1-low,High
1663,28353,8812,3,2-3,0.5909447371959686,0.551950991153717,0.21139593422412872,0.5072122812271118,3,Q3,Medium
1664,28374,21491,3,2-3,0.7048943340778351,0.6344732642173767,0.1345997005701065,0.4232584834098816,4,Q4-high,High
1665,28390,7170,3,2-3,0.6003150045871735,0.4771146774291992,0.34636420011520386,0.5670155882835388,2,Q2,Medium
1666,28392,4365,3,2-3,0.6145738065242767,0.5376878976821899,0.15701282024383545,0.5386369228363037,2,Q2,Medium
1667,28403,19563,4,4-5,0.7415821850299835,0.6731290221214294,0.15559479594230652,0.3696900010108948,4,Q4-high,High
1668,28422,15439,8,>=6,0.4473133683204651,0.24693995714187622,0.4866584837436676,0.8196604251861572,1,Q1-low,Low
1669,28423,22774,3,2-3,0.48097866773605347,0.5019707977771759,0.3391502797603607,0.5377489328384399,2,Q2,Low
1670,28426,20054,3,2-3,0.5520748794078827,0.6187460124492645,0.17103683948516846,0.43380826711654663,3,Q3,Low
1671,28482,5967,2,2-3,0.5846098959445953,0.7406959533691406,0.07990863919258118,0.3041529059410095,4,Q4-high,Medium
1672,28496,11069,2,2-3,0.7351367473602295,0.45658063888549805,0.31138384342193604,0.6014282703399658,2,Q2,High
1673,28501,21699,3,2-3,0.4457744359970093,0.36576247215270996,0.43333661556243896,0.6844627857208252,1,Q1-low,Low
1674,28504,16291,2,2-3,0.567545622587204,0.30459409952163696,0.5562255382537842,0.730201005935669,1,Q1-low,Medium
1675,28522,21101,1,1,,0.6369413435459137,0.14110073447227478,0.4185481369495392,4,Q4-high,Single-history
1676,28548,17822,3,2-3,0.6128948926925659,0.4028555750846863,0.4962159991264343,0.6223765015602112,1,Q1-low,Medium
1677,28551,18052,2,2-3,0.5096985995769501,0.42757827043533325,0.3446781635284424,0.6293575763702393,1,Q1-low,Low
1678,28556,21338,3,2-3,0.6539108753204346,0.4867623448371887,0.3986659049987793,0.5418806076049805,2,Q2,High
1679,28607,6378,2,2-3,0.7622517347335815,0.6880684494972229,0.09949841350317001,0.3650398254394531,4,Q4-high,High
1680,28625,20923,2,2-3,0.605402261018753,0.7449765205383301,0.1386244297027588,0.2841232419013977,4,Q4-high,Medium
1681,28676,4438,2,2-3,0.5102214813232422,0.5832916498184204,0.31618139147758484,0.44184011220932007,3,Q3,Low
1682,28716,11690,2,2-3,0.41975975036621094,0.5661582052707672,0.17225134372711182,0.49923941493034363,3,Q3,Low
1683,28737,22929,1,1,,0.6317476332187653,0.1359972059726715,0.42631614208221436,4,Q4-high,Single-history
1684,28751,5900,2,2-3,0.7109672129154205,0.7078970670700073,0.11732711642980576,0.33579686284065247,4,Q4-high,High
1685,28757,22194,2,2-3,0.727912962436676,0.6976709365844727,0.1876538097858429,0.33099788427352905,4,Q4-high,High
1686,28773,20919,1,1,,0.5395382940769196,0.16793379187583923,0.5335936546325684,2,Q2,Single-history
1687,28781,22267,2,2-3,0.6776418685913086,0.6077137291431427,0.2058577835559845,0.4388933777809143,3,Q3,High
1688,28839,21775,2,2-3,0.367570161819458,0.512163519859314,0.13850343227386475,0.5751697421073914,2,Q2,Low
1689,28868,16859,2,2-3,0.6389268040657043,0.43192458152770996,0.3179584741592407,0.63060462474823,1,Q1-low,Medium
1690,28891,22945,5,4-5,0.5337222218513489,0.5470786094665527,0.2748301029205322,0.49744418263435364,2,Q2,Low
1691,28902,5963,2,2-3,0.6316194534301758,0.6125547587871552,0.24233245849609375,0.42372339963912964,3,Q3,Medium
1692,28914,10165,2,2-3,0.6511493027210236,0.5075432658195496,0.1601598858833313,0.5755309462547302,2,Q2,High
1693,28938,22772,3,2-3,0.35899269580841064,0.5734066963195801,0.25297248363494873,0.46999847888946533,3,Q3,Low
1694,28974,9532,3,2-3,0.5516135990619659,0.7599799036979675,0.15412548184394836,0.2614937424659729,4,Q4-high,Low
1695,28989,19015,1,1,,0.5502962172031403,0.19968512654304504,0.5122084617614746,2,Q2,Single-history
1696,29004,17841,2,2-3,0.5221177637577057,0.46005338430404663,0.4934445321559906,0.5515720844268799,2,Q2,Low
1697,29008,23029,2,2-3,0.8235346525907516,0.6124479472637177,0.3753396272659302,0.3906051516532898,3,Q3,High
1698,29016,21724,2,2-3,0.6472654938697815,0.5175933539867401,0.36472585797309875,0.5118268132209778,2,Q2,High
1699,29075,21624,2,2-3,0.2336835265159607,0.21707117557525635,0.5830577611923218,0.8328965902328491,1,Q1-low,Low
1700,29095,4611,3,2-3,0.24406391382217407,0.31629693508148193,0.42135486006736755,0.7492901086807251,1,Q1-low,Low
1701,29113,21751,1,1,,0.5072191655635834,0.5203952789306641,0.4858771860599518,2,Q2,Single-history
1702,29131,21652,2,2-3,0.23900175094604492,0.2890022397041321,0.48863011598587036,0.7665896415710449,1,Q1-low,Low
1703,29138,8021,3,2-3,0.6472339332103729,0.6301282048225403,0.48786795139312744,0.3403727412223816,4,Q4-high,High
1704,29152,20082,3,2-3,0.5935241281986237,0.49041950702667236,0.5853913426399231,0.49062779545783997,2,Q2,Medium
1705,29219,15020,2,2-3,0.6052376627922058,0.04389810562133789,0.9122021198272705,0.9670767784118652,1,Q1-low,Medium
1706,29259,20781,4,4-5,0.5242847204208374,0.6099871098995209,0.23639395833015442,0.4284176230430603,3,Q3,Low
1707,29270,16085,1,1,,0.64949169754982,0.21749621629714966,0.38376134634017944,4,Q4-high,Single-history
1708,29287,21915,2,2-3,0.6823259890079498,0.509867250919342,0.2234862744808197,0.5567943453788757,2,Q2,High
1709,29302,22862,3,2-3,0.6893682777881622,0.5833437442779541,0.19541175663471222,0.4719673693180084,3,Q3,High
1710,29344,15063,4,4-5,0.5857442915439606,0.6162244975566864,0.13409128785133362,0.4461965560913086,3,Q3,Medium
1711,29362,21639,2,2-3,0.7261663675308228,0.6277662515640259,0.19581745564937592,0.416337788105011,4,Q4-high,High
1712,29370,22874,2,2-3,0.3226522207260132,0.6554547548294067,0.15557678043842316,0.3917873501777649,4,Q4-high,Low
1713,29436,19814,2,2-3,0.42199164628982544,0.674951821565628,0.18599750101566315,0.35981082916259766,4,Q4-high,Low
1714,29444,9018,2,2-3,0.4892609119415283,0.40384554862976074,0.3484478294849396,0.6580810546875,1,Q1-low,Low
1715,29504,15682,3,2-3,0.6451467573642731,0.30726420879364014,0.14062075316905975,0.8307645320892334,1,Q1-low,High
1716,29509,22228,2,2-3,0.3803393244743347,0.6043551564216614,0.19537317752838135,0.44571274518966675,3,Q3,Low
1717,29553,23005,2,2-3,0.5360127091407776,0.48727715015411377,0.3159995675086975,0.5619036555290222,2,Q2,Low
1718,29689,9075,2,2-3,0.6858928501605988,0.6363813281059265,0.10884256660938263,0.4273127019405365,4,Q4-high,High
1719,29693,15674,3,2-3,0.7447610795497894,0.6608403027057648,0.10370243340730667,0.3980240225791931,4,Q4-high,High
1720,29720,4878,2,2-3,0.1175040602684021,0.5390437543392181,0.1770322322845459,0.5319372415542603,2,Q2,Low
1721,29728,14312,2,2-3,0.6980975568294525,0.5129186511039734,0.42742884159088135,0.5019944906234741,2,Q2,High
1722,29729,19837,3,2-3,0.5997056066989899,0.5863340497016907,0.26986491680145264,0.4496161937713623,3,Q3,Medium
1723,29741,9164,2,2-3,0.234693706035614,0.39481979608535767,0.38162773847579956,0.661068320274353,1,Q1-low,Low
1724,29746,22884,2,2-3,0.6242677569389343,0.40969085693359375,0.4792628884315491,0.6180707216262817,1,Q1-low,Medium
1725,29759,17613,2,2-3,0.4625309109687805,0.6248736679553986,0.17467620968818665,0.42523884773254395,4,Q4-high,Low
1726,29776,4907,2,2-3,0.5310486555099487,0.4661795496940613,0.528114914894104,0.5352467894554138,2,Q2,Low
1727,29780,22826,2,2-3,0.6596495509147644,0.6414183080196381,0.09475763142108917,0.42453768849372864,4,Q4-high,High
1728,29791,4920,2,2-3,0.5365811288356781,0.5252549648284912,0.5627716779708862,0.45273834466934204,2,Q2,Low
1729,29798,21775,3,2-3,0.46760910749435425,0.504210352897644,0.24786388874053955,0.5577710866928101,2,Q2,Low
1730,29815,22740,3,2-3,0.6700706779956818,0.48159414529800415,0.37322959303855896,0.5546998977661133,2,Q2,High
1731,29851,21900,3,2-3,0.6437157094478607,0.7403806746006012,0.10044775903224945,0.29941222071647644,4,Q4-high,High
1732,29857,13106,3,2-3,0.5308854877948761,0.3297278881072998,0.593753457069397,0.6894017457962036,1,Q1-low,Low
1733,29888,4952,2,2-3,0.5000300109386444,0.5598554313182831,0.40585824847221375,0.4487161338329315,3,Q3,Low
1734,29916,22004,2,2-3,0.6776149570941925,0.622350424528122,0.19177547097206116,0.4241181015968323,3,Q3,High
1735,29935,19454,2,2-3,0.5871166586875916,0.6401335000991821,0.1887638419866562,0.4026421308517456,4,Q4-high,Medium
1736,29976,12079,3,2-3,0.6563874185085297,0.6587083041667938,0.07534775882959366,0.40777766704559326,4,Q4-high,High
1737,29984,19819,1,1,,0.7227039635181427,0.13503533601760864,0.31286120414733887,4,Q4-high,Single-history
1738,29988,10633,2,2-3,0.5722932815551758,0.08337616920471191,0.7295860052108765,0.9633831977844238,1,Q1-low,Medium
1739,29997,17122,2,2-3,0.6917062699794769,0.6453226506710052,0.281461238861084,0.37298136949539185,4,Q4-high,High
1740,30000,21945,2,2-3,0.6889738440513611,0.6013681292533875,0.1714560091495514,0.45542582869529724,3,Q3,High
1741,30004,22894,2,2-3,0.36108309030532837,0.6836593151092529,0.128845676779747,0.3632144033908844,4,Q4-high,Low
1742,30135,13821,3,2-3,0.3645687699317932,0.3049611449241638,0.5570391416549683,0.7295387983322144,1,Q1-low,Low
1743,30150,19633,1,1,,0.6181870400905609,0.4944542944431305,0.35365259647369385,3,Q3,Single-history
1744,30170,21768,2,2-3,0.3896865248680115,0.5091429948806763,0.40325942635536194,0.5127564072608948,2,Q2,Low
1745,30202,10890,4,4-5,0.6088012158870697,0.4988969564437866,0.3016407787799835,0.5509686470031738,2,Q2,Medium
1746,30229,22932,1,1,,0.46539223194122314,0.34093326330184937,0.5830264091491699,2,Q2,Single-history
1747,30236,22349,2,2-3,0.6675358712673187,0.483120858669281,0.3284752070903778,0.5639801621437073,2,Q2,High
1748,30239,22996,3,2-3,0.5797997713088989,0.5629703104496002,0.14247584342956543,0.510668158531189,3,Q3,Medium
1749,30261,13591,2,2-3,0.645174115896225,0.5168350040912628,0.38791757822036743,0.506976842880249,2,Q2,High
1750,30263,5137,2,2-3,0.4369550347328186,0.5919849276542664,0.15085163712501526,0.47230592370033264,3,Q3,Low
1751,30303,12630,2,2-3,0.6285769939422607,0.35472071170806885,0.3622565269470215,0.716035008430481,1,Q1-low,Medium
1752,30311,17171,3,2-3,0.5972925126552582,0.47111064195632935,0.1338147521018982,0.6276580095291138,2,Q2,Medium
1753,30367,22703,1,1,,0.44025659561157227,0.49545571208000183,0.5758153200149536,1,Q1-low,Single-history
1754,30371,14534,2,2-3,0.6397207975387573,0.5975767374038696,0.390525758266449,0.4053976237773895,3,Q3,Medium
1755,30377,19474,2,2-3,0.7750458270311356,0.3647063970565796,0.4908096194267273,0.6714145541191101,1,Q1-low,High
1756,30397,13296,2,2-3,0.5758363604545593,0.47418081760406494,0.3985270857810974,0.5576422214508057,2,Q2,Medium
1757,30398,6105,1,1,,0.7772360295057297,0.12640918791294098,0.24685266613960266,4,Q4-high,Single-history
1758,30423,13448,3,2-3,0.5467555522918701,0.40465641021728516,0.38540613651275635,0.6478279829025269,1,Q1-low,Low
1759,30442,19160,2,2-3,0.6597794890403748,0.3020075559616089,0.35714206099510193,0.7832050323486328,1,Q1-low,High
1760,30448,19352,4,4-5,0.5691095590591431,0.45851606130599976,0.25677698850631714,0.6126606464385986,2,Q2,Medium
1761,30469,11591,2,2-3,0.7144987285137177,0.303022563457489,0.6394817233085632,0.7113513350486755,1,Q1-low,High
1762,30568,10403,3,2-3,0.5641450881958008,0.6292107701301575,0.08598543703556061,0.4419901371002197,4,Q4-high,Medium
1763,30634,20376,4,4-5,0.42762327194213867,0.2967168092727661,0.4183908700942993,0.7745062112808228,1,Q1-low,Low
1764,30668,22837,2,2-3,0.7358047664165497,0.6103084981441498,0.3008594512939453,0.41189950704574585,3,Q3,High
1765,30675,20282,2,2-3,0.5765688419342041,0.48053455352783203,0.16836585104465485,0.6072403192520142,2,Q2,Medium
1766,30676,18272,2,2-3,0.5856429040431976,0.6582728922367096,0.17776072025299072,0.3827187120914459,4,Q4-high,Medium
1767,30680,18807,3,2-3,0.5438836812973022,0.5259658098220825,0.25636136531829834,0.5284523963928223,2,Q2,Low
1768,30686,17517,3,2-3,0.5469900667667389,0.6954850852489471,0.2981519401073456,0.30610567331314087,4,Q4-high,Low
1769,30723,15850,2,2-3,0.5212299823760986,0.4929262399673462,0.11102999746799469,0.6060847043991089,2,Q2,Low
1770,30737,21505,2,2-3,0.4266151785850525,0.5501667857170105,0.2563075125217438,0.49821460247039795,2,Q2,Low
1771,30750,16960,1,1,,0.6169173121452332,0.22197934985160828,0.4233585298061371,3,Q3,Single-history
1772,30764,22550,1,1,,0.6461681127548218,0.12955504655838013,0.40990108251571655,4,Q4-high,Single-history
1773,30780,22892,1,1,,0.7399337887763977,0.35407668352127075,0.2365635633468628,4,Q4-high,Single-history
1774,30826,10817,2,2-3,0.6030885875225067,0.5990029871463776,0.28311192989349365,0.43046826124191284,3,Q3,Medium
1775,30851,20177,2,2-3,0.686614602804184,0.5793056488037109,0.2823643982410431,0.45527684688568115,3,Q3,High
1776,30941,18794,2,2-3,0.6294069588184357,0.5993331372737885,0.10281158238649368,0.47513067722320557,3,Q3,Medium
1777,30948,21947,4,4-5,0.23642069101333618,0.3176010847091675,0.43192946910858154,0.7450162172317505,1,Q1-low,Low
1778,30951,22975,1,1,,0.4424351453781128,0.3929111361503601,0.5987282991409302,1,Q1-low,Single-history
1779,30971,7388,2,2-3,0.7559554874897003,0.5449553728103638,0.3226020336151123,0.4881552457809448,2,Q2,High
1780,31018,5520,4,4-5,0.6201061010360718,0.42877495288848877,0.518846333026886,0.5843197107315063,1,Q1-low,Medium
1781,31039,23008,1,1,,0.7042766213417053,0.27101826667785645,0.30189967155456543,4,Q4-high,Single-history
1782,31060,16627,3,2-3,0.6544136106967926,0.38999682664871216,0.34317275881767273,0.6767107248306274,1,Q1-low,High
1783,31069,15308,3,2-3,0.6522581875324249,0.49812984466552734,0.4494735598564148,0.5149693489074707,2,Q2,High
1784,31095,10403,3,2-3,0.46364861726760864,0.5732318758964539,0.31513428688049316,0.4546765387058258,3,Q3,Low
1785,31098,21801,2,2-3,0.7215489149093628,0.4953850507736206,0.31721773743629456,0.5514642000198364,2,Q2,High
1786,31126,23019,3,2-3,0.6700929403305054,0.5742340683937073,0.27584293484687805,0.4632466435432434,3,Q3,High
1787,31144,21429,3,2-3,0.6207531690597534,0.37746208906173706,0.4793587625026703,0.6583327054977417,1,Q1-low,Medium
1788,31160,19010,2,2-3,0.5217896997928619,0.5649800300598145,0.21754972636699677,0.48938751220703125,3,Q3,Low
1789,31179,22347,3,2-3,0.6935195624828339,0.4221585988998413,0.2653527855873108,0.6559635400772095,1,Q1-low,High
1790,31201,21222,2,2-3,0.458398699760437,0.5309647023677826,0.17265960574150085,0.5431292057037354,2,Q2,Low
1791,31212,21082,1,1,,0.7883342206478119,0.31001266837120056,0.1870790421962738,4,Q4-high,Single-history
1792,31238,22329,3,2-3,0.29180699586868286,0.21082830429077148,0.559659481048584,0.8465496897697449,1,Q1-low,Low
1793,31240,20604,2,2-3,0.5832944810390472,0.7480118274688721,0.10192574560642242,0.2895037531852722,4,Q4-high,Medium
1794,31242,18151,2,2-3,0.6768891215324402,0.45488840341567993,0.27032339572906494,0.6138086318969727,2,Q2,High
1795,31244,15643,2,2-3,0.7086297869682312,0.26771098375320435,0.7237380743026733,0.734426736831665,1,Q1-low,High
1796,31258,9156,3,2-3,0.19658732414245605,0.4048301577568054,0.12459085881710052,0.7128145098686218,1,Q1-low,Low
1797,31282,23012,4,4-5,0.6323037147521973,0.5692603886127472,0.15859627723693848,0.4987754225730896,3,Q3,Medium
1798,31284,10011,2,2-3,0.6946852803230286,0.5687071979045868,0.18207693099975586,0.49359673261642456,3,Q3,High
1799,31317,12120,1,1,,0.6371240317821503,0.21276769042015076,0.4004030227661133,4,Q4-high,Single-history
1800,31355,16120,3,2-3,0.6997042596340179,0.7265042066574097,0.14608348906040192,0.30534887313842773,4,Q4-high,High
1801,31357,21707,3,2-3,0.553297758102417,0.5691120326519012,0.18067869544029236,0.49344027042388916,3,Q3,Low
1802,31415,22700,2,2-3,0.5984107553958893,0.4967995882034302,0.34183281660079956,0.5435422658920288,2,Q2,Medium
1803,31430,19136,2,2-3,0.5024069547653198,0.2784581184387207,0.25159820914268494,0.8390277624130249,1,Q1-low,Low
1804,31478,13117,2,2-3,0.4105990529060364,0.3163631558418274,0.22743402421474457,0.7976875305175781,1,Q1-low,Low
1805,31494,21351,2,2-3,0.29684650897979736,0.6500518918037415,0.07305498421192169,0.41917136311531067,4,Q4-high,Low
1806,31523,19746,1,1,,0.6129853427410126,0.2148055136203766,0.43006694316864014,3,Q3,Single-history
1807,31541,17669,6,>=6,0.49317467212677,0.599378377199173,0.1809159517288208,0.4555480480194092,3,Q3,Low
1808,31560,10045,2,2-3,0.508457601070404,0.6052342653274536,0.1769556850194931,0.4492182731628418,3,Q3,Low
1809,31563,21489,1,1,,0.45802581310272217,0.4608495235443115,0.5622553825378418,2,Q2,Single-history
1810,31626,14242,2,2-3,0.5503392517566681,0.281741201877594,0.5880047082901001,0.7508223652839661,1,Q1-low,Low
1811,31633,18213,4,4-5,0.6849397718906403,0.6853372156620026,0.2383352816104889,0.3337446451187134,4,Q4-high,High
1812,31645,12017,2,2-3,0.6743668019771576,0.6892850697040558,0.1268608421087265,0.35667842626571655,4,Q4-high,High
1813,31708,20039,2,2-3,0.39872562885284424,0.40722882747650146,0.3747955560684204,0.6472650766372681,1,Q1-low,Low
1814,31731,21583,3,2-3,0.5764888525009155,0.39350616931915283,0.6141133308410645,0.6045889854431152,1,Q1-low,Medium
1815,31742,22182,1,1,,0.7088207900524139,0.17415747046470642,0.3204346299171448,4,Q4-high,Single-history
1816,31771,13037,2,2-3,0.5980643630027771,0.4728328585624695,0.25946128368377686,0.5940936207771301,2,Q2,Medium
1817,31808,22981,3,2-3,0.5933899581432343,0.5713517069816589,0.19253569841384888,0.4876764416694641,3,Q3,Medium
1818,31841,20012,3,2-3,0.5138963162899017,0.6114663481712341,0.15850651264190674,0.44604045152664185,3,Q3,Low
1819,31846,21586,2,2-3,0.7174770534038544,0.6997146010398865,0.18044236302375793,0.3302461504936218,4,Q4-high,High
1820,31851,18059,3,2-3,0.6473654210567474,0.511652946472168,0.3341301381587982,0.5269013047218323,2,Q2,High
1821,31862,22845,2,2-3,0.7063601911067963,0.6172415614128113,0.31274884939193726,0.4002608358860016,3,Q3,High
1822,31912,16518,2,2-3,0.7359405159950256,0.7514431178569794,0.07882776856422424,0.2909891605377197,4,Q4-high,High
1823,31955,22884,5,4-5,0.6459818780422211,0.4818050265312195,0.3840242624282837,0.5517376065254211,2,Q2,High
1824,32000,6656,2,2-3,0.7462890148162842,0.661086231470108,0.4036124348640442,0.3227390944957733,4,Q4-high,High
1825,32037,22168,3,2-3,0.5738432109355927,0.47766315937042236,0.4296727776527405,0.5455028414726257,2,Q2,Medium
1826,32046,20666,3,2-3,0.5641683638095856,0.4340745210647583,0.3773635923862457,0.6130658984184265,1,Q1-low,Medium
1827,32076,13715,3,2-3,0.6624468266963959,0.4366556406021118,0.14344936609268188,0.6683180928230286,1,Q1-low,High
1828,32084,23019,2,2-3,0.4364916682243347,0.4843190312385559,0.42331838607788086,0.5387716293334961,2,Q2,Low
1829,32097,20793,1,1,,0.6428975164890289,0.21095772087574005,0.3936386704444885,4,Q4-high,Single-history
1830,32143,20683,2,2-3,0.23354673385620117,0.14337915182113647,0.5907135009765625,0.9230976700782776,1,Q1-low,Low
1831,32196,22935,3,2-3,0.6477196216583252,0.4555153250694275,0.335135817527771,0.5968219041824341,2,Q2,High
1832,32197,20705,2,2-3,0.23573696613311768,0.45995062589645386,0.2851814329624176,0.6037663221359253,2,Q2,Low
1833,32229,10807,2,2-3,0.609143078327179,0.5422550439834595,0.13521221280097961,0.538378119468689,2,Q2,Medium
1834,32255,8810,6,>=6,0.6098766326904297,0.539976179599762,0.4277011454105377,0.4681044816970825,2,Q2,Medium
1835,32284,22703,3,2-3,0.6747755110263824,0.5498192310333252,0.1529586911201477,0.5244863033294678,2,Q2,High
1836,32310,20333,2,2-3,0.5951803028583527,0.5025753974914551,0.22095774114131927,0.566541314125061,2,Q2,Medium
1837,32318,22116,2,2-3,0.23003041744232178,0.5723615288734436,0.25112384557724,0.4717670977115631,3,Q3,Low
1838,32331,8817,2,2-3,0.3147437572479248,0.6960131525993347,0.2229224145412445,0.3242529630661011,4,Q4-high,Low
1839,32347,21586,4,4-5,0.630023866891861,0.23585164546966553,0.6807152628898621,0.7850066423416138,1,Q1-low,Medium
1840,32379,22017,3,2-3,0.5577207803726196,0.7245619893074036,0.22425097227096558,0.28823477029800415,4,Q4-high,Medium
1841,32400,22787,3,2-3,0.5036660432815552,0.5278467833995819,0.448741614818573,0.47800612449645996,2,Q2,Low
1842,32431,18278,1,1,,0.6908970177173615,0.07802675664424896,0.36687201261520386,4,Q4-high,Single-history
1843,32447,20127,2,2-3,0.8196408450603485,0.6288208663463593,0.3010563254356384,0.38870981335639954,4,Q4-high,High
1844,32450,19866,1,1,,0.4699348211288452,0.2068672627210617,0.6108646392822266,2,Q2,Single-history
1845,32452,21356,3,2-3,0.5227892398834229,0.5176891386508942,0.2820338010787964,0.5323801040649414,2,Q2,Low
1846,32471,21581,3,2-3,0.6130177080631256,0.6282871067523956,0.13557913899421692,0.43074631690979004,4,Q4-high,Medium
1847,32474,21366,5,4-5,0.5623231530189514,0.43619871139526367,0.35617268085479736,0.6157084107398987,1,Q1-low,Medium
1848,32485,21368,1,1,,0.6533842384815216,0.15986338257789612,0.39330384135246277,4,Q4-high,Single-history
1849,32494,21417,2,2-3,0.621004045009613,0.6860180795192719,0.06690861284732819,0.37575024366378784,4,Q4-high,Medium
1850,32506,17112,3,2-3,0.6836395263671875,0.537228912115097,0.12043978273868561,0.548353910446167,2,Q2,High
1851,32539,18180,2,2-3,0.4691293239593506,0.52696493268013,0.25279513001441956,0.5280950665473938,2,Q2,Low
1852,32558,13396,2,2-3,0.4105764627456665,0.49597567319869995,0.2451256513595581,0.568748950958252,2,Q2,Low
1853,32610,20656,3,2-3,0.5358160734176636,0.5661838352680206,0.20180648565292358,0.4918186068534851,3,Q3,Low
1854,32617,16159,3,2-3,0.6987156271934509,0.686425656080246,0.2808462083339691,0.32175636291503906,4,Q4-high,High
1855,32625,16653,2,2-3,0.6384305655956268,0.5287452936172485,0.3306485712528229,0.5064062476158142,2,Q2,Medium
1856,32645,21221,2,2-3,0.586773008108139,0.274832546710968,0.5219253301620483,0.7759779691696167,1,Q1-low,Medium
1857,32647,22021,2,2-3,0.6454588174819946,0.7271095812320709,0.13187044858932495,0.3081454038619995,4,Q4-high,High
1858,32657,22980,3,2-3,0.28889018297195435,0.513010174036026,0.47329869866371155,0.4904125928878784,2,Q2,Low
1859,32663,21736,2,2-3,0.43420618772506714,0.2706381678581238,0.5037790536880493,0.7857574820518494,1,Q1-low,Low
1860,32711,10875,2,2-3,0.6515311300754547,0.5148944854736328,0.44000691175460815,0.49638018012046814,2,Q2,High
1861,32730,9569,2,2-3,0.21178734302520752,0.474248468875885,0.15005046129226685,0.6196768283843994,2,Q2,Low
1862,32772,11125,5,4-5,0.5577658712863922,0.5110214054584503,0.3872149586677551,0.5144194960594177,2,Q2,Medium
1863,32847,10411,2,2-3,0.6488225162029266,0.6179791390895844,0.17618855834007263,0.4334789514541626,3,Q3,High
1864,32860,22973,1,1,,0.7338376641273499,0.23008964955806732,0.27518051862716675,4,Q4-high,Single-history
1865,32861,14261,1,1,,0.6634956002235413,0.08949054032564163,0.398257851600647,4,Q4-high,Single-history
1866,32878,19231,2,2-3,0.5719243288040161,0.17597591876983643,0.6096388101577759,0.8776203989982605,1,Q1-low,Medium
1867,32882,16612,3,2-3,0.3718094229698181,0.5820180773735046,0.16628699004650116,0.4809056520462036,3,Q3,Low
1868,32913,22144,4,4-5,0.665852814912796,0.4876977801322937,0.5400410890579224,0.5053675174713135,2,Q2,High
1869,32923,22968,2,2-3,0.7073096334934235,0.5823145508766174,0.27706724405288696,0.4528399705886841,3,Q3,High
1870,32956,21060,1,1,,0.6654115915298462,0.3512483835220337,0.33042341470718384,4,Q4-high,Single-history
1871,32965,21982,2,2-3,0.7745575308799744,0.6690083742141724,0.24259118735790253,0.3530917167663574,4,Q4-high,High
1872,32989,17231,3,2-3,0.5608238279819489,0.20257443189620972,0.45247071981430054,0.8836642503738403,1,Q1-low,Medium
1873,32993,21263,2,2-3,0.35504424571990967,0.5419312715530396,0.4704380929470062,0.4549763798713684,2,Q2,Low
1874,33001,20050,1,1,,0.1780964732170105,0.7761955261230469,0.833330512046814,1,Q1-low,Single-history
1875,33026,21096,1,1,,0.5356277227401733,0.20196464657783508,0.5299741625785828,2,Q2,Single-history
1876,33027,22997,2,2-3,0.5395636558532715,0.6330237090587616,0.20447665452957153,0.40760117769241333,4,Q4-high,Low
1877,33042,22032,2,2-3,0.7292613089084625,0.5705578625202179,0.5718158483505249,0.393848717212677,3,Q3,High
1878,33066,20084,2,2-3,0.6715359389781952,0.5825669467449188,0.15855607390403748,0.4821522831916809,3,Q3,High
1879,33067,23027,3,2-3,0.46835559606552124,0.7848857641220093,0.18954968452453613,0.22150537371635437,4,Q4-high,Low
1880,33092,19364,2,2-3,0.3971266746520996,0.4159775376319885,0.5339474081993103,0.5965412259101868,1,Q1-low,Low
1881,33093,6874,2,2-3,0.6990188956260681,0.6210012137889862,0.06705716252326965,0.45698419213294983,3,Q3,High
1882,33102,15006,3,2-3,0.6019374132156372,0.5925144255161285,0.43592074513435364,0.4003767669200897,3,Q3,Medium
1883,33114,22334,2,2-3,0.6653951704502106,0.49647414684295654,0.22801727056503296,0.5724029541015625,2,Q2,High
1884,33120,13707,2,2-3,0.606104165315628,0.6032327115535736,0.11624843627214432,0.46689698100090027,3,Q3,Medium
1885,33146,19786,3,2-3,0.6186735928058624,0.4847315549850464,0.14956173300743103,0.6066951155662537,2,Q2,Medium
1886,33151,6923,2,2-3,0.3674919605255127,0.6275728046894073,0.2846359610557556,0.3943749666213989,4,Q4-high,Low
1887,33158,21568,2,2-3,0.5987136662006378,0.5394290685653687,0.26565563678741455,0.5092997550964355,2,Q2,Medium
1888,33184,22777,2,2-3,0.6733498275279999,0.6235739886760712,0.2239297479391098,0.4145500659942627,4,Q4-high,High
1889,33196,6952,2,2-3,0.6095221936702728,0.3939986824989319,0.27865681052207947,0.6878374218940735,1,Q1-low,Medium
1890,33226,17424,2,2-3,0.6966838836669922,0.8077436685562134,0.1741972118616104,0.19677111506462097,4,Q4-high,High
1891,33248,11477,2,2-3,0.39614397287368774,0.4288051128387451,0.40775495767593384,0.6120548844337463,1,Q1-low,Low
1892,33281,17232,2,2-3,0.7695479542016983,0.40656644105911255,0.4761383533477783,0.6227573156356812,1,Q1-low,High
1893,33283,21218,2,2-3,0.2993469834327698,0.6277939975261688,0.41854429244995117,0.3606214225292206,4,Q4-high,Low
1894,33286,19384,1,1,,0.6773304641246796,0.24907144904136658,0.3410690426826477,4,Q4-high,Single-history
1895,33324,9209,2,2-3,0.5220022201538086,0.5448157787322998,0.612030029296875,0.4159727692604065,2,Q2,Low
1896,33356,21161,6,>=6,0.5290921330451965,0.5602079629898071,0.16267070174217224,0.5090723633766174,3,Q3,Low
1897,33372,22805,2,2-3,0.7491781115531921,0.5924451649188995,0.4596989154815674,0.39451882243156433,3,Q3,High
1898,33383,13315,3,2-3,0.5177340805530548,0.4917309880256653,0.29397210478782654,0.56184321641922,2,Q2,Low
1899,33417,7080,2,2-3,0.5252777636051178,0.11195355653762817,0.7668161988258362,0.9183540344238281,1,Q1-low,Low
1900,33516,10469,3,2-3,0.5933036804199219,0.31561100482940674,0.7557149529457092,0.6665574312210083,1,Q1-low,Medium
1901,33574,22401,3,2-3,0.5114936828613281,0.628735363483429,0.2045840620994568,0.4129347801208496,4,Q4-high,Low
1902,33581,20084,2,2-3,0.34210681915283203,0.6019386351108551,0.30178311467170715,0.42213091254234314,3,Q3,Low
1903,33614,21230,2,2-3,0.6758203208446503,0.5359603762626648,0.22736410796642303,0.523208498954773,2,Q2,High
1904,33619,22957,2,2-3,0.585235595703125,0.50602787733078,0.312692254781723,0.5392920970916748,2,Q2,Medium
1905,33665,13485,2,2-3,0.5869983732700348,0.6438536047935486,0.138901948928833,0.4104574918746948,4,Q4-high,Medium
1906,33668,15212,1,1,,0.3169521689414978,0.4295586347579956,0.7464200854301453,1,Q1-low,Single-history
1907,33693,22973,3,2-3,0.573715090751648,0.47399449348449707,0.34052538871765137,0.5723755359649658,2,Q2,Medium
1908,33694,22273,2,2-3,0.48744094371795654,0.724888414144516,0.14300182461738586,0.30813902616500854,4,Q4-high,Low
1909,33695,16653,2,2-3,0.615494430065155,0.5223963558673859,0.3356952667236328,0.5130807161331177,2,Q2,Medium
1910,33723,14172,4,4-5,0.4874032139778137,0.473354697227478,0.29001498222351074,0.5858029127120972,2,Q2,Low
1911,33747,22701,8,>=6,0.6005854904651642,0.49949967861175537,0.3017258644104004,0.5501939654350281,2,Q2,Medium
1912,33764,20688,2,2-3,0.3876047730445862,0.48439091444015503,0.5743503570556641,0.500923752784729,2,Q2,Low
1913,33794,22853,3,2-3,0.51020947098732,0.649815708398819,0.19804024696350098,0.38822028040885925,4,Q4-high,Low
1914,33824,20518,4,4-5,0.45114749670028687,0.6044065952301025,0.14470583200454712,0.45831531286239624,3,Q3,Low
1915,33846,16539,4,4-5,0.5399829149246216,0.24637621641159058,0.5169093608856201,0.8128023743629456,1,Q1-low,Low
1916,33850,22932,2,2-3,0.40707945823669434,0.6867850124835968,0.19027742743492126,0.3439493775367737,4,Q4-high,Low
1917,33868,18884,3,2-3,0.7933905571699142,0.5814257264137268,0.22556591033935547,0.4668263792991638,3,Q3,High
1918,33870,7460,2,2-3,0.5265249311923981,0.45485973358154297,0.43748483061790466,0.5720541477203369,2,Q2,Low
1919,33891,22515,1,1,,0.6188439726829529,0.16716700792312622,0.43465325236320496,3,Q3,Single-history
1920,33923,22776,2,2-3,0.5823745727539062,0.22756576538085938,0.6644976735115051,0.7994183897972107,1,Q1-low,Medium
1921,33930,7514,2,2-3,0.13703733682632446,0.5165396332740784,0.33090895414352417,0.521598219871521,2,Q2,Low
1922,33944,18094,2,2-3,0.26571691036224365,0.606945127248764,0.177225723862648,0.44701212644577026,3,Q3,Low
1923,33959,23032,3,2-3,0.4541669487953186,0.5560636222362518,0.1653459519147873,0.5135839581489563,3,Q3,Low
1924,33964,14075,2,2-3,0.6420155167579651,0.5098024010658264,0.47884243726730347,0.4930363893508911,2,Q2,High
1925,33965,22095,5,4-5,0.4578183889389038,0.2329399585723877,0.5115606188774109,0.8309348821640015,1,Q1-low,Low
1926,33997,19251,3,2-3,0.3603678345680237,0.20176446437835693,0.5923551917076111,0.8497056365013123,1,Q1-low,Low
1927,33999,21906,2,2-3,0.4048229455947876,0.3402734398841858,0.31844180822372437,0.7450477480888367,1,Q1-low,Low
1928,34122,22996,2,2-3,0.6412375867366791,0.48713117837905884,0.18897871673107147,0.5938413739204407,2,Q2,Medium
1929,34124,23011,2,2-3,0.7320733666419983,0.6054686009883881,0.11511648446321487,0.46438509225845337,3,Q3,High
1930,34151,22878,3,2-3,0.6900775730609894,0.5454308390617371,0.2021852433681488,0.5176651477813721,2,Q2,High
1931,34161,17138,2,2-3,0.7884032875299454,0.439777135848999,0.3295472264289856,0.617891788482666,1,Q1-low,High
1932,34196,20180,3,2-3,0.5705269873142242,0.5091874599456787,0.2561414837837219,0.5494803190231323,2,Q2,Medium
1933,34217,21626,2,2-3,0.6382312774658203,0.6504727303981781,0.3111717104911804,0.3591161370277405,4,Q4-high,Medium
1934,34221,20362,2,2-3,0.830771192908287,0.6989481449127197,0.29421454668045044,0.30276116728782654,4,Q4-high,High
1935,34276,14861,2,2-3,0.6681563854217529,0.44867944717407227,0.47999343276023865,0.569152295589447,1,Q1-low,High
1936,34351,20549,3,2-3,0.6493212282657623,0.554040253162384,0.46551862359046936,0.44106999039649963,3,Q3,High
1937,34361,20411,2,2-3,0.7818601131439209,0.6304612159729004,0.13298353552818298,0.42867761850357056,4,Q4-high,High
1938,34363,18146,2,2-3,0.678729385137558,0.43936973810195923,0.34656697511672974,0.6141461133956909,1,Q1-low,High
1939,34366,13989,2,2-3,0.563376784324646,0.3783279061317444,0.31311240792274475,0.6988120079040527,1,Q1-low,Medium
1940,34381,22941,5,4-5,0.6047067642211914,0.5055103003978729,0.3522073030471802,0.5300602912902832,2,Q2,Medium
1941,34459,21206,3,2-3,0.5537911653518677,0.23575079441070557,0.4806516170501709,0.8351485729217529,1,Q1-low,Low
1942,34477,19825,2,2-3,0.40008842945098877,0.39379405975341797,0.3391713500022888,0.6729645729064941,1,Q1-low,Low
1943,34478,15519,1,1,,0.7184745669364929,0.13192814588546753,0.3189247250556946,4,Q4-high,Single-history
1944,34491,22834,2,2-3,0.533881664276123,0.5084689557552338,0.23436906933784485,0.5558215379714966,2,Q2,Low
1945,34521,15894,3,2-3,0.5926805734634399,0.6539643704891205,0.13951921463012695,0.3976646959781647,4,Q4-high,Medium
1946,34522,9014,2,2-3,0.8273074328899384,0.4718472957611084,0.15847072005271912,0.6205731630325317,2,Q2,High
1947,34529,16799,2,2-3,0.5873494446277618,0.48162662982940674,0.15267932415008545,0.6097968816757202,2,Q2,Medium
1948,34534,16661,2,2-3,0.6679989397525787,0.49987101554870605,0.29761362075805664,0.5507578253746033,2,Q2,High
1949,34544,22997,2,2-3,0.6764112114906311,0.5796130001544952,0.343536376953125,0.4395996332168579,3,Q3,High
1950,34565,20711,5,4-5,0.3631397485733032,0.48529326915740967,0.3051772713661194,0.5670890808105469,2,Q2,Low
1951,34598,14215,6,>=6,0.5998615324497223,0.564704179763794,0.19839249551296234,0.4945216476917267,3,Q3,Medium
1952,34606,22996,2,2-3,0.6700967848300934,0.5429470539093018,0.20293548703193665,0.5205823183059692,2,Q2,High
1953,34609,13693,2,2-3,0.18471479415893555,0.051721036434173584,0.8527367115020752,0.9721644520759583,1,Q1-low,Low
1954,34618,20792,2,2-3,0.5919519066810608,0.4764419198036194,0.44358518719673157,0.5435513257980347,2,Q2,Medium
1955,34631,10393,2,2-3,0.3393011689186096,0.6230270862579346,0.22882767021656036,0.4140092432498932,4,Q4-high,Low
1956,34636,8171,2,2-3,0.551289826631546,0.47001248598098755,0.2571989893913269,0.5981846451759338,2,Q2,Low
1957,34643,17369,3,2-3,0.38561302423477173,0.2889540195465088,0.4346004128456116,0.7801573276519775,1,Q1-low,Low
1958,34659,19415,2,2-3,0.4524747133255005,0.41930896043777466,0.13030290603637695,0.6932880878448486,1,Q1-low,Low
1959,34670,10580,2,2-3,0.5296419560909271,0.4418247938156128,0.16455885767936707,0.6565792560577393,1,Q1-low,Low
1960,34691,23018,2,2-3,0.4080783724784851,0.654170960187912,0.22230325639247894,0.3767104744911194,4,Q4-high,Low
1961,34714,11970,2,2-3,0.5151836574077606,0.5476524829864502,0.24027232825756073,0.505366325378418,2,Q2,Low
1962,34776,12981,2,2-3,0.7290453910827637,0.5188755989074707,0.40847015380859375,0.4992879629135132,2,Q2,High
1963,34831,23021,2,2-3,0.3772971034049988,0.4087802767753601,0.6104741096496582,0.5864061117172241,1,Q1-low,Low
1964,34833,18069,2,2-3,0.6035871207714081,0.3734341263771057,0.5075632333755493,0.6563164591789246,1,Q1-low,Medium
1965,34845,8398,4,4-5,0.663671612739563,0.44879722595214844,0.8248400688171387,0.4827934503555298,1,Q1-low,High
1966,34849,15381,3,2-3,0.4622199535369873,0.566868394613266,0.2180989533662796,0.4868897795677185,3,Q3,Low
1967,34858,21757,2,2-3,0.5340588092803955,0.38015216588974,0.32859665155410767,0.6926606297492981,1,Q1-low,Low
1968,34891,22228,1,1,,0.6137231886386871,0.15375500917434692,0.44440728425979614,3,Q3,Single-history
1969,34964,18291,2,2-3,0.6259614825248718,0.4786819815635681,0.36191418766975403,0.5611689686775208,2,Q2,Medium
1970,34971,8529,2,2-3,0.2699549198150635,0.5187521576881409,0.28496071696281433,0.5303196310997009,2,Q2,Low
1971,34978,11648,3,2-3,0.5297261774539948,0.3343576192855835,0.5371886491775513,0.6977558135986328,1,Q1-low,Low
1972,34980,22958,2,2-3,0.2642207145690918,0.6534208059310913,0.1293991357088089,0.40087419748306274,4,Q4-high,Low
1973,35001,17817,3,2-3,0.5885473191738129,0.3057764172554016,0.629257321357727,0.710465133190155,1,Q1-low,Medium
1974,35011,21459,2,2-3,0.566388726234436,0.583054929971695,0.34888309240341187,0.43396055698394775,3,Q3,Medium
1975,35071,12749,3,2-3,0.5200376808643341,0.3797745108604431,0.4223734140396118,0.6696884632110596,1,Q1-low,Low
1976,35078,17021,2,2-3,0.6884892880916595,0.7120082676410675,0.2028842568397522,0.309268593788147,4,Q4-high,High
1977,35096,21789,2,2-3,0.6653936803340912,0.3297405242919922,0.40687352418899536,0.7361059784889221,1,Q1-low,High
1978,35195,23029,2,2-3,0.38038724660873413,0.5685001015663147,0.17702090740203857,0.4951196312904358,3,Q3,Low
1979,35201,22610,2,2-3,0.606881320476532,0.3179663419723511,0.8116581439971924,0.6496275067329407,1,Q1-low,Medium
1980,35213,18430,2,2-3,0.6749321520328522,0.5801496207714081,0.26685866713523865,0.45809829235076904,3,Q3,High
1981,35271,21992,2,2-3,0.5165477991104126,0.5620870888233185,0.4405398368835449,0.4372561573982239,3,Q3,Low
1982,35273,8916,6,>=6,0.6326555907726288,0.5445494949817657,0.2208297997713089,0.5141056776046753,2,Q2,Medium
1983,35276,21803,2,2-3,0.7466692328453064,0.6358523666858673,0.26830780506134033,0.3881075978279114,4,Q4-high,High
1984,35300,15323,2,2-3,0.6679850220680237,0.5995763540267944,0.23877912759780884,0.44083476066589355,3,Q3,High
1985,35308,16303,2,2-3,0.5093196034431458,0.570761114358902,0.10936620831489563,0.5092070698738098,3,Q3,Low
1986,35322,19052,4,4-5,0.5453200340270996,0.5359766483306885,0.12554523348808289,0.5486428737640381,2,Q2,Low
1987,35328,20746,3,2-3,0.6502984762191772,0.5960136651992798,0.3684004545211792,0.4128827750682831,3,Q3,High
1988,35336,18362,2,2-3,0.48260068893432617,0.5674061477184296,0.14007115364074707,0.5057244896888733,3,Q3,Low
1989,35344,15932,3,2-3,0.4592441916465759,0.5230185687541962,0.0873849093914032,0.5743805766105652,2,Q2,Low
1990,35386,21751,1,1,,0.3743629455566406,0.3881184458732605,0.6850166916847229,1,Q1-low,Single-history
1991,35402,19647,1,1,,0.6438779234886169,0.11785078793764114,0.4156899154186249,4,Q4-high,Single-history
1992,35404,21326,3,2-3,0.6419651508331299,0.4693615436553955,0.3138652443885803,0.584831714630127,2,Q2,High
1993,35412,20158,2,2-3,0.6955146491527557,0.4538973569869995,0.14543068408966064,0.6462706327438354,2,Q2,High
1994,35443,23006,4,4-5,0.5573963820934296,0.6212647259235382,0.2835511565208435,0.4025312662124634,3,Q3,Medium
1995,35463,12626,1,1,,0.7769334316253662,0.18457964062690735,0.2326882928609848,4,Q4-high,Single-history
1996,35466,22603,2,2-3,0.5630888342857361,0.6032268404960632,0.2404990792274475,0.4358416795730591,3,Q3,Medium
1997,35477,19652,2,2-3,0.35457760095596313,0.7383674681186676,0.12909042835235596,0.2947680354118347,4,Q4-high,Low
1998,35489,16546,2,2-3,0.41179877519607544,0.6242910921573639,0.2537841200828552,0.4061901271343231,4,Q4-high,Low
1999,35530,15398,2,2-3,0.7646542340517044,0.5413755774497986,0.2759782373905182,0.5042859315872192,2,Q2,High
2000,35532,13811,3,2-3,0.4453853368759155,0.37809717655181885,0.45167267322540283,0.6644603610038757,1,Q1-low,Low
2001,35543,21272,2,2-3,0.3488057255744934,0.6139256656169891,0.16192495822906494,0.44211167097091675,3,Q3,Low
2002,35560,21703,3,2-3,0.27939337491989136,0.14560121297836304,0.4797186553478241,0.9480687975883484,1,Q1-low,Low
2003,35622,15215,2,2-3,0.12226301431655884,0.6781542301177979,0.13969449698925018,0.36738356947898865,4,Q4-high,Low
2004,35627,22073,1,1,,0.4359027147293091,0.5032827854156494,0.5793009400367737,1,Q1-low,Single-history
2005,35685,12544,2,2-3,0.5994345545768738,0.5654036998748779,0.21503449976444244,0.4894867539405823,3,Q3,Medium
2006,35705,15633,3,2-3,0.590854287147522,0.4757058620452881,0.5183216333389282,0.5257872343063354,2,Q2,Medium
2007,35707,15339,2,2-3,0.9013609141111374,0.6257414221763611,0.4310797452926636,0.36005327105522156,4,Q4-high,High
2008,35710,23018,1,1,,0.6749888062477112,0.1769585758447647,0.36202433705329895,4,Q4-high,Single-history
2009,35716,18548,2,2-3,0.6509743332862854,0.547828882932663,0.42175590991973877,0.459774911403656,2,Q2,High
2010,35780,21939,2,2-3,0.7260055243968964,0.6333507597446442,0.2648455500602722,0.39210015535354614,4,Q4-high,High
2011,35798,12421,2,2-3,0.8301959037780762,0.6698517799377441,0.34312790632247925,0.32690325379371643,4,Q4-high,High
2012,35832,12125,2,2-3,0.22950464487075806,0.49690818786621094,0.2539384961128235,0.5653800964355469,2,Q2,Low
2013,35860,19769,2,2-3,0.38906991481781006,0.5783502757549286,0.2582669258117676,0.4624954164028168,3,Q3,Low
2014,35898,12221,2,2-3,0.6192505359649658,0.5218554437160492,0.18956851959228516,0.5502885580062866,2,Q2,Medium
2015,35937,10583,2,2-3,0.671987771987915,0.5753139853477478,0.31389451026916504,0.4523838758468628,3,Q3,High
2016,35991,22929,2,2-3,0.21733516454696655,0.6529322862625122,0.2667677700519562,0.3671427071094513,4,Q4-high,Low
2017,35995,20273,3,2-3,0.5676205158233643,0.5055503845214844,0.18120309710502625,0.5727612376213074,2,Q2,Medium
2018,36004,21757,3,2-3,0.5586486756801605,0.43751758337020874,0.3264361023902893,0.6214939951896667,1,Q1-low,Medium
2019,36031,22924,2,2-3,0.2144748568534851,0.5518992245197296,0.12520655989646912,0.5288243293762207,3,Q3,Low
2020,36066,21238,3,2-3,0.42957812547683716,0.30052947998046875,0.5900897979736328,0.7268157005310059,1,Q1-low,Low
2021,36068,21677,2,2-3,0.5954264402389526,0.5671948492527008,0.3267695903778076,0.4593140184879303,3,Q3,Medium
2022,36092,22144,2,2-3,0.5317831039428711,0.45881378650665283,0.3871288299560547,0.5797005891799927,2,Q2,Low
2023,36170,17476,2,2-3,0.8373898565769196,0.6467250287532806,0.30789172649383545,0.36462080478668213,4,Q4-high,High
2024,36229,13928,5,4-5,0.5310174524784088,0.48941826820373535,0.36996084451675415,0.5457369089126587,2,Q2,Low
2025,36231,11058,2,2-3,0.6509698927402496,0.5302300453186035,0.16515575349330902,0.5459235310554504,2,Q2,High
2026,36243,22545,2,2-3,0.6899009048938751,0.6237010657787323,0.20400318503379822,0.41937288641929626,4,Q4-high,High
2027,36270,15520,3,2-3,0.6107524931430817,0.36659276485443115,0.3419860601425171,0.7062625288963318,1,Q1-low,Medium
2028,36291,10381,2,2-3,0.19436800479888916,0.682181715965271,0.21728874742984772,0.3429506719112396,4,Q4-high,Low
2029,36303,19375,2,2-3,0.49963098764419556,0.4416026473045349,0.5530779361724854,0.5597271919250488,1,Q1-low,Low
2030,36315,10954,2,2-3,0.5111620724201202,0.6841717064380646,0.18799784779548645,0.3477858901023865,4,Q4-high,Low
2031,36348,22125,1,1,,0.6395651996135712,0.2429656684398651,0.38980206847190857,4,Q4-high,Single-history
2032,36351,20827,2,2-3,0.5709767639636993,0.448225736618042,0.5096968412399292,0.5622935891151428,1,Q1-low,Medium
2033,36363,22945,2,2-3,0.717978298664093,0.5905475616455078,0.21468302607536316,0.45814478397369385,3,Q3,High
2034,36412,22746,3,2-3,0.3757972717285156,0.5799489319324493,0.18968565762043,0.4776424169540405,3,Q3,Low
2035,36417,10615,1,1,,0.6158628463745117,0.2429700493812561,0.4194289445877075,3,Q3,Single-history
2036,36430,22721,2,2-3,0.594377875328064,0.6441337168216705,0.2182191014289856,0.39027804136276245,4,Q4-high,Medium
2037,36464,11254,2,2-3,0.5538865029811859,0.5382874608039856,0.4210105240345001,0.4718880355358124,2,Q2,Low
2038,36473,15367,2,2-3,0.6011419892311096,0.4781041145324707,0.16407321393489838,0.6113515496253967,2,Q2,Medium
2039,36511,23012,2,2-3,0.7631406337022781,0.6163450181484222,0.15131403505802155,0.4417402148246765,3,Q3,High
2040,36514,14918,4,4-5,0.4372614026069641,0.19959580898284912,0.495258092880249,0.8766907453536987,1,Q1-low,Low
2041,36634,20046,2,2-3,0.5506442189216614,0.533554196357727,0.20940817892551422,0.5307052135467529,2,Q2,Low
2042,36668,21789,1,1,,0.4432610273361206,0.2896934151649475,0.6235003471374512,1,Q1-low,Single-history
2043,36705,23016,3,2-3,0.6203749477863312,0.5239081978797913,0.44339069724082947,0.48426705598831177,2,Q2,Medium
2044,36812,20680,1,1,,0.6810126006603241,0.1499481201171875,0.3612472116947174,4,Q4-high,Single-history
2045,36865,22853,3,2-3,0.42641133069992065,0.6937952637672424,0.25592491030693054,0.3187747001647949,4,Q4-high,Low
2046,36879,19112,2,2-3,0.26050353050231934,0.2039148211479187,0.466156005859375,0.8785674571990967,1,Q1-low,Low
2047,36972,22700,2,2-3,0.5517344176769257,0.5640096366405487,0.2753119468688965,0.4761599600315094,3,Q3,Low
2048,37083,16008,2,2-3,0.638264387845993,0.25673907995224,0.611918568611145,0.776096522808075,1,Q1-low,Medium
2049,37086,23009,6,>=6,0.5369809865951538,0.5134931206703186,0.16583602130413055,0.5666745901107788,2,Q2,Low
2050,37137,14480,2,2-3,0.5281720161437988,0.6480096578598022,0.1369253247976303,0.4057565927505493,4,Q4-high,Low
2051,37195,22928,2,2-3,0.11262989044189453,0.7261394560337067,0.1734098196029663,0.2989732027053833,4,Q4-high,Low
2052,37218,20228,4,4-5,0.4969690442085266,0.3390170931816101,0.2496199905872345,0.7638235688209534,1,Q1-low,Low
2053,37222,21053,2,2-3,0.5844645798206329,0.5788457691669464,0.09035190939903259,0.5038548111915588,3,Q3,Medium
2054,37239,22929,1,1,,0.7011538743972778,0.10696320980787277,0.3468168377876282,4,Q4-high,Single-history
2055,37285,22790,1,1,,0.5855848491191864,0.38857799768447876,0.4208744168281555,3,Q3,Single-history
2056,37293,18675,2,2-3,0.5982762575149536,0.6609404683113098,0.07683442533016205,0.4046158194541931,4,Q4-high,Medium
2057,37294,22144,2,2-3,0.47713208198547363,0.48563557863235474,0.32222339510917664,0.562399685382843,2,Q2,Low
2058,37314,19449,2,2-3,0.4518733024597168,0.29486823081970215,0.14140594005584717,0.8460631966590881,1,Q1-low,Low
2059,37352,15148,2,2-3,0.6171061396598816,0.4842057228088379,0.6568492650985718,0.4805305302143097,2,Q2,Medium
2060,37441,20929,3,2-3,0.2948905825614929,0.4061928391456604,0.4709700644016266,0.6245164275169373,1,Q1-low,Low
2061,37533,17157,1,1,,0.5107037425041199,0.2418060600757599,0.5511687994003296,2,Q2,Single-history
2062,37580,20473,2,2-3,0.7397081553936005,0.45697277784347534,0.3109464645385742,0.6010473966598511,2,Q2,High
2063,37593,12819,2,2-3,0.5702233612537384,0.5744149684906006,0.40766164660453796,0.4300658702850342,3,Q3,Medium
2064,37619,15342,5,4-5,0.388954758644104,0.2257503867149353,0.4809004068374634,0.8475869297981262,1,Q1-low,Low
2065,37657,21380,1,1,,0.6535053849220276,0.09791655838489532,0.4086391031742096,4,Q4-high,Single-history
2066,37684,20070,3,2-3,0.5404082834720612,0.49027061462402344,0.5147643089294434,0.5084706544876099,2,Q2,Low
2067,37691,22808,2,2-3,0.2595105767250061,0.39224326610565186,0.29220008850097656,0.6866458654403687,1,Q1-low,Low
2068,37702,20522,2,2-3,0.6337900757789612,0.7863327711820602,0.07813192903995514,0.2475510537624359,4,Q4-high,Medium
2069,37741,20579,2,2-3,0.5000804960727692,0.3742685317993164,0.4078201949596405,0.680209219455719,1,Q1-low,Low
2070,37749,21078,1,1,,0.4885339140892029,0.2713397145271301,0.5714976787567139,2,Q2,Single-history
2071,37753,17748,3,2-3,0.3777124285697937,0.3464999794960022,0.4387059509754181,0.7071985006332397,1,Q1-low,Low
2072,37762,23023,2,2-3,0.7932681441307068,0.6691705584526062,0.1662694364786148,0.37196946144104004,4,Q4-high,High
2073,37764,14774,1,1,,0.6820125579833984,0.29891350865364075,0.3227559030056,4,Q4-high,Single-history
2074,38156,22929,2,2-3,0.6306205093860626,0.5355940163135529,0.17807117104530334,0.5359897017478943,2,Q2,Medium
2075,38264,19559,1,1,,0.3430573344230652,0.5949218273162842,0.672447919845581,1,Q1-low,Single-history
2076,38300,22053,2,2-3,0.7371148467063904,0.5028866529464722,0.506156861782074,0.4948524534702301,2,Q2,High
2077,38372,22979,1,1,,0.44769346714019775,0.2735961675643921,0.6219841241836548,1,Q1-low,Single-history
2078,38387,18180,1,1,,0.6018315851688385,0.1578664779663086,0.4582439064979553,3,Q3,Single-history
2079,38440,21080,2,2-3,0.5183145403862,0.505588561296463,0.34330111742019653,0.5321890115737915,2,Q2,Low
2080,38543,21824,2,2-3,0.6448578536510468,0.6364957094192505,0.2569497525691986,0.39014288783073425,4,Q4-high,High
2081,38579,16801,2,2-3,0.6199883222579956,0.6296985149383545,0.1636166274547577,0.42197269201278687,4,Q4-high,Medium
2082,38662,22526,2,2-3,0.602979451417923,0.39434748888015747,0.6238358020782471,0.6011066436767578,1,Q1-low,Medium
2083,38671,23002,2,2-3,0.23483818769454956,0.38835686445236206,0.5432925820350647,0.6287307739257812,1,Q1-low,Low
2084,38691,22132,2,2-3,0.27441859245300293,0.51795494556427,0.22434097528457642,0.5464710593223572,2,Q2,Low
2085,38703,20057,2,2-3,0.5055676102638245,0.5044379830360413,0.22096621990203857,0.5642109513282776,2,Q2,Low
2086,38704,19121,2,2-3,0.222031831741333,0.24682015180587769,0.34999561309814453,0.8539759516716003,1,Q1-low,Low
2087,38757,20758,2,2-3,0.6664385497570038,0.5164017975330353,0.32493147253990173,0.5232648849487305,2,Q2,High
2088,38785,20850,2,2-3,0.3810279369354248,0.350732684135437,0.28354305028915405,0.7406983375549316,1,Q1-low,Low
2089,38822,21902,2,2-3,0.5496068298816681,0.45966339111328125,0.1921495795249939,0.6273833513259888,2,Q2,Low
2090,38860,22681,1,1,,0.5416887700557709,0.18435031175613403,0.5268014669418335,2,Q2,Single-history
2091,38886,15708,3,2-3,0.6407314836978912,0.5725314319133759,0.38820910453796387,0.4372834265232086,3,Q3,Medium
2092,38903,21460,2,2-3,0.47312211990356445,0.18252509832382202,0.5728908181190491,0.8786208629608154,1,Q1-low,Low
2093,38938,20376,1,1,,0.2904343008995056,0.6054599285125732,0.7355921268463135,1,Q1-low,Single-history
2094,39254,22790,3,2-3,0.38645124435424805,0.6249823272228241,0.2358528971672058,0.40980884432792664,4,Q4-high,Low
